reportingrailroadcode,accidentnumber,date,time,accidenttype,hazmatreleasedcars,station,stateabbr,temperature,visibility_code,visibility,weathercondition,tracktype,equipmenttype,trainspeed,equipmentdamagecost,trackdamagecost,totaldamagecost,primaryaccidentcausecode,latitude,longitude,prior_temp,actual_temp,following_temp
UP,0921PN018,2021-09-22,7:04 PM,Other impacts,0,STANFIELD,OR,79,3,Dusk,Cloudy,Yard,Cut of cars,4,70531,0,149060,H020,45.795103,-119.256247,59.7,62.4,64.2
UP,1022PN020,2022-10-18,11:30 AM,Derailment,0,EUGENE,OR,50,2,Day,Fog,Yard,Yard/switching,4,617,99746,100363,H702,44.057389,-123.10699,58.1,55.8,56.5
UP,0816PC001,2016-08-02,5:00 PM,Derailment,0,POCATELLO,ID,90,2,Day,Clear,Yard,Yard/switching,4,10080,82200,92280,H702,42.873966,-112.46067,77.2,74.8,71.4
IC,867948,2015-10-10,8:56 AM,Hwy-rail crossing,0,PHILIPP,MS,62,2,Day,Clear,Main,,0,0,25,23632,M302,33.767929,-90.242249,73.9,63.8,61.4
UP,0816HO032,2016-08-17,3:35 AM,Hwy-rail crossing,0,ALTAIR,TX,92,4,Dark,Cloudy,Industry,Freight Train,6,10609,870,11479,M308,29.59991,-96.344887,77.6,77.6,77.8
ATK,153501,2018-05-30,10:16 PM,Hwy-rail crossing,0,PARKS,NE,58,4,Dark,Clear,Main,Passenger Train - Pulling,77,35661,0,37856,M302,40.035153,-101.749048,62.9,67.6,71.8
CSX,000194409,2020-12-13,7:10 AM,Raking collision,0,LOUISVILLE,KY,48,1,Dawn,Cloudy,Yard,Light loco(s),7,13581,0,22456,H306,38.160709,-85.749174,56.2,44.8,36.7
MBTA,YR202225,2022-02-20,4:50 AM,Obstruction,0,NEWBURYPORT,MA,19,1,Dawn,Clear,Main,Passenger Train - Pulling,61,83582,0,83582,M404,42.702497,-70.852653,25.6,23.3,40.5
BNSF,TC0920102,2020-09-13,3:45 PM,Derailment,0,MINNEAPOLIS,MN,70,2,Day,Clear,Yard,Freight Train,3,20108,23771,43879,H306,44.980861,-93.22452,58.9,61.5,66.4
NS,132779,2019-02-08,11:45 PM,Other (describe in narrative),0,WEST FAIRVIEW,PA,29,4,Dark,Clear,Yard,Light loco(s),6,12606,300,12906,H702,40.279807,-76.922451,44.2,42,26.7
BNSF,HL0420111,2020-04-29,1:23 PM,Derailment,0,MEMPHIS,TN,65,2,Day,Clear,Main,Freight Train,5,19874,0,19874,H518,35.126863,-90.058879,66.8,63,62.1
CSX,000198082,2021-06-08,5:06 AM,Side collision,0,FLORENCE,SC,86,1,Dawn,Clear,Yard,Freight Train,5,44360,0,48886,H399,34.198275,-79.762502,79.4,76.4,79.8
PMSW,S01,2016-05-11,9:05 AM,Raking collision,0,LUBBOCK,TX,78,2,Day,Clear,Yard,Yard/switching,6,40000,0,40000,H018,33.536998,-101.802797,74.8,71.5,67.4
CSX,000165159,2016-12-13,6:30 PM,Derailment,0,MCKEESPORT,PA,31,4,Dark,Snow,Yard,Yard/switching,4,24806,424,25230,H702,40.367061,-79.834686,36,28.7,23.5
UP,0518PD007,2018-05-08,7:00 PM,Other impacts,0,STANFIELD,OR,82,4,Dark,Rain,Yard,Cut of cars,5,3496,132,38426,M105,45.796647,-119.263273,68.4,67.3,63.1
CSX,000209204,2023-01-09,7:47 PM,Derailment,0,LAKE CITY,SC,55,3,Dusk,Clear,Main,Freight Train,54,516905,262794,779699,M402,33.876386,-79.753343,47.4,48.2,42.9
BNSF,PR1120102,2020-11-07,4:42 PM,Derailment,0,EDGEMONT,SD,45,2,Day,Clear,Main,Freight Train,1,13226,500,13726,H503,43.329835,-103.850887,57.2,55.4,43.3
NS,138795,2020-08-08,9:30 PM,Other (describe in narrative),0,WEST FAIRVIEW,PA,77,4,Dark,Clear,Yard,Yard/switching,4,57453,1205,95545,H702,40.279807,-76.922451,73.1,77.6,79.8
BNSF,NW0918110,2018-09-18,2:45 PM,Derailment,0,KLAMATH FALLS,OR,65,2,Day,Clear,Yard,Freight Train,8,239103,242000,491034,H503,42.189205,-121.762282,52.5,54.2,52.4
NS,154138,2023-06-22,8:30 AM,Other impacts,0,NORTH CHARLESTON,SC,65,2,Day,Cloudy,Yard,Light loco(s),0,8500,0,20820,E39C,32.867705,-79.999531,78.1,77.3,77.4
NS,157750,2024-08-16,3:10 PM,Other impacts,0,CHATTANOOGA,TN,82,2,Day,Clear,Yard,Single Car,5,22500,2192,24967,M408,35.07225,-85.255535,81.4,82,77.6
BNSF,RD0617127,2017-06-27,9:30 AM,Derailment,0,OKLAHOMA CITY,OK,88,2,Day,Clear,Yard,Yard/switching,4,132516,10000,142516,E30C,35.381068,-97.482898,77.1,79.7,81.6
UP,0522GP014,2022-05-20,10:31 AM,Other impacts,0,NORTH PLATTE,NE,51,2,Day,Cloudy,Yard,Single Car,0,13648,0,107020,M411,41.143873,-100.79466,72,50.7,48.2
CSX,000167339,2017-03-08,3:00 PM,Derailment,0,NORTH CHARLESTON,SC,74,2,Day,Cloudy,Main,,0,0,8900,22098,T212,32.893806,-79.979997,64.7,68,61.2
SEPA,26117,2018-02-12,7:22 PM,Fire/violent rupture,0,PHILADELPHIA,PA,30,4,Dark,Clear,Main,EMU,0,21496,0,21496,M406,39.981387,-75.149424,55.4,47.2,34.1
ATK,154222,2018-07-05,9:00 PM,Other (describe in narrative),0,PHILADELPHIA,PA,85,4,Dark,Clear,Yard,Light loco(s),5,11528,1152,12680,H999,39.90283,-75.14003,81.6,83,79.3
UP,0216SA020,2016-02-19,4:44 AM,Derailment,0,CLINE,TX,61,4,Dark,Clear,Industry,Freight Train,2,36979,0,36979,H303,29.169668,-100.035862,65.1,66.2,70.2
CSX,000214927,2023-12-06,2:15 AM,Derailment,0,CHATTANOOGA,TN,29,4,Dark,Clear,Yard,Freight Train,7,33504,26110,59614,S011,35.012657,-85.371486,47.1,45.2,43.4
NS,152975,2023-05-01,11:15 AM,Rear end collision,0,ALEXANDRIA,PA,39,2,Day,Sleet,Main,Freight Train,14,285075,0,290275,H605,40.602179,-78.131051,52.9,45.1,41.1
MBTA,202333,2023-03-20,4:52 PM,Other (describe in narrative),0,NORTH KINGSTOWN,RI,46,2,Day,Clear,Siding,Passenger Train - Pushing,79,111539,0,111539,H999,41.582509,-71.490545,34.9,36.1,43.8
BNSF,MT1016104,2016-10-27,3:10 PM,Other (describe in narrative),0,HYSHAM,MT,65,2,Day,Cloudy,Main,Maint./inspect Car,10,0,21600,21600,H402,46.294321,-107.143464,50.6,55.6,54.1
NS,143101,2021-10-08,8:20 PM,Side collision,0,CHATTANOOGA,TN,69,4,Dark,Cloudy,Yard,Yard/switching,3,150,40631,63982,H706,35.072249,-85.255534,73.2,72.8,70.6
UP,1217HO009,2017-12-11,3:10 AM,Derailment,0,HOUSTON,TX,46,4,Dark,Clear,Yard,Single Car,8,4861,6698,25145,S007,29.795599,-95.29525,53.1,59.1,56.2
DL,190702,2019-07-31,3:45 PM,Derailment,0,MOUNT POCONO,PA,73,2,Day,Clear,Siding,Cut of cars,8,26296,0,26296,M502,41.112994,-75.370468,73.2,69.5,69.4
UP,0222PN012,2022-02-14,11:59 PM,Other impacts,0,STANFIELD,OR,40,4,Dark,Clear,Yard,Yard/switching,4,66124,198,69353,H317,45.795025,-119.257723,35.8,41.6,45.9
UP,1022TO029,2022-10-28,10:05 PM,Hwy-rail crossing,0,INOLA,OK,59,4,Dark,Cloudy,Main,Freight Train,10,4696,12628,17324,M304,36.133017,-95.493781,55.4,58.3,58.7
NS,140687,2021-02-20,2:15 AM,Derailment,0,LANCASTER,PA,25,4,Dark,Clear,Main,Freight Train,2,1500,4500,6000,M101,40.057577,-76.331146,30.7,27.2,25.7
NS,128975,2018-03-26,7:45 AM,Hwy-rail crossing,0,ASHLEY PHOSPHATE,SC,52,1,Dawn,Cloudy,Main,Freight Train,22,0,66442,66442,M308,32.931554,-80.059303,53.4,50.6,53.5
PTRA,2016000022,2016-07-06,11:00 PM,Derailment,0,PASADENA,TX,83,4,Dark,Clear,Yard,Yard/switching,6,23260,6000,29260,H702,29.726494,-95.191664,86.7,86.6,86.1
NS,118869,2016-01-11,10:05 AM,Derailment,0,LEXINGTON,NC,40,2,Day,Clear,Yard,Yard/switching,5,17108,2500,19608,M404,35.750594,-80.318289,47.4,31.8,35.6
UP,0517FW027,2017-05-25,1:30 PM,Other impacts,0,FORT WORTH,TX,91,2,Day,Clear,Yard,Freight Train,0,13372,750,27650,S007,32.725359,-97.370789,69.1,78.6,84.7
RCPE,RCP-712115,2015-03-18,2:15 PM,Derailment,0,MIDLAND,SD,45,2,Day,Clear,Main,Freight Train,10,70000,105000,175000,E52C,44.071653,-101.155417,35,43.4,40.7
NS,152021,2023-01-16,2:00 PM,Other (describe in narrative),0,MILLEN,GA,65,2,Day,Clear,Yard,Single Car,5,0,0,30913,H020,32.801032,-81.94645,38.3,43.6,55
UP,0316HO031,2016-03-31,5:22 PM,Derailment,0,HOUSTON,TX,78,2,Day,Clear,Industry,Yard/switching,5,308,118015,118323,M405,29.792351,-95.448088,72.4,77.9,65.3
NS,120159,2016-04-16,3:40 AM,Derailment,0,MELVINDALE,MI,55,4,Dark,Clear,Siding,Freight Train,4,19000,336,19336,H506,42.273143,-83.194064,50.4,57.2,58.8
NS,144527,2022-02-27,12:25 AM,Other (describe in narrative),0,CHATTANOOGA,TN,42,4,Dark,Rain,Yard,Yard/switching,3,12188,5442,17630,H702,35.072249,-85.255534,40.1,42.9,45.5
PTRA,20180128PA,2018-01-28,5:00 AM,Derailment,0,PASADENA,TX,60,4,Dark,Clear,Yard,Yard/switching,4,25000,1000,26000,H318,29.72609,-95.194334,62.3,61.4,54.8
NS,151999,2023-01-14,4:20 AM,Other impacts,0,COLUMBUS,OH,25,1,Dawn,Clear,Yard,Single Car,8,0,4477,53270,H312,39.895413,-82.948737,32.3,25.9,26.2
CSX,000180903,2019-01-22,4:30 PM,Other impacts,0,NORTH CHARLESTON,SC,50,2,Day,Clear,Yard,Freight Train,7,113827,0,258251,H018,32.85697,-80.022954,36,39.9,57.7
CSX,000163900,2016-10-28,8:22 AM,Head on collision,0,CHESTER,PA,50,2,Day,Clear,Main,Freight Train,0,93569,0,128163,H221,39.847014,-75.394248,51.5,51.9,54
NS,122789,2016-11-17,10:57 AM,Derailment,0,PETERSBURG,PA,55,2,Day,Clear,Main,Freight Train,42,3318,7944,11262,E61C,40.558491,-78.03861,45.9,45.6,49.8
NS,142749,2021-09-03,12:40 PM,Other impacts,0,LEIPSIC,OH,72,2,Day,Clear,Industry,Single Car,0,1750,0,12100,H302,41.10512,-83.96736,66.2,65.8,68.8
BNSF,GC0416110,2016-04-23,3:00 PM,Derailment,0,DAYTON,TX,80,2,Day,Clear,Main,Yard/switching,5,6035,0,157727,H607,29.989019,-94.908544,70.7,68.8,66.7
BNSF,NW0219121,2019-02-24,4:53 PM,Obstruction,0,MADRAS,OR,29,3,Dusk,Snow,Main,Spec. MoW Equip.,24,20000,0,20000,M404,44.817382,-121.075418,36.3,33.3,20.5
SEPA,SEPA112021,2021-11-20,5:15 AM,Side collision,0,PHILADELPHIA,PA,35,4,Dark,Clear,Yard,EMU,4,800,0,75800,H305,40.016177,-75.162595,44.1,40.4,46.3
CSX,000185107,2019-09-03,10:40 PM,Derailment,0,MULLINS,SC,75,4,Dark,Cloudy,Industry,Freight Train,2,50493,97,50590,H306,34.099185,-79.3147,76.3,77.9,77.1
CSX,000175366,2018-03-22,4:10 AM,Obstruction,0,CHESTER,SC,40,1,Dawn,Clear,Main,Maint./inspect Car,23,15700,0,18200,H997,34.733961,-81.147241,42.3,42.3,45.8
CSX,000145686,2015-05-02,1:00 AM,Derailment,0,SMYRNA,TN,44,4,Dark,Clear,Yard,Freight Train,7,13100,500,13600,H306,35.936606,-86.479426,56.4,60.6,63.9
CSX,000169042,2017-05-21,9:30 PM,Side collision,0,NASHVILLE,TN,75,4,Dark,Clear,Yard,Freight Train,5,48692,0,48792,H307,36.112142,-86.770737,76.6,73.4,67.6
BNSF,HL0819120,2019-08-19,6:15 AM,Other impacts,0,MEMPHIS,TN,81,1,Dawn,Clear,Yard,Yard/switching,2,10978,0,10978,H307,35.027775,-89.897051,82.3,84.1,84.3
ATK,137928,2015-06-19,2:06 AM,Derailment,0,PHILADELPHIA,PA,70,4,Dark,Clear,Yard,Freight Train,5,8700,3200,11900,H702,39.957106,-75.184915,68.4,77.5,76.8
IC,1041580,2020-07-14,9:05 PM,Hwy-rail crossing,0,NEWBERN,TN,80,4,Dark,Clear,Main,Freight Train,44,10487,25000,35487,M399,36.112215,-89.262599,79.8,81.6,84.6
NS,144456,2022-02-19,6:07 PM,Derailment,0,SUNBRIGHT,TN,28,3,Dusk,Clear,Main,Freight Train,34,51420,13428,64848,E32C,36.295552,-84.638577,34,32.9,39.2
UP,0116FW023,2016-01-23,12:40 PM,Hwy-rail crossing,0,DENTON,TX,48,2,Day,Clear,Main,Freight Train,43,15188,576,15764,M304,33.138878,-97.175228,37.1,36.2,48.3
NS,144572,2022-03-02,10:22 PM,Hwy-rail crossing,0,NORTHAMPTON,PA,25,4,Dark,Clear,Main,Light loco(s),8,0,0,0,M302,40.678569,-75.488451,37.6,42.8,36.7
CSX,000138778,2014-12-11,1:30 AM,Derailment,0,MCKEESPORT,PA,28,4,Dark,Cloudy,Yard,Yard/switching,4,14938,100,15038,H021,40.382484,-79.843591,32.7,28.5,28.8
CSX,000150358,2015-08-09,4:47 PM,Derailment,0,WESLEYVILLE,PA,77,2,Day,Clear,Main,Freight Train,47,26700,500,27200,E33C,42.1617,-79.968827,71.6,71.8,72.5
CSX,000214560,2023-11-19,12:20 PM,Other impacts,0,CHATTANOOGA,TN,70,2,Day,Clear,Yard,Freight Train,4,7958,2495,25886,H318,35.012657,-85.371486,60.9,54.9,57.7
BNSF,HL0620121,2020-06-25,10:30 PM,Other impacts,0,MEMPHIS,TN,85,4,Dark,Clear,Yard,Yard/switching,6,15654,0,15654,H318,35.022618,-89.887789,76.3,78.5,74.9
NS,133441,2019-04-02,9:05 AM,Other impacts,0,LEETSDALE,PA,35,2,Day,Cloudy,Main,Spec. MoW Equip.,0,7500,0,15000,H997,40.569214,-80.215065,32.3,39.5,46.7
CSX,000210248,2023-03-06,5:00 AM,Derailment,0,NORTH CHARLESTON,SC,67,4,Dark,Cloudy,Yard,Freight Train,3,20765,116,20881,E27C,32.856947,-80.022919,62.4,66,72.4
NS,119041,2016-01-22,11:00 AM,Derailment,0,SHIREMANSTOWN,PA,22,2,Day,Clear,Yard,Yard/switching,2,23641,100,23741,H702,40.225678,-76.951812,27.4,22.8,24.4
CSX,000204641,2022-04-30,8:30 AM,Side collision,0,GREENWOOD,SC,68,2,Day,Clear,Yard,Yard/switching,6,35367,324,36800,H306,34.188493,-82.16507,62.4,66.4,69.3
BNSF,RD1016203,2016-10-27,6:00 AM,Hwy-rail crossing,0,SLATON,TX,57,1,Dawn,Clear,Main,Freight Train,35,2533,16000,18533,M302,33.453407,-101.657418,68.4,64.1,70
CSX,000212170,2023-07-03,10:47 PM,Other (describe in narrative),0,WAMPUM,PA,72,4,Dark,Rain,Main,Freight Train,20,48867,0,48867,M404,40.865729,-80.318424,71.1,70.3,72.5
NS,118339,2015-11-23,1:42 PM,Other (describe in narrative),0,ROSSVILLE,TN,56,2,Day,Clear,Main,Yard/switching,10,0,14500,14500,H221,35.048109,-89.568087,34.6,40.8,47.9
TCT,580279,2018-05-04,8:00 AM,Derailment,0,TEXAS CITY,TX,85,2,Day,Clear,Yard,Yard/switching,4,10266,37594,47860,E64L,29.358842,-94.926717,76.7,76.1,75.2
NS,128988,2018-03-27,9:30 PM,Other (describe in narrative),0,CONWAY,PA,50,4,Dark,Rain,Yard,Yard/switching,2,42113,4376,46489,H702,40.672356,-80.251823,39.3,41.8,52.2
CSX,000218862,2024-06-24,5:30 PM,Other impacts,0,KINGSPORT,TN,89,2,Day,Cloudy,Yard,Single Car,5,5000,0,24000,H008,36.549664,-82.571194,79.5,78.6,75
UP,1117SA022,2017-11-28,9:50 PM,Hwy-rail crossing,0,COTULLA,TX,68,4,Dark,Clear,Main,Freight Train,45,299099,35329,334428,M302,28.602268,-99.189621,65.7,67.8,63
NS,118087,2015-11-05,3:46 PM,Hwy-rail crossing,0,EAST BANGOR,PA,72,2,Day,Clear,Main,Freight Train,23,632,18360,18992,M302,40.877526,-75.195931,55.7,59.8,65.4
UP,0616HO017,2016-06-08,11:30 AM,Other impacts,0,HOUSTON,TX,90,2,Day,Cloudy,Yard,Single Car,0,11724,66,11790,M411,29.804317,-95.30502,82.1,83.5,82.7
NS,136048,2019-11-02,1:00 AM,Other impacts,0,CONWAY,PA,30,4,Dark,Clear,Yard,Cut of cars,0,10300,0,17374,H309,40.666555,-80.249177,36.1,37.1,39.8
TRE,TRE16002,2016-01-29,6:30 PM,Other (describe in narrative),0,FORT WORTH,TX,65,3,Dusk,Clear,Main,Commuter Train - Pushing,60,20000,0,20000,M501,32.765026,-97.297417,50.8,59.9,64.5
CSX,000213160,2023-08-27,4:00 PM,Derailment,0,MILAN,TN,90,2,Day,Clear,Industry,Cut of cars,0,85126,21000,106126,M103,35.922878,-88.75677,82,76.2,76.1
CP,1000444450,2016-09-04,3:13 AM,Derailment,0,ST PAUL,MN,60,4,Dark,Clear,Main,Freight Train,8,21101,0,39390,E46C,44.945469,-93.059892,64.9,68.3,71.9
NS,143972,2022-01-09,7:50 PM,Other impacts,0,WEST FAIRVIEW,PA,22,3,Dusk,Clear,Yard,Single Car,0,2000,1346,36026,H312,40.279807,-76.922451,24.3,31.8,28.9
BNSF,HL0718104,2018-07-03,11:29 PM,Derailment,0,MEMPHIS,TN,80,4,Dark,Clear,Yard,Yard/switching,7,36000,45000,81000,M599,35.022001,-89.88822,83.5,83.1,85.6
UP,0418HO013,2018-04-10,9:01 PM,Other impacts,0,LA PORTE,TX,79,4,Dark,Cloudy,Yard,Freight Train,3,40910,2984,131894,H607,29.68332,-95.039598,59.1,66.4,66.1
BNSF,RD0717113,2017-07-20,5:20 PM,Derailment,0,UVALDE,TX,94,2,Day,Clear,Main,Freight Train,45,2000,0,205099,E62C,29.276396,-99.703948,85.4,86.6,87.3
CSX,000219672,2024-07-30,6:45 PM,Derailment,0,NORTH VERSAILLES,PA,74,3,Dusk,Clear,Yard,Freight Train,4,2535,10260,12795,H702,40.386139,-79.846696,76.9,74.3,80
CSX,000208508,2022-11-25,9:36 PM,Derailment,0,NASHVILLE,TN,45,4,Dark,Clear,Yard,Yard/switching,5,57697,26232,83929,E46C,36.112136,-86.770713,52.6,53.9,49
NS,113597,2014-12-27,8:55 AM,Derailment,0,CRESSON,PA,38,2,Day,Cloudy,Main,Freight Train,4,56000,242271,298271,H503,40.460621,-78.592945,37.2,44.9,40.4
RJCP,RJCP2001,2020-01-28,3:50 PM,Derailment,0,COMMODORE,PA,35,2,Day,Cloudy,Main,Freight Train,10,33000,33560,66560,T221,40.725891,-78.924459,30.6,30.1,27.4
MNCW,75627,2021-09-27,7:50 PM,Other impacts,0,CROTON ON HUDSON,NY,71,4,Dark,Cloudy,Yard,EMU,1,49938,0,74907,M507,41.194062,-73.885143,62.3,66.1,65.3
CSX,000218311,2024-05-26,7:30 PM,Derailment,0,WALBRIDGE,OH,75,3,Dusk,Rain,Yard,Freight Train,6,61736,9640,71376,H702,41.588218,-83.496475,75.7,69.9,67.1
SEPA,Y166,2021-07-13,1:22 PM,Hwy-rail crossing,0,SECANE,PA,90,2,Day,Clear,Main,EMU,55,14000,12826,26826,M308,39.917106,-75.307181,81.2,78.5,81.9
BNSF,TX1115113,2015-11-27,6:25 AM,Derailment,0,CLAUDE,TX,23,1,Dawn,Snow,Main,Freight Train,14,3000,57528,60528,S011,35.086071,-101.29336,40.2,25.2,25.9
CSX,000213643,2023-09-20,6:35 AM,Raking collision,0,YEMASSEE,SC,70,1,Dawn,Clear,Main,Freight Train,42,64725,961,65686,M201,32.674822,-80.85793,71.7,73.8,74.8
BNSF,MT0922201,2022-09-07,5:35 PM,Hwy-rail crossing,0,JAVA,SD,89,3,Dusk,Clear,Main,Freight Train,36,1039752,270745,1310497,M302,45.514544,-99.89422,75.5,78.2,75.9
NS,130775,2018-08-30,2:30 PM,Derailment,0,NAZARETH,PA,89,2,Day,Clear,Main,Freight Train,18,12469,0,12469,M101,40.732344,-75.322088,82.9,80.6,70.7
UP,0217FW006,2017-02-05,5:00 AM,Other impacts,0,FORT WORTH,TX,52,4,Dark,Clear,Yard,Cut of cars,1,2667,0,13764,M408,32.728093,-97.366263,49.7,61.7,72.1
BNSF,TC0219206,2019-02-25,6:00 AM,Hwy-rail crossing,0,MILBANK,SD,-5,1,Dawn,Snow,Main,Freight Train,35,1342547,200000,1846661,M302,45.224439,-96.624436,5.5,-4.5,1
NS,118106,2015-11-07,9:45 AM,Derailment,0,CHATTANOOGA,TN,62,2,Day,Rain,Yard,Yard/switching,4,19000,15000,34000,H525,35.072249,-85.255534,71.4,62.2,55
UP,0823RM010,2023-08-08,6:59 PM,Other impacts,0,POCATELLO,ID,76,3,Dusk,Clear,Yard,Yard/switching,5,7982,150,19992,H021,42.857142,-112.441363,65.3,63.2,66.3
CP,1001728010,2022-07-12,8:28 AM,Raking collision,0,BENSENVILLE,IL,73,2,Day,Cloudy,Yard,Yard/switching,6,12753,0,20866,H306,41.945073,-87.892272,77.2,76.9,73.6
NS,141400,2021-04-30,9:00 AM,Hwy-rail crossing,0,O'HARA TOWNSHIP,PA,50,2,Day,Rain,Main,Freight Train,15,476,20068,20544,M303,40.488351,-79.868703,63.3,49.5,49.3
BNSF,CH1018113,2018-10-19,4:00 PM,Obstruction,0,CARROLLTON,MO,67,2,Day,Clear,Main,Spec. MoW Equip.,23,30000,0,60000,H997,39.351888,-93.490654,49.9,54.7,51.9
NS,144077,2022-01-19,7:00 PM,Other impacts,0,CHATTANOOGA,TN,55,3,Dusk,Cloudy,Yard,Cut of cars,1,12310,0,12810,M408,35.072249,-85.255534,39,49.1,38.9
CSX,000206875,2022-08-25,8:11 AM,Derailment,0,NASHVILLE,TN,84,2,Day,Clear,Main,Freight Train,5,82228,31823,114051,M405,36.112136,-86.770713,79.3,79.6,78.9
UP,0619GP019,2019-06-16,10:30 AM,Other impacts,0,NORTH PLATTE,NE,74,2,Day,Cloudy,Yard,Yard/switching,10,21830,600,22430,H307,41.149585,-100.850463,72.1,63.6,65.1
UP,0117ES003,2017-01-02,10:31 PM,Obstruction,0,MOUNT PLEASANT,TX,50,4,Dark,Clear,Main,Work train,0,1620,5000,14814,H993,33.120114,-94.9721,56.6,60,49.7
CSX,000209550,2023-01-31,10:24 AM,Side collision,0,PHILADELPHIA,PA,39,2,Day,Cloudy,Yard,Freight Train,7,11461,0,13388,H306,39.898725,-75.16697,44.6,38.2,33.6
BNSF,TC0920201,2020-09-10,3:40 PM,Hwy-rail crossing,0,ALPENA,SD,68,2,Day,Clear,Main,Freight Train,37,14514,350,14864,M302,44.141677,-98.334669,45.3,49,50.9
NS,156592,2024-05-05,6:08 AM,Other (describe in narrative),0,CHATTANOOGA,TN,72,1,Dawn,Cloudy,Yard,Light loco(s),3,3700,12185,15885,H704,35.07225,-85.255535,71.7,73.3,74.6
NS,129152,2018-04-13,6:48 PM,Hwy-rail crossing,0,RIDGEVILLE,SC,70,3,Dusk,Clear,Main,Freight Train,29,16389,13863,30252,M303,33.095468,-80.315042,58.2,63.3,67.6
NS,114369,2015-02-15,3:00 AM,Derailment,0,WHITAKER,PA,1,4,Dark,Snow,Yard,Light loco(s),1,12931,317,13248,H702,40.40817,-79.892651,17.8,0.3,2.1
NS,120696,2016-05-31,11:48 AM,Derailment,0,HARRISBURG,PA,85,2,Day,Clear,Main,Freight Train,7,30800,10158,40958,E34C,40.262663,-76.877335,72.9,75.3,76.9
WC,1022311,2019-12-28,9:27 PM,Derailment,0,GARY,IN,48,4,Dark,Clear,Yard,Light loco(s),15,23520,17472,40992,H706,41.628946,-87.406392,34.5,38.8,54.4
ALS,20220603,2022-06-03,11:59 AM,Derailment,0,EAST ST LOUIS,IL,79,2,Day,Clear,Main,Freight Train,7,10100,37490,85014,H514,38.597109,-90.155075,70.1,68.8,72.8
ATK,139804,2015-10-20,4:00 AM,Other impacts,0,BALTIMORE,MD,50,4,Dark,Clear,Yard,Maint./inspect Car,15,18000,0,18000,H997,39.296666,-76.540359,43.5,53.2,55.8
UP,0416DV010,2016-04-18,9:40 PM,Derailment,0,NEDERLAND,CO,30,4,Dark,Clear,Main,Freight Train,16,1336,11083,12419,H019,39.923613,-105.355599,34.6,38.3,42
BNSF,HL1018119,2018-10-24,7:45 PM,Side collision,0,BLYTHEVILLE,AR,52,3,Dusk,Clear,Yard,Freight Train,0,80000,2500,83077,H306,35.920952,-89.826261,56.5,52.6,53.3
BNSF,KS0223113,2023-02-26,11:19 PM,Derailment,0,MAYFIELD,KS,51,4,Dark,Rain,Main,Freight Train,0,569445,0,569445,M105,37.262678,-97.508599,31.6,49.2,55.4
UP,0824MA001,2024-08-01,7:30 AM,Derailment,0,NORTH LITTLE ROCK,AR,78,2,Day,Clear,Main,Freight Train,2,38463,100,38563,H518,34.775396,-92.273514,87,87.9,88.4
CSX,000144850,2015-04-13,11:55 AM,Derailment,0,O FALLON,IL,64,2,Day,Cloudy,Siding,Freight Train,10,39966,1140,41106,E34C,38.592601,-89.92508,62.1,62.7,60.2
NS,153181,2023-05-26,5:45 AM,Side collision,0,CHICAGO,IL,50,1,Dawn,Clear,Yard,Yard/switching,6,0,500,14300,H702,41.707776,-87.573432,54.3,59.2,62
NS,138233,2020-06-15,1:30 AM,Derailment,0,IRONDALE,AL,74,4,Dark,Clear,Yard,Yard/switching,10,176131,500,176631,H306,33.548905,-86.67801,78.9,74.9,72.2
KAW,200528007,2020-05-28,2:30 PM,Other (describe in narrative),0,NORTH KANSAS CITY,MO,64,2,Day,Rain,Industry,Cut of cars,0,32000,0,32000,M103,39.142968,-94.552357,69.2,66.9,67.8
UP,0819ST015,2019-08-13,12:40 AM,Derailment,0,TUCSON,AZ,87,4,Dark,Clear,Yard,Cut of cars,0,72288,0,597083,H601,32.198078,-110.92986,87.5,88.8,90
UP,0516LK028,2016-05-28,3:00 PM,Derailment,0,MARION,AR,80,2,Day,Clear,Yard,Yard/switching,4,10817,8000,18817,H702,35.20704,-90.28777,73.1,75,76.9
CSX,000183395,2019-06-04,10:36 PM,Derailment,0,RIVERDALE,IL,72,4,Dark,Rain,Main,Freight Train,5,83300,7723,91023,H211,41.648034,-87.667944,58.4,68.7,72.2
UP,0615PR005,2015-06-12,6:26 AM,Other (describe in narrative),0,NORTHLAKE,IL,65,1,Dawn,Rain,Yard,Single Car,10,36466,0,36466,H601,41.895953,-87.907423,67,60.8,69.4
UP,0218LV017,2018-02-12,4:30 AM,Other impacts,0,LIVONIA,LA,40,4,Dark,Clear,Yard,Single Car,0,14757,0,30763,M411,30.521467,-91.55059,57.8,43.9,57.8
UP,0823GC009,2023-08-12,2:14 AM,Other impacts,0,MARINGOUIN,LA,80,4,Dark,Clear,Yard,Yard/switching,5,51325,0,51325,M411,30.525322,-91.552395,89.1,88.4,88.1
NS,138385,2020-07-01,5:35 AM,Side collision,0,ELKHART,IN,75,1,Dawn,Clear,Yard,Yard/switching,4,17219,68856,87736,H706,41.67736,-85.978495,79.4,78.1,78.1