reportingrailroadcode,accidentnumber,date,time,accidenttype,hazmatreleasedcars,station,stateabbr,temperature,visibility_code,visibility,weathercondition,tracktype,equipmenttype,trainspeed,equipmentdamagecost,trackdamagecost,totaldamagecost,primaryaccidentcausecode,latitude,longitude,prior_temp,actual_temp,following_temp
CRSH,127835,2017-12-19,7:00 PM,Derailment,0,DETROIT,MI,42,3,Dusk,Cloudy,Yard,Cut of cars,0,0,150,31131,H306,42.320846,-83.12976,38.2,42.2,31.5
WC,947905,2018-01-16,1:33 PM,Other impacts,0,GARY,IN,-5,2,Day,Snow,Yard,Cut of cars,8,15000,0,15000,M201,41.615852,-87.363901,16.3,12.9,12
UP,0216LK008,2016-02-06,1:36 AM,Derailment,0,NORTH LITTLE ROCK,AR,32,4,Dark,Clear,Yard,Yard/switching,2,258,26246,26504,S007,34.77093,-92.227792,40.3,41.7,46.3
UP,0720LA036,2020-07-28,7:30 AM,Other impacts,0,PHOENIX,AZ,91,1,Dawn,Clear,Yard,Yard/switching,1,125,2651,31418,H020,33.443784,-112.059964,100.3,101.5,102.4
UP,1122MA031,2022-11-26,7:05 AM,Other impacts,0,PINE BLUFF,AR,50,2,Day,Cloudy,Yard,Single Car,0,13290,0,13290,H308,34.243896,-91.945867,54.9,53.9,51.9
BNSF,CH0819114,2019-08-21,6:00 AM,Derailment,0,ELWOOD,IL,80,1,Dawn,Clear,Yard,Yard/switching,8,48961,98000,146961,H307,41.378592,-88.154438,72.2,72.9,72.5
UP,0415LK003,2015-04-02,3:45 AM,Derailment,0,NASHVILLE,AR,60,4,Dark,Cloudy,Main,Freight Train,3,4477,20704,25181,H303,34.070621,-93.856119,68.1,71.8,68.9
UP,0717LK014,2017-07-11,10:28 AM,Derailment,0,LITTLE ROCK,AR,88,2,Day,Clear,Industry,Freight Train,5,362356,55250,417606,M204,34.701612,-92.231624,80.8,82,83
BNSF,SW0116103,2016-01-20,6:35 PM,Derailment,0,JOSEPH CITY,AZ,48,3,Dusk,Clear,Industry,Freight Train,0,75519,6500,82019,H607,34.936309,-110.303226,38.7,40.8,32.2
BNSF,SW0623102,2023-06-08,12:06 AM,Derailment,0,WILLIAMS,AZ,55,4,Dark,Clear,Main,Freight Train,40,2415852,485000,2900852,H503,35.240581,-112.124178,57.2,56.3,58.2
ABS,190819003,2019-08-19,11:54 AM,Obstruction,0,REFORM,AL,96,2,Day,Clear,Main,Spec. MoW Equip.,12,20000,0,36751,H104,33.389326,-88.067636,82.9,81.6,80.9
CSX,000184579,2019-08-05,1:15 PM,Other impacts,0,DECATUR,AL,80,2,Day,Clear,Yard,Yard/switching,5,11860,0,11860,H401,34.58851,-86.985257,77.1,76,78.6
UP,0717LK017,2017-07-08,10:00 PM,Obstruction,0,PINE BLUFF,AR,80,4,Dark,Cloudy,Yard,Yard/switching,4,895,0,27402,E12C,34.243238,-91.945399,83.2,79.2,80.2
BNSF,SW0616105,2016-06-18,9:30 AM,Other impacts,0,PHOENIX,AZ,98,2,Day,Clear,Yard,Cut of cars,4,21489,300,40885,H020,33.457689,-112.101038,92.1,95.9,102
CC,834267,2014-12-03,9:09 AM,Hwy-rail crossing,0,ALWORTH,IL,27,2,Day,Clear,Main,Freight Train,45,30552,6001,36553,M308,42.243399,-89.245865,24.4,27.5,28.2
UP,0715PR018,2015-07-29,10:00 AM,Derailment,0,NORTHLAKE,IL,89,2,Day,Clear,Yard,Yard/switching,4,111298,792,185657,M411,41.909337,-87.915129,80.9,80.4,78.1
CC,855659,2015-06-18,2:50 PM,Hwy-rail crossing,0,APLINGTON,IA,75,2,Day,Clear,Main,Freight Train,38,24951,795,25746,M308,42.585303,-92.884576,70.1,68.3,68.9
NS,130806,2018-09-03,5:55 PM,Other impacts,0,IRONDALE,AL,82,3,Dusk,Clear,Siding,Yard/switching,15,500,0,12027,M407,33.548905,-86.67801,82.8,82.2,81.4
UP,0419MA024,2019-04-11,11:45 AM,Hwy-rail crossing,0,MARIANNA,AR,74,2,Day,Cloudy,Main,Freight Train,25,13539,99,13638,M303,34.684372,-90.735996,68.6,71,58.5
BNSF,GC0516200,2016-05-02,1:38 PM,Hwy-rail crossing,0,LACASSINE,LA,75,2,Day,Clear,Main,,0,0,0,11343,M302,30.237854,-92.878161,71,70.7,68.6
GTW,1120572,2022-12-11,9:45 AM,Derailment,0,VALPARAISO,IN,37,2,Day,Cloudy,Main,Freight Train,20,2128,168452,170580,E53C,41.479604,-87.072258,35.6,37.4,36.6
NS,138017,2020-04-12,5:05 PM,Obstruction,0,YORK,AL,76,3,Dusk,Rain,Main,,0,0,0,12500,M404,32.477295,-88.31326,56.2,67.8,58.8
UP,0315SL006,2015-03-15,9:30 AM,Hwy-rail crossing,0,ALTON,IL,40,2,Day,Clear,Main,,0,0,1200,22700,M308,38.91707,-90.14997,53.3,53.4,62.2
UP,0818ST021,2018-08-28,6:30 AM,Derailment,0,PHOENIX,AZ,85,1,Dawn,Clear,Main,Freight Train,10,31869,37332,69201,M409,33.44946,-112.083013,94.6,92.8,93.4
NS,138410,2020-07-03,1:50 PM,Raking collision,0,ELKHART,IN,90,2,Day,Clear,Yard,Yard/switching,3,70184,70747,144267,H706,41.67736,-85.978495,78.1,78.7,78.5
IC,1009541,2019-08-17,10:15 AM,Side collision,0,MARKHAM,IL,85,2,Day,Cloudy,Yard,Freight Train,0,2250,0,27650,H702,41.568464,-87.664073,72.5,72.5,73.8
UP,0417LK015,2017-04-17,11:45 PM,Other impacts,0,NORTH LITTLE ROCK,AR,75,4,Dark,Cloudy,Yard,Yard/switching,4,1340,0,12078,S015,34.773064,-92.229567,71.2,67,69.7
NS,131265,2018-10-10,1:10 AM,Other (describe in narrative),0,IRONDALE,AL,72,4,Dark,Rain,Main,Yard/switching,3,0,12433,12433,H702,33.548905,-86.67801,78.1,75.3,70.8
MACZ,172719,2022-11-08,5:08 AM,Derailment,0,MIDDLE RIVER,MD,51,1,Dawn,Clear,Yard,Commuter Train - Pushing,3,696169,0,705105,H307,39.343895,-76.401641,66.9,52.2,48.2
UP,0517LK015,2017-05-07,2:50 AM,Obstruction,0,RECTOR,AR,54,4,Dark,Cloudy,Main,Freight Train,53,4180,9148,13328,M402,36.269655,-90.283663,64.1,63.6,70.3
ABS,200416002,2020-04-16,9:12 AM,Derailment,0,TUSCALOOSA,AL,70,2,Day,Clear,Yard,Yard/switching,10,40000,3500,43500,H505,33.207625,-87.575826,52.1,55.5,62
BNSF,SW0618104,2018-06-05,3:56 PM,Rear end collision,0,TRUXTON,AZ,85,2,Day,Clear,Main,Freight Train,11,141083,31650,1336729,H605,35.432257,-113.630162,86.4,84,82
UP,0622HL001,2022-06-04,1:55 AM,Derailment,0,SEDALIA,MO,64,4,Dark,Clear,Main,Cut of cars,0,12852,0,44157,E22C,38.723762,-93.279629,68.9,68.7,71.4
CSX,000144692,2015-03-20,1:10 PM,Other (describe in narrative),0,SAINT ELMO,IL,30,2,Day,Clear,Main,Freight Train,30,51000,0,51000,E39L,39.00797,-88.848063,45.1,44.6,51
ABS,190819003,2019-08-19,11:54 AM,Obstruction,0,REFORM,AL,96,2,Day,Clear,Main,Spec. MoW Equip.,15,16751,0,36751,H104,33.389326,-88.067636,82.9,81.6,80.9
BNSF,SW0517104,2017-05-09,2:55 AM,Derailment,0,WINSLOW,AZ,53,4,Dark,Cloudy,Siding,Light loco(s),9,9090,2500,11590,H607,34.969541,-110.530579,56,50.5,52.8
UP,0424GL002,2024-04-03,6:38 AM,Other (describe in narrative),0,ST PAUL,MN,37,1,Dawn,Clear,Main,Freight Train,10,31225,0,31225,E21C,44.944807,-93.058326,38.6,42,42.6
UP,1118KC035,2018-11-23,9:45 PM,Fire/violent rupture,0,KANSAS CITY,MO,46,4,Dark,Clear,Main,Freight Train,15,19978,0,19978,E74L,39.08858,-94.56903,51.6,49.9,49.5
UP,0817ST019,2017-08-21,12:01 AM,Derailment,0,PHOENIX,AZ,90,4,Dark,Cloudy,Yard,Yard/switching,3,161119,63744,224863,H601,33.444341,-112.046313,93.2,93.5,95.4
NS,139692,2020-11-10,8:45 AM,Other (describe in narrative),0,DECATUR,AL,72,2,Day,Cloudy,Yard,Freight Train,5,14494,40438,240206,E30C,34.615477,-86.983764,69.5,69.1,66.6
UP,0821LA038,2021-08-18,6:20 PM,Derailment,0,PHOENIX,AZ,80,3,Dusk,Cloudy,Yard,Yard/switching,4,102240,2750,104990,M599,33.443889,-112.059969,83.2,83.4,85.9
CSX,000143735,2015-03-26,2:07 PM,Hwy-rail crossing,0,PIERRON,IL,65,2,Day,Clear,Main,Freight Train,59,4500,9839,14339,M308,38.780344,-89.598952,49.2,41.7,35.7
FEC,D24051724,2024-05-17,3:40 AM,Obstruction,0,WEST PALM BEACH,FL,76,4,Dark,Clear,Main,Freight Train,45,18096,250,18346,M302,26.713972,-80.055258,86.6,86.4,86.6
BNSF,KS0217107,2017-02-17,6:12 PM,Derailment,0,EMPORIA,KS,50,3,Dusk,Clear,Main,Yard/switching,15,153449,24000,177449,H307,38.401317,-96.171419,54.5,55.9,54.5
BNSF,KS0121105,2021-01-03,12:30 PM,Other impacts,0,WICHITA,KS,42,2,Day,Clear,Yard,Yard/switching,7,15144,0,15144,H318,37.73114,-97.335162,32.3,32.3,40.9
NS,132328,2019-01-07,10:35 AM,Other impacts,0,IRONDALE,AL,61,2,Day,Cloudy,Yard,Yard/switching,0,18850,0,18850,E30C,33.548905,-86.67801,49.2,55.8,61.1
NS,140837,2021-03-05,3:55 PM,Derailment,0,OSCEOLA,IN,38,2,Day,Clear,Yard,Yard/switching,10,13442,10279,23721,M404,41.666583,-86.033424,31.4,30.9,31.5
BNSF,TC1121103,2021-11-05,9:30 PM,Other impacts,0,WILLMAR,MN,40,4,Dark,Clear,Yard,Yard/switching,4,24250,0,24250,H318,45.125752,-95.031531,36.3,46.1,51.3
BNSF,CH0919105,2019-09-18,4:45 AM,Derailment,0,ELWOOD,IL,68,1,Dawn,Clear,Yard,Yard/switching,4,22187,8600,30787,H607,41.398911,-88.153263,70.8,71,71.6
NS,136688,2019-12-31,2:20 PM,Other (describe in narrative),0,LAFAYETTE,IN,28,2,Day,Cloudy,Yard,Single Car,0,57334,0,307190,E30C,40.374638,-86.841312,37.2,32.3,36.5
NS,140841,2021-03-06,2:00 AM,Derailment,0,LEIGHTON,AL,43,4,Dark,Cloudy,Yard,Yard/switching,4,16332,2316,18648,M404,34.712397,-87.598961,50.6,49.2,48.1
TPW,TPW694315R,2015-02-15,2:55 PM,Derailment,0,EAST PEORIA,IL,12,2,Day,Clear,Siding,Yard/switching,5,30000,4000,34000,M101,40.666149,-89.580097,18.4,9.4,16.4
TSWS,06242023,2023-06-26,6:25 AM,Derailment,0,MARION,AR,78,1,Dawn,Clear,Yard,Freight Train,6,60000,10000,70000,H702,35.19485,-90.247923,82.9,78.9,77.7
UP,0524MA049,2024-05-31,5:40 PM,Other impacts,0,NORTH LITTLE ROCK,AR,77,2,Day,Rain,Yard,Single Car,0,14963,0,30226,S016,34.774676,-92.221965,77.8,74.7,77.3
ATK,154110,2018-07-04,11:54 AM,Hwy-rail crossing,0,LA CRESCENT,MN,85,2,Day,Clear,Main,Passenger Train - Pulling,66,12172,0,12172,M302,43.84574,-91.297148,79.6,79.4,77.6
CSX,000182899,2019-05-11,2:30 PM,Side collision,0,INDIANAPOLIS,IN,60,2,Day,Rain,Yard,Yard/switching,10,8285,0,22785,M408,39.759791,-86.327526,51.1,50.1,46.4
UP,0718LK017,2018-07-10,6:15 PM,Derailment,0,HOPE,AR,93,2,Day,Clear,Industry,Freight Train,4,5894,8896,14790,H995,33.73324,-93.633275,79.2,79.2,79.9
BNSF,SF0915111,2015-09-23,6:40 AM,Derailment,0,SPRINGFIELD,MO,75,1,Dawn,Clear,Yard,Freight Train,1,7745,49116,56861,H503,37.228546,-93.317943,72.6,72.3,71
UP,0318LK006,2018-03-03,7:52 PM,Other impacts,0,PINE BLUFF,AR,55,3,Dusk,Clear,Yard,Light loco(s),0,306811,5078,329597,H307,34.251062,-91.937929,52.4,50.8,49.9
CSX,000165516,2016-12-28,11:20 AM,Other impacts,0,HAGERSTOWN,MD,50,2,Day,Cloudy,Yard,Freight Train,5,15001,424,15425,M599,39.644147,-77.729465,53,38.8,38.7
UP,0822MA014,2022-08-02,12:00 AM,Other impacts,0,NORTH LITTLE ROCK,AR,74,4,Dark,Cloudy,Yard,Single Car,0,0,0,28593,M411,34.773192,-92.227274,83,83.8,84.5
UP,0824GC011,2024-08-06,4:43 PM,Other impacts,0,LOTTIE,LA,96,2,Day,Clear,Yard,Yard/switching,8,52040,0,52040,S007,30.526152,-91.554289,86.1,87,85.7
UP,0218LK032,2018-02-21,9:16 AM,Other impacts,0,NORTH LITTLE ROCK,AR,49,2,Day,Rain,Yard,Single Car,0,14949,0,14982,S016,34.77396,-92.223349,71.3,46.3,42.3
WC,1148465,2024-04-19,2:06 PM,Derailment,0,PROCTOR,MN,33,2,Day,Clear,Yard,Maint./inspect Car,0,4000,0,16505,M599,46.743584,-92.228495,42,34.6,36.7
TASD,D20190104A,2019-01-04,6:30 PM,Derailment,0,MOBILE,AL,53,4,Dark,Cloudy,Yard,Yard/switching,2,11368,85,11453,E37C,30.7232,-88.0448,62.6,58.4,52.4
CRSH,134743,2019-07-17,1:10 AM,Derailment,0,DETROIT,MI,74,4,Dark,Rain,Yard,Cut of cars,0,5139,0,84586,H503,42.322154,-83.122509,76.7,78.3,77.5
UP,0219ST014,2019-02-10,8:54 AM,Fire/violent rupture,0,BENSON,AZ,43,2,Day,Cloudy,Main,Freight Train,16,18883,0,18883,E74L,31.995233,-110.369111,50.5,46.6,42
UP,0922MA043,2022-09-26,5:56 PM,Derailment,0,STAMPS,AR,82,2,Day,Clear,Main,Freight Train,43,231411,159890,391301,E27C,33.357385,-93.459233,76.9,72.4,68.3
NS,134351,2019-06-14,3:16 PM,Other impacts,0,RANDOLPH,AL,83,2,Day,Clear,Main,Freight Train,7,0,16723,16723,H312,32.955245,-86.908097,70.6,70.9,75.3
ATK,154611,2018-08-03,7:58 AM,Other (describe in narrative),0,ELKTON,MD,77,2,Day,Cloudy,Main,Passenger Train - Pulling,79,14446,0,14446,E78L,39.605571,-75.849822,78.7,77,78.7
NS,129419,2018-05-10,12:05 PM,Raking collision,0,IRONDALE,AL,88,2,Day,Clear,Yard,Yard/switching,7,756,80655,231503,H305,33.548905,-86.67801,74,77.6,77.2
KJRY,KJ191018O,2019-10-18,4:25 PM,Other (describe in narrative),0,BURNSIDE,IL,52,2,Day,Clear,Main,Freight Train,10,17000,0,17000,E79L,40.5027,-91.1064,46.6,48.9,56.6
NS,138034,2020-05-24,12:40 AM,Other impacts,0,ELKHART,IN,60,4,Dark,Rain,Yard,Single Car,10,28246,0,37510,M407,41.67736,-85.978495,66.6,75.2,77.1
UP,0615SL003,2015-06-05,3:56 PM,Hwy-rail crossing,0,WILMINGTON,IL,75,2,Day,Clear,Main,,0,0,13993,39993,M308,41.326867,-88.140688,71.3,65.4,65.4
UP,1115LK007,2015-11-10,12:05 AM,Derailment,0,PINE BLUFF,AR,47,4,Dark,Clear,Yard,Yard/switching,7,3292,42926,46218,E64C,34.233468,-91.957819,52.1,55.5,64.4
UP,0415LK016,2015-04-14,4:34 AM,Derailment,0,NORTH LITTLE ROCK,AR,65,1,Dawn,Cloudy,Yard,Yard/switching,2,150,0,19530,M411,34.774303,-92.226251,68.1,61.5,63.4
UP,1017LK013,2017-10-05,2:55 AM,Derailment,0,PINE BLUFF,AR,70,4,Dark,Cloudy,Yard,Yard/switching,1,9027,2560,11587,T221,34.227361,-91.964894,75.5,73.3,72
UP,0417LK015,2017-04-17,11:45 PM,Other impacts,0,NORTH LITTLE ROCK,AR,75,4,Dark,Cloudy,Yard,Single Car,4,10738,0,12078,S015,34.773064,-92.229567,71.2,67,69.7
NS,129398,2018-05-08,10:15 PM,Derailment,0,IRONDALE,AL,65,4,Dark,Clear,Yard,Yard/switching,5,2100,0,11400,H020,33.548905,-86.67801,71.4,72,74
BNSF,PR1016116,2016-10-17,1:00 PM,Obstruction,0,TRINIDAD,CO,66,2,Day,Clear,Main,,0,0,0,0,H997,37.037559,-104.510086,70.4,71.8,53.7
ATK,136679,2015-03-15,9:30 AM,Hwy-rail crossing,0,ALTON,IL,60,2,Day,Clear,Main,Passenger Train - Pulling,75,21500,0,22700,M308,38.91707,-90.14997,53.3,53.4,62.2
NSCR,NS2018005,2018-12-28,5:55 PM,Hwy-rail crossing,0,ANOKA,MN,19,4,Dark,Cloudy,Main,Commuter Train - Pulling,74,10000,0,18614,M302,45.186969,-93.345449,34.7,19.9,10.9
BNSF,HL1022109,2022-10-15,4:40 PM,Derailment,0,NORTH KANSAS CITY,MO,65,2,Day,Clear,Yard,Yard/switching,2,15762,16000,31762,H506,39.121569,-94.583271,56.9,54.3,54.7
KCS,21070901,2021-07-09,7:37 AM,Hwy-rail crossing,0,MENA,AR,88,1,Dawn,Clear,Siding,Freight Train,0,26275,0,77973,M308,34.554184,-94.339045,80.5,81.7,81.6
UP,0519MA023,2019-05-12,7:20 AM,Derailment,0,PINE BLUFF,AR,60,2,Day,Cloudy,Yard,Light loco(s),4,12100,350,12450,H704,34.252917,-91.936556,61,64.3,66
RTDC,131119,2020-02-24,4:59 AM,Side collision,0,DENVER,CO,38,4,Dark,Clear,Yard,EMU,3,250,0,15250,M405,39.78982,-104.99592,35.6,32.2,21.6
MNA,MNA782915D,2015-08-07,11:30 AM,Derailment,0,COTTER,AR,91,2,Day,Clear,Main,Freight Train,5,5000,169000,174000,E07C,36.274851,-92.56026,78.5,81,80.7
CSX,000175542,2018-03-30,6:43 PM,Derailment,0,LOUISVILLE,KY,60,2,Day,Clear,Yard,Light loco(s),0,41700,0,96530,H702,38.279951,-85.516779,59.2,48.8,51.2
UP,0721GL009,2021-07-10,2:32 PM,Derailment,0,BREWSTER,MN,64,2,Day,Cloudy,Main,Freight Train,28,819178,205760,1024938,H503,43.688488,-95.486413,68.2,64.6,68
BNSF,KS0122111,2022-01-15,3:01 AM,Derailment,0,KANSAS CITY,KS,20,4,Dark,Snow,Yard,Yard/switching,5,300,15935,16235,H704,39.085529,-94.679508,39.1,25.4,24.8
CSX,000188494,2020-02-18,4:38 AM,Other impacts,0,DECATUR,AL,70,4,Dark,Cloudy,Yard,Cut of cars,4,14898,0,21982,H302,34.58851,-86.985257,48.7,55.7,46.3
BNSF,TC0915116,2015-09-25,4:30 AM,Other (describe in narrative),0,MINNEAPOLIS,MN,63,4,Dark,Cloudy,Yard,,0,0,75640,75640,H704,45.020335,-93.263184,66.1,68.1,66.3
UP,0718ST010,2018-07-10,4:30 PM,Derailment,0,MARANA,AZ,75,2,Day,Rain,Main,Freight Train,54,1026351,197220,1223571,M103,32.39057,-111.11779,79.1,72.9,77.7
UP,0915DV013,2015-09-27,4:16 AM,Derailment,0,CARR,CO,55,4,Dark,Clear,Main,Freight Train,21,18395,500,18895,H503,40.987272,-104.880697,61.2,68.2,60.1
BNSF,CH1020105,2020-10-13,12:45 AM,Side collision,0,GALESBURG,IL,45,4,Dark,Clear,Yard,Yard/switching,2,15838,0,18388,H702,40.91542,-90.380633,57.8,52.1,57.7
DRIR,07211501,2015-07-20,9:00 AM,Other impacts,0,DENVER,CO,72,2,Day,Clear,Yard,Yard/switching,5,30000,0,30000,H399,39.780428,-104.915436,67.5,69.2,67.3
NS,117632,2015-10-04,6:15 PM,Derailment,0,JENNINGS,MO,60,3,Dusk,Cloudy,Yard,Freight Train,5,50900,300,51200,H525,38.702049,-90.226975,54.6,54.8,61.3
UP,0516SL010,2016-05-26,4:21 AM,Derailment,0,PIEDMONT,MO,66,4,Dark,Cloudy,Industry,Work train,3,77735,412402,490137,M501,37.242472,-90.689675,69.3,69.5,69.5
UP,0720MA038,2020-07-24,2:23 PM,Hwy-rail crossing,0,MINTURN,AR,91,2,Day,Clear,Main,Freight Train,37,12100,99,12199,M302,35.981151,-91.023146,80.3,82.6,82.4
BNSF,SW0518105,2018-05-14,3:55 PM,Rear end collision,0,PEACH SPRINGS,AZ,85,2,Day,Clear,Main,Spec. MoW Equip.,15,11000,0,101000,H402,35.514445,-113.459683,66.5,67.1,70.5
UP,0520ST002,2020-05-05,3:00 AM,Other impacts,0,FLORENCE,AZ,70,4,Dark,Clear,Siding,Cut of cars,0,4694,0,39359,H702,33.135588,-111.503002,81.8,84.3,87.3
UP,0115LK001,2015-01-05,8:30 AM,Side collision,0,PINE BLUFF,AR,30,2,Day,Cloudy,Yard,Light loco(s),0,6535,528,15304,H607,34.232617,-91.958758,38.4,28.4,36.4
UP,0816LK032,2016-08-31,6:45 AM,Hwy-rail crossing,0,CORNING,AR,80,1,Dawn,Clear,Main,Freight Train,40,1218,161023,162241,M303,36.407885,-90.579824,82.4,79.8,75.4
BNSF,RD0519118,2019-05-18,7:10 PM,Derailment,0,TEXARKANA,AR,72,3,Dusk,Cloudy,Main,Freight Train,37,50902,0,549564,E62C,33.501652,-93.942509,75.4,70.9,74.5
BNSF,KS1022102,2022-10-04,4:15 AM,Derailment,0,HUTCHINSON,KS,55,1,Dawn,Clear,Industry,Freight Train,5,19964,3945,23909,H306,38.061646,-97.880501,65.9,66.8,66.5
NS,122762,2016-11-15,4:17 PM,Hwy-rail crossing,0,NORCROSS,GA,70,3,Dusk,Clear,Main,Freight Train,42,0,16713,16713,M303,33.940604,-84.214426,48.8,51.4,54.2
UP,0218LV017,2018-02-12,4:30 AM,Other impacts,0,LIVONIA,LA,40,4,Dark,Clear,Yard,Yard/switching,5,15206,800,30763,M411,30.521467,-91.55059,57.8,43.9,57.8
UP,1023MA032,2023-10-21,12:50 AM,Other impacts,0,PINE BLUFF,AR,64,4,Dark,Clear,Yard,Yard/switching,4,40281,800,41081,H307,34.230836,-91.959061,69.6,69.2,70.3
UP,0816LK010,2016-08-14,1:00 PM,Derailment,0,LEWISVILLE,AR,80,2,Day,Cloudy,Main,Freight Train,42,2157791,821740,2979531,E23C,33.357943,-93.632946,78.8,77.2,75
BNSF,CH0315100,2015-03-05,1:24 PM,Derailment,10,GALENA,IL,25,2,Day,Clear,Main,Freight Train,23,2043165,2169305,4212470,E61C,42.374843,-90.444164,10.8,2.4,15.4
ABS,200509001,2020-05-09,2:45 PM,Derailment,0,TUSCALOOSA,AL,70,2,Day,Clear,Yard,Freight Train,5,5810,9411,15221,T220,33.207625,-87.575826,59.6,56.4,59.6
UP,1018ST032,2018-10-31,9:00 AM,Hwy-rail crossing,0,BENSON,AZ,65,2,Day,Clear,Main,Freight Train,32,28935,97899,126834,M302,31.990661,-110.435714,64.5,56.7,53.7
BNSF,TC0518101,2018-05-01,1:00 PM,Other (describe in narrative),0,HANLEY FALLS,MN,60,2,Day,Clear,Main,Freight Train,49,0,25000,25000,H404,44.642245,-95.646162,68.6,52.4,53.1
NS,139531,2020-10-25,12:20 PM,Derailment,0,ROANOKE,IN,48,2,Day,Clear,Yard,Freight Train,12,23519,51310,74829,H504,40.981451,-85.347554,42.1,42.9,44.6
UP,1023MA037,2023-10-22,1:27 PM,Other impacts,0,PINE BLUFF,AR,79,2,Day,Clear,Yard,Single Car,2,0,0,14007,E23C,34.249587,-91.940144,69.2,70.3,73.3
UP,0517LK014,2017-05-09,1:45 AM,Derailment,0,BALD KNOB,AR,61,4,Dark,Clear,Yard,Single Car,0,40,0,19483,E64C,35.302355,-91.577433,70,71.7,72.8
BNSF,CH0419110,2019-04-27,7:30 PM,Derailment,0,CICERO,IL,40,3,Dusk,Rain,Yard,Freight Train,5,1000,30000,31000,T221,41.837786,-87.768763,56.3,39,43
UP,1019ST022,2019-10-21,5:59 PM,Derailment,0,TUCSON,AZ,84,2,Day,Clear,Yard,Light loco(s),0,500,0,88681,H511,32.202868,-110.938868,65.8,65.4,68.3
UP,1020GL036,2020-10-26,9:20 PM,Derailment,0,MARSHALLTOWN,IA,22,4,Dark,Clear,Yard,Freight Train,8,6258,136870,143128,E64C,42.04089,-92.918015,31.7,26.4,29
CSX,000169716,2017-06-18,10:35 PM,Derailment,0,BRUNSWICK,MD,70,4,Dark,Clear,Yard,Freight Train,4,46417,856,47273,H702,39.313535,-77.635342,76.7,81.3,77.1
UP,0822MA005,2022-08-03,11:30 AM,Other impacts,0,PINE BLUFF,AR,87,2,Day,Clear,Yard,Yard/switching,0,28860,0,29067,H318,34.249421,-91.9397,84.4,84.3,80.1
UP,0123LA034,2023-01-22,6:15 AM,Derailment,0,PHOENIX,AZ,37,1,Dawn,Clear,Yard,Freight Train,7,11801,7399,19200,H307,33.443724,-112.059965,48,48.2,44.5
HESR,HES191719D,2019-10-01,2:10 AM,Derailment,0,AKRON,MI,70,4,Dark,Cloudy,Main,Freight Train,10,20000,0,20000,E24C,43.563372,-83.516625,64.6,71.2,57.4
NS,127427,2017-11-15,2:05 PM,Derailment,0,ATLANTA,GA,60,2,Day,Clear,Yard,Yard/switching,5,45,12280,12325,E67L,33.793887,-84.445407,48.5,47.8,55.6
CP,1000431241,2016-07-31,2:00 AM,Derailment,0,MELVINDALE,MI,69,4,Dark,Cloudy,Yard,Light loco(s),5,52130,0,52230,H702,42.281784,-83.159848,72.6,74.1,75.5
NS,141011,2021-03-23,11:05 AM,Side collision,0,ELKHART,IN,68,2,Day,Clear,Main,Yard/switching,2,216104,37949,407480,E30C,41.677391,-85.978436,53.5,57.9,58.1
UP,0717LK003,2017-07-01,11:30 AM,Derailment,0,PINE BLUFF,AR,87,2,Day,Clear,Yard,Yard/switching,3,140396,177142,317538,M411,34.247051,-91.9416,79.8,75.9,77.4
UP,1018LV006,2018-10-05,5:05 AM,Derailment,0,WESTWEGO,LA,78,1,Dawn,Clear,Main,Freight Train,4,146024,5750,261084,H503,29.916951,-90.182708,81.8,82,82.3
UP,0716LK026,2016-07-29,8:45 AM,Fire/violent rupture,0,NEWPORT,AR,82,2,Day,Cloudy,Main,Freight Train,40,41231,0,41231,E74L,35.564377,-91.355486,81.6,77.8,78.4
MNNR,0720001,2020-07-31,12:45 PM,Side collision,0,MINNEAPOLIS,MN,85,2,Day,Clear,Yard,Yard/switching,5,64204,0,76704,H307,44.936666,-93.229275,72.6,73,73.3
GLC,GLC4062017,2017-04-06,2:05 PM,Hwy-rail crossing,0,OWOSSO,MI,34,2,Day,Sleet,Main,Maint./inspect Car,7,0,11000,11000,M308,42.999855,-84.186459,40.9,35.6,40.1
NS,144602,2022-03-05,9:10 AM,Other impacts,0,DECATUR,IL,53,2,Day,Clear,Yard,Cut of cars,0,14410,0,20124,H312,39.853228,-88.914282,38.9,59.5,46.6
BNSF,TC0219122,2019-02-26,1:00 AM,Derailment,0,HOLLOWAY,MN,-5,4,Dark,Snow,Industry,Freight Train,8,9371,5000,14371,M101,45.24716,-95.911774,-5.6,1.2,0.2
BNSF,CH0819107,2019-08-10,6:30 AM,Derailment,0,GALESBURG,IL,65,1,Dawn,Clear,Yard,Yard/switching,7,40421,1000,41421,H503,40.906993,-90.386442,69.5,71.9,75.6
UP,1116ST002,2016-11-07,11:06 PM,Derailment,0,PHOENIX,AZ,72,4,Dark,Clear,Yard,Yard/switching,8,37590,3070,56424,H318,33.444154,-112.148797,71.8,72.8,78.2
IC,986080,2019-01-30,7:30 PM,Derailment,0,HARVEY,IL,-18,4,Dark,Clear,Yard,Freight Train,4,2200,29198,1099964,H702,41.60655,-87.64457,3.2,-15.4,-9.6
UP,0715ST002,2015-07-01,9:00 PM,Fire/violent rupture,0,BENSON,AZ,83,4,Dark,Clear,Main,Freight Train,10,253476,100,253576,E73L,31.992353,-110.414131,78.1,75.8,80.2