reportingrailroadcode,accidentnumber,date,time,accidenttype,hazmatreleasedcars,station,stateabbr,temperature,visibility_code,visibility,weathercondition,tracktype,equipmenttype,trainspeed,equipmentdamagecost,trackdamagecost,totaldamagecost,primaryaccidentcausecode,latitude,longitude,prior_temp,actual_temp,following_temp
UP,0117ST001,2017-01-04,7:40 AM,Hwy-rail crossing,0,DATELAND,AZ,52,2,Day,Clear,Main,Freight Train,62,47389,301412,348801,M304,32.823754,-113.442062,54.5,55,57.2
UP,1218MA003,2018-12-02,6:30 AM,Derailment,0,NORTH LITTLE ROCK,AR,45,1,Dawn,Cloudy,Yard,Yard/switching,8,33150,139110,172260,M405,34.776721,-92.21738,63.5,51.2,40.6
UP,0115LK011,2015-01-17,5:20 PM,Derailment,0,RISON,AR,47,3,Dusk,Clear,Main,Work train,38,467906,238738,706644,E61C,33.965569,-92.184529,40,46.9,51
UP,0524MA040,2024-05-29,1:00 AM,Derailment,0,PINE BLUFF,AR,73,4,Dark,Cloudy,Yard,Yard/switching,4,16356,1056,17412,M404,34.252926,-91.936318,76.3,77.1,77.2
ARS,D626115,2015-07-06,2:20 AM,Derailment,0,WALDRON,AR,75,4,Dark,Clear,Main,Freight Train,9,90290,50000,140290,M199,34.939207,-94.202725,79.1,80.5,79.8
UP,0418LK015,2018-04-10,2:03 PM,Other impacts,0,NORTH LITTLE ROCK,AR,58,2,Day,Clear,Yard,Single Car,0,0,0,40101,M401,34.77114,-92.232982,49.3,52.7,58.1
KO,20160518,2016-05-17,10:00 AM,Derailment,0,BURDETT,KS,58,2,Day,Clear,Industry,Freight Train,5,16000,2000,18000,H099,38.192386,-99.526034,51.8,52.5,53.4
NIRC,MRI001,2015-01-13,7:01 AM,Hwy-rail crossing,0,ITASCA,IL,17,1,Dawn,Clear,Main,Commuter Train - Pushing,70,0,160000,160000,M306,41.97138,-88.01361,19.8,15.2,11.5
BNSF,SW0623108,2023-06-08,1:30 PM,Obstruction,0,CHAMBERS,AZ,85,2,Day,Clear,Main,Spec. MoW Equip.,10,0,15000,15000,H993,35.04934,-109.682122,59.5,59.1,59
UP,0719PR017,2019-07-11,9:30 PM,Other impacts,0,MELROSE PARK,IL,70,4,Dark,Cloudy,Yard,Freight Train,0,9495,0,12721,H021,41.914961,-87.91413,84.7,74.8,74.9
UP,0118KC038,2018-01-29,5:42 PM,Derailment,0,KANSAS CITY,MO,28,2,Day,Clear,Yard,Single Car,8,100,0,14210,S016,39.121935,-94.504038,33.9,23.7,38.1
UP,1218MA017,2018-12-08,10:30 AM,Hwy-rail crossing,0,EMMET,AR,38,2,Day,Rain,Main,Freight Train,30,9518,17000,26518,M302,33.728704,-93.473243,41.6,37.4,40.1
BNSF,SW0420109,2020-04-18,11:45 AM,Derailment,0,HOLBROOK,AZ,60,2,Day,Clear,Yard,Single Car,0,30142,0,30142,M599,34.934398,-110.047624,54.5,51.6,54.3
UP,1222MA012,2022-12-12,12:39 PM,Other (describe in narrative),0,PINE BLUFF,AR,50,2,Day,Clear,Yard,Single Car,0,24402,0,24402,M507,34.252178,-91.937717,52,49.8,60.9
UP,1122GC004,2022-11-05,3:00 AM,Derailment,0,LAKE CHARLES,LA,60,4,Dark,Rain,Main,Yard/switching,6,1821,24876,26697,H702,30.238279,-93.197878,74.9,62,71.5
CSX,000176146,2018-04-30,5:20 AM,Derailment,0,BIRMINGHAM,AL,65,1,Dawn,Clear,Main,Freight Train,17,179291,0,179291,E4AC,33.509477,-86.81225,59.8,60.9,70.4
KCS,20062501,2020-06-25,11:00 AM,Derailment,0,ASHDOWN,AR,89,2,Day,Clear,Industry,Freight Train,5,0,74482,74482,H306,33.644895,-94.11305,77.9,76.2,74
UP,0117LK010,2017-01-06,4:45 PM,Derailment,0,NORTH LITTLE ROCK,AR,20,2,Day,Cloudy,Yard,Freight Train,8,153751,38250,192001,T220,34.769582,-92.236953,32.4,21.8,20.6
BNSF,SW0416106,2016-04-29,2:55 PM,Derailment,0,GLENDALE,AZ,83,2,Day,Clear,Main,Freight Train,5,21200,1500,22700,H704,33.52481,-112.170055,68.3,70.6,68.4
KCS,15041901,2015-04-19,3:30 AM,Other (describe in narrative),0,NEAME,LA,60,4,Dark,Fog,Main,Freight Train,6,0,11657,11657,H607,30.963621,-93.281828,69.9,70.3,64.1
TCWR,TCW021919A,2019-02-19,11:58 AM,Hwy-rail crossing,0,RENVILLE,MN,10,2,Day,Cloudy,Main,Freight Train,20,20000,5000,25000,M302,44.789258,-95.158628,2.3,2.3,18.4
UP,0719ST025,2019-07-19,5:30 PM,Derailment,0,TUCSON,AZ,103,2,Day,Clear,Yard,Yard/switching,8,42786,200,42986,H318,32.200033,-110.932602,89.8,91.3,91
NS,136875,2020-01-18,3:50 PM,Other impacts,0,ELKHART,IN,13,2,Day,Cloudy,Yard,Yard/switching,12,36980,0,63989,M408,41.67736,-85.978495,23.4,30.4,11.2
UP,0622HL001,2022-06-04,1:55 AM,Derailment,0,SEDALIA,MO,64,4,Dark,Clear,Main,Freight Train,48,16252,15053,44157,E22C,38.723762,-93.279629,68.9,68.7,71.4
NS,138750,2020-08-04,4:00 PM,Other impacts,0,DECATUR,AL,88,3,Dusk,Clear,Yard,Single Car,0,93137,0,106822,H312,34.615477,-86.983764,76.7,76.9,77
UP,0520ST002,2020-05-05,3:00 AM,Other impacts,0,FLORENCE,AZ,70,4,Dark,Clear,Siding,Yard/switching,5,34216,449,39359,H702,33.135588,-111.503002,81.8,84.3,87.3
CSX,000190298,2020-05-18,6:05 PM,Derailment,0,SAVANNAH,GA,75,2,Day,Clear,Yard,Freight Train,1,10825,1775,12600,H505,32.074536,-81.142501,76.1,76.2,77.3
BNSF,HL0819112,2019-08-12,11:25 AM,Obstruction,0,DORA,AL,95,2,Day,Clear,Main,Freight Train,35,0,34577,34577,M404,33.724565,-87.089941,83.7,85,87.2
UP,0519MA012,2019-05-08,4:00 AM,Other impacts,0,NORTH LITTLE ROCK,AR,66,1,Dawn,Cloudy,Yard,Single Car,0,31504,0,52642,M407,34.775555,-92.220627,73,67.1,69.1
NS,130875,2018-09-10,2:40 AM,Derailment,0,IRONDALE,AL,72,4,Dark,Clear,Yard,Yard/switching,10,11000,0,37761,M407,33.548905,-86.67801,79.8,75,76.2
TPW,TPW878818G,2018-12-07,3:58 PM,Hwy-rail crossing,0,KENTLAND,IN,27,2,Day,Cloudy,Main,Freight Train,23,99993,29993,129986,M308,40.767606,-87.438073,29.2,21.4,21.1
CSX,000177335,2018-07-01,1:22 PM,Other impacts,0,FAIRBURN,GA,83,2,Day,Cloudy,Main,Freight Train,6,11298,0,17968,H302,33.548605,-84.544719,80.6,78.2,79.4
FEC,X26051324,2024-05-13,10:54 PM,Hwy-rail crossing,0,LAKE WORTH,FL,79,4,Dark,Clear,Main,,0,0,507,24707,M308,26.596217,-80.05474,81.6,82.9,86.2
UP,0517LK014,2017-05-09,1:45 AM,Derailment,0,BALD KNOB,AR,61,4,Dark,Clear,Yard,Freight Train,8,13360,6083,19483,E64C,35.302355,-91.577433,70,71.7,72.8
WC,1148465,2024-04-19,2:06 PM,Derailment,0,PROCTOR,MN,33,2,Day,Clear,Yard,Freight Train,1,12505,0,16505,M599,46.743584,-92.228495,42,34.6,36.7
UP,0522GC042,2022-05-26,6:00 PM,Other impacts,0,MARINGOUIN,LA,76,3,Dusk,Cloudy,Yard,Single Car,5,27467,0,27532,M411,30.527629,-91.555629,73.5,76.8,74.9
BNSF,SW0716105,2016-07-20,11:20 AM,Other impacts,0,PHOENIX,AZ,103,2,Day,Clear,Yard,Yard/switching,1,13188,2500,15688,H018,33.45703,-112.100917,95.1,96,100.1
UP,1123MA023,2023-11-18,3:00 PM,Other impacts,0,VAN BUREN,AR,67,2,Day,Clear,Siding,Freight Train,2,22758,0,108211,H307,35.433478,-94.33022,60.2,52.2,51.9
UP,0619PR016,2019-06-13,10:29 PM,Fire/violent rupture,0,MELROSE PARK,IL,59,4,Dark,Clear,Yard,Single Car,0,11600,0,11600,M406,41.89679,-87.897668,65.4,58.8,66.5
UP,1021MA039,2021-10-23,11:25 AM,Other impacts,0,NORTH LITTLE ROCK,AR,73,2,Day,Cloudy,Yard,Yard/switching,3,6901,0,138038,S016,34.775166,-92.221826,60.3,67.2,74.2
UP,1020GL014,2020-10-12,4:30 PM,Derailment,0,CEDAR RAPIDS,IA,65,2,Day,Clear,Yard,Yard/switching,4,159,18264,18423,H303,41.993485,-91.673888,64.4,58.1,52.8
AZER,AZE109916D,2016-10-11,7:30 PM,Derailment,0,MIAMI,AZ,70,4,Dark,Clear,Main,Freight Train,10,55066,77056,132122,T222,33.40979,-110.845661,80.3,80.3,76.2
UP,0519PR004,2019-05-24,5:00 PM,Derailment,0,MELROSE PARK,IL,69,2,Day,Cloudy,Yard,Cut of cars,0,31713,0,341290,E64C,41.897181,-87.898433,69.4,62.8,75.6
NS,139291,2020-09-29,12:15 AM,Derailment,0,LITTLEVILLE,AL,68,4,Dark,Clear,Main,Freight Train,17,2700,36508,39208,M405,34.613401,-87.657111,66.5,60.7,62.8
BNSF,CH1217112,2017-12-28,6:30 PM,Derailment,0,WILLOW SPRINGS,IL,10,3,Dusk,Snow,Siding,Yard/switching,8,25787,0,25787,H309,41.754824,-87.870203,1.5,8.9,13.2
BNSF,PR0516107,2016-05-19,11:55 AM,Derailment,0,DENVER,CO,60,2,Day,Clear,Yard,Yard/switching,4,23169,1200,24369,H312,39.774943,-104.983278,50.8,58.1,64.6
NS,121306,2016-07-17,8:30 AM,Derailment,0,SELMA,AL,85,2,Day,Cloudy,Yard,Freight Train,7,10357,2368,12725,H020,32.414944,-87.01584,79.5,79.1,82
KCS,18060901,2018-06-09,11:21 AM,Derailment,0,SHREVEPORT,LA,90,2,Day,Clear,Yard,Yard/switching,5,10952,61958,72910,E02C,32.532323,-93.831667,85,84.2,80.9
UP,0316LK027,2016-03-24,6:40 AM,Obstruction,0,PARAGOULD,AR,51,1,Dawn,Rain,Main,Freight Train,44,0,84434,84434,M402,36.049362,-90.488243,62.6,57.3,43.2
BNSF,TC1216109,2016-12-13,3:47 AM,Derailment,0,MOORHEAD,MN,-5,4,Dark,Clear,Yard,Yard/switching,4,8951,1600,10551,H702,46.874213,-96.681169,-0.5,2.1,-1.8
CSX,000187005,2019-12-08,2:39 PM,Raking collision,0,INDIANAPOLIS,IN,55,2,Day,Cloudy,Yard,Yard/switching,2,21140,6725,133065,H307,39.759791,-86.327526,31.9,41.9,50.4
UP,0617ES036,2017-06-28,1:40 PM,Obstruction,0,BERGER,MO,87,2,Day,Clear,Main,Spec. MoW Equip.,5,17531,0,17531,H997,38.665034,-91.315572,67.9,76,75.6
PAL,2024FEB1D,2024-02-08,2:51 PM,Derailment,0,PADUCAH,KY,64,2,Day,Clear,Yard,Freight Train,9,31262,1500,32762,H702,37.065334,-88.608928,44.2,57.7,60.6
UP,0215PR006,2015-02-03,10:00 AM,Other impacts,0,NORTHLAKE,IL,30,2,Day,Cloudy,Yard,Single Car,0,13555,0,13555,H601,41.909293,-87.91538,12.2,17.9,18.4
BNSF,CH0618105,2018-06-08,1:36 PM,Derailment,0,KAHOKA,MO,90,2,Day,Clear,Main,Freight Train,60,571624,850000,1427724,E53C,40.429374,-91.787575,78.1,76.5,77.1
BNSF,PR0115122,2015-01-31,9:40 AM,Derailment,0,PUEBLO,CO,50,2,Day,Clear,Yard,Yard/switching,5,9885,12000,21885,H507,38.271281,-104.625052,37.2,37.5,30.4
ALS,20150325,2015-03-25,9:30 PM,Derailment,0,EAST ST LOUIS,IL,55,4,Dark,Rain,Yard,Cut of cars,4,10250,8531,18781,M408,38.595088,-90.147473,39.2,51.9,44
UP,0821MA012,2021-08-11,2:48 AM,Derailment,0,PINE BLUFF,AR,81,4,Dark,Clear,Yard,Yard/switching,10,25102,97404,122506,H505,34.249542,-91.939361,86.9,87.3,86.1
UP,0219GL092,2019-02-23,2:51 PM,Other (describe in narrative),0,MELROSE PARK,IL,38,2,Day,Cloudy,Yard,Single Car,0,48263,0,48263,M411,41.900102,-87.911372,30.4,37.9,30.6
AM,AM092421,2021-09-24,2:00 AM,Derailment,0,VAN BUREN,AR,87,4,Dark,Clear,Yard,Yard/switching,3,31398,25000,56398,H502,35.260265,-94.213987,64.8,67.7,70.3
BNSF,RD0823203,2023-08-21,5:03 PM,Hwy-rail crossing,0,NEW IBERIA,LA,100,3,Dusk,Clear,Main,Freight Train,47,1545691,1534234,3079925,M302,30.054554,-91.875514,89.5,88.6,88.5
UP,0916LK013,2016-09-20,3:15 PM,Derailment,0,HOPE,AR,89,2,Day,Clear,Yard,Yard/switching,3,2960,11748,14708,E25C,33.659243,-93.633487,78.3,78.8,76.9
BNSF,CH0415106,2015-04-17,12:45 AM,Derailment,0,EOLA,IL,58,4,Dark,Clear,Yard,Freight Train,10,30000,1500,31500,E64C,41.77466,-88.249134,55.7,61.6,59.1
CSX,000153169,2015-10-12,6:45 PM,Other impacts,0,AVON,IN,65,2,Day,Clear,Yard,Cut of cars,7,26119,0,26119,E24C,39.759222,-86.353899,57.6,64.4,57.4
UP,1018ST016,2018-10-15,3:17 PM,Fire/violent rupture,0,TUCSON,AZ,74,2,Day,Clear,Main,Freight Train,60,31100,0,31100,E79L,32.35963,-111.088768,63.2,63.3,60
UP,1023MA037,2023-10-22,1:27 PM,Other impacts,0,PINE BLUFF,AR,79,2,Day,Clear,Yard,Yard/switching,2,12927,1080,14007,E23C,34.249587,-91.940144,69.2,70.3,73.3
UP,0819MA019,2019-08-09,10:18 AM,Other impacts,0,NORTH LITTLE ROCK,AR,79,2,Day,Cloudy,Yard,Yard/switching,5,9705,750,10715,H307,34.76992,-92.23622,79.6,81.5,77.7
BNSF,SW0918201,2018-09-13,10:54 AM,Hwy-rail crossing,0,PHOENIX,AZ,101,2,Day,Clear,Yard,Freight Train,8,12500,0,12500,M302,33.425948,-112.092863,94,92,93.8
UP,0815LK014,2015-08-18,3:15 PM,Hwy-rail crossing,0,PALESTINE,AR,85,2,Day,Clear,Main,Freight Train,22,34048,0,34048,M302,34.961659,-90.942703,78.7,79.1,76
BNSF,SW1221102,2021-12-07,5:22 AM,Derailment,0,WINSLOW,AZ,25,1,Dawn,Clear,Yard,Freight Train,5,159512,14800,174312,H307,35.023035,-110.702796,43.1,48.6,45.1
UP,1019HL007,2019-10-05,9:58 AM,Hwy-rail crossing,0,KANSAS CITY,KS,62,2,Day,Rain,Main,Freight Train,42,16514,250,16764,M302,39.078981,-94.748562,56,64.1,55.3
UP,0315PR024,2015-03-19,9:52 AM,Derailment,0,NORTHLAKE,IL,40,2,Day,Cloudy,Yard,Yard/switching,5,75293,57223,132516,E44C,41.894929,-87.898258,38.5,41.8,43.5
UP,0316LK012,2016-03-15,3:00 PM,Raking collision,0,NORTH LITTLE ROCK,AR,70,2,Day,Clear,Yard,Yard/switching,2,783,0,12622,S016,34.763821,-92.260122,63.6,73.2,62.8
UP,0817LK025,2017-08-20,7:09 AM,Other impacts,0,NORTH LITTLE ROCK,AR,79,2,Day,Cloudy,Yard,Freight Train,0,14866,99,28653,H306,34.77931,-92.21198,81.1,85.1,83.3
CSX,000178672,2018-09-10,12:38 AM,Other impacts,0,MONTGOMERY,AL,76,4,Dark,Cloudy,Yard,Cut of cars,0,11707,64,11871,H318,32.375967,-86.32647,81,78,78.9
CC,857184,2015-06-30,12:00 PM,Derailment,0,DUBUQUE,IA,71,2,Day,Cloudy,Yard,Freight Train,8,19142,33675,52817,H704,42.490544,-90.660193,67.2,67,62.2
UP,0124MA015,2024-01-12,10:38 PM,Other impacts,0,PINE BLUFF,AR,19,4,Dark,Cloudy,Yard,Cut of cars,5,1397,0,18757,E06C,34.249654,-91.94089,50.7,47.6,37.1
WC,1120794,2022-12-14,9:44 PM,Side collision,0,GARY,IN,37,4,Dark,Rain,Yard,Freight Train,0,21341,17846,48137,S016,41.629815,-87.412033,35.1,38.7,34.3
NS,137241,2020-02-20,12:45 PM,Obstruction,0,COALING,AL,44,2,Day,Rain,Main,Spec. MoW Equip.,5,42101,0,42101,H997,33.163624,-87.350335,51.4,45.5,38.6
UP,0416WH005,2016-04-26,10:08 PM,Derailment,0,BLACKWELL,AR,75,4,Dark,Cloudy,Main,Freight Train,37,7069,230357,237426,E62C,35.240896,-92.997681,69,74.3,70.3
CSX,000190058,2020-05-06,8:10 AM,Derailment,0,BIRMINGHAM,AL,62,2,Day,Clear,Yard,Yard/switching,7,190160,27984,218144,T221,33.543607,-86.790089,72.2,61.8,56.7
UP,1217UT003,2017-12-04,5:40 PM,Other impacts,0,POCATELLO,ID,26,4,Dark,Cloudy,Yard,Cut of cars,3,18909,0,19909,H318,42.856785,-112.441032,39.6,26.3,24.3
BNSF,HL0717104,2017-07-10,4:00 PM,Derailment,0,JONESBORO,AR,90,2,Day,Clear,Industry,Yard/switching,2,29007,0,70063,H306,35.808932,-90.636681,81.3,80.9,81.8
KAW,220524003,2022-05-24,12:45 PM,Derailment,0,LIBERTY,MO,50,2,Day,Rain,Industry,Yard/switching,3,0,15000,15000,H306,39.23312,-94.42833,59.6,57.9,63.9
UP,0121HL022,2021-01-28,7:30 AM,Derailment,0,WICHITA,KS,22,1,Dawn,Cloudy,Yard,Freight Train,5,32834,5380,38214,T220,37.736867,-97.319192,24,29.2,41.1
BNSF,SW0821108,2021-08-16,8:45 PM,Derailment,0,ST JOHNS,AZ,90,3,Dusk,Clear,Main,Freight Train,45,509368,100000,609368,T219,34.684074,-109.34538,72.2,69.5,69
UP,0615SL011,2015-06-28,4:15 PM,Derailment,0,EAST ST LOUIS,IL,85,2,Day,Clear,Yard,Freight Train,9,69336,0,310354,S011,38.588576,-90.127867,73.2,73.3,75.9
CSX,000198408,2021-06-22,3:20 PM,Derailment,0,BESSEMER,AL,82,2,Day,Clear,Main,Freight Train,8,82561,0,82561,M405,33.412063,-86.967247,77.4,72.7,73.3
UP,0622MA032,2022-06-24,9:15 AM,Derailment,0,NEWPORT,AR,82,2,Day,Clear,Yard,Yard/switching,7,6188,5250,11438,H503,35.611283,-91.278661,83.1,83,85.9
CSX,000185109,2019-09-03,7:21 PM,Derailment,0,BIRMINGHAM,AL,85,3,Dusk,Clear,Yard,Yard/switching,4,31506,1576,33082,S011,33.543607,-86.790089,80.7,81.8,82.3
CSX,000195785,2021-02-17,2:10 PM,Obstruction,0,HARTSELLE,AL,34,2,Day,Cloudy,Main,Freight Train,47,14621,0,14621,M404,34.495923,-86.959552,15.3,25,33.3
NS,141417,2021-05-02,9:45 AM,Derailment,0,IRONDALE,AL,70,2,Day,Cloudy,Yard,Yard/switching,7,2650,17788,20438,H504,33.548905,-86.678009,66.6,70.2,74.9
UP,0715PR018,2015-07-29,10:00 AM,Derailment,0,NORTHLAKE,IL,89,2,Day,Clear,Yard,Single Car,0,73567,0,185657,M411,41.909337,-87.915129,80.9,80.4,78.1
UP,0318LK011,2018-03-02,5:02 AM,Other impacts,0,PINE BLUFF,AR,50,4,Dark,Cloudy,Yard,Single Car,0,3614,0,13475,S007,34.24363,-91.944833,59.6,52.4,50.8
NS,153181,2023-05-26,5:45 AM,Side collision,0,CHICAGO,IL,50,1,Dawn,Clear,Yard,Cut of cars,6,13800,0,14300,H702,41.707776,-87.573432,54.3,59.2,62
IHB,2806,2023-02-04,5:15 AM,Raking collision,0,HAMMOND,IN,13,4,Dark,Clear,Yard,Yard/switching,6,5000,4632,17593,T220,41.61319,-87.49985,9.4,28.1,36.4
CSX,000195129,2021-01-20,8:08 PM,Side collision,0,FLATWOODS,KY,28,4,Dark,Clear,Yard,Cut of cars,0,0,0,86420,H307,38.540046,-82.712369,36,34.8,38.6
CSX,000187135,2019-12-14,8:30 AM,Side collision,0,INDIANAPOLIS,IN,42,2,Day,Cloudy,Yard,Yard/switching,2,31776,0,47920,H306,39.759791,-86.327526,36.5,37.7,28.7
UP,1021MA030,2021-10-13,7:00 AM,Other (describe in narrative),0,PINE BLUFF,AR,74,2,Day,Cloudy,Yard,Single Car,0,44719,33,44752,M201,34.253113,-91.936264,70.8,77.5,76.3
UP,1017LK003,2017-10-02,6:10 AM,Derailment,0,TEXARKANA,AR,85,1,Dawn,Clear,Siding,Cut of cars,0,2373,0,212917,E34C,33.420951,-94.030359,70.3,75.6,73.9
UP,0417LK005,2017-04-07,7:21 PM,Derailment,0,NORTH LITTLE ROCK,AR,74,2,Day,Clear,Yard,Single Car,0,516,0,304336,M405,34.763996,-92.260131,56.1,55.7,62.5
UP,1015SL012,2015-10-20,7:00 PM,Other impacts,0,ST LOUIS,MO,75,3,Dusk,Clear,Yard,Yard/switching,4,1890,0,14005,H310,38.605691,-90.193881,59.1,63.9,69.2
UP,0322LA011,2022-03-16,10:05 AM,Derailment,0,RIO RICO,AZ,49,2,Day,Clear,Main,Freight Train,2,24678,82935,107613,H306,31.458444,-110.970847,60.9,60.9,57.2
NS,138385,2020-07-01,5:35 AM,Side collision,0,ELKHART,IN,75,1,Dawn,Clear,Yard,Yard/switching,4,1661,0,87736,H706,41.67736,-85.978495,79.4,78.1,78.1
BNSF,SF0915110,2015-09-22,1:31 AM,Derailment,0,BLYTHEVILLE,AR,57,4,Dark,Clear,Main,Freight Train,12,20000,164704,184704,H607,35.912226,-89.905478,69.2,68.4,69.9
UP,0821MA010,2021-08-09,11:05 AM,Other impacts,0,NORTH LITTLE ROCK,AR,89,2,Day,Clear,Yard,Yard/switching,0,23446,33,26214,M407,34.775279,-92.221879,82.7,85.2,85.6
UP,0517LK031,2017-05-20,8:20 AM,Obstruction,0,KENSETT,AR,70,2,Day,Cloudy,Main,Freight Train,47,15336,0,15336,M404,35.215519,-91.689372,74.8,70.8,68.7
ATK,169741,2022-02-09,4:07 AM,Obstruction,0,HAVRE DE GRACE,MD,22,4,Dark,Clear,Main,Spec. MoW Equip.,32,300000,0,1600000,H699,39.542716,-76.107698,34.6,33.9,40.2
UP,0316LK012,2016-03-15,3:00 PM,Raking collision,0,NORTH LITTLE ROCK,AR,70,2,Day,Clear,Yard,Single Car,1,11633,0,12622,S016,34.763821,-92.260122,63.6,73.2,62.8
UP,0415PR031,2015-04-22,12:27 PM,Other (describe in narrative),0,NORTHLAKE,IL,65,2,Day,Clear,Yard,Single Car,10,12964,0,12964,H601,41.894929,-87.898258,44.5,39.8,42.7
UP,0218LK032,2018-02-21,9:16 AM,Other impacts,0,NORTH LITTLE ROCK,AR,49,2,Day,Rain,Yard,Yard/switching,10,0,33,14982,S016,34.77396,-92.223349,71.3,46.3,42.3
UP,0824MA024,2024-08-20,12:40 PM,Hwy-rail crossing,0,NORTH LITTLE ROCK,AR,83,2,Day,Clear,Main,Freight Train,25,3000,10167,13167,M303,34.823692,-92.32521,78.9,78.1,75.1
BNSF,TC0316106,2016-03-25,4:22 AM,Other (describe in narrative),0,FRIDLEY,MN,30,1,Dawn,Clear,Yard,Yard/switching,5,15000,0,15000,M407,45.04667,-93.273686,36.1,38.7,43.8
UP,0316WH006,2016-03-17,8:50 PM,Other impacts,0,PARSONS,KS,51,4,Dark,Clear,Yard,Yard/switching,10,135782,60171,239214,H306,37.334204,-95.262965,50,52.1,45.2
UP,0717LK017,2017-07-08,10:00 PM,Obstruction,0,PINE BLUFF,AR,80,4,Dark,Cloudy,Yard,Single Car,0,14895,0,27402,E12C,34.243238,-91.945399,83.2,79.2,80.2
IR,IR140933,2014-12-16,10:13 AM,Derailment,0,OREGON,IL,34,2,Day,Cloudy,Yard,Cut of cars,4,20000,0,30000,T222,42.001459,-89.334702,44,36.3,23.6
UP,0220MA016,2020-02-13,7:05 AM,Other impacts,0,NORTH LITTLE ROCK,AR,39,1,Dawn,Cloudy,Yard,Yard/switching,2,24101,0,63018,M407,34.774174,-92.223459,41.1,40.7,29.5
UP,0415LK016,2015-04-14,4:34 AM,Derailment,0,NORTH LITTLE ROCK,AR,65,1,Dawn,Cloudy,Yard,Single Car,0,150,19230,19530,M411,34.774303,-92.226251,68.1,61.5,63.4
UP,0420MA030,2020-04-29,7:30 AM,Obstruction,0,GURDON,AR,63,2,Day,Cloudy,Main,Freight Train,40,16250,0,16250,M404,33.865351,-93.279955,69.1,65.1,64.2
BNSF,HL0319201,2019-03-19,8:15 PM,Hwy-rail crossing,0,BAY,AR,58,3,Dusk,Clear,Main,Freight Train,58,75000,500,75500,M302,35.767496,-90.590901,48.6,48.3,45.9
GDLK,180102003,2018-01-02,2:00 PM,Hwy-rail crossing,0,THREE RIVERS,MI,8,2,Day,Clear,Main,Freight Train,25,1140,27335,28475,M302,41.954695,-85.639436,7.3,-0.1,12.7
KAW,220528001,2022-05-28,12:15 AM,Obstruction,0,KANSAS CITY,MO,80,4,Dark,Clear,Industry,Cut of cars,0,27500,20000,869635,H499,39.09384,-94.54024,64.4,74.5,79.1
MNA,MNA666920,2020-09-28,12:35 PM,Derailment,0,AURORA,MO,70,2,Day,Clear,Yard,Light loco(s),4,250,0,15250,H702,36.97664,-93.724454,65.6,56.7,55.9
NS,135566,2019-09-20,6:20 AM,Derailment,0,DECATUR,IL,72,1,Dawn,Clear,Yard,Yard/switching,4,7525,78825,86350,H318,39.858895,-88.896691,71.6,76.4,75.7
CSX,000188951,2020-03-07,4:45 AM,Derailment,0,FLOMATON,AL,38,1,Dawn,Clear,Main,Freight Train,5,20421,36260,56681,E23C,30.999537,-87.256825,57.5,51.4,58.4
UP,0819ST015,2019-08-13,12:40 AM,Derailment,0,TUCSON,AZ,87,4,Dark,Clear,Yard,Cut of cars,0,146941,0,597083,H601,32.198078,-110.92986,87.5,88.8,90
UP,0715PR019,2015-07-27,1:12 PM,Other (describe in narrative),0,NORTHLAKE,IL,65,2,Day,Clear,Yard,Cut of cars,10,68508,0,68508,H601,41.895953,-87.907423,74.8,77.9,80.9
UP,1017LK031,2017-10-25,7:03 PM,Derailment,0,PINE BLUFF,AR,55,4,Dark,Clear,Yard,Yard/switching,7,23016,2200,25216,T220,34.237598,-91.95075,58.1,54.4,61.1
CSX,000177335,2018-07-01,1:22 PM,Other impacts,0,FAIRBURN,GA,83,2,Day,Cloudy,Main,Cut of cars,6,6590,80,17968,H302,33.548605,-84.544719,80.6,78.2,79.4
CSX,000165516,2016-12-28,11:20 AM,Other impacts,0,HAGERSTOWN,MD,50,2,Day,Cloudy,Yard,Cut of cars,0,0,0,15425,M599,39.644147,-77.729465,53,38.8,38.7
CSX,000187135,2019-12-14,8:30 AM,Side collision,0,INDIANAPOLIS,IN,42,2,Day,Cloudy,Yard,Yard/switching,2,15894,250,47920,H306,39.759791,-86.327526,36.5,37.7,28.7
NS,136875,2020-01-18,3:50 PM,Other impacts,0,ELKHART,IN,13,2,Day,Cloudy,Yard,Yard/switching,0,15570,11439,63989,M408,41.67736,-85.978495,23.4,30.4,11.2
UP,0416KC001,2016-04-04,3:39 AM,Derailment,0,KANSAS CITY,MO,50,4,Dark,Clear,Yard,Freight Train,0,26455,0,71008,H306,39.124893,-94.517969,64.7,60.9,60.3
CSX,000195208,2021-01-24,6:30 AM,Derailment,0,EVANSVILLE,IN,30,4,Dark,Rain,Yard,Freight Train,6,16407,178,16585,H704,37.962372,-87.609363,30.5,36.9,38.7
UP,0816DV024,2016-08-25,8:53 AM,Other impacts,0,WINTER PARK,CO,80,2,Day,Clear,Yard,Single Car,0,11430,0,11430,M411,39.796479,-104.953429,56.7,53.4,54.8
UP,0123MA030,2023-01-02,7:25 PM,Other impacts,0,NORTH LITTLE ROCK,AR,69,3,Dusk,Rain,Yard,Yard/switching,5,17356,1300,22785,M407,34.774762,-92.222021,58.6,68.3,65.4
UP,1117TC011,2017-11-14,12:45 AM,Derailment,0,MANKATO,MN,45,4,Dark,Cloudy,Yard,Cut of cars,0,6684,0,24685,H702,44.211262,-93.985217,34,42.8,32.7