reportingrailroadcode,accidentnumber,date,time,accidenttype,hazmatreleasedcars,station,stateabbr,temperature,visibility_code,visibility,weathercondition,tracktype,equipmenttype,trainspeed,equipmentdamagecost,trackdamagecost,totaldamagecost,primaryaccidentcausecode,latitude,longitude,prior_temp,actual_temp,following_temp
EARY,EAR653820,2020-08-29,3:16 PM,Derailment,0,TALLADEGA,AL,90,2,Day,Clear,Main,,0,0,110607,271991,T220,33.430648,-86.110167,77.9,79.3,78.8
UP,0719MA036,2019-07-19,6:39 AM,Hwy-rail crossing,0,WALDO,AR,75,1,Dawn,Clear,Main,Freight Train,48,13689,99,13788,M399,33.348806,-93.2739,83.7,83.3,83.5
ATK,163289,2020-02-28,3:34 PM,Obstruction,0,MOUNDVILLE,AL,57,2,Day,Clear,Main,Passenger Train - Pulling,59,46137,0,46137,M404,33.012515,-87.615128,41.7,44.4,48.4
UP,1216LK006,2016-12-02,4:30 PM,Derailment,0,ALTHEIMER,AR,55,2,Day,Clear,Main,Freight Train,37,693005,470869,1163874,T211,34.324217,-91.843138,44.9,47.2,46.9
UP,0115LK001,2015-01-05,8:30 AM,Side collision,0,PINE BLUFF,AR,30,2,Day,Cloudy,Yard,Yard/switching,4,8241,0,15304,H607,34.232617,-91.958758,38.4,28.4,36.4
CP,1001552197,2021-08-25,5:08 PM,Side collision,0,ST PAUL,MN,82,2,Day,Clear,Main,Freight Train,21,275646,0,648137,H221,44.94967,-93.072881,73.5,75.5,67.6
BNSF,TC1120105,2020-11-12,5:50 AM,Derailment,0,FRIDLEY,MN,20,1,Dawn,Clear,Yard,Yard/switching,2,14382,25000,39382,H599,45.046268,-93.273024,29,27.2,25.1
BRC,014534,2022-04-28,6:40 PM,Derailment,0,BEDFORD PARK,IL,35,3,Dusk,Cloudy,Yard,Yard/switching,7,25189,4000,29189,H399,41.76735,-87.75735,39.5,47.1,58.5
UP,1021MA039,2021-10-23,11:25 AM,Other impacts,0,NORTH LITTLE ROCK,AR,73,2,Day,Cloudy,Yard,Single Car,3,131137,0,138038,S016,34.775166,-92.221826,60.3,67.2,74.2
NS,129419,2018-05-10,12:05 PM,Raking collision,0,IRONDALE,AL,88,2,Day,Clear,Yard,Freight Train,8,150092,0,231503,H305,33.548905,-86.67801,74,77.6,77.2
BNSF,CH0319102,2019-03-10,10:38 PM,Derailment,0,GALVA,IL,30,4,Dark,Clear,Industry,Light loco(s),7,14000,0,14000,H607,41.173927,-90.02641,36,34.9,33.8
UP,0622MA023,2022-06-17,11:29 AM,Derailment,0,PINE BLUFF,AR,92,2,Day,Clear,Yard,Yard/switching,4,50744,407,51151,M405,34.249726,-91.940034,86.2,87.2,87.3
BNSF,TC1015121,2015-10-23,12:58 PM,Derailment,0,ST PAUL,MN,46,2,Day,Rain,Main,,0,0,38200,39191,H504,44.965515,-93.087474,49.7,51,51.2
UP,0121HL011,2021-01-18,7:55 AM,Other impacts,0,KANSAS CITY,KS,30,1,Dawn,Cloudy,Yard,Yard/switching,3,24241,0,25964,H318,39.094747,-94.65324,32.4,32.9,36.3
NS,135212,2019-08-23,11:30 AM,Other impacts,0,OAKLEY,IL,82,2,Day,Clear,Yard,Freight Train,8,44512,0,142278,H306,39.862598,-88.881305,73.4,67.3,63.7
LIRC,0603202001,2020-06-03,12:35 PM,Hwy-rail crossing,0,COLUMBUS,IN,85,2,Day,Clear,Main,,0,0,55000,56271,M308,39.253209,-85.940433,75.6,78.3,76.3
ATK,142342,2016-05-10,12:20 PM,Derailment,0,MALVERN,AR,80,2,Day,Clear,Main,Passenger Train - Pulling,10,22000,0,66789,S011,34.383966,-92.725584,68.6,75.2,76.5
UP,1019ST013,2019-10-12,5:15 PM,Derailment,0,TUCSON,AZ,88,2,Day,Clear,Industry,Yard/switching,10,21281,150,21431,H599,32.195128,-110.929834,71.1,74.6,72
AM,AM071817,2017-07-18,2:10 PM,Derailment,0,VAN BUREN,AR,94,2,Day,Clear,Yard,Freight Train,10,5000,10518,15518,E49C,35.432623,-94.3559,83.8,83.1,84.6
CSX,000192444,2020-09-04,7:35 AM,Hwy-rail crossing,0,ELIZABETHTOWN,KY,70,1,Dawn,Cloudy,Main,Freight Train,22,23855,200,24055,M303,37.647028,-85.903078,75.2,71.6,66
KCS,14113001,2014-11-30,11:00 AM,Derailment,0,MERIDIAN,MS,65,2,Day,Cloudy,Yard,Yard/switching,3,5871,4734,10605,M411,32.356717,-88.719167,53.4,62,60.7
UP,0816ST018,2016-08-22,1:00 PM,Derailment,0,PHOENIX,AZ,105,2,Day,Clear,Siding,Spec. MoW Equip.,5,16830,0,16830,H997,33.443052,-112.091777,89,88.3,85.9
UP,0618TC013,2018-06-12,2:15 AM,Derailment,0,SOUTH ST PAUL,MN,66,4,Dark,Cloudy,Yard,Yard/switching,10,10469,5611,16080,E67C,44.90651,-93.04571,68.3,72,69.8
GIMY,GIM682320,2020-10-29,9:25 AM,Other impacts,0,GARDEN CITY,GA,82,2,Day,Cloudy,Yard,Cut of cars,0,0,0,42000,H702,32.027718,-81.14885,78.6,78.6,64.4
BNSF,TC0619102,2019-06-06,2:32 PM,Other (describe in narrative),0,MINNEAPOLIS,MN,90,2,Day,Clear,Main,,0,0,21700,21700,H403,44.992512,-93.250636,72.2,73,79.3
CSX,000177196,2018-06-25,12:45 PM,Obstruction,0,ST ELMO,IL,80,2,Day,Clear,Siding,Spec. MoW Equip.,20,10000,0,20000,H102,39.038072,-88.823837,74.2,75.1,74.5
BNSF,NW0720109,2020-07-18,2:10 PM,Derailment,0,RATHDRUM,ID,80,2,Day,Clear,Yard,Freight Train,2,6900,3940,10840,H318,47.776722,-116.955214,69.7,69.2,71.2
NS,132413,2019-01-14,7:06 AM,Other (describe in narrative),0,CHICAGO,IL,24,1,Dawn,Clear,Yard,,0,0,30980,70980,H607,41.820805,-87.673669,29.5,25.4,27.6
UP,0120MA016,2020-01-18,8:00 PM,Other impacts,0,PINE BLUFF,AR,47,4,Dark,Clear,Yard,Light loco(s),7,0,183,23716,H017,34.252795,-91.936677,43.8,57,40.2
CSX,000212251,2023-07-10,7:30 PM,Derailment,0,JACKSONVILLE,FL,81,3,Dusk,Clear,Yard,Freight Train,3,11401,3715,15116,H702,30.383475,-81.768295,84.3,81,83.1
NS,140613,2021-02-16,1:50 AM,Other impacts,0,ATLANTA,GA,36,4,Dark,Clear,Yard,Yard/switching,4,10296,0,20652,H601,33.793527,-84.444462,44.6,30.4,37.3
UP,0118PR012,2018-01-15,9:00 PM,Other (describe in narrative),0,MELROSE PARK,IL,24,4,Dark,Cloudy,Yard,Single Car,3,13675,0,13675,M411,41.899445,-87.907678,13.8,17.4,16.6
BRC,14609,2023-02-24,5:30 PM,Other impacts,1,BEDFORD PARK,IL,26,2,Day,Clear,Yard,Yard/switching,15,358807,100000,458807,H523,41.7675,-87.77611,34.1,24.2,31.8
ATK,135648,2014-12-19,2:13 AM,Derailment,0,"WASHINGTON, DC",DC,37,4,Dark,Cloudy,Yard,Light loco(s),3,9706,1935,11641,H702,38.899199,-77.004719,39.4,38.5,35.6
CSX,000176265,2018-05-08,7:25 AM,Derailment,0,PORT HURON,MI,55,1,Dawn,Clear,Yard,,0,0,8910,19323,H702,42.972512,-82.420641,48.9,60,65.3
UP,0819RM030,2019-08-24,8:51 PM,Hwy-rail crossing,0,BANCROFT,ID,81,4,Dark,Clear,Main,Freight Train,60,59402,200,59602,M302,42.680011,-111.789006,58.8,63.7,65.4
UP,0818PR008,2018-08-13,1:30 PM,Derailment,0,BEDFORD PARK,IL,85,2,Day,Clear,Industry,Freight Train,3,260342,0,266147,T221,41.765833,-87.763733,79.3,78.4,80.4
UP,0319MA015,2019-03-09,8:00 PM,Derailment,0,PINE BLUFF,AR,59,4,Dark,Clear,Yard,Yard/switching,6,6881,40497,47378,E07C,34.249069,-91.940578,58.5,62.7,53.4
UP,0515CB003,2015-05-08,1:00 AM,Obstruction,0,COUNCIL BLUFFS,IA,60,4,Dark,Cloudy,Main,Freight Train,0,10212,750,10962,M101,41.294165,-95.859581,68.2,56.7,60.7
BNSF,MT0320109,2020-03-13,11:41 PM,Obstruction,0,SANDPOINT,ID,21,4,Dark,Snow,Main,,0,0,0,13692,M404,48.330631,-116.560257,33,29,17.4
ATK,147263,2017-04-30,7:48 AM,Obstruction,0,SHIPMAN,IL,52,2,Day,Rain,Main,Passenger Train - Pulling,55,29734,0,29734,M404,39.182922,-89.969143,56.4,59.4,50.9
NS,120161,2016-04-16,12:15 PM,Side collision,0,DORAVILLE,GA,65,2,Day,Cloudy,Yard,Freight Train,0,1320,0,30929,H307,33.899959,-84.285001,59,62.6,60.1
UP,0418LK023,2018-04-15,12:50 AM,Derailment,0,PINE BLUFF,AR,44,4,Dark,Cloudy,Yard,Cut of cars,0,58527,0,330148,T221,34.24856,-91.939275,58.4,45.3,50.4
NS,122858,2016-11-22,5:20 PM,Derailment,0,DECATUR,IL,42,3,Dusk,Cloudy,Yard,Yard/switching,7,3285,0,44453,H210,39.858895,-88.896691,31.7,39.8,45.2
EIRR,190130008,2019-01-30,1:00 PM,Derailment,0,REXBURG,ID,25,2,Day,Snow,Main,Light loco(s),25,36000,0,36000,M101,43.765296,-111.719194,9.4,7.5,17.6
NS,131858,2018-11-29,9:45 AM,Hwy-rail crossing,0,HAZLEHURST,GA,68,2,Day,Clear,Main,Freight Train,35,15881,10824,26705,M302,31.858014,-82.579335,41.2,47.3,56.5
UP,0219MA045,2019-02-25,2:35 AM,Derailment,0,NORTH LITTLE ROCK,AR,33,4,Dark,Clear,Yard,Yard/switching,4,500,49178,49678,H702,34.77019,-92.235546,46.2,42.6,48.6
UP,0319MA008,2019-03-05,5:20 AM,Obstruction,0,PINE BLUFF,AR,26,1,Dawn,Clear,Yard,Freight Train,5,1758,34205,35963,M404,34.234612,-91.953216,26.4,33,34.7
ALS,0623AS002,2023-06-05,6:35 AM,Derailment,0,EAST ST LOUIS,IL,82,1,Dawn,Clear,Yard,Freight Train,4,17750,15860,33610,M204,38.594599,-90.146496,76.6,72.3,72.5
BNSF,CH1218113,2018-12-19,9:20 PM,Derailment,0,CICERO,IL,30,4,Dark,Clear,Yard,Light loco(s),6,35000,8000,43000,H704,41.837328,-87.77533,32.7,41.8,44.4
UP,0415PR025,2015-04-22,3:30 AM,Derailment,0,NORTHLAKE,IL,61,4,Dark,Cloudy,Yard,Yard/switching,4,1245,10510,11755,T221,41.895774,-87.896484,44.5,39.8,42.7
BNSF,CH1217114,2017-12-29,7:32 PM,Other (describe in narrative),0,NIOTA,IL,15,3,Dusk,Sleet,Main,Freight Train,2,500,14000,14500,H702,40.61894,-91.282511,8.2,13.2,3.9
UP,0820MA038,2020-08-29,8:20 AM,Other impacts,0,NORTH LITTLE ROCK,AR,78,2,Day,Cloudy,Yard,Yard/switching,4,12540,0,19878,S016,34.774899,-92.222225,81.3,81,78.4
UP,0419MA054,2019-04-21,5:25 PM,Obstruction,0,NORTH LITTLE ROCK,AR,79,2,Day,Clear,Yard,Yard/switching,4,17374,9680,27054,M410,34.775611,-92.2215,59.5,63.8,67.8
NS,120179,2016-04-18,9:05 AM,Derailment,0,DECATUR,IL,58,2,Day,Clear,Yard,Yard/switching,7,7500,3722,11222,E04C,39.852182,-88.918343,65.2,66.4,66
UP,0618PR008,2018-06-04,5:04 AM,Fire/violent rupture,0,MALTA,IL,51,1,Dawn,Clear,Main,Freight Train,45,269754,0,269754,M406,41.930413,-88.863802,66.4,66.7,68.3
WC,942222X,2017-11-18,7:24 AM,Side collision,0,JOLIET,IL,41,1,Dawn,Rain,Yard,Cut of cars,0,19000,135,22635,H307,41.54033,-88.060288,39.4,41.9,31.8
IAIS,202329,2023-07-06,11:30 AM,Derailment,0,DES MOINES,IA,75,2,Day,Clear,Yard,,0,0,68785,137570,E07C,41.585291,-93.54287,73.7,67.8,62.6
UP,0818LV036,2018-08-28,4:24 PM,Derailment,0,LOTTIE,LA,81,2,Day,Clear,Main,Freight Train,4,37199,303416,340615,H702,30.544255,-91.568885,81.1,77,77.1
BNSF,PR0917110,2017-09-20,6:15 PM,Derailment,0,STERLING,CO,72,3,Dusk,Clear,Yard,Cut of cars,5,9762,1500,11262,H020,40.641237,-103.192394,62.7,58.1,65.1
CSX,000158757,2016-04-05,4:25 AM,Other impacts,0,FAIRBURN,GA,50,4,Dark,Clear,Industry,Single Car,10,89395,0,129259,M501,33.536477,-84.639516,60.3,58.9,55.8
FEC,D47081323,2023-08-13,11:15 PM,Derailment,0,HIALEAH,FL,85,4,Dark,Clear,Yard,Yard/switching,3,7400,16000,23400,M411,25.816231,-80.308775,87,86.7,88.1
CSX,000183611,2019-06-14,3:45 PM,Other (describe in narrative),0,ROSEDALE,IN,70,2,Day,Cloudy,Main,Freight Train,60,8000,7749,15749,E44C,39.581226,-87.223444,61.8,63.3,66.1
UP,1018LK032,2018-10-27,4:55 AM,Other (describe in narrative),0,PINE BLUFF,AR,45,1,Dawn,Clear,Yard,Yard/switching,7,24921,450,25371,S099,34.243466,-91.945662,54.8,57.1,65.7
BNSF,TC0217108,2017-02-12,9:20 AM,Raking collision,0,MINOT,ND,34,2,Day,Clear,Yard,Freight Train,10,5393,0,27393,H207,48.237409,-101.195079,30.9,30.9,34.4
IC,951245,2018-02-27,2:00 AM,Other impacts,0,MARKHAM,IL,40,4,Dark,Clear,Yard,Freight Train,5,10200,0,23795,E08C,41.588625,-87.654032,40.6,48.9,47.7
CSX,000194723,2020-12-30,4:55 PM,Obstruction,0,CONNERSVILLE,IN,41,3,Dusk,Cloudy,Main,Maint./inspect Car,47,80277,0,80277,H997,39.658925,-85.2172,30.4,40.9,29.3
NS,139476,2020-10-16,11:50 AM,Other impacts,0,GARDEN CITY,GA,72,2,Day,Clear,Yard,Cut of cars,0,15000,0,15500,H312,32.097941,-81.167445,77.6,76.5,66.5
NIRC,2018071077,2018-10-18,12:12 PM,Raking collision,0,CHICAGO,IL,50,2,Day,Clear,Yard,Light loco(s),3,5018,5691,10709,H017,41.807902,-87.628965,46.1,46.6,49.9
UP,0215SL006,2015-02-19,4:50 AM,Derailment,0,SALEM,IL,-5,4,Dark,Cloudy,Yard,Freight Train,6,40265,2178,66916,T220,38.649398,-88.919917,14,5.6,16.2
NS,145571,2022-06-17,12:05 AM,Hwy-rail crossing,0,SIMPSONVILLE,KY,76,4,Dark,Rain,Main,Freight Train,30,49,0,49,M303,38.206831,-85.354669,87.7,82.1,74.4
UP,0719MA009,2019-07-06,10:39 PM,Fire/violent rupture,0,HUMPHREY,AR,80,4,Dark,Clear,Main,Freight Train,50,460058,50,460108,E73L,34.423472,-91.684011,81.7,81.6,81.2
UP,0724GL007,2024-07-07,1:51 AM,Derailment,0,NEVADA,IA,66,4,Dark,Clear,Main,Freight Train,5,27503,1750,29253,E53C,42.01536,-93.44454,71.2,71.5,71.5
UP,0219MA035,2019-02-19,1:27 AM,Derailment,0,PINE BLUFF,AR,36,4,Dark,Cloudy,Yard,Yard/switching,10,80592,1530,82471,M411,34.247249,-91.942314,37.2,35.3,42.8
CP,1000170207,2015-02-04,11:20 AM,Derailment,7,SHERRILL,IA,16,2,Day,Clear,Main,Freight Train,24,954289,10911,965200,T220,42.66187,-90.84879,11.2,13.5,1.9
UP,1018LK033,2018-10-29,8:48 AM,Other impacts,0,NORTH LITTLE ROCK,AR,80,2,Day,Clear,Yard,Yard/switching,4,487,13310,14284,M411,34.774857,-92.220709,63.1,58.7,65.5
UP,1120MA016,2020-11-15,1:15 AM,Derailment,0,HOXIE,AR,68,4,Dark,Rain,Main,Freight Train,0,13766,2650,16416,M105,36.047498,-90.976748,59.9,54.7,50
ALS,200903,2020-09-03,6:30 PM,Derailment,0,EAST ST LOUIS,IL,78,2,Day,Clear,Yard,Yard/switching,7,112000,2200,114200,M401,38.597521,-90.155205,72.9,77,69.4
NECR,NEC934319A,2019-02-03,5:30 PM,Obstruction,0,CHARLESTOWN,NH,29,4,Dark,Snow,Main,,0,0,0,19907,M402,43.139005,-72.447317,10.2,26.3,35.9
BNSF,TC0115106,2015-01-13,12:45 PM,Other impacts,0,MINNEAPOLIS,MN,21,2,Day,Clear,Yard,Yard/switching,4,78249,0,79749,H305,45.041022,-93.274278,0.9,3.4,20.3
CP,1001346402,2020-10-19,2:55 PM,Other impacts,0,BENSENVILLE,IL,55,2,Day,Clear,Yard,Yard/switching,14,205635,0,413415,H306,41.950569,-87.915062,48.8,41.7,45.3
UP,0219GL022,2019-02-10,12:05 AM,Derailment,0,CLINTON,IA,22,4,Dark,Cloudy,Yard,Freight Train,8,120717,8875,129592,H303,41.817972,-90.217247,12.5,24.9,28.4
CSX,000195310,2021-01-26,1:22 PM,Derailment,0,MIDDLETOWN,OH,41,2,Day,Cloudy,Industry,Freight Train,2,286565,12891,299456,H523,39.478757,-84.416476,31.9,37.9,30.9
UP,0515SL008,2015-05-15,3:05 AM,Obstruction,0,GRIMSBY,IL,58,4,Dark,Clear,Main,Freight Train,39,44105,0,44105,M101,37.7678,-89.42636,63,69.5,70.8
UP,0719RM008,2019-07-11,12:55 AM,Derailment,0,POCATELLO,ID,76,4,Dark,Clear,Yard,Yard/switching,10,115795,114881,230676,H306,42.878098,-112.465858,68.5,71.4,73.3
NS,141346,2021-04-26,5:30 AM,Derailment,0,WILLIAMSTOWN,KY,42,1,Dawn,Clear,Main,Freight Train,43,10000,25768,35768,E61C,38.574937,-84.585461,51.9,56.6,67.7
UP,0218PR035,2018-02-26,9:28 AM,Fire/violent rupture,0,MELROSE PARK,IL,55,2,Day,Cloudy,Yard,Light loco(s),0,29891,0,29891,M406,41.897117,-87.896476,39.7,41.9,50.7
UP,0117LV050,2017-01-31,9:52 PM,Other impacts,0,LIVONIA,LA,50,4,Dark,Clear,Yard,Single Car,5,1336,0,21159,M411,30.520741,-91.549564,55.1,59.7,64.1
IC,973844,2018-09-23,2:57 PM,Hwy-rail crossing,0,SIDON,MS,74,2,Day,Rain,Main,Freight Train,51,6000,17830,23830,M399,33.409644,-90.207952,78.9,75.9,79.2
NS,151894,2023-01-02,7:30 AM,Other impacts,0,BELLEVUE,OH,48,1,Dawn,Rain,Yard,Single Car,0,54131,0,194991,H312,41.288344,-82.803529,42.5,45,48.3
NS,138261,2020-06-17,9:20 AM,Hwy-rail crossing,0,DULUTH,GA,68,2,Day,Clear,Main,Freight Train,46,762385,271945,1034330,M303,33.98658,-84.1542,64.4,64.9,69.4
UP,0824MA010,2024-08-09,10:20 PM,Derailment,0,SAUGET,IL,69,4,Dark,Cloudy,Main,Freight Train,2,5045,99250,104295,H518,38.580272,-90.166804,76.3,73.4,69.5
CSX,000189869,2020-04-26,8:50 PM,Derailment,0,WAYCROSS,GA,58,4,Dark,Clear,Yard,Yard/switching,4,32320,195,32515,H212,31.213524,-82.353588,72.3,71.4,63.3
ALS,20220613,2022-06-13,7:10 AM,Hwy-rail crossing,0,GRANITE CITY,IL,98,1,Dawn,Clear,Yard,Yard/switching,8,30000,0,30100,M308,38.688069,-90.130933,83.9,88.7,88.8
NIRC,9419001592,2023-06-30,11:15 AM,Hwy-rail crossing,0,CHICAGO,IL,87,2,Day,Cloudy,Main,Commuter Train - Pushing,75,12693,0,12693,M308,41.677452,-87.66662,78.3,80.1,77.1
CSX,000203430,2022-03-03,11:20 AM,Derailment,0,LEBANON,IN,37,2,Day,Cloudy,Industry,Freight Train,3,18765,20349,39114,H601,40.026288,-86.480101,47.3,35.8,38.8
UP,0619ES076,2019-06-20,5:15 AM,Obstruction,0,GIRARD,IL,62,1,Dawn,Clear,Main,Spec. MoW Equip.,3,17671,0,35461,H993,39.451114,-89.775552,71.4,68.6,66.1
NS,144751,2022-03-21,1:16 AM,Side collision,0,ALTOONA,PA,35,4,Dark,Clear,Yard,Yard/switching,1,4294,3144,82116,H306,40.517785,-78.395861,43.5,49.2,45
CP,1001249575,2020-06-04,6:49 AM,Other impacts,0,BENSENVILLE,IL,77,1,Dawn,Clear,Yard,Freight Train,0,68940,4789,287955,H307,41.944192,-87.890234,77.1,78.1,79.7
BNSF,CH1218103,2018-12-01,10:52 AM,Derailment,0,EOLA,IL,40,2,Day,Rain,Yard,Yard/switching,10,28705,2000,30705,E32C,41.773553,-88.257176,31.9,37.9,39.4
BRC,14368,2020-06-03,10:18 PM,Derailment,0,BEDFORD PARK,IL,70,4,Dark,Clear,Yard,,0,0,90000,115011,H702,41.765886,-87.787403,80.3,76.2,77.8
UP,0620RM027,2020-06-17,8:24 PM,Derailment,0,BANCROFT,ID,44,4,Dark,Cloudy,Main,Freight Train,35,3304202,495741,3799943,H504,42.679939,-111.78884,54.1,47.5,52.6
FEC,X38081423,2023-08-14,2:38 PM,Hwy-rail crossing,0,NORTH MIAMI BEACH,FL,97,2,Day,Clear,Main,,0,0,333,11736,M308,25.947475,-80.147559,84.9,86.5,85.4
NS,140320,2021-01-20,7:50 AM,Other impacts,0,MACON,GA,52,1,Dawn,Clear,Yard,Yard/switching,4,51758,769,52527,H312,32.813729,-83.622793,45.7,55,53.6
UP,0320MA037,2020-03-28,3:35 PM,Other impacts,0,NORTH LITTLE ROCK,AR,73,2,Day,Rain,Yard,Single Car,10,38572,0,111892,M407,34.774463,-92.221908,72.3,69,59.4
BNSF,CH0219107,2019-02-08,7:18 PM,Derailment,1,JOLIET,IL,10,3,Dusk,Clear,Yard,Yard/switching,6,77968,191000,268968,E46C,41.546215,-88.079567,31.7,10.2,16.2
BNSF,CH0720203,2020-07-20,8:20 AM,Hwy-rail crossing,0,CHILLICOTHE,IA,80,1,Dawn,Clear,Main,Freight Train,60,626733,115847,742580,M308,41.092175,-92.639959,79.3,71.6,71.8
KCS,18111001,2018-11-10,10:30 AM,Derailment,0,ARTESIA,MS,45,2,Day,Clear,Main,,0,0,8077,18077,H525,33.426119,-88.611207,48.9,38.1,42.8
UP,0518PR024,2018-05-19,9:45 AM,Derailment,0,CHICAGO,IL,65,2,Day,Cloudy,Yard,Yard/switching,6,1591,58744,60335,M405,41.863455,-87.684902,58.7,61,49.2
CSX,000203182,2022-02-17,9:55 AM,Derailment,0,KINGSTON,GA,58,2,Day,Cloudy,Main,Freight Train,35,139136,19946,159082,E61C,34.236211,-84.943521,54.8,63.6,42.3
BLF,20244373,2024-04-06,4:48 AM,Other (describe in narrative),0,NORTH MIAMI BEACH,FL,65,4,Dark,Clear,Main,Passenger Train - Pulling,79,27403,0,27653,M402,25.964035,-80.147431,72,72.5,73.2
BLF,20220624,2022-07-04,4:55 PM,Hwy-rail crossing,0,MIAMI,FL,82,2,Day,Clear,Main,Passenger Train - Pulling,39,12093,0,36418,M308,25.812835,-80.190498,85.3,85.3,85
IC,981661,2018-12-14,11:35 AM,Derailment,0,HARVEY,IL,38,2,Day,Cloudy,Yard,Freight Train,8,55000,29409,84409,H524,41.607619,-87.644115,34.2,39.2,38.4
UP,0119PN020,2019-01-17,10:00 PM,Derailment,0,NAMPA,ID,43,4,Dark,Rain,Yard,Yard/switching,10,83333,2132,85465,H312,43.586809,-116.569175,32,45.6,41.5
NS,120859,2016-06-13,9:15 PM,Derailment,0,COLUMBUS,GA,80,4,Dark,Clear,Yard,Yard/switching,5,24469,1863,26332,H702,32.465828,-84.982415,83.2,85.4,83.8
BNSO,BNSO717110,2017-07-24,9:15 AM,Derailment,0,CHICAGO,IL,75,2,Day,Clear,Yard,Light loco(s),8,9000,0,108500,H310,41.868741,-87.637724,78.4,70.3,73.3
NS,120068,2016-04-09,5:30 AM,Derailment,0,MACON,GA,60,1,Dawn,Clear,Yard,Yard/switching,6,36200,0,41720,H607,32.813658,-83.622785,62.2,56.3,51.3
ATK,136447,2015-02-20,7:55 AM,Other impacts,0,"WASHINGTON, DC",DC,8,1,Dawn,Clear,Yard,Light loco(s),0,19646,0,19646,H401,38.903591,-77.004097,16.1,13.4,22.8
FEC,X21041824,2024-04-18,11:16 AM,Hwy-rail crossing,0,MICCO,FL,84,2,Day,Clear,Main,,0,0,656,22656,M308,27.883617,-80.505732,75.2,74.1,76.2
NS,128055,2018-01-08,8:15 PM,Hwy-rail crossing,0,DURHAM,NC,41,4,Dark,Clear,Main,,0,0,25268,25268,M399,35.901563,-78.85252,16.4,31.1,45.6
UP,0517PD020,2017-05-22,3:45 AM,Derailment,0,PORTLAND,OR,56,4,Dark,Clear,Yard,Freight Train,1,36660,1100,37760,T221,45.496182,-122.645898,68.3,74,69.5
CSX,000206643,2022-08-13,6:25 AM,Derailment,0,RICHMOND,KY,77,1,Dawn,Clear,Yard,Cut of cars,13,23279,496,23775,H316,37.844845,-84.263315,70.8,69.8,72.3
UP,0919GP018,2019-09-20,7:07 AM,Other impacts,0,NORTH PLATTE,NE,67,1,Dawn,Clear,Yard,Single Car,0,5082,792,10956,M411,41.150565,-100.818232,70.3,74.8,70.4
UP,0418LK023,2018-04-15,12:50 AM,Derailment,0,PINE BLUFF,AR,44,4,Dark,Cloudy,Yard,Freight Train,9,192889,78732,330148,T221,34.24856,-91.939275,58.4,45.3,50.4
BNSF,HL1018129,2018-10-09,9:15 AM,Derailment,0,LITTLE ROCK,AR,76,2,Day,Clear,Main,Freight Train,9,500,0,157348,H503,34.718116,-92.172501,77.4,74.5,71
UP,1019MA010,2019-10-06,12:05 PM,Derailment,0,VAN BUREN,AR,78,2,Day,Cloudy,Industry,Yard/switching,7,65625,0,65625,M501,35.429853,-94.353221,74,72.6,64.7
NS,128025,2018-01-06,11:30 AM,Derailment,0,CHICAGO,IL,10,2,Day,Cloudy,Yard,Yard/switching,5,9700,4000,13700,M405,41.756058,-87.687298,5.1,7.2,22.7
BNSF,CH0219114,2019-02-16,10:23 AM,Side collision,0,CHICAGO,IL,15,2,Day,Snow,Yard,Yard/switching,2,27079,0,47079,H306,41.823775,-87.714326,18.4,23.1,26.7
NS,140087,2020-12-22,7:37 PM,Other impacts,0,MACON,GA,45,3,Dusk,Clear,Yard,Light loco(s),2,2,0,16360,H307,32.813658,-83.622785,50.5,49.4,48.2
UP,0218LK038,2018-02-26,10:50 AM,Derailment,0,PINE BLUFF,AR,57,2,Day,Clear,Yard,Yard/switching,5,8490,4565,13055,H702,34.243059,-91.945138,51.3,52.4,54.1
NS,120161,2016-04-16,12:15 PM,Side collision,0,DORAVILLE,GA,65,2,Day,Cloudy,Yard,Freight Train,1,29609,0,30929,H307,33.899959,-84.285001,59,62.6,60.1
UP,1118PR004,2018-11-04,2:15 PM,Other impacts,0,MELROSE PARK,IL,53,2,Day,Rain,Yard,Single Car,0,12155,0,12612,H302,41.896917,-87.898286,42.9,49.3,47.8
UP,0615CB012,2015-06-21,1:00 PM,Derailment,0,SIOUX CITY,IA,88,2,Day,Clear,Main,Freight Train,5,18630,1717,20347,T220,42.490179,-96.39267,78.9,75.1,78.6
BNSF,HL1023105,2023-10-05,10:40 AM,Other (describe in narrative),0,FOYIL,OK,75,2,Day,Clear,Main,Freight Train,30,73696,74925,148621,E20C,36.452252,-95.504461,72.8,70.3,57.3
UP,1217LK029,2017-12-26,6:55 PM,Derailment,0,PINE BLUFF,AR,40,4,Dark,Clear,Yard,Yard/switching,5,42930,2750,45680,E24C,34.263849,-91.919898,33.1,36.3,27.4
UP,0419MA048,2019-04-19,1:33 PM,Derailment,0,MABELVALE,AR,57,2,Day,Cloudy,Main,Freight Train,8,15739,2105,17844,E53C,34.654298,-92.391136,59.5,53.7,59.2
UP,0820MA038,2020-08-29,8:20 AM,Other impacts,0,NORTH LITTLE ROCK,AR,78,2,Day,Cloudy,Yard,Cut of cars,0,7188,150,19878,S016,34.774899,-92.222225,81.3,81,78.4