reportingrailroadcode,accidentnumber,date,time,accidenttype,hazmatreleasedcars,station,stateabbr,temperature,visibility_code,visibility,weathercondition,tracktype,equipmenttype,trainspeed,equipmentdamagecost,trackdamagecost,totaldamagecost,primaryaccidentcausecode,latitude,longitude,prior_temp,actual_temp,following_temp
UP,1219MA032,2019-12-10,6:53 AM,Other (describe in narrative),0,PINE BLUFF,AR,35,1,Dawn,Clear,Yard,Single Car,0,34737,33,34770,M507,34.249932,-91.938493,63.5,37.9,36.2
UP,0520MA017,2020-05-12,2:08 AM,Derailment,0,PINE BLUFF,AR,54,4,Dark,Cloudy,Yard,Yard/switching,7,62997,7134,70131,E86C,34.251879,-91.937432,61.7,57.6,68.6
UP,0619ES059,2019-06-17,10:14 PM,Other (describe in narrative),0,FARINA,IL,74,4,Dark,Clear,Main,Work train,30,45000,0,45000,E51C,38.904476,-88.85353,75.7,72.2,75.7
KO,IN201024,2020-10-24,12:40 PM,Derailment,0,MOUNT HOPE,KS,37,2,Day,Clear,Main,Freight Train,25,5000,7350,12350,E53C,37.836716,-97.6569,39.9,37.3,35.6
BNSF,SF0116102,2016-01-07,7:40 PM,Other (describe in narrative),0,GOLDEN CITY,MO,42,3,Dusk,Cloudy,Main,Freight Train,5,0,20000,20000,H307,37.402353,-94.101333,37.8,46.4,43.4
UP,0118PR023,2018-01-17,2:00 PM,Other (describe in narrative),0,MELROSE PARK,IL,40,2,Day,Clear,Yard,Single Car,7,52127,0,52127,M411,41.898852,-87.907897,16.6,13.9,24.7
CPKC,1002127900,2024-06-29,7:05 PM,Derailment,0,MONTPELIER,IA,84,3,Dusk,Clear,Industry,Freight Train,41,3807167,9742,3816909,H510,41.4617,-90.83,68.4,77.1,66.3
CSX,000206640,2022-08-11,12:30 PM,Other impacts,0,INDIANAPOLIS,IN,90,2,Day,Clear,Yard,Cut of cars,19,100110,48,100158,M407,39.759798,-86.327516,74,73.3,69.2
UP,1118LK005,2018-11-06,2:20 AM,Obstruction,0,ARKADELPHIA,AR,50,4,Dark,Fog,Main,Freight Train,48,5494,56444,61938,M402,34.113595,-93.053446,54.3,58.7,55.9
BNSF,PR0215111,2015-02-27,10:10 AM,Derailment,0,PUEBLO,CO,17,2,Day,Cloudy,Yard,Freight Train,6,16595,2500,19095,M101,38.223517,-104.604167,17.8,13.9,13.3
IC,929941,2017-07-20,6:37 PM,Hwy-rail crossing,0,DALTON CITY,IL,85,2,Day,Clear,Main,Freight Train,40,48500,540,49040,M302,39.696785,-88.790733,81.3,83,85
BNSF,PR0417104,2017-04-12,7:30 AM,Derailment,0,PUEBLO,CO,60,1,Dawn,Clear,Yard,Yard/switching,4,18832,0,18832,H507,38.271127,-104.624486,52.6,60.1,60.6
CSX,000212352,2023-07-14,7:04 PM,Hwy-rail crossing,0,LAKELAND,FL,95,3,Dusk,Clear,Main,,0,0,15735,821212,M308,28.047975,-81.922285,84.5,85.3,85.3
IC,966983,2018-07-22,1:30 PM,Derailment,0,MOUND CITY,IL,79,2,Day,Cloudy,Industry,Freight Train,3,11815,35,11850,H505,37.084839,-89.162531,77.8,74.2,73.7
NS,125948,2017-07-23,8:15 AM,Obstruction,0,BELLMONT,IL,84,2,Day,Cloudy,Main,Freight Train,40,10272,983,11255,M404,38.383866,-87.926536,85.2,78.6,77.3
NIRC,2017070305,2017-09-11,12:08 AM,Hwy-rail crossing,0,ROSELLE,IL,0,4,Dark,Clear,Main,,0,0,24791,28181,M302,41.983637,-88.077658,59.6,61.2,63.3
CSX,000171069,2017-08-18,2:29 PM,Other impacts,0,PARIS,IL,90,2,Day,Clear,Main,Freight Train,5,4734,0,19334,H020,39.613918,-87.704536,75.8,72.8,74.5
NS,143092,2021-10-07,8:20 PM,Other (describe in narrative),0,SHELBYVILLE,KY,72,4,Dark,Clear,Industry,Freight Train,5,600,6079,16070,H704,38.20648,-85.25717,71,69.6,69.8
UP,0615CB011,2015-06-20,6:10 PM,Derailment,0,MARSHALLTOWN,IA,80,2,Day,Cloudy,Yard,Yard/switching,3,19121,20081,39202,H508,42.041853,-92.914402,68.7,69.1,73
VREX,09242015A,2015-09-24,11:36 AM,Hwy-rail crossing,0,"WASHINGTON, DC",DC,75,2,Day,Clear,Main,Commuter Train - Pushing,22,250000,0,250000,M399,38.883747,-77.030523,69.5,69.3,68.1
UP,1220GL019,2020-12-25,2:58 PM,Derailment,0,COUNCIL BLUFFS,IA,29,2,Day,Clear,Main,Freight Train,7,213462,247542,461004,H701,41.294021,-95.859602,9.9,16.8,28.3
UP,1220ES009,2020-12-04,3:30 PM,Obstruction,0,LITTLE ROCK,AR,53,2,Day,Clear,Main,Maint./inspect Car,0,22268,0,23768,M501,34.699864,-92.326257,42.5,44.5,45.1
BNSF,TC1015114,2015-10-18,2:45 AM,Other impacts,0,MINNEAPOLIS,MN,38,4,Dark,Cloudy,Yard,Yard/switching,10,12216,0,12216,M411,45.035112,-93.270737,42.3,48.4,61.9
BNSF,MT0723102,2023-07-13,5:45 AM,Other (describe in narrative),0,BLAISDELL,ND,60,1,Dawn,Clear,Main,Spec. MoW Equip.,0,16270,0,17770,M402,48.337677,-102.090632,58,66.6,65
UP,1019GL025,2019-10-26,4:16 AM,Derailment,0,CEDAR RAPIDS,IA,29,1,Dawn,Clear,Yard,Freight Train,4,2906,57454,60360,H607,41.934548,-91.709097,37.4,38,40.9
LRPA,LRPA100918,2018-10-09,9:15 AM,Derailment,0,LITTLE ROCK,AR,76,2,Day,Clear,Main,,0,0,156848,157348,H503,34.718116,-92.172501,77.4,74.5,71
NJTR,202407365,2024-06-23,9:00 AM,Other (describe in narrative),0,KEARNY,NJ,87,2,Day,Clear,Yard,Yard/switching,5,7650,4850,12500,E78L,40.74495,-74.100734,83,84.6,78.5
UP,1219RM018,2019-12-29,8:20 PM,Derailment,0,MONTPELIER,ID,14,4,Dark,Snow,Yard,Freight Train,4,2338,181789,184127,H702,42.316392,-111.312676,6.7,8.9,10.4
CSX,000183443,2019-06-09,1:30 AM,Derailment,0,INDIANAPOLIS,IN,67,4,Dark,Clear,Yard,Cut of cars,4,70466,500,209239,M408,39.759791,-86.327526,72.6,70.4,68.2
UP,0515CB007,2015-05-22,11:14 PM,Derailment,0,BELLE PLAINE,IA,61,4,Dark,Clear,Main,Freight Train,31,555887,179753,735640,E29C,41.897496,-92.257651,55.7,61.9,66.4
UP,1119MA007,2019-11-02,9:46 AM,Derailment,0,NORTH LITTLE ROCK,AR,42,2,Day,Clear,Yard,Freight Train,2,8844,55350,64194,M405,34.763868,-92.260118,40.9,45.3,46.3
NS,128114,2018-01-13,2:20 AM,Derailment,0,VALLEY CITY,IL,10,4,Dark,Clear,Main,Freight Train,19,608800,627227,1236027,E65C,39.69288,-90.669708,13.6,14,19.7
NS,139476,2020-10-16,11:50 AM,Other impacts,0,GARDEN CITY,GA,72,2,Day,Clear,Yard,Single Car,4,500,0,15500,H312,32.097941,-81.167445,77.6,76.5,66.5
UP,0517PR016,2017-05-10,8:00 PM,Other impacts,0,MELROSE PARK,IL,50,4,Dark,Rain,Yard,Single Car,0,21333,0,28348,M411,41.89709,-87.896683,49.2,54.9,55.6
UP,0518SL007,2018-05-07,11:50 PM,Derailment,0,DUPO,IL,60,4,Dark,Clear,Yard,Yard/switching,7,116462,2584,119046,H601,38.518758,-90.211898,68.1,66.4,66.7
UP,1020MA035,2020-10-30,12:16 PM,Hwy-rail crossing,0,GRADY,AR,54,2,Day,Clear,Main,Freight Train,50,29999,750,30749,M302,34.100265,-91.739909,48.2,47.4,50.9
BNSF,NE0515105,2015-05-17,2:55 AM,Derailment,0,MURRAY,IA,60,4,Dark,Clear,Main,Freight Train,23,1282259,20000,1302259,M102,41.053343,-93.922387,70.3,68.2,53.7
UP,0315PR018,2015-03-10,6:30 PM,Derailment,0,NORTHLAKE,IL,40,3,Dusk,Clear,Yard,Freight Train,10,55884,660,57042,S007,41.899352,-87.903809,38.1,41.3,41.9
UP,0518PR002,2018-05-02,12:30 PM,Derailment,0,BELVIDERE,IL,82,2,Day,Cloudy,Yard,Yard/switching,7,11729,19156,30885,E64C,42.259861,-88.832696,69.5,73.3,65.8
UP,0219GL015,2019-02-01,11:59 PM,Other (describe in narrative),0,ROCHELLE,IL,10,4,Dark,Cloudy,Yard,Yard/switching,4,177065,0,177065,E21C,41.902291,-89.120198,-15.6,6.7,27.2
UP,1114ST010,2014-11-17,1:21 PM,Fire/violent rupture,0,SANTA TERESA,NM,45,2,Day,Clear,Yard,Freight Train,0,14588,0,14588,M406,31.88455,-106.72253,51.4,37,40.6
CSX,000177196,2018-06-25,12:45 PM,Obstruction,0,ST ELMO,IL,80,2,Day,Clear,Siding,Spec. MoW Equip.,0,10000,0,20000,H102,39.038072,-88.823837,74.2,75.1,74.5
UP,1118LK025,2018-11-16,1:55 PM,Derailment,0,NORTH LITTLE ROCK,AR,60,2,Day,Clear,Yard,Yard/switching,4,394574,4200,398774,S006,34.77612,-92.221871,36,45.8,49.8
UP,0718PR009,2018-07-31,9:00 AM,Other impacts,0,MELROSE PARK,IL,80,2,Day,Clear,Yard,Yard/switching,5,289,792,11379,M411,41.898494,-87.900088,73,73,74
CSX,000195207,2021-01-23,7:19 AM,Other impacts,0,WAYCROSS,GA,55,1,Dawn,Clear,Yard,Freight Train,5,7980,260,18852,H309,31.213524,-82.353588,60.2,55.7,58
UP,0815SL007,2015-08-07,12:40 PM,Hwy-rail crossing,0,ST LOUIS,MO,92,2,Day,Clear,Main,Freight Train,51,17479,0,17479,M304,38.483756,-90.280795,76.9,76,79.2
KCS,18072502,2018-07-25,4:45 PM,Derailment,0,EAST ST LOUIS,IL,85,2,Day,Clear,Yard,Cut of cars,0,0,0,30197,H702,38.589705,-90.149426,77.5,77.1,74
GC,GCR933416D,2016-03-31,2:10 PM,Derailment,0,EAST DUBLIN,GA,78,2,Day,Cloudy,Main,Freight Train,20,5200,34490,39690,E46C,32.459461,-82.708522,59.4,68,66.8
KCS,20052805,2020-05-28,11:25 AM,Derailment,0,FORT SMITH,AR,75,2,Day,Clear,Yard,Freight Train,3,64233,510,64743,H303,35.376361,-94.426686,66.9,70.4,73.3
FEC,X22050522,2022-05-05,5:55 PM,Hwy-rail crossing,0,LANTANA,FL,81,2,Day,Clear,Main,,0,0,512,44079,M399,26.582903,-80.052265,78,79.4,81.9
UP,0117LV050,2017-01-31,9:52 PM,Other impacts,0,LIVONIA,LA,50,4,Dark,Clear,Yard,Single Car,0,19823,0,21159,M411,30.520741,-91.549564,55.1,59.7,64.1
ATK,151666,2017-12-04,7:57 PM,Obstruction,0,BRAIDWOOD,IL,62,4,Dark,Cloudy,Main,Passenger Train - Pulling,80,15061,0,15061,M404,41.258892,-88.218689,42.4,58.3,33.5
NS,140563,2021-02-10,4:15 PM,Derailment,0,ATLANTA,GA,69,3,Dusk,Clear,Yard,Cut of cars,0,40250,0,312087,H309,33.793519,-84.444441,54.8,55.7,57.1
GRW,24,2021-10-30,9:10 AM,Derailment,0,GARY,IN,54,2,Day,Clear,Industry,Yard/switching,2,8500,24667,33167,M599,41.61347,-87.327948,54,52.1,46.6
SCXF,20230914C,2023-09-14,10:00 AM,Hwy-rail crossing,0,PALMDALE,FL,84,2,Day,Clear,Main,Freight Train,37,16500,500,17000,M302,26.958387,-81.317144,83.7,83.2,82.4
UP,0519MA067,2019-05-30,2:56 AM,Fire/violent rupture,0,ARKADELPHIA,AR,66,4,Dark,Cloudy,Main,Freight Train,75,22502,33,22535,M406,34.047851,-93.085998,77.1,72.7,73
CSX,000157513,2016-02-27,8:50 AM,Other impacts,0,WAYCROSS,GA,50,2,Day,Clear,Yard,Light loco(s),7,34961,0,38256,H702,31.213524,-82.353588,49.6,48.4,54.6
UP,0718UT026,2018-07-25,1:30 PM,Derailment,0,POCATELLO,ID,94,2,Day,Clear,Yard,Yard/switching,3,165661,14490,180151,E07C,42.853598,-112.437139,78.1,79.3,76.5
ALS,22220819,2022-08-19,8:30 PM,Derailment,0,EAST ST LOUIS,IL,80,4,Dark,Clear,Yard,Freight Train,4,57900,4550,62450,H703,38.585799,-90.132056,72.1,73.7,76.1
ATK,136447,2015-02-20,7:55 AM,Other impacts,0,"WASHINGTON, DC",DC,8,1,Dawn,Clear,Yard,Yard/switching,5,0,0,19646,H401,38.903591,-77.004097,16.1,13.4,22.8
UP,1220ES009,2020-12-04,3:30 PM,Obstruction,0,LITTLE ROCK,AR,53,2,Day,Clear,Main,Spec. MoW Equip.,25,1500,0,23768,M501,34.699864,-92.326257,42.5,44.5,45.1
CP,1001387436,2020-12-13,9:05 PM,Hwy-rail crossing,0,WHITTEMORE,IA,20,4,Dark,Clear,Main,Freight Train,25,911,54772,55683,M304,43.065453,-94.344395,29,25.6,14.8
UP,0619GL026,2019-06-19,3:11 AM,Derailment,0,BELLE PLAINE,IA,64,4,Dark,Rain,Main,Freight Train,38,1767682,239948,2007630,E54C,41.904753,-92.347222,68.2,66.5,67.2
LIRC,LIRC000019,2021-10-13,9:30 AM,Derailment,0,AUSTIN,IN,72,2,Day,Clear,Main,Work train,20,138284,7170,145454,M599,38.757382,-85.815323,70.9,67.1,74.8
WC,1091176,2021-12-27,2:21 AM,Derailment,0,GARY,IN,39,4,Dark,Cloudy,Yard,Freight Train,3,54850,5000,59850,E33C,41.629532,-87.406319,33.3,38.9,33.3
EDW,AI20181,2018-09-07,9:00 AM,Derailment,0,EL DORADO,AR,90,2,Day,Clear,Industry,Freight Train,5,9291,9700,18991,M599,33.194167,-92.705555,76.8,77.7,75.5
IC,977696,2018-11-02,1:45 AM,Side collision,0,BEDFORD PARK,IL,42,4,Dark,Clear,Industry,Single Car,0,9100,0,24895,H306,41.769159,-87.835186,49.8,44.5,43.4
CSX,000137940,2014-11-23,5:00 AM,Derailment,0,WASHINGTON,DC,50,1,Dawn,Cloudy,Yard,Freight Train,5,18027,200,18227,T220,38.88197,-76.966246,38.2,48.9,65.5
UP,0515PR003,2015-05-01,10:30 AM,Other impacts,0,NORTHLAKE,IL,65,2,Day,Clear,Yard,Cut of cars,10,9289,0,68732,H601,41.895953,-87.907423,45.3,52.8,64.8
UP,1018PD019,2018-10-27,8:40 PM,Derailment,0,NAMPA,ID,52,4,Dark,Clear,Yard,Yard/switching,2,13878,150,14028,H312,43.59074,-116.575182,56.3,54.3,55.8
CP,1001249575,2020-06-04,6:49 AM,Other impacts,0,BENSENVILLE,IL,77,1,Dawn,Clear,Yard,Yard/switching,13,214226,0,287955,H307,41.944192,-87.890234,77.1,78.1,79.7
FEC,X13030622,2022-03-06,5:20 PM,Hwy-rail crossing,0,OAKLAND PARK,FL,79,2,Day,Clear,Main,,0,0,890,16326,M308,26.170479,-80.131404,77,77.7,78
NS,140930,2021-03-15,5:16 PM,Derailment,0,CONWAY,PA,45,3,Dusk,Clear,Yard,Cut of cars,3,5286,6706,11992,M411,40.672361,-80.251826,40.1,31.8,46.5
GTW,911295,2017-01-16,9:03 PM,Hwy-rail crossing,0,BANCROFT,MI,32,4,Dark,Sleet,Main,Freight Train,48,247,17328,17575,M399,42.873104,-84.075386,23.9,27.6,35.6
NIRC,2017070529,2017-12-27,10:40 AM,Obstruction,0,CHICAGO,IL,5,2,Day,Clear,Yard,EMU,0,21368,0,21368,H311,41.669916,-87.616194,2,2.1,9
ATK,135968,2015-01-16,10:44 AM,Derailment,0,"WASHINGTON, DC",DC,40,2,Day,Clear,Yard,Light loco(s),2,16632,4000,20632,T223,38.91568,-76.98796,34.7,37.4,33.5
UP,0818SL017,2018-08-26,1:25 PM,Derailment,0,SALEM,IL,92,2,Day,Clear,Yard,Freight Train,0,100,0,225149,M405,38.643125,-88.9247,78.6,82.3,82.7
UP,0219GL083,2019-02-28,3:15 PM,Derailment,0,ASHTON,IL,22,2,Day,Cloudy,Main,Freight Train,27,9670,16432,26102,E53C,41.853112,-89.26205,21.6,17.2,28.1
IC,843786,2015-03-14,1:30 AM,Raking collision,0,CHEBANSE,IL,45,4,Dark,Fog,Siding,Freight Train,3,76182,250,125430,H301,41.047472,-87.891669,45,47.3,46.6
UP,0619ES076,2019-06-20,5:15 AM,Obstruction,0,GIRARD,IL,62,1,Dawn,Clear,Main,Spec. MoW Equip.,25,17790,0,35461,H993,39.451114,-89.775552,71.4,68.6,66.1
ATK,157770,2019-02-23,10:58 PM,Hwy-rail crossing,0,BROWNSBURG,IN,50,4,Dark,Rain,Main,Passenger Train - Pulling,50,31473,0,31473,M308,39.823783,-86.346236,34.6,43.4,39.6
ATK,166874,2021-04-10,7:08 AM,Obstruction,0,FULTON,AR,55,2,Day,Clear,Main,Passenger Train - Pulling,61,13207,0,13207,M404,33.621586,-93.74157,67.5,61.4,64.4
NS,143008,2021-09-30,10:35 AM,Other (describe in narrative),0,FRANKFORT,IN,58,2,Day,Clear,Yard,Yard/switching,3,3367,13163,16530,H702,40.282548,-86.518734,67.9,68.4,66
CSX,000195207,2021-01-23,7:19 AM,Other impacts,0,WAYCROSS,GA,55,1,Dawn,Clear,Yard,Freight Train,0,10612,0,18852,H309,31.213524,-82.353588,60.2,55.7,58
NS,118756,2016-01-01,6:15 PM,Derailment,0,DECATUR,IL,28,3,Dusk,Clear,Industry,Yard/switching,2,38564,0,38564,M101,39.863245,-88.918453,29.4,29.1,32.7
NS,124316,2017-03-15,4:15 AM,Derailment,0,OLIVER,GA,38,1,Dawn,Clear,Main,Freight Train,2,4334,8800,13134,H701,32.506674,-81.434497,48.9,42,41.5
IANR,MAD0707161,2016-07-07,1:30 AM,Derailment,0,MANLY,IA,60,4,Dark,Rain,Siding,Cut of cars,0,30765,1374,32139,M105,43.27745,-93.194191,72.4,72.1,70.2
IHB,2558,2019-11-07,4:30 AM,Derailment,0,RIVERDALE,IL,28,4,Dark,Clear,Yard,Freight Train,9,374107,6500,380607,T220,41.640476,-87.656593,40.8,28.2,24.9
UP,0719MA051,2019-07-26,6:30 PM,Obstruction,0,NORTH LITTLE ROCK,AR,85,3,Dusk,Cloudy,Yard,Yard/switching,8,11698,5070,16768,M409,34.771751,-92.231261,73.9,75.1,78.3
UP,1020MA030,2020-10-24,9:55 AM,Derailment,0,LITTLE ROCK,AR,47,2,Day,Cloudy,Main,Freight Train,15,55152,393242,448394,T220,34.753182,-92.282609,66.1,48.8,50
NS,139026,2020-08-31,5:40 PM,Derailment,0,ELKHART,IN,76,3,Dusk,Clear,Yard,Cut of cars,0,61688,0,635196,H504,41.67736,-85.978495,65.1,69.3,72.3
UP,0121MA030,2021-01-23,9:14 AM,Other impacts,0,NORTH LITTLE ROCK,AR,34,2,Day,Cloudy,Yard,Yard/switching,4,652,23012,23936,M411,34.77479,-92.224544,44.9,38.8,47.1
BNSF,KS0121107,2021-01-06,11:52 PM,Derailment,0,NEWTON,KS,36,4,Dark,Cloudy,Yard,Freight Train,3,28000,7000,35000,T217,38.042764,-97.35125,40.3,39.6,36.5
CSX,000160283,2016-06-04,9:10 AM,Derailment,0,AVON,IN,70,2,Day,Rain,Yard,Yard/switching,7,11488,535,12023,E86C,39.759791,-86.327526,72.9,68.2,70.2
CSX,000162753,2016-09-08,8:40 AM,Derailment,0,BRUNSWICK,GA,88,2,Day,Clear,Yard,,0,0,40146,40160,H799,31.130163,-81.488926,76.5,79.1,79.1
UP,0419MA051,2019-04-21,3:05 AM,Other impacts,0,PINE BLUFF,AR,53,4,Dark,Clear,Yard,Yard/switching,5,6967,400,103999,H306,34.25216,-91.937242,59.5,64.8,67.3
CSX,000184040,2019-07-10,8:33 PM,Side collision,0,INDIANAPOLIS,IN,85,4,Dark,Clear,Yard,Yard/switching,8,124869,612,143401,H306,39.759791,-86.327526,77.6,82.1,79.4
CSX,000213930,2023-10-07,2:00 AM,Derailment,0,CHICAGO,IL,48,4,Dark,Clear,Yard,Freight Train,5,18830,0,20330,T220,41.676423,-87.738642,53.3,51.4,50.4
UP,0215DV015,2015-02-19,10:30 AM,Derailment,0,DENVER,CO,50,2,Day,Clear,Yard,Yard/switching,8,44774,200,44974,H702,39.771479,-104.971455,30.2,45.2,39.1
FEC,D53082923,2023-08-29,5:23 PM,Side collision,0,JACKSONVILLE,FL,90,2,Day,Cloudy,Yard,Single Car,5,27638,250,30388,H318,30.242281,-81.603169,84.6,85.4,82.4
BNSF,CH1118115,2018-11-28,2:48 AM,Side collision,0,GALESBURG,IL,26,4,Dark,Clear,Yard,Light loco(s),0,9000,0,11200,H607,40.904474,-90.385461,15.5,18.2,28.8
NS,122792,2016-11-17,9:00 PM,Derailment,0,CHICAGO,IL,45,4,Dark,Clear,Yard,Freight Train,2,1156,12659,13815,H702,41.795105,-87.635349,49,60.8,57.4
UP,1019MA032,2019-10-23,12:30 AM,Hwy-rail crossing,0,EMMET,AR,47,4,Dark,Clear,Main,Freight Train,62,11357,0,11357,M303,33.766832,-93.425298,56.7,57,60.5
UP,0817PR030,2017-08-24,2:40 AM,Derailment,0,RIVERDALE,IL,65,4,Dark,Cloudy,Main,Yard/switching,4,50266,0,85266,M405,41.898166,-87.869082,66.8,64.2,62.6
UP,0116CB005,2016-01-06,7:38 AM,Fire/violent rupture,0,STATE CENTER,IA,32,2,Day,Cloudy,Main,Freight Train,65,20530,0,20530,E74L,42.01755,-93.160664,23.6,28.7,33.4
UP,0920GL006,2020-09-10,8:44 AM,Other impacts,0,COUNCIL BLUFFS,IA,46,2,Day,Rain,Yard,Yard/switching,2,96479,264,97088,H018,41.248206,-95.875483,46.2,49.7,55.6
UP,0219GL019,2019-02-07,11:58 PM,Derailment,0,NORTHLAKE,IL,10,4,Dark,Clear,Yard,Yard/switching,4,43566,2660,46226,H505,41.923761,-87.914819,33.6,32.2,9.1
NS,122811,2016-11-18,4:34 AM,Derailment,0,CHICAGO,IL,45,1,Dawn,Clear,Yard,Freight Train,2,143500,42513,186013,H704,41.795105,-87.635349,60.8,57.4,36
CSX,000209680,2023-02-07,4:42 AM,Other impacts,0,AVON,IN,46,4,Dark,Clear,Yard,Yard/switching,4,42543,0,111273,M407,39.759821,-86.327532,36.1,48.2,39
NS,130220,2018-07-16,9:43 AM,Derailment,0,CHICAGO,IL,80,2,Day,Clear,Main,Freight Train,7,20313,0,72154,H508,41.72371,-87.552195,81.5,82.3,75.2
CSX,000171069,2017-08-18,2:29 PM,Other impacts,0,PARIS,IL,90,2,Day,Clear,Main,Cut of cars,5,14600,0,19334,H020,39.613918,-87.704536,75.8,72.8,74.5
IC,981375,2018-12-10,6:39 PM,Hwy-rail crossing,0,CHAMPAIGN,IL,24,4,Dark,Fog,Main,,0,0,2144,28662,M304,40.12728,-88.23599,22.8,19,30
BNSF,HL0820116,2020-08-14,1:08 AM,Obstruction,0,HOXIE,AR,80,4,Dark,Clear,Main,Freight Train,20,500,20000,20500,M402,36.032947,-90.94025,78.4,79,81.1
UP,1118LK013,2018-11-07,9:00 AM,Fire/violent rupture,0,JUDSONIA,AR,51,2,Day,Cloudy,Siding,Light loco(s),0,26222,0,26222,E74L,35.290019,-91.597776,57.2,54.2,50.1
ATK,175516,2023-07-14,7:03 PM,Hwy-rail crossing,0,LAKELAND,FL,95,2,Day,Clear,Main,Passenger Train - Pulling,63,805477,0,821212,M304,28.047975,-81.922285,84.5,85.3,85.3
UP,0319MA025,2019-03-17,4:06 PM,Other impacts,0,NORTH LITTLE ROCK,AR,67,2,Day,Clear,Yard,Single Car,2,176,0,23685,S007,34.772141,-92.228803,47.2,51.1,51.1
NS,137041,2020-02-04,4:30 AM,Derailment,0,MACON,GA,50,1,Dawn,Clear,Yard,Work train,2,21000,0,21000,E21C,32.813658,-83.622785,54.4,61.5,65.3
UP,1017LK019,2017-10-07,2:52 AM,Other (describe in narrative),0,NORTH LITTLE ROCK,AR,60,4,Dark,Clear,Yard,Yard/switching,2,11648,0,11648,M507,34.775871,-92.219741,72.6,75.5,76.8
UP,1223GC016,2023-12-19,1:18 PM,Other impacts,0,MARINGOUIN,LA,56,2,Day,Clear,Yard,Single Car,5,118,0,49022,M411,30.540523,-91.566433,50.1,44.8,50.2
BNSF,CH0918111,2018-09-12,12:15 PM,Derailment,0,KAHOKA,MO,85,2,Day,Clear,Main,Freight Train,14,133416,450000,583416,E53C,40.446662,-91.76107,67.1,70.4,71.3
UP,1220MA015,2020-12-14,6:30 AM,Derailment,0,PINE BLUFF,AR,36,1,Dawn,Cloudy,Yard,Freight Train,4,65036,3179,68215,H702,34.235106,-91.952765,39.6,35.9,32.9
ATK,139190,2015-09-13,4:00 PM,Derailment,0,"WASHINGTON, DC",DC,71,2,Day,Clear,Yard,Light loco(s),5,22612,500,23112,H303,38.915262,-76.988883,71.3,67.7,67.1
NS,143245,2021-10-22,9:15 PM,Other impacts,0,GARDEN CITY,GA,72,4,Dark,Clear,Yard,Cut of cars,5,24420,0,38460,H021,32.111613,-81.175485,68.3,71.9,66.2
UP,1120ES041,2020-11-17,7:45 AM,Hwy-rail crossing,0,NASHVILLE,AR,42,1,Dawn,Clear,Main,Spec. MoW Equip.,8,32218,0,32218,M302,33.92669,-93.80266,49.1,51.6,52.3
UP,0720MA002,2020-07-02,2:00 AM,Derailment,0,NORTH LITTLE ROCK,AR,74,4,Dark,Cloudy,Industry,Freight Train,5,16304,875,17179,T217,34.772824,-92.216894,80.9,81.9,80.4
IAIS,2019048,2019-11-19,12:16 PM,Hwy-rail crossing,0,ANITA,IA,44,2,Day,Clear,Main,Freight Train,38,12753,0,12753,M302,41.425625,-94.81749,39.4,42.7,51.3
BNSO,BNSO101810,2018-10-18,2:30 PM,Raking collision,0,CHICAGO,IL,50,2,Day,Clear,Yard,Light loco(s),5,20000,0,30000,H307,41.862885,-87.638323,46.1,46.6,49.9
CIC,D202299,2022-09-19,2:20 PM,Other impacts,0,CEDAR RAPIDS,IA,42,2,Day,Clear,Yard,Spec. MoW Equip.,0,26423,0,52846,H607,41.93418,-91.702346,73.3,71.2,80.8
CSX,000205422,2022-06-07,5:00 AM,Other impacts,0,LOUISVILLE,KY,68,1,Dawn,Clear,Yard,Yard/switching,8,0,0,17930,E39C,38.16074,-85.749136,73.8,74.5,77.3
BNSF,TC1018203,2018-10-22,6:04 PM,Hwy-rail crossing,0,RAYMOND,MN,50,3,Dusk,Clear,Main,Freight Train,43,11000,0,11000,M302,45.012432,-95.247821,39.3,41.5,35.2
CSX,000209591,2023-02-01,3:00 AM,Side collision,0,AVON,IN,16,4,Dark,Clear,Yard,Freight Train,0,10914,58,58688,H307,39.759821,-86.327532,18.4,20.2,29.1
UP,0521PN026,2021-05-29,6:25 PM,Other impacts,0,NAMPA,ID,75,3,Dusk,Clear,Yard,Yard/switching,3,148,150,17983,E30C,43.583884,-116.564718,61,60.6,65.1
NIRC,9419001507,2023-05-09,6:40 AM,Other impacts,0,CHICAGO,IL,48,1,Dawn,Clear,Yard,Light loco(s),5,0,35593,35593,H306,41.89394,-87.69834,54.7,58.8,64.4
UP,1223GC016,2023-12-19,1:18 PM,Other impacts,0,MARINGOUIN,LA,56,2,Day,Clear,Yard,Yard/switching,2,48904,0,49022,M411,30.540523,-91.566433,50.1,44.8,50.2
UP,0915TC005,2015-09-05,3:45 PM,Derailment,0,DES MOINES,IA,90,2,Day,Cloudy,Yard,Freight Train,8,33983,2775,36758,T221,41.630135,-93.593645,80.7,81.8,82.5
CSX,000201986,2021-12-20,6:30 PM,Side collision,0,WAYCROSS,GA,54,3,Dusk,Clear,Yard,Freight Train,9,525356,3035,537891,H399,31.213509,-82.353557,66.8,49.1,44.5
NS,144777,2022-03-19,4:15 PM,Derailment,0,WEST FAIRVIEW,PA,60,3,Dusk,Rain,Yard,Yard/switching,5,31000,600,31600,H312,40.279832,-76.922472,58.5,64,52.5