reportingrailroadcode,accidentnumber,date,time,accidenttype,hazmatreleasedcars,station,stateabbr,temperature,visibility_code,visibility,weathercondition,tracktype,equipmenttype,trainspeed,equipmentdamagecost,trackdamagecost,totaldamagecost,primaryaccidentcausecode,latitude,longitude,prior_temp,actual_temp,following_temp
SFRV,08182023,2023-08-18,11:10 AM,Obstruction,0,WEST PALM BEACH,FL,81,2,Day,Clear,Main,Passenger Train - Pulling,31,15000,0,15000,M404,26.70454,-80.06186,82.1,82.8,82.8
CSX,000182099,2019-04-01,12:25 PM,Hwy-rail crossing,0,FRANKLIN,IN,45,2,Day,Clear,Main,Freight Train,40,16465,0,19465,M304,39.5207,-86.0665,31.4,34.9,44.7
BNSF,CH0323106,2023-03-09,1:00 PM,Derailment,0,GALESBURG,IL,40,2,Day,Sleet,Yard,Yard/switching,2,1000,20984,21984,M407,40.909771,-90.382944,41.9,35.6,31.8
CSX,000185983,2019-10-14,8:36 PM,Hwy-rail crossing,0,UNION CITY,GA,68,4,Dark,Cloudy,Main,Freight Train,29,6733,8395,15128,M303,33.581606,-84.551089,64.3,65.6,67.3
IC,845106,2015-03-29,12:45 PM,Derailment,0,CAIRO,IL,50,2,Day,Clear,Yard,Freight Train,6,13771,3300,17071,H704,37.009782,-89.173465,36.3,46.2,55.6
BRC,13569,2015-05-09,12:35 AM,Other impacts,0,BEDFORD PARK,IL,65,4,Dark,Rain,Yard,Yard/switching,8,68392,29855,98247,M408,41.76239,-87.744258,72.2,57.3,50.7
UP,0917LK031,2017-09-30,3:05 AM,Other impacts,0,PINE BLUFF,AR,65,4,Dark,Clear,Yard,Yard/switching,1,23716,33,23876,H302,34.245206,-91.945044,71.3,71.4,71.6
WC,883630,2016-03-30,3:00 PM,Derailment,0,GARY,IN,52,2,Day,Cloudy,Yard,Yard/switching,7,14221,100,14321,H704,41.610419,-87.351403,44.2,50.8,58.4
UP,0518LK026,2018-05-16,12:45 PM,Derailment,0,NORTH LITTLE ROCK,AR,85,2,Day,Clear,Yard,Yard/switching,8,22294,120579,142873,E4TC,34.776137,-92.218832,75.3,75.5,72.2
UP,0619MA049,2019-06-22,7:50 PM,Derailment,0,PINE BLUFF,AR,90,3,Dusk,Clear,Main,Freight Train,40,564253,126972,691225,E27C,34.110838,-92.10138,84.2,84.7,79.2
CSX,000200651,2021-10-13,5:55 AM,Side collision,0,INDIANAPOLIS,IN,55,4,Dark,Clear,Yard,Light loco(s),4,0,0,14720,H306,39.759791,-86.327526,63,63.7,72.2
KCS,18072502,2018-07-25,4:45 PM,Derailment,0,EAST ST LOUIS,IL,85,2,Day,Clear,Yard,Yard/switching,6,16278,13919,30197,H702,38.589705,-90.149426,77.5,77.1,74
UP,0515PR026,2015-05-27,5:45 AM,Other (describe in narrative),0,NORTHLAKE,IL,68,1,Dawn,Clear,Yard,Single Car,10,11078,0,11078,H601,41.895953,-87.907423,69.8,68.4,70.4
CP,1001201598,2020-03-22,12:34 AM,Derailment,0,ELGIN,IL,30,4,Dark,Clear,Main,Freight Train,21,53822,0,272734,E52C,42.021488,-88.276188,29.1,29.5,35.1
BNSF,CH1118202,2018-11-22,9:40 AM,Hwy-rail crossing,0,WYANET,IL,37,2,Day,Clear,Main,,0,0,0,360374,M302,41.352814,-89.610517,32.5,36.7,42.6
LI,78527,2022-11-23,2:20 PM,Obstruction,0,JAMAICA,NY,45,2,Day,Clear,Siding,EMU,9,19194,7500,26694,H307,40.70304,-73.79618,43.9,46.9,45.3
SFRV,02032023,2023-02-03,1:30 AM,Side collision,0,MIAMI-DADE,FL,80,4,Dark,Clear,Yard,,0,0,5600,13000,H306,25.858094,-80.259987,74.2,74.4,70.1
ALS,20180124,2018-01-24,6:00 PM,Derailment,0,EAST ST LOUIS,IL,43,3,Dusk,Cloudy,Yard,Light loco(s),4,11352,1915,13267,S011,38.597013,-9.148466,35.9,33.2,44.4
UP,0118SL001,2018-01-09,3:45 AM,Other (describe in narrative),0,DUPO,IL,34,4,Dark,Clear,Yard,Freight Train,6,0,11792,11792,H702,38.539345,-90.201775,35.6,34.3,49.2
BRC,14010,2017-10-30,12:10 PM,Other impacts,0,BEDFORD PARK,IL,55,2,Day,Clear,Yard,Cut of cars,2,22949,0,22949,E09C,41.768578,-87.45453,40.6,44.6,37.1
UP,0320MA011,2020-03-09,6:30 PM,Derailment,0,MCGEHEE,AR,64,3,Dusk,Rain,Industry,Freight Train,4,420,12200,12620,H307,33.614721,-91.390173,54.5,60.7,65.5
UP,0520ME011,2020-05-14,9:43 AM,Other (describe in narrative),0,POCATELLO,ID,51,2,Day,Clear,Yard,Light loco(s),7,0,12312,12312,H307,42.868594,-112.45436,50,49.1,50.7
UP,0220GL026,2020-02-18,5:30 AM,Derailment,0,MASON CITY,IA,15,1,Dawn,Clear,Yard,Freight Train,5,1469,16500,17969,H018,43.170682,-93.215836,29.5,17.8,5.3
UP,0219MA032,2019-02-13,4:40 AM,Derailment,0,LITTLE ROCK,AR,34,1,Dawn,Clear,Industry,Freight Train,3,70448,5500,75948,H303,34.69634,-92.234678,49.8,47.1,54.9
ATK,181189,2024-07-16,10:35 PM,Obstruction,0,MINERSVILLE,PA,0,4,Dark,Rain,Main,Passenger Train - Pulling,40,40335,0,40335,M404,40.364869,-78.955002,83.3,82.4,78.9
UP,0118SL006,2018-01-23,7:00 AM,Obstruction,0,CENTERTOWN,MO,35,2,Day,Cloudy,Main,Freight Train,40,4792,16770,21562,M101,38.689855,-92.365556,45.8,33.7,32.9
NIRC,2019071228,2019-01-30,7:30 PM,Derailment,0,HARVEY,IL,-18,4,Dark,Clear,Yard,,0,0,1068566,1099964,H702,41.60655,-87.64457,3.2,-15.4,-9.6
CP,1000232529,2015-07-04,2:40 PM,Other impacts,0,FRUITLAND,IA,78,2,Day,Clear,Industry,Light loco(s),24,20000,100,78579,H017,41.33813,-91.12991,68,68.8,73
UP,1218GL008,2018-12-06,11:15 PM,Fire/violent rupture,0,ROCHELLE,IL,24,4,Dark,Clear,Main,Freight Train,30,60896,0,60896,E73L,41.929715,-88.97276,27.7,25.9,17.9
UP,0819MA019,2019-08-09,10:18 AM,Other impacts,0,NORTH LITTLE ROCK,AR,79,2,Day,Cloudy,Yard,Yard/switching,2,260,0,10715,H307,34.76992,-92.23622,79.6,81.5,77.7
ATK,161217,2019-09-20,12:30 AM,Hwy-rail crossing,0,ATHOL,ID,45,4,Dark,Clear,Main,Passenger Train - Pulling,65,28588,0,48588,M309,47.947798,-116.708682,51.1,54.2,54
UP,0420MA020,2020-04-22,7:05 AM,Derailment,0,PINE BLUFF,AR,59,2,Day,Cloudy,Yard,Yard/switching,5,43819,21115,64934,T220,34.246285,-91.942504,67,62.4,63.4
UP,1215SL014,2015-12-17,10:35 AM,Hwy-rail crossing,0,TIPTON,MO,35,2,Day,Cloudy,Main,,0,0,0,21342,M302,38.663051,-92.815779,41.7,32.9,32.6
ATK,136348,2015-02-21,4:30 AM,Derailment,0,"WASHINGTON, DC",DC,5,4,Dark,Clear,Yard,Light loco(s),4,20200,0,20200,H303,38.911556,-76.999483,13.4,22.8,39.8
UP,0720MA014,2020-07-09,1:46 AM,Derailment,0,PINE BLUFF,AR,77,4,Dark,Cloudy,Yard,Yard/switching,10,9138,4370,13508,M405,34.248853,-91.938984,79.1,79.3,81.7
ATK,157715,2019-02-20,1:30 AM,Other (describe in narrative),0,WILMINGTON,DE,31,4,Dark,Cloudy,Main,Maint./inspect Car,5,23000,0,23000,H999,39.739071,-75.539787,31.7,30.6,41.5
NS,134402,2019-06-15,6:23 AM,Derailment,0,BEDFORD PARK,IL,65,1,Dawn,Clear,Yard,Freight Train,4,14293,0,18111,M409,41.763806,-87.730325,67,66.2,58.8
UP,0319MA018,2019-03-11,10:30 AM,Derailment,0,NORTH LITTLE ROCK,AR,49,2,Day,Cloudy,Yard,Yard/switching,4,96439,86778,183217,H508,34.763863,-92.248448,53.4,52.4,52.7
IANR,MAD0214151,2015-02-14,11:55 AM,Derailment,0,MANLY,IA,3,2,Day,Clear,Yard,Yard/switching,5,41015,7198,48213,H505,43.310342,-93.204986,21.2,7.6,4.9
WC,931690,2017-08-05,4:15 AM,Derailment,0,SCHILLER PARK,IL,80,4,Dark,Clear,Main,Freight Train,10,20000,4164,24164,H218,41.965699,-87.870729,61.4,69.4,70.3
CSX,000194442,2020-12-14,2:50 AM,Derailment,0,NAYLOR,GA,61,4,Dark,Cloudy,Main,Freight Train,22,8638,27501,36139,E53C,30.878505,-83.153888,64.7,62.7,52.1
CEIW,202136014,2021-10-29,3:20 PM,Hwy-rail crossing,0,ANDERSON,IN,50,2,Day,Cloudy,Main,Freight Train,10,13260,17600,30860,M302,40.09166,-85.73011,51.2,55.6,52
WC,1120447,2022-12-09,10:15 PM,Hwy-rail crossing,0,MATTESON,IL,39,4,Dark,Rain,Main,Freight Train,40,0,35000,35000,M308,41.491772,-87.770955,37.5,35.2,37
CSX,000195052,2021-01-18,5:40 PM,Derailment,0,ATLANTA,GA,42,3,Dusk,Clear,Yard,Yard/switching,1,10068,1853,11921,E07C,33.794105,-84.417335,40.8,42.4,45.2
NS,119524,2016-02-27,9:05 PM,Derailment,0,SYCAMORE,GA,48,4,Dark,Clear,Main,Freight Train,10,560,12000,12560,H222,31.666196,-83.633657,47,46.7,52.2
NS,140563,2021-02-10,4:15 PM,Derailment,0,ATLANTA,GA,69,3,Dusk,Clear,Yard,Cut of cars,0,800,0,312087,H309,33.793519,-84.444441,54.8,55.7,57.1
UP,0121GL026,2021-01-26,3:01 AM,Fire/violent rupture,0,CLARENCE,IA,22,4,Dark,Snow,Main,Freight Train,30,54993,0,54993,M406,41.885162,-91.03198,23.2,21.3,13.3
UP,0818SL017,2018-08-26,1:25 PM,Derailment,0,SALEM,IL,92,2,Day,Clear,Yard,Yard/switching,5,193370,31679,225149,M405,38.643125,-88.9247,78.6,82.3,82.7
TSWS,9202018002,2018-08-18,2:45 PM,Derailment,0,MARION,AR,88,2,Day,Clear,Yard,Yard/switching,6,65000,20000,85000,H210,35.19592,-90.265865,77.3,78.6,80.1
UP,0619GL011,2019-06-10,9:15 PM,Derailment,0,SIOUX CITY,IA,69,4,Dark,Clear,Yard,Yard/switching,4,14170,5677,19847,H019,42.516079,-96.38475,63.2,65,63.7
UP,1220GL004,2020-12-10,1:12 AM,Derailment,0,COUNCIL BLUFFS,IA,39,4,Dark,Cloudy,Yard,Yard/switching,7,223856,57270,281126,H508,41.241835,-95.875618,45.6,39.2,35.8
UP,1219MA018,2019-12-11,1:32 PM,Hwy-rail crossing,0,JONESBORO,AR,47,2,Day,Clear,Main,Freight Train,43,0,94569,94569,M302,35.873588,-90.602891,35.5,36.6,39.4
EIRR,IN20032300,2020-03-23,1:20 PM,Derailment,0,BURLEY,ID,50,2,Day,Clear,Industry,Freight Train,2,13000,23300,36300,E64C,42.539117,-113.802509,44.5,43.4,41.8
NECR,NEC273019Y,2019-07-06,5:41 PM,Obstruction,0,CHARLESTOWN,NH,73,3,Dusk,Clear,Main,,0,0,0,13179,M404,43.13777,-72.45237,75.1,75.2,70.4
BLOL,122922,2022-12-29,9:30 AM,Derailment,0,GIBSON CITY,IL,45,2,Day,Cloudy,Industry,Cut of cars,50,75000,0,75000,H303,40.464779,-88.393878,36.2,51.4,43.1
UP,0118PR031,2018-01-26,11:16 PM,Derailment,0,PEORIA,IL,40,4,Dark,Clear,Yard,Freight Train,7,50200,1500,51700,H303,40.665897,-89.625002,38.7,44.9,44.6
NS,132393,2019-01-12,10:00 PM,Derailment,0,DECATUR,IL,28,4,Dark,Snow,Yard,Yard/switching,6,29018,0,29018,M101,39.858401,-88.898396,25.7,29.9,26
CSX,000194173,2020-11-22,3:00 AM,Derailment,0,TALBOTTON,GA,54,4,Dark,Cloudy,Main,Freight Train,25,25076,3848,28924,E54C,32.660558,-84.53204,59.6,60.1,54.8
UP,0118PR033,2018-01-25,8:00 AM,Other (describe in narrative),0,MELROSE PARK,IL,45,2,Day,Clear,Yard,Single Car,0,11312,0,11312,M411,41.899746,-87.907627,28.7,33.6,44.8
CIRR,CIR833616,2016-02-17,11:10 AM,Derailment,0,CEDAR SPRINGS,GA,68,2,Day,Clear,Yard,Freight Train,3,45000,10000,55000,M507,31.081596,-85.020125,55.7,54.2,52
CIC,GCA202499,2024-08-15,2:00 AM,Hwy-rail crossing,0,AMANA,IA,69,4,Dark,Rain,Main,Freight Train,0,12000,0,12000,M302,41.66246,-92.066519,67.6,73,73.9
UP,0319HL002,2019-03-02,4:15 AM,Raking collision,0,KANSAS CITY,KS,27,1,Dawn,Cloudy,Yard,Freight Train,5,13723,300,14023,H996,39.090992,-94.630771,31,27.8,13.1
IAIS,2021041,2021-08-15,8:17 AM,Derailment,0,COUNCIL BLUFFS,IA,63,2,Day,Clear,Yard,,0,0,0,70302,H514,41.250945,-95.871716,72.9,72.9,74.6
NS,139026,2020-08-31,5:40 PM,Derailment,0,ELKHART,IN,76,3,Dusk,Clear,Yard,Yard/switching,6,2214,567690,635196,H504,41.67736,-85.978495,65.1,69.3,72.3
NS,137687,2020-04-07,1:40 PM,Other impacts,0,MACON,GA,73,2,Day,Clear,Yard,Single Car,0,64995,0,75709,H312,32.813658,-83.622785,68.6,69,69.8
NICD,N1900001,2019-01-06,2:10 PM,Other (describe in narrative),0,CHICAGO,IL,32,2,Day,Cloudy,Main,Passenger Train - Pulling,50,18515,4884,23399,E78L,41.658198,-87.565368,40.8,38.8,46.3
UP,1118LK011,2018-11-04,4:00 PM,Other (describe in narrative),0,NORTH LITTLE ROCK,AR,65,2,Day,Cloudy,Yard,Single Car,0,38499,0,38499,E27C,34.771337,-92.234704,54.7,57.4,52.8
UP,0518PR001,2018-05-01,7:15 PM,Other impacts,0,CHICAGO HTS,IL,78,3,Dusk,Clear,Yard,Yard/switching,7,284,16953,18143,H312,41.500818,-87.607343,58.4,70.5,73.7
KJRY,KJRY221201,2022-12-01,6:30 PM,Derailment,0,LA HARPE,IL,40,4,Dark,Clear,Main,Freight Train,9,3600,130000,133600,E40C,40.522012,-91.037013,24.8,27.6,47.5
ALS,20181211,2018-12-11,9:15 PM,Raking collision,0,EAST ST LOUIS,IL,42,4,Dark,Clear,Yard,Yard/switching,4,9200,2023,11223,S006,38.588483,-90.140672,26,35.9,45.1
NS,139341,2020-10-03,10:54 AM,Hwy-rail crossing,0,GARY,IN,64,2,Day,Clear,Main,Freight Train,33,16,18500,18516,M308,41.624851,-87.394034,47.3,48.2,47
LI,69002,2019-01-03,5:03 AM,Hwy-rail crossing,0,QUOGUE,NY,40,4,Dark,Clear,Main,Passenger Train - Pulling,20,24885,818,25703,M303,40.834515,-72.607656,33.6,39.6,34.3
BNSF,CH1217111,2017-12-25,4:13 AM,Derailment,0,EDELSTEIN,IL,10,1,Dawn,Clear,Main,Freight Train,45,10000,23000,33000,E66C,40.93511,-89.6503,20.3,12.7,1.7
CSX,000152396,2015-09-24,11:36 AM,Hwy-rail crossing,0,WASHINGTON,DC,75,2,Day,Clear,Main,,0,0,0,250000,M399,38.883747,-77.030523,69.5,69.3,68.1
ATK,155190,2018-09-09,12:53 AM,Obstruction,0,LA CLEDE,IL,60,4,Dark,Clear,Main,Passenger Train - Pulling,77,35189,0,35525,M402,38.87942,-88.714775,66.3,62.7,67.7
UP,0315PR009,2015-03-09,10:00 AM,Other (describe in narrative),0,NORTHLAKE,IL,20,2,Day,Clear,Yard,Single Car,5,12960,0,12960,H601,41.910672,-87.915234,35.1,38.1,41.3
UP,0818PR007,2018-08-12,5:45 PM,Derailment,0,MELROSE PARK,IL,88,2,Day,Clear,Yard,Yard/switching,4,48144,5250,53394,M409,41.899094,-87.908391,78,78.6,77.9
CSX,000158757,2016-04-05,4:25 AM,Other impacts,0,FAIRBURN,GA,50,4,Dark,Clear,Industry,Freight Train,10,39864,0,129259,M501,33.536477,-84.639516,60.3,58.9,55.8
IC,951244,2018-02-26,10:58 PM,Derailment,0,CHAMPAIGN,IL,37,4,Dark,Clear,Yard,Freight Train,3,10100,10356,20456,E79L,40.143059,-88.229399,39.2,41.3,48.6
CSX,000204524,2022-04-25,10:21 PM,Derailment,0,HIALEAH,FL,86,4,Dark,Clear,Yard,Freight Train,8,8243,0,194710,H702,25.860399,-80.259409,78.4,78.6,78.3
UP,0319MA016,2019-03-12,12:10 AM,Other impacts,0,PINE BLUFF,AR,54,4,Dark,Cloudy,Yard,Yard/switching,2,154689,233,165584,H306,34.244061,-91.946275,53.1,56.2,60.1
BNSF,RD1023118,2023-10-11,7:52 AM,Derailment,0,TULSA,OK,75,1,Dawn,Clear,Yard,Yard/switching,4,13167,0,13321,M408,36.122204,-96.011404,66.3,72,66.3
UP,0120MA016,2020-01-18,8:00 PM,Other impacts,0,PINE BLUFF,AR,47,4,Dark,Clear,Yard,Freight Train,0,23533,0,23716,H017,34.252795,-91.936677,43.8,57,40.2
UP,0118PR022,2018-01-20,2:15 PM,Other (describe in narrative),0,MELROSE PARK,IL,40,2,Day,Clear,Yard,Single Car,0,13238,0,13238,M411,41.898546,-87.907993,34.5,39.7,41.1
CRL,CRL182306,2018-11-14,3:20 PM,Derailment,0,CHICAGO,IL,30,2,Day,Clear,Yard,Freight Train,4,18439,0,18439,E07C,41.686993,-87.557875,24.1,26.9,31.9
CSX,000191549,2020-07-22,9:15 AM,Fire/violent rupture,0,WOODLAND,GA,86,2,Day,Clear,Main,Light loco(s),5,18459,0,18459,E73L,32.812399,-84.55368,82,82.3,80.1
UP,0221MA004,2021-02-03,2:00 PM,Obstruction,0,PINE BLUFF,AR,50,2,Day,Clear,Yard,Yard/switching,4,20613,77252,97865,M404,34.242391,-91.948453,34.4,38.1,50.6
UP,0417SL016,2017-04-30,7:48 AM,Obstruction,0,SHIPMAN,IL,52,2,Day,Rain,Main,,0,0,0,29734,M404,39.182922,-89.969143,56.4,59.4,50.9
UP,0319MA025,2019-03-17,4:06 PM,Other impacts,0,NORTH LITTLE ROCK,AR,67,2,Day,Clear,Yard,Yard/switching,6,22189,1320,23685,S007,34.772141,-92.228803,47.2,51.1,51.1
UP,0220MA037,2020-02-06,5:20 AM,Obstruction,0,EMMET,AR,37,1,Dawn,Cloudy,Main,,0,0,0,10904,M404,33.74425,-93.453706,44.4,35.6,37.4
CSX,000202828,2022-02-01,10:00 AM,Obstruction,0,JOHNSTOWN,PA,15,2,Day,Clear,Main,Freight Train,8,28052,96,28148,M199,40.279616,-78.919719,18.6,24.3,32.6
NS,120607,2016-05-22,4:45 PM,Hwy-rail crossing,0,MORENCI,MI,72,3,Dusk,Clear,Main,,0,0,1500,51385,M302,41.750959,-84.251405,62.1,62.8,60.1
UP,0920GL006,2020-09-10,8:44 AM,Other impacts,0,COUNCIL BLUFFS,IA,46,2,Day,Rain,Yard,Single Car,0,345,0,97088,H018,41.248206,-95.875483,46.2,49.7,55.6
CSX,000175482,2018-03-27,5:30 AM,Derailment,0,CHICAGO,IL,40,1,Dawn,Cloudy,Main,Freight Train,15,1300,0,3575,E62C,41.606764,-87.612273,42.7,49,45.2
ATK,156405,2018-11-22,9:35 AM,Hwy-rail crossing,0,WYANET,IL,27,2,Day,Clear,Main,Passenger Train - Pulling,78,360374,0,360374,M302,41.352814,-89.610517,32.5,36.7,42.6
IANR,MAD0503152,2015-05-03,12:30 AM,Other impacts,0,MANLY,IA,60,4,Dark,Clear,Yard,Yard/switching,9,147567,0,147567,H302,43.296512,-93.204803,60.9,66.6,60.5
BNSF,TC0523110,2023-05-23,8:10 AM,Derailment,0,GRAND FORKS,ND,70,1,Dawn,Clear,Yard,Freight Train,10,4678,15862,20540,M505,47.918408,-97.076773,67.5,73.9,62.5
UP,0518LK007,2018-05-07,12:10 AM,Other impacts,0,PINE BLUFF,AR,60,4,Dark,Cloudy,Yard,Light loco(s),5,11030,37808,282562,H306,34.221443,-91.924421,71.5,73.5,77
UP,0219GL090,2019-02-04,12:00 PM,Other (describe in narrative),0,MELROSE PARK,IL,50,2,Day,Cloudy,Yard,Single Car,0,43734,0,43734,S007,41.899778,-87.907617,43.9,44.4,29.3
CSX,000213966,2023-10-08,3:45 PM,Derailment,0,MIAMI SPRINGS,FL,88,2,Day,Clear,Yard,Freight Train,3,19667,6438,26105,H702,25.784295,-80.319509,84,82.2,81.2
CSX,000198712,2021-07-06,11:15 PM,Derailment,0,CINCINNATI,OH,78,4,Dark,Cloudy,Main,Freight Train,9,7734,26884,34618,H995,39.103882,-84.544236,78.7,79.2,77.4
NS,151894,2023-01-02,7:30 AM,Other impacts,0,BELLEVUE,OH,48,1,Dawn,Rain,Yard,Single Car,0,28915,0,194991,H312,41.288344,-82.803529,42.5,45,48.3
NJTR,202008272,2020-08-05,11:56 PM,Derailment,0,KEARNY,NJ,91,4,Dark,Clear,Yard,Yard/switching,4,46647,11174,57821,M505,40.744463,-74.101233,75.5,79.5,75.2
UP,1121PR008,2021-11-12,6:09 AM,Derailment,0,DOLTON,IL,40,1,Dawn,Clear,Yard,Yard/switching,4,11662,0,11662,H307,41.62004,-87.611971,49.4,37.8,37
NS,152449,2023-02-28,1:30 AM,Derailment,0,ELKHART,IN,32,4,Dark,Cloudy,Yard,Cut of cars,5,70309,36781,107090,H507,41.677392,-85.978437,42.7,41.5,45.7
CP,1000232529,2015-07-04,2:40 PM,Other impacts,0,FRUITLAND,IA,78,2,Day,Clear,Industry,Light loco(s),0,58479,0,78579,H017,41.33813,-91.12991,68,68.8,73
UP,0919GL020,2019-09-13,6:21 PM,Derailment,0,MARSHALLTOWN,IA,69,3,Dusk,Clear,Yard,Yard/switching,5,262096,202987,465083,H703,42.04313,-92.903107,74.2,62,62.1
CP,1000681801,2018-01-08,10:30 AM,Derailment,0,BEDFORD PARK,IL,34,2,Day,Cloudy,Yard,Freight Train,4,26492,0,72797,H702,41.76834,-87.774646,22.7,33.9,30.3
BRC,14032,2018-01-08,10:30 AM,Derailment,0,BEDFORD PARK,IL,37,2,Day,Clear,Yard,,0,0,46305,72797,H702,41.76834,-87.774646,22.7,33.9,30.3
UP,0320MA037,2020-03-28,3:35 PM,Other impacts,0,NORTH LITTLE ROCK,AR,73,2,Day,Rain,Yard,Yard/switching,3,67504,5816,111892,M407,34.774463,-92.221908,72.3,69,59.4
UP,1020ES063,2020-10-19,11:00 AM,Derailment,0,INKOM,ID,59,2,Day,Clear,Main,Maint./inspect Car,10,19247,0,19247,T222,42.746718,-112.215903,56.9,53.7,42.6
UP,0219MA037,2019-02-20,1:43 AM,Derailment,0,MALVERN,AR,39,4,Dark,Rain,Yard,Work train,4,55861,0,56261,T220,34.36569,-92.816703,36.3,44.3,40.6
UP,1218GL010,2018-12-07,6:30 AM,Derailment,0,CARLISLE,IA,12,1,Dawn,Clear,Main,Freight Train,5,11040,132,11172,H506,41.523435,-93.497487,22.7,19.2,24.1
UP,0718PR025,2018-07-25,11:20 AM,Fire/violent rupture,0,WINTHROP HARBOR,IL,85,2,Day,Clear,Main,Freight Train,20,10889,0,10889,M406,42.482419,-87.816241,71.8,74.5,72.5
ALS,0724AS001,2024-07-02,9:30 PM,Derailment,0,EAST ST LOUIS,IL,83,4,Dark,Clear,Yard,Yard/switching,4,14125,1969,16094,H607,38.577226,-90.133725,71.2,78.4,79
BNSF,CH0824201,2024-08-01,12:45 PM,Hwy-rail crossing,0,PLEASANT VALLEY,IA,82,2,Day,Clear,Main,Freight Train,30,20000,0,20030,M302,41.567828,-90.42634,77.1,77.5,76.6
CSX,000200651,2021-10-13,5:55 AM,Side collision,0,INDIANAPOLIS,IN,55,4,Dark,Clear,Yard,Yard/switching,0,14120,600,14720,H306,39.759791,-86.327526,63,63.7,72.2
UP,0320MA039,2020-03-28,5:02 PM,Derailment,1,JONESBORO,AR,73,2,Day,Rain,Main,Freight Train,0,2303296,4182,2307478,M102,35.83669,-90.650537,72.5,70.9,61.3
BNSF,HL0620201,2020-06-07,10:45 AM,Hwy-rail crossing,0,BAY,AR,95,2,Day,Clear,Main,Freight Train,54,9320,59000,68320,M302,35.7264,-90.543811,80.9,84.4,78.1
UP,0623ES024,2023-06-16,1:40 PM,Hwy-rail crossing,0,BENTON,IL,82,2,Day,Clear,Main,Spec. MoW Equip.,10,16120,0,16120,M304,37.976794,-88.951555,76.1,73.4,71.9
BNSF,PR0215110,2015-02-24,9:30 PM,Derailment,0,DENVER,CO,30,4,Dark,Clear,Yard,Yard/switching,5,31121,11000,42121,H307,39.782671,-104.997538,11.7,25.6,30.5
CSX,000209591,2023-02-01,3:00 AM,Side collision,0,AVON,IN,16,4,Dark,Clear,Yard,Yard/switching,8,47716,0,58688,H307,39.759821,-86.327532,18.4,20.2,29.1
CSX,000148975,2015-06-26,12:15 AM,Other impacts,0,AVON,IN,74,4,Dark,Cloudy,Yard,Single Car,10,0,0,20746,S016,39.759342,-86.347116,72.5,71.9,65.8
NS,120068,2016-04-09,5:30 AM,Derailment,0,MACON,GA,60,1,Dawn,Clear,Yard,Yard/switching,4,4000,1520,41720,H607,32.813658,-83.622785,62.2,56.3,51.3
GSWR,GSW871916,2016-04-27,5:20 PM,Derailment,0,CUTHBERT,GA,78,2,Day,Cloudy,Siding,Freight Train,4,29002,1000,30002,H306,31.763166,-84.738947,71.9,72.4,74.1
UP,0419MA021,2019-04-11,2:45 AM,Other impacts,0,PINE BLUFF,AR,70,4,Dark,Cloudy,Yard,Light loco(s),0,6453,0,19070,H702,34.252159,-91.937699,71.8,70.6,59.9
KCS,19083101,2019-08-31,3:22 AM,Other (describe in narrative),0,DE QUEEN,AR,72,4,Dark,Clear,Main,Freight Train,5,0,11985,11985,H702,34.040334,-94.336335,78.2,79.5,80.9
UP,0920GL007,2020-09-11,2:15 AM,Derailment,0,DES MOINES,IA,54,4,Dark,Cloudy,Main,Yard/switching,10,1759,41074,42833,E89C,41.586697,-93.548048,50.8,56.3,61.1
BNSF,PR0917111,2017-09-18,7:15 AM,Derailment,0,DENVER,CO,65,1,Dawn,Clear,Yard,Yard/switching,4,14118,400,14518,H318,39.769465,-104.990922,58.4,65.4,67.9
BNSF,CH1020105,2020-10-13,12:45 AM,Side collision,0,GALESBURG,IL,45,4,Dark,Clear,Yard,Light loco(s),3,1550,1000,18388,H702,40.91542,-90.380633,57.8,52.1,57.7
NS,144751,2022-03-21,1:16 AM,Side collision,0,ALTOONA,PA,35,4,Dark,Clear,Yard,Freight Train,5,74678,0,82116,H306,40.517785,-78.395861,43.5,49.2,45
UP,0118PR002,2018-01-04,12:40 PM,Other impacts,0,MELROSE PARK,IL,6,2,Day,Clear,Yard,Single Car,0,30203,0,59848,M411,41.899746,-87.907627,13.3,5.7,4.7
IC,984550,2019-01-15,7:15 PM,Other (describe in narrative),0,ASHKUM,IL,27,4,Dark,Snow,Main,Freight Train,58,3200,10238,13438,M208,40.87997,-87.95524,16,27.4,32.3
KCS,20092903,2020-09-29,8:30 AM,Hwy-rail crossing,0,GRANNIS,AR,75,2,Day,Clear,Main,Freight Train,37,10965,0,10965,M308,34.27463,-94.33768,64.3,59.5,64.5
CSX,000201268,2021-11-11,8:13 AM,Side collision,0,SAVANNAH,GA,62,2,Day,Cloudy,Yard,Yard/switching,7,3000,0,20639,H307,32.027718,-81.14885,57,65.2,65.3
ATK,141964,2016-04-13,9:46 AM,Derailment,0,"WASHINGTON, DC",DC,50,2,Day,Clear,Yard,Yard/switching,10,65129,4657,69786,H401,39.915238,-76.988896,60.8,50.2,52.4
BNSF,MT0320103,2020-03-17,12:52 AM,Derailment,0,ROUNDUP,MT,6,4,Dark,Clear,Main,Freight Train,30,27425,2253996,2281421,E53C,46.139522,-108.625746,18.3,30.7,24.7