reportingrailroadcode,accidentnumber,date,time,accidenttype,hazmatreleasedcars,station,stateabbr,temperature,visibility_code,visibility,weathercondition,tracktype,equipmenttype,trainspeed,equipmentdamagecost,trackdamagecost,totaldamagecost,primaryaccidentcausecode,latitude,longitude,prior_temp,actual_temp,following_temp
NS,152909,2023-04-25,2:45 AM,Other impacts,0,JACKSONVILLE,FL,64,4,Dark,Cloudy,Yard,Cut of cars,0,147703,1627,307881,H020,30.360836,-81.723365,68.9,72.2,74.1
NS,157112,2024-06-20,8:33 PM,Other (describe in narrative),0,KING OF PRUSSIA,PA,73,4,Dark,Clear,Yard,Freight Train,6,14481,1940,16421,H702,40.115603,-75.395391,78.9,78.9,82.5
ALS,2102223,2021-02-23,7:16 PM,Derailment,0,EAST ST LOUIS,IL,43,3,Dusk,Clear,Yard,,0,0,800,45439,H518,38.583576,-90.135511,44.6,51.5,49.6
FEC,X17040724,2024-04-07,6:02 AM,Hwy-rail crossing,0,NORTH MIAMI BEACH,FL,75,1,Dawn,Clear,Main,,0,0,421,21173,M308,25.947475,-80.147559,72.5,73.2,73.6
CSX,000212727,2023-08-07,2:15 AM,Other impacts,0,TAMPA,FL,91,4,Dark,Clear,Yard,Freight Train,10,5612,1064,61620,H306,27.955863,-82.38963,86,86.9,88.1
UP,0824PR009,2024-08-12,2:20 PM,Derailment,0,BERKELEY,IL,81,2,Day,Cloudy,Yard,Freight Train,3,25936,200,26136,H702,41.89626,-87.911517,69.4,71.6,74.8
BNSF,MT0919201,2019-09-20,12:30 AM,Hwy-rail crossing,0,ATHOL,ID,45,4,Dark,Clear,Main,,0,0,20000,48588,M302,47.947522,-116.70874,51.1,54.2,54
UP,0918LK034,2018-09-19,6:15 PM,Fire/violent rupture,0,MALVERN,AR,80,3,Dusk,Clear,Siding,Freight Train,10,19384,0,19384,E99L,34.320499,-92.85381,81.3,83.1,82.1
WC,897238,2016-08-09,5:30 AM,Other impacts,0,GARY,IN,70,1,Dawn,Clear,Yard,Yard/switching,2,17000,0,54860,S014,41.616628,-87.367189,76,76.2,79.2
NS,129689,2018-06-02,4:50 PM,Derailment,0,CHICAGO,IL,63,3,Dusk,Clear,Yard,Cut of cars,5,11428,41662,53090,H303,41.753678,-87.693584,66.4,61.5,67.8
GIMY,GIM682320,2020-10-29,9:25 AM,Other impacts,0,GARDEN CITY,GA,82,2,Day,Cloudy,Yard,Yard/switching,8,40000,0,42000,H702,32.027718,-81.14885,78.6,78.6,64.4
UP,0121MA030,2021-01-23,9:14 AM,Other impacts,0,NORTH LITTLE ROCK,AR,34,2,Day,Cloudy,Yard,Single Car,0,272,0,23936,M411,34.77479,-92.224544,44.9,38.8,47.1
TRRA,23037,2023-07-21,2:07 AM,Derailment,0,VENICE,IL,77,4,Dark,Clear,Yard,Yard/switching,3,39000,15458,54458,T213,38.661819,-90.159928,81.3,74.2,74.4
BNSF,CH0219104,2019-02-03,8:35 PM,Derailment,0,CHICAGO,IL,20,3,Dusk,Clear,Yard,Yard/switching,8,16478,3500,19978,T221,41.812309,-87.713179,31.3,43.4,44.6
UP,0718PR009,2018-07-31,9:00 AM,Other impacts,0,MELROSE PARK,IL,80,2,Day,Clear,Yard,Single Car,0,10298,0,11379,M411,41.898494,-87.900088,73,73,74
BNSO,BNSO717110,2017-07-24,9:15 AM,Derailment,0,CHICAGO,IL,75,2,Day,Clear,Yard,Passenger Train - Pulling,0,95000,0,108500,H310,41.868741,-87.637724,78.4,70.3,73.3
CSX,000191654,2020-07-28,8:15 AM,Hwy-rail crossing,0,WARM SPRINGS,GA,74,2,Day,Clear,Main,Freight Train,27,13056,224,13280,M304,32.896722,-84.715877,81.9,80.1,77.6
BNSF,CH0319111,2019-03-28,9:28 AM,Derailment,0,GALESBURG,IL,45,2,Day,Clear,Yard,Yard/switching,7,3500,83000,86500,M599,40.93374,-90.371236,49.1,56.9,50.5
CSX,000195954,2021-02-24,5:49 PM,Side collision,0,AUGUSTA,GA,61,3,Dusk,Clear,Yard,Freight Train,9,86678,1583,99349,H607,33.446841,-81.982529,57.6,59.2,64.4
CSX,000164048,2016-11-02,10:45 AM,Other impacts,0,CINCINNATI,OH,75,2,Day,Cloudy,Yard,Single Car,6,4669,50,10719,S016,39.103522,-84.537231,62.6,64.4,64
ATK,152179,2018-03-03,9:39 PM,Hwy-rail crossing,0,SLEDGE,MS,45,4,Dark,Clear,Main,Passenger Train - Pulling,79,7127,0,116988,M308,34.453271,-90.203877,50.2,49.9,52.9
BNSF,HL0818120,2018-08-22,11:35 AM,Other (describe in narrative),0,AMORY,MS,75,2,Day,Clear,Main,Freight Train,45,4500,60500,65000,E61C,33.924454,-88.388657,78,76.8,73.9
UP,0317WH010,2017-03-30,1:30 PM,Fire/violent rupture,0,KNOXVILLE,AR,60,2,Day,Cloudy,Main,Freight Train,39,310936,100,311036,E73L,35.351559,-93.338579,66.4,55,57.9
CSX,000182313,2019-04-11,5:01 PM,Derailment,0,INDIANAPOLIS,IN,70,2,Day,Clear,Yard,Yard/switching,8,12687,200,47597,M408,39.759791,-86.327526,53.6,61.9,58.5
ATK,155802,2018-10-11,4:00 PM,Derailment,0,WILMINGTON,DE,80,2,Day,Cloudy,Yard,Light loco(s),2,37460,0,37460,H099,39.747569,-75.534009,74.2,75,60.8
LI,78353,2022-11-03,2:24 AM,Derailment,0,JAMAICA,NY,47,4,Dark,Clear,Yard,EMU,3,137033,0,137033,H702,40.708045,-73.773586,62,56.8,58.7
NS,138208,2020-06-11,1:35 PM,Derailment,0,ATLANTA,GA,82,2,Day,Clear,Yard,Freight Train,7,16299,33367,49666,H506,33.793887,-84.445407,76.4,75.3,75.8
IHB,2468,2018-12-01,10:40 AM,Other impacts,0,RIVERDALE,IL,42,2,Day,Rain,Yard,Cut of cars,2,42029,0,42029,H318,41.639664,-87.656223,35.4,39.4,42
CP,1000189565,2015-03-22,5:38 PM,Other impacts,0,BEDFORD PARK,IL,40,2,Day,Clear,Yard,Freight Train,5,18256,0,56737,H999,41.759573,-87.764428,41.6,34,31.2
UP,0917LK031,2017-09-30,3:05 AM,Other impacts,0,PINE BLUFF,AR,65,4,Dark,Clear,Yard,Cut of cars,1,127,0,23876,H302,34.245206,-91.945044,71.3,71.4,71.6
UP,0215SL006,2015-02-19,4:50 AM,Derailment,0,SALEM,IL,-5,4,Dark,Cloudy,Yard,Freight Train,0,24473,0,66916,T220,38.649398,-88.919917,14,5.6,16.2
UP,0719RM020,2019-07-21,9:14 PM,Fire/violent rupture,0,ARVADA,CO,77,4,Dark,Cloudy,Main,Freight Train,25,36851,0,36851,M406,39.84725,-105.165232,74.3,70.7,69.5
NS,139797,2020-11-20,5:18 AM,Other (describe in narrative),0,ELKHART,IN,52,1,Dawn,Clear,Yard,Cut of cars,3,400,4277,26966,M599,41.677391,-85.978436,54.2,55,40.4
WC,837298,2015-01-09,7:00 PM,Other (describe in narrative),0,GARY,IN,6,4,Dark,Clear,Yard,,0,0,19148,19148,H702,41.6234,-87.384921,3,6.5,9.6
ATK,148135,2017-06-27,1:40 PM,Obstruction,0,DARIEN,CT,78,2,Day,Clear,Main,Passenger Train - Pulling,19,54306,0,58306,H999,41.077191,-73.468686,69.1,67,67.4
CSX,000157771,2016-03-05,6:24 AM,Derailment,0,KEARNY,NJ,20,1,Dawn,Clear,Yard,Freight Train,5,6509,8690,15199,H704,40.74302,-74.100028,33.3,34.3,37
UP,0216SL004,2016-02-09,7:45 AM,Fire/violent rupture,0,JEFFERSON CITY,MO,20,2,Day,Cloudy,Main,Freight Train,20,96484,0,96484,E73L,38.546792,-92.059143,29.6,22.8,22
BNSF,PR0715110,2015-07-22,9:36 PM,Derailment,0,PUEBLO,CO,74,4,Dark,Clear,Yard,Freight Train,6,9690,2000,11690,E35C,38.272198,-104.626103,72.8,77.1,82.8
CSX,000154397,2015-11-19,8:12 AM,Hwy-rail crossing,0,LAKELAND,FL,80,2,Day,Cloudy,Main,Freight Train,29,15172,0,15172,M304,28.109642,-82.017128,77.6,76.5,75.4
BNSF,PR0316111,2016-03-21,12:05 PM,Obstruction,0,TRINIDAD,CO,68,2,Day,Clear,Yard,Maint./inspect Car,3,500,23000,23500,H997,37.225211,-104.487834,37.7,55,59.5
NS,129187,2018-04-18,10:00 PM,Other impacts,0,CHICAGO,IL,72,4,Dark,Cloudy,Yard,Yard/switching,3,24000,0,24000,H318,41.700227,-87.566652,35.3,34.4,42.5
ATK,181561,2024-08-09,5:51 AM,Hwy-rail crossing,0,NORTH HAVEN,CT,72,2,Day,Rain,Main,Passenger Train - Pulling,80,57919,0,57919,M308,41.368294,-72.882999,67.4,76.7,78.3
UP,0718DV002,2018-07-03,3:43 AM,Derailment,0,DENVER,CO,68,4,Dark,Cloudy,Yard,Yard/switching,8,72169,121642,227472,T220,39.78618,-104.998584,77.4,77.3,75.1
NS,132575,2019-01-24,5:01 AM,Other impacts,0,CHEEKTOWAGA,NY,33,1,Dawn,Snow,Main,Light loco(s),17,30,0,50488,H210,42.889031,-78.784492,39.2,31,20.1
MNCW,2019167,2019-11-01,9:00 AM,Derailment,0,STAMFORD,CT,55,2,Day,Clear,Yard,EMU,7,117786,1101,118887,H702,41.051105,-73.53062,64,50.5,41.4
CSX,000200284,2021-09-23,10:30 AM,Other impacts,0,WILMINGTON,DE,72,2,Day,Rain,Yard,Yard/switching,3,100,0,21684,H310,39.759472,-75.560376,74.8,71.1,63.2
UP,0216DV014,2016-02-19,9:15 PM,Derailment,0,DENVER,CO,45,4,Dark,Clear,Yard,Freight Train,4,12265,71557,83822,H503,39.772291,-104.972184,57.5,48.7,47
ATK,158550,2019-04-16,2:15 AM,Raking collision,0,WASHINGTON,DC,60,4,Dark,Clear,Main,Spec. MoW Equip.,5,0,22011,22011,E89C,38.8973,-77.0063,59.4,56.6,62.3
BNSF,PR1116105,2016-11-08,6:15 PM,Derailment,0,DENVER,CO,60,3,Dusk,Clear,Yard,Freight Train,8,29294,3600,52379,H525,39.767371,-104.992122,49,47.9,52.4
CSX,000207277,2022-09-15,1:45 PM,Derailment,0,INDIANAPOLIS,IN,82,2,Day,Clear,Industry,Yard/switching,2,18444,502,18946,H306,39.738542,-86.297028,68.5,70.4,70.7
CSX,000181278,2019-02-10,2:45 PM,Derailment,0,HAMLET,NC,50,2,Day,Cloudy,Yard,Yard/switching,8,15477,1974,17451,M405,34.925491,-79.646587,43.5,39.1,44.3
CDOT,152241,2018-03-07,10:44 PM,Derailment,0,NEWINGTON,CT,31,4,Dark,Snow,Yard,Light loco(s),5,17263,0,17263,M101,41.673283,-72.714623,36.9,33.6,36
MNCW,2019156,2019-10-14,10:45 AM,Rear end collision,0,NORWALK,CT,60,2,Day,Clear,Main,Spec. MoW Equip.,10,0,0,21084,H607,41.133485,-73.42511,56.7,59.5,52.6
BNSF,PR1115114,2015-11-30,4:58 PM,Other impacts,0,DENVER,CO,30,2,Day,Snow,Yard,Yard/switching,10,250,18449,18949,H021,39.777057,-104.997219,20.9,22.1,28.3
ATK,169802,2022-02-16,6:08 PM,Hwy-rail crossing,0,GARY,IN,52,3,Dusk,Cloudy,Main,Passenger Train - Pulling,62,18484,0,18484,M308,41.624851,-87.394034,28.7,47.1,30.2
UP,1222GC025,2022-12-30,10:15 AM,Derailment,0,SULPHUR,LA,64,2,Day,Cloudy,Siding,Freight Train,5,5806,34824,40630,H306,30.237409,-93.40228,69.3,65.2,62.2
ATK,145484,2016-12-14,1:00 AM,Other (describe in narrative),0,"WASHINGTON, DC",DC,36,4,Dark,Cloudy,Yard,Spec. MoW Equip.,10,10235,29010,39245,E99C,38.900591,-77.00441,42.6,42,27.4
NS,113657,2015-01-04,6:20 PM,Derailment,0,ELKHART,IN,18,3,Dusk,Snow,Yard,Yard/switching,2,117655,1000,118655,E31C,41.677391,-85.978436,33.1,29.5,6.2
BNSF,PR0715108,2015-07-21,6:45 PM,Derailment,0,DENVER,CO,85,3,Dusk,Clear,Yard,Yard/switching,5,8510,5000,13510,E25C,39.773521,-104.983628,69.2,67.3,72.2
BNSF,PR0516101,2016-05-03,2:55 PM,Derailment,0,STERLING,CO,65,2,Day,Cloudy,Yard,Yard/switching,4,10018,14895,24913,H318,40.641495,-103.192136,46.1,54,56.1
CSX,000194745,2021-01-01,7:35 PM,Derailment,0,COLUMBUS,OH,48,4,Dark,Cloudy,Yard,Yard/switching,5,29899,48,29947,M599,39.972333,-83.021122,31.6,36.7,40.1
CSX,000198660,2021-07-05,6:45 PM,Derailment,0,WILMINGTON,DE,85,2,Day,Clear,Yard,Freight Train,5,26719,500,27219,H503,39.759472,-75.560376,71.6,76.8,82.4
BNSF,RD0823115,2023-08-08,9:25 PM,Derailment,0,TULSA,OK,72,4,Dark,Cloudy,Yard,Yard/switching,10,209245,5594,214839,H503,36.125288,-96.012988,77.4,78,80.2
FEC,X20072118,2018-07-21,5:05 PM,Hwy-rail crossing,0,PALM BEACH GARDENS,FL,90,2,Day,Rain,Main,Light loco(s),58,780,12674,13454,M309,26.837895,-80.093928,83.8,82.8,82.2
ATK,171430,2022-07-26,8:23 AM,Hwy-rail crossing,0,GARY,IN,73,2,Day,Clear,Main,Passenger Train - Pulling,70,27653,0,27653,M308,41.624851,-87.394034,70.6,71,73.2
UP,0723GP009,2023-07-11,12:30 PM,Derailment,0,DENVER,CO,91,2,Day,Clear,Yard,Yard/switching,3,12960,87210,100170,S104,39.770304,-104.974899,74.5,77.6,75.5
NS,122012,2016-09-10,2:00 AM,Derailment,0,CHICAGO,IL,70,4,Dark,Cloudy,Yard,Freight Train,3,9276,8551,17827,H702,41.795105,-87.635349,73.7,68.9,66.4
ATK,181178,2024-07-12,4:30 AM,Derailment,0,HARTFORD,CT,76,4,Dark,Cloudy,Main,Spec. MoW Equip.,10,50000,0,50000,H599,41.79731,-72.660455,82.2,77.9,78.7
BNSF,PR0824109,2024-08-22,11:13 PM,Derailment,0,BOULDER,CO,68,4,Dark,Clear,Main,Freight Train,29,790000,930000,1720000,M502,40.019582,-105.23506,78.8,73.6,70.9
BNSF,TX0416104,2016-04-28,1:25 AM,Derailment,0,OKLAHOMA CITY,OK,65,4,Dark,Clear,Yard,,0,0,1000,16008,E4AC,35.455983,-97.508376,62.5,62.7,61.1
ATK,172623,2022-11-03,12:15 PM,Derailment,0,WASHINGTON,DC,68,2,Day,Clear,Yard,Yard/switching,3,17053,485,17538,H702,38.915483,-76.988473,61.6,60.2,61.6
ATK,141383,2016-03-01,10:15 AM,Obstruction,0,WEST PALM BEACH,FL,75,2,Day,Clear,Main,Passenger Train - Pulling,67,220180,0,221180,M404,26.776484,-80.103371,67.9,69.8,72.8
CSO,CSO585223A,2023-10-25,12:35 AM,Other (describe in narrative),0,BERLIN,CT,41,4,Dark,Cloudy,Main,Freight Train,49,66865,0,66865,H515,41.645634,-72.753732,48.6,58.1,63.9
FEC,D02011220,2020-01-12,10:30 PM,Obstruction,0,HOLLYWOOD,FL,79,4,Dark,Clear,Main,,0,0,38,16881,M402,26.015894,-80.085932,78,77.6,77.1
NJTR,202011394,2020-11-06,4:07 AM,Derailment,0,RARITAN,NJ,50,4,Dark,Clear,Yard,Yard/switching,5,17928,4795,22723,H704,40.570547,-74.643187,47.9,51.6,52.9
FEC,D69112116,2016-11-21,4:23 PM,Derailment,0,STUART,FL,75,2,Day,Clear,Main,Maint./inspect Car,7,1500,9265,10765,H997,26.9722,-80.095009,66.1,63.1,67.6
UP,0319GL045,2019-03-14,9:13 PM,Derailment,0,BERKELEY,IL,48,4,Dark,Cloudy,Yard,Yard/switching,4,18620,4722,23342,H702,41.892793,-87.898681,48.3,52.4,37.3
PAL,2015SEPT2D,2015-09-15,6:35 PM,Derailment,0,PADUCAH,KY,70,2,Day,Clear,Yard,Freight Train,9,3025,11484,14509,H312,37.053274,-88.61036,64.3,67,69.3
TSWS,912201802C,2018-12-23,3:45 PM,Derailment,0,JOLIET,IL,35,2,Day,Clear,Yard,Yard/switching,5,50000,0,50000,H505,41.481651,-88.101177,32.5,34.2,28.9
SFRV,081418,2018-08-14,3:04 PM,Derailment,0,DEERFIELD BEACH,FL,98,2,Day,Clear,Main,Passenger Train - Pulling,5,20000,42988,62988,H702,26.30472,-80.126313,83.4,84.7,86.2
UP,0119RM062,2019-01-08,12:35 PM,Other (describe in narrative),0,DENVER,CO,43,2,Day,Clear,Yard,Single Car,0,12790,0,12790,M201,39.79953,-104.999837,38.4,33.7,34.2
MNCW,81724,2023-10-29,1:23 PM,Other (describe in narrative),0,NEW HAVEN,CT,52,2,Day,Rain,Main,,0,0,56000,58073,E78L,41.298254,-72.925251,67.5,54.1,52.9
UP,0818PR009,2018-08-14,6:35 AM,Fire/violent rupture,0,MAPLE PARK,IL,75,1,Dawn,Clear,Main,Freight Train,40,26773,132,26905,E74L,41.914868,-88.644802,73.6,74.6,74.6
BNSF,CH1018110,2018-10-18,2:30 PM,Raking collision,0,CHICAGO,IL,50,2,Day,Clear,Yard,Light loco(s),0,10000,0,30000,H307,41.862885,-87.638323,46.1,46.6,49.9
MNCW,77269,2022-06-03,12:45 AM,Obstruction,0,NEW HAVEN,CT,62,4,Dark,Cloudy,Yard,EMU,5,18309,0,18309,H211,41.294088,-72.929055,66,66.7,67.3
UP,0418DV010,2018-04-10,7:18 AM,Derailment,0,BOND,CO,45,2,Day,Cloudy,Main,Freight Train,12,253708,8744,262452,M101,39.907539,-106.689454,39.4,43.4,52.4
MNCW,78228,2022-10-17,7:36 AM,Derailment,0,MOUNT VERNON,NY,62,2,Day,Cloudy,Yard,EMU,11,48993,4228,53221,H607,40.92229,-73.843011,59,59.7,52.2
BNSF,PR0424110,2024-04-29,7:10 AM,Derailment,0,DENVER,CO,41,1,Dawn,Clear,Yard,Yard/switching,4,15554,3467,19021,H312,39.773068,-104.986675,45.7,52.6,56.4
CNYX,CNYX000002,2016-10-18,8:30 AM,Derailment,0,MULBERRY,FL,80,2,Day,Clear,Yard,Freight Train,5,692,11435,12127,H702,27.887749,-81.924363,77.3,76.9,75.5
NICD,N2300022,2023-12-05,9:48 AM,Derailment,0,MICHIGAN CITY,IN,37,2,Day,Rain,Industry,Freight Train,10,0,47084,95946,H303,41.71287,-86.861144,36.4,34.3,34.2
CSX,000162087,2016-08-13,6:50 PM,Side collision,0,SELKIRK,NY,89,2,Day,Clear,Yard,Yard/switching,0,148303,0,359659,H306,42.565903,-73.854184,79.1,79.1,77.5
CSX,000209638,2023-02-04,5:15 AM,Derailment,0,HAMMOND,IN,9,4,Dark,Clear,Yard,Freight Train,6,7961,0,17593,T220,41.61319,-87.49985,9.4,28.1,36.4
TRRA,19006,2019-03-15,9:30 PM,Derailment,0,EAST ST LOUIS,IL,39,4,Dark,Clear,Main,,0,0,14043,19441,E00C,38.597001,-90.155685,56.8,43.8,41.2
IC,989814,2019-03-03,5:45 AM,Side collision,0,RESERVE,LA,45,1,Dawn,Clear,Industry,Freight Train,0,50150,0,50550,H306,30.095983,-90.590596,69,64.9,44.3
BNSF,PR0118103,2018-01-06,5:03 AM,Derailment,0,PUEBLO,CO,20,1,Dawn,Clear,Yard,Yard/switching,5,13070,100,13170,E29C,38.268354,-104.620926,30.5,32.9,41.5
UP,1222MA013,2022-12-13,8:30 AM,Hwy-rail crossing,0,PLAIN DEALING,LA,61,2,Day,Cloudy,Main,Freight Train,47,9699,25100,34799,M302,32.906729,-93.701092,56.6,62.8,55.7
PW,150705,2015-07-15,2:58 AM,Derailment,0,GROTON,CT,71,4,Dark,Fog,Main,Freight Train,9,46111,8118,54229,H704,41.366834,-72.082087,73,73.8,67.9
ATK,148207,2017-06-30,1:53 PM,Hwy-rail crossing,0,TAMPA,FL,93,2,Day,Clear,Main,Passenger Train - Pulling,75,706,0,15644,M304,27.965973,-82.365002,83.1,83,81.9
UP,1017DV028,2017-10-31,1:45 PM,Other impacts,0,COMMERCE CITY,CO,45,2,Day,Cloudy,Industry,Yard/switching,2,11681,99,11780,H302,39.812462,-104.936039,30.7,37.3,56.3
ATK,173137,2022-12-15,1:27 PM,Obstruction,0,COATESVILLE,PA,34,2,Day,Rain,Main,Passenger Train - Pulling,87,20725,0,20725,H997,39.98707,-75.81618,29.1,34.9,41
NS,129277,2018-04-27,9:10 AM,Derailment,0,DECATUR,IL,58,2,Day,Clear,Yard,Yard/switching,4,3086,14337,17423,M405,39.858401,-88.898396,52.4,59.5,48.5
SLAL,103019VP02,2019-10-30,4:10 PM,Derailment,0,PUEBLO,CO,0,2,Day,Clear,Industry,,0,0,744,1488,H017,38.188447,-104.613387,21.3,12.3,15.9
BNSF,PR0120202,2020-01-10,6:02 PM,Hwy-rail crossing,0,PEETZ,CO,36,3,Dusk,Clear,Main,Freight Train,49,231684,3500,235184,M308,40.96414,-103.109787,33,18.1,20.6
UP,0517DV008,2017-05-09,12:40 PM,Derailment,0,PUEBLO,CO,55,2,Day,Rain,Yard,Yard/switching,5,130263,8412,138675,H317,38.265756,-104.620204,61.1,55.1,54.5
BNSF,TC0217108,2017-02-12,9:20 AM,Raking collision,0,MINOT,ND,34,2,Day,Clear,Yard,Light loco(s),4,22000,0,27393,H207,48.237409,-101.195079,30.9,30.9,34.4
UP,0418PR002,2018-04-02,9:20 AM,Other impacts,0,NORTHLAKE,IL,30,2,Day,Cloudy,Yard,Yard/switching,4,3796,0,22260,M411,41.94927,-87.91084,30.7,33.6,38.3
CSX,000213374,2023-09-10,6:55 AM,Derailment,0,NEW ORLEANS,LA,75,1,Dawn,Clear,Yard,Yard/switching,4,24804,39392,64196,H702,30.005993,-90.019455,83.7,83.3,84.2
CSX,000177612,2018-07-16,4:00 AM,Derailment,0,MULBERRY,FL,81,4,Dark,Clear,Industry,Freight Train,10,13872,97,13969,M506,27.841819,-82.041426,82.9,82.4,82.8
UP,0323RM062,2023-03-16,12:00 AM,Obstruction,0,DE BEQUE,CO,37,4,Dark,Rain,Main,,0,0,0,0,M404,39.24026,-108.266649,46.9,37.2,32.2
GTW,1114421,2022-09-21,9:36 AM,Rear end collision,0,MERRILLVILLE,IN,85,2,Day,Clear,Main,Spec. MoW Equip.,0,0,0,28283,H993,41.500692,-87.30011,72.1,75.8,59.2
PW,PWR207022D,2022-09-27,6:20 PM,Derailment,0,WALLINGFORD,CT,70,2,Day,Clear,Main,Freight Train,10,32630,14270,46900,E30C,41.4717,-72.74214,63.4,60.2,57.3
BNSF,PR0715106,2015-07-16,5:40 AM,Derailment,0,DENVER,CO,60,1,Dawn,Clear,Yard,Light loco(s),3,5000,18000,57900,H306,39.759815,-104.994268,69.2,71.6,74.5
BNSF,RD0923103,2023-09-03,8:45 AM,Other (describe in narrative),0,TULSA,OK,79,1,Dawn,Clear,Yard,Yard/switching,2,10000,0,11509,M408,36.123521,-96.01155,79.2,83.7,85.9
UP,1114DV020,2014-11-26,10:00 AM,Derailment,0,GRANBY,CO,25,2,Day,Cloudy,Siding,Freight Train,18,80087,83580,163667,H303,40.084471,-105.940041,25.8,33.6,38
BNSF,CH0318111,2018-03-14,1:30 PM,Raking collision,0,GALESBURG,IL,40,2,Day,Clear,Yard,Yard/switching,0,8100,0,10705,M408,40.915869,-90.380994,31.7,35.7,41.3
UP,0117WH008,2017-01-10,5:11 PM,Fire/violent rupture,0,INOLA,OK,66,2,Day,Cloudy,Main,Freight Train,32,178038,0,178038,E73L,36.139291,-95.498507,40.1,57.9,60.1
BNSF,CH1118115,2018-11-28,2:48 AM,Side collision,0,GALESBURG,IL,26,4,Dark,Clear,Yard,Yard/switching,3,2200,0,11200,H607,40.904474,-90.385461,15.5,18.2,28.8
ATK,137007,2015-04-12,6:33 PM,Other (describe in narrative),0,WEST MYSTIC,CT,55,3,Dusk,Clear,Main,Passenger Train - Pulling,60,22220,7500,29720,E78L,41.346756,-71.974933,49.9,45.6,45.5
CDOT,172570,2022-10-30,8:03 AM,Obstruction,0,NEW HAVEN,CT,42,2,Day,Clear,Yard,Light loco(s),0,2688,82789,184982,H099,41.295285,-72.928377,47,46.3,56.1
BRC,13648,2015-11-11,1:10 AM,Derailment,0,BEDFORD PARK,IL,45,4,Dark,Clear,Yard,,0,0,0,11112,H307,41.767021,-87.794007,47.9,53.3,47.1
NS,140249,2021-01-13,6:45 PM,Derailment,0,EAST CANTON,OH,34,3,Dusk,Clear,Yard,Yard/switching,5,12047,0,12047,H306,40.818929,-81.313846,27.2,34.2,40.5
BNSF,PR0315112,2015-03-16,1:00 AM,Derailment,0,LARKSPUR,CO,35,4,Dark,Clear,Main,Freight Train,20,1968,0,68688,E53C,39.189538,-104.856238,53,57.1,39.5
NS,113763,2015-01-09,7:00 PM,Other (describe in narrative),0,GARY,IN,6,3,Dusk,Snow,Yard,Freight Train,8,0,0,19148,H702,41.6234,-87.384921,3,6.5,9.6
KO,210428003,2021-04-28,6:50 AM,Derailment,0,SAWYER,KS,64,1,Dawn,Clear,Industry,Freight Train,4,2000,10558,12558,H312,37.496753,-98.679419,69.2,62.7,64.4
UP,0622HL014,2022-06-16,12:17 PM,Other (describe in narrative),0,PARSONS,KS,79,2,Day,Cloudy,Yard,Single Car,0,20650,0,20650,M507,37.347952,-95.270389,83.1,84.9,83.6
UP,0718DV018,2018-07-18,1:32 AM,Derailment,0,GRAND JUNCTION,CO,76,4,Dark,Cloudy,Yard,Freight Train,10,97554,318700,416254,E64C,39.060842,-108.567569,82.8,81.2,85.4
HOS,001,2021-11-29,8:45 AM,Derailment,0,SANTA CLAUS,IN,34,2,Day,Clear,Main,,0,0,9759,78759,H602,38.107134,-86.975507,39.3,35.9,43
BNSF,MT0723102,2023-07-13,5:45 AM,Other (describe in narrative),0,BLAISDELL,ND,60,1,Dawn,Clear,Main,Freight Train,44,1500,0,17770,M402,48.337677,-102.090632,58,66.6,65
LI,77394,2022-06-20,11:40 AM,Derailment,0,RICHMOND HILL,NY,75,2,Day,Clear,Yard,Yard/switching,5,43861,0,43861,H703,40.69741,-73.82358,64.8,69.4,70.1
MNCW,2019156,2019-10-14,10:45 AM,Rear end collision,0,NORWALK,CT,60,2,Day,Clear,Main,Spec. MoW Equip.,0,357,0,21084,H607,41.133485,-73.42511,56.7,59.5,52.6
UP,1017DV028,2017-10-31,1:45 PM,Other impacts,0,COMMERCE CITY,CO,45,2,Day,Cloudy,Industry,Single Car,0,0,0,11780,H302,39.812462,-104.936039,30.7,37.3,56.3
NICD,N1600005,2016-03-12,5:05 AM,Derailment,0,MICHIGAN CITY,IN,60,4,Dark,Clear,Main,Commuter Train - Pulling,10,593590,39215,632805,H499,41.713205,-86.864495,43.8,48.3,49.8
BNSF,PR1018107,2018-10-11,5:15 AM,Derailment,0,PUEBLO,CO,45,1,Dawn,Rain,Yard,Light loco(s),0,4000,0,68246,H307,38.269588,-104.622186,38.7,40.7,49.5
BRC,14166,2018-03-27,5:30 AM,Derailment,0,CHICAGO,IL,50,1,Dawn,Rain,Main,,0,0,2275,3575,E62C,41.606764,-87.612273,42.7,49,45.2
ATK,144737,2016-10-18,11:00 AM,Derailment,0,"WASHINGTON, DC",DC,80,2,Day,Clear,Yard,Light loco(s),5,98100,395,98495,H099,38.901957,-77.004822,68.5,70.5,74.2
ATK,165656,2020-10-18,1:30 AM,Derailment,0,WASHINGTON,DC,46,4,Dark,Clear,Yard,Yard/switching,3,20400,968,21368,H702,38.898654,-77.006668,53.9,55.9,62.7
BNSF,KS0620108,2020-06-11,7:32 AM,Derailment,0,NEWTON,KS,64,1,Dawn,Clear,Yard,Light loco(s),4,109,16000,16109,H307,38.046265,-97.345637,65.6,74.9,79.4
UP,0317DV033,2017-03-20,1:10 PM,Derailment,0,DENVER,CO,80,2,Day,Cloudy,Yard,Yard/switching,4,1809,39863,41672,E39C,39.77545,-104.962736,63,62.5,51.3