reportingrailroadcode,accidentnumber,date,time,accidenttype,hazmatreleasedcars,station,stateabbr,temperature,visibility_code,visibility,weathercondition,tracktype,equipmenttype,trainspeed,equipmentdamagecost,trackdamagecost,totaldamagecost,primaryaccidentcausecode,latitude,longitude,prior_temp,actual_temp,following_temp
FEC,D72121716,2016-12-17,5:27 PM,Other (describe in narrative),0,STUART,FL,75,4,Dark,Clear,Main,Freight Train,49,10745,228892,239637,E53C,27.130177,-80.16984,74.8,77.5,78.7
BNSF,PR0617110,2017-06-13,11:45 PM,Derailment,0,DENVER,CO,65,4,Dark,Clear,Yard,Yard/switching,4,7034,1800,15868,H309,39.768357,-104.991527,73.6,65.7,69.5
UP,0517DV031,2017-05-30,5:22 PM,Derailment,0,PUEBLO,CO,80,3,Dusk,Rain,Yard,Freight Train,8,4560,21937,26497,H702,38.273882,-104.630247,61.8,63,66.2
IC,937377,2017-09-28,9:50 PM,Side collision,0,CONVENT,LA,80,4,Dark,Clear,Industry,Freight Train,4,6000,3006,138206,H307,30.050242,-90.830515,80.1,80.9,80.6
RTDC,103126,2019-06-01,7:16 AM,Obstruction,0,WHEAT RIDGE,CO,72,1,Dawn,Clear,Main,EMU,5,60955,0,60955,H605,39.786949,-105.137441,60.3,60.3,64.4
UP,0724GC012,2024-07-16,11:02 AM,Other impacts,0,LOTTIE,LA,87,2,Day,Clear,Yard,Single Car,2,282,0,13053,M411,30.521767,-91.55272,81.9,82.8,79.6
NS,139492,2020-10-21,8:59 AM,Hwy-rail crossing,0,PAYNE,OH,59,2,Day,Clear,Main,Freight Train,39,66,20000,20066,M303,41.077688,-84.803346,45.8,55.7,60.7
NS,116590,2015-07-18,4:56 AM,Derailment,0,CHRISNEY,IN,77,1,Dawn,Clear,Industry,Freight Train,10,10795,800,11595,H702,37.973569,-87.03917,82.9,83.5,83.2
NS,129341,2018-05-02,6:00 PM,Derailment,0,CHICAGO,IL,72,3,Dusk,Rain,Yard,Cut of cars,0,76950,730,77680,M105,41.796536,-87.635029,73.1,75.2,63.2
CSX,000180642,2019-01-08,3:00 AM,Other impacts,0,SELKIRK,NY,25,4,Dark,Cloudy,Yard,Single Car,7,9680,0,22357,E09C,42.565903,-73.854184,19.2,34.4,36
NS,151894,2023-01-02,7:30 AM,Other impacts,0,BELLEVUE,OH,48,1,Dawn,Rain,Yard,Single Car,4,0,0,194991,H312,41.288344,-82.803529,42.5,45,48.3
BLF,20190162,2019-04-12,11:59 AM,Other (describe in narrative),0,POMPANO BEACH,FL,80,2,Day,Clear,Main,Passenger Train - Pulling,79,15325,0,15325,M599,26.203612,-80.132372,76.9,79.8,80.8
GTW,1114421,2022-09-21,9:36 AM,Rear end collision,0,MERRILLVILLE,IN,85,2,Day,Clear,Main,Maint./inspect Car,0,28283,0,28283,H993,41.500692,-87.30011,72.1,75.8,59.2
UP,0224GP016,2024-02-12,7:00 AM,Derailment,0,DENVER,CO,27,2,Day,Clear,Yard,Yard/switching,4,34426,0,34426,H318,39.768823,-104.863226,25.5,34.9,39.9
TSWS,9122018001,2018-06-06,3:45 PM,Derailment,0,JOLIET,IL,90,2,Day,Clear,Yard,Yard/switching,14,90000,0,90000,H601,41.47616,-88.105001,66.6,67.1,74.1
BRC,14145,2018-07-16,9:43 AM,Derailment,0,CHICAGO,IL,85,2,Day,Clear,Main,,0,0,51841,72154,H518,41.72371,-87.552195,81.5,82.3,75.2
BLF,20180039,2018-02-14,8:11 PM,Hwy-rail crossing,0,BOCA RATON,FL,75,4,Dark,Clear,Main,Passenger Train - Pulling,22,20532,0,20692,M303,26.340083,-80.089584,76.8,76.2,74.3
CSX,000200284,2021-09-23,10:30 AM,Other impacts,0,WILMINGTON,DE,72,2,Day,Rain,Yard,Cut of cars,4,21584,0,21684,H310,39.759472,-75.560376,74.8,71.1,63.2
UP,1017DV025,2017-10-26,5:20 PM,Hwy-rail crossing,0,GREELEY,CO,40,2,Day,Clear,Main,Freight Train,57,41303,17247,58550,M303,40.466458,-104.696514,52.1,42.8,30.3
BNSF,RD0723123,2023-07-23,11:22 PM,Derailment,0,ENID,OK,85,4,Dark,Clear,Yard,Freight Train,6,157428,522996,680424,H307,36.41237,-97.852568,76.2,79.7,84.2
ATK,151334,2018-01-05,4:20 PM,Derailment,0,WILMINGTON,DE,14,2,Day,Clear,Yard,Light loco(s),5,10889,0,10889,H703,39.739071,-75.539787,23.1,13.3,11
NS,151612,2022-12-01,12:00 AM,Derailment,0,WEST FAIRVIEW,PA,32,4,Dark,Clear,Main,Cut of cars,2,158214,595,158809,H506,40.279833,-76.922472,46.6,37.1,35.8
UP,0618DV004,2018-06-04,3:50 AM,Other impacts,0,DENVER,CO,58,4,Dark,Clear,Yard,Yard/switching,7,958,2415,52413,H318,39.76984,-104.976857,64.4,72.9,78.7
ATK,144913,2016-11-02,2:55 PM,Derailment,0,SANFORD,FL,85,2,Day,Clear,Yard,Passenger Train - Pulling,5,42078,6000,48078,H305,28.807276,-81.288569,73,75.6,73.1
UP,1115DV001,2015-11-01,2:51 PM,Derailment,0,WALSENBURG,CO,65,2,Day,Clear,Yard,,0,0,5784,220784,E64C,37.618485,-104.795825,43.5,52.8,55.1
BNSF,CH1223111,2023-12-25,1:15 PM,Derailment,0,NAPERVILLE,IL,50,2,Day,Rain,Main,Freight Train,50,6804,99000,105804,E61C,41.783555,-88.120891,50.4,53.5,37.5
UP,1118DV009,2018-11-22,9:35 PM,Derailment,0,DENVER,CO,46,4,Dark,Clear,Yard,Yard/switching,2,5798,134934,140732,H524,39.775188,-104.961549,42.4,45.1,42.7
CSX,000180642,2019-01-08,3:00 AM,Other impacts,0,SELKIRK,NY,25,4,Dark,Cloudy,Yard,Single Car,7,12677,0,22357,E09C,42.565903,-73.854184,19.2,34.4,36
NS,139026,2020-08-31,5:40 PM,Derailment,0,ELKHART,IN,76,3,Dusk,Clear,Yard,Cut of cars,0,0,0,635196,H504,41.67736,-85.978495,65.1,69.3,72.3
SLRG,SL112915D,2015-11-29,3:50 AM,Derailment,0,LA VETA,CO,27,4,Dark,Cloudy,Main,Freight Train,6,815027,0,815027,H513,37.495302,-105.146657,26.2,26.7,22.6
NS,145199,2022-05-06,12:04 PM,Derailment,0,ABOITE,IN,51,2,Day,Rain,Industry,Freight Train,3,147356,63354,210710,H503,40.994051,-85.338823,52.1,52,57.1
UP,0220HL005,2020-02-05,5:30 AM,Other impacts,0,KANSAS CITY,KS,29,1,Dawn,Cloudy,Yard,Light loco(s),2,100,1060,30655,H308,39.09576,-94.65681,33,28.2,29.1
BLF,20200004,2020-01-04,8:06 AM,Hwy-rail crossing,0,POMPANO BEACH,FL,80,2,Day,Clear,Main,Passenger Train - Pulling,79,16694,0,17350,M308,26.15375,-80.0704,78.4,78.1,62.6
BNSF,PR0621102,2021-06-06,3:30 PM,Derailment,0,LONGMONT,CO,84,2,Day,Clear,Yard,Freight Train,3,12500,200,12700,H306,40.158636,-105.086778,74,74.9,70.8
NS,131745,2018-11-20,9:35 PM,Derailment,0,JACKSONVILLE,FL,70,4,Dark,Clear,Industry,Freight Train,4,64206,3187,67393,T217,30.360828,-81.723356,63.3,62.2,58.5
UP,0418PR002,2018-04-02,9:20 AM,Other impacts,0,NORTHLAKE,IL,30,2,Day,Cloudy,Yard,Single Car,3,18464,0,22260,M411,41.94927,-87.91084,30.7,33.6,38.3
BNSF,PR0315200,2015-03-13,5:30 PM,Hwy-rail crossing,0,PUEBLO,CO,47,3,Dusk,Cloudy,Main,Freight Train,38,28759,0,28759,M308,38.158823,-104.615674,51.7,52.8,48.6
NS,153353,2023-06-14,4:49 PM,Derailment,0,ELKHART,IN,75,3,Dusk,Clear,Yard,Yard/switching,10,26981,35221,62202,H505,41.677392,-85.978437,58.6,60.8,62.4
CSX,000207564,2022-09-30,9:20 PM,Side collision,0,OAKTOWN,IN,53,4,Dark,Clear,Industry,Freight Train,0,20827,0,26308,H702,38.871733,-87.439665,53.6,55.4,58.4
NS,121916,2016-09-01,2:07 PM,Derailment,0,MIDDLESBOROUGH,KY,86,2,Day,Clear,Industry,Freight Train,5,24302,17153,41455,H703,36.614123,-83.771989,60.9,58.2,59.5
WC,1100120,2022-04-18,9:42 AM,Derailment,0,GARY,IN,36,2,Day,Cloudy,Yard,,0,0,100,23483,H514,41.629592,-87.406329,36.2,35.9,40.2
NS,151440,2022-11-10,10:00 PM,Derailment,0,DANVILLE,KY,45,4,Dark,Cloudy,Yard,Freight Train,10,397771,37002,877945,M505,37.62667,-84.78373,53.4,55.3,57.1
TZPR,TZP587718A,2018-02-25,5:30 AM,Obstruction,0,PEKIN,IL,38,1,Dawn,Clear,Main,,0,0,10680,11180,M404,40.621985,-89.626413,40.5,38.7,42.6
BNSF,PR0315113,2015-03-22,9:35 AM,Derailment,0,HUDSON,CO,58,2,Day,Cloudy,Main,Freight Train,38,2095828,1006916,3102744,E62C,40.166135,-104.411064,51.4,55,53.2
DCR,201031DCR,2020-10-31,4:00 PM,Other impacts,0,HARRINGTON,DE,64,2,Day,Clear,Yard,Cut of cars,10,70150,0,70150,H318,38.89819,-75.576504,48,43.3,49.5
DQE,ID240097,2024-04-23,12:25 AM,Derailment,0,WRIGHT CITY,OK,52,4,Dark,Clear,Main,Freight Train,21,80000,700000,780000,E53C,34.03422,-94.949135,54.4,64.3,70.5
BNSF,PR0415119,2015-04-24,4:00 AM,Derailment,0,ROCKY MT ARSENAL,CO,45,4,Dark,Clear,Yard,Yard/switching,0,11814,0,11814,E0HC,39.861798,-104.878613,45.5,46.3,46.3
UP,0317DV040,2017-03-29,3:00 PM,Derailment,0,EATON,CO,59,2,Day,Clear,Industry,Yard/switching,5,750,14256,15006,T220,40.52179,-104.708047,44.3,46.5,47.5
BNSF,PR0524114,2024-05-25,10:55 AM,Other (describe in narrative),0,DENVER,CO,60,2,Day,Clear,Yard,Yard/switching,6,0,22600,22600,H018,39.771896,-104.99739,55.8,59,60.9
NIRC,MRK009,2017-02-08,9:05 AM,Derailment,0,CHICAGO,IL,30,2,Day,Cloudy,Yard,Light loco(s),5,17311,55893,73204,H399,41.8936,-87.698,43.4,28.1,19
MNCW,78069,2022-09-23,4:33 AM,Derailment,0,NEW HAVEN,CT,55,4,Dark,Clear,Yard,Yard/switching,9,26107,14905,41012,H211,41.294001,-72.929216,69.4,56.8,58.5
UP,0216DV019,2016-02-29,6:30 PM,Derailment,0,DENVER,CO,45,4,Dark,Clear,Yard,Yard/switching,4,14921,52873,67794,H702,39.762804,-104.986365,49.1,46.9,40.8
UP,1022GP027,2022-10-31,1:15 PM,Derailment,0,COLORADO SPRINGS,CO,61,2,Day,Clear,Industry,Single Car,10,110232,6392,116624,M504,38.85513,-104.832153,46,47.6,52.5
MNCW,2019156,2019-10-14,10:45 AM,Rear end collision,0,NORWALK,CT,60,2,Day,Clear,Main,Spec. MoW Equip.,0,9328,0,21084,H607,41.133485,-73.42511,56.7,59.5,52.6
UP,0423RM033,2023-04-03,12:06 PM,Obstruction,0,BOND,CO,50,2,Day,Cloudy,Main,,0,0,0,0,M404,39.866723,-106.640394,40.6,47.1,28.2
UP,0819HL003,2019-08-01,4:24 PM,Other (describe in narrative),0,ONAGA,KS,83,2,Day,Cloudy,Main,Freight Train,21,100,0,694516,M202,39.558661,-96.278638,78.6,76.8,74.3
BNSF,PR0119103,2019-01-02,8:45 PM,Derailment,0,DENVER,CO,24,3,Dusk,Clear,Yard,Yard/switching,6,64520,5000,69520,H503,39.76233,-104.995541,4.3,21.8,34.4
NICD,N2200003,2022-03-21,11:00 PM,Derailment,0,CHESTERTON,IN,41,4,Dark,Clear,Main,Cut of cars,5,24430,6859,31289,H307,41.645341,-87.059816,45.2,53.7,50.3
WC,1120794,2022-12-14,9:44 PM,Side collision,0,GARY,IN,37,4,Dark,Rain,Yard,Single Car,5,8950,0,48137,S016,41.629815,-87.412033,35.1,38.7,34.3
NS,115342,2015-04-20,8:20 AM,Raking collision,0,NEWARK,NJ,51,2,Day,Rain,Yard,Freight Train,5,11000,0,13000,H302,40.713668,-74.142477,54.4,53.4,59.4
UP,1015DV009,2015-10-21,2:10 PM,Derailment,0,PUEBLO,CO,50,2,Day,Rain,Yard,Yard/switching,4,14156,99,14255,E39C,38.273081,-104.628748,61.8,53.2,52.1
BNSF,MT1119103,2019-11-14,8:50 PM,Derailment,0,BROADVIEW,MT,38,3,Dusk,Clear,Siding,Freight Train,0,2000,0,126000,H504,46.054552,-108.846495,40,39.4,46.8
BNSF,KS0920102,2020-09-06,10:57 AM,Derailment,0,KANSAS CITY,KS,85,2,Day,Clear,Yard,Yard/switching,4,53101,0,53101,S016,39.085764,-94.691032,79.3,83.6,81
BNSF,KS0720203,2020-07-27,3:57 PM,Hwy-rail crossing,0,BURRTON,KS,90,2,Day,Clear,Main,Light loco(s),69,136932,168450,305382,M302,38.013572,-97.591999,83,75.4,76
BNSF,KS0816103,2016-08-15,8:25 AM,Side collision,0,KANSAS CITY,KS,81,1,Dawn,Cloudy,Yard,Yard/switching,5,105836,0,175836,H607,39.079644,-94.667004,79.4,76.5,79.1
FEC,D10012821,2021-01-28,10:30 PM,Side collision,0,MIAMI-DADE,FL,57,4,Dark,Clear,Industry,Yard/switching,4,19586,188,19774,H302,25.876977,-80.373771,73.7,69.4,63
CSX,000180115,2018-11-28,8:26 AM,Hwy-rail crossing,0,MIAMI-DADE,FL,54,2,Day,Clear,Yard,Yard/switching,8,21839,0,21936,M304,25.79949,-80.24829,68.8,56.5,60.5
CSX,000205703,2022-06-18,9:30 PM,Derailment,0,GIBSONTON,FL,83,4,Dark,Clear,Industry,Cut of cars,0,2549,0,24852,M506,27.80791,-82.375216,85.2,84.7,83.8
BNSF,GC0416106,2016-04-13,10:41 AM,Derailment,0,LAFAYETTE,LA,70,2,Day,Cloudy,Yard,Freight Train,9,127077,260000,387077,E46C,30.234942,-92.0707,73.9,69.5,71.1
FEC,D68101421,2021-10-14,11:50 AM,Derailment,0,ST AUGUSTINE,FL,90,2,Day,Clear,Industry,Freight Train,9,15000,5057,20057,M599,29.837246,-81.388029,76.9,78.7,76.2
UP,0415LV027,2015-04-27,10:55 AM,Derailment,0,JEFFERSON,LA,75,2,Day,Rain,Main,Freight Train,4,280850,0,662135,M105,29.95898,-90.181851,75.2,70.8,69.5
SKOL,160913001,2016-09-13,8:00 AM,Derailment,0,THAYER,KS,80,2,Day,Clear,Industry,Freight Train,5,9500,6000,15500,T220,37.485618,-95.470087,72.7,76.7,73.4
SCXF,20191025R,2019-10-25,12:00 PM,Hwy-rail crossing,0,PAHOKEE,FL,90,2,Day,Clear,Main,Freight Train,33,350000,50000,400000,M302,26.748441,-80.659562,80.5,79.6,77.7
IHB,2209,2016-04-29,11:36 AM,Other impacts,0,EAST CHICAGO,IN,50,2,Day,Cloudy,Yard,Yard/switching,4,13476,0,13476,H018,41.644067,-87.459182,47.9,45.7,46.7
IC,1142923,2023-10-13,9:10 PM,Obstruction,0,PEOTONE,IL,56,4,Dark,Cloudy,Main,,0,0,0,0,M404,41.299557,-87.808006,57.2,55.7,52.6
FEC,X29092518,2018-09-25,6:55 PM,Hwy-rail crossing,0,HOLLYWOOD,FL,80,3,Dusk,Clear,Main,,0,0,383,14731,M308,26.003954,-80.148792,84.3,85.4,85.3
BRC,14758,2024-04-04,2:00 PM,Raking collision,0,BEDFORD PARK,IL,42,2,Day,Clear,Yard,,0,31270,0,31712,H210,41.464,-87.4545,37.4,39.7,42.6
CSX,000155146,2015-12-14,5:07 AM,Other impacts,0,WAYCROSS,GA,68,4,Dark,Clear,Yard,Freight Train,7,0,0,168788,H305,31.205611,-82.363512,68.9,73.9,66.1
SAPT,SAP936222,2022-03-23,1:58 AM,Derailment,0,GARDEN CITY,GA,66,4,Dark,Clear,Yard,Yard/switching,6,85000,1500,86500,H307,32.137447,-81.155802,63.7,69,63.1
UP,0821MA001,2021-08-02,10:28 AM,Other impacts,0,NORTH LITTLE ROCK,AR,77,2,Day,Cloudy,Yard,Cut of cars,5,2483,0,33184,M411,34.775332,-92.222235,82.8,78.5,77.6
BLF,20220523,2022-05-31,4:16 PM,Other (describe in narrative),0,POMPANO BEACH,FL,82,2,Day,Clear,Main,Passenger Train - Pulling,79,15436,0,15436,M599,26.260778,-80.117568,80.1,80.7,80.6
GIMY,GIM821216,2016-01-20,11:30 AM,Derailment,0,SAVANNAH,GA,60,2,Day,Clear,Yard,Yard/switching,8,157202,1000,158202,H704,32.051368,-81.155838,36.5,41.4,51.3
ATK,156933,2018-12-30,5:00 PM,Raking collision,0,MANSFIELD,MA,33,3,Dusk,Clear,Main,Passenger Train - Pulling,125,9023,0,17954,E89C,42.033157,-71.218732,47.5,29.8,34.7
FEC,X14032019,2019-03-20,11:39 PM,Hwy-rail crossing,0,MIAMI-DADE,FL,80,4,Dark,Clear,Main,,0,0,1122,17762,M399,25.890759,-80.170646,68.5,70.4,70.1
CFE,CFE413723D,2023-05-10,2:35 PM,Derailment,0,FORT WAYNE,IN,74,2,Day,Clear,Yard,Cut of cars,0,13000,0,38816,M405,41.056169,-85.085522,60.2,60.5,65.9
NS,122395,2016-10-12,7:21 PM,Hwy-rail crossing,0,GARY,IN,58,3,Dusk,Clear,Main,Freight Train,40,90,20000,20090,M308,41.61038,-87.22252,63.4,60,48.3
SCXF,20181004,2018-10-04,2:00 PM,Hwy-rail crossing,0,FT PIERCE,FL,86,2,Day,Clear,Main,Freight Train,36,15000,0,15225,M302,27.320232,-80.452725,80.4,80.5,81.7
FEC,D60110719,2019-11-07,10:00 AM,Side collision,0,MIAMI-DADE,FL,80,2,Day,Clear,Industry,Single Car,0,0,0,50000,H302,25.833104,-80.256162,80.4,81,79.3
NS,143395,2021-11-07,3:35 PM,Derailment,0,JACKSONVILLE,FL,64,2,Day,Clear,Industry,Yard/switching,7,55000,0,55000,H518,30.352451,-81.655682,49.2,55.1,57.2
CSX,000206108,2022-07-13,2:21 PM,Hwy-rail crossing,0,CAVE CITY,KY,87,2,Day,Clear,Main,Freight Train,40,36123,0,36123,M302,37.101883,-86.013956,79.1,77,76.1
MRL,2020112,2020-12-08,9:00 AM,Other (describe in narrative),0,SANDPOINT,ID,32,2,Day,Clear,Main,Freight Train,28,0,0,0,H221,48.278435,-116.546041,27.3,33.7,34.5
CSX,000217977,2024-05-10,12:23 PM,Derailment,0,LOUISVILLE,KY,75,2,Day,Clear,Yard,Yard/switching,3,13028,14088,27116,E29C,38.16074,-85.749136,70.1,62.3,63.7
UP,0721MA020,2021-07-16,5:57 PM,Other impacts,0,NORTH LITTLE ROCK,AR,84,2,Day,Cloudy,Yard,Yard/switching,9,58769,880,60158,M411,34.771751,-92.229233,82,78.2,75.1
NS,117078,2015-08-23,12:45 PM,Other impacts,0,ELKHART,IN,73,2,Day,Cloudy,Yard,Yard/switching,6,1957,21800,38757,S099,41.677391,-85.978436,68.6,69.1,64.6
ATK,158411,2019-04-09,7:40 PM,Side collision,0,BOSTON,MA,40,4,Dark,Clear,Main,,0,0,78140,427875,H221,42.347961,-71.056412,44.6,38.5,41.5
NS,151830,2022-12-13,7:00 PM,Other impacts,0,ELKHART,IN,25,3,Dusk,Cloudy,Yard,Cut of cars,5,80541,0,93162,H602,41.677392,-85.978437,36.4,34.7,37.3
SFRV,05312020,2020-05-31,1:57 AM,Obstruction,0,MIAMI,FL,80,4,Dark,Clear,Main,Commuter Train - Pulling,59,24175,0,24175,M402,25.525557,-80.153689,83.3,83,83.6
MBTA,1920,2014-12-06,6:50 PM,Hwy-rail crossing,0,CAMBRIDGE,MA,39,4,Dark,Rain,Main,Passenger Train - Pushing,55,14747,0,14747,M302,42.390404,-71.133415,33.8,39.9,32.5
CSX,000165016,2016-12-08,5:40 AM,Side collision,0,NEW ORLEANS,LA,50,1,Dawn,Cloudy,Industry,Yard/switching,3,21081,0,36775,H020,30.005989,-90.019451,59.4,53.4,45.2
CSX,000207699,2022-10-07,9:40 AM,Side collision,0,PENSACOLA,FL,80,2,Day,Clear,Yard,Freight Train,0,94931,967,131048,H702,30.437013,-87.219916,72.4,73.3,75.8
UP,0722MA007,2022-07-03,1:29 PM,Other impacts,0,PINE BLUFF,AR,83,2,Day,Clear,Yard,Cut of cars,0,22356,0,81320,H601,34.249858,-91.940199,78.9,80,84.7
CSX,000173396,2017-12-11,8:04 AM,Derailment,0,CARTERSVILLE,GA,26,2,Day,Clear,Industry,Freight Train,5,133284,1479,134763,H703,34.126841,-84.883052,30,34.6,38.4
CSX,000211687,2023-06-05,6:29 PM,Hwy-rail crossing,0,JEFFERSONVILLE,IN,84,3,Dusk,Clear,Main,Freight Train,30,13017,0,222358,M302,38.340085,-85.747882,77.7,73.1,72.2
NS,119831,2016-03-22,6:45 AM,Other impacts,0,TOCCOA,GA,60,1,Dawn,Clear,Yard,Freight Train,0,32399,0,32399,H318,34.57834,-83.326115,47,52,57.6
FEC,X42111519,2019-11-15,3:24 PM,Hwy-rail crossing,0,NORTH MIAMI BEACH,FL,84,2,Day,Cloudy,Main,,0,0,960,25367,M308,25.574969,-80.085105,75.2,76,68.6
CSX,000179997,2018-11-24,6:30 PM,Side collision,0,WAYCROSS,GA,62,3,Dusk,Cloudy,Yard,Cut of cars,10,91,0,21912,S007,31.213524,-82.353588,54.8,59.4,53.9
CSX,000177043,2018-06-17,12:30 AM,Side collision,0,JACKSONVILLE,FL,80,4,Dark,Cloudy,Yard,Yard/switching,3,19590,482,20072,H307,30.359362,-81.716896,79.3,81.2,82.3
UP,0722MA019,2022-07-09,1:15 PM,Derailment,0,NORTH LITTLE ROCK,AR,100,2,Day,Cloudy,Yard,Light loco(s),4,250,45474,45724,S011,34.775373,-92.221236,90.6,89.9,83.4
NS,143092,2021-10-07,8:20 PM,Other (describe in narrative),0,SHELBYVILLE,KY,72,4,Dark,Clear,Industry,Cut of cars,5,2700,0,16070,H704,38.20648,-85.25717,71,69.6,69.8
UP,1221MA024,2021-12-22,7:26 PM,Derailment,0,PINE BLUFF,AR,43,3,Dusk,Cloudy,Yard,Yard/switching,5,97920,93640,191560,M405,34.249202,-91.939477,45.4,44,50.9
CP,1000423399,2016-07-14,5:15 PM,Other impacts,0,ST PAUL,MN,75,2,Day,Clear,Yard,Freight Train,7,190,0,31562,H607,44.935557,-93.036428,77,67,67.5
NS,157064,2024-06-14,10:17 AM,Derailment,0,MACON,GA,85,2,Day,Clear,Yard,Yard/switching,1,17750,500,18250,S016,32.81373,-83.622794,80,79.6,83.7
CSX,000185824,2019-10-06,1:37 PM,Hwy-rail crossing,0,LAKELAND,FL,77,2,Day,Rain,Main,,0,0,97,38545,M302,28.033216,-82.019127,80.9,78.5,78.5
PAL,2022SEPT2D,2022-09-10,12:45 PM,Derailment,0,PADUCAH,KY,86,2,Day,Cloudy,Yard,Freight Train,8,110000,45000,155000,M503,37.04456,-88.6109,71,73.5,70.1
BNSF,CH0517110,2017-05-18,6:50 PM,Derailment,0,GALESBURG,IL,73,3,Dusk,Clear,Yard,Yard/switching,8,39331,0,39331,H316,40.903829,-90.385786,74.4,70.3,50.8
BLF,20190352,2019-09-06,8:59 PM,Hwy-rail crossing,0,WEST PALM BEACH,FL,90,4,Dark,Cloudy,Main,Passenger Train - Pulling,78,174475,0,175090,M308,26.41328,-80.032105,85.2,85.2,84.9
GTW,958463,2018-05-08,7:25 AM,Derailment,0,PORT HURON,MI,55,1,Dawn,Clear,Yard,Freight Train,4,10413,0,19323,H306,42.972513,-82.420641,48.9,60,65.3
ATK,158456,2019-04-11,2:58 PM,Hwy-rail crossing,0,SEVILLE,FL,84,2,Day,Clear,Main,Passenger Train - Pulling,78,14951,0,15048,M302,29.3056,-81.487992,71.3,71.3,75.6
NS,127837,2017-12-20,1:43 AM,Derailment,0,MACON,GA,65,4,Dark,Fog,Yard,Yard/switching,7,42144,3636,45780,H316,32.813658,-83.622785,61,65.7,57.1
BLF,20190220,2019-06-03,2:48 PM,Other (describe in narrative),0,BOYNTON BEACH,FL,81,2,Day,Clear,Main,Passenger Train - Pulling,72,15285,0,15285,M599,26.325504,-80.032292,83.6,85,84.8
NS,157027,2024-06-11,7:00 AM,Derailment,0,ATLANTA,GA,70,1,Dawn,Clear,Main,Freight Train,6,157864,0,166951,M405,33.788823,-84.418679,75.7,74.5,77.5
BNSF,HL0619111,2019-06-22,6:15 AM,Other impacts,0,FORT SCOTT,KS,70,1,Dawn,Clear,Main,Freight Train,5,426358,0,426358,H307,37.848533,-94.694402,81.5,81.8,68.3
NS,157191,2024-06-27,11:01 PM,Hwy-rail crossing,0,WAYNE,MI,63,4,Dark,Cloudy,Main,Freight Train,47,0,20000,20000,M303,42.179482,-83.527176,73.1,66.3,66.6
NS,123736,2017-01-28,1:25 AM,Derailment,0,COLUMBUS,GA,42,4,Dark,Clear,Yard,Yard/switching,3,17292,6518,23810,M404,32.465828,-84.982415,41.8,41.1,44.2
CSX,000216216,2024-02-15,8:12 AM,Hwy-rail crossing,0,HORSE CAVE,KY,45,2,Day,Clear,Main,Freight Train,50,17949,0,17949,M303,37.160335,-85.932305,44.6,50.7,40
UP,0919HL019,2019-09-19,10:15 PM,Other impacts,0,KANSAS CITY,KS,78,4,Dark,Clear,Yard,Cut of cars,4,1160,0,19014,H312,39.096485,-94.662332,84.6,84,79.4
NS,152901,2023-04-24,7:15 AM,Other impacts,0,ELKHART,IN,30,1,Dawn,Clear,Yard,Cut of cars,10,12736,9758,71529,M507,41.677392,-85.978437,38.9,40.9,40.7
UP,0521MA002,2021-05-04,6:44 PM,Derailment,0,HOPE,AR,67,3,Dusk,Cloudy,Main,Freight Train,9,16482,2184,18666,E24C,33.670202,-93.592344,77.3,70.2,64.5
NS,129611,2018-05-26,1:00 AM,Derailment,0,ADRIAN,MI,68,4,Dark,Cloudy,Yard,Freight Train,6,2060,18238,20298,H306,41.905082,-84.002759,70.7,71.5,76.4
NICD,N1800002,2018-01-12,1:30 AM,Derailment,0,MICHIGAN CITY,IN,20,4,Dark,Snow,Yard,Cut of cars,10,20478,0,20478,H702,41.713205,-86.864495,52.2,24.9,13.9
ATK,174887,2023-05-25,8:10 AM,Hwy-rail crossing,0,REYNOLDS,IN,48,2,Day,Clear,Main,Passenger Train - Pulling,60,35507,0,35507,M302,40.717743,-86.872062,69.4,59.3,60.9
BNSF,CH0724113,2024-07-27,11:50 AM,Derailment,0,GALESBURG,IL,75,2,Day,Clear,Yard,Yard/switching,4,15813,50000,65813,H995,40.903726,-90.385822,72.2,72.9,75.4
NS,135518,2019-09-17,12:45 AM,Derailment,0,JACKSONVILLE,FL,77,4,Dark,Clear,Industry,Yard/switching,8,24000,3383,27383,H399,30.349766,-81.711933,82.4,82.3,79.3
BNSF,KS0619110,2019-06-18,11:00 AM,Derailment,0,EDGERTON,KS,80,2,Day,Clear,Yard,,0,0,7000,7000,H508,38.789707,-94.961462,74.4,70.6,69.6
FEC,D16040724,2024-04-07,8:20 PM,Other (describe in narrative),0,MIAMI SPRINGS,FL,80,4,Dark,Clear,Yard,Single Car,0,0,0,37562,H702,25.83407,-80.30691,71.8,72.7,73.5
FEC,X33070422,2022-07-04,4:55 PM,Hwy-rail crossing,0,MIAMI-DADE,FL,82,2,Day,Clear,Main,,0,0,24325,36418,M308,25.812835,-80.190498,85.1,85,84.9
WC,899873,2016-09-04,10:30 PM,Derailment,0,GARY,IN,75,4,Dark,Clear,Yard,Yard/switching,4,116203,7120,123323,H704,41.622626,-87.382651,66.3,68.3,75.5
WC,940074,2017-10-26,6:32 AM,Derailment,0,GARY,IN,37,1,Dawn,Clear,Yard,Yard/switching,9,20000,13060,33060,S016,41.613594,-87.359015,42.6,47.3,42.3