reportingrailroadcode,accidentnumber,date,time,accidenttype,hazmatreleasedcars,station,stateabbr,temperature,visibility_code,visibility,weathercondition,tracktype,equipmenttype,trainspeed,equipmentdamagecost,trackdamagecost,totaldamagecost,primaryaccidentcausecode,latitude,longitude,prior_temp,actual_temp,following_temp
UP,1119HL020,2019-11-23,11:45 AM,Other impacts,0,KANSAS CITY,KS,39,2,Day,Clear,Yard,Single Car,3,29994,0,59161,H312,39.096158,-94.658617,35,38.3,45.3
UP,0918LK020,2018-09-13,12:57 PM,Other impacts,0,NORTH LITTLE ROCK,AR,85,2,Day,Clear,Yard,Cut of cars,1,6563,0,37984,S016,34.772238,-92.22989,70.6,76.1,80.6
FEC,D44071615,2015-07-16,8:40 AM,Side collision,0,JACKSONVILLE,FL,86,2,Day,Clear,Yard,Light loco(s),5,92000,0,134781,H307,30.238194,-81.599842,86.2,84.3,84
SFRV,03172024,2024-03-17,1:00 PM,Derailment,0,WEST PALM BEACH,FL,85,2,Day,Clear,Main,Commuter Train - Pulling,17,13530,13809,27339,E59C,26.7564,-80.07352,77.7,79.3,79.7
BNSF,CH0724105,2024-07-10,9:10 AM,Derailment,0,GALESBURG,IL,79,2,Day,Clear,Yard,Yard/switching,1,157478,316222,473700,H506,40.903644,-90.385868,71.6,73.8,71.7
UP,0921MA007,2021-09-06,8:37 AM,Hwy-rail crossing,0,WILMOT,AR,72,2,Day,Cloudy,Main,Freight Train,51,11633,400,12033,M308,33.00693,-91.623615,80.4,76.4,73.7
NS,115026,2015-03-28,6:10 PM,Derailment,0,ELKHART,IN,27,3,Dusk,Clear,Yard,Yard/switching,4,41000,0,51400,H316,41.677391,-85.978436,26.8,24.3,33.4
NS,154636,2023-10-30,9:40 PM,Other impacts,0,NEW HAVEN,IN,32,4,Dark,Clear,Yard,Single Car,0,3500,0,17900,H312,41.074131,-85.037634,45.3,40.3,30.9
CSX,000161987,2016-08-09,7:36 AM,Derailment,0,CARTERSVILLE,GA,80,2,Day,Clear,Industry,Freight Train,3,43665,1701,45366,H306,34.123403,-84.907573,81.4,80.3,80.2
CP,1001308424,2020-08-25,2:01 PM,Hwy-rail crossing,0,LE CLAIRE,IA,96,2,Day,Clear,Main,Freight Train,28,13595,0,13595,M302,41.63194,-90.34537,80.6,80.6,82.1
IC,1143156,2024-01-06,2:14 PM,Other (describe in narrative),0,CARBONDALE,IL,39,2,Day,Cloudy,Main,,0,0,25000,25000,H702,37.728205,-89.2164,32.5,37.5,36.4
ALS,0724AS003,2024-07-06,11:00 PM,Derailment,0,EAST ST LOUIS,IL,74,4,Dark,Clear,Yard,Yard/switching,2,13244,1000,14244,H523,38.599062,-90.152938,78.9,77.3,78.9
CSX,000179634,2018-10-31,11:26 AM,Hwy-rail crossing,0,PALATKA,FL,81,2,Day,Clear,Main,,0,0,97,33885,M304,29.725472,-81.652022,64.5,67.6,71.5
BNSF,CH0424102,2024-04-02,3:23 AM,Derailment,0,GALESBURG,IL,35,4,Dark,Fog,Yard,Yard/switching,4,19232,43316,62548,H607,40.917611,-90.379728,48.5,42,34.8
BLF,20190310,2019-08-08,11:42 AM,Hwy-rail crossing,0,BOYNTON BEACH,FL,92,2,Day,Clear,Main,Passenger Train - Pulling,72,26339,0,26723,M308,26.507306,-80.063005,81.2,82.2,83.5
NS,126842,2017-09-30,11:00 PM,Derailment,0,FORT WAYNE,IN,55,4,Dark,Clear,Yard,Freight Train,4,28444,23952,52396,H704,41.071404,-85.11778,58.6,54.5,54.4
CFRC,16269,2016-09-25,10:16 PM,Obstruction,0,EDGEWOOD,FL,85,4,Dark,Clear,Main,,0,0,0,12961,M402,28.471906,-81.369879,82.2,81.5,77.1
NS,156421,2024-04-19,9:55 AM,Other (describe in narrative),0,DECATUR,IL,51,2,Day,Clear,Yard,Yard/switching,2,14500,500,15000,H702,39.858407,-88.898385,59.4,51,45.5
KJRY,ID240010,2024-01-11,12:59 PM,Head on collision,0,MARIETTA,IL,28,2,Day,Snow,Main,Freight Train,10,43128,20500,63628,T220,40.493198,-90.430539,28.1,26.3,29.5
UP,1021MA004,2021-10-04,2:40 PM,Hwy-rail crossing,0,FAIR OAKS,AR,77,2,Day,Clear,Main,Freight Train,46,14606,200,14806,M302,35.236794,-91.032667,72.2,69.7,69.3
CSX,000208098,2022-10-29,9:45 AM,Other impacts,0,RUSSELL,KY,48,2,Day,Clear,Yard,Yard/switching,4,31833,0,79745,H318,38.532101,-82.69768,51.6,51,55.4
NS,120085,2016-04-11,9:00 AM,Derailment,0,ELKHART,IN,50,2,Day,Cloudy,Yard,Yard/switching,5,67190,24739,91929,E44C,41.677391,-85.978436,37,47.7,37.8
CSX,000138050,2014-11-25,3:40 PM,Hwy-rail crossing,0,JACKSONVILLE,FL,62,2,Day,Rain,Main,Freight Train,55,16555,494,17049,M399,30.31397,-81.847865,76.5,67.5,55.5
NS,156316,2024-04-07,5:53 PM,Side collision,0,ELKHART,IN,44,3,Dusk,Clear,Yard,Yard/switching,4,0,0,20444,S007,41.677392,-85.978437,42.1,45.8,57.6
RSOR,RSO765315D,2015-06-30,10:50 AM,Derailment,0,RICEBORO,GA,88,2,Day,Clear,Main,Freight Train,4,13487,9420,22907,E4BC,31.742686,-81.427628,79.3,78.4,80.1
SCXF,20191219C,2019-12-19,2:09 AM,Hwy-rail crossing,0,SOUTH BAY,FL,70,4,Dark,Clear,Main,Freight Train,24,1000,0,1000,M302,26.667715,-80.7486,69.4,66.4,71.4
JAIL,071620241,2024-07-16,1:59 AM,Hwy-rail crossing,0,JACKSON,MI,67,4,Dark,Rain,Main,Freight Train,5,0,0,0,M304,42.14585,-84.24212,76.3,74.3,71.9
CSX,000147995,2015-04-25,10:40 PM,Obstruction,0,SAVANNAH,GA,65,4,Dark,Clear,Main,,0,0,0,18708,M404,32.018809,-81.198675,66.6,70.6,74.8
CSX,000168803,2017-05-09,4:32 PM,Derailment,0,FAIRMOUNT,GA,93,2,Day,Clear,Industry,Freight Train,5,8482,20000,28482,E40C,34.383017,-84.713076,61.9,69.5,71.6
NS,155879,2024-02-27,6:55 PM,Derailment,0,DECATUR,IL,60,3,Dusk,Clear,Yard,Freight Train,3,34223,43128,77351,H601,39.861739,-88.886505,56.8,65.4,28.3
NICD,N1800005,2018-01-29,3:35 AM,Other impacts,0,LA PORTE,IN,20,4,Dark,Snow,Main,Commuter Train - Pulling,79,25000,0,25000,M404,41.717552,-86.699515,33,26.8,25
CSX,000169173,2017-05-24,6:05 AM,Derailment,0,INDIANAPOLIS,IN,57,1,Dawn,Cloudy,Yard,Cut of cars,7,12580,232,12812,M411,39.759791,-86.327526,64.8,60.5,58.6
CSX,000162005,2016-08-08,6:47 PM,Derailment,0,LOUISVILLE,KY,89,2,Day,Clear,Yard,Yard/switching,2,20865,6024,26889,M405,38.160709,-85.749174,79.3,79.8,81.4
CSX,000193702,2020-11-05,10:05 PM,Hwy-rail crossing,0,JACKSONVILLE,FL,75,4,Dark,Clear,Main,,0,0,34384,34384,M308,30.216547,-81.703873,66.6,70.4,72.1
CSX,000140359,2015-01-19,9:00 AM,Hwy-rail crossing,0,DEERFIELD BEACH,FL,70,2,Day,Clear,Main,,0,0,334,15026,M302,26.290476,-80.130835,69.9,66.9,71.8
CSX,000216519,2024-03-02,6:29 PM,Rear end collision,0,RIVERDALE,IL,35,2,Day,Clear,Yard,Yard/switching,10,12045,8724,240226,H306,41.649857,-87.631209,38.4,46.1,56.9
UP,0724GL015,2024-07-12,3:35 PM,Other impacts,0,BOONE,IA,84,2,Day,Clear,Yard,Yard/switching,4,23961,0,37226,H318,42.063287,-93.86614,72.7,73.9,80.1
NS,153214,2023-05-30,4:10 AM,Other impacts,0,ELKHART,IN,65,1,Dawn,Clear,Yard,Yard/switching,5,9824,0,84824,H021,41.668491,-86.01427,69.5,75.5,78.5
NS,153561,2023-07-07,12:30 AM,Other (describe in narrative),0,CHICAGO,IL,70,4,Dark,Clear,Yard,Light loco(s),5,17863,17788,35651,H702,41.795347,-87.635317,73.3,72.2,68.9
NS,156263,2024-04-03,1:19 PM,Derailment,0,ELKHART,IN,38,2,Day,Cloudy,Yard,Yard/switching,4,0,170000,170000,E25C,41.677392,-85.978437,45.2,36.7,38.6
CSX,000172025,2017-10-04,11:00 AM,Derailment,0,ATHENS,GA,78,2,Day,Clear,Industry,Yard/switching,3,14715,98,14813,M501,33.984568,-83.34025,67.2,67,67.1
BLF,20190451,2019-11-15,3:24 PM,Hwy-rail crossing,0,NORTH MIAMI BEACH,FL,84,2,Day,Cloudy,Main,Passenger Train - Pulling,55,24407,0,25367,M308,25.574969,-80.085105,75.2,76,68.6
NS,114236,2015-02-06,6:00 AM,Derailment,0,MCDONOUGH,GA,34,1,Dawn,Clear,Main,Freight Train,38,693191,688800,1381991,E4BC,33.404297,-84.146166,43.4,36.8,45.4
FEC,D06021219,2019-02-12,4:45 AM,Other (describe in narrative),0,WEST PALM BEACH,FL,70,4,Dark,Clear,Main,Maint./inspect Car,10,44000,0,44000,H402,26.710404,-80.055307,75.8,76.6,65.3
ALS,0424AS011,2024-04-18,2:05 AM,Derailment,0,EAST ST LOUIS,IL,59,4,Dark,Clear,Yard,Light loco(s),0,603,0,20468,H506,38.599206,-90.152492,72.7,65.8,53.8
NS,139828,2020-10-29,7:45 AM,Other (describe in narrative),0,HAVRE DE GRACE,MD,57,1,Dawn,Rain,Main,Freight Train,30,0,0,23500,M599,39.489404,-76.176794,61.9,55,46.8
UP,0621MA020,2021-06-15,4:59 PM,Derailment,0,NORTH LITTLE ROCK,AR,93,2,Day,Clear,Yard,Freight Train,9,75171,8800,83971,H508,34.764176,-92.258973,82.6,81.3,80.5
BLF,20190104,2019-03-07,6:17 PM,Hwy-rail crossing,0,HOLLYWOOD,FL,67,3,Dusk,Clear,Main,Passenger Train - Pulling,77,12000,0,13110,M308,26.021644,-80.149403,61.1,64.6,73.2
FEC,D38052122,2022-05-21,11:24 AM,Derailment,0,JENSEN BEACH,FL,85,2,Day,Clear,Main,Work train,6,2000,65860,67860,E07C,27.23972,-80.225964,77.5,81,82.1
UP,1019HL029,2019-10-19,3:40 PM,Derailment,0,COFFEYVILLE,KS,71,2,Day,Clear,Yard,Yard/switching,4,214719,2325,217044,H511,37.030292,-95.628655,58.5,59.6,60.3
PHRR,21324,2024-02-13,6:30 PM,Other impacts,0,GRANITE CITY,IL,50,4,Dark,Clear,Yard,Freight Train,4,14000,3000,17000,H306,38.686762,-90.176604,38.9,43.2,47.3
NS,154636,2023-10-30,9:40 PM,Other impacts,0,NEW HAVEN,IN,32,4,Dark,Clear,Yard,Yard/switching,10,3500,9000,17900,H312,41.074131,-85.037634,45.3,40.3,30.9
FEC,D40091620,2020-09-16,1:35 PM,Derailment,0,MIAMI-DADE,FL,85,2,Day,Clear,Yard,Yard/switching,2,7143,9053,16196,H702,25.818981,-80.30828,84.8,85,85.6
GTW,960628,2018-05-27,1:45 PM,Derailment,0,LANSING,MI,93,2,Day,Clear,Yard,Freight Train,5,6991,18472,25463,H702,42.710253,-84.612815,75.8,77.9,79.3
CSX,000209794,2023-02-14,8:45 AM,Derailment,0,WAYCROSS,GA,55,2,Day,Clear,Yard,Freight Train,10,65218,5766,70984,H702,31.21353,-82.353568,53.4,56.1,62.9
BLF,20200066,2020-02-18,10:15 AM,Hwy-rail crossing,0,POMPANO BEACH,FL,80,2,Day,Clear,Main,Passenger Train - Pulling,78,66998,0,67371,M308,26.234183,-80.125086,75.7,78.2,78.9
UP,1219RM019,2019-12-27,6:29 AM,Fire/violent rupture,0,SPENCER,ID,9,1,Dawn,Clear,Main,Freight Train,0,326281,0,326281,E73L,44.360266,-112.185146,15.5,16.5,8.6
CSX,000211967,2023-06-26,9:47 AM,Side collision,0,JACKSONVILLE,FL,91,2,Day,Clear,Yard,Yard/switching,3,6554,2495,352538,H306,30.359359,-81.716903,83.1,85.3,86
IC,1149731,2024-05-12,9:25 AM,Other impacts,0,MARKHAM,IL,74,2,Day,Clear,Yard,Yard/switching,4,1545,0,16545,H318,41.34391,-87.392244,58,65.9,67.1
BLF,20210069,2021-11-09,6:05 PM,Obstruction,0,NORTH MIAMI BEACH,FL,73,3,Dusk,Clear,Main,Passenger Train - Pulling,70,18441,0,18541,M402,25.926139,-80.154249,68.4,70.2,73.3
UP,1016LK028,2016-10-25,9:38 AM,Fire/violent rupture,0,BONITA,LA,80,2,Day,Clear,Main,Freight Train,20,11610,0,11610,E74L,32.886848,-91.721267,61.6,63.6,64.4
BNSF,CH1222116,2022-12-23,11:05 PM,Derailment,0,HODGKINS,IL,-5,4,Dark,Snow,Yard,Light loco(s),5,8604,2860,11464,H307,41.753049,-87.864845,20.7,-4.4,5.9
NS,155996,2024-03-09,10:50 AM,Side collision,0,ELKHART,IN,55,2,Day,Clear,Yard,Light loco(s),13,39,0,539,H306,41.677392,-85.978437,47,38.7,33.1
FEC,X40111219,2019-11-12,6:33 PM,Hwy-rail crossing,0,NORTH MIAMI BEACH,FL,85,3,Dusk,Cloudy,Main,,0,0,353,19037,M308,25.560566,-80.090523,77.8,78.1,74.4
CSX,000162536,2016-08-31,11:12 AM,Hwy-rail crossing,0,DOUGLAS,GA,89,2,Day,Cloudy,Main,Freight Train,58,18193,146,18339,M304,31.531196,-82.9153,79.5,77.1,77.6
NS,152576,2023-03-18,10:46 AM,Derailment,0,ELKHART,IN,17,2,Day,Clear,Yard,Single Car,4,6650,19376,29452,E67C,41.677392,-85.978437,39.3,21.8,28.4
UP,0921MA034,2021-09-29,9:05 PM,Obstruction,0,TEXARKANA,AR,77,4,Dark,Cloudy,Main,,0,0,20000,20000,M404,33.466262,-93.987477,78.7,76.9,76.8
UP,0122MA005,2022-01-10,3:49 AM,Derailment,0,GURDON,AR,35,4,Dark,Clear,Yard,Light loco(s),1,500,26580,27080,H702,33.914473,-93.158255,55.5,38.7,37.6
BLF,20220452,2022-05-02,5:41 AM,Hwy-rail crossing,0,POMPANO BEACH,FL,75,4,Dark,Clear,Main,Passenger Train - Pulling,79,67510,0,67664,M308,26.236923,-80.124311,78.7,79.9,79.6
NS,125152,2017-05-21,5:10 PM,Other impacts,0,ELKHART,IN,63,3,Dusk,Clear,Yard,Yard/switching,4,11455,212,35952,E39C,41.67736,-85.978495,55,63.1,58.9
CFE,CFE105216O,2016-09-13,3:00 PM,Derailment,0,FORT WAYNE,IN,80,2,Day,Clear,Yard,,0,0,12000,40015,E59L,41.071439,-85.108189,64.4,67.6,66.9
KCT,UP082019,2019-08-20,4:45 PM,Derailment,0,KANSAS CITY,KS,95,2,Day,Clear,Main,,0,0,3900,11752,H525,39.079158,-94.612706,85,88.1,79.8
CSX,000171221,2017-08-25,9:51 AM,Other impacts,0,INDIANAPOLIS,IN,80,2,Day,Clear,Main,Cut of cars,15,176464,1292,177756,H018,39.763019,-86.185691,68.2,66.6,67.4
CSX,000182040,2019-03-29,3:10 PM,Derailment,0,MULBERRY,FL,78,2,Day,Clear,Yard,Freight Train,3,23173,4074,27247,M204,27.898949,-81.976599,66.7,68.9,71.4
UP,0724GL015,2024-07-12,3:35 PM,Other impacts,0,BOONE,IA,84,2,Day,Clear,Yard,Freight Train,0,13265,0,37226,H318,42.063287,-93.86614,72.7,73.9,80.1
CSX,000173443,2017-12-14,6:00 AM,Other impacts,0,SAVANNAH,GA,45,1,Dawn,Clear,Yard,Yard/switching,7,42000,0,42097,H318,32.027718,-81.14885,43.4,50.1,52.7
SCXF,20210317S,2021-03-17,6:05 PM,Other (describe in narrative),0,LAKE HARBOR,FL,85,2,Day,Clear,Main,Freight Train,5,25000,0,25000,H318,26.6891,-80.8257,73.5,74.8,77.4
SCXF,20221117I,2022-11-17,3:45 PM,Hwy-rail crossing,0,MOORE HAVEN,FL,80,2,Day,Clear,Main,Freight Train,37,15000,0,15000,M302,26.783204,-80.985654,75.1,65,61.6
CSX,000184664,2019-08-11,6:34 AM,Hwy-rail crossing,0,JACKSONVILLE,FL,79,1,Dawn,Clear,Main,,0,0,97,40097,M302,30.394262,-81.744498,85.2,83.2,83.6
ALS,20171217,2017-12-17,11:30 AM,Derailment,0,EAST ST LOUIS,IL,52,2,Day,Clear,Yard,Yard/switching,7,80695,477986,558681,M405,38.598795,-90.153313,45.4,47,46.6
BLF,20231544,2023-02-15,3:15 PM,Hwy-rail crossing,0,DEERFIELD BEACH,FL,80,2,Day,Clear,Main,Passenger Train - Pulling,79,16160,0,16571,M308,26.289979,-80.109263,66.8,75.7,77.3
BLF,20180388,2018-12-05,6:05 AM,Obstruction,0,LAKE WORTH,FL,70,1,Dawn,Clear,Main,Passenger Train - Pulling,79,22697,0,22806,M402,26.603803,-80.058525,75.8,62.7,61.7
CSX,000181455,2019-02-18,4:08 PM,Derailment,0,WILDWOOD,FL,87,3,Dusk,Clear,Yard,Freight Train,2,16439,2235,18674,M503,28.868075,-82.03905,71.6,73.4,71.7
UP,0217LV032,2017-02-15,2:00 PM,Other impacts,0,LIVONIA,LA,55,2,Day,Clear,Yard,Yard/switching,4,15762,0,15810,S006,30.523977,-91.55285,64.8,50.4,50.8
BNSF,CH0418120,2018-04-29,8:05 AM,Derailment,0,BARSTOW,IL,45,1,Dawn,Clear,Yard,Freight Train,3,4761,12817,17578,H607,41.51975,-90.353262,47.6,49.9,65.5
UP,0620HL016,2020-06-17,12:54 PM,Derailment,0,ATCHISON,KS,90,2,Day,Clear,Industry,Yard/switching,3,3599,26869,30468,E71L,39.560263,-95.116919,80.8,79.4,81.1
FEC,D58110619,2019-11-06,3:15 PM,Derailment,0,FORT LAUDERDALE,FL,82,2,Day,Clear,Industry,Yard/switching,7,20293,733,21026,M501,26.088756,-80.129519,80.9,81.3,81.5
BLF,20233574,2023-11-11,4:26 PM,Other impacts,0,MIAMI-DADE,FL,82,2,Day,Clear,Main,Passenger Train - Pulling,78,13231,0,13231,M599,25.893141,-80.169556,80,80.9,78.6
CSX,000168348,2017-04-17,4:57 PM,Other impacts,0,ATLANTA,GA,81,2,Day,Clear,Yard,Single Car,12,4000,0,46600,H318,33.801256,-84.449673,70.4,68.9,69.7
BNSF,CH0724110,2024-07-21,5:15 AM,Derailment,0,JOLIET,IL,67,1,Dawn,Clear,Yard,Freight Train,7,13153,52608,65761,H509,41.541729,-88.081416,70.4,72.8,72.9
CSX,000220529,2024-06-20,6:11 AM,Obstruction,0,NAHUNTA,GA,77,1,Dawn,Cloudy,Main,,0,0,0,29800,M404,31.141355,-81.998704,80,80.7,79.4
KO,IN190815,2019-08-15,10:30 PM,Derailment,0,GREAT BEND,KS,80,4,Dark,Clear,Main,Freight Train,4,3000,9650,12650,E46C,38.353521,-98.779658,73.2,78.2,76.9
NS,121759,2016-08-19,3:17 PM,Hwy-rail crossing,0,MISHAWAKA,IN,76,2,Day,Clear,Main,Freight Train,52,230,22596,22826,M303,41.657551,-86.196453,72.7,72.3,72.6
IHB,2754,2022-05-27,4:00 AM,Side collision,0,HAMMOND,IN,62,4,Dark,Rain,Yard,Yard/switching,0,47500,250,49750,H306,41.611678,-87.497553,70.3,55.4,60.6
SFRV,03242019,2019-03-24,10:24 AM,Hwy-rail crossing,0,POMPANO BEACH,FL,76,2,Day,Clear,Main,Commuter Train - Pulling,70,18000,28698,46698,M302,26.135535,-80.083698,68.1,75.2,76.1
CSX,000157513,2016-02-27,8:50 AM,Other impacts,0,WAYCROSS,GA,50,2,Day,Clear,Yard,Light loco(s),0,2795,500,38256,H702,31.213524,-82.353588,49.6,48.4,54.6
CSX,000207456,2022-09-24,6:51 PM,Head on collision,0,MIAMI,FL,88,3,Dusk,Clear,Main,Freight Train,20,106223,0,462912,H603,25.786863,-80.271733,85.3,82.2,83.1
CSX,000174416,2018-01-31,8:45 AM,Hwy-rail crossing,0,JEFFERSON,GA,30,2,Day,Clear,Main,Spec. MoW Equip.,3,17000,0,17000,M399,34.083929,-83.565254,38,39.5,47.6
CSX,000199918,2021-09-08,3:15 AM,Derailment,0,JACKSONVILLE,FL,80,4,Dark,Cloudy,Yard,Freight Train,10,45846,790,46636,H306,30.383312,-81.768904,80.1,79.3,79.9
SFRV,10252019,2019-10-25,4:54 PM,Hwy-rail crossing,0,FORT LAUDERDALE,FL,90,2,Day,Clear,Main,Commuter Train - Pulling,79,100000,0,100000,M303,26.105468,-80.091764,83.3,82.6,80.1
CSX,000192911,2020-09-28,10:05 AM,Derailment,0,SANFORD,FL,82,2,Day,Clear,Yard,Freight Train,0,0,0,38261,E85C,28.819004,-81.306789,81.3,77.6,77.6
TRRA,23039,2023-07-27,4:40 AM,Derailment,0,VENICE,IL,84,1,Dawn,Clear,Yard,Cut of cars,2,13491,47072,60563,E35C,38.674991,-90.163265,86.1,89.9,90.2
SFRV,03132021,2021-03-13,4:12 PM,Fire/violent rupture,0,FORT LAUDERDALE,FL,85,2,Day,Clear,Main,Commuter Train - Pulling,0,29504,0,29504,E99L,26.034123,-80.095343,73.8,74.2,74.6
NS,129339,2018-05-02,5:15 PM,Derailment,0,NEW ORLEANS,LA,82,3,Dusk,Clear,Yard,Freight Train,2,1043,17382,18425,H306,29.962169,-90.050072,74.6,77.4,76.8
ATK,164077,2020-04-10,8:56 AM,Hwy-rail crossing,0,FORT LAUDERDALE,FL,75,2,Day,Clear,Main,Passenger Train - Pulling,78,21307,0,452110,M302,26.20334,-80.149906,81.5,81.6,78.5
KCS,17041101,2017-04-11,10:08 AM,Derailment,0,FRIERSON,LA,68,2,Day,Cloudy,Industry,,0,0,35000,39500,H703,32.164213,-93.558137,70.8,67.5,69.6
NS,125763,2017-07-10,3:25 PM,Derailment,0,ELKHART,IN,76,2,Day,Clear,Yard,Yard/switching,4,14700,9527,24227,H306,41.67736,-85.978495,67.5,73.1,75.8
CSX,000191367,2020-07-15,8:00 PM,Derailment,0,JACKSONVILLE,FL,90,3,Dusk,Clear,Main,Freight Train,9,44552,97,44649,H525,30.331924,-81.682353,82.5,83.4,82.8
NS,154636,2023-10-30,9:40 PM,Other impacts,0,NEW HAVEN,IN,32,4,Dark,Clear,Yard,Single Car,0,1600,0,17900,H312,41.074131,-85.037634,45.3,40.3,30.9
KCS,18081501,2018-08-15,4:31 AM,Derailment,0,GUNTOWN,MS,77,4,Dark,Clear,Main,Freight Train,10,30127,14406,44533,E24C,34.42605,-88.67099,80.5,83.3,81.8
NS,115672,2015-05-15,8:30 PM,Derailment,0,DALLAS,GA,60,4,Dark,Clear,Main,Freight Train,17,3000,34467,37467,E47C,33.929772,-84.856957,69.9,73.1,74.3
NS,146573,2022-09-23,5:51 AM,Other impacts,0,JACKSONVILLE,FL,78,1,Dawn,Clear,Yard,Cut of cars,0,31000,0,34500,H302,30.360835,-81.723364,82.3,78.5,76.6
UP,0722MA016,2022-07-07,6:47 PM,Other impacts,0,PINE BLUFF,AR,95,3,Dusk,Cloudy,Yard,Single Car,5,453,0,74658,H020,34.249805,-91.939637,86.7,86.2,88.8
CFRC,15281,2015-10-08,8:10 AM,Raking collision,0,WINTER PARK,FL,92,2,Day,Clear,Main,Commuter Train - Pulling,28,17370,0,17370,M402,28.604117,-81.352867,75.2,76.8,78.8
BNSF,CH0823116,2023-08-24,5:25 AM,Derailment,0,GALESBURG,IL,85,1,Dawn,Clear,Yard,Yard/switching,7,4000,44350,49550,H306,40.93421,-90.370218,84.7,85.8,83.7
FEC,X30082519,2019-08-25,11:25 AM,Hwy-rail crossing,0,DEERFIELD BEACH,FL,80,2,Day,Clear,Main,,0,0,707,41164,M308,26.161795,-80.065207,83.4,84.7,83.5
TRRA,24018,2024-06-24,1:42 PM,Derailment,0,VENICE,IL,93,2,Day,Clear,Yard,Yard/switching,10,258000,134996,392996,M505,38.661238,-90.159633,85.1,83.7,86.5
KO,IN190610,2019-06-10,2:30 AM,Derailment,0,HUTCHINSON,KS,60,4,Dark,Clear,Main,Freight Train,7,75600,42000,117600,T221,38.048242,-97.94432,65.2,63.7,67.7
UP,1121MA044,2021-11-30,2:47 AM,Other impacts,0,NORTH LITTLE ROCK,AR,45,4,Dark,Cloudy,Yard,Yard/switching,8,75407,300,75928,H309,34.774961,-92.225463,47.7,53.9,56.6
CSX,000155446,2015-12-22,1:26 PM,Hwy-rail crossing,0,NICHOLLS,GA,77,2,Day,Rain,Main,Freight Train,52,240000,0,240000,M302,31.514675,-82.683144,59.6,68.8,68.5
CSX,000172930,2017-11-15,9:30 PM,Side collision,0,WAYCROSS,GA,48,4,Dark,Clear,Yard,Yard/switching,1,0,97,14342,S007,31.213524,-82.353588,55.8,51.1,53.9
BNSF,KS1016110,2016-10-17,4:30 AM,Derailment,0,NEWTON,KS,74,1,Dawn,Clear,Yard,Yard/switching,4,16642,1369,18011,H312,38.031367,-97.367838,74.7,78.2,64.5
BLF,20231562,2023-02-17,6:58 PM,Hwy-rail crossing,0,LANTANA,FL,76,4,Dark,Clear,Main,Passenger Train - Pulling,32,21997,0,22523,M308,26.571991,-80.053848,76.8,77.6,72.5
NS,143092,2021-10-07,8:20 PM,Other (describe in narrative),0,SHELBYVILLE,KY,72,4,Dark,Clear,Industry,Cut of cars,5,2900,0,16070,H704,38.20648,-85.25717,71,69.6,69.8
ALS,0724AS010,2024-07-20,6:35 AM,Derailment,0,EAST ST LOUIS,IL,64,1,Dawn,Clear,Yard,,0,0,5457,21667,H518,38.594954,-90.156142,72,72.9,75
NS,125074,2017-05-16,10:45 PM,Derailment,0,ELKHART,IN,60,4,Dark,Clear,Yard,Yard/switching,4,9753,0,71754,H305,41.67736,-85.978495,64.3,73.9,76.1
ATK,180610,2024-06-09,10:34 PM,Obstruction,0,THREE OAKS,MI,0,4,Dark,Clear,Main,Passenger Train - Pulling,110,33522,0,33522,M404,41.801267,-86.575247,64.8,65.6,58.5
BNSF,KS0319108,2019-03-19,7:23 AM,Derailment,0,KANSAS CITY,KS,38,1,Dawn,Rain,Yard,Yard/switching,10,222406,0,257620,M407,39.082171,-94.677796,46.8,50.4,49.5
BLF,20233160,2023-08-14,2:38 PM,Hwy-rail crossing,0,NORTH MIAMI BEACH,FL,97,2,Day,Clear,Main,Passenger Train - Pulling,57,11403,0,11736,M308,25.947475,-80.147559,84.9,86.5,85.4
IC,1121001,2022-12-18,10:40 PM,Derailment,0,GEISMAR,LA,45,4,Dark,Clear,Industry,Freight Train,6,110229,20000,130229,H703,30.186319,-90.989429,47.4,43.1,46.4
BNSF,KS0819109,2019-08-18,12:01 AM,Derailment,0,WALTON,KS,72,4,Dark,Rain,Main,Freight Train,12,2471125,116386,3389552,M105,38.115468,-97.258125,77.6,75.8,81.6
CSX,000209589,2023-02-01,3:57 PM,Derailment,0,INDIANAPOLIS,IN,30,2,Day,Clear,Industry,Yard/switching,3,13055,1525,14580,H306,39.891173,-86.240267,18.4,20.1,29.1
CSX,000217595,2024-04-23,9:15 PM,Other impacts,0,RIVERDALE,IL,40,4,Dark,Cloudy,Yard,Yard/switching,5,46632,0,46738,H018,41.650035,-87.643692,53.4,55.6,40
NOPB,D20170529U,2017-05-29,1:40 PM,Derailment,0,JEFFERSON,LA,85,2,Day,Clear,Main,,0,0,27000,27000,H507,29.970711,-90.167903,82.7,77.1,74
FEC,D88123115,2015-12-31,10:00 AM,Derailment,0,RIVIERA BEACH,FL,84,2,Day,Clear,Yard,Freight Train,6,14843,6180,21023,T221,26.771373,-80.062009,79.4,79,77.8
FEC,D66100622,2022-10-06,10:50 AM,Side collision,0,JACKSONVILLE,FL,83,2,Day,Clear,Yard,Yard/switching,4,120000,0,126010,H301,30.2494,-81.60857,67.2,70.9,72.5