reportingrailroadcode,accidentnumber,date,time,accidenttype,hazmatreleasedcars,station,stateabbr,temperature,visibility_code,visibility,weathercondition,tracktype,equipmenttype,trainspeed,equipmentdamagecost,trackdamagecost,totaldamagecost,primaryaccidentcausecode,latitude,longitude,prior_temp,actual_temp,following_temp
NS,156997,2024-06-08,7:00 AM,Side collision,0,MELVINDALE,MI,51,1,Dawn,Clear,Yard,Yard/switching,8,51370,3500,80874,H702,42.273905,-83.191024,65.6,64.8,64.2
FEC,X30101618,2018-10-16,12:04 PM,Hwy-rail crossing,0,DEERFIELD BEACH,FL,93,2,Day,Clear,Main,,0,0,27490,63588,M304,26.271299,-80.114899,84.4,84.5,84.1
NS,121894,2016-08-30,10:50 AM,Obstruction,0,LULA,GA,85,2,Day,Clear,Main,Freight Train,31,30,0,60030,H405,34.3855,-83.679372,78.6,78.2,79.8
CSX,000180001,2018-11-24,7:58 PM,Derailment,0,PLYMOUTH,MI,44,3,Dusk,Cloudy,Yard,Freight Train,6,12068,200,12268,M503,42.380528,-83.432795,37,46.1,44.6
CSX,000206070,2022-07-12,8:30 AM,Derailment,0,PLANT CITY,FL,85,2,Day,Clear,Industry,Freight Train,5,8155,3912,12067,M501,28.011698,-82.143706,83.3,86.1,85
UP,0919HL013,2019-09-16,8:00 AM,Obstruction,0,KANSAS CITY,KS,75,2,Day,Clear,Yard,Freight Train,3,23190,1564,24754,M404,39.095481,-94.658785,83.9,84.3,84.6
ATK,176510,2023-09-24,3:18 PM,Obstruction,0,FLUKER,LA,92,2,Day,Clear,Main,Passenger Train - Pulling,77,53794,0,53794,M404,30.835905,-90.510643,80.3,78.5,76.2
ATK,180531,2024-06-05,1:52 PM,Hwy-rail crossing,0,DE SOTO,IL,68,2,Day,Clear,Main,Passenger Train - Pulling,66,39242,0,39242,M302,37.781215,-89.222927,75.8,74.3,74.6
BNSF,KS1119102,2019-11-02,11:53 PM,Obstruction,0,SHAWNEE,KS,36,4,Dark,Clear,Main,,0,0,0,18624,M402,39.04016,-94.87086,41,40.2,48.4
CSX,000140278,2015-01-19,9:20 AM,Side collision,0,NEW ORLEANS,LA,66,2,Day,Clear,Yard,Single Car,4,463,0,15440,H399,30.006007,-90.01937,53.3,53,57.8
IC,1140718,2023-11-01,11:30 AM,Derailment,0,GEISMAR,LA,60,2,Day,Clear,Yard,Freight Train,9,62500,3500,66000,H704,30.185642,-90.989087,52.1,47.5,50.3
CSX,000195190,2021-01-22,4:40 PM,Hwy-rail crossing,0,HILLIARD,FL,61,2,Day,Rain,Main,Freight Train,40,629,45807,46436,M308,30.730581,-81.950201,60.4,61.3,57.2
NS,116447,2015-07-09,9:25 PM,Hwy-rail crossing,0,BUFORD,GA,80,4,Dark,Clear,Main,Freight Train,43,180,14013,14193,M303,34.118455,-84.008983,81.3,82.1,82.7
NOGC,OP06022019,2019-06-02,11:50 AM,Derailment,0,BELLE CHASSE,LA,99,2,Day,Clear,Main,Freight Train,9,80000,25000,105000,E46C,29.837911,-89.998166,82.3,83.6,84.3
NS,154828,2023-11-19,6:55 PM,Derailment,0,JACKSONVILLE,FL,70,3,Dusk,Clear,Yard,Freight Train,0,58703,55696,396582,H702,30.369481,-81.731904,69.3,67.2,68.4
FEC,X16031720,2020-03-17,11:09 AM,Hwy-rail crossing,0,POMPANO BEACH,FL,78,2,Day,Clear,Main,,0,0,499,24355,M308,26.236923,-80.124311,76.7,77.6,76.9
FEC,X25080619,2019-08-06,7:09 AM,Hwy-rail crossing,0,LANTANA,FL,80,2,Day,Clear,Main,,0,0,481,14333,M303,26.3431,-80.0313,78.9,79.3,80.9
FEC,X31090619,2019-09-06,8:59 PM,Hwy-rail crossing,0,WEST PALM BEACH,FL,90,4,Dark,Cloudy,Main,,0,0,615,175090,M308,26.41328,-80.032105,85.2,85.2,84.9
UP,0422HL004,2022-04-10,10:08 AM,Derailment,0,KANSAS CITY,KS,65,2,Day,Cloudy,Main,Freight Train,24,114408,0,558238,E24C,39.097263,-94.620466,47.9,64.9,57.7
ISRR,ISR675018D,2018-05-26,7:40 PM,Derailment,0,WASHINGTON,IN,91,2,Day,Clear,Main,Freight Train,16,92000,38400,130400,H603,38.639208,-87.230967,73.9,76.9,79.6
UP,0115CB004,2015-01-07,6:15 PM,Other (describe in narrative),0,JEFFERSON,IA,-15,4,Dark,Cloudy,Main,Freight Train,14,13250,0,13250,E27C,42.016845,-94.435443,4,-3.1,11
CRSH,117296,2015-09-09,1:30 AM,Derailment,0,RIVER ROUGE,MI,72,4,Dark,Clear,Yard,Freight Train,4,1011,10800,11811,H702,42.274454,-83.138534,79.3,73.3,66.9
CSX,000172898,2017-11-16,3:35 AM,Derailment,0,LAFAYETTE,IN,58,4,Dark,Cloudy,Industry,Freight Train,6,25630,5838,31468,T221,40.400356,-86.911509,44.6,33.3,39.1
WC,997544,2019-05-03,5:50 AM,Other impacts,0,GARY,IN,50,1,Dawn,Clear,Yard,Single Car,12,12057,0,12057,H993,41.62868,-87.415559,46.1,46.8,50.1
NS,119221,2016-02-03,8:50 PM,Derailment,0,MACON,GA,60,4,Dark,Rain,Yard,Freight Train,11,1000,19000,110798,H607,32.813658,-83.622785,62.5,65.1,52.4
CSX,000154725,2015-11-28,11:00 PM,Other impacts,0,WAYCROSS,GA,61,4,Dark,Clear,Yard,Cut of cars,4,38259,50,38309,M411,31.213524,-82.353588,67,65.5,63.6
CP,1000218394,2015-06-02,10:15 AM,Other impacts,0,FRANKLIN PARK,IL,75,2,Day,Clear,Yard,Yard/switching,5,0,100,10984,E39C,41.94429,-87.89079,51.7,57.4,64
NICD,N1700029,2017-10-05,8:30 PM,Derailment,0,MICHIGAN CITY,IN,60,4,Dark,Cloudy,Yard,Passenger Train - Pulling,11,85491,8724,94215,H702,41.713205,-86.864495,66.9,66.2,65.4
IC,1133876,2023-06-07,10:10 AM,Side collision,0,CHAMPAIGN,IL,74,2,Day,Clear,Yard,Cut of cars,0,24844,0,29344,H702,40.115977,-88.241615,73.2,68.8,65.4
NS,152901,2023-04-24,7:15 AM,Other impacts,0,ELKHART,IN,30,1,Dawn,Clear,Yard,Yard/switching,3,49035,0,71529,M507,41.677392,-85.978437,38.9,40.9,40.7
UP,0823MA004,2023-08-07,6:05 PM,Hwy-rail crossing,0,GRANITE CITY,IL,79,3,Dusk,Cloudy,Main,,0,0,0,12661,M308,38.752298,-90.10267,77.7,75.9,76.2
CSX,000167263,2017-03-04,4:36 AM,Derailment,0,CARTERSVILLE,GA,68,4,Dark,Clear,Industry,Freight Train,2,121865,12100,133965,H702,34.125834,-84.903072,41.2,43,50.9
ATK,137191,2015-04-25,10:40 PM,Obstruction,0,SAVANNAH,GA,60,4,Dark,Rain,Main,Passenger Train - Pulling,44,18708,0,18708,M404,32.018809,-81.198675,66.6,70.6,74.8
BLF,20180282,2018-09-25,6:55 PM,Hwy-rail crossing,0,HOLLYWOOD,FL,80,3,Dusk,Clear,Main,Passenger Train - Pulling,27,14348,0,14731,M308,26.003599,-80.1492,84.3,85.4,85.3
BLF,20231497,2023-02-08,8:06 PM,Hwy-rail crossing,0,DELRAY BEACH,FL,71,4,Dark,Clear,Main,Passenger Train - Pulling,71,34171,0,50799,M308,26.425325,-80.076109,73.2,75.1,76.6
LIRC,0628201701,2017-06-28,1:30 PM,Hwy-rail crossing,0,HENRYVILLE,IN,80,2,Day,Clear,Main,,0,0,50000,53193,M308,38.541521,-85.765379,69.2,72.2,79.1
NOPB,D20160706T,2016-07-06,3:55 AM,Derailment,0,NEW ORLEANS,LA,90,4,Dark,Clear,Main,Freight Train,5,0,0,17000,H522,29.962434,-90.048934,88.5,89.9,90.1
NS,132095,2018-12-17,8:45 PM,Derailment,0,MACON,GA,45,4,Dark,Clear,Yard,Yard/switching,5,20457,0,20457,S016,32.813658,-83.622785,51,53.6,48.7
CSX,000179933,2018-11-16,5:20 AM,Derailment,0,OKEECHOBEE,FL,50,1,Dawn,Clear,Main,Freight Train,38,13056,1343,14399,M599,27.3471,-81.058933,70.3,57.8,61
BNSF,CH0424110,2024-04-25,2:38 PM,Derailment,0,CHICAGO,IL,50,2,Day,Cloudy,Yard,Yard/switching,5,71736,50000,121736,M503,41.859873,-87.666963,41.4,45.8,52.2
CSX,000189998,2020-05-02,2:38 AM,Broken train collision,0,CUMBERLAND,MD,48,4,Dark,Cloudy,Yard,Spec. MoW Equip.,0,82612,1000,383999,E30C,39.644504,-78.760839,52.7,58.7,64.9
LIRC,LIRC00057F,2023-09-12,6:35 AM,Hwy-rail crossing,0,HENRYVILLE,IN,60,1,Dawn,Rain,Main,,0,0,72445,72445,M303,38.54151,-85.76536,72.1,70.2,67.2
NS,155044,2023-12-12,9:30 AM,Derailment,0,NEW SALEM,IL,30,2,Day,Clear,Main,Freight Train,39,1897620,350674,2248294,M505,39.700277,-90.831734,35.4,36,36.7
FEC,D86122015,2015-12-20,5:00 AM,Derailment,0,ROCKLEDGE,FL,68,1,Dawn,Clear,Main,Freight Train,12,300000,271419,571419,E51L,28.258708,-80.687335,63.7,70.3,74.5
NS,154453,2023-10-10,1:00 AM,Derailment,0,ELKHART,IN,48,4,Dark,Clear,Yard,Yard/switching,8,2675,9000,11675,M405,41.668491,-86.01427,48.1,48.6,52.2
FEC,X13031819,2019-03-18,8:54 PM,Hwy-rail crossing,0,LAKE WORTH,FL,68,4,Dark,Cloudy,Main,,0,0,625,16325,M399,26.627737,-80.05924,72.4,69.8,66.4
CSX,000194382,2020-12-11,1:46 AM,Derailment,0,BARTOW,FL,45,4,Dark,Fog,Industry,Freight Train,4,22179,472,22651,H702,27.892116,-81.912315,57.2,59.5,64.1
NS,152943,2023-04-28,12:15 PM,Derailment,0,ALEXANDRIA,IN,55,2,Day,Rain,Main,Freight Train,24,10200,5741,15941,E53C,40.248685,-85.633241,50.5,49.5,53.9
CSX,000171373,2017-08-30,11:00 PM,Other impacts,0,WAYCROSS,GA,75,4,Dark,Clear,Yard,Cut of cars,5,19457,33,19490,H316,31.213524,-82.353588,78.7,78,78.7
CSX,000211781,2023-06-12,5:26 PM,Hwy-rail crossing,0,ST JOE,IN,62,3,Dusk,Clear,Main,Freight Train,36,8818,28676,37494,M308,41.314959,-84.886814,63.6,56.6,56.1
NS,151780,2022-12-20,10:44 PM,Other (describe in narrative),0,ABOITE,IN,21,4,Dark,Clear,Yard,Freight Train,2,1400,25678,27078,H702,40.994052,-85.338823,20.3,25.6,28.7
CSX,000193703,2020-11-07,7:13 PM,Hwy-rail crossing,0,LAKELAND,FL,75,3,Dusk,Clear,Main,Passenger Train - Pulling,0,0,0,12649,M302,28.045593,-81.890252,74.1,76.5,76.2
CSX,000174346,2018-01-29,6:45 AM,Derailment,0,DACULA,GA,55,1,Dawn,Cloudy,Industry,Freight Train,8,112505,0,180505,H008,33.983919,-83.928137,51.6,51.5,37.5
ATK,181243,2024-07-20,9:34 PM,Obstruction,0,RICHMOND HILL,GA,0,4,Dark,Clear,Main,Passenger Train - Pulling,75,18620,0,18620,M404,31.920406,-81.351509,80.4,79.7,79.7
CFRC,20231,2020-08-18,2:25 AM,Derailment,0,SANFORD,FL,77,4,Dark,Clear,Yard,,0,0,3000,69835,T221,28.827988,-81.321705,80.9,79.2,80.8
BLF,20180271,2018-09-19,6:54 AM,Obstruction,0,HALLANDALE,FL,75,1,Dawn,Clear,Main,Passenger Train - Pulling,77,31384,0,31497,M402,25.997253,-80.148382,84.8,84.6,84.6
FEC,X20050222,2022-05-02,5:41 AM,Hwy-rail crossing,0,POMPANO BEACH,FL,75,4,Dark,Clear,Main,,0,0,154,67664,M308,26.236923,-80.124311,78.7,79.9,79.6
UP,0821MA001,2021-08-02,10:28 AM,Other impacts,0,NORTH LITTLE ROCK,AR,77,2,Day,Cloudy,Yard,Yard/switching,5,1481,29220,33184,M411,34.775332,-92.222235,82.8,78.5,77.6
CSX,000198852,2021-07-15,8:30 AM,Derailment,0,HIALEAH,FL,82,2,Day,Cloudy,Industry,Yard/switching,8,13147,0,33147,T212,25.816482,-80.258837,81.6,83.9,83.6
NS,151830,2022-12-13,7:00 PM,Other impacts,0,ELKHART,IN,25,3,Dusk,Cloudy,Yard,Cut of cars,9,12621,0,93162,H602,41.677392,-85.978437,36.4,34.7,37.3
SFRV,09242021,2021-09-24,11:17 PM,Derailment,0,HIALEAH,FL,82,4,Dark,Cloudy,Yard,Commuter Train - Pulling,5,36146,0,36146,H303,25.513631,-80.153594,79.6,80.1,80.2
CSX,000172930,2017-11-15,9:30 PM,Side collision,0,WAYCROSS,GA,48,4,Dark,Clear,Yard,Cut of cars,1,14245,0,14342,S007,31.213524,-82.353588,55.8,51.1,53.9
CSX,000174838,2018-02-21,8:30 AM,Derailment,0,OAKTOWN,IN,33,2,Day,Clear,Industry,Freight Train,4,45097,250,45347,M501,38.871734,-87.439675,68.3,40.1,43.6
FEC,X35081822,2022-08-18,4:52 PM,Hwy-rail crossing,0,NORTH MIAMI,FL,82,2,Day,Clear,Main,,0,0,33451,41073,M308,25.906103,-80.159063,85.3,85.5,86.1
BLF,20180311,2018-10-16,12:04 PM,Hwy-rail crossing,0,DEERFIELD BEACH,FL,93,2,Day,Clear,Main,Passenger Train - Pulling,79,36098,0,63588,M304,26.271299,-80.114899,84.4,84.5,84.1
CSX,000183956,2019-07-06,2:57 AM,Hwy-rail crossing,0,JACKSONVILLE,FL,76,4,Dark,Cloudy,Main,Light loco(s),30,334,36654,36988,M302,30.215162,-81.704303,79.3,78.2,80.5
KO,IN190430,2019-04-30,3:00 PM,Derailment,0,SCOTT CITY,KS,52,2,Day,Clear,Main,Freight Train,3,5000,12900,17900,T220,38.487228,-100.909671,51.9,42.4,44.2
CSX,000193170,2020-10-11,2:35 AM,Derailment,0,JACKSONVILLE,FL,75,4,Dark,Cloudy,Yard,Freight Train,4,12352,1000,13352,H704,30.383312,-81.768904,79.3,80.2,77.4
CSX,000211967,2023-06-26,9:47 AM,Side collision,0,JACKSONVILLE,FL,91,2,Day,Clear,Yard,Freight Train,4,343489,0,352538,H306,30.359359,-81.716903,83.1,85.3,86
SGLR,SG202237,2022-07-05,11:21 AM,Hwy-rail crossing,0,FT MYERS,FL,90,2,Day,Clear,Main,Freight Train,17,131800,1800,133600,M304,26.644535,-81.857222,80.2,81.5,83.2
NS,126162,2017-08-10,11:10 AM,Hwy-rail crossing,0,MCDONOUGH,GA,80,2,Day,Clear,Main,Freight Train,29,2020,34456,36476,M303,33.351873,-84.111945,73.9,76.1,78.1
BRC,14115,2018-05-19,8:30 AM,Derailment,0,BEDFORD PARK,IL,70,2,Day,Cloudy,Yard,Yard/switching,7,17354,16703,34057,M101,41.765507,-87.731259,59.3,61.2,49.7
CSX,000143013,2015-03-14,7:15 AM,Derailment,0,AVON,IN,45,1,Dawn,Clear,Yard,Cut of cars,0,54998,0,57318,M407,39.759222,-86.353899,46.7,51.1,49.1
CP,1000155175,2014-12-20,3:25 AM,Derailment,0,OTTUMWA,IA,34,4,Dark,Cloudy,Yard,Freight Train,5,26819,3540,30359,T221,41.01937,-92.45025,28.5,32.8,39.2
NS,113583,2014-12-24,11:35 AM,Derailment,0,BURNS HARBOR,IN,39,2,Day,Rain,Industry,Freight Train,10,16000,1200,17200,M101,41.620514,-87.144907,45,39,36.7
BNSF,TC0516107,2016-05-15,11:00 AM,Derailment,0,MINNEAPOLIS,MN,62,2,Day,Clear,Yard,Yard/switching,4,4500,30561,35061,H607,45.031897,-93.271646,42.6,50.7,57.3
CSX,000155067,2015-12-10,5:45 PM,Side collision,0,ATLANTA,GA,62,4,Dark,Cloudy,Yard,Cut of cars,0,1000,0,59223,H018,33.794142,-84.41766,50.6,56.8,62.3
NS,113549,2014-12-22,9:50 AM,Derailment,0,BALDWIN,GA,45,2,Day,Rain,Industry,Freight Train,7,7220,5000,12220,H524,34.483508,-83.554297,45.6,42.7,42.8
CSX,000205703,2022-06-18,9:30 PM,Derailment,0,GIBSONTON,FL,83,4,Dark,Clear,Industry,Freight Train,7,21513,790,24852,M506,27.80791,-82.375216,85.2,84.7,83.8
UP,0816KC016,2016-08-19,1:06 AM,Derailment,0,KANSAS CITY,KS,78,4,Dark,Clear,Yard,Yard/switching,3,3931,11765,15696,H702,39.092796,-94.654617,82.8,79.6,70.1
NS,157583,2024-08-02,8:10 AM,Side collision,0,ADRIAN,MI,73,2,Day,Cloudy,Main,Freight Train,26,382019,273323,1397360,H021,41.89207,-84.015975,78.3,74.8,75.9
SFRV,03302019,2019-03-30,2:30 PM,Derailment,0,HIALEAH,FL,90,2,Day,Clear,Yard,Commuter Train - Pulling,5,34000,12316,46316,H702,26.511278,-80.153554,71.4,72.3,74.5
CSX,000217595,2024-04-23,9:15 PM,Other impacts,0,RIVERDALE,IL,40,4,Dark,Cloudy,Yard,Cut of cars,3,106,0,46738,H018,41.650035,-87.643692,53.4,55.6,40
CSX,000168348,2017-04-17,4:57 PM,Other impacts,0,ATLANTA,GA,81,2,Day,Clear,Yard,Single Car,12,42600,0,46600,H318,33.801256,-84.449673,70.4,68.9,69.7
UPME,0124CM006,2024-01-10,8:00 AM,Obstruction,0,MT PROSPECT,IL,29,2,Day,Cloudy,Main,Passenger Train - Pulling,50,18820,2665,21485,M404,42.063241,-87.936723,34.2,32.2,30.9
CSX,000175129,2018-03-09,3:13 AM,Derailment,0,CORDELE,GA,30,4,Dark,Clear,Yard,Freight Train,3,12862,510,13372,H522,32.000257,-83.813969,48.9,50.4,57.8
CSX,000155798,2016-01-07,3:40 AM,Derailment,0,GARY,IN,33,4,Dark,Cloudy,Yard,Freight Train,4,64497,0,75536,H702,41.621764,-87.377271,30.5,37.9,41.4
NS,154560,2023-10-20,3:30 AM,Other impacts,0,ELKHART,IN,40,4,Dark,Rain,Yard,Yard/switching,10,250245,3500,253745,M411,41.677392,-85.978437,54.8,52.3,46.1
BLF,20190304,2019-08-06,7:09 AM,Hwy-rail crossing,0,LANTANA,FL,80,2,Day,Clear,Main,Passenger Train - Pulling,79,13852,0,14333,M303,26.3431,-80.0313,78.9,79.3,80.9
WTA,220413WTA,2022-04-13,1:18 AM,Derailment,0,WICHITA,KS,51,4,Dark,Rain,Yard,Yard/switching,7,57242,1900,59142,E64C,37.730706,-97.330981,71.4,47.5,49
BNSF,RD0724103,2024-07-03,4:30 PM,Derailment,0,LAFAYETTE,LA,94,2,Day,Clear,Yard,Yard/switching,6,35127,13525,48652,H019,30.234773,-92.047585,88.3,87.3,85.5
FEC,D84121315,2015-12-13,2:30 PM,Derailment,0,JACKSONVILLE,FL,75,2,Day,Clear,Yard,Yard/switching,5,1065,13834,14899,H306,30.226568,-81.592556,65.1,70.8,74.9
ATK,137931,2015-06-07,10:55 PM,Obstruction,0,TUSCOLA,IL,68,4,Dark,Rain,Main,Passenger Train - Pulling,70,12753,0,12753,M404,39.808992,-88.289474,67.8,75.4,72
NS,134592,2019-07-04,1:40 PM,Derailment,0,CHESTERTON,IN,88,2,Day,Clear,Main,Freight Train,18,76957,168878,245835,E06C,41.611856,-87.056631,77.4,79.8,81.7
SKOL,220504005,2022-05-04,7:00 PM,Derailment,0,CHERRYVALE,KS,56,2,Day,Rain,Yard,Yard/switching,6,32000,2500,34500,H303,37.327635,-95.531652,52.7,53.2,59.6
FEC,D10012821,2021-01-28,10:30 PM,Side collision,0,MIAMI-DADE,FL,57,4,Dark,Clear,Industry,Cut of cars,0,0,0,19774,H302,25.876977,-80.373771,73.7,69.4,63
NS,157189,2024-06-27,9:55 AM,Other impacts,0,NEW ORLEANS,LA,85,2,Day,Clear,Yard,Yard/switching,0,0,0,30000,H018,29.975955,-90.044582,86.5,84.6,83.6
KO,IN181222,2018-12-22,12:30 AM,Raking collision,0,HUTCHINSON,KS,36,4,Dark,Clear,Main,Freight Train,3,20551,0,20551,H020,38.048412,-97.937965,36.6,39.3,34.4
CSX,000201018,2021-10-30,11:45 AM,Hwy-rail crossing,0,SEVILLE,FL,73,2,Day,Cloudy,Main,,0,0,0,15214,M302,29.354497,-81.503353,71.4,65.1,62.6
CSX,000198903,2021-07-15,9:31 PM,Hwy-rail crossing,0,PALATKA,FL,80,4,Dark,Clear,Main,,0,0,18813,59279,M302,29.745547,-81.642086,80.6,80.7,80.8
CSX,000216519,2024-03-02,6:29 PM,Rear end collision,0,RIVERDALE,IL,35,2,Day,Clear,Yard,Yard/switching,10,219457,0,240226,H306,41.649857,-87.631209,38.4,46.1,56.9
UP,0724GL008,2024-07-08,11:59 AM,Other impacts,0,COUNCIL BLUFFS,IA,73,2,Day,Cloudy,Yard,Cut of cars,4,36380,0,39221,M408,41.248446,-95.875681,70.6,72.1,75.5
ALS,0324AS019,2024-03-29,2:20 AM,Derailment,0,EAST ST LOUIS,IL,46,4,Dark,Clear,Yard,Yard/switching,4,119301,33,119334,M405,38.596774,-90.146889,48.5,60.7,69.5
TPW,TPW558518A,2018-01-24,2:05 PM,Derailment,0,LOGANSPORT,IN,30,2,Day,Cloudy,Main,,0,0,15799,35460,E24C,40.751412,-86.361231,32.8,29.4,31.3
CSX,000216777,2024-03-16,5:48 PM,Other impacts,0,INDIANAPOLIS,IN,58,2,Day,Cloudy,Yard,Cut of cars,15,35116,0,35116,M407,39.759798,-86.327516,52,50.3,41.5
BNSF,KS0619107,2019-06-13,8:13 AM,Side collision,0,KANSAS CITY,KS,78,1,Dawn,Clear,Yard,Yard/switching,0,31540,0,32403,H317,39.082195,-94.677634,66.9,68.3,72.9
NOPB,D20210918E,2021-09-18,5:00 AM,Derailment,0,AVONDALE,LA,82,4,Dark,Clear,Main,Freight Train,8,20000,0,470825,M405,29.917212,-90.185702,79.2,78.2,79
CSX,000212727,2023-08-07,2:15 AM,Other impacts,0,TAMPA,FL,91,4,Dark,Clear,Yard,Cut of cars,0,54944,0,61620,H306,27.955863,-82.38963,86,86.9,88.1
CSX,000182304,2019-04-11,2:58 PM,Hwy-rail crossing,0,SEVILLE,FL,77,2,Day,Clear,Siding,,0,0,97,15048,M302,29.305552,-81.488008,71.3,71.3,75.6
FEC,D60110719,2019-11-07,10:00 AM,Side collision,0,MIAMI-DADE,FL,80,2,Day,Clear,Industry,Yard/switching,6,50000,0,50000,H302,25.833104,-80.256162,80.4,81,79.3
BNSF,RD0918105,2018-09-03,11:30 AM,Other impacts,0,LAFAYETTE,LA,90,2,Day,Rain,Yard,Yard/switching,5,18500,0,18500,H318,30.235146,-92.053587,76,78.2,79.9
CSX,000175733,2018-04-10,8:58 PM,Side collision,0,INDIANAPOLIS,IN,35,4,Dark,Clear,Yard,Light loco(s),7,7000,0,16608,H307,39.759791,-86.327526,36,37.1,47.5
UP,0724GL008,2024-07-08,11:59 AM,Other impacts,0,COUNCIL BLUFFS,IA,73,2,Day,Cloudy,Yard,Yard/switching,0,2841,0,39221,M408,41.248446,-95.875681,70.6,72.1,75.5
UP,0219MA035,2019-02-19,1:27 AM,Derailment,0,PINE BLUFF,AR,36,4,Dark,Cloudy,Yard,Single Car,0,349,0,82471,M411,34.247249,-91.942314,37.2,35.3,42.8
CSX,000189998,2020-05-02,2:38 AM,Broken train collision,0,CUMBERLAND,MD,48,4,Dark,Cloudy,Yard,Cut of cars,0,197007,0,383999,E30C,39.644504,-78.760839,52.7,58.7,64.9
BRC,14758,2024-04-04,2:00 PM,Raking collision,0,BEDFORD PARK,IL,42,2,Day,Clear,Yard,,0,0,442,31712,H210,41.464,-87.4545,37.4,39.7,42.6
CSX,000154347,2015-11-17,5:35 AM,Side collision,0,ATLANTA,GA,40,1,Dawn,Clear,Yard,Yard/switching,4,6000,251,18893,H306,33.749426,-84.376845,52.3,60.9,62.2
BNSF,CH0624106,2024-06-22,11:31 PM,Raking collision,0,CHICAGO,IL,75,4,Dark,Clear,Main,Freight Train,13,4875,570,311460,H996,41.845585,-87.73885,81,84.3,75.3
TRRA,24005OR,2024-02-25,9:13 AM,Derailment,0,EAST ST LOUIS,IL,50,2,Day,Clear,Yard,Freight Train,0,0,9233,16877,H503,38.597017,-90.162255,41.2,52.6,58.2
CSX,000173443,2017-12-14,6:00 AM,Other impacts,0,SAVANNAH,GA,45,1,Dawn,Clear,Yard,Single Car,7,0,97,42097,H318,32.027718,-81.14885,43.4,50.1,52.7
UP,1220RM020,2020-12-21,2:00 AM,Derailment,0,BERN,ID,40,4,Dark,Cloudy,Main,Freight Train,31,530551,30442,560993,E7AL,42.367288,-111.339903,26.3,33.6,26.6
NS,117824,2015-10-18,8:00 AM,Derailment,0,ELKHART,IN,39,2,Day,Clear,Yard,Yard/switching,5,12876,2000,14876,M101,41.677391,-85.978436,41.4,40.5,52.1
CSX,000173790,2018-01-03,2:37 AM,Derailment,0,VALDOSTA,GA,28,4,Dark,Rain,Yard,Freight Train,5,12287,197,12484,H503,30.816436,-83.312827,30.4,30.5,33.2
CSX,000192865,2020-09-26,1:00 AM,Derailment,0,BARTOW,FL,75,4,Dark,Clear,Main,Freight Train,16,28547,41122,69669,E53C,27.896725,-81.897392,82.3,82.3,81.5
UP,1016LV021,2016-10-29,7:38 PM,Derailment,0,LIVONIA,LA,67,3,Dusk,Clear,Yard,Yard/switching,9,54940,88140,143080,M507,30.5217,-91.548323,69.7,68.2,68.1
SFRV,041115,2015-04-11,7:50 PM,Other impacts,0,FORT LAUDERDALE,FL,80,4,Dark,Cloudy,Main,Commuter Train - Pulling,50,40882,0,40882,M402,26.145612,-80.170303,80,80.5,80.3
BLF,20180315,2018-10-19,1:05 PM,Hwy-rail crossing,0,HOLLYWOOD,FL,86,2,Day,Clear,Main,Passenger Train - Pulling,79,76103,0,76179,M303,26.036024,-80.14989,82.8,82.2,81.8
UP,0419HL023,2019-04-16,2:40 AM,Derailment,0,WICHITA,KS,65,4,Dark,Cloudy,Yard,Yard/switching,3,23630,26676,50306,H702,37.737952,-97.312282,62,67.6,68.5
NICD,N1800003,2018-01-14,10:38 PM,Fire/violent rupture,0,CHESTERTON,IN,18,4,Dark,Snow,Main,EMU,40,500000,65000,565000,E78L,41.644552,-87.062237,14.3,10,16.7
NS,117450,2015-09-21,12:15 AM,Derailment,0,ELKHART,IN,55,4,Dark,Clear,Yard,Yard/switching,2,53850,2000,55850,S016,41.677391,-85.978436,57.1,58.5,60.8
WC,847700,2015-04-23,11:25 PM,Other impacts,0,GARY,IN,34,4,Dark,Clear,Yard,Cut of cars,0,3694,0,76852,H706,41.619279,-87.370749,40,42.1,45.4
FEC,X26080819,2019-08-08,11:42 AM,Hwy-rail crossing,0,BOYNTON BEACH,FL,92,2,Day,Clear,Main,,0,0,384,26723,M308,26.507306,-80.063005,81.2,82.2,83.5
UP,1018KC003,2018-10-04,5:00 PM,Other impacts,0,KANSAS CITY,KS,60,2,Day,Cloudy,Yard,Yard/switching,4,32349,1720,35020,H312,39.097315,-94.66594,82.2,59.4,66.4
UP,0819HL029,2019-08-20,4:45 PM,Derailment,0,KANSAS CITY,KS,95,2,Day,Clear,Main,Freight Train,38,7852,0,11752,H525,39.079158,-94.612706,85,88.1,79.8
ISW,02172016,2016-02-17,8:00 AM,Obstruction,0,EVANSVILLE,IN,34,2,Day,Cloudy,Yard,Yard/switching,3,0,0,70654,S016,38.0131,-87.59036,34,36.7,42
LAS,220129005,2022-01-29,2:30 PM,Derailment,0,GIBSLAND,LA,69,2,Day,Clear,Yard,Freight Train,10,15000,0,18319,E4TL,32.3246,-93.031,44.4,41.7,53.3
BLF,20190448,2019-11-12,6:33 PM,Hwy-rail crossing,0,NORTH MIAMI BEACH,FL,85,3,Dusk,Cloudy,Main,Passenger Train - Pulling,52,18684,0,19037,M308,25.560566,-80.090523,77.8,78.1,74.4