reportingrailroadcode,accidentnumber,date,time,accidenttype,hazmatreleasedcars,station,stateabbr,temperature,visibility_code,visibility,weathercondition,tracktype,equipmenttype,trainspeed,equipmentdamagecost,trackdamagecost,totaldamagecost,primaryaccidentcausecode,latitude,longitude,prior_temp,actual_temp,following_temp
BNSF,KS0319108,2019-03-19,7:23 AM,Derailment,0,KANSAS CITY,KS,38,1,Dawn,Rain,Yard,Yard/switching,0,35214,0,257620,M407,39.082171,-94.677796,46.8,50.4,49.5
UP,0215LK008,2015-02-10,10:28 AM,Hwy-rail crossing,0,PLAIN DEALING,LA,51,2,Day,Clear,Main,Freight Train,48,16285,1650,17935,M308,32.943181,-93.690366,58.9,49.5,52.9
NS,113766,2015-01-10,6:35 PM,Derailment,0,MACON,GA,40,3,Dusk,Clear,Yard,Yard/switching,4,4700,19680,24380,M411,32.813729,-83.622793,34.5,37.3,41.8
SFRV,05182024,2024-05-18,10:55 PM,Hwy-rail crossing,0,WEST PALM BEACH,FL,80,4,Dark,Clear,Main,Passenger Train - Pulling,59,20000,0,20000,M399,26.73639,-80.0583,86.4,86.6,84.9
UP,0119HL012,2019-01-15,11:20 AM,Other (describe in narrative),0,OSAWATOMIE,KS,37,2,Day,Cloudy,Main,Freight Train,40,1846,20773,22619,E69C,38.418254,-94.95662,27.9,31.7,32
NS,154828,2023-11-19,6:55 PM,Derailment,0,JACKSONVILLE,FL,70,3,Dusk,Clear,Yard,Yard/switching,4,282183,0,396582,H702,30.369481,-81.731904,69.3,67.2,68.4
CFRC,21272,2021-09-29,6:38 AM,Hwy-rail crossing,0,ORLANDO,FL,70,4,Dark,Clear,Main,Commuter Train - Pushing,71,40000,28896,68896,M302,28.392735,-81.374537,77.1,77.5,78
CSX,000187589,2019-12-28,8:41 PM,Derailment,0,DEARBORN,MI,37,4,Dark,Cloudy,Yard,Light loco(s),10,32241,200,32441,H306,42.296851,-83.145398,46.3,35.8,43.6
UP,1123GC018,2023-11-15,8:20 AM,Other impacts,0,MARINGOUIN,LA,57,,,Cloudy,Yard,Single Car,5,55536,0,59596,H301,30.522189,-91.55161,58.8,58.9,63.1
NS,153665,2023-07-19,1:05 AM,Derailment,0,CHICAGO,IL,62,4,Dark,Clear,Yard,Yard/switching,4,12373,2374,14747,H303,41.694382,-87.564355,71.3,74.7,78.5
NS,123014,2016-12-05,3:00 PM,Derailment,0,AUSTELL,GA,55,2,Day,Rain,Yard,Freight Train,9,19400,1600,21000,H601,33.814067,-84.628339,45,52.6,57
NS,151440,2022-11-10,10:00 PM,Derailment,0,DANVILLE,KY,45,4,Dark,Cloudy,Yard,Freight Train,10,366668,76504,877945,H504,37.62667,-84.78373,53.4,55.3,57.1
FEC,D64092722,2022-09-27,10:00 AM,Other (describe in narrative),0,PORT SAINT LUCIE,FL,78,2,Day,Clear,Main,Work train,32,165000,0,165000,M299,27.381253,-80.295399,79.3,76.9,81
CSX,000174495,2018-02-04,8:35 PM,Derailment,0,WAYCROSS,GA,55,4,Dark,Cloudy,Yard,Yard/switching,2,88000,2209,90209,E27C,31.213524,-82.353588,46.2,58.4,53.1
CSX,000143013,2015-03-14,7:15 AM,Derailment,0,AVON,IN,45,1,Dawn,Clear,Yard,Single Car,20,2220,100,57318,M407,39.759222,-86.353899,46.7,51.1,49.1
GRW,04,2018-02-03,11:30 PM,Derailment,0,GARY,IN,34,4,Dark,Snow,Yard,Yard/switching,7,16332,18701,35033,E04C,41.623226,-87.351105,13.5,29.8,22.5
UP,0118KC034,2018-01-26,10:00 AM,Derailment,0,KANSAS CITY,KS,60,2,Day,Clear,Yard,Yard/switching,5,6934,8708,15642,M405,39.116808,-94.613916,52,54.2,42.7
ATK,156069,2018-10-31,11:26 AM,Hwy-rail crossing,0,PALATKA,FL,0,2,Day,Clear,Main,Passenger Train - Pulling,70,33788,0,33885,M302,29.725472,-81.652022,64.5,67.6,71.5
CSX,000213333,2023-09-05,3:14 PM,Hwy-rail crossing,0,FROSTPROOF,FL,92,2,Day,Cloudy,Main,,0,0,0,92606,M308,27.681144,-81.549787,79.6,80.7,81.7
NS,146671,2022-07-26,8:30 AM,Hwy-rail crossing,0,GARY,IN,73,2,Day,Clear,Main,,0,0,0,27653,M308,41.624832,-87.39398,70.6,71,73.2
NS,153214,2023-05-30,4:10 AM,Other impacts,1,ELKHART,IN,65,1,Dawn,Clear,Yard,Single Car,0,75000,0,84824,H021,41.668491,-86.01427,69.5,75.5,78.5
CSX,000142608,2015-03-06,11:00 AM,Hwy-rail crossing,0,MORRISTOWN,IN,35,2,Day,Clear,Main,Freight Train,29,0,47355,47355,M303,39.671076,-85.680627,19.8,16,33.2
NS,156316,2024-04-07,5:53 PM,Side collision,0,ELKHART,IN,44,3,Dusk,Clear,Yard,Yard/switching,3,20444,0,20444,S007,41.677392,-85.978437,42.1,45.8,57.6
UP,0724GC028,2024-07-26,3:45 AM,Other impacts,0,LAKE CHARLES,LA,74,4,Dark,Clear,Yard,Light loco(s),7,0,0,46416,H306,30.238464,-93.181888,75.5,76,78.8
NIRC,9419002246,2024-07-15,10:08 PM,Obstruction,0,NEW LENOX,IL,91,4,Dark,Rain,Main,Commuter Train - Pushing,60,16002,0,16002,M404,41.50608,-87.96231,77.1,78.2,76.3
NS,155558,2024-01-25,10:15 AM,Derailment,0,MACON,GA,70,2,Day,Cloudy,Yard,Freight Train,3,18900,1165,20065,E89C,32.828532,-83.625276,62,68.1,65.5
UP,1019HL041,2019-10-03,11:52 AM,Other (describe in narrative),0,KANSAS CITY,KS,55,2,Day,Clear,Yard,Single Car,0,20546,0,20546,M507,39.096678,-94.662292,76.6,56.6,56
UP,1221MA027,2021-12-26,4:10 AM,Other impacts,0,NORTH LITTLE ROCK,AR,55,1,Dawn,Fog,Yard,Yard/switching,5,169313,952,174447,H307,34.780699,-92.211087,68.6,61.2,68.1
UP,0724MA034,2024-07-20,5:53 AM,Derailment,0,EAST ST LOUIS,IL,73,1,Dawn,Clear,Main,Freight Train,6,10553,0,21667,H518,38.594655,-90.156754,72,72.9,75
IHB,2824,2023-04-10,11:30 AM,Derailment,0,HAMMOND,IN,69,2,Day,Clear,Yard,,0,0,12635,16335,H513,41.61292,-87.499099,52.3,56.5,63
BNSF,KS0819109,2019-08-18,12:01 AM,Derailment,1,WALTON,KS,72,4,Dark,Rain,Main,Freight Train,0,802041,0,3389552,M105,38.115468,-97.258125,77.6,75.8,81.6
ISRR,ISR346917D,2017-06-26,5:15 PM,Derailment,0,PETERSBURG,IN,80,2,Day,Clear,Main,Freight Train,7,12400,24000,36400,E85C,38.5327,-87.2421,67.8,64.6,64.5
CSX,000162754,2016-09-06,11:12 PM,Obstruction,0,LA GRANGE,GA,73,4,Dark,Clear,Main,Freight Train,23,122499,41475,163974,M509,33.032369,-85.048237,77.3,77.3,79.1
LIRC,0207201801,2018-02-07,3:59 PM,Derailment,0,JEFFERSONVILLE,IN,34,2,Day,Clear,Yard,Freight Train,9,9000,9200,18200,T221,38.27757,-85.737185,33.2,30.9,27.7
CSX,000147968,2015-06-17,9:22 PM,Side collision,0,AUGUSTA,GA,86,4,Dark,Clear,Yard,Yard/switching,2,5000,50,32173,H306,33.455379,-81.952251,89.1,88.9,84.7
CSX,000157921,2016-03-09,12:24 PM,Obstruction,0,JUNCTION CITY,GA,72,2,Day,Clear,Industry,Light loco(s),3,23175,0,23175,H017,32.625758,-84.473877,64.5,67.5,70.5
TSWS,05192024,2024-05-19,12:05 AM,Other impacts,0,JOLIET,IL,70,4,Dark,Clear,Yard,Freight Train,8,75000,10000,187879,H301,41.480853,-88.102033,72.6,71.5,74.6
CSX,000165183,2016-12-13,11:02 AM,Other impacts,0,TALMO,GA,49,2,Day,Rain,Main,Light loco(s),14,35000,0,60000,M101,34.183919,-83.741884,47.8,46.7,48.1
UP,0721MA020,2021-07-16,5:57 PM,Other impacts,0,NORTH LITTLE ROCK,AR,84,2,Day,Cloudy,Yard,Single Car,0,265,0,60158,M411,34.771751,-92.229233,82,78.2,75.1
ATK,177120,2023-11-09,5:24 PM,Raking collision,0,CHICAGO,IL,60,3,Dusk,Clear,Main,Passenger Train - Pulling,15,12000,6500,18500,H999,41.87131,-87.6377,51.9,49.1,42
IC,1153445,2024-07-20,3:32 AM,Derailment,0,VENICE,IL,70,4,Dark,Clear,Yard,Freight Train,4,0,0,0,H703,38.662847,-90.160665,72.1,73.1,75.2
UP,1121MA044,2021-11-30,2:47 AM,Other impacts,0,NORTH LITTLE ROCK,AR,45,4,Dark,Cloudy,Yard,Yard/switching,4,221,0,75928,H309,34.774961,-92.225463,47.7,53.9,56.6
UP,1016KC013,2016-10-22,4:23 AM,Derailment,0,WILLIS,KS,42,4,Dark,Clear,Main,Freight Train,2,11850,0,11850,E66C,39.747154,-95.556215,49,56.2,61.1
FEC,D19030621,2021-03-06,10:30 PM,Obstruction,0,HOLLYWOOD,FL,80,4,Dark,Rain,Main,Freight Train,49,13347,135,13482,M402,25.997374,-80.148668,69.1,69.2,67.1
CP,1001346402,2020-10-19,2:55 PM,Other impacts,0,BENSENVILLE,IL,55,2,Day,Clear,Yard,Freight Train,4,254,1892,413415,H306,41.950569,-87.915062,48.8,41.7,45.3
CSX,000213682,2023-09-21,10:30 PM,Obstruction,0,WESTVILLE,IN,60,4,Dark,Clear,Industry,Freight Train,4,20792,0,20792,M599,41.50712,-86.866909,65.2,67.1,67.9
WC,847700,2015-04-23,11:25 PM,Other impacts,0,GARY,IN,34,4,Dark,Clear,Yard,Yard/switching,7,72908,250,76852,H706,41.619279,-87.370749,40,42.1,45.4
CSX,000149941,2015-07-28,11:15 AM,Hwy-rail crossing,0,LIVE OAK,FL,88,2,Day,Clear,Main,Freight Train,33,30000,10000,40000,M304,30.304323,-83.00914,79,81.9,81.3
UP,0724GC028,2024-07-26,3:45 AM,Other impacts,0,LAKE CHARLES,LA,74,4,Dark,Clear,Yard,Single Car,0,46416,0,46416,H306,30.238464,-93.181888,75.5,76,78.8
MBTA,5720,2018-11-14,4:28 PM,Hwy-rail crossing,0,ABINGTON,MA,35,4,Dark,Clear,Main,Passenger Train - Pushing,42,15436,0,15436,M304,42.126466,-70.940804,48.7,34.8,29.5
BNSF,KS0819203,2019-08-13,5:10 PM,Hwy-rail crossing,0,SPEARVILLE,KS,78,3,Dusk,Clear,Main,Freight Train,52,17500,1000,18500,M302,37.826171,-99.806138,81.6,76.5,72.1
HAL,HAL891916,2016-06-13,3:22 PM,Derailment,0,BLAKELY,GA,92,2,Day,Clear,Main,Freight Train,20,134000,50000,184000,M599,31.39624,-84.90733,83.1,85.9,83.6
MAUP,102221,2021-10-22,7:45 AM,Derailment,0,PALMETTO,FL,65,1,Dawn,Clear,Industry,Yard/switching,6,21620,4163,25783,H702,27.6373,-82.5378,76.6,77.5,78.1
NS,151970,2023-01-10,10:10 AM,Side collision,0,OSCEOLA,IN,40,2,Day,Clear,Yard,Yard/switching,0,6000,629,11821,M407,41.666583,-86.033424,32.6,37.6,42.4
NS,126094,2017-08-04,10:00 PM,Derailment,0,NEW HAVEN,IN,60,4,Dark,Clear,Yard,Yard/switching,3,188,10770,10958,H399,41.071636,-85.019841,70.6,63.2,65.1
UP,0921ME013,2021-09-13,7:29 AM,Derailment,0,PINE BLUFF,AR,70,1,Dawn,Clear,Yard,Light loco(s),4,12843,352,13195,H306,34.231424,-91.957168,75.6,77.6,78.2
WC,897238,2016-08-09,5:30 AM,Other impacts,0,GARY,IN,70,1,Dawn,Clear,Yard,Single Car,16,37000,860,54860,S014,41.616628,-87.367189,76,76.2,79.2
MBTA,19036,2019-02-07,1:40 AM,Other (describe in narrative),0,BOSTON,MA,28,4,Dark,Rain,Yard,Passenger Train - Pulling,2,30832,4076,34908,E40C,42.24063,-71.128488,36.4,38.8,42.2
FEC,X27100418,2018-10-04,2:00 PM,Hwy-rail crossing,0,FT PIERCE,FL,86,2,Day,Clear,Main,,0,0,225,15225,M302,27.320232,-80.452725,80.4,80.5,81.7
BRC,14781,2024-06-22,11:31 PM,Raking collision,0,CHICAGO,IL,75,4,Dark,Clear,Main,Freight Train,13,4875,150570,311460,H996,41.845585,-87.73885,81,84.3,75.3
UP,0823PR003,2023-08-05,5:35 PM,Derailment,0,BUDA,IL,81,2,Day,Cloudy,Main,Freight Train,36,16479,110568,251255,E53C,41.334815,-89.700987,74.3,70.5,69.6
NS,125074,2017-05-16,10:45 PM,Derailment,0,ELKHART,IN,60,4,Dark,Clear,Yard,Yard/switching,4,62001,0,71754,H305,41.67736,-85.978495,64.3,73.9,76.1
BNSF,KS0719106,2019-07-14,5:54 AM,Derailment,0,KANSAS CITY,KS,75,1,Dawn,Clear,Yard,Yard/switching,5,186771,319950,506721,H704,39.076526,-94.656529,82.8,84.7,79.1
CSX,000216672,2024-03-11,1:45 AM,Derailment,0,RIVERDALE,IL,40,4,Dark,Clear,Yard,Yard/switching,5,6361,6175,12536,H702,41.856304,-87.739619,36.7,46.9,56.5
NS,118348,2015-11-24,8:00 AM,Derailment,0,ELKHART,IN,31,2,Day,Cloudy,Yard,Light loco(s),2,12816,0,12816,E61L,41.677391,-85.978436,28.3,29.6,42.9
HOG,HOG086617,2017-08-06,8:30 AM,Derailment,0,CORDELE,GA,90,2,Day,Clear,Yard,Work train,7,18600,5462,24062,H599,31.96755,-83.742915,83.3,86.3,86.8
FEC,D47090919,2019-09-09,3:35 PM,Derailment,0,MIAMI-DADE,FL,84,2,Day,Clear,Yard,Yard/switching,5,5348,5766,11114,H702,25.771953,-80.166364,84.9,85.9,85.5
BNSF,KS1019104,2019-10-07,10:10 PM,Derailment,0,DODGE CITY,KS,51,4,Dark,Clear,Yard,Yard/switching,9,33402,3000,36402,T212,37.751856,-100.010086,56.3,55.7,60.9
UP,0721MA040,2021-07-29,11:59 AM,Other impacts,0,CAMDEN,AR,89,2,Day,Clear,Yard,Freight Train,3,67800,3936,148178,H307,33.592271,-92.828219,85,86.2,86.5
IC,1149731,2024-05-12,9:25 AM,Other impacts,0,MARKHAM,IL,74,2,Day,Clear,Yard,Single Car,1,15000,0,16545,H318,41.34391,-87.392244,58,65.9,67.1
TPW,TPW311923D,2023-01-27,7:54 PM,Derailment,0,REYNOLDS,IN,33,4,Dark,Snow,Main,Freight Train,9,1600,15000,16600,E62C,40.752778,-86.873333,24.9,25.7,29.5
SFRV,12272019,2019-12-27,11:08 PM,Hwy-rail crossing,0,POMPANO BEACH,FL,88,4,Dark,Cloudy,Main,,0,0,24265,28422,M303,26.274848,-80.134276,75.9,76.6,77.4
CSX,000157735,2016-03-03,5:57 PM,Hwy-rail crossing,0,INDIANAPOLIS,IN,45,2,Day,Cloudy,Main,Freight Train,24,2071,26819,28890,M303,39.794097,-86.1166,27.8,35.2,33.1
WC,1000787,2019-05-13,3:45 PM,Side collision,0,GARY,IN,55,2,Day,Clear,Yard,Light loco(s),4,7000,0,14000,H516,41.626099,-87.41092,46.1,49.7,54.7
MBTA,3020,2015-11-07,7:50 PM,Obstruction,0,MANCHESTER,MA,45,4,Dark,Clear,Main,Passenger Train - Pushing,50,28444,0,28444,M101,42.5768,-70.758139,67,57.6,47.1
ATK,177379,2023-11-27,11:30 PM,Derailment,0,NEW ORLEANS,LA,50,4,Dark,Clear,Yard,Yard/switching,5,30841,0,30841,H303,29.953584,-90.090745,64.1,51.7,51.8
CSX,000184790,2019-08-17,2:00 AM,Side collision,0,JACKSONVILLE,FL,78,4,Dark,Cloudy,Yard,Freight Train,0,7000,472,19472,H306,30.359362,-81.716896,80.6,76.9,79.5
IC,1139244,2023-09-24,1:50 PM,Side collision,0,GILMAN,IL,81,2,Day,Clear,Industry,Cut of cars,0,30843,0,46343,H302,40.759534,-88.02182,68.6,65.1,67.2
BNSF,KS0519103,2019-05-07,5:40 PM,Derailment,0,ROCK,KS,57,3,Dusk,Rain,Main,Freight Train,0,491187,0,491187,M105,37.430328,-97.010502,67.6,64.3,60.7
UP,0719GC051,2019-07-31,9:08 AM,Hwy-rail crossing,0,DE QUINCY,LA,75,2,Day,Cloudy,Main,Freight Train,34,55713,206730,262443,M303,30.446065,-93.427141,74.6,70.1,69.1
NS,152161,2023-02-01,12:14 PM,Other impacts,0,PORTAGE,IN,15,2,Day,Clear,Yard,Single Car,0,200,12937,13337,H312,41.620515,-87.144907,9.7,14.9,24.5
ATK,139366,2015-09-24,9:19 AM,Derailment,0,SANFORD,FL,80,2,Day,Cloudy,Yard,Light loco(s),4,60000,1000,61000,H303,28.80716,-81.28956,79.1,78,78.2
NS,131992,2018-12-09,5:20 PM,Derailment,0,GILLSVILLE,GA,35,3,Dusk,Rain,Main,Freight Train,21,520035,209647,729682,T220,34.322832,-83.651406,38.8,35.1,39.7
SCXF,20221128C,2022-11-28,2:45 AM,Hwy-rail crossing,0,CLEWISTON,FL,74,4,Dark,Fog,Main,Freight Train,20,500000,150000,650000,M306,26.75407,-80.95923,77.3,72.2,69.4
NS,152325,2023-02-16,5:00 PM,Derailment,0,ATLANTA,GA,72,3,Dusk,Clear,Main,Freight Train,15,20000,0,20000,E22C,33.786783,-84.410797,57.3,63.1,50.1
ATK,181156,2024-07-13,9:42 AM,Obstruction,0,AUGUSTA,MI,80,2,Day,Clear,Main,Passenger Train - Pulling,60,26290,0,26290,M404,42.333878,-85.348419,75.6,77.9,76.6
EVWR,E2017JAN1D,2018-01-07,5:55 AM,Derailment,0,MOUNT VERNON,IN,18,4,Dark,Clear,Industry,Freight Train,3,24785,0,24785,M101,37.925239,-87.860715,10.6,29.6,37.3
NS,157078,2024-06-16,10:40 PM,Other impacts,0,ROME,GA,85,4,Dark,Clear,Yard,Cut of cars,8,30196,0,32148,H310,34.277317,-85.141959,83.3,82.9,82.4
ATK,158340,2019-04-04,5:00 PM,Fire/violent rupture,0,MENDOTA,IL,45,2,Day,Rain,Main,Passenger Train - Pulling,19,13940,0,13940,M406,41.556826,-89.106669,45.4,44.5,45.3
GS,03132017,2017-03-13,10:30 AM,Derailment,0,FORT VALLEY,GA,45,2,Day,Clear,Main,Freight Train,6,100000,75000,175000,T221,32.489167,-83.821389,47.6,42.4,46.7
CSX,000214405,2023-11-08,2:24 AM,Hwy-rail crossing,0,LAFAYETTE,IN,50,4,Dark,Cloudy,Main,Freight Train,5,30284,174,30458,M302,40.402436,-86.908072,53.6,61.7,50.8
CSX,000173806,2018-01-03,9:30 PM,Derailment,0,SAVANNAH,GA,26,4,Dark,Snow,Main,,0,0,165,77315,H702,32.086884,-81.151499,28.4,27.5,29.4
CSX,000211602,2023-06-03,1:45 PM,Other impacts,0,INDIANAPOLIS,IN,94,2,Day,Cloudy,Yard,Light loco(s),0,29980,0,35468,H99D,39.759798,-86.327516,78,79.2,74.2
NS,115601,2015-05-10,5:30 AM,Derailment,0,OAKDALE,GA,68,1,Dawn,Clear,Yard,Yard/switching,8,12871,2998,15869,H305,33.793908,-84.445462,74.7,77.2,78.8
CSX,000184790,2019-08-17,2:00 AM,Side collision,0,JACKSONVILLE,FL,78,4,Dark,Cloudy,Yard,Yard/switching,10,12000,0,19472,H306,30.359362,-81.716896,80.6,76.9,79.5
CSX,000173612,2017-12-21,11:05 PM,Derailment,0,RENSSELAER,IN,30,4,Dark,Cloudy,Main,Freight Train,32,1568145,54798,1622943,E63C,40.943155,-87.148209,34,35.4,36.3
ATK,169488,2022-01-12,6:19 PM,Hwy-rail crossing,0,FORT LAUDERDALE,FL,75,4,Dark,Clear,Main,Passenger Train - Pulling,69,17680,0,17680,M302,26.20334,-80.149906,68.6,72,69.7
CSX,000167591,2017-03-20,12:10 AM,Derailment,0,WINDER,GA,48,4,Dark,Clear,Main,Freight Train,45,203634,639,204273,E30C,33.977243,-83.645691,52.7,56.3,69.3
NS,129005,2018-03-29,1:40 PM,Other impacts,0,ELKHART,IN,41,2,Day,Cloudy,Yard,Yard/switching,4,1326,0,34026,H306,41.67736,-85.978495,43,43.8,37.9
CSX,000211060,2023-04-28,3:30 PM,Derailment,0,PENSACOLA,FL,72,2,Day,Clear,Yard,Freight Train,7,16000,19037,35037,M405,30.437033,-87.219929,70.8,74.6,68.9
UP,0217LK008,2017-02-07,8:28 PM,Derailment,0,SHREVEPORT,LA,64,4,Dark,Clear,Yard,Freight Train,6,487,66,16856,H307,32.431128,-93.906396,66.7,71.8,63.7
ATK,160564,2019-08-11,6:28 AM,Hwy-rail crossing,0,JACKSONVILLE,FL,80,1,Dawn,Cloudy,Main,Passenger Train - Pulling,79,40000,0,40097,M308,30.39431,-81.744516,85.2,83.2,83.6
NS,157189,2024-06-27,9:55 AM,Other impacts,0,NEW ORLEANS,LA,85,2,Day,Clear,Yard,Single Car,5,30000,0,30000,H018,29.975955,-90.044582,86.5,84.6,83.6
WC,894019,2016-07-07,10:15 AM,Rear end collision,0,COTTON,MN,60,2,Day,Rain,Main,Maint./inspect Car,25,3600,0,37024,H997,47.021639,-92.340944,68.7,63.2,62.8
UP,1018KC003,2018-10-04,5:00 PM,Other impacts,0,KANSAS CITY,KS,60,2,Day,Cloudy,Yard,Cut of cars,0,951,0,35020,H312,39.097315,-94.66594,82.2,59.4,66.4
CSX,000138531,2014-12-06,1:25 PM,Hwy-rail crossing,0,LAKELAND,FL,64,2,Day,Rain,Main,,0,0,0,20445,M302,28.029715,-82.039391,69.2,70.8,66
BNSF,KS0824111,2024-08-12,9:07 AM,Derailment,0,KANSAS CITY,KS,92,2,Day,Clear,Yard,Freight Train,7,30359,95000,125359,M201,39.084058,-94.680059,71.6,74.2,71.1
CSX,000144240,2015-04-05,6:20 PM,Other impacts,0,LAFAYETTE,IN,61,2,Day,Clear,Yard,Cut of cars,4,28075,0,28694,H318,40.419863,-86.896131,41.4,50.7,53.2
CSX,000173024,2017-11-23,5:45 PM,Side collision,0,WAYCROSS,GA,55,3,Dusk,Cloudy,Yard,Cut of cars,0,0,0,28632,H399,31.213524,-82.353588,63,56.2,53.2
BNSF,KS0719201,2019-07-03,10:30 PM,Hwy-rail crossing,0,EDGERTON,KS,80,4,Dark,Clear,Main,Freight Train,60,1250,125000,126250,M302,38.753145,-95.013348,80.6,77.6,73.6
FEC,D81111121,2021-11-11,2:00 PM,Side collision,0,JACKSONVILLE,FL,75,2,Day,Clear,Yard,Cut of cars,0,16000,0,16113,H317,30.249546,-81.608759,63.3,69.3,66.9
BRC,14800,2024-08-23,6:21 PM,Derailment,0,BEDFORD PARK,IL,70,3,Dusk,Clear,Yard,Yard/switching,8,30567,0,30567,H702,41.76743,-87.78099,68.2,72.3,78.8
NOPB,D20210730F,2021-07-30,2:55 PM,Derailment,0,AVONDALE,LA,90,2,Day,Clear,Main,,0,0,0,192873,M505,29.916694,-90.17763,86.3,87,84.3
IAIS,2020022,2020-07-16,10:45 AM,Hwy-rail crossing,0,DES MOINES,IA,75,2,Day,Clear,Main,Freight Train,23,20000,0,20000,M302,41.572601,-93.66547,69.8,72.8,80.3
CSX,000153513,2015-10-21,9:30 PM,Derailment,0,LINDEN,IN,63,4,Dark,Clear,Industry,Freight Train,5,5309,22416,27725,M506,40.193206,-86.904978,61.4,64.7,63.1
NS,153240,2023-06-01,3:30 AM,Derailment,0,DANVILLE,KY,70,4,Dark,Clear,Yard,Freight Train,5,12100,1949,14049,H303,37.637861,-84.781619,71.5,71.8,73
CSX,000192813,2020-09-24,7:04 AM,Derailment,0,JACKSONVILLE,FL,67,1,Dawn,Clear,Yard,Freight Train,20,11683,0,11683,M405,30.36922,-81.729176,72.9,77.9,81.9
NOPB,NOPB00065F,2024-02-21,8:00 PM,Raking collision,0,NEW ORLEANS,LA,65,4,Dark,Clear,Yard,Light loco(s),0,300,0,17300,H307,29.91584,-90.10418,55.9,60.9,65.2
FEC,D65122420,2020-12-24,6:50 AM,Derailment,0,MIAMI-DADE,FL,75,1,Dawn,Cloudy,Yard,Freight Train,8,10683,2403,13086,E67C,25.850184,-80.325273,70,75.6,58.7
CSX,000170186,2017-07-12,7:15 PM,Side collision,0,LAFAYETTE,IN,73,3,Dusk,Cloudy,Yard,Freight Train,0,31449,0,43755,H307,40.419595,-86.896256,74.3,75.8,78.1
UP,1220PN021,2020-12-22,9:55 AM,Hwy-rail crossing,0,PARMA,ID,36,2,Day,Cloudy,Main,Freight Train,60,16335,99,16434,M302,43.736509,-116.906137,41.9,38.9,30
UP,1118KC026,2018-11-24,12:15 PM,Derailment,0,SALINA,KS,55,2,Day,Clear,Yard,Yard/switching,5,166857,192616,359473,H702,38.853907,-97.597321,53.3,47.5,32
CSX,000181797,2019-03-12,10:30 AM,Hwy-rail crossing,0,AUSTIN,IN,41,2,Day,Clear,Main,Freight Train,45,8285,0,26285,M302,38.7459,-85.80802,45.3,42.1,56.5
BLF,20210065,2021-11-08,10:18 AM,Hwy-rail crossing,0,POMPANO BEACH,FL,75,2,Day,Clear,Main,Passenger Train - Pulling,79,17154,0,17344,M308,26.234183,-80.125086,65.5,69,71.2
NS,115026,2015-03-28,6:10 PM,Derailment,0,ELKHART,IN,27,3,Dusk,Clear,Yard,Yard/switching,2,8900,1500,51400,H316,41.677391,-85.978436,26.8,24.3,33.4
CP,1000423399,2016-07-14,5:15 PM,Other impacts,0,ST PAUL,MN,75,2,Day,Clear,Industry,Yard/switching,4,31372,0,31562,H607,44.935557,-93.036428,77,67,67.5
UP,1016LV019,2016-10-14,4:41 AM,Other (describe in narrative),0,LAKE CHARLES,LA,70,4,Dark,Clear,Yard,Single Car,9,11723,0,11723,H312,30.23843,-93.18535,75.9,74.7,75.9
NS,125743,2017-07-08,11:56 PM,Derailment,0,ELKHART,IN,60,4,Dark,Clear,Yard,Yard/switching,2,42502,8854,51356,H507,41.67736,-85.978495,70.9,67.3,67.5
UP,0422HL011,2022-04-19,9:59 AM,Other impacts,0,EL DORADO,KS,52,2,Day,Cloudy,Yard,Single Car,5,5138,0,39150,H020,37.820601,-96.841276,46.3,50.3,63.7
CSX,000198960,2021-07-19,7:52 PM,Derailment,0,MC DAVID,FL,81,3,Dusk,Clear,Main,Freight Train,47,1927029,135360,2062389,M204,30.78775,-87.323674,71.5,70.7,70.8
ATK,161408,2019-10-06,1:37 PM,Hwy-rail crossing,0,LAKELAND,FL,86,2,Day,Clear,Main,Passenger Train - Pulling,79,38448,0,38545,M304,28.033166,-82.019216,80.9,78.5,78.5
FEC,X19042022,2022-04-20,9:36 AM,Hwy-rail crossing,0,OAKLAND PARK,FL,84,2,Day,Clear,Main,,0,0,1026,18329,M308,26.170479,-80.131404,77.2,76,76.4
BNSF,KS1115111,2015-11-29,12:35 PM,Derailment,0,KANSAS CITY,KS,35,2,Day,Rain,Yard,Yard/switching,6,21619,500,22119,M101,39.08394,-94.686456,33.2,35.7,38.2
CSX,000163140,2016-09-24,6:30 PM,Derailment,0,CUMBERLAND,MD,70,3,Dusk,Cloudy,Yard,Freight Train,5,68096,2196,70292,E4AC,39.644504,-78.760839,67.4,66,62.4
MBTA,19113,2019-05-05,8:48 AM,Hwy-rail crossing,0,RANDOLPH,MA,55,2,Day,Rain,Main,Passenger Train - Pushing,62,31373,0,31373,M308,42.149686,-71.029188,52.2,49.4,51.4
FEC,X04031516,2016-03-15,3:15 AM,Hwy-rail crossing,0,STUART,FL,73,4,Dark,Clear,Main,Freight Train,54,5083,6877,11960,M308,27.145696,-80.197752,79.2,79.4,74.6
UP,0722MA016,2022-07-07,6:47 PM,Other impacts,0,PINE BLUFF,AR,95,3,Dusk,Cloudy,Yard,Yard/switching,4,74005,200,74658,H020,34.249805,-91.939637,86.7,86.2,88.8
SFRV,03282022,2022-03-28,3:30 AM,Derailment,0,MIAMI-DADE,FL,71,4,Dark,Clear,Industry,,0,0,70763,70763,H599,25.482035,-80.153849,69.1,70,72.2