reportingrailroadcode,accidentnumber,date,time,accidenttype,hazmatreleasedcars,station,stateabbr,temperature,visibility_code,visibility,weathercondition,tracktype,equipmenttype,trainspeed,equipmentdamagecost,trackdamagecost,totaldamagecost,primaryaccidentcausecode,latitude,longitude,prior_temp,actual_temp,following_temp
NS,120052,2016-04-07,11:35 PM,Derailment,0,ELKHART,IN,35,4,Dark,Cloudy,Yard,Yard/switching,2,2650,16700,19350,H504,41.677391,-85.978436,44,37.1,34
BNSF,CH1223109,2023-12-17,9:24 AM,Derailment,0,CHICAGO,IL,45,2,Day,Clear,Yard,Yard/switching,0,500,30600,83115,H306,41.811737,-87.715909,44.3,42.3,30.5
UP,0518KC024,2018-05-30,5:15 PM,Derailment,0,COFFEYVILLE,KS,90,2,Day,Clear,Yard,Yard/switching,3,11078,474,11552,H525,37.029714,-95.625066,80.4,76.7,80
UP,0115CB003,2015-01-05,5:10 PM,Fire/violent rupture,0,MONTOUR,IA,5,4,Dark,Cloudy,Main,Freight Train,50,138528,0,138528,E99L,41.992093,-92.747807,6.6,2.9,1.6
CSX,000220552,2024-07-20,9:34 AM,Obstruction,0,RICHMOND HILL,GA,81,2,Day,Cloudy,Main,,0,0,0,18620,M404,31.919593,-81.353053,80.4,79.7,79.7
BNSF,KS0419111,2019-04-29,3:25 AM,Derailment,0,MATFIELD GREEN,KS,71,4,Dark,Rain,Main,Freight Train,36,361755,86539,448294,M105,38.10812,-96.599345,54,58.8,51.7
NS,156371,2024-04-15,3:50 PM,Hwy-rail crossing,0,FARMDALE,IL,81,2,Day,Clear,Main,Freight Train,35,3124,20000,23124,M308,40.668878,-89.516995,71.4,69.2,70.5
KCS,14122601,2014-12-26,2:28 AM,Derailment,0,SHREVEPORT,LA,50,4,Dark,Clear,Yard,Yard/switching,4,663,16985,17648,H702,32.532928,-93.832234,45.1,52.5,54.5
CSX,000159216,2016-04-22,1:00 PM,Derailment,0,ATLANTA,GA,75,2,Day,Clear,Yard,Cut of cars,5,16948,2312,19260,M411,33.801524,-84.45,66.5,65.1,65.6
BLF,20190226,2019-06-07,9:54 PM,Hwy-rail crossing,0,BOCA RATON,FL,80,4,Dark,Clear,Main,Passenger Train - Pulling,78,29025,0,43086,M303,26.330134,-80.092852,84.7,83.1,80.9
FEC,D16040724,2024-04-07,8:20 PM,Other (describe in narrative),0,MIAMI SPRINGS,FL,80,4,Dark,Clear,Yard,Yard/switching,5,20853,16709,37562,H702,25.83407,-80.30691,71.8,72.7,73.5
NS,119402,2016-02-17,11:57 PM,Derailment,0,ELKHART,IN,19,4,Dark,Clear,Yard,Freight Train,9,3184,15000,239406,H999,41.678191,-85.976911,29,28.3,26.4
UP,0518LV021,2018-05-25,9:59 AM,Other (describe in narrative),0,LIVONIA,LA,75,2,Day,Cloudy,Yard,Single Car,0,17958,0,17958,M411,30.526064,-91.555116,78.4,79,75.9
NOPB,D20170329T,2017-03-29,4:30 AM,Other impacts,0,NEW ORLEANS,LA,55,4,Dark,Clear,Yard,Freight Train,0,0,0,21000,H999,29.915546,-90.118758,76.9,75.9,69.4
UP,0721MA030,2021-07-23,6:15 PM,Derailment,0,PINE BLUFF,AR,92,3,Dusk,Clear,Yard,Yard/switching,5,7544,6760,14304,M405,34.241737,-91.947032,83.1,84.8,86.1
CSX,000163279,2016-05-09,2:50 AM,Fire/violent rupture,0,MUNCIE,IN,80,4,Dark,Clear,Main,Light loco(s),30,170248,0,170248,M406,40.187,-85.393897,52.1,54.1,63.8
TPW,TPW216222G,2022-10-07,3:20 PM,Hwy-rail crossing,0,MONTICELLO,IN,58,2,Day,Clear,Main,Freight Train,9,19207,0,19207,M302,40.75076,-86.81483,61.6,50.1,43
CSX,000211499,2023-05-25,8:10 AM,Hwy-rail crossing,0,REYNOLDS,IN,48,2,Day,Clear,Main,,0,0,0,35507,M302,40.717743,-86.872062,69.4,59.3,60.9
CSX,000152978,2015-10-07,2:15 AM,Derailment,0,ATLANTA,GA,65,4,Dark,Clear,Yard,Cut of cars,8,17500,0,19225,S016,33.799641,-84.439903,66.4,68.6,68.9
CSX,000173957,2018-01-10,9:00 PM,Other impacts,0,WAYCROSS,GA,65,4,Dark,Cloudy,Yard,Yard/switching,4,11154,3100,67356,H308,31.213524,-82.353588,59.3,63.9,67.8
HESR,HES076716D,2016-09-08,7:53 PM,Derailment,0,BAD AXE,MI,70,3,Dusk,Clear,Main,Freight Train,7,13500,5320,18820,E4BC,43.808074,-82.99163,77.4,73.8,68.9
CSX,000170192,2017-07-13,2:20 AM,Derailment,0,ATLANTA,GA,80,4,Dark,Clear,Yard,Yard/switching,4,54145,692,54837,M204,33.794105,-84.417335,80,81.8,82
NS,116810,2015-08-05,2:45 PM,Hwy-rail crossing,0,ROME,GA,95,2,Day,Clear,Main,Freight Train,37,3500,11170,14670,M303,34.244515,-85.166363,80.9,81.1,74.4
NS,114749,2015-03-10,5:35 AM,Other impacts,0,ELKHART,IN,38,1,Dawn,Clear,Yard,Yard/switching,2,68300,6845,174245,M407,41.677391,-85.978436,35.5,41.1,39.6
UP,1017KC011,2017-10-10,9:00 AM,Derailment,0,KANSAS CITY,KS,45,2,Day,Cloudy,Main,Maint./inspect Car,10,12101,33,12134,M507,39.099097,-94.609634,66.2,50,53.6
UP,0721MA020,2021-07-16,5:57 PM,Other impacts,0,NORTH LITTLE ROCK,AR,84,2,Day,Cloudy,Yard,Cut of cars,0,244,0,60158,M411,34.771751,-92.229233,82,78.2,75.1
CSX,000189998,2020-05-02,2:38 AM,Broken train collision,0,CUMBERLAND,MD,48,4,Dark,Cloudy,Yard,Cut of cars,0,103380,0,383999,E30C,39.644504,-78.760839,52.7,58.7,64.9
GTW,1152289,2024-07-02,3:57 AM,Derailment,0,DETROIT,MI,60,4,Dark,Clear,Main,Freight Train,8,8300,0,8300,M507,42.336388,-83.09983,65.2,70.5,79.4
UP,1021MA045,2021-10-29,8:26 PM,Derailment,0,NORTH LITTLE ROCK,AR,55,4,Dark,Cloudy,Industry,Cut of cars,0,2234,0,12989,H704,34.764982,-92.215683,55.5,54.5,57.7
NS,152701,2023-03-27,7:44 AM,Other impacts,0,ELKHART,IN,42,1,Dawn,Cloudy,Yard,Single Car,0,3700,0,31700,M411,41.677392,-85.978437,42.4,42.5,37.8
NS,153184,2023-05-26,11:35 AM,Derailment,0,GEORGETOWN,KY,75,2,Day,Clear,Yard,Freight Train,6,24000,3999,27999,H306,38.296731,-84.538975,64.9,63.1,63.3
CSX,000143022,2015-03-14,5:15 AM,Other impacts,0,AVON,IN,40,4,Dark,Rain,Yard,Cut of cars,20,16233,0,16233,M407,39.759342,-86.347116,46.7,51.1,49.1
NS,125737,2017-07-08,4:15 AM,Derailment,0,LOCUST GROVE,GA,76,1,Dawn,Clear,Main,Freight Train,39,11071,2895,13966,E32C,33.349388,-84.110423,79.5,78.4,79.2
FEC,X31101918,2018-10-19,1:05 PM,Hwy-rail crossing,0,HOLLYWOOD,FL,86,2,Day,Clear,Main,,0,0,76,76179,M303,26.036024,-80.14989,82.8,82.2,81.8
SFRV,08182019,2019-08-18,2:15 PM,Derailment,0,HIALEAH,FL,93,2,Day,Cloudy,Yard,,0,0,14550,15652,H702,25.860075,-80.260001,85,86.4,84.4
UP,0920MA015,2020-09-14,10:04 AM,Head on collision,0,NASHVILLE,AR,78,2,Day,Cloudy,Main,Freight Train,15,1500,0,951500,H603,34.062609,-93.853667,78,76.1,77.1
BNSF,CH0123114,2023-01-26,2:29 AM,Derailment,0,MALDEN,IL,9,4,Dark,Snow,Yard,Freight Train,10,8500,5000,13500,H704,41.444306,-89.316051,32.1,19.6,24.6
CSX,000174126,2018-01-18,9:05 AM,Hwy-rail crossing,0,MORELAND,GA,23,2,Day,Clear,Main,Freight Train,48,23201,0,23201,M303,33.278867,-84.770829,22.4,28.4,37.8
KYLE,920219D,2019-01-17,3:05 AM,Derailment,0,GLASCO,KS,30,4,Dark,Cloudy,Main,Freight Train,10,202785,100000,302785,E24C,39.355289,-97.839398,28.2,30.1,29.8
GIMY,GIM088917,2017-08-10,1:25 PM,Derailment,0,SAVANNAH,GA,85,2,Day,Clear,Yard,Yard/switching,5,47789,3200,50989,H306,32.068238,-81.14742,76.8,79.6,82.1
AKMD,AKM874521,2021-11-20,5:00 PM,Other (describe in narrative),0,ARKANSAS CITY,AR,50,3,Dusk,Clear,Industry,Light loco(s),1,15000,0,15000,H599,33.703893,-91.236929,43.6,49.9,61.9
NS,156526,2024-04-30,1:57 PM,Derailment,0,NEW HAVEN,IN,72,2,Day,Clear,Yard,Freight Train,4,13067,1950,15017,H503,41.071574,-85.066086,66.7,63.1,67
BNSF,RD0123203,2023-01-16,7:04 AM,Hwy-rail crossing,0,LAFAYETTE,LA,65,1,Dawn,Cloudy,Main,Freight Train,23,500,30000,30500,M302,30.182606,-91.990182,52.7,67.5,71.5
NS,144097,2022-01-21,12:50 AM,Raking collision,0,GEORGETOWN,KY,30,4,Dark,Clear,Yard,Freight Train,2,98344,0,98644,H018,38.20419,-84.548425,24.5,20.7,18.2
CSX,000201471,2021-11-21,8:20 AM,Derailment,0,JACKSONVILLE,FL,62,2,Day,Clear,Yard,Freight Train,6,11722,1172,12894,H504,30.29385,-81.977431,63.5,63.6,63.6
NS,156026,2024-03-13,5:55 AM,Other (describe in narrative),0,CHICAGO,IL,40,1,Dawn,Clear,Yard,Light loco(s),5,180299,500,180799,H704,41.707776,-87.573432,59.9,57,50.6
ATK,148293,2017-07-06,12:05 PM,Other (describe in narrative),0,MIDDLE RIVER,MD,70,2,Day,Rain,Main,Passenger Train - Pulling,91,18534,18292,36826,E78L,39.334274,-76.439406,79.6,74.5,80.2
CSX,000148110,2015-06-19,10:10 AM,Derailment,0,LAGRANGE,GA,90,2,Day,Clear,Industry,Yard/switching,5,52704,314,53018,H303,32.983707,-85.064201,82.5,83.5,83.6
CSX,000167960,2017-04-03,11:30 PM,Derailment,0,INDIANAPOLIS,IN,54,4,Dark,Rain,Yard,Yard/switching,6,9795,938,10733,S011,39.759791,-86.327526,51.3,59.5,55.4
NS,155960,2024-03-07,3:20 AM,Other (describe in narrative),0,CHICAGO,IL,38,4,Dark,Cloudy,Yard,Yard/switching,5,1800,0,1800,H702,41.820802,-87.67371,42.7,43.3,44.4
NS,118221,2015-10-28,6:00 AM,Derailment,0,STERLING HEIGHTS,MI,50,1,Dawn,Rain,Yard,Light loco(s),6,12684,0,12824,H704,42.56695,-83.039447,50.5,55.4,44.2
ATK,148217,2017-06-21,2:00 AM,Other (describe in narrative),0,ODENTON,MD,64,4,Dark,Clear,Main,Passenger Train - Pulling,0,23121,0,23121,E78L,39.083998,-76.700246,77.7,78.1,79.1
BNSF,KS0519101,2019-05-02,8:12 PM,Derailment,0,GARDEN CITY,KS,60,3,Dusk,Clear,Yard,Freight Train,5,12881,1000,13881,H307,37.962613,-100.865278,47.6,48.2,54.6
ATK,151285,2018-01-03,9:30 PM,Derailment,0,SAVANNAH,GA,26,4,Dark,Clear,Main,Passenger Train - Pushing,5,77150,0,77315,M101,32.076176,-81.088371,28.4,27.5,29.4
CFRC,22308,2022-11-04,5:00 AM,Other impacts,0,ORLANDO,FL,77,4,Dark,Clear,Industry,,0,0,10000,314660,H302,28.432064,-81.36952,77.1,75.3,76.2
BNSF,KS0819110,2019-08-18,2:50 PM,Derailment,0,KANSAS CITY,KS,72,2,Day,Clear,Yard,Yard/switching,7,269244,5000,274244,T212,39.08481,-94.678876,78.6,82.2,85
CPKC,23110101,2023-11-01,5:30 AM,Derailment,0,RODESSA,LA,33,4,Dark,Clear,Main,Freight Train,52,256323,4319,260642,E33C,32.972378,-93.995393,46.9,43.1,45.7
CSX,000199674,2021-08-24,10:05 AM,Derailment,0,JACKSONVILLE,FL,88,2,Day,Cloudy,Yard,Freight Train,4,33371,3888,37259,H702,30.359362,-81.716896,81.8,78.9,80.7
MBTA,3041,2015-12-14,9:55 PM,Fire/violent rupture,0,WEYMOUTH,MA,41,4,Dark,Clear,Main,Passenger Train - Pulling,0,100000,0,100000,E74L,42.149999,-70.949996,49.9,49.5,55.7
CSX,000175127,2018-03-09,2:18 AM,Derailment,0,INDIANAPOLIS,IN,22,4,Dark,Clear,Yard,Yard/switching,2,244507,5080,249587,H702,39.759791,-86.327526,27.6,32.2,37
BNSF,CH0524104,2024-05-08,10:13 AM,Other impacts,0,GALESBURG,IL,60,2,Day,Clear,Yard,Yard/switching,10,37557,0,37557,M407,40.911488,-90.383517,66.9,66.8,59
FEC,X33091219,2019-09-12,10:30 AM,Hwy-rail crossing,0,OAKLAND PARK,FL,90,2,Day,Clear,Main,,0,0,7012,422111,M308,26.10135,-80.075291,85,83.2,83
UP,1214KC003,2014-12-09,3:28 AM,Derailment,0,MELCHER,IA,25,4,Dark,Cloudy,Main,Freight Train,13,49836,0,49836,H601,41.185097,-93.234133,38.4,27.8,30.3
CSX,000184807,2019-08-18,2:15 PM,Derailment,0,HIALEAH,FL,93,2,Day,Cloudy,Yard,Yard/switching,3,1069,33,15652,H702,25.860075,-80.260001,85,86.4,84.4
CSX,000174346,2018-01-29,6:45 AM,Derailment,0,DACULA,GA,55,1,Dawn,Cloudy,Industry,Light loco(s),0,68000,0,180505,H008,33.983919,-83.928137,51.6,51.5,37.5
NICD,N1800019,2018-08-28,4:55 PM,Hwy-rail crossing,0,GARY,IN,90,2,Day,Clear,Main,Passenger Train - Pulling,77,228049,0,228049,M308,41.618401,-87.225316,83.1,80.9,69.8
FEC,D12030620,2020-03-06,8:58 PM,Obstruction,0,MIAMI SHORES,FL,75,4,Dark,Clear,Main,,0,0,190,19757,M402,25.185104,-80.185104,81.2,77.2,67.3
NS,156997,2024-06-08,7:00 AM,Side collision,0,MELVINDALE,MI,51,1,Dawn,Clear,Yard,Freight Train,8,26004,0,80874,H702,42.273905,-83.191024,65.6,64.8,64.2
ATK,176250,2023-09-05,3:12 PM,Hwy-rail crossing,0,FROSTPROOF,FL,91,2,Day,Clear,Main,Passenger Train - Pulling,78,92606,0,92606,M308,27.681144,-81.549787,79.6,80.7,81.7
ATK,165770,2020-11-05,10:05 PM,Hwy-rail crossing,0,JACKSONVILLE,FL,70,4,Dark,Rain,Main,Passenger Train - Pulling,50,0,0,34384,M308,30.215234,-81.704229,66.6,70.4,72.1
CSX,000215207,2023-12-23,4:51 PM,Derailment,0,NEW ORLEANS,LA,65,3,Dusk,Clear,Yard,Yard/switching,4,20300,3088,23388,H318,30.005993,-90.019455,61.3,64.1,64.8
UP,0721MA025,2021-07-20,6:23 AM,Other impacts,0,PINE BLUFF,AR,74,1,Dawn,Cloudy,Yard,Cut of cars,0,736,0,67017,H312,34.249373,-91.939642,79.4,79.7,79.5
FEC,D63120619,2019-12-06,4:00 PM,Derailment,0,HIALEAH,FL,78,2,Day,Clear,Yard,Yard/switching,4,4322,8464,12786,H702,25.819232,-80.308192,64.7,68.5,70.5
NS,119221,2016-02-03,8:50 PM,Derailment,1,MACON,GA,60,4,Dark,Rain,Yard,Freight Train,11,90798,0,110798,H607,32.813658,-83.622785,62.5,65.1,52.4
CSX,000173024,2017-11-23,5:45 PM,Side collision,0,WAYCROSS,GA,55,3,Dusk,Cloudy,Yard,Yard/switching,4,27309,1323,28632,H399,31.213524,-82.353588,63,56.2,53.2
BNSF,KS1118113,2018-11-21,9:15 AM,Derailment,0,COOLIDGE,KS,33,2,Day,Clear,Industry,Single Car,1,28812,150,28962,H022,38.03877,-102.008985,34.8,38.9,40.3
WC,894019,2016-07-07,10:15 AM,Rear end collision,0,COTTON,MN,60,2,Day,Rain,Main,Maint./inspect Car,0,33424,0,37024,H997,47.021639,-92.340944,68.7,63.2,62.8
NS,118247,2015-11-18,12:47 AM,Derailment,0,PRINCETON,IN,65,4,Dark,Rain,Industry,Freight Train,3,14000,0,14000,M101,38.36281,-87.591403,58.2,59.6,46.7
NS,120578,2016-05-19,1:35 PM,Derailment,0,ELKHART,IN,65,2,Day,Clear,Yard,Light loco(s),3,13545,0,13545,H306,41.67736,-85.978495,53.7,55.7,58.2
UP,0521MA009,2021-05-06,2:00 PM,Derailment,0,PINE BLUFF,AR,79,2,Day,Clear,Yard,Yard/switching,7,17415,9431,26846,E49C,34.246393,-91.944333,63.6,67.8,64.9
CSX,000158991,2016-04-12,11:38 AM,Hwy-rail crossing,0,JAMESTOWN,IN,45,2,Day,Clear,Main,Freight Train,41,15091,0,15091,M302,39.95379,-86.69081,50,42.4,46.6
NS,146346,2022-08-31,11:30 AM,Hwy-rail crossing,0,SIMPSONVILLE,KY,78,2,Day,Clear,Main,Freight Train,27,6327,9532,15859,M303,38.21502,-85.331962,77.8,73,74
BNSF,CH0923109,2023-09-23,3:22 AM,Derailment,0,GALESBURG,IL,70,4,Dark,Clear,Yard,Yard/switching,5,8400,67671,76071,M411,40.908919,-90.383089,69.4,71.9,71.5
UP,0721MA040,2021-07-29,11:59 AM,Other impacts,0,CAMDEN,AR,89,2,Day,Clear,Yard,Freight Train,5,76442,0,148178,H307,33.592271,-92.828219,85,86.2,86.5
NS,121475,2016-07-30,3:50 AM,Derailment,0,MACON,GA,76,4,Dark,Clear,Yard,Yard/switching,4,317,0,26267,S016,32.813729,-83.622793,87.3,82.9,79.7
NS,125152,2017-05-21,5:10 PM,Other impacts,0,ELKHART,IN,63,3,Dusk,Clear,Yard,Yard/switching,2,24285,0,35952,E39C,41.67736,-85.978495,55,63.1,58.9
CSS,CSS00046F,2023-11-04,9:20 PM,Derailment,0,BURNS HARBOR,IN,46,4,Dark,Clear,Industry,Freight Train,3,28353,12000,40353,E06L,41.621308,-87.127614,48.5,47.8,43.8
UP,0723MA005,2023-07-01,11:26 AM,Derailment,0,EAST ST LOUIS,IL,83,2,Day,Clear,Yard,Freight Train,4,52520,0,71976,H503,38.583865,-90.13557,83,77.9,75.1
NS,144700,2022-03-15,6:15 PM,Other impacts,0,ELKHART,IN,45,3,Dusk,Clear,Yard,Yard/switching,5,16873,33880,50753,H312,41.677391,-85.978436,45.9,47.9,51.8
IC,1006137,2019-07-19,4:00 AM,Derailment,0,GEISMAR,LA,75,1,Dawn,Clear,Yard,Yard/switching,5,235180,35000,270180,H993,30.188257,-91.986438,82.8,81.7,80
GIMY,GIM757215,2015-09-13,11:30 PM,Derailment,0,SAVANNAH,GA,79,4,Dark,Clear,Yard,Freight Train,7,5000,20000,25000,E4BC,32.051326,-81.155888,74.7,71.7,69.5
NS,121475,2016-07-30,3:50 AM,Derailment,0,MACON,GA,76,4,Dark,Clear,Yard,Yard/switching,5,25700,250,26267,S016,32.813729,-83.622793,87.3,82.9,79.7
CSX,000155146,2015-12-14,5:07 AM,Other impacts,0,WAYCROSS,GA,68,4,Dark,Clear,Yard,Yard/switching,2,168738,50,168788,H305,31.205611,-82.363512,68.9,73.9,66.1
NS,117909,2015-10-24,6:30 AM,Other impacts,0,MACON,GA,60,1,Dawn,Clear,Yard,Single Car,1,100,0,12100,H316,32.813729,-83.622793,65.5,65.6,65.7
NS,129005,2018-03-29,1:40 PM,Other impacts,0,ELKHART,IN,41,2,Day,Cloudy,Yard,Yard/switching,4,32700,0,34026,H306,41.67736,-85.978495,43,43.8,37.9
UP,0315TC011,2015-03-31,6:32 AM,Derailment,0,DES MOINES,IA,45,1,Dawn,Clear,Yard,Freight Train,5,25788,5687,31475,H704,41.618299,-93.582751,55.6,60.1,66.8
UP,0916LV003,2016-09-08,11:20 PM,Derailment,0,LIVONIA,LA,78,4,Dark,Cloudy,Yard,Yard/switching,2,25032,41767,66799,H503,30.521673,-91.548371,81.1,80.9,79.7
UP,0419PR001,2019-04-24,8:00 AM,Other (describe in narrative),0,MELROSE PARK,IL,49,2,Day,Cloudy,Yard,Single Car,0,32588,33,32621,M411,41.899613,-87.908027,56.2,53.8,56.7
CSX,000157271,2016-02-19,4:09 PM,Derailment,0,INDIANAPOLIS,IN,57,2,Day,Cloudy,Main,Freight Train,6,165184,3500,168684,H799,39.765294,-86.145226,36.1,51.7,55.5
IHB,2754,2022-05-27,4:00 AM,Side collision,0,HAMMOND,IN,62,4,Dark,Rain,Yard,Yard/switching,6,2000,0,49750,H306,41.611678,-87.497553,70.3,55.4,60.6
CSX,000192083,2020-08-18,2:25 AM,Derailment,0,SANFORD,FL,77,4,Dark,Clear,Yard,Freight Train,5,66335,500,69835,T221,28.828082,-81.321649,80.9,79.2,80.8
UP,1019HL006,2019-10-05,1:15 AM,Derailment,0,KANSAS CITY,KS,60,4,Dark,Cloudy,Yard,Freight Train,3,94199,3115,97314,T221,39.144813,-94.629932,56,64.1,55.3
NS,114749,2015-03-10,5:35 AM,Other impacts,0,ELKHART,IN,38,1,Dawn,Clear,Yard,Yard/switching,4,99100,0,174245,M407,41.677391,-85.978436,35.5,41.1,39.6
CFE,CFE413723D,2023-05-10,2:35 PM,Derailment,0,FORT WAYNE,IN,74,2,Day,Clear,Yard,Yard/switching,10,25000,816,38816,M405,41.056169,-85.085522,60.2,60.5,65.9
ATK,165777,2020-11-07,7:20 PM,Hwy-rail crossing,0,LAKELAND,FL,78,4,Dark,Clear,Main,Passenger Train - Pulling,76,12649,0,12649,M308,28.04598,-81.895695,74.1,76.5,76.2
EIRR,200717005,2020-07-17,3:10 PM,Hwy-rail crossing,0,FILER,ID,95,2,Day,Clear,Main,Freight Train,25,90000,5000,95000,M304,42.563905,-114.555711,73.9,77.4,74.9
GIMY,GIM854921,2021-10-11,4:00 PM,Derailment,0,SAVANNAH,GA,78,2,Day,Clear,Main,Yard/switching,5,50000,0,331415,H993,32.063426,-81.134421,72.2,72.8,71.3
ATK,181205,2024-07-17,5:43 AM,Derailment,0,PONTIAC,MI,74,1,Dawn,Clear,Siding,Passenger Train - Pulling,7,209255,0,209255,H306,42.621778,-83.280253,77.8,73.7,65.9
MBTA,5722,2018-11-29,6:51 AM,Other (describe in narrative),0,HANSON,MA,33,1,Dawn,Cloudy,Main,Passenger Train - Pushing,0,96000,0,96000,E71L,42.043867,-70.882293,38.4,40.5,34.9
FEC,X17040219,2019-04-02,3:00 PM,Hwy-rail crossing,0,POMPANO BEACH,FL,89,2,Day,Cloudy,Main,,0,0,412,11205,M308,26.234206,-80.125141,76.4,76.7,75.9
HRRC,0315,2015-09-29,1:59 PM,Derailment,0,STOCK BRIDGE,MA,72,2,Day,Cloudy,Main,Freight Train,18,40000,35000,75000,M405,42.2875,-73.3208,50.3,49.6,51.8
CSX,000211602,2023-06-03,1:45 PM,Other impacts,0,INDIANAPOLIS,IN,94,2,Day,Cloudy,Yard,Cut of cars,3,5488,0,35468,H99D,39.759798,-86.327516,78,79.2,74.2
NS,116594,2015-07-19,3:15 AM,Derailment,0,JACKSONVILLE,FL,75,4,Dark,Cloudy,Yard,Freight Train,5,4000,38148,42148,H704,30.368423,-81.730872,83.6,83.9,81.2
NS,124751,2017-04-18,9:32 AM,Derailment,0,ELKHART,IN,61,2,Day,Clear,Yard,Yard/switching,2,3902,22545,26447,M411,41.67736,-85.978495,56.6,60,63.9
NS,151970,2023-01-10,10:10 AM,Side collision,0,OSCEOLA,IN,40,2,Day,Clear,Yard,Yard/switching,4,5192,0,11821,M407,41.666583,-86.033424,32.6,37.6,42.4
CSX,000168400,2017-04-19,7:48 AM,Derailment,0,NEW ORLEANS,LA,68,1,Dawn,Clear,Main,Yard/switching,3,85339,10974,96313,E69C,30.005989,-90.019451,74.3,76.3,77.1
CSX,000174143,2018-01-20,7:30 AM,Derailment,0,WAYCROSS,GA,29,1,Dawn,Clear,Yard,Freight Train,5,44625,1613,46238,H522,31.207189,-82.336591,39.1,45.2,54.1
UP,0421ES062,2021-04-29,7:58 AM,Hwy-rail crossing,0,CARLINVILLE,IL,61,1,Dawn,Rain,Main,Maint./inspect Car,4,11403,0,11403,M302,39.259435,-89.902895,66.8,62.4,61.8
ATK,155706,2018-10-10,1:59 PM,Hwy-rail crossing,0,FLUKER,LA,86,2,Day,Clear,Main,Passenger Train - Pulling,79,38550,0,39850,M302,30.817517,-90.510321,76.9,77.1,68.8
NS,117284,2015-09-08,6:05 PM,Derailment,0,VALDOSTA,GA,86,3,Dusk,Clear,Industry,Freight Train,7,34695,3000,37695,M405,30.830296,-83.245052,75.2,78.7,79.3
ATK,176787,2023-10-13,9:10 PM,Obstruction,0,PEOTONE,IL,56,4,Dark,Cloudy,Main,Passenger Train - Pulling,30,336955,0,336955,M404,41.299557,-87.808006,57.2,55.7,52.6
MBTA,7115,2018-12-30,5:00 PM,Raking collision,0,MANSFIELD,MA,33,3,Dusk,Clear,Main,Passenger Train - Pushing,30,8931,0,17954,E89C,42.033157,-71.218732,47.5,29.8,34.7
BLF,20190361,2019-09-12,10:30 AM,Hwy-rail crossing,0,OAKLAND PARK,FL,90,2,Day,Clear,Main,Passenger Train - Pulling,78,415099,0,422111,M308,26.10135,-80.075291,85,83.2,83
UP,1221MA027,2021-12-26,4:10 AM,Other impacts,0,NORTH LITTLE ROCK,AR,55,1,Dawn,Fog,Yard,Yard/switching,0,4182,0,174447,H307,34.780699,-92.211087,68.6,61.2,68.1
BNSF,HL0122117,2022-01-28,9:42 PM,Derailment,0,BLYTHEVILLE,AR,15,4,Dark,Clear,Yard,Freight Train,5,6531,22000,28531,E64C,35.920766,-89.905458,32.7,32.8,28.4
CSX,000145221,2015-04-22,3:10 AM,Other impacts,0,AVON,IN,40,4,Dark,Cloudy,Yard,Freight Train,10,0,0,149082,H307,39.759779,-86.328326,51.2,44.7,44.9
NICD,N1500001,2015-01-08,4:45 AM,Derailment,0,MICHIGAN CITY,IN,-10,4,Dark,Snow,Yard,Single Car,5,13512,0,13512,H303,41.713205,-86.864495,6.2,2.3,8.3
FEC,D57081822,2022-08-18,10:10 AM,Derailment,0,MIAMI-DADE,FL,93,2,Day,Clear,Yard,Freight Train,2,7816,21774,29590,H704,25.81487,-80.309073,84.6,84.8,85.2
UP,0124MA024,2024-01-19,4:30 PM,Derailment,0,DUPO,IL,4,2,Day,Cloudy,Yard,Freight Train,10,177833,4600,182433,H303,38.49603,-90.222124,31.7,15,10
ATK,138210,2015-07-13,4:37 PM,Hwy-rail crossing,0,ORANGE PARK,FL,92,2,Day,Cloudy,Main,Passenger Train - Pulling,60,190,0,73162,M308,30.13585,-81.75455,85.2,86,87.7
NS,152052,2023-01-20,2:14 AM,Side collision,0,ELKHART,IN,38,4,Dark,Cloudy,Yard,Cut of cars,8,0,0,286151,H307,41.677392,-85.978437,40.2,33.2,30.7
CFRC,20086,2020-03-26,4:14 PM,Derailment,0,DELAND,FL,82,2,Day,Clear,Main,,0,0,260100,1547440,M507,29.002603,-81.347165,75.1,74.8,77.7
CSX,000166081,2017-01-17,6:25 PM,Derailment,0,WAYCROSS,GA,75,3,Dusk,Cloudy,Yard,Yard/switching,3,12874,723,13597,M405,31.213524,-82.353588,66.2,67.3,67.6
CSS,CSS00040F,2023-09-27,9:42 PM,Derailment,0,BURNS HARBOR,IN,62,4,Dark,Clear,Yard,Freight Train,10,84577,13611,328091,H303,41.62879,-87.111125,65,63.4,62.7
NS,124275,2017-03-11,12:35 PM,Derailment,0,GRACEWOOD,GA,70,2,Day,Clear,Industry,Yard/switching,10,30750,38402,69152,H306,33.337867,-81.956086,64.4,54.8,43.9
SKOL,IN190922,2019-09-22,7:30 PM,Derailment,0,CHERRYVALE,KS,87,3,Dusk,Clear,Main,Freight Train,10,23000,105600,128600,H505,37.272763,-95.548544,76.1,74.8,70.7