reportingrailroadcode,accidentnumber,date,time,accidenttype,hazmatreleasedcars,station,stateabbr,temperature,visibility_code,visibility,weathercondition,tracktype,equipmenttype,trainspeed,equipmentdamagecost,trackdamagecost,totaldamagecost,primaryaccidentcausecode,latitude,longitude,prior_temp,actual_temp,following_temp
NS,152052,2023-01-20,2:14 AM,Side collision,0,ELKHART,IN,38,4,Dark,Cloudy,Yard,Light loco(s),6,382,7829,286151,H307,41.677392,-85.978437,40.2,33.2,30.7
CSX,000166314,2017-01-22,1:55 AM,Derailment,0,PALMETTO,GA,55,4,Dark,Fog,Main,Freight Train,7,14000,827,14827,M599,33.50979,-84.670808,59.2,57.3,51.8
CRSH,117973,2015-10-28,6:00 AM,Derailment,0,STERLING HEIGHTS,MI,52,1,Dawn,Rain,Yard,,0,0,140,12824,H704,42.56695,-83.039447,50.5,55.4,44.2
NS,157139,2024-06-24,12:00 AM,Other impacts,0,MACON,GA,80,4,Dark,Clear,Yard,Cut of cars,6,37125,0,42678,M411,32.81373,-83.622794,87,83.4,84.3
NS,116393,2015-07-06,1:10 PM,Hwy-rail crossing,0,SYCAMORE,GA,80,2,Day,Clear,Main,Freight Train,45,3666,17969,21635,M303,31.671281,-83.636218,75.1,77.6,80.6
BNSF,KS0119106,2019-01-20,2:20 AM,Obstruction,0,WICHITA,KS,13,4,Dark,Clear,Main,Freight Train,37,350,15000,15350,M402,37.727144,-97.335682,20.5,25.1,36.6
UP,0918LV014,2018-09-21,9:26 PM,Other impacts,0,LOTTIE,LA,85,4,Dark,Clear,Yard,Cut of cars,0,170666,0,207137,M411,30.525485,-91.555759,80.3,80.3,77.8
WC,1150877,2024-05-31,10:32 AM,Hwy-rail crossing,0,JOLIET,IL,75,2,Day,Clear,Main,Freight Train,10,276,26000,26276,M308,41.491439,-88.022881,60,66.7,65
CSX,000160971,2016-06-28,11:31 AM,Hwy-rail crossing,0,NEWPORT,IN,80,2,Day,Clear,Main,Maint./inspect Car,5,10850,1000,11850,M399,39.913149,-87.426795,79,70.3,63.4
CSX,000180391,2018-12-18,2:29 AM,Obstruction,0,MONTICELLO,FL,40,4,Dark,Clear,Main,Freight Train,48,48360,97,48457,M404,30.477416,-84.022694,51.6,50.5,53.6
BLF,20231966,2023-04-12,7:37 PM,Hwy-rail crossing,0,HOLLYWOOD,FL,72,3,Dusk,Rain,Main,Passenger Train - Pulling,60,148859,0,216587,M308,26.003954,-80.148839,73.3,71.5,75.6
BNSF,RD0618117,2018-06-07,10:30 PM,Other impacts,0,ARKANSAS CITY,KS,75,4,Dark,Clear,Yard,Yard/switching,4,21400,0,21400,H020,37.053168,-97.039888,80.7,72.9,76.2
NS,152161,2023-02-01,12:14 PM,Other impacts,0,PORTAGE,IN,15,2,Day,Clear,Yard,Single Car,3,200,0,13337,H312,41.620515,-87.144907,9.7,14.9,24.5
CRSH,146883,2024-07-02,3:57 AM,Derailment,0,DETROIT,MI,60,4,Dark,Clear,Main,,0,0,41123,41123,E46C,42.336388,-83.09983,65.2,70.5,79.4
BNSF,CH0724116,2024-07-31,7:50 PM,Derailment,0,WILLOW SPRINGS,IL,80,3,Dusk,Clear,Yard,Freight Train,4,11340,5000,16340,H307,41.755615,-87.863243,80.9,81.2,79.6
FEC,X07020823,2023-02-08,8:06 PM,Hwy-rail crossing,0,DELRAY BEACH,FL,71,4,Dark,Clear,Main,,0,0,16628,50799,M308,26.425325,-80.076109,73.2,75.1,76.6
UP,0918LK020,2018-09-13,12:57 PM,Other impacts,0,NORTH LITTLE ROCK,AR,85,2,Day,Clear,Yard,Yard/switching,7,31421,0,37984,S016,34.772238,-92.22989,70.6,76.1,80.6
FEC,D51120518,2018-12-05,6:05 AM,Obstruction,0,LAKE WORTH,FL,70,1,Dawn,Clear,Main,,0,0,109,22806,M402,26.603803,-80.058525,75.8,62.7,61.7
UP,0121GC013,2021-01-15,2:33 AM,Other impacts,0,LIVONIA,LA,49,4,Dark,Clear,Yard,Yard/switching,6,17160,0,33007,S016,30.525814,-91.555393,51.3,48.4,42.5
BNSF,CH0724106,2024-07-10,10:02 AM,Derailment,0,SOMONAUK,IL,76,2,Day,Cloudy,Main,Freight Train,50,72380,1172656,1245036,E64C,41.63388,-88.686063,72.2,72.5,72.6
NS,140563,2021-02-10,4:15 PM,Derailment,0,ATLANTA,GA,69,3,Dusk,Clear,Yard,Yard/switching,5,182317,70720,312087,H309,33.793519,-84.444441,54.8,55.7,57.1
UP,0124PR026,2024-01-29,12:40 AM,Derailment,0,WEST CHICAGO,IL,33,4,Dark,Fog,Yard,Freight Train,7,18408,10004,28412,H704,41.883421,-88.222817,35.4,32.9,37.3
BNSF,KS0619104,2019-06-08,12:01 PM,Derailment,0,EMPORIA,KS,85,2,Day,Clear,Yard,Freight Train,5,21154,22000,43154,H503,38.40098,-96.203404,75.6,75.8,68.5
CSX,000165016,2016-12-08,5:40 AM,Side collision,0,NEW ORLEANS,LA,50,1,Dawn,Cloudy,Industry,Cut of cars,2,15694,0,36775,H020,30.005989,-90.019451,59.4,53.4,45.2
CSX,000149120,2015-07-13,4:37 PM,Hwy-rail crossing,0,ORANGE PARK,FL,92,2,Day,Clear,Main,,0,0,72972,73162,M308,30.135788,-81.75423,85.2,86,87.7
NS,143102,2021-10-09,2:15 AM,Derailment,0,GEORGETOWN,KY,72,4,Dark,Clear,Yard,Freight Train,9,24457,4764,29221,H303,38.30108,-84.53813,68,68.4,71
ATK,168531,2021-10-03,11:40 AM,Hwy-rail crossing,0,DOVER,FL,86,2,Day,Cloudy,Main,Passenger Train - Pulling,79,26513,0,26513,M308,27.997215,-82.207401,80.1,78.1,78.5
BLF,20190332,2019-08-25,11:25 AM,Hwy-rail crossing,0,DEERFIELD BEACH,FL,80,2,Day,Clear,Main,Passenger Train - Pulling,78,40457,0,41164,M308,26.161795,-80.065207,83.4,84.7,83.5
GSWY,GIW715915R,2015-03-24,7:10 PM,Derailment,0,SAVANNAH,GA,61,3,Dusk,Cloudy,Industry,Yard/switching,5,7468,11417,18885,M599,32.080424,-81.028205,57.5,59.6,64.9
UP,1118KC024,2018-11-24,7:15 PM,Derailment,0,WICHITA,KS,48,3,Dusk,Clear,Yard,Yard/switching,7,142401,990,143391,H602,37.734792,-97.320825,53.5,51.2,33.6
CSX,000209585,2023-01-31,11:40 PM,Derailment,0,AUGUSTA,GA,55,4,Dark,Fog,Main,Freight Train,8,24334,41237,65571,M501,33.471339,-81.972412,52.6,59.4,63.3
BLF,20200079,2020-02-24,8:38 AM,Other impacts,0,DEERFIELD BEACH,FL,79,2,Day,Clear,Main,Passenger Train - Pulling,79,11421,0,11421,M402,26.347872,-80.088537,70.7,73.8,77.1
WC,835361,2014-12-15,2:40 PM,Other impacts,0,GARY,IN,66,2,Day,Clear,Yard,Cut of cars,6,28745,75,32638,M599,41.619541,-87.371762,46.7,44,40.4
TRRA,24003,2024-02-21,12:57 PM,Derailment,0,VENICE,IL,69,2,Day,Clear,Yard,Yard/switching,3,10178,39551,49729,M405,38.663611,-90.160277,47.1,56.7,56.9
BNSF,RD0123109,2023-01-14,12:57 AM,Derailment,0,LAFAYETTE,LA,69,4,Dark,Clear,Yard,Yard/switching,9,40592,17700,58292,H525,30.234774,-92.034919,48.5,45.4,52.7
NS,114859,2015-03-16,6:15 PM,Derailment,0,TILTON,IL,70,3,Dusk,Clear,Yard,Freight Train,6,10800,9587,20387,H312,40.088231,-87.663922,47.8,58.8,41.6
NS,144097,2022-01-21,12:50 AM,Raking collision,0,GEORGETOWN,KY,30,4,Dark,Clear,Yard,Single Car,2,300,0,98644,H018,38.20419,-84.548425,24.5,20.7,18.2
CSX,000140971,2015-02-04,7:05 PM,Hwy-rail crossing,0,OCALA,FL,58,3,Dusk,Cloudy,Main,Freight Train,35,854,56897,57751,M399,29.134962,-82.103379,47.1,56.1,57.7
CSX,000149970,2015-07-30,10:15 AM,Hwy-rail crossing,0,INTERLACHEN,FL,90,2,Day,Clear,Main,Freight Train,8,8750,3166,11916,M302,29.595539,-82.008985,81.1,79.5,80.1
UP,0224MA027,2024-02-21,3:40 PM,Derailment,0,EAST ST LOUIS,IL,72,2,Day,Clear,Main,,0,0,58,156053,H503,38.596596,-90.155987,46.7,56.2,56.6
NICD,N1600009,2016-05-25,9:00 AM,Derailment,0,MICHIGAN CITY,IN,72,2,Day,Clear,Yard,Yard/switching,2,47709,2500,50209,H305,41.713025,-86.862248,73.3,75.6,74.5
CSX,000169411,2017-06-05,9:45 AM,Derailment,0,THOMASVILLE,GA,80,2,Day,Cloudy,Yard,Freight Train,9,7719,0,10728,M405,30.834434,-83.97587,77.5,77.3,74.4
ATK,146647,2017-03-10,9:10 PM,Obstruction,0,LANCASTER,PA,20,4,Dark,Clear,Main,Passenger Train - Pulling,107,27927,0,27927,M404,40.045596,-76.262335,55.6,35.6,24.5
CSX,000212220,2023-07-10,3:50 PM,Hwy-rail crossing,0,ALCOLU,SC,72,2,Day,Rain,Main,Freight Train,38,12083,9494,21577,M302,33.784657,-80.241399,78.9,72.8,77.2
NS,139366,2020-10-05,12:25 PM,Hwy-rail crossing,0,MORRISTOWN,TN,70,2,Day,Clear,Main,Freight Train,35,28,119120,119148,M302,36.201675,-83.328607,56.5,58,59.3
BJRY,101220201,2020-10-12,11:31 AM,Derailment,0,QUINCY,IL,59,2,Day,Clear,Yard,Yard/switching,8,140000,61750,201750,T220,39.897679,-91.407813,69.4,63.7,59.1
UP,0618PR023,2018-06-19,11:35 AM,Other impacts,0,ROCHELLE,IL,80,2,Day,Cloudy,Yard,Yard/switching,7,63524,132,63656,H601,41.915265,-89.087066,80.6,71.7,69.6
UP,0816HO040,2016-08-21,5:55 AM,Hwy-rail crossing,0,TEXAS CITY,TX,90,4,Dark,Cloudy,Main,Freight Train,0,1487,93769,95256,M308,29.337287,-94.931062,85.2,82.3,83.7
NS,129368,2018-05-05,2:27 PM,Side collision,0,CONWAY,PA,72,2,Day,Cloudy,Yard,Yard/switching,2,300,0,15028,H399,40.672356,-80.251823,69,60.6,57.9
NS,157269,2024-07-05,2:20 PM,Derailment,0,BETHLEHEM,PA,86,2,Day,Clear,Main,Freight Train,8,25900,109500,135400,H525,40.614214,-75.381666,76.6,80.3,84.6
NS,142591,2021-08-18,11:25 PM,Derailment,0,CHATTANOOGA,TN,72,4,Dark,Rain,Industry,Freight Train,3,3537,53500,57037,H306,35.020585,-85.300371,73.7,77.6,75.6
NS,121366,2016-07-23,9:00 AM,Derailment,0,CONWAY,PA,86,2,Day,Cloudy,Yard,Yard/switching,4,135948,2679,138627,H702,40.672356,-80.251823,77.7,79.1,76
UP,0716FW033,2016-07-27,2:00 PM,Other (describe in narrative),0,MURCHISON,TX,99,2,Day,Clear,Main,Freight Train,35,91984,0,91984,E34C,32.305096,-95.636716,80.8,81.5,80.7
UP,0817HO029,2017-08-17,3:38 AM,Other impacts,0,HOUSTON,TX,85,4,Dark,Cloudy,Yard,Single Car,0,1087,0,68980,S007,29.795491,-95.295205,87.5,88.5,87.7
NS,133594,2019-04-16,9:00 PM,Derailment,0,WYOMISSING,PA,51,4,Dark,Clear,Main,Freight Train,21,149810,395682,545492,E47C,40.331468,-75.970424,55.3,52.2,54.6
CSX,000210017,2023-02-23,9:20 AM,Hwy-rail crossing,0,HAVERSTRAW,NY,37,2,Day,Cloudy,Main,Freight Train,33,12128,8865,20993,M302,41.194906,-73.969189,35.9,37.5,37
CSX,000163261,2016-10-01,3:34 AM,Hwy-rail crossing,0,PORTLAND,TN,65,4,Dark,Clear,Main,Freight Train,45,71412,0,71412,M301,36.516392,-86.472673,57.7,63.9,66.9
CSX,000193560,2020-10-30,12:13 PM,Derailment,0,TERRE HAUTE,IN,55,2,Day,Clear,Siding,Freight Train,4,130927,57,133484,E4BC,39.410787,-87.381777,49.3,42.2,44.6
UP,0916HO042,2016-09-28,4:48 PM,Other impacts,0,ANGLETON,TX,84,2,Day,Clear,Yard,Freight Train,8,5114,114,20958,H307,29.154457,-95.437835,78.2,78.1,76.8
BNSF,HL0318109,2018-03-12,1:00 PM,Side collision,0,MEMPHIS,TN,43,2,Day,Clear,Yard,Yard/switching,0,10500,0,11000,H018,35.09926,-89.99379,50.7,43.2,43.3
CSX,000210462,2023-03-26,11:45 AM,Other impacts,0,GETTYSBURG,PA,60,2,Day,Clear,Siding,Freight Train,5,21771,0,40126,H306,39.852241,-77.286648,46.4,51.9,49.5
CSX,000185377,2019-09-17,10:38 AM,Side collision,0,NASHVILLE,TN,93,2,Day,Cloudy,Yard,Yard/switching,7,23006,0,27437,H306,36.112142,-86.770737,83.9,83.4,80.6
NS,151218,2022-10-20,4:38 AM,Other impacts,0,CHATTANOOGA,TN,29,1,Dawn,Clear,Yard,Single Car,3,150,0,12251,M411,35.007198,-85.375514,45.9,45.5,50.9
CSX,000186662,2019-11-19,9:00 PM,Derailment,0,KINGSPORT,TN,41,4,Dark,Rain,Yard,Yard/switching,1,14000,50,14050,H306,36.54275,-82.559676,44.6,42.6,43.9
UP,0318PD027,2018-03-18,3:55 PM,Derailment,0,PORTLAND,OR,51,2,Day,Clear,Main,Freight Train,6,50666,1192,51858,H518,45.524449,-122.664785,45.5,46.9,45.1
BNSF,SF1214117,2014-12-17,10:09 PM,Other (describe in narrative),0,MEMPHIS,TN,33,4,Dark,Rain,Yard,Yard/switching,19,38600,500,39100,M411,35.016892,-89.886329,45.2,37.2,41.5
CSX,000170337,2017-07-19,12:27 AM,Derailment,0,CONFLUENCE,PA,68,4,Dark,Clear,Main,Freight Train,18,141223,11774,152997,H503,39.809452,-79.317079,75.3,76.4,76.5
ARR,2023086,2023-06-04,11:54 AM,RR grade crossing,0,SEWARD,AK,62,2,Day,Clear,Main,Passenger Train - Pushing,3,0,0,0,M304,60.1242,-149.4304,46.7,49.7,48.6
UP,0221PN020,2021-02-16,8:05 AM,Hwy-rail crossing,0,SALEM,OR,40,2,Day,Cloudy,Main,Freight Train,35,12395,150,12545,M303,44.937403,-123.0269,47.8,43.9,41.7
UP,0921GP017,2021-09-20,4:30 AM,Other impacts,0,NORTH PLATTE,NE,60,1,Dawn,Cloudy,Yard,Yard/switching,3,100,0,12959,E09C,41.152641,-100.824932,77,63.7,56.7
UP,0516FW016,2016-05-16,9:00 AM,Other (describe in narrative),0,FORT WORTH,TX,71,2,Day,Cloudy,Yard,Single Car,0,2787,0,14111,M411,32.717104,-97.388545,66.6,71.3,70.6
CRSH,146887,2024-07-12,1:30 AM,Derailment,0,PHILADELPHIA,PA,80,4,Dark,Clear,Main,,0,0,17955,28707,H702,39.904638,-75.139701,81.6,76.6,81.6
SEPA,38242,2020-01-02,9:58 AM,Hwy-rail crossing,0,WYNCOTE,PA,35,2,Day,Clear,Main,EMU,40,12754,0,12754,M308,40.095707,-75.139272,36.5,37,46.3
NS,154034,2023-08-25,12:40 AM,Side collision,0,ELKHART,IN,72,4,Dark,Clear,Yard,Yard/switching,13,48,0,56535,H306,41.677392,-85.978437,84.1,75.1,73.2
NS,141294,2021-04-20,9:45 AM,Derailment,0,CONWAY,PA,64,2,Day,Clear,Yard,Light loco(s),5,27742,50,27792,S011,40.672361,-80.251826,52.9,51.4,35.1
CSX,000152197,2015-09-17,1:58 PM,Other impacts,0,AVON,IN,80,2,Day,Clear,Yard,Single Car,5,9633,0,25642,S016,39.759222,-86.353899,68.6,69.9,72.3
CSX,000176207,2018-05-04,12:50 AM,Other impacts,0,MCKEESPORT,PA,66,4,Dark,Cloudy,Yard,Single Car,4,9200,0,31140,H318,40.352517,-79.860431,74.4,68.9,60.3
NS,114129,2015-02-02,1:44 AM,Derailment,0,WEST FAIRVIEW,PA,30,4,Dark,Sleet,Yard,Yard/switching,1,76953,960,82713,H306,40.279833,-76.922471,27,29.9,20.1
CSX,000205346,2022-06-04,7:00 PM,Other impacts,0,HAMPTON,SC,75,3,Dusk,Clear,Main,Cut of cars,0,128340,0,128590,H302,32.869393,-81.107719,79.9,74.1,75.2
NS,114249,2015-02-06,8:35 PM,Derailment,0,MILL CREEK,PA,15,4,Dark,Clear,Main,Freight Train,58,2000,55504,57504,E61C,40.418495,-77.931216,18.2,16.9,34.1
CSX,000209011,2022-12-29,9:54 PM,Side collision,0,NASHVILLE,TN,60,4,Dark,Clear,Yard,Yard/switching,0,5923,0,19231,H307,36.112136,-86.770713,42.7,55.7,60.8
UP,0217FW011,2017-02-07,1:50 PM,Other impacts,0,FORT WORTH,TX,79,2,Day,Clear,Yard,Single Car,2,8881,0,47069,S015,32.728093,-97.366263,72.1,69.8,59.4
NS,141385,2021-04-29,4:30 AM,Side collision,0,ALLENTOWN,PA,63,1,Dawn,Rain,Yard,Yard/switching,0,12700,0,13450,H399,40.611934,-75.426704,69.6,69,58.8
CSX,000203485,2022-03-07,8:05 AM,Other impacts,0,FLORENCE,SC,65,2,Day,Clear,Yard,Freight Train,0,30000,0,36468,M599,34.19827,-79.762485,70.3,73,66.2
UP,0616HO040,2016-06-24,2:00 PM,Other impacts,0,HOUSTON,TX,92,2,Day,Cloudy,Yard,Cut of cars,0,10736,132,11527,M204,29.807805,-95.292335,84.5,84.1,84.3
ATK,164102,2020-04-13,6:39 AM,Obstruction,0,GREENVILLE,SC,62,1,Dawn,Rain,Main,Passenger Train - Pulling,29,16542,0,16542,M404,34.8627,-82.4139,57,70.7,63.2
UP,0516WH009,2016-05-24,10:05 AM,Obstruction,0,MULDROW,OK,68,2,Day,Cloudy,Main,Spec. MoW Equip.,1,0,0,45250,H995,35.417728,-94.668762,68.8,75,75.3
NIRC,9419000636,2022-01-21,6:35 AM,Hwy-rail crossing,0,CHICAGO,IL,6,4,Dark,Cloudy,Main,Commuter Train - Pushing,70,30000,0,30000,M308,41.68935,-87.66218,13.7,18.3,25.2
UP,0816FW028,2016-08-29,4:30 AM,Other impacts,0,FORT WORTH,TX,74,4,Dark,Clear,Yard,Single Car,9,37516,0,40119,M407,32.723973,-97.37663,83.3,80.4,82.6
NS,134447,2019-06-22,11:25 AM,Derailment,0,CONWAY,PA,74,2,Day,Clear,Yard,Yard/switching,5,7150,8936,16086,E89C,40.672356,-80.251823,66.4,64.6,67.9
UP,0619GP020,2019-06-17,3:30 AM,Derailment,0,NORTH PLATTE,NE,59,4,Dark,Cloudy,Yard,Single Car,0,6071,10758,16829,S007,41.147222,-100.833807,63.6,65.1,63.1
NS,129971,2018-06-26,7:50 AM,Derailment,0,CHATTANOOGA,TN,72,1,Dawn,Clear,Yard,Yard/switching,7,40910,42833,83743,S011,36.135151,-84.649386,74.8,76.8,77.1
CSX,000143287,2015-03-19,4:35 AM,Other impacts,0,SELKIRK,NY,11,1,Dawn,Clear,Yard,Yard/switching,7,118407,6884,162445,H702,42.564654,-73.85257,25,24.8,26
CSX,000197078,2021-04-15,8:10 PM,Hwy-rail crossing,0,GREENVILLE,SC,48,4,Dark,Cloudy,Main,Freight Train,25,13430,97,13527,M302,34.908975,-82.340614,70.1,64.5,57.6
CSX,000164300,2016-11-10,7:24 AM,Derailment,0,HANOVER,PA,50,2,Day,Clear,Industry,Freight Train,5,48469,275,48744,M506,39.8135,-77.000621,51.6,47.8,51.9
ATK,169314,2021-12-27,12:44 PM,Hwy-rail crossing,0,HAVERHILL,MA,32,2,Day,Clear,Main,Passenger Train - Pulling,57,15000,0,18185,M308,42.803929,-71.110339,33.5,30.7,36.5
NS,114221,2015-02-05,11:15 AM,Derailment,0,MONACA,PA,15,2,Day,Clear,Main,Yard/switching,5,4800,148127,152927,H309,40.692371,-80.262047,32.1,13.4,17.3
NS,137274,2020-02-24,1:35 AM,Derailment,0,GALLITZIN,PA,20,4,Dark,Cloudy,Main,Light loco(s),8,33,6032,32498,E05C,40.477076,-78.549385,39.6,44,43.6
UP,1015SA010,2015-10-15,9:22 AM,Hwy-rail crossing,0,PEARSALL,TX,80,2,Day,Clear,Main,Freight Train,55,6605,120000,126605,M302,28.84164,-99.11145,78.8,78.2,76.4
UP,0619PN013,2019-06-14,10:20 AM,Other impacts,0,EUGENE,OR,62,2,Day,Clear,Yard,Cut of cars,0,1046,0,39484,H601,44.07083,-123.130493,72.4,64.1,65.5
BNSF,HL0424105,2024-04-06,11:09 PM,Derailment,0,SPRINGFIELD,MO,48,4,Dark,Clear,Yard,Cut of cars,1,1092,4211,12601,H018,37.227802,-93.327382,50.6,57.2,61.4
ATK,160975,2019-09-08,5:25 PM,Obstruction,0,WASHINGTON,MO,79,2,Day,Cloudy,Main,Passenger Train - Pulling,33,52963,0,53563,M404,38.549061,-90.9851,70.7,71.1,79.9
CSX,000196634,2021-03-28,8:16 PM,Other impacts,0,FLORENCE,SC,60,4,Dark,Clear,Yard,Cut of cars,8,31960,0,31960,M599,34.198275,-79.762502,73.9,72.5,59.1
ATK,166256,2021-01-19,7:42 PM,Hwy-rail crossing,0,MARION,OR,39,4,Dark,Clear,Main,Passenger Train - Pushing,70,25000,0,25150,M399,44.748414,-122.941726,41.1,40.7,37.4
CSX,000181142,2019-02-03,6:18 AM,Side collision,0,BUFFALO,NY,42,1,Dawn,Cloudy,Yard,Yard/switching,7,46310,0,111091,H305,42.901973,-78.773441,23.2,42.3,50.9
CSX,000170035,2017-07-05,3:00 AM,Other impacts,0,NORTH CHARLESTON,SC,80,4,Dark,Clear,Yard,Cut of cars,5,19347,8580,42927,H020,32.85697,-80.022954,84,86.3,84.8
IC,1070705,2021-05-16,4:26 PM,Fire/violent rupture,0,TIPTON,TN,60,2,Day,Clear,Main,Freight Train,35,277350,0,277350,E72L,35.509242,-89.710208,65.5,71.3,69.8
BNSF,KS0915104,2015-09-08,1:59 PM,Derailment,0,AMARILLO,TX,98,2,Day,Clear,Yard,Yard/switching,10,61991,3500,65491,H318,35.194261,-101.830891,80.6,76.8,72.3
GLC,062724,2024-06-27,8:45 AM,Derailment,0,DURAND,MI,70,2,Day,Cloudy,Yard,Freight Train,10,3000,500,3500,T212,42.9196,-84.002709,73.3,64.3,63.7
NS,129313,2018-04-30,1:20 PM,Other (describe in narrative),0,LANCING,TN,72,2,Day,Clear,Main,Spec. MoW Equip.,15,25000,22500,47500,H997,36.122275,-84.652413,53.1,56.3,63.2
NS,138782,2020-08-07,4:20 AM,Other impacts,0,CHATTANOOGA,TN,72,1,Dawn,Clear,Yard,Single Car,2,23969,500,46922,M411,35.049475,-85.278327,78.9,79.4,82.2
KCS,17092702,2017-09-27,11:20 AM,Derailment,0,CONVERSE,LA,90,2,Day,Clear,Main,Spec. MoW Equip.,2,25000,0,25000,M299,31.761355,-93.696665,77.1,79,79.8
UP,0518PD016,2018-05-08,6:42 AM,Other (describe in narrative),0,STANFIELD,OR,50,4,Dark,Clear,Yard,Single Car,0,63514,33,63547,M407,45.796308,-119.268298,68.4,67.3,63.1
BNSF,HL1021106,2021-10-12,7:22 AM,Derailment,0,MEMPHIS,TN,75,1,Dawn,Clear,Yard,Yard/switching,6,13007,7000,20007,E32C,35.029243,-89.898904,73.7,70.2,78
UP,0923PN003,2023-09-04,5:54 PM,Derailment,0,PORTLAND,OR,66,2,Day,Clear,Yard,Freight Train,5,12761,8103,20864,H503,45.605886,-122.751889,67.6,63,62.4
UP,1120ES017,2020-11-06,1:55 PM,Hwy-rail crossing,0,ABBYVILLE,KS,73,2,Day,Clear,Main,Spec. MoW Equip.,20,2310,60784,63094,M302,37.955836,-98.100585,55.5,57.3,63.4
AWRR,160629001,2016-06-29,3:15 AM,Derailment,0,MANOR,TX,75,4,Dark,Clear,Main,Freight Train,6,112500,2500,115000,T222,30.326667,-97.594722,80.8,81.5,83.8
NS,136044,2019-11-01,2:00 PM,Derailment,0,CONNEAUT LAKE,PA,37,2,Day,Clear,Industry,Freight Train,5,600,14258,14858,T221,41.563035,-80.33043,56.6,33.2,36
BNSF,RD1017104,2017-10-03,4:00 AM,Derailment,0,DAYTON,TX,80,1,Dawn,Cloudy,Yard,Freight Train,3,108882,11000,119882,H702,29.99425,-94.907496,78,78.8,78.8
CSX,000159414,2016-04-30,8:20 PM,Side collision,0,SELKIRK,NY,55,4,Dark,Clear,Yard,Yard/switching,8,55266,0,69232,H306,42.565903,-73.854184,48.7,54,47.1
CSX,000188437,2020-02-13,6:54 AM,Derailment,2,ELKHORN CITY,KY,57,1,Dawn,Rain,Main,Freight Train,24,2232901,58530,2291431,M103,37.338256,-82.396022,43.2,45.1,26.6
BNSF,HL0719101,2019-07-01,11:45 AM,Derailment,0,MEMPHIS,TN,65,2,Day,Clear,Yard,Yard/switching,9,16120,0,16120,H511,35.017185,-89.882529,80.4,81.1,81.5
DAIR,022015,2015-09-30,9:48 AM,Hwy-rail crossing,0,ELK POINT,SD,69,2,Day,Clear,Main,Freight Train,36,59000,0,59000,M302,42.649463,-96.625499,61.6,56.6,54.8
BNSF,RD1019106,2019-10-07,6:19 AM,Side collision,0,TULSA,OK,52,1,Dawn,Clear,Yard,Light loco(s),0,8200,0,18900,H607,36.131182,-96.010185,60.3,59.5,60.3
BNSF,HL0221102,2021-02-04,6:45 AM,Side collision,0,MEMPHIS,TN,36,1,Dawn,Clear,Yard,Yard/switching,4,48781,0,48781,M408,35.026983,-89.893919,37.9,47.7,39.9
UP,0216HO029,2016-02-24,5:52 PM,Raking collision,0,GALENA PARK,TX,65,2,Day,Clear,Industry,Yard/switching,5,8494,66,15132,H318,29.732035,-95.25649,61.8,54.1,58.2
NS,121375,2016-07-24,7:40 AM,Derailment,0,CHATTANOOGA,TN,75,1,Dawn,Clear,Yard,Yard/switching,2,7500,4850,12350,E51C,35.060735,-85.2668,83.1,82.3,82.5
NS,144037,2022-01-16,8:50 AM,Other impacts,0,LINWOOD,NC,34,2,Day,Snow,Yard,Yard/switching,5,25018,25288,50306,H312,35.74086,-80.330498,35.6,28,33.5
BNSF,GC0416105,2016-04-10,8:15 AM,Derailment,0,TEMPLE,TX,71,2,Day,Cloudy,Yard,Yard/switching,7,3999,275000,278999,H601,31.108612,-97.348619,63.1,69.1,76.9
CSX,000185377,2019-09-17,10:38 AM,Side collision,0,NASHVILLE,TN,93,2,Day,Cloudy,Yard,Freight Train,6,953,3478,27437,H306,36.112142,-86.770737,83.9,83.4,80.6
TIBR,M541115,2015-11-24,12:06 AM,Raking collision,0,SILSBEE,TX,42,4,Dark,Clear,Yard,Yard/switching,5,25000,0,25000,H018,30.210578,-94.110247,46.4,55.7,63.8
CSX,000171891,2017-09-27,12:29 PM,Derailment,0,MCKEESPORT,PA,92,2,Day,Clear,Main,Freight Train,20,203402,76995,280397,E46C,40.350892,-79.870364,77.1,76.4,63.9
UP,0718PD034,2018-07-18,12:00 PM,Other impacts,0,HERMISTON,OR,70,2,Day,Clear,Yard,Single Car,0,11769,0,11769,M411,45.798089,-119.320876,89.5,85,80.5
CSX,000175366,2018-03-22,4:10 AM,Obstruction,0,CHESTER,SC,40,1,Dawn,Clear,Main,Maint./inspect Car,0,2500,0,18200,H997,34.733961,-81.147241,42.3,42.3,45.8
CSX,000179097,2018-10-02,9:50 AM,Rear end collision,0,CORNERSVILLE,TN,65,2,Day,Clear,Main,Freight Train,0,49283,64,51505,H994,35.331665,-86.844092,73.1,73.5,75.1
NJTR,201510583,2015-10-21,1:15 AM,Derailment,0,MORRISVILLE,PA,48,4,Dark,Clear,Yard,Yard/switching,4,12000,682,12682,H702,40.194632,-74.791204,55.2,60.1,60.9
NS,130176,2018-07-12,4:30 PM,Derailment,0,FAYETTE CITY,PA,80,3,Dusk,Clear,Main,Freight Train,4,49524,46408,96432,M507,40.036667,-79.874176,72.4,71.1,74.5