reportingrailroadcode,accidentnumber,date,time,accidenttype,hazmatreleasedcars,station,stateabbr,temperature,visibility_code,visibility,weathercondition,tracktype,equipmenttype,trainspeed,equipmentdamagecost,trackdamagecost,totaldamagecost,primaryaccidentcausecode,latitude,longitude,prior_temp,actual_temp,following_temp
CSX,000195035,2021-01-17,4:19 AM,Other impacts,0,FLORENCE,SC,28,1,Dawn,Clear,Yard,Freight Train,5,8328,0,81971,H601,34.197231,-79.763242,42,39.2,43.7
BNSF,RD1117117,2017-11-17,10:10 AM,Derailment,0,EAGLE PASS,TX,70,2,Day,Clear,Yard,Freight Train,10,1500,0,11148,H607,28.779359,-100.47076,66.4,69.6,69.4
CSX,000152141,2015-09-17,10:50 AM,Head on collision,0,SPRINGFIELD,TN,74,2,Day,Clear,Main,Spec. MoW Equip.,10,25159,0,25159,H099,36.479242,-86.855656,70,70.5,72.1
CSX,000190186,2020-05-13,7:30 AM,Other impacts,0,NASHVILLE,TN,55,2,Day,Rain,Yard,Cut of cars,9,17558,96,17654,M408,36.112142,-86.770737,54.6,59.2,71.2
NS,134886,2019-07-26,4:09 PM,Derailment,0,TUNNELHILL,PA,80,3,Dusk,Clear,Main,Freight Train,10,187267,167657,354924,H506,40.496942,-78.486026,66,68.8,71.5
BNSF,HL1120108,2020-11-13,2:29 AM,Side collision,0,MEMPHIS,TN,68,4,Dark,Clear,Yard,Cut of cars,3,8866,1000,14654,H021,35.02665,-89.892558,53,55.8,63.6
NS,133283,2019-03-20,4:34 AM,Derailment,0,DUNEAN,SC,36,1,Dawn,Clear,Siding,Light loco(s),1,12279,0,12279,H607,34.788584,-82.425873,45.9,49.2,51.8
NS,151966,2023-01-10,1:00 AM,Derailment,0,EUREKA,SC,39,4,Dark,Clear,Industry,Freight Train,7,65927,13603,79530,H702,33.662169,-81.806011,50.4,47,51.9
CSX,000200999,2021-10-30,2:35 AM,Hwy-rail crossing,0,CHARLESTON,SC,54,4,Dark,Clear,Main,,0,0,8680,48581,M308,32.899892,-80.011778,66.3,58,61
SEPA,32772,2019-04-08,9:23 AM,Hwy-rail crossing,0,YEADON,PA,70,2,Day,Clear,Main,EMU,40,19439,0,19439,M308,39.938257,-75.265218,59.2,67.2,64.7
UP,0416HO042,2016-04-23,3:00 PM,Derailment,0,DAYTON,TX,80,2,Day,Clear,Main,,0,0,151692,157727,H607,29.993233,-94.90747,70.7,68.8,66.7
CSX,000150388,2015-08-10,3:00 PM,Raking collision,0,NASHVILLE,TN,87,2,Day,Clear,Yard,Cut of cars,7,12500,0,61048,E06C,36.09217,-86.760617,81,81.4,82
CSX,000180793,2019-01-16,1:10 PM,Side collision,0,ASHTABULA,OH,30,2,Day,Cloudy,Yard,Freight Train,0,31213,0,31755,H306,41.858629,-80.830795,23.3,26.8,22.8
ATK,168158,2021-08-23,1:00 PM,Derailment,0,PHILADELPHIA,PA,95,2,Day,Clear,Yard,Yard/switching,8,17185,23696,40881,H605,39.962307,-75.183576,76,78.9,82.3
NS,137274,2020-02-24,1:35 AM,Derailment,0,GALLITZIN,PA,20,4,Dark,Cloudy,Main,Freight Train,8,26433,0,32498,E05C,40.477076,-78.549385,39.6,44,43.6
NJTR,202210396,2022-09-26,4:20 PM,Fire/violent rupture,0,TETERBORO,NJ,56,2,Day,Cloudy,Main,Commuter Train - Pulling,43,17587,0,17587,E74L,40.863947,-74.063394,59.6,63.8,61.6
SVRR,SVRR092718,2018-09-27,8:51 AM,Other (describe in narrative),0,NORTHUMBERLAND,PA,57,2,Day,Clear,Main,Freight Train,14,0,0,19322,H221,40.876592,-76.786392,70.4,58.6,58.8
AVR,AVR152211,2015-11-22,4:30 AM,Derailment,0,PITTSBURGH,PA,34,4,Dark,Clear,Siding,,0,0,19150,44150,H099,40.319138,-79.97937,44.4,34.4,30.5
WE,230032L,2023-05-01,1:45 AM,Head on collision,0,BRUCETON,PA,41,4,Dark,Cloudy,Main,Light loco(s),11,34209,0,34209,H211,40.318125,-79.979773,53.5,42.9,40.2
NS,123037,2016-12-06,5:45 PM,Derailment,0,NORTH CHARLESTON,SC,64,3,Dusk,Cloudy,Yard,Yard/switching,6,1367,31449,32816,H702,32.867713,-79.999538,59,61.4,54.4
CSX,000155474,2015-12-24,1:37 AM,Derailment,0,COLUMBUS,OH,50,4,Dark,Rain,Yard,Yard/switching,6,16415,1100,17515,H704,39.972334,-83.021122,57.3,51.5,48.4
BNSF,RD0916208,2016-09-30,2:01 PM,Hwy-rail crossing,0,SANGER,TX,85,2,Day,Clear,Main,Freight Train,40,6000,10000,16000,M302,33.362136,-97.169237,65,63.7,67.9
URR,8125,2018-11-07,5:28 PM,Derailment,0,BRADDOCK,PA,43,3,Dusk,Clear,Main,Freight Train,11,4947,22950,27897,E07C,40.392349,-79.837645,54.8,46.1,38.3
UP,1122PN029,2022-11-27,11:00 PM,Derailment,0,PORTLAND,OR,42,4,Dark,Cloudy,Yard,Yard/switching,10,229943,228015,457958,H307,45.551441,-122.690782,44.7,45,40.6
UP,1023PN019,2023-10-14,12:30 AM,Derailment,0,EUGENE,OR,54,4,Dark,Rain,Yard,Yard/switching,4,1571,2250,22139,H607,44.067623,-123.126229,53.3,56.2,59.9
CSS,CSS1116191,2019-11-16,6:38 PM,Head on collision,0,MICHIGAN CITY,IN,35,4,Dark,Clear,Yard,Freight Train,8,128000,0,178000,H017,41.714634,-86.87123,28.1,30.7,31.1
CSX,000199202,2021-07-30,3:31 AM,Other impacts,0,CHATTANOOGA,TN,79,4,Dark,Clear,Yard,Cut of cars,4,31395,116,31511,H601,35.012658,-85.371483,82.5,84.8,84.4
BNSF,GC1015111,2015-10-26,11:00 AM,Derailment,0,SWEETWATER,TX,70,2,Day,Clear,Yard,Yard/switching,6,25000,250,25250,H607,32.503312,-100.398649,55.8,55.9,64.1
NS,142485,2021-08-10,12:35 AM,Other (describe in narrative),0,COLUMBIA,SC,81,4,Dark,Clear,Yard,Yard/switching,4,380,75127,75507,H702,33.985296,-81.039106,81.3,81.6,79.9
NS,124377,2017-03-18,12:30 AM,Other impacts,0,ALLENTOWN,PA,35,4,Dark,Cloudy,Yard,Yard/switching,6,1100,4275,12625,H305,40.61193,-75.426706,34.4,33.2,39.1
BNSF,RD0317113,2017-03-15,1:45 PM,Other (describe in narrative),0,DECATUR,TX,69,2,Day,Clear,Main,Light loco(s),7,0,11000,11000,H702,33.220402,-97.571376,47.1,50.1,61
NS,125114,2017-05-19,5:10 AM,Derailment,0,CHATTANOOGA,TN,71,1,Dawn,Clear,Yard,Yard/switching,4,45774,500,46274,H312,35.090918,-85.238234,80.1,78.4,78
UP,0515SA006,2015-05-12,11:00 PM,Hwy-rail crossing,0,TAYLOR,TX,67,4,Dark,Cloudy,Main,Freight Train,40,5622,21768,27390,M302,30.557654,-97.452309,71.4,66,66.5
BNSF,TX0716101,2016-07-02,11:15 AM,Derailment,0,DALLAS,TX,88,2,Day,Clear,Main,Freight Train,6,319014,391755,710769,E61C,32.750539,-96.777303,86.7,87.6,87.9
ATK,157513,2019-02-06,6:30 PM,Obstruction,0,PHILADELPHIA,PA,45,4,Dark,Rain,Yard,Light loco(s),3,13630,3331,16961,H999,39.958922,-75.186414,48.8,43.5,43.4
CSX,000215383,2024-01-05,12:00 AM,Other impacts,0,NEW CASTLE,PA,32,4,Dark,Cloudy,Yard,Cut of cars,5,500,0,42626,H318,40.969832,-80.372767,28.7,25.6,29.2
BNSF,TC0916121,2016-09-04,3:13 AM,Derailment,0,ST PAUL,MN,60,4,Dark,Clear,Main,,0,0,10000,39390,E46C,44.945469,-93.059892,64.9,68.3,71.9
UP,0322PN017,2022-03-21,11:29 PM,Derailment,0,STANFIELD,OR,50,4,Dark,Cloudy,Yard,Yard/switching,7,2044,15422,17466,H704,45.794817,-119.254629,45.5,47.9,55.4
NS,134848,2019-07-25,1:15 AM,Other (describe in narrative),0,CONWAY,PA,57,4,Dark,Clear,Yard,Yard/switching,5,3050,19419,22469,H702,40.672356,-80.251823,65.8,68.7,71.7
UP,0921PN011,2021-09-12,9:27 PM,Obstruction,0,SALEM,OR,71,4,Dark,Cloudy,Main,,0,0,150,94211,M402,44.90692,-123.015949,65.7,65.7,63.4
FRR,240601,2024-06-06,12:04 PM,Hwy-rail crossing,0,FANCHER,NY,73,2,Day,Cloudy,Main,Freight Train,25,7732,37162,44894,M303,43.244593,-78.090959,74.7,69.4,61.5
ARR,2015054,2015-03-12,12:55 PM,Other (describe in narrative),0,ANCHORAGE,AK,5,2,Day,Clear,Main,Work train,59,31802,0,31802,M599,61.168085,-149.445394,10.9,8.5,7.9
UP,0519PN003,2019-05-02,8:53 PM,Fire/violent rupture,0,BAKER,OR,61,4,Dark,Clear,Main,Freight Train,29,39871,0,39871,E73L,44.690688,-117.681888,43.5,46.9,51.7
CSX,000211166,2023-05-02,11:04 AM,Other impacts,0,NASHVILLE,TN,65,2,Day,Clear,Yard,Single Car,5,638,0,23423,S016,36.112157,-86.770728,56.7,56.9,57.9
IC,894841,2016-07-16,10:10 AM,Other impacts,0,HATTIESBURG,MS,98,2,Day,Cloudy,Yard,Yard/switching,5,54508,495,55003,H310,31.310078,-89.281675,75.3,80.2,78.8
BNSF,HL1018116,2018-10-24,7:50 AM,Derailment,0,MEMPHIS,TN,56,1,Dawn,Clear,Yard,Freight Train,5,25000,250,25250,H704,35.039576,-89.914311,56.3,57.2,54.7
SEPA,0717222164,2022-07-17,12:17 PM,Obstruction,0,PHILADELPHIA,PA,80,2,Day,Clear,Yard,Maint./inspect Car,20,12800,0,12800,H101,40.060062,-75.089666,78.6,79.1,83.1
RCPE,RCP490523G,2023-08-01,9:15 AM,Hwy-rail crossing,0,CAVOUR,SD,77,2,Day,Cloudy,Main,Freight Train,40,846000,250000,1096000,M302,44.368178,-98.013325,76.7,77.2,80.4
NS,126934,2017-10-08,9:15 PM,Derailment,0,CHATTANOOGA,TN,70,4,Dark,Rain,Yard,Single Car,0,7175,20582,28983,H305,35.060736,-85.266798,73.8,73.6,78
CSX,000219119,2024-07-07,1:55 PM,Derailment,0,MEMPHIS,TN,90,2,Day,Clear,Yard,Single Car,0,11100,0,37290,M503,35.16816,-89.962618,80,81.4,83.3
BNSF,HL0824114,2024-08-31,8:45 AM,Derailment,0,MEMPHIS,TN,81,1,Dawn,Cloudy,Yard,Yard/switching,3,303029,0,615149,M408,35.023995,-89.890366,79.8,79.7,77.4
NS,132419,2019-01-14,9:30 PM,Derailment,0,KNOXVILLE,TN,37,4,Dark,Cloudy,Industry,Freight Train,8,22842,0,22842,H306,35.994319,-83.95054,43.2,39.2,36.6
CSX,000191201,2020-07-04,7:00 AM,Other impacts,0,NASHVILLE,TN,76,1,Dawn,Clear,Yard,Yard/switching,6,14030,32,26042,M408,36.112142,-86.770737,82.4,81.6,78.4
CSX,000205343,2022-05-28,10:30 PM,Derailment,0,NASHVILLE,TN,70,4,Dark,Clear,Yard,Cut of cars,7,30896,1217,32113,M407,36.112136,-86.770713,65,65.9,71.7
CSX,000157413,2016-02-23,4:30 AM,Other impacts,0,MCKEES ROCKS,PA,25,4,Dark,Clear,Main,Freight Train,32,29646,0,39692,M201,40.351731,-79.867347,38.8,42.6,47.3
MNCW,2016012406,2016-01-24,9:09 AM,Hwy-rail crossing,0,STAMFORD,CT,32,2,Day,Snow,Main,EMU,38,21650,0,21650,M399,41.045793,-73.311024,25.1,24.8,27.7
UP,1018LK009,2018-10-08,10:45 PM,Derailment,0,MEMPHIS,TN,80,4,Dark,Clear,Main,Cut of cars,0,4784,0,98806,H702,35.125431,-90.029564,79.7,79.4,79.1
RCPE,RCP706024D,2024-02-20,7:30 PM,Derailment,0,OELRICHS,SD,35,4,Dark,Clear,Siding,Freight Train,2,100000,20000,120000,E46C,42.990588,-103.240252,38.3,41.4,39.5
UP,0116SA004,2016-01-09,10:46 AM,Hwy-rail crossing,0,COTULLA,TX,55,2,Day,Clear,Main,Freight Train,57,12102,0,12102,M303,28.623944,-99.183095,59.2,55.7,44.8
NS,130957,2018-09-15,4:55 PM,Other impacts,0,WEST FAIRVIEW,PA,72,3,Dusk,Clear,Yard,Yard/switching,2,14585,641,16538,H312,40.279807,-76.922451,74.6,74.6,73.9
UP,0723GP004,2023-07-03,6:30 AM,Derailment,0,NORTH PLATTE,NE,66,1,Dawn,Clear,Yard,Yard/switching,9,254385,622228,1025688,S102,41.149844,-100.810169,72.6,77,73.8
BNSF,TC0119113,2019-01-17,12:03 PM,Derailment,0,TULARE,SD,5,2,Day,Clear,Main,Freight Train,40,15504,137264,152768,E53C,44.728154,-98.504733,9.7,17.1,8.8
ATK,174454,2023-04-20,4:45 AM,Derailment,0,MARCUS HOOK,PA,50,1,Dawn,Clear,Siding,,0,0,20150,27350,H706,39.821301,-75.419204,54,60,63
BNSF,NE0115100,2015-01-03,8:05 PM,Other (describe in narrative),0,ST JOSEPH,MO,21,3,Dusk,Snow,Main,Freight Train,36,2151,9000,11151,E61C,39.708252,-94.878551,28.4,32.6,10.1
UP,0324PN028,2024-03-29,4:45 AM,Other impacts,0,STANFIELD,OR,40,1,Dawn,Clear,Yard,Yard/switching,10,21379,10080,143112,H316,45.796534,-119.268289,46.7,47.2,46.5
UP,0816SA008,2016-08-08,2:30 PM,Hwy-rail crossing,0,LAREDO,TX,100,2,Day,Clear,Main,Freight Train,46,3422,80359,83781,M304,27.669209,-99.46919,90.8,91.4,91.6
UP,1220PN027,2020-12-28,4:30 AM,Derailment,0,PORTLAND,OR,40,1,Dawn,Cloudy,Yard,Freight Train,4,190792,124482,315274,S104,45.544004,-122.684724,43.9,36.3,35.5
ATK,155257,2018-09-11,7:37 PM,Obstruction,0,PHILADELPHIA,PA,73,4,Dark,Cloudy,Yard,Light loco(s),5,9955,1912,11867,T214,39.93328,-75.162764,62.8,69.2,75.3
RBMN,R11292301,2023-11-29,4:15 PM,Derailment,0,TAMAQUA,PA,27,2,Day,Clear,Main,Freight Train,7,3174,21296,24470,T221,40.808149,-75.942459,29.9,27,36.5
CSX,000205508,2022-06-13,2:25 AM,Derailment,0,NASHVILLE,TN,80,4,Dark,Clear,Yard,Yard/switching,6,21891,30400,52291,M411,36.112136,-86.770713,80.5,86.4,87.2
SLWC,170401001,2017-04-01,2:00 AM,Derailment,0,OKLAHOMA CITY,OK,50,4,Dark,Clear,Siding,Freight Train,4,19111,500,19611,H303,35.411084,-97.631392,54.3,56.7,55.1
KCS,16061301,2016-06-13,8:15 AM,Derailment,0,LAREDO,TX,85,2,Day,Clear,Yard,Yard/switching,4,85823,0,85823,H704,27.500758,-99.40239,88.1,89.3,89.4
CSX,000202736,2022-01-27,9:40 PM,Other impacts,0,NASHVILLE,TN,31,4,Dark,Cloudy,Yard,Single Car,2,9500,0,17000,H018,36.112136,-86.770713,25.6,34.9,34.3
NS,152860,2023-04-19,11:45 AM,Derailment,0,ALTOONA,PA,57,2,Day,Clear,Yard,Freight Train,5,29511,12858,42369,H506,40.535506,-78.380109,39.8,48.5,63
IC,1091513,2022-01-01,6:01 PM,Derailment,0,MEMPHIS,TN,58,4,Dark,Rain,Yard,Cut of cars,5,9000,0,182153,H316,35.066959,-90.097157,65.8,64.8,34.5
NS,156607,2024-05-05,10:45 PM,Other impacts,0,ALTON,IL,62,4,Dark,Rain,Yard,Yard/switching,7,93000,0,186000,H020,38.886748,-90.167969,68.7,63.1,67.3
ATK,153605,2018-06-05,10:32 AM,Hwy-rail crossing,0,MOUNT JOY,PA,70,2,Day,Clear,Main,Passenger Train - Pushing,79,23100,0,23100,M302,40.107992,-76.474099,62.7,65.6,64
UP,0816LK033,2016-08-28,4:00 AM,Other impacts,0,LONGVIEW,TX,75,4,Dark,Clear,Yard,Yard/switching,4,95500,0,95500,H318,32.495954,-94.722309,79.5,76.5,77.8
NS,120728,2016-06-03,5:30 AM,Derailment,0,CHATTANOOGA,TN,72,1,Dawn,Clear,Yard,Yard/switching,4,28399,1096,29495,M408,35.090918,-85.238234,75.6,76.5,76.7
URR,22115,2022-08-02,6:12 PM,Derailment,0,WEST MIFFLIN,PA,80,2,Day,Clear,Industry,Yard/switching,3,13000,6500,19500,H514,40.340933,-79.901305,69.9,74.3,76.7
CSX,000202948,2022-02-07,5:00 AM,Other impacts,0,NORTH CHARLESTON,SC,41,1,Dawn,Rain,Yard,Cut of cars,10,26141,918,41945,H018,32.856925,-80.022907,42.1,43.3,45.1
TIBR,IN20160111,2016-01-11,9:00 PM,Side collision,0,SILSBEE,TX,30,4,Dark,Clear,Yard,Yard/switching,5,16416,0,28004,H020,30.210572,-94.110229,42.9,42,44.6
CSX,000200015,2021-09-12,8:50 AM,Derailment,0,NASHVILLE,TN,80,2,Day,Clear,Yard,Single Car,9,13367,0,14017,M408,36.112142,-86.770737,70.8,74.4,77.2
CSX,000204122,2022-04-09,4:35 PM,Derailment,0,NASHVILLE,TN,58,2,Day,Clear,Yard,Yard/switching,2,11146,350,11496,E41C,36.112136,-86.770713,44,47.5,57.8
PTO,111122,2022-11-11,1:50 PM,Derailment,0,PORTLAND,OR,47,2,Day,Cloudy,Yard,Yard/switching,0,170292,4500,174792,H312,45.55257,-122.71752,42.6,43.7,44.9
CSX,000179273,2018-10-11,7:20 PM,Other impacts,0,PHILADELPHIA,PA,70,4,Dark,Rain,Yard,Single Car,3,119926,0,145126,H318,39.898302,-75.16734,74.6,75.3,61.4
NS,155915,2024-03-02,7:11 AM,Rear end collision,0,MIDDLETOWN,PA,40,1,Dawn,Rain,Main,Freight Train,31,1857380,0,2452654,H220,40.632286,-75.305355,38.2,42.6,49.3
CSX,000177188,2018-06-25,9:35 AM,Hwy-rail crossing,0,ESTILL,SC,95,2,Day,Clear,Main,Freight Train,50,13022,254,13276,M303,32.755442,-81.241551,84.5,80.3,78.4
NS,138308,2020-06-22,6:40 PM,Other (describe in narrative),0,GEORGETOWN,KY,83,3,Dusk,Clear,Main,Freight Train,2,281954,31578,313532,H303,38.273609,-84.548537,73.5,74.9,73.5
LVRX,231201,2023-12-06,11:50 AM,Derailment,0,BETHLEHEM,PA,39,2,Day,Rain,Yard,Yard/switching,4,15000,6500,21500,H704,40.6186,-75.3508,38,34.9,32.9
SEPA,SEPA110322,2022-11-03,5:41 PM,Other (describe in narrative),0,PHILADELPHIA,PA,60,2,Day,Clear,Main,EMU,0,15000,0,15000,M101,39.954239,-75.16772,60.7,56.3,58.4
UP,0317LK022,2017-03-15,9:15 AM,Derailment,0,QUEEN CITY,TX,40,2,Day,Clear,Industry,Yard/switching,1,63611,6930,70541,H522,33.271064,-94.099742,44.5,44.4,52.5
CSX,000199753,2021-08-28,1:20 AM,Derailment,0,VONORE,TN,80,4,Dark,Clear,Industry,Single Car,0,100000,1483,105483,H307,35.581271,-84.268054,79,80.1,79.4
CSX,000171966,2017-08-05,7:34 AM,Other (describe in narrative),0,SELKIRK,NY,81,2,Day,Clear,Yard,Cut of cars,6,26000,0,26000,M407,42.565903,-73.854184,74.4,71,65.3
NS,137183,2020-02-14,10:15 PM,Other impacts,0,GREER,SC,37,4,Dark,Clear,Yard,Light loco(s),12,2110,0,32110,H306,34.935265,-82.225496,59.4,44.8,36.4
UP,0322GL021,2022-03-19,4:30 PM,Derailment,0,MISSOURI VALLEY,IA,28,2,Day,Cloudy,Main,Freight Train,6,11293,285025,296318,H705,41.55762,-95.99074,42.6,44.2,55
RCPE,RCP779518D,2018-09-08,11:15 PM,Derailment,0,HURON,SD,80,4,Dark,Clear,Yard,Freight Train,5,11000,4150,15150,H702,44.479735,-98.221298,65.6,62.2,66
BNSF,TC0317100,2017-03-13,1:00 PM,Derailment,0,WOLSEY,SD,11,2,Day,Clear,Main,Yard/switching,11,71000,250,71250,H307,44.631503,-98.504869,17.8,11.7,17.6
UP,1215SA003,2015-12-02,9:00 AM,Obstruction,0,NEW BRAUNFELS,TX,65,2,Day,Cloudy,Main,Spec. MoW Equip.,0,20036,0,20330,H404,29.702771,-98.129185,52.4,54.1,49.4
RCPE,RCP346523R,2023-03-02,11:45 AM,Derailment,0,MILLER,SD,19,2,Day,Clear,Industry,Freight Train,10,30450,0,30450,H306,44.522231,-99.014783,22.3,15.9,27.3
NJTR,202405225,2024-05-01,10:07 AM,Derailment,0,MORRISVILLE,PA,78,2,Day,Cloudy,Yard,Yard/switching,5,13281,668,13949,H704,40.195401,-74.788483,63.2,65.8,68.7
NS,118643,2015-11-27,6:50 PM,Other (describe in narrative),0,SANDUSKY,OH,51,3,Dusk,Clear,Yard,Cut of cars,2,36000,0,36000,M407,41.29052,-82.788126,55.1,52.3,37
UP,0516HO005,2016-05-06,9:00 PM,Side collision,0,LA PORTE,TX,68,4,Dark,Cloudy,Yard,Freight Train,5,202350,0,317215,M409,29.685855,-95.039827,75.4,73.5,73
ATK,165274,2020-09-01,8:45 AM,Hwy-rail crossing,0,RIDGELAND,SC,88,2,Day,Clear,Main,Passenger Train - Pulling,77,17802,0,17802,M302,32.435917,-81.004972,81.9,84.9,85.2
BNSF,HL0918128,2018-09-27,6:55 AM,Other impacts,0,MEMPHIS,TN,58,1,Dawn,Cloudy,Yard,Light loco(s),3,122500,0,122500,H022,35.021715,-89.892411,72.4,63.6,65.7
BNSF,RD0317117,2017-03-22,4:00 PM,Derailment,0,GALVESTON,TX,80,2,Day,Clear,Yard,Yard/switching,7,39279,0,40279,H607,29.295399,-94.835865,73.7,73.7,73.8
UP,1016FW003,2016-10-05,3:02 PM,Hwy-rail crossing,0,AUBREY,TX,90,2,Day,Clear,Main,Freight Train,30,14615,14563,29178,M303,33.341489,-96.969482,76,80.2,79.6
UP,0323GC031,2023-03-29,6:30 AM,Derailment,0,PORT ALLEN,LA,53,1,Dawn,Clear,Industry,Yard/switching,3,701269,72500,773769,S103,30.48518,-91.211774,70.5,57.9,64.4
NJTR,201811517,2018-10-27,12:30 PM,Other impacts,0,KEARNY,NJ,50,2,Day,Clear,Yard,Cut of cars,0,13312,0,27343,H212,40.7438,-74.106333,43.9,47.4,48.9
NS,145383,2022-05-27,5:45 PM,Other impacts,0,CONWAY,PA,72,3,Dusk,Clear,Yard,Single Car,3,250,213,81129,M411,40.672361,-80.251826,66.6,65.2,62.1
TIBR,160727001,2016-07-27,2:00 AM,Derailment,0,SILSBEE,TX,78,4,Dark,Clear,Yard,Yard/switching,4,22000,0,22000,H306,30.211442,-94.112633,80.3,78.9,81.5
NS,138782,2020-08-07,4:20 AM,Other impacts,0,CHATTANOOGA,TN,72,1,Dawn,Clear,Yard,Single Car,0,22453,0,46922,M411,35.049475,-85.278327,78.9,79.4,82.2
NS,151317,2022-10-30,1:45 AM,Other impacts,0,ALLENTOWN,PA,55,4,Dark,Clear,Yard,Single Car,3,1800,5992,40842,H312,40.611935,-75.426704,43.7,44.9,51.5
NS,151317,2022-10-30,1:45 AM,Other impacts,0,ALLENTOWN,PA,55,4,Dark,Clear,Yard,Single Car,0,13300,0,40842,H312,40.611935,-75.426704,43.7,44.9,51.5
NS,136248,2019-11-20,3:45 AM,Other (describe in narrative),0,WEST FAIRVIEW,PA,35,4,Dark,Clear,Yard,Freight Train,6,11195,1193,12388,H702,40.279807,-76.922451,45.6,47.7,46.2
ATK,171313,2022-07-14,8:40 AM,Derailment,0,PHILADELPHIA,PA,80,2,Day,Clear,Yard,Light loco(s),3,25000,0,25000,H799,39.95641,-75.18435,82.4,82.9,79.3
PDRR,20154,2015-11-13,1:10 PM,Derailment,0,BENNETTSVILLE,SC,70,2,Day,Clear,Main,Freight Train,10,300,10364,10664,T220,34.582565,-79.750265,62.5,55.8,46.2
NS,115206,2015-04-10,9:00 PM,Derailment,0,TRENTON,SC,70,4,Dark,Cloudy,Main,Freight Train,39,2253127,315222,2568349,M404,33.771358,-81.839368,76.1,72.5,69.6
FWWR,15111601,2015-11-16,12:20 PM,Derailment,0,DE LEON,TX,68,2,Day,Cloudy,Main,Freight Train,19,18000,27770,45770,T215,32.089849,-98.49309,56.3,67,58.6
IC,1138664,2023-09-07,2:40 PM,Other impacts,0,MEMPHIS,TN,78,2,Day,Clear,Yard,,0,0,0,32474,H302,35.063119,-90.049173,78.1,75.4,73.4
NS,154547,2023-10-20,6:30 PM,Derailment,0,CONWAY,PA,55,3,Dusk,Cloudy,Yard,Work train,0,0,33646,33646,S011,40.672362,-80.251826,53.8,54.9,50.8
BNSF,RD0717112,2017-07-16,3:44 AM,Derailment,0,SILSBEE,TX,78,4,Dark,Cloudy,Yard,Yard/switching,7,11916,0,11916,H318,30.351278,-94.183444,77.5,79.4,80.3
EEC,151,2015-10-23,5:00 PM,Other (describe in narrative),0,ERIE,PA,53,2,Day,Clear,Industry,Yard/switching,3,2000,15000,17000,H399,42.14189,-80.03161,61.3,49,57.9
BLF,20190250,2019-06-25,4:43 PM,Hwy-rail crossing,0,LANTANA,FL,95,2,Day,Clear,Main,Passenger Train - Pulling,76,15285,0,31675,M308,26.343518,-80.031334,86.7,87.1,87.3
SEPA,SEPA070521,2021-07-05,1:04 AM,Derailment,0,WARMINSTER,PA,80,4,Dark,Clear,Main,EMU,10,19550,0,19550,H310,40.19518,-75.089077,69.6,76,81.3
NS,145515,2022-06-08,9:00 PM,Other (describe in narrative),0,PHILADELPHIA,TN,84,4,Dark,Cloudy,Main,Freight Train,18,275,20000,20275,M404,35.706157,-84.372044,72.5,74.9,74
CSX,000147962,2015-06-17,3:24 PM,Hwy-rail crossing,0,COLUMBIA,SC,100,2,Day,Clear,Main,Freight Train,41,14185,0,14185,M302,34.027589,-81.117714,87.9,88.6,85.2
NS,120560,2016-05-18,8:46 PM,Derailment,0,MONACA,PA,51,4,Dark,Cloudy,Yard,Yard/switching,5,4071,40500,45414,M405,40.692371,-80.262047,55.6,54,55.7
UP,1020PR022,2020-10-25,5:47 PM,Side collision,0,GURNEE,IL,42,2,Day,Cloudy,Industry,Cut of cars,0,15504,0,36634,M501,42.379325,-87.896954,37.2,39.7,35.5
ATK,157867,2019-03-02,3:28 PM,Fire/violent rupture,0,CROYDON,PA,37,2,Day,Cloudy,Main,,0,0,0,13000,E71L,40.093559,-74.906799,33.3,37.2,38.3
NS,118367,2015-11-25,11:22 AM,Derailment,0,HARRISBURG,PA,45,2,Day,Clear,Main,Freight Train,8,6250,81000,87250,H506,40.267775,-76.879718,40,39.7,44.9
ATK,159053,2019-05-17,4:50 PM,Other (describe in narrative),0,CROYDON,PA,78,2,Day,Cloudy,Main,Passenger Train - Pulling,0,10633,2815,13448,E78L,40.09257,-74.914121,65.4,70.2,69
CSX,000145479,2015-04-27,6:50 PM,Derailment,0,FLORENCE,SC,70,2,Day,Clear,Yard,Yard/switching,6,46571,25857,72428,H702,34.199162,-79.761382,61.5,60.1,58.8
UP,0320PN017,2020-03-22,5:49 PM,Other impacts,0,HERMISTON,OR,64,2,Day,Clear,Yard,Yard/switching,2,37723,0,37823,H305,45.795518,-119.257261,48.7,48.3,49.9
NS,113757,2015-01-09,10:20 PM,Derailment,0,CONWAY,PA,10,4,Dark,Clear,Yard,Yard/switching,3,8600,4040,12640,E04C,40.672361,-80.251826,5.6,16.3,7.2
NS,152398,2023-02-09,7:00 PM,Side collision,0,CREIGHTON,PA,68,3,Dusk,Cloudy,Yard,Light loco(s),3,60,0,104707,H302,40.592418,-79.770673,41,55.3,40.2
SEPA,Y227,2022-09-28,11:09 AM,Derailment,0,TRENTON,NJ,70,2,Day,Clear,Main,EMU,10,1500000,2234583,3734583,T222,40.21694,-74.755829,62.2,58.6,58.3
UP,0417HO009,2017-04-09,11:09 AM,Other impacts,0,HOUSTON,TX,75,2,Day,Cloudy,Yard,Yard/switching,4,287687,55258,418401,H307,29.810249,-95.288653,70.4,71.7,74