reportingrailroadcode,accidentnumber,date,time,accidenttype,hazmatreleasedcars,station,stateabbr,temperature,visibility_code,visibility,weathercondition,tracktype,equipmenttype,trainspeed,equipmentdamagecost,trackdamagecost,totaldamagecost,primaryaccidentcausecode,latitude,longitude,prior_temp,actual_temp,following_temp
NS,141124,2021-04-04,10:30 AM,Derailment,0,PHILADELPHIA,PA,66,2,Day,Clear,Yard,,0,0,3646,13245,H702,40.009691,-75.204297,41.1,54.6,58.2
CSX,000194614,2020-12-22,11:00 AM,Derailment,0,FAIRFIELD,PA,41,2,Day,Cloudy,Main,Freight Train,2,543045,0,590552,H021,39.752257,-77.453422,36.5,37.2,36
CSX,000179097,2018-10-02,9:50 AM,Rear end collision,0,CORNERSVILLE,TN,65,2,Day,Clear,Main,Freight Train,15,2158,0,51505,H994,35.331665,-86.844092,73.1,73.5,75.1
NS,136228,2019-11-18,10:20 AM,Other (describe in narrative),0,LEXINGTON,SC,52,2,Day,Cloudy,Yard,Freight Train,7,10114,600,10714,H702,33.93491,-81.302759,50.4,47.8,47.3
NS,140624,2021-02-16,1:25 PM,Other impacts,0,CONWAY,PA,25,2,Day,Snow,Yard,Single Car,0,3000,0,17736,M411,40.672361,-80.251826,26.4,24.9,17.5
NS,154045,2023-08-28,2:09 AM,Derailment,0,ALLENTOWN,PA,55,4,Dark,Clear,Yard,Light loco(s),5,19771,165,19936,H703,40.611935,-75.426704,71.7,71.4,71.8
KCS,15102502,2015-10-25,4:00 PM,Other impacts,0,PORT ARTHUR,TX,70,2,Day,Rain,Yard,Light loco(s),5,5000,0,25239,H702,29.85758,-93.945125,75,67.7,64
UP,0524PN022,2024-05-31,5:00 AM,Derailment,0,PORTLAND,OR,52,1,Dawn,Clear,Yard,Yard/switching,8,81823,71444,153267,H607,45.598261,-122.729822,57.8,63.3,64.4
BNSF,NW0618114,2018-06-16,12:49 PM,Derailment,0,PORTLAND,OR,75,2,Day,Clear,Yard,Freight Train,7,9900,0,38635,H702,45.552226,-122.69463,62,64.3,68.3
ATK,173196,2022-12-13,11:17 AM,Hwy-rail crossing,0,PORTLAND,OR,36,2,Day,Clear,Main,Passenger Train - Pushing,34,12430,0,12529,M308,45.512252,-122.664888,42.7,36.5,39.8
CSX,000208409,2022-11-16,2:30 PM,Other impacts,0,SPARTANBURG,SC,53,2,Day,Clear,Main,Freight Train,0,2484,0,19984,H018,34.949146,-81.936776,42.1,44.7,37.7
UP,0616PR003,2016-06-04,8:00 PM,Fire/violent rupture,0,MELROSE PARK,IL,70,3,Dusk,Cloudy,Yard,Light loco(s),0,98319,0,98319,E74L,41.897164,-87.89716,71.4,68.3,69.9
BNSF,HL0319109,2019-03-10,5:45 AM,Derailment,0,MEMPHIS,TN,53,1,Dawn,Clear,Yard,,0,0,4200,22690,E08C,35.093366,-89.981715,61.9,54.3,53.3
ATK,180148,2024-05-11,1:00 AM,Obstruction,0,BETHUNE,SC,0,4,Dark,Clear,Main,Passenger Train - Pulling,54,40160,0,40160,M404,34.428005,-80.325027,69.4,62.7,66.3
UP,1119PN019,2019-11-24,3:43 AM,Derailment,0,LA GRANDE,OR,37,4,Dark,Rain,Main,Freight Train,24,10512,56196,66708,E67C,45.350986,-118.198609,34.1,41.3,33.4
UP,0717HO038,2017-07-21,10:00 PM,Obstruction,0,DAYTON,TX,85,4,Dark,Clear,Yard,Single Car,0,17720,0,17720,M404,30.004966,-94.904289,85.4,84.1,82.9
NS,145891,2022-07-19,4:47 PM,Hwy-rail crossing,0,MOSHEIM,TN,88,3,Dusk,Clear,Main,Freight Train,34,1507,15000,16507,M303,36.18694,-82.95972,75.7,76.3,79.1
RJCP,RJCP2002,2020-11-25,8:45 AM,Derailment,0,COMMODORE,PA,40,2,Day,Cloudy,Main,Freight Train,10,151000,95000,246000,T212,40.675004,-78.96277,35.6,42.5,48.7
UP,0619PN013,2019-06-14,10:20 AM,Other impacts,0,EUGENE,OR,62,2,Day,Clear,Yard,Yard/switching,4,565,37873,39484,H601,44.07083,-123.130493,72.4,64.1,65.5
NS,142123,2021-07-07,11:10 AM,Derailment,0,WEST FAIRVIEW,PA,72,2,Day,Clear,Yard,Yard/switching,8,115054,3558,118612,E07C,40.279807,-76.922451,83.7,85.6,77.3
NS,128839,2018-03-14,11:57 AM,Hwy-rail crossing,0,SPRINGDALE,PA,30,2,Day,Clear,Main,Freight Train,30,5,26587,26592,M303,40.536305,-79.783295,28.4,26,32.5
BNSF,KS0515107,2015-05-14,8:00 PM,Derailment,0,LUBBOCK,TX,58,3,Dusk,Rain,Yard,Freight Train,8,110724,1650,112374,H307,33.567285,-101.821343,63.9,67.3,68.3
CSX,000179321,2018-10-15,10:35 PM,Derailment,0,NASHVILLE,TN,51,4,Dark,Clear,Yard,Yard/switching,4,25301,12520,37821,E45C,36.112142,-86.770737,60.9,60.9,50.6
CSX,000190674,2020-06-06,9:15 PM,Derailment,0,CHATTANOOGA,TN,83,4,Dark,Clear,Main,Freight Train,18,167506,55323,222829,M405,34.985115,-85.406414,80.2,80.2,81
NS,142825,2021-09-12,11:30 PM,Other impacts,0,CONWAY,PA,72,4,Dark,Clear,Yard,Cut of cars,0,10900,0,57438,H312,40.672361,-80.251826,63.4,72.3,73.2
NS,136225,2019-11-17,10:00 PM,Other (describe in narrative),0,WEST FAIRVIEW,PA,38,4,Dark,Clear,Yard,Light loco(s),5,210759,500,211259,H306,40.279807,-76.922451,38.8,35.9,41.7
NS,143888,2021-12-31,7:00 AM,Derailment,0,CHATTANOOGA,TN,68,1,Dawn,Cloudy,Yard,Light loco(s),5,39170,24520,63690,H017,35.082989,-85.244258,62.3,60.3,71.4
NS,154856,2023-11-22,10:00 PM,Side collision,0,CONWAY,PA,45,4,Dark,Clear,Yard,Cut of cars,6,25000,0,25000,H702,40.672362,-80.251826,42.5,42.9,39.8
NJTR,202306221,2023-06-10,2:03 PM,Derailment,0,MORRISVILLE,PA,65,2,Day,Clear,Yard,Commuter Train - Pushing,5,25933,683,26616,H704,40.195375,-74.789986,64.1,66.8,73.9
BNSF,RD1119102,2019-11-01,12:05 PM,Derailment,0,MOORE,OK,65,2,Day,Clear,Yard,Yard/switching,4,36000,300,36300,H514,35.374327,-97.48303,33.4,43.3,43.9
NS,144180,2022-01-28,8:03 AM,Other (describe in narrative),0,MASCOT,TN,41,2,Day,Cloudy,Yard,Freight Train,5,792,11339,12131,H702,36.033044,-83.817204,33.5,34.5,23.9
BNSF,GC0216116,2016-02-29,11:30 AM,Other (describe in narrative),0,GOLDTHWAITE,TX,60,2,Day,Clear,Main,Maint./inspect Car,0,150000,0,190000,H402,31.471447,-98.572867,63.8,63.1,63.8
BNSF,HL0524115,2024-05-24,1:24 AM,Derailment,0,MEMPHIS,TN,73,4,Dark,Clear,Yard,Cut of cars,0,13733,0,14185,H306,35.036771,-89.913782,73.4,73.4,77.7
NS,117623,2015-10-04,11:05 AM,Derailment,0,READING,PA,54,2,Day,Clear,Yard,Freight Train,8,16100,3000,19100,H702,40.345781,-75.923081,48.7,54.3,54.8
CSX,000215024,2023-12-09,6:00 PM,Derailment,0,MADISON,TN,55,3,Dusk,Rain,Main,Freight Train,0,195059,0,195059,M102,36.276686,-86.709129,54.5,60.4,41.4
NS,131385,2018-10-20,11:55 AM,Other (describe in narrative),0,ELIZABETH,NJ,62,2,Day,Clear,Yard,Freight Train,8,5910,10802,23177,H306,40.661291,-74.180401,49.1,56.5,46
CSX,000203356,2022-03-01,7:45 AM,Derailment,0,NASHVILLE,TN,39,1,Dawn,Clear,Yard,Yard/switching,4,170340,50800,221140,H504,36.112136,-86.770713,43.5,51.8,61.7
UP,0224HL005,2024-02-07,7:12 PM,Derailment,0,KANSAS CITY,KS,55,3,Dusk,Cloudy,Yard,Yard/switching,4,12373,5400,17773,E45C,39.096754,-94.662273,45.2,55.3,58.2
NS,118658,2015-12-22,11:45 AM,Derailment,0,FOUNTAIN HILL,PA,46,2,Day,Rain,Main,Yard/switching,4,24700,33500,58200,S011,40.611937,-75.426702,39.9,49.1,55.5
UP,1017HO034,2017-10-31,10:58 AM,Fire/violent rupture,0,OAKWOOD,TX,72,2,Day,Cloudy,Main,Freight Train,20,88649,9184,97833,M506,31.555655,-95.87646,59.1,56,62.7
NRTX,111017,2017-11-10,3:25 PM,Hwy-rail crossing,0,LEBANON,TN,70,2,Day,Clear,Main,Commuter Train - Pushing,36,12500,0,12500,M302,36.21895,-86.32003,49.8,42.6,44.9
UP,0516HO026,2016-05-21,10:51 AM,Other (describe in narrative),0,HOUSTON,TX,72,2,Day,Cloudy,Yard,Single Car,0,13419,0,13419,M507,29.818455,-95.288969,74.7,75.4,78.1
CSX,000191201,2020-07-04,7:00 AM,Other impacts,0,NASHVILLE,TN,76,1,Dawn,Clear,Yard,Single Car,7,11980,0,26042,M408,36.112142,-86.770737,82.4,81.6,78.4
UP,0417LK016,2017-04-18,11:44 AM,Derailment,0,MEMPHIS,TN,80,2,Day,Cloudy,Yard,Freight Train,6,477,0,11620,H524,35.072928,-90.051756,68.1,69.2,73.6
UP,0322PN009,2022-03-10,8:02 AM,Other impacts,0,PORTLAND,OR,32,2,Day,Cloudy,Yard,Yard/switching,6,6478,1400,24698,H306,45.555888,-122.694496,44.6,40.4,46.2
NS,152713,2023-03-30,2:48 AM,Other (describe in narrative),0,READING,PA,40,4,Dark,Clear,Yard,Freight Train,9,29503,3238,32741,H307,40.345501,-75.927458,46.4,39.2,44.8
BNSF,RD0718131,2018-07-21,6:00 PM,Other (describe in narrative),0,HOUSTON,TX,90,3,Dusk,Clear,Main,Light loco(s),7,0,0,49150,H403,29.720661,-95.279983,87.6,87.4,87.8
PICK,Z242,2021-01-27,1:30 PM,Derailment,0,BELTON,SC,61,2,Day,Clear,Yard,Freight Train,10,0,34050,34050,T221,34.5205,-82.5328,58.1,54.2,42.9
CSX,000177687,2018-07-19,10:05 AM,Derailment,0,NASHVILLE,TN,89,2,Day,Clear,Yard,Yard/switching,4,22795,7548,30343,H315,36.112142,-86.770737,81,80.7,84.3
BNSF,NW0322118,2022-03-30,2:36 PM,Derailment,0,KLAMATH FALLS,OR,55,2,Day,Clear,Yard,Yard/switching,7,12312,7704,20016,M409,42.191529,-121.765231,46.8,42.3,38.2
NS,128906,2018-03-20,6:45 AM,Derailment,0,WEST FAIRVIEW,PA,28,1,Dawn,Cloudy,Yard,Light loco(s),7,19488,500,19988,H306,40.279807,-76.922451,41.8,33.2,32.2
BNSF,RD0117121,2017-01-28,10:55 AM,Derailment,0,TEMPLE,TX,55,2,Day,Clear,Yard,Yard/switching,4,52410,23000,75410,E30C,31.111364,-97.349506,42.6,47.9,51.8
BNSF,SF0116109,2016-01-19,1:15 PM,Derailment,0,MEMPHIS,TN,32,2,Day,Cloudy,Yard,Yard/switching,5,9386,1250,10636,S006,35.021932,-89.88637,24.1,27,33.3
NS,155915,2024-03-02,7:11 AM,Rear end collision,0,MIDDLETOWN,PA,40,1,Dawn,Rain,Main,Freight Train,0,35000,0,2452654,H220,40.632286,-75.305355,38.2,42.6,49.3
UP,0616FW014,2016-06-16,10:26 AM,Fire/violent rupture,0,EASTLAND,TX,84,2,Day,Clear,Main,Freight Train,30,25714,0,25714,E73L,32.406676,-98.821806,85.5,86.5,86
CSX,000150399,2015-08-10,9:30 PM,Side collision,0,NASHVILLE,TN,87,4,Dark,Clear,Yard,Single Car,0,0,0,12458,M408,36.112148,-86.770741,81,81.4,82
UP,0416SA024,2016-04-25,12:30 AM,Obstruction,0,BRYAN,TX,60,4,Dark,Clear,Main,Freight Train,35,11655,0,11655,M403,30.662311,-96.547074,67.5,75.3,77.1
LC,20180604,2018-06-04,3:00 PM,Derailment,0,LANCASTER,SC,78,2,Day,Clear,Main,Freight Train,10,124988,17600,142588,E20C,34.71846,-80.820955,78.1,76.4,71.4
CSX,000206788,2022-08-20,2:01 PM,Other impacts,0,CHATTANOOGA,TN,72,2,Day,Cloudy,Yard,Cut of cars,7,17000,0,17068,H318,35.012657,-85.371486,74.7,75.4,76.2
CSX,000211185,2023-05-04,12:30 AM,Derailment,0,NASHVILLE,TN,58,4,Dark,Clear,Yard,Single Car,3,500,1547,23389,M503,36.112157,-86.770728,57.9,58.1,62.3
NS,129346,2018-05-02,11:22 PM,Derailment,0,CRUM LYNNE,PA,62,4,Dark,Clear,Main,Freight Train,17,5231,0,2728864,E85C,39.860785,-75.338189,62.1,73.1,77.5
NS,140282,2021-01-17,12:05 AM,Side collision,0,CONWAY,PA,30,4,Dark,Snow,Yard,Cut of cars,0,49384,0,59532,E30C,40.672361,-80.251826,29.1,32.3,30
AWRR,160802001,2016-08-02,2:00 AM,Derailment,0,LIBERTY HILL,TX,80,4,Dark,Clear,Main,Freight Train,34,358423,21000,379423,T220,30.700555,-97.958611,85.8,85.7,87.2
SEPA,38738,2020-02-26,8:34 PM,Hwy-rail crossing,0,AMBLER,PA,46,4,Dark,Rain,Main,EMU,45,25000,0,25000,M302,40.159433,-75.231213,46.1,46.8,37.8
NS,142011,2021-06-26,4:28 AM,Other (describe in narrative),0,CHATTANOOGA,TN,72,1,Dawn,Clear,Yard,Yard/switching,2,952,11113,12065,E04C,35.082989,-85.244258,78.4,77.8,80.2
NS,141539,2021-05-13,7:00 PM,Derailment,0,MAPLETON,PA,50,3,Dusk,Clear,Main,Freight Train,45,13844,2091,15935,H503,40.396319,-77.942828,49.6,52.3,56.1
UP,0923PN027,2023-09-23,5:25 AM,Other impacts,0,PORTLAND,OR,57,1,Dawn,Cloudy,Yard,Cut of cars,1,26856,0,27008,H021,45.553373,-122.693198,64.6,62.6,58.9
UP,0122PN041,2022-01-28,5:25 PM,Derailment,0,BAKER,OR,26,2,Day,Clear,Siding,Freight Train,17,78026,103424,181450,E99C,44.714773,-117.761963,20.6,17.1,14.6
CRSH,117833,2015-10-18,12:00 AM,Raking collision,0,PHILADELPHIA,PA,36,4,Dark,Clear,Yard,Cut of cars,0,64703,1000,125377,H306,39.902887,-75.139811,50,44.2,43.7
ATK,160174,2019-07-20,9:17 PM,Hwy-rail crossing,0,HARDEEVILLE,SC,78,4,Dark,Clear,Main,Passenger Train - Pulling,38,11398,0,11495,M301,32.259347,-81.107492,83,82.5,84.9
BNSF,GC0816200,2016-08-22,8:52 AM,Hwy-rail crossing,0,BANGS,TX,80,1,Dawn,Cloudy,Main,Maint./inspect Car,10,15000,0,15000,M302,31.715593,-99.132731,74.4,77.3,82.5
BNSF,HL0919107,2019-09-10,11:34 AM,Derailment,0,MEMPHIS,TN,85,2,Day,Cloudy,Yard,Yard/switching,10,20000,500,20500,H993,35.022346,-89.886766,85.6,82.2,83.9
RCPE,RCP109319S,2019-07-10,10:15 AM,Raking collision,0,VOLGA,SD,85,2,Day,Clear,Industry,Freight Train,7,79645,0,79645,H302,44.325157,-96.905474,72.9,68.1,70.6
CSX,000201050,2021-11-02,7:15 AM,Derailment,0,NASHVILLE,TN,58,1,Dawn,Cloudy,Yard,Cut of cars,0,5040,0,845367,M411,36.112142,-86.770737,52.5,47.3,43.2
UP,0519PN018,2019-05-18,7:01 PM,Derailment,0,PORTLAND,OR,73,3,Dusk,Rain,Yard,Yard/switching,4,8177,70050,78227,H702,45.544448,-122.683872,57.8,59.5,57.4
ARR,2015206,2015-09-12,8:00 AM,Hwy-rail crossing,0,ANCHORAGE,AK,42,2,Day,Cloudy,Main,Passenger Train - Pulling,2,31489,0,31489,M303,61.222756,-149.888214,50.8,49.5,47.8
SWP,191114SWP,2019-11-14,12:55 PM,Derailment,0,SCOTTDALE,PA,0,2,Day,Clear,Siding,Single Car,0,40455,0,40455,M502,40.07869,-79.602796,20.1,31.8,34.5
NS,123949,2017-02-13,8:53 AM,Derailment,0,CONWAY,PA,32,2,Day,Cloudy,Yard,Yard/switching,4,33675,2564,36239,S006,40.672356,-80.251823,45.6,32.3,37.3
ATK,145293,2016-11-23,7:15 AM,Other (describe in narrative),0,RAHWAY,NJ,40,2,Day,Clear,Main,Passenger Train - Pulling,60,20000,1500,21500,E78L,40.621651,-74.260234,38.9,39.8,43.6
URR,20240708,2024-07-08,10:20 AM,Derailment,0,BRADDOCK,PA,82,2,Day,Clear,Yard,Freight Train,2,30000,70500,100500,H503,40.38726,-79.847547,78,81.6,82.4
BNSF,TX1115108,2015-11-19,12:10 PM,Derailment,0,FORT WORTH,TX,64,2,Day,Clear,Yard,Yard/switching,3,18000,3000,21000,H607,32.812467,-97.321205,57.9,57.2,61.4
CSX,000151780,2015-09-06,10:08 AM,Side collision,0,ERWIN,TN,75,2,Day,Clear,Yard,Single Car,6,0,0,19015,T217,36.146937,-82.416002,72,72.1,71.8
UP,0217SA015,2017-02-20,12:30 AM,Derailment,0,THRALL,TX,58,4,Dark,Rain,Main,Freight Train,0,142879,1392,144271,M102,30.59327,-97.282896,71.6,60.4,63.6
BNSF,HL1118105,2018-11-06,5:10 AM,Side collision,0,MEMPHIS,TN,55,1,Dawn,Clear,Yard,Yard/switching,1,9540,0,12040,H316,35.023033,-89.887978,58.5,60.2,55
CSX,000196995,2021-03-12,4:52 AM,Obstruction,0,WASHINGTON,MA,53,1,Dawn,Cloudy,Main,,0,0,0,21989,M404,42.372524,-73.109929,51.1,49.2,31
UP,1022PN014,2022-10-13,12:08 PM,Other impacts,0,PORTLAND,OR,61,2,Day,Clear,Yard,Single Car,0,2986,0,39659,H312,45.549952,-122.690225,61.7,64,63.3
BNSF,GC0116109,2016-01-21,11:30 AM,Side collision,0,HOUSTON,TX,65,2,Day,Rain,Yard,Yard/switching,5,11018,0,11268,H318,29.701858,-95.327702,60,61.3,45.4
NS,135191,2019-08-22,2:35 AM,Hwy-rail crossing,0,SINKING SPRING,PA,71,4,Dark,Clear,Main,Freight Train,46,523,0,12823,M308,40.322867,-76.051949,79.2,79.6,69.2
NS,115345,2015-04-20,3:01 PM,Derailment,0,GREENCASTLE,PA,72,2,Day,Cloudy,Yard,Freight Train,4,41800,1870,43670,H702,39.794184,-77.728123,59.5,60.9,57.1
UP,0716LV011,2016-07-12,4:30 PM,Obstruction,0,LUFKIN,TX,95,2,Day,Cloudy,Main,Freight Train,4,0,37950,37950,M208,31.3391,-94.730283,83.7,83.9,85
NS,133441,2019-04-02,9:05 AM,Other impacts,0,LEETSDALE,PA,35,2,Day,Cloudy,Main,Spec. MoW Equip.,3,7500,0,15000,H997,40.569214,-80.215065,32.3,39.5,46.7
NS,151533,2022-11-22,10:55 PM,Other (describe in narrative),0,CHATTANOOGA,TN,43,4,Dark,Clear,Yard,Light loco(s),5,14160,873,15033,H306,35.007198,-85.375514,37.8,41.2,46.1
NS,152959,2023-04-30,12:10 PM,Other impacts,0,CHATTANOOGA,TN,65,2,Day,Clear,Yard,Yard/switching,7,50547,0,106774,H706,35.07225,-85.255535,64.9,62,56.5
NS,121070,2016-06-29,10:15 PM,Hwy-rail crossing,0,SENECA,SC,80,4,Dark,Clear,Main,Freight Train,42,3642,10353,13995,M303,34.712692,-82.917297,79.5,83,79.1
UP,0516HO005,2016-05-06,9:00 PM,Side collision,0,LA PORTE,TX,68,4,Dark,Cloudy,Yard,Freight Train,5,92385,22480,317215,M409,29.685855,-95.039827,75.4,73.5,73
LC,LC032023,2023-03-20,2:10 PM,Derailment,0,RICHBURG,SC,49,2,Day,Cloudy,Main,Freight Train,12,283076,192494,475570,T215,34.719019,-81.044694,43.3,40.6,44.8
UP,0816FW028,2016-08-29,4:30 AM,Other impacts,0,FORT WORTH,TX,74,4,Dark,Clear,Yard,Yard/switching,5,568,2035,40119,M407,32.723973,-97.37663,83.3,80.4,82.6
NJTR,201604199,2016-04-04,5:30 PM,Derailment,0,MORRISVILLE,PA,40,3,Dusk,Clear,Yard,Commuter Train - Pushing,3,8500,4895,13395,H704,40.195511,-74.785444,39.9,43.6,34.3
UP,0321GP036,2021-03-22,2:30 PM,Obstruction,0,NORTH PLATTE,NE,49,2,Day,Cloudy,Yard,Yard/switching,4,63354,399,64212,M411,41.150002,-100.814979,50.3,41.4,39.6
NS,142749,2021-09-03,12:40 PM,Other impacts,0,LEIPSIC,OH,72,2,Day,Clear,Industry,Cut of cars,4,10350,0,12100,H302,41.10512,-83.96736,66.2,65.8,68.8
SEPA,24218,2017-07-07,9:45 AM,Other impacts,0,ARDSLEY,PA,81,2,Day,Cloudy,Main,Passenger Train - Pulling,50,76528,0,76528,M402,40.108416,-75.151916,69.4,73,73.6
URR,9104,2019-03-17,5:30 PM,Derailment,0,DUQUESNE,PA,42,2,Day,Clear,Main,Freight Train,9,9000,18800,27800,M405,40.386922,-79.855151,35,34,35.1
NJTR,201909530,2019-09-24,10:45 PM,Other impacts,0,MORRISVILLE,PA,65,4,Dark,Clear,Yard,EMU,3,16845,8020,84865,H020,40.194351,-74.792629,77.5,70.4,66.2
UP,0817HO038,2017-08-25,8:44 PM,Hwy-rail crossing,0,COLLEGE STATION,TX,80,4,Dark,Rain,Main,Freight Train,29,6773,96831,103604,M304,30.57858,-96.319696,81.4,80.4,75.4
BNSF,GC0216116,2016-02-29,11:30 AM,Other (describe in narrative),0,GOLDTHWAITE,TX,60,2,Day,Clear,Main,Maint./inspect Car,20,40000,0,190000,H402,31.471447,-98.572867,63.8,63.1,63.8
UP,1018PD025,2018-10-28,12:00 PM,Other impacts,0,STANFIELD,OR,45,2,Day,Cloudy,Yard,Single Car,0,12546,33,12579,M407,45.797466,-119.294488,57.7,54.5,51.1
NS,153916,2023-08-13,5:00 PM,Obstruction,0,CHEWALLA,TN,85,3,Dusk,Cloudy,Main,Freight Train,35,1355618,1594700,2950318,M199,35.046648,-88.760473,78.3,78.8,81.6
UP,0316LK015,2016-03-18,2:19 PM,Other (describe in narrative),0,LONGVIEW,TX,70,2,Day,Clear,Yard,Single Car,0,29712,0,29712,M201,32.495389,-94.722933,58.5,59.1,53.6
UP,0923PN024,2023-09-18,6:00 PM,Hwy-rail crossing,0,HALSEY,OR,67,3,Dusk,Cloudy,Main,,0,0,0,33670,M303,44.359807,-123.108154,62.7,63,58.7
NS,145001,2022-04-18,4:10 AM,Side collision,0,CONWAY,PA,35,1,Dawn,Clear,Yard,Yard/switching,3,3626,0,22326,H307,40.672361,-80.251826,38.4,36.8,35.4
BNSF,HL0219114,2019-02-17,9:32 PM,Derailment,0,MEMPHIS,TN,38,4,Dark,Clear,Yard,Yard/switching,4,16715,215000,231715,M411,35.022852,-89.88887,36.4,41.6,36.6
ATK,136161,2015-02-03,4:45 PM,Other (describe in narrative),0,DARBY,PA,22,2,Day,Clear,Main,Passenger Train - Pulling,110,9502,3968,13470,E77L,39.893555,-75.296474,33.8,24.2,35.6
BPRR,BPR648523R,2023-12-27,9:30 PM,Derailment,0,BUTLER,PA,45,4,Dark,Fog,Yard,Yard/switching,8,619962,0,740376,H704,40.891408,-79.878019,50.6,50,45.1
BNSF,KS1116204,2016-11-24,9:12 PM,Hwy-rail crossing,0,FRIONA,TX,45,4,Dark,Clear,Main,Freight Train,37,2500,16000,18500,M302,34.599387,-102.775851,43.1,45.9,39.3
CSX,000219542,2024-07-24,10:45 PM,Derailment,0,CHATTANOOGA,TN,79,4,Dark,Cloudy,Yard,Yard/switching,10,31176,3570,34746,E39C,35.012657,-85.371486,76.1,77.8,77
UP,1120GC016,2020-11-14,8:25 AM,Other impacts,0,MARINGOUIN,LA,60,2,Day,Clear,Yard,Single Car,2,38955,0,56506,H312,30.54159,-91.566947,63.2,67.1,64
NS,130467,2018-08-06,2:15 AM,Other impacts,0,CONWAY,PA,72,4,Dark,Clear,Yard,Freight Train,0,50,0,35557,H306,40.672356,-80.251823,75.2,78,76.8
CRSH,122194,2016-09-26,3:10 AM,Derailment,0,MORRISVILLE,PA,54,4,Dark,Clear,Yard,Yard/switching,5,16702,0,16702,H503,40.194039,-74.805739,59.5,60.7,67
RJCP,RJCP0002,2016-11-14,1:15 PM,Derailment,0,CLEARFIELD,PA,55,2,Day,Clear,Industry,Freight Train,7,11200,7500,18700,M507,41.002336,-78.397912,39.7,39,40.9
LC,20230808,2023-08-08,8:15 AM,Side collision,0,KERSHAW,SC,79,2,Day,Clear,Industry,Freight Train,4,24000,8000,32000,H704,34.551821,-80.581937,79.8,79.5,80.2
BNSF,SW0217106,2017-02-13,2:30 AM,Derailment,0,BELEN,NM,37,4,Dark,Rain,Yard,Freight Train,5,4060,9000,13060,H607,34.63761,-106.771838,46,35.2,38.9
UP,0416HO008,2016-04-06,3:30 AM,Derailment,0,HOUSTON,TX,68,4,Dark,Cloudy,Yard,Yard/switching,7,333367,201370,534737,E24C,29.809155,-95.296045,69.8,69.7,72.8
NS,146025,2022-07-30,9:40 AM,Derailment,0,WEST FAIRVIEW,PA,84,2,Day,Clear,Yard,Yard/switching,2,37761,0,37761,E4BC,40.279832,-76.922472,74,77.4,73.1
WTNN,515,2015-10-05,10:20 AM,Derailment,0,JACKSON,TN,86,2,Day,Clear,Main,Freight Train,20,120000,40000,160000,T212,35.745208,-88.85957,55.6,65.5,71.7
BNSF,PR1218101,2018-12-01,1:50 AM,Other (describe in narrative),0,PROVO,SD,28,4,Dark,Fog,Main,Freight Train,4,0,35192,35192,H705,43.152467,-103.732313,35.7,30.1,25.6
SEPA,Y236,2022-12-21,1:45 PM,Hwy-rail crossing,0,LANSDOWNE,PA,40,2,Day,Clear,Main,EMU,40,35000,232054,267054,M303,39.938288,-75.265194,33.7,32.3,38.7
CSX,000180293,2018-12-12,6:10 AM,Derailment,0,NASHVILLE,TN,29,4,Dark,Clear,Yard,Yard/switching,10,25010,20210,45220,S007,36.112142,-86.770737,33.7,45.4,52.4
CSX,000201287,2021-11-12,3:00 PM,Other impacts,0,PHILADELPHIA,PA,68,2,Day,Clear,Yard,Freight Train,0,36999,0,41389,H318,39.898302,-75.16734,53.2,59.2,46.4
UP,1016ES003,2016-10-07,8:57 AM,Obstruction,0,WEATHERFORD,TX,60,2,Day,Clear,Main,Spec. MoW Equip.,40,1020,0,20103,H402,32.776359,-97.814672,81.1,64.8,63.2
CSX,000204311,2022-04-15,12:00 PM,Obstruction,0,PHILADELPHIA,PA,70,2,Day,Clear,Industry,Freight Train,5,0,14550,14550,H307,39.898701,-75.16696,71.8,60.1,62.1
RCPE,RCP770015R,2015-07-08,1:00 PM,Derailment,0,ONIDA,SD,78,2,Day,Clear,Siding,Yard/switching,25,200000,0,200000,H022,44.70771,-100.061735,63.5,67.4,69.5
CSX,000200470,2021-10-03,10:20 PM,Hwy-rail crossing,0,HANAHAN,SC,72,4,Dark,Cloudy,Main,,0,0,4199,27280,M302,32.975464,-80.040751,71.7,73.3,74.9
NS,137847,2020-04-30,11:19 AM,Other impacts,0,WEST FAIRVIEW,PA,61,2,Day,Rain,Yard,Yard/switching,5,8000,1516,13516,M407,40.279807,-76.922451,57.8,59.9,58.8
ATK,159984,2019-07-10,11:00 AM,Derailment,0,PHILADELPHIA,PA,85,2,Day,Clear,Yard,Yard/switching,5,37600,50000,87600,M201,39.962306,-75.183576,77.7,80.4,76.2
BNSF,HL1217121,2017-12-27,4:30 PM,Derailment,0,ASHLAND,NE,6,2,Day,Clear,Main,Freight Train,51,4000,181321,185321,E61C,41.047769,-96.336001,2.9,0.2,16.4
NS,155541,2024-01-24,1:20 PM,Other impacts,0,ALLENTOWN,PA,37,2,Day,Cloudy,Yard,Single Car,0,700,0,25700,H312,40.601252,-75.441088,34.7,36.9,44.3