reportingrailroadcode,accidentnumber,date,time,accidenttype,hazmatreleasedcars,station,stateabbr,temperature,visibility_code,visibility,weathercondition,tracktype,equipmenttype,trainspeed,equipmentdamagecost,trackdamagecost,totaldamagecost,primaryaccidentcausecode,latitude,longitude,prior_temp,actual_temp,following_temp
BNSF,HL0722109,2022-07-16,2:00 PM,Derailment,0,MEMPHIS,TN,100,2,Day,Clear,Yard,Yard/switching,4,27745,6900,34645,H503,35.026339,-89.893168,85.3,87.4,88.2
NS,141451,2021-05-05,10:39 AM,Derailment,0,CHATTANOOGA,TN,72,2,Day,Clear,Yard,Freight Train,6,153064,64219,217283,T213,35.071563,-85.21522,69.2,66.2,60.8
NS,124279,2017-03-12,10:30 AM,Other impacts,0,CONWAY,PA,23,2,Day,Clear,Yard,Yard/switching,5,35000,0,35000,M206,40.672356,-80.251823,20.1,21,27.9
NS,124554,2017-04-01,3:53 AM,Rear end collision,0,DEPAUW,IN,42,4,Dark,Cloudy,Main,Freight Train,11,30,7943,67973,H222,38.336355,-86.243072,53.6,47.7,55.2
NS,120304,2016-04-29,12:54 AM,Derailment,0,FOUNTAIN HILL,PA,46,4,Dark,Clear,Yard,Yard/switching,1,47850,2000,49850,E85C,40.611937,-75.426702,48.3,48.1,51.4
NS,121102,2016-07-04,2:00 PM,Derailment,0,HIXSON,TN,93,2,Day,Clear,Yard,Yard/switching,4,729,9804,10533,M411,35.090919,-85.238234,82.4,86.5,80.6
ATK,162589,2019-12-31,11:31 PM,Hwy-rail crossing,0,ARCADIA,SC,42,4,Dark,Clear,Main,Passenger Train - Pulling,57,22239,0,22239,M303,34.961174,-81.983647,60.2,45.9,42
BNSF,TC0715116,2015-07-24,10:00 AM,Derailment,0,ABERDEEN,SD,80,2,Day,Clear,Yard,Yard/switching,7,15852,800,16652,E64C,45.465753,-98.489157,77.8,77.6,73.4
CSX,000150388,2015-08-10,3:00 PM,Raking collision,0,NASHVILLE,TN,87,2,Day,Clear,Yard,Cut of cars,0,48548,0,61048,E06C,36.09217,-86.760617,81,81.4,82
NS,121777,2016-08-21,10:46 PM,Derailment,0,SHEPHERD,TN,80,4,Dark,Clear,Yard,Yard/switching,10,6466,6767,13233,M408,35.085649,-85.225965,78.4,78.2,76.7
PTRA,2016000017,2016-05-21,3:00 AM,Derailment,0,HOUSTON,TX,73,4,Dark,Clear,Yard,Freight Train,15,20000,0,20000,H318,29.711586,-95.250205,74.7,75.4,78.1
UP,0920HL026,2020-09-28,12:39 PM,Hwy-rail crossing,0,TIPTON,MO,61,2,Day,Clear,Main,Freight Train,40,11353,750,12103,M302,38.663056,-92.815786,64.4,57,56.5
NS,121260,2016-07-14,8:18 AM,Hwy-rail crossing,0,CHATTANOOGA,TN,80,2,Day,Clear,Main,Freight Train,40,1656996,432023,2089019,M304,35.00812,-85.37467,83.2,82.3,80.5
UP,1123PN001,2023-11-05,5:54 AM,Derailment,0,PORTLAND,OR,52,1,Dawn,Cloudy,Yard,Freight Train,6,29887,600,30487,H503,45.542877,-122.684109,60.3,55.8,54.6
ARR,2015126,2015-07-03,7:55 AM,Other (describe in narrative),0,ANCHORAGE,AK,0,1,Dawn,Clear,Yard,Light loco(s),20,187943,687,188630,H017,61.222756,-149.888214,55.9,63.8,62.3
BLF,20190222,2019-06-05,9:30 AM,Hwy-rail crossing,0,MIAMI-DADE,FL,80,2,Day,Clear,Main,Passenger Train - Pulling,70,25459,0,39591,M303,25.532698,-80.101439,83.1,83.7,82.7
NS,121894,2016-08-30,10:50 AM,Obstruction,0,LULA,GA,85,2,Day,Clear,Main,Spec. MoW Equip.,0,60000,0,60030,H405,34.3855,-83.679372,78.6,78.2,79.8
NIRC,9419002215,2024-07-06,1:55 PM,Hwy-rail crossing,0,CHICAGO,IL,78,2,Day,Clear,Main,Commuter Train - Pushing,20,13681,0,13681,M308,41.73027,-87.66638,76,73.2,74.2
SCXF,20200515I,2020-05-15,3:25 PM,Rear end collision,0,PAHOKEE,FL,90,2,Day,Rain,Main,Freight Train,0,50000,0,50500,H607,26.843872,-80.644311,76,75.4,77
CSX,000178050,2018-05-31,2:20 PM,Fire/violent rupture,0,SAVANNAH,GA,84,2,Day,Cloudy,Main,,0,0,97,15097,E74L,32.069581,-81.147804,77.7,79.5,80.7
ATK,149393,2017-09-06,6:55 PM,Hwy-rail crossing,0,SLIDELL,LA,79,2,Day,Clear,Main,Passenger Train - Pulling,78,22635,0,22635,M302,30.223968,-89.819524,81.1,74.1,70.1
CP,1001644857,2022-02-11,5:30 AM,Other impacts,0,BENSENVILLE,IL,33,4,Dark,Cloudy,Yard,Cut of cars,0,5597,0,12843,H799,41.941768,-87.885515,29.8,36.8,18.2
CSX,000144240,2015-04-05,6:20 PM,Other impacts,0,LAFAYETTE,IN,61,2,Day,Clear,Yard,Cut of cars,4,619,0,28694,H318,40.419863,-86.896131,41.4,50.7,53.2
FEC,D148111614,2014-11-16,2:00 AM,Derailment,0,MIAMI SPRINGS,FL,76,4,Dark,Clear,Yard,Freight Train,10,54764,2098,56862,H525,25.816584,-80.305767,72.7,77.4,80.1
NS,143092,2021-10-07,8:20 PM,Other (describe in narrative),0,SHELBYVILLE,KY,72,4,Dark,Clear,Industry,Cut of cars,5,3188,0,16070,H704,38.20648,-85.25717,71,69.6,69.8
UP,1220MA002,2020-12-02,10:42 AM,Derailment,0,PINE BLUFF,AR,46,2,Day,Clear,Yard,Yard/switching,8,103150,7334,110484,S001,34.249421,-91.9397,37.7,42.5,42.3
CSX,000199199,2021-08-02,12:00 AM,Derailment,0,WAYCROSS,GA,87,4,Dark,Rain,Yard,Yard/switching,7,17595,3016,20611,M103,31.213524,-82.353588,80.5,78,77.3
CSX,000164304,2016-11-12,2:51 AM,Hwy-rail crossing,0,EMERSON,GA,45,4,Dark,Clear,Main,Freight Train,31,4411,8000,12411,M303,34.113215,-84.731096,50.7,52.8,49.9
CSX,000193198,2020-10-12,7:30 AM,Derailment,0,TAMPA,FL,75,1,Dawn,Clear,Yard,Freight Train,8,14075,163,14238,T211,27.955841,-82.389523,81.5,79.9,79.9
NOPB,NOPB00004F,2022-02-10,9:45 PM,Raking collision,0,NEW ORLEANS,LA,56,4,Dark,Clear,Yard,Yard/switching,6,0,0,32718,H401,29.915466,-90.121263,54.2,57.7,59.1
FEC,X11030719,2019-03-07,6:17 PM,Hwy-rail crossing,0,HOLLYWOOD,FL,67,3,Dusk,Clear,Main,,0,0,1110,13110,M308,26.021644,-80.149403,61.1,64.6,73.2
NS,117814,2015-10-16,9:30 PM,Derailment,0,FRANKFORT,IN,40,4,Dark,Clear,Yard,Yard/switching,3,23012,300,23312,H704,40.282476,-86.52475,53.2,47.1,39.5
UP,1021MA045,2021-10-29,8:26 PM,Derailment,0,NORTH LITTLE ROCK,AR,55,4,Dark,Cloudy,Industry,Yard/switching,4,10755,0,12989,H704,34.764982,-92.215683,55.5,54.5,57.7
NS,154636,2023-10-30,9:40 PM,Other impacts,0,NEW HAVEN,IN,32,4,Dark,Clear,Yard,Single Car,0,300,0,17900,H312,41.074131,-85.037634,45.3,40.3,30.9
NS,120641,2016-05-25,4:51 PM,Derailment,0,HOWARD,GA,72,3,Dusk,Clear,Main,Freight Train,39,288178,372552,660730,H508,32.582788,-84.330173,76.2,79.2,80.6
SCXF,20200515I,2020-05-15,3:25 PM,Rear end collision,0,PAHOKEE,FL,90,2,Day,Rain,Main,Freight Train,15,500,0,50500,H607,26.843872,-80.644311,76,75.4,77
NOPB,S20170507T,2017-05-07,9:00 AM,Side collision,0,NEW ORLEANS,LA,82,2,Day,Clear,Yard,Single Car,5,750,0,15750,H318,29.915469,-90.117014,71.1,74.2,76.1
ALS,0324AS018,2024-03-27,10:15 PM,Derailment,0,EAST ST LOUIS,IL,41,4,Dark,Clear,Yard,Yard/switching,10,58436,33,58469,M405,38.59291,-90.147623,45.7,43.3,48.5
NICD,N1400031,2014-12-19,5:20 AM,Derailment,0,MICHIGAN CITY,IN,30,4,Dark,Cloudy,Main,,0,0,32761,434450,M507,41.705402,-86.92647,27.3,30.9,32.2
BLF,20180064,2018-03-10,8:05 PM,Hwy-rail crossing,0,DEERFIELD BEACH,FL,75,4,Dark,Rain,Main,Passenger Train - Pulling,77,20812,0,21012,M303,26.304833,-80.105029,61.1,68.2,77.9
ATK,138006,2015-06-27,10:15 PM,Hwy-rail crossing,0,RANTOUL,IL,66,4,Dark,Clear,Main,Passenger Train - Pulling,79,16548,0,17071,M308,40.282752,-88.171116,69.9,68.7,69.1
TRRA,24022OR,2024-07-20,3:20 AM,Derailment,0,VENICE,IL,70,4,Dark,Clear,Yard,,0,0,166177,166177,H703,38.662847,-90.160665,72.1,73.1,75.2
IC,956066,2018-04-18,11:52 AM,Hwy-rail crossing,0,PONCHATOULA,LA,75,2,Day,Clear,Main,,0,0,16350,16649,M308,30.438433,-90.44136,62,69.2,65.6
SCXF,20200827D,2020-08-27,10:15 AM,Derailment,0,CLEWISTON,FL,95,2,Day,Clear,Siding,Freight Train,10,23000,2500,25500,H303,26.690727,-80.879942,82.1,80.9,82.1
BNSF,CH0524108,2024-05-12,2:08 PM,Other impacts,0,GALESBURG,IL,75,2,Day,Clear,Yard,Yard/switching,14,80000,0,80000,M407,40.910731,-90.383392,63.2,67.4,65.7
NS,122357,2016-10-08,11:15 AM,Derailment,0,PRINCETON,IN,70,2,Day,Clear,Yard,Freight Train,2,25250,700,25950,H601,38.340329,-87.539323,68.4,56.8,58
CSX,000175733,2018-04-10,8:58 PM,Side collision,0,INDIANAPOLIS,IN,35,4,Dark,Clear,Yard,Light loco(s),6,9000,608,16608,H307,39.759791,-86.327526,36,37.1,47.5
CSX,000160537,2016-06-13,12:15 PM,Derailment,0,ATLANTA,GA,95,2,Day,Clear,Yard,Freight Train,9,11606,376,11982,H503,33.801524,-84.45,83.4,85.5,79.8
ATK,177477,2023-12-06,9:44 PM,Derailment,0,NEW ORLEANS,LA,57,4,Dark,Clear,Yard,Light loco(s),5,26504,0,26504,H303,29.950534,-90.086254,56.4,54,54.2
NS,156488,2024-04-26,2:33 PM,Derailment,0,ELKHART,IN,55,2,Day,Clear,Yard,Yard/switching,5,2400,25089,27489,M101,41.671249,-85.995315,43.1,49.7,67.2
BNSF,KS0619107,2019-06-13,8:13 AM,Side collision,0,KANSAS CITY,KS,78,1,Dawn,Clear,Yard,Yard/switching,2,863,0,32403,H317,39.082195,-94.677634,66.9,68.3,72.9
FEC,X39111219,2019-11-12,8:44 AM,Hwy-rail crossing,0,ST AUGUSTINE,FL,69,2,Day,Clear,Main,Freight Train,49,2279,14987,17266,M304,29.845423,-81.332013,64.7,66.7,58.1
UP,0319MA013,2019-03-07,2:45 AM,Derailment,0,SHREVEPORT,LA,47,4,Dark,Cloudy,Main,Freight Train,8,8480,481808,490288,M507,32.436811,-93.812752,41.4,54.8,69.6
NS,120769,2016-06-04,1:27 AM,Other impacts,0,MACON,GA,76,4,Dark,Clear,Yard,Yard/switching,0,12500,0,12500,M407,32.813729,-83.622793,81.5,82.1,77.9
BLF,20190126,2019-03-20,11:39 PM,Hwy-rail crossing,0,MIAMI-DADE,FL,80,4,Dark,Clear,Main,Passenger Train - Pulling,70,16640,0,17762,M308,25.890759,-80.170646,68.5,70.4,70.1
CSX,000187593,2019-12-27,11:08 PM,Hwy-rail crossing,0,POMPANO BEACH,FL,88,4,Dark,Cloudy,Main,Freight Train,50,4157,0,28422,M303,26.274848,-80.134276,75.9,76.6,77.4
NS,116816,2015-08-06,5:50 AM,Other impacts,0,MACON,GA,76,1,Dawn,Cloudy,Yard,Yard/switching,8,0,0,30000,H706,32.813729,-83.622793,84.4,79.5,82.5
BRC,14781,2024-06-22,11:31 PM,Raking collision,0,CHICAGO,IL,75,4,Dark,Clear,Main,,0,0,150570,311460,H996,41.845585,-87.73885,81,84.3,75.3
BNSF,KS1016111,2016-10-17,1:00 PM,Derailment,0,KANSAS CITY,KS,80,2,Day,Clear,Main,Spec. MoW Equip.,0,1000000,0,1000000,H997,39.066281,-94.743625,77.2,80,70.5
BNSF,CH1223109,2023-12-17,9:24 AM,Derailment,0,CHICAGO,IL,45,2,Day,Clear,Yard,Freight Train,3,154,51861,83115,H306,41.811737,-87.715909,44.3,42.3,30.5
FEC,D149111714,2014-11-17,10:30 AM,Side collision,0,JACKSONVILLE,FL,75,2,Day,Cloudy,Yard,Yard/switching,4,32500,0,72147,H306,30.251922,-81.61097,61.6,68.2,46.5
BNSF,CH0221109,2021-02-11,8:15 PM,Other impacts,0,OTTUMWA,IA,-10,3,Dusk,Clear,Yard,Light loco(s),4,15150,0,15150,H306,41.012305,-92.407114,8.3,3,-2.2
CRSH,118512,2015-12-08,9:20 PM,Derailment,0,HAMTRAMCK,MI,39,4,Dark,Clear,Yard,Freight Train,4,2142,8829,10971,H602,42.37812,-83.04704,31.5,38.3,44.8
UP,0623PR017,2023-06-24,12:00 PM,Other (describe in narrative),0,MELROSE PARK,IL,89,2,Day,Clear,Yard,Single Car,0,30878,0,30878,M507,41.897907,-87.898263,75.8,79.1,75
CSX,000202765,2022-01-30,3:36 AM,Side collision,0,INDIANAPOLIS,IN,23,4,Dark,Clear,Yard,Yard/switching,5,111568,1800,199433,H307,39.759798,-86.327516,15,25.9,28.4
NS,117078,2015-08-23,12:45 PM,Other impacts,0,ELKHART,IN,73,2,Day,Cloudy,Yard,Light loco(s),10,15000,0,38757,S099,41.677391,-85.978436,68.6,69.1,64.6
CSX,000173670,2017-12-21,7:28 PM,Hwy-rail crossing,0,LILLY,GA,63,3,Dusk,Cloudy,Main,Freight Train,45,1638,19612,21250,M303,32.147391,-83.877885,69.1,61.4,62.4
NS,119402,2016-02-17,11:57 PM,Derailment,0,ELKHART,IN,19,4,Dark,Clear,Siding,Freight Train,14,221222,0,239406,H999,41.678191,-85.976911,29,28.3,26.4
CSX,000213421,2023-09-12,6:35 AM,Hwy-rail crossing,0,HENRYVILLE,IN,60,1,Dawn,Rain,Main,Freight Train,30,0,0,72445,M303,38.54151,-85.76536,72.1,70.2,67.2
IC,1147437,2024-03-28,10:15 AM,Fire/violent rupture,0,MULKEYTOWN,IL,63,2,Day,Clear,Main,Maint./inspect Car,5,269176,0,269176,M599,37.959652,-89.099527,43.9,47.2,59.2
CSX,000175342,2018-03-21,2:30 AM,Other impacts,0,INDIANAPOLIS,IN,30,4,Dark,Clear,Yard,Cut of cars,5,56588,32,97620,H318,39.759791,-86.327526,35.7,35.4,35.9
UP,0717LV001,2017-07-05,7:05 PM,Other impacts,0,LOTTIE,LA,89,3,Dusk,Cloudy,Yard,Yard/switching,2,316,0,11505,M411,30.531289,-91.560109,81.9,83,80.7
FEC,D53101019,2019-10-10,10:00 AM,Side collision,0,JACKSONVILLE,FL,77,2,Day,Clear,Yard,Yard/switching,1,8000,0,18000,H306,30.227537,-81.593087,75.6,75.5,74.5
ATK,145184,2016-11-20,10:41 PM,Derailment,0,"WASHINGTON, DC",DC,35,4,Dark,Clear,Yard,Yard/switching,3,45692,0,45692,H303,38.899556,-77.005259,51.8,41.2,39.4
BNSF,HL1221109,2021-12-11,2:20 AM,Derailment,0,WEST MEMPHIS,AR,63,4,Dark,Rain,Main,Freight Train,0,468789,0,468789,M105,35.174612,-90.137562,71.9,49.3,39.6
CSX,000207732,2022-10-11,12:45 AM,Obstruction,0,PRINCETON,IN,58,4,Dark,Clear,Industry,Freight Train,3,1000000,0,1000000,M404,38.36752,-87.587974,59.7,64.3,65.1
IC,1133876,2023-06-07,10:10 AM,Side collision,0,CHAMPAIGN,IL,74,2,Day,Clear,Yard,Yard/switching,4,4500,0,29344,H702,40.115977,-88.241615,73.2,68.8,65.4
NS,122980,2016-12-02,7:15 PM,Derailment,0,MACON,GA,60,3,Dusk,Cloudy,Yard,Yard/switching,2,121,15223,15344,M411,32.813658,-83.622785,53,47.9,50.9
WC,1702117,2024-08-28,1:58 PM,Derailment,0,JOLIET,IL,83,2,Day,Cloudy,Yard,Freight Train,4,134000,10131,144131,H505,41.554453,-88.078755,84.5,76.5,77.5
BRC,14409,2020-12-08,4:30 AM,Other impacts,0,BEDFORD PARK,IL,35,4,Dark,Clear,Yard,,0,0,14915,107602,H306,41.76475,-87.791319,35.9,34.9,40.2
FEC,T12041219,2019-04-12,11:59 AM,Other (describe in narrative),0,POMPANO BEACH,FL,80,2,Day,Clear,Main,,0,0,0,15325,M599,26.203612,-80.132372,76.9,79.8,80.8
UP,0119HL035,2019-01-29,10:30 AM,Other (describe in narrative),0,KANSAS CITY,KS,25,2,Day,Cloudy,Yard,Cut of cars,0,77358,150,77508,M201,39.097694,-94.666802,31.1,19,2.5
NS,126741,2017-09-22,11:45 AM,Derailment,0,NEW HAVEN,IN,91,2,Day,Clear,Yard,Yard/switching,2,9423,2500,11923,H312,41.074135,-85.038844,76.7,77,75.6
GSWR,GSW733715,2015-07-21,8:40 PM,Other (describe in narrative),0,SASSER,GA,90,3,Dusk,Clear,Yard,Cut of cars,0,65000,0,65000,M501,31.733377,-84.368573,81.6,82.9,81.6
BNSF,CH0418203,2018-04-17,12:28 PM,Hwy-rail crossing,0,GALESBURG,IL,53,2,Day,Clear,Main,Freight Train,20,11591,1000,12591,M308,40.939038,-90.40274,34.2,41.1,37.4
CSX,000214265,2023-10-28,10:10 PM,Side collision,0,JACKSONVILLE,FL,75,4,Dark,Clear,Yard,Freight Train,4,221817,3092,231974,H306,30.293833,-81.977425,73.9,74.2,73.5
CSX,000172715,2017-11-07,6:50 AM,Derailment,1,MANCHESTER,GA,62,4,Dark,Clear,Yard,Freight Train,4,69791,2046,71837,H702,32.852115,-84.608817,68.1,69.9,66.7
CSX,000213370,2023-09-09,3:12 PM,Other impacts,0,LAKE ALFRED,FL,91,2,Day,Clear,Industry,Cut of cars,5,9712,0,13577,H302,28.09667,-81.724199,79.1,79.2,82.9
MBTA,5723,2018-11-27,7:35 AM,Derailment,0,BELMONT,MA,33,1,Dawn,Rain,Main,Passenger Train - Pushing,63,11283,5562,16845,E51C,42.382791,-71.207399,43.7,42.4,39.2
NS,143092,2021-10-07,8:20 PM,Other (describe in narrative),0,SHELBYVILLE,KY,72,4,Dark,Clear,Industry,Cut of cars,5,603,0,16070,H704,38.20648,-85.25717,71,69.6,69.8
IHB,20232866,2023-10-02,6:30 AM,Derailment,0,HAMMOND,IN,65,1,Dawn,Clear,Yard,Yard/switching,10,18300,590,18890,H309,41.607045,-87.483167,68.9,68.8,70.8
UP,0918LV014,2018-09-21,9:26 PM,Other impacts,0,LOTTIE,LA,85,4,Dark,Clear,Yard,Yard/switching,0,36471,0,207137,M411,30.525485,-91.555759,80.3,80.3,77.8
BLF,20190121,2019-03-18,8:54 PM,Hwy-rail crossing,0,LAKE WORTH,FL,68,4,Dark,Cloudy,Main,Passenger Train - Pulling,79,15700,0,16325,M308,26.627737,-80.05924,72.4,69.8,66.4
FEC,T20053122,2022-05-31,4:16 PM,Other (describe in narrative),0,POMPANO BEACH,FL,82,2,Day,Clear,Main,,0,0,0,15436,M599,26.260778,-80.117568,80.1,80.7,80.6
CFRC,21070,2021-03-11,6:04 PM,Hwy-rail crossing,0,KISSIMMEE,FL,73,2,Day,Clear,Main,Commuter Train - Pulling,45,11580,685,12265,M308,28.304546,-81.399447,65.2,68,68.9
BNSF,HL0919112,2019-09-19,7:49 PM,Derailment,0,FORT SCOTT,KS,83,3,Dusk,Clear,Yard,Freight Train,5,111099,59100,170199,H307,37.843714,-94.698565,80.2,79.7,73.6
CSX,000142306,2015-03-02,1:04 PM,Side collision,0,SAVANNAH,GA,68,2,Day,Clear,Yard,Yard/switching,0,4993,0,62776,H699,32.027669,-81.148944,45.6,58.5,61.2
CSX,000147968,2015-06-17,9:22 PM,Side collision,0,AUGUSTA,GA,86,4,Dark,Clear,Yard,Freight Train,0,27123,0,32173,H306,33.455379,-81.952251,89.1,88.9,84.7
CSX,000214265,2023-10-28,10:10 PM,Side collision,0,JACKSONVILLE,FL,75,4,Dark,Clear,Yard,Yard/switching,10,7065,0,231974,H306,30.293833,-81.977425,73.9,74.2,73.5
ATK,153159,2018-05-08,11:12 PM,Derailment,0,CHICAGO,IL,66,4,Dark,Clear,Yard,Light loco(s),13,18037,0,18037,H704,41.878195,-87.638443,61.9,70.2,71
CSX,000186715,2019-11-21,6:25 PM,Hwy-rail crossing,0,WAYCROSS,GA,53,4,Dark,Clear,Main,Freight Train,0,0,0,16885,M308,31.248501,-82.374725,53.2,54.6,59.1
UP,0819GL002,2019-08-01,5:45 PM,Hwy-rail crossing,0,LAKOTA,IA,81,2,Day,Clear,Main,Freight Train,40,66447,505,66952,M302,43.399469,-94.054316,66.9,70.1,70.9
SFRV,120120232,2023-12-01,1:05 PM,Fire/violent rupture,0,OPA LOCKA,FL,78,2,Day,Clear,Main,Commuter Train - Pulling,0,120000,0,120000,M406,25.92155,-80.21705,70.6,75.9,78.4
NIRC,9419001236,2022-12-23,11:01 AM,Other impacts,0,CHICAGO,IL,-3,2,Day,Cloudy,Main,EMU,15,19029,2408,21437,E78L,41.74464,-87.59864,20.8,-4.3,6.2
HRT,160719,2016-07-19,1:55 PM,Hwy-rail crossing,0,BOWMAN,GA,97,2,Day,Clear,Main,Freight Train,3,10500,0,10500,M304,34.176937,-82.959373,78.9,82.5,83.8
AKMD,AKM793124O,2024-05-08,8:10 PM,Derailment,0,MALVERN,AR,78,4,Dark,Cloudy,Main,,0,0,74640,85459,T221,34.37561,-92.82272,80.5,77.5,76.6
UP,0223MA001,2023-02-01,1:39 PM,Other impacts,0,NORTH LITTLE ROCK,AR,29,2,Day,Cloudy,Yard,Yard/switching,10,4280,0,28887,H304,34.773846,-92.2233,30,29.6,34
NS,131469,2018-10-28,9:30 PM,Other impacts,0,LEXINGTON,NC,50,4,Dark,Clear,Yard,Yard/switching,8,2810,0,135448,H318,35.750635,-80.318238,50.3,52.8,54.2
CSX,000158999,2016-04-12,5:45 AM,Other impacts,0,SAVANNAH,GA,63,1,Dawn,Clear,Yard,Light loco(s),1,23516,100,23616,H306,32.027718,-81.14885,63.8,66.3,63.8
UP,0622MA040,2022-06-30,4:00 PM,Derailment,0,NORTH LITTLE ROCK,AR,92,2,Day,Cloudy,Yard,Light loco(s),5,13093,4500,17593,H702,34.775396,-92.22057,78,82.2,83.2
CSX,000169664,2017-06-15,5:10 PM,Side collision,0,WAYCROSS,GA,90,2,Day,Clear,Yard,Yard/switching,4,1075,0,14108,H307,31.213524,-82.353588,79.3,80.8,82.3
BNSF,TC0617103,2017-06-05,1:00 PM,Derailment,0,DULUTH,MN,56,2,Day,Clear,Yard,Yard/switching,4,900,23077,23977,H607,46.765836,-92.118084,61.8,55,56.4
UP,1214CB004,2014-12-02,9:50 AM,Derailment,0,ARLINGTON,NE,33,2,Day,Clear,Main,Freight Train,31,5492,229000,234492,E54C,41.449652,-96.341858,17.4,27.5,29.6
BNSF,HL0423202,2023-04-12,10:03 AM,Hwy-rail crossing,0,OSCEOLA,AR,70,2,Day,Clear,Main,Light loco(s),45,34779,0,34779,M302,35.747828,-89.945923,61.8,63.5,64.8
FEC,X19041223,2023-04-12,7:37 PM,Hwy-rail crossing,0,HOLLYWOOD,FL,72,3,Dusk,Rain,Main,,0,0,67728,216587,M308,26.003954,-80.148839,73.3,71.5,75.6
NS,125210,2017-05-25,2:11 PM,Derailment,0,ROCKMART,GA,74,2,Day,Clear,Industry,Freight Train,5,18309,200,18509,H306,34.008827,-85.056594,66.6,63.2,67.5
UP,0916CB010,2016-09-28,4:50 AM,Derailment,0,COUNCIL BLUFFS,IA,50,4,Dark,Clear,Yard,Yard/switching,4,20526,50356,70882,E64C,41.250495,-95.88318,63.3,55.7,57.1
UP,1222MA004,2022-12-03,11:30 PM,Derailment,0,PINE BLUFF,AR,43,4,Dark,Cloudy,Yard,Yard/switching,4,19466,17790,37256,H307,34.233554,-91.955297,56.5,57.4,41.3
UP,0223MA020,2023-02-16,1:28 PM,Derailment,0,NORTH LITTLE ROCK,AR,50,2,Day,Cloudy,Yard,Freight Train,4,198000,64442,262442,T220,34.764949,-92.251522,65.5,54.7,40.6
SFRV,05182023,2023-05-18,4:00 PM,Other (describe in narrative),0,MIAMI-DADE,FL,79,2,Day,Clear,Yard,Passenger Train - Pulling,0,15000,0,15000,H311,25.86547,-80.26009,80.1,77.2,79.1
BNSF,SW0520103,2020-05-21,1:10 AM,Derailment,0,WINSLOW,AZ,45,4,Dark,Clear,Yard,Freight Train,10,99468,10000,125666,M503,35.031406,-110.724978,58.9,60.8,64.2
UP,0723MA012,2023-07-06,8:54 PM,Derailment,0,NORTH LITTLE ROCK,AR,78,4,Dark,Cloudy,Yard,Yard/switching,9,125685,119360,245045,E89C,34.771627,-92.229026,80.9,82.8,81.5
CSX,000193176,2020-10-11,1:30 AM,Derailment,0,LILBURN,GA,65,4,Dark,Rain,Main,Freight Train,39,2526210,191918,2718128,M103,33.884821,-84.134123,68.2,70.9,70.9
UP,0916ST015,2016-09-13,10:05 PM,Derailment,0,RIO RICO,AZ,74,4,Dark,Clear,Main,Freight Train,13,217082,33626,250708,H601,31.454368,-110.969262,72.3,73.8,73.4
UP,0920LA013,2020-09-18,6:20 AM,Derailment,0,BENSON,AZ,59,1,Dawn,Clear,Yard,Freight Train,4,16680,1171,17851,H307,31.964715,-110.286903,79.1,77.6,78.4
CSX,000195356,2021-01-29,9:53 AM,Derailment,0,ATLANTA,GA,40,2,Day,Clear,Yard,Freight Train,10,51417,4908,56325,H702,33.794105,-84.417335,39.3,38.2,40
ATK,168288,2021-09-08,3:35 PM,Derailment,0,WASHINGTON,DC,88,2,Day,Clear,Yard,Yard/switching,3,23431,965,24396,H303,38.91627,-76.984515,74.8,76.3,72.8
CSX,000182352,2019-04-14,7:20 AM,Side collision,0,WAYCROSS,GA,70,1,Dawn,Cloudy,Yard,Yard/switching,5,25767,636,43105,S007,31.213195,-82.353954,76.1,75.3,63.2
SCXF,20221031C,2022-10-31,10:34 AM,Hwy-rail crossing,0,MOORE HAVEN,FL,90,2,Day,Clear,Main,Freight Train,39,100000,2500,102500,M304,26.8963,-81.23812,75.6,77.1,79
CRSH,113440,2014-12-13,12:30 AM,Raking collision,0,RIVER ROUGE,MI,35,4,Dark,Cloudy,Yard,Cut of cars,0,1143,0,23797,H020,42.274454,-83.138534,32.6,38.6,47.7
BNSF,SW0821115,2021-08-31,8:45 AM,Derailment,0,GLENDALE,AZ,95,1,Dawn,Clear,Yard,Freight Train,2,18657,120000,139627,M503,33.527302,-112.173297,94.6,84.3,81
CSX,000169664,2017-06-15,5:10 PM,Side collision,0,WAYCROSS,GA,90,2,Day,Clear,Yard,Single Car,4,1500,33,14108,H307,31.213524,-82.353588,79.3,80.8,82.3
CSX,000158614,2016-03-30,5:25 PM,Other impacts,0,AVON,IN,69,3,Dusk,Rain,Yard,Single Car,7,13700,0,14128,M599,39.759366,-86.346097,45.7,52.3,59.3
UP,0523MA043,2023-05-23,10:43 AM,Derailment,0,HOPE,AR,72,2,Day,Clear,Main,Freight Train,6,6136,11169,17305,H514,33.716459,-93.633467,71.5,73.8,73.9
SCXF,20231030C,2023-10-30,9:55 AM,Hwy-rail crossing,0,PALMDALE,FL,85,2,Day,Clear,Main,Freight Train,37,1000000,500000,1500000,M304,26.896313,-81.238197,75.2,75.6,76.4
UP,0919ST012,2019-09-25,8:35 AM,Derailment,0,FLORENCE,AZ,68,2,Day,Cloudy,Main,Freight Train,14,6700,55728,62428,E04C,33.133195,-111.501125,74.3,78.6,77.3
UP,0122MA024,2022-01-21,7:20 PM,Derailment,0,PINE BLUFF,AR,28,3,Dusk,Cloudy,Yard,Yard/switching,9,7059,2283,30115,H318,34.244061,-91.946275,29.1,26.5,29.3