reportingrailroadcode,accidentnumber,date,time,accidenttype,hazmatreleasedcars,station,stateabbr,temperature,visibility_code,visibility,weathercondition,tracktype,equipmenttype,trainspeed,equipmentdamagecost,trackdamagecost,totaldamagecost,primaryaccidentcausecode,latitude,longitude,prior_temp,actual_temp,following_temp
UP,0618ST007,2018-06-07,5:40 PM,Fire/violent rupture,0,ROLL,AZ,102,2,Day,Clear,Main,Freight Train,60,20440,0,20440,E73L,32.711586,-113.855128,87.8,89,90.1
NS,134450,2019-06-22,7:10 PM,Other impacts,0,MACON,GA,75,3,Dusk,Rain,Yard,Yard/switching,3,10000,0,11000,H307,32.813658,-83.622785,84.1,80.6,75.8
UP,0123MA053,2023-01-24,10:30 PM,Other impacts,0,PINE BLUFF,AR,42,4,Dark,Clear,Yard,Single Car,5,775,0,34864,H018,34.249402,-91.93945,41.9,41.3,41
NS,138349,2020-06-26,6:51 PM,Other (describe in narrative),0,TOCCOA,GA,68,3,Dusk,Cloudy,Yard,Freight Train,3,11278,200,11478,H306,34.57834,-83.326115,76.4,75.7,73.7
UP,0324MA013,2024-03-10,6:09 AM,Other impacts,0,PINE BLUFF,AR,39,1,Dawn,Cloudy,Yard,Light loco(s),5,23480,64858,105674,H607,34.232058,-91.95914,53.4,50.9,54.1
BNSF,SW0324113,2024-03-27,4:23 PM,Derailment,0,KINGMAN,AZ,75,2,Day,Clear,Yard,Freight Train,4,13566,7505,21071,T212,35.258257,-113.957785,51.6,52.9,59.4
NS,141243,2021-04-15,12:20 PM,Side collision,0,ATLANTA,GA,64,2,Day,Clear,Yard,Freight Train,0,29220,0,58370,H399,33.793527,-84.444462,66.2,63.1,57.9
BNSF,TC0319128,2019-03-28,7:15 AM,Derailment,0,RUTHTON,MN,25,1,Dawn,Clear,Industry,Freight Train,5,141159,6000,156092,H704,44.169289,-96.111237,50.2,38.6,34.3
UP,1222MA043,2022-12-29,4:00 AM,Other impacts,0,PINE BLUFF,AR,63,1,Dawn,Cloudy,Yard,Yard/switching,4,153,0,12624,H018,34.246269,-91.943722,47.5,63.3,58.6
CSX,000183412,2019-06-05,9:20 PM,Other impacts,0,NEWNAN,GA,72,4,Dark,Cloudy,Industry,Cut of cars,1,38582,0,79060,H020,33.406697,-84.76994,75.2,75.6,73.9
UP,0922MA042,2022-09-20,7:00 AM,Derailment,0,NORTH LITTLE ROCK,AR,70,2,Day,Clear,Yard,Single Car,5,26360,0,33789,M407,34.775336,-92.221478,84.6,85,85.6
CSX,000179817,2018-11-13,4:25 AM,Derailment,0,TALBOTTON,GA,50,4,Dark,Rain,Industry,Freight Train,7,18583,0,37568,M101,32.642905,-84.501179,49.5,52,50.9
NIRC,9419001189,2022-12-04,1:30 PM,Hwy-rail crossing,0,CHICAGO,IL,50,2,Day,Clear,Main,Commuter Train - Pushing,25,12557,0,12557,M302,41.73119,-87.66537,30.2,29.2,36.5
UP,0122LA041,2022-01-15,6:35 PM,Derailment,0,PHOENIX,AZ,69,3,Dusk,Cloudy,Main,Yard/switching,4,9283,2131,11414,H702,33.444347,-112.039517,59,60.6,59.6
CRSH,118866,2016-01-09,9:30 PM,Raking collision,0,NEWARK,NJ,42,4,Dark,Rain,Yard,Yard/switching,2,248,0,121784,H316,40.706713,-74.13466,39.2,44.4,52.5
NS,129673,2018-06-01,7:32 AM,Derailment,0,JENKINSBURG,GA,75,1,Dawn,Clear,Main,Freight Train,8,7589,10057,17646,E06C,33.327103,-84.004031,77.6,74.1,76.9
NS,121447,2016-07-28,12:31 PM,Hwy-rail crossing,0,WARNER ROBINS,GA,97,2,Day,Clear,Main,Freight Train,41,7760,17543,25303,M303,32.612984,-83.597609,85.3,87.1,88.4
CSX,000188195,2020-02-01,4:53 AM,Derailment,0,STILESBORO,GA,60,4,Dark,Cloudy,Industry,Freight Train,10,13312,6920,20232,M101,34.126841,-84.883052,43,45.2,47.2
CSX,000191839,2020-08-05,9:00 PM,Derailment,0,WAYCROSS,GA,81,4,Dark,Clear,Yard,Yard/switching,4,16067,472,16539,M101,31.213524,-82.353588,79.9,83,80.1
UP,0324MA004,2024-03-07,6:45 PM,Other impacts,0,NORTH LITTLE ROCK,AR,62,3,Dusk,Cloudy,Yard,Cut of cars,0,82130,0,221369,H302,34.772857,-92.225141,60.5,59.7,61.1
UP,0823MA027,2023-08-20,11:45 PM,Other impacts,0,NORTH LITTLE ROCK,AR,85,4,Dark,Clear,Yard,Yard/switching,4,21578,0,35302,M407,34.7753,-92.221198,85.3,88.2,87.9
SFRV,03012023,2023-03-01,2:27 AM,Hwy-rail crossing,0,HOLLYWOOD,FL,66,4,Dark,Clear,Main,,0,0,0,12000,M308,25.996073,-80.167258,75.9,73.9,75.5
UP,0123MA030,2023-01-02,7:25 PM,Other impacts,0,NORTH LITTLE ROCK,AR,69,3,Dusk,Rain,Yard,Cut of cars,2,4129,0,22785,M407,34.774762,-92.222021,58.6,68.3,65.4
CSX,000148403,2015-06-25,5:00 AM,Derailment,0,WILMINGTON,DE,78,1,Dawn,Clear,Yard,Freight Train,6,108718,5240,113958,M204,39.759513,-75.560275,74.2,72.2,71.9
SFRV,05292023,2023-05-29,12:52 PM,Hwy-rail crossing,0,LAKE WORTH,FL,87,2,Day,Clear,Main,Commuter Train - Pulling,67,65000,8980,73980,M303,26.60904,-80.06937,81.2,80,81.2
BNSF,SW0720103,2020-07-06,5:30 AM,Derailment,0,WINSLOW,AZ,80,1,Dawn,Clear,Main,Freight Train,4,465726,300000,765726,H519,34.991644,-110.591891,82.1,82.8,81.6
UP,1018KC013,2018-10-10,11:13 AM,Other impacts,0,KANSAS CITY,KS,54,2,Day,Cloudy,Yard,Yard/switching,0,1596,0,22930,H306,39.094145,-94.660981,69.3,55,48.3
CSX,000209738,2023-02-10,8:30 PM,Derailment,0,WILMINGTON,DE,45,4,Dark,Cloudy,Industry,Yard/switching,7,31288,0,31288,H306,39.759497,-75.560413,45.3,54.5,41.4
NS,142543,2021-08-16,12:45 AM,Derailment,0,OCONEE,GA,72,4,Dark,Clear,Main,Freight Train,42,1308285,427678,1735963,T221,32.857344,-82.950462,78.4,77.7,80.2
KCS,22051601,2022-05-16,1:31 AM,Derailment,0,GRAVETTE,AR,83,4,Dark,Clear,Main,Freight Train,31,45051,142093,187144,H508,36.449637,-94.469074,70.6,70,69.4
NS,114956,2015-03-20,10:02 PM,Hwy-rail crossing,0,GAINESVILLE,GA,72,4,Dark,Clear,Main,Freight Train,43,30,12348,12378,M303,34.272332,-83.837626,48.4,52.2,58.9
BNSF,CH0115121,2015-01-26,10:50 AM,Other impacts,0,GALESBURG,IL,25,2,Day,Snow,Yard,Yard/switching,4,57719,0,57719,M407,39.28606,-94.013049,30.4,26,29.9
UP,0919ST009,2019-09-17,8:15 PM,Derailment,0,RED ROCK,AZ,92,4,Dark,Clear,Main,Freight Train,1,159,53693,53852,M599,32.568198,-111.317576,79.3,81.6,85.3
BRC,14054,2018-02-07,12:10 PM,Derailment,0,BEDFORD PARK,IL,20,2,Day,Clear,Yard,Yard/switching,4,53542,1546,55088,T220,41.769396,-87.756557,15.4,17.2,15.5
ATK,174786,2023-05-18,3:34 PM,Hwy-rail crossing,0,SEVILLE,FL,86,2,Day,Cloudy,Main,Passenger Train - Pulling,79,23791,0,23791,M302,29.290611,-81.481006,77.5,76.6,77.1
BNSF,HL1122112,2022-11-22,8:35 AM,Other impacts,0,PINE BLUFF,AR,38,1,Dawn,Clear,Yard,Freight Train,7,269000,0,270504,H702,34.249932,-91.938493,41.2,47.6,49.8
ATK,140753,2015-12-11,7:00 AM,Other (describe in narrative),0,CLAYMONT,DE,60,1,Dawn,Clear,Industry,,0,0,23000,23200,H022,39.753214,-75.504967,51.6,50.1,55.8
NS,154415,2023-10-05,8:30 AM,Other impacts,0,CENTRALIA,IL,63,2,Day,Clear,Siding,Spec. MoW Equip.,18,80000,0,80000,H601,38.539178,-89.141586,72.4,66.5,59.1
ATK,169886,2022-02-24,9:30 PM,Derailment,0,WASHINGTON,DC,34,4,Dark,Rain,Yard,Yard/switching,5,27904,3236,31140,H303,38.916539,-76.989465,61.8,36.4,41
CRSH,113440,2014-12-13,12:30 AM,Raking collision,0,RIVER ROUGE,MI,35,4,Dark,Cloudy,Yard,Yard/switching,7,22654,0,23797,H020,42.274454,-83.138534,32.6,38.6,47.7
CSX,000190412,2020-05-25,11:29 AM,Other impacts,0,CALHOUN,GA,75,2,Day,Clear,Main,Freight Train,3,336,324,36192,H021,34.465976,-84.946024,77.2,76.8,73.4
UP,0722MA026,2022-07-10,11:10 PM,Other impacts,0,PINE BLUFF,AR,76,4,Dark,Cloudy,Yard,Cut of cars,5,100,0,40293,H601,34.244847,-91.944626,86.5,81.9,82.8
ESPN,ESPN122020,2020-12-15,5:30 PM,Derailment,0,WILMINGTON,DE,28,4,Dark,Cloudy,Main,Freight Train,10,0,15000,15000,H699,39.831945,-75.581667,39.1,33.3,30.5
CSX,000157044,2016-02-12,1:17 AM,Other impacts,0,WAYCROSS,GA,45,4,Dark,Cloudy,Yard,Yard/switching,5,3681,0,125407,H305,31.213524,-82.353588,50.9,64,51.6
NS,135782,2019-10-09,12:25 PM,Derailment,0,HAYNEVILLE,GA,86,2,Day,Clear,Main,Freight Train,42,4931037,1565739,6496776,H504,32.44831,-83.622571,74.4,72.1,70
SFRV,01162024,2024-01-16,2:12 PM,Hwy-rail crossing,0,MIAMI-DADE,FL,74,2,Day,Cloudy,Main,Commuter Train - Pulling,38,15000,0,15000,M305,25.7944,-80.19478,75.9,76,70.1
UP,0915ST004,2015-09-03,3:15 PM,Derailment,0,FAIRBANK,AZ,69,2,Day,Rain,Industry,Freight Train,2,278,130000,130278,M501,32.078757,-109.947634,72.9,67.8,65.5
UP,1123MA023,2023-11-18,3:00 PM,Other impacts,0,VAN BUREN,AR,67,2,Day,Clear,Siding,Freight Train,5,85453,0,108211,H307,35.433478,-94.33022,60.2,52.2,51.9
KCS,18052504,2018-05-25,10:30 PM,Derailment,0,ARTESIA,MS,82,4,Dark,Clear,Yard,Freight Train,4,20510,181,20691,H702,33.412695,-88.642862,76.4,75.6,75
UP,1023LA051,2023-10-31,3:15 PM,Hwy-rail crossing,0,MARANA,AZ,74,2,Day,Clear,Main,Freight Train,69,7468,437317,444785,M308,32.425091,-111.162989,61.1,64.3,67
NPR,DR122202,2022-12-23,4:20 PM,Derailment,0,ROHRVILLE,ND,-6,2,Day,Snow,Main,Freight Train,10,8353,9803,18156,E59L,48.143604,-98.654402,-13.5,-10.9,-17.1
NS,134560,2019-07-02,2:30 AM,Derailment,0,ATLANTA,GA,76,4,Dark,Clear,Yard,Yard/switching,4,6112,30948,37060,M405,33.793887,-84.445407,83.1,85,83.7
NJTR,202409445,2024-08-10,12:40 PM,Fire/violent rupture,0,POINT PLEASANT,NJ,80,2,Day,Clear,Main,Commuter Train - Pulling,10,66079,0,66079,E99C,40.084821,-74.047129,78.6,79,74.5
BNSF,HL0223113,2023-02-15,8:31 AM,Derailment,0,TRUMANN,AR,60,1,Dawn,Cloudy,Main,Freight Train,43,11432,280629,292061,E62C,35.6512,-90.49367,52.2,63.3,55
NS,130357,2018-07-26,7:23 AM,Derailment,0,TOCCOA,GA,81,1,Dawn,Clear,Yard,Freight Train,5,2680,28820,31500,H506,34.57834,-83.326115,79,80.4,81.5
UP,0221PR023,2021-02-12,8:43 PM,Derailment,0,DOLTON,IL,16,4,Dark,Cloudy,Yard,Light loco(s),3,7462,8345,15807,M101,41.624301,-87.614124,16.1,16.1,8.9
NS,137687,2020-04-07,1:40 PM,Other impacts,0,MACON,GA,73,2,Day,Clear,Yard,Single Car,12,10714,0,75709,H312,32.813658,-83.622785,68.6,69,69.8
UP,1118NP005,2018-11-04,1:00 PM,Fire/violent rupture,0,MITCHELL,NE,55,2,Day,Cloudy,Main,Freight Train,0,58210,0,58210,E73L,41.930711,-103.858197,40.8,38.2,42.3
NS,129026,2018-03-31,6:30 PM,Hwy-rail crossing,0,TAYLOR,GA,64,3,Dusk,Clear,Main,Freight Train,40,283,120456,120739,M303,33.734018,-85.010463,63.2,57.5,63.2
UP,0121PR033,2021-01-31,8:20 PM,Other impacts,0,SOUTH HOLLAND,IL,30,4,Dark,Sleet,Yard,Single Car,0,24364,0,24513,H312,41.613224,-87.611864,30.2,30.8,30.1
TRRA,17019,2017-12-13,8:10 PM,Hwy-rail crossing,0,GRANITE CITY,IL,38,4,Dark,Cloudy,Main,,0,0,0,29906,M308,38.701518,-90.157774,33,40.8,32.4
UP,0822MA007,2022-08-04,2:10 AM,Other impacts,0,VAN BUREN,AR,81,4,Dark,Clear,Yard,Cut of cars,0,299469,0,777783,H306,35.430071,-94.344022,88.5,82.7,86.6
UP,0620GL009,2020-06-10,8:37 PM,Fire/violent rupture,0,MISSOURI VALLEY,IA,69,4,Dark,Clear,Main,Freight Train,0,19531,0,19531,E74L,41.575312,-95.848081,76.3,65.7,72.1
MRL,2019056,2019-04-26,1:44 AM,Rear end collision,0,LIVINGSTON,MT,40,4,Dark,Clear,Yard,Light loco(s),0,0,0,13500,H702,45.666927,-110.554672,43.6,39.6,46.7
UP,1022MA011,2022-10-05,2:11 PM,Other (describe in narrative),0,PINE BLUFF,AR,81,2,Day,Clear,Yard,Single Car,0,30395,0,30395,M411,34.238788,-91.951529,67.6,65,70.1
UP,0422MA017,2022-04-21,1:55 AM,Other impacts,0,NORTH LITTLE ROCK,AR,67,4,Dark,Cloudy,Yard,Single Car,5,815,0,53025,S007,34.773739,-92.227498,57.3,71,75.1
UP,1220LA035,2020-12-02,9:32 PM,Broken train collision,0,VAIL,AZ,49,4,Dark,Clear,Main,Freight Train,20,12152,0,12152,H519,31.981089,-110.524124,53,50.7,50.3
CSX,000213814,2023-09-30,5:30 AM,Derailment,0,DANVILLE,IL,55,1,Dawn,Clear,Main,Freight Train,5,12041,32653,44694,H702,40.115673,-87.540398,65,68.9,70
BNSF,MT0723103,2023-07-14,12:50 PM,Derailment,0,SURREY,ND,78,2,Day,Clear,Yard,Yard/switching,5,25809,27791,53600,H306,48.238271,-101.160974,70.1,69.2,64.2
UP,0118ST003,2018-01-04,9:24 PM,Obstruction,0,VAIL,AZ,50,4,Dark,Clear,Main,Freight Train,48,48413,250,48663,M402,32.113964,-110.830157,61.7,63.1,59
UP,1214CB002,2014-12-01,1:40 PM,Derailment,0,MARSHALLTOWN,IA,17,2,Day,Clear,Yard,Freight Train,7,14267,4643,18910,E44C,42.042058,-92.914465,19.5,10.4,20.7
UP,1122MA031,2022-11-26,7:05 AM,Other impacts,0,PINE BLUFF,AR,50,2,Day,Cloudy,Yard,Yard/switching,4,0,0,13290,H308,34.243896,-91.945867,54.9,53.9,51.9
UP,0922MA006,2022-09-06,3:00 AM,Derailment,0,JONESBORO,AR,80,4,Dark,Clear,Main,Cut of cars,0,49593,0,998596,E61C,35.840331,-90.690658,77,78.1,78
UP,0423LA040,2023-04-27,6:35 AM,Hwy-rail crossing,0,TUCSON,AZ,57,1,Dawn,Clear,Main,Freight Train,25,0,25033,25033,M302,32.133929,-110.96103,72,72.4,76.1
BNSF,TC0617120,2017-06-28,6:40 PM,Derailment,0,GRANVILLE,ND,80,2,Day,Clear,Industry,,0,0,8000,8000,H306,48.244363,-101.05149,70.9,69.1,63.7
CSX,000185200,2019-09-06,12:05 PM,Side collision,0,SAVANNAH,GA,90,2,Day,Clear,Yard,Single Car,1,22480,0,24176,H310,32.027718,-81.14885,80,81.3,83.1
AM,AM110521,2021-11-05,1:15 PM,Derailment,0,FORT SMITH,AR,65,2,Day,Rain,Main,Freight Train,2,0,43245,43245,M501,35.563593,-94.253589,47,46.6,47.4
UP,0220RM031,2020-02-25,3:46 PM,Hwy-rail crossing,0,ROBERTS,ID,22,2,Day,Clear,Main,Freight Train,38,8475,4494,12969,M304,43.720162,-112.126234,22,9.3,13.6
NS,137986,2020-05-18,4:50 PM,Other (describe in narrative),0,ATLANTA,GA,75,3,Dusk,Cloudy,Yard,Light loco(s),5,14364,277,14641,H702,33.793887,-84.445407,73.6,70.7,68.5
UP,0615ST013,2015-06-26,4:32 AM,Fire/violent rupture,0,TUCSON,AZ,79,4,Dark,Clear,Main,Freight Train,20,12690,0,12690,M406,32.337717,-111.065273,90.6,88.4,88.3
ATK,153861,2018-06-19,5:30 PM,Derailment,0,WILMINGTON,DE,87,2,Day,Clear,Yard,Light loco(s),3,37540,4900,42440,H303,39.74198,-75.522161,80.9,81.4,75.6
UP,0524MA012,2024-05-08,8:10 PM,Derailment,0,MALVERN,AR,78,4,Dark,Cloudy,Yard,Freight Train,8,10819,0,85459,T221,34.37561,-92.82272,80.5,77.5,76.6
FEC,T46111123,2023-11-11,4:26 PM,Other impacts,0,MIAMI-DADE,FL,82,2,Day,Clear,Main,,0,0,0,13231,M599,25.893141,-80.169556,80,80.9,78.6
UP,1221LA036,2021-12-22,10:00 AM,Other (describe in narrative),0,TUCSON,AZ,50,2,Day,Clear,Yard,Freight Train,10,42282,0,42282,M299,32.201922,-110.938443,56.5,57.7,63.8
UP,0523MA022,2023-05-16,6:10 AM,Other impacts,0,PINE BLUFF,AR,72,1,Dawn,Cloudy,Yard,Yard/switching,4,49081,0,52975,S016,34.251925,-91.937481,80.7,77.6,73.2
NS,137224,2020-02-19,8:15 AM,Derailment,0,MACON,GA,59,2,Day,Rain,Yard,Yard/switching,5,5828,19417,25245,S006,32.813658,-83.622785,59.3,60.1,45.3
UP,0422MA017,2022-04-21,1:55 AM,Other impacts,0,NORTH LITTLE ROCK,AR,67,4,Dark,Cloudy,Yard,Yard/switching,10,52210,0,53025,S007,34.773739,-92.227498,57.3,71,75.1
GS,01242019,2019-01-24,11:30 AM,Derailment,0,STATESBORO,GA,52,2,Day,Clear,Main,Freight Train,5,640,12551,13191,T222,32.447841,-81.781598,58.1,57.2,41.3
KCS,19082603,2019-08-26,9:34 AM,Obstruction,0,HATFIELD,AR,82,2,Day,Cloudy,Main,Spec. MoW Equip.,16,8500,0,18000,M401,34.529032,-94.353841,78.5,82.9,77.6
ATK,166031,2020-12-11,8:05 PM,Derailment,0,WASHINGTON,DC,42,4,Dark,Clear,Yard,Yard/switching,6,37485,5913,43398,H704,38.91166,-76.99968,40.3,46.8,50.8
CSX,000193681,2020-11-08,5:10 AM,Raking collision,0,WAYCROSS,GA,70,1,Dawn,Clear,Yard,Single Car,1,1000,0,25536,M407,31.213524,-82.353588,72.6,73.1,74.3
NS,136176,2019-11-13,6:30 AM,Derailment,0,ATLANTA,GA,28,1,Dawn,Clear,Yard,Freight Train,4,9253,24830,34083,H506,33.793527,-84.444462,40,34.1,39.6
UP,0724PR005,2024-07-06,1:36 AM,Other impacts,0,MELROSE PARK,IL,68,4,Dark,Clear,Yard,Freight Train,4,88685,700,241393,H307,41.894729,-87.873714,75.5,72.9,73.3
KRR,KRR017522,2022-08-31,6:40 PM,Derailment,0,HOPE,AR,88,4,Dark,Clear,Yard,,0,0,0,11371,E44C,33.668075,-93.594283,81.1,84,80.6
CSX,000199326,2021-08-08,5:10 AM,Derailment,0,WAYCROSS,GA,73,4,Dark,Cloudy,Yard,Yard/switching,2,28276,21282,49558,M405,31.213524,-82.353588,78.4,81.6,79.8
UP,0821MA010,2021-08-09,11:05 AM,Other impacts,0,NORTH LITTLE ROCK,AR,89,2,Day,Clear,Yard,Cut of cars,4,2735,0,26214,M407,34.775279,-92.221879,82.7,85.2,85.6
BNSF,TC0719104,2019-07-05,6:05 AM,Derailment,0,ST PAUL,MN,70,1,Dawn,Clear,Yard,Freight Train,4,0,360000,611956,H703,44.934893,-93.030616,75.2,73.8,74.6
BNSF,KS1018123,2018-10-31,5:22 PM,Side collision,0,KANSAS CITY,KS,55,3,Dusk,Clear,Yard,Yard/switching,7,60000,0,155000,H607,39.087215,-94.700964,61.5,53.9,51.4
CSX,000179023,2018-09-29,5:45 AM,Side collision,0,WAYCROSS,GA,85,1,Dawn,Clear,Yard,Yard/switching,4,0,0,134917,H306,31.213524,-82.353588,81,80.7,78.5
CSX,000157313,2016-02-23,4:43 AM,Other impacts,0,AUGUSTA,GA,60,4,Dark,Clear,Yard,Yard/switching,0,36284,0,37799,H310,33.458597,-81.960634,63.8,62.3,63.6
UP,0223MA001,2023-02-01,1:39 PM,Other impacts,0,NORTH LITTLE ROCK,AR,29,2,Day,Cloudy,Yard,Single Car,10,24607,0,28887,H304,34.773846,-92.2233,30,29.6,34
FEC,D59092717,2017-09-27,7:20 AM,Derailment,0,MIAMI-DADE,FL,85,1,Dawn,Clear,Yard,Yard/switching,6,34541,1067,35608,H705,25.835578,-80.30921,80.7,81,81.5
BNSF,PR0319104,2019-03-14,2:45 AM,Derailment,0,DENVER,CO,16,4,Dark,Snow,Yard,Light loco(s),4,5000,6500,11500,M101,39.762693,-104.994213,32.7,26.5,27.5
CSX,000210882,2023-04-19,10:20 PM,Derailment,0,HARVEY,IL,56,4,Dark,Cloudy,Main,Freight Train,4,46782,615,47397,H502,41.630908,-87.670372,45.2,54.6,66.1
UP,0923MA037,2023-09-25,10:45 AM,Other impacts,0,NORTH LITTLE ROCK,AR,80,2,Day,Clear,Yard,Single Car,5,1655,0,32231,S016,34.772278,-92.228858,76.3,79.7,80.3
NS,141052,2021-03-28,11:45 AM,Other impacts,0,MACON,GA,78,2,Day,Cloudy,Yard,Yard/switching,4,32678,0,32678,H318,32.813729,-83.622793,73,69.7,58.6
CSX,000190672,2020-06-06,12:20 AM,Derailment,1,SCREVEN,GA,73,4,Dark,Cloudy,Main,Freight Train,37,310399,33460,343859,M599,31.485297,-82.017204,78.8,77.2,75.4
UP,0822MA007,2022-08-04,2:10 AM,Other impacts,0,VAN BUREN,AR,81,4,Dark,Clear,Yard,Cut of cars,0,83952,0,777783,H306,35.430071,-94.344022,88.5,82.7,86.6
ATK,156644,2018-12-10,2:16 AM,Other (describe in narrative),0,NEW CASTLE,DE,34,4,Dark,Clear,Main,Passenger Train - Pulling,125,29497,4550,34047,E78L,39.663148,-75.771789,30.1,30.8,30.2
CSX,000182352,2019-04-14,7:20 AM,Side collision,0,WAYCROSS,GA,70,1,Dawn,Cloudy,Yard,Yard/switching,4,16702,0,43105,S007,31.213195,-82.353954,76.1,75.3,63.2
ATK,158740,2019-04-30,12:52 PM,Other (describe in narrative),0,WILMINGTON,DE,70,2,Day,Clear,Main,Passenger Train - Pulling,0,14021,0,14021,E78L,39.736,-75.5504,50.7,62.1,57.5
CSX,000210302,2023-03-13,1:30 PM,Other impacts,0,LAKELAND,FL,80,2,Day,Clear,Yard,Single Car,4,20330,0,22330,H318,28.027239,-82.01114,69.8,74.6,65.5
BNSF,SF0216110,2016-02-18,1:00 AM,Other (describe in narrative),0,CABOOL,MO,50,4,Dark,Clear,Main,Freight Train,30,27550,0,27550,E33C,37.120746,-92.103791,42.4,51.4,60.6
NS,123264,2016-12-22,10:55 AM,Other impacts,0,MELVINDALE,MI,37,2,Day,Cloudy,Yard,Yard/switching,9,8350,9000,17353,H306,42.273714,-83.191677,26.2,35.1,30.4
BNSF,CH0617118,2017-06-29,2:31 AM,Derailment,0,CHICAGO,IL,75,4,Dark,Cloudy,Yard,Yard/switching,7,32011,0,32011,H310,41.818678,-87.716981,69.9,74.4,74.3
NS,136584,2019-12-19,4:30 PM,Derailment,0,MILLEN,GA,40,3,Dusk,Clear,Yard,Freight Train,5,93300,2074,95374,H503,32.801413,-81.929309,42.8,38.5,41.5
BNSF,CH0523203,2023-05-23,9:19 AM,Hwy-rail crossing,0,ELWOOD,IL,65,2,Day,Clear,Main,Freight Train,40,500,46000,46500,M308,41.347211,-88.21526,68.5,71.4,65.5
UP,0120MA018,2020-01-20,10:50 PM,Other impacts,0,NORTH LITTLE ROCK,AR,28,4,Dark,Clear,Yard,Yard/switching,14,700,66,29592,M203,34.775127,-92.220471,39.1,30.7,28.9
UP,1122LA011,2022-11-07,4:45 PM,Other impacts,0,PHOENIX,AZ,80,2,Day,Clear,Yard,Yard/switching,6,47392,2320,49812,H021,33.444148,-112.15163,63.5,65.6,66.7
NS,114132,2015-02-02,4:30 AM,Derailment,0,NEW HAVEN,IN,16,1,Dawn,Snow,Yard,Yard/switching,4,3550,13092,16642,H312,41.074436,-85.057585,29.7,14.3,18.3
UP,0223MA043,2023-02-27,10:19 PM,Other impacts,0,NORTH LITTLE ROCK,AR,60,4,Dark,Clear,Yard,Cut of cars,5,66235,0,73301,M411,34.783918,-92.208668,55,66.5,64.9
BNSF,SW0520103,2020-05-21,1:10 AM,Derailment,0,WINSLOW,AZ,45,4,Dark,Clear,Yard,Freight Train,0,16198,0,125666,M503,35.031406,-110.724978,58.9,60.8,64.2
KCS,18061901,2018-06-19,7:00 AM,Derailment,0,VICKSBURG,MS,75,2,Day,Rain,Main,Freight Train,7,55668,8379,64047,E09C,32.344307,-90.883635,78.5,78.3,77.8
UP,0724PR005,2024-07-06,1:36 AM,Other impacts,0,MELROSE PARK,IL,68,4,Dark,Clear,Yard,Freight Train,7,152008,0,241393,H307,41.894729,-87.873714,75.5,72.9,73.3
UP,1115ST004,2015-11-05,6:20 PM,Hwy-rail crossing,0,MARICOPA,AZ,61,4,Dark,Clear,Main,Freight Train,60,10609,0,10609,M302,33.056441,-112.04841,58.7,55.9,57
CSX,000158614,2016-03-30,5:25 PM,Other impacts,0,AVON,IN,69,3,Dusk,Rain,Yard,Single Car,7,428,0,14128,M599,39.759366,-86.346097,45.7,52.3,59.3
NS,117909,2015-10-24,6:30 AM,Other impacts,0,MACON,GA,60,1,Dawn,Clear,Yard,Yard/switching,2,12000,0,12100,H316,32.813729,-83.622793,65.5,65.6,65.7
UP,0722MA007,2022-07-03,1:29 PM,Other impacts,0,PINE BLUFF,AR,83,2,Day,Clear,Yard,Yard/switching,16,58434,530,81320,H601,34.249858,-91.940199,78.9,80,84.7
BLF,20244605,2024-05-13,10:54 PM,Hwy-rail crossing,0,LAKE WORTH,FL,79,4,Dark,Clear,Main,Passenger Train - Pulling,77,24200,0,24707,M308,26.596217,-80.05474,81.6,82.9,86.2
CSX,000159721,2016-05-13,4:20 AM,Hwy-rail crossing,0,MORELAND,GA,64,1,Dawn,Clear,Main,Freight Train,44,5130,7459,12589,M302,33.234333,-84.835176,72.8,70,68.1
UP,0318ST007,2018-03-10,12:15 PM,Hwy-rail crossing,0,CASA GRANDE,AZ,75,2,Day,Cloudy,Main,Freight Train,70,59741,200,59941,M308,32.866472,-111.74039,65.6,64.3,65.7
NS,135869,2019-10-17,6:55 PM,Derailment,0,MILLEN,GA,60,3,Dusk,Clear,Main,Freight Train,1,26085,35804,61889,E22C,32.80083,-81.947852,71.1,58.5,58.7
CSX,000190412,2020-05-25,11:29 AM,Other impacts,0,CALHOUN,GA,75,2,Day,Clear,Main,Single Car,2,35532,0,36192,H021,34.465976,-84.946024,77.2,76.8,73.4
NS,134450,2019-06-22,7:10 PM,Other impacts,0,MACON,GA,75,3,Dusk,Rain,Yard,Yard/switching,2,1000,0,11000,H307,32.813658,-83.622785,84.1,80.6,75.8
UP,0319GL048,2019-03-15,4:39 AM,Derailment,0,LE SUEUR,MN,29,1,Dawn,Cloudy,Main,Freight Train,29,1650153,73866,1724019,M103,44.413381,-93.939132,37.5,29.5,26.7
CSX,000192663,2020-09-16,10:38 AM,Derailment,0,WAYCROSS,GA,85,2,Day,Cloudy,Yard,Yard/switching,1,233250,0,270962,M405,31.213524,-82.353588,77.4,74.9,80.4