reportingrailroadcode,accidentnumber,date,time,accidenttype,hazmatreleasedcars,station,stateabbr,temperature,visibility_code,visibility,weathercondition,tracktype,equipmenttype,trainspeed,equipmentdamagecost,trackdamagecost,totaldamagecost,primaryaccidentcausecode,latitude,longitude,prior_temp,actual_temp,following_temp
NS,142628,2021-08-23,2:45 PM,Other impacts,0,ATLANTA,GA,91,2,Day,Clear,Yard,Yard/switching,4,15274,6603,21877,H302,33.793527,-84.444462,78.1,81.7,82.6
BNSF,TC1116105,2016-11-16,10:00 AM,Derailment,0,MANDAN,ND,50,2,Day,Cloudy,Yard,Light loco(s),5,25000,0,25000,H303,46.825638,-100.884508,46.1,45.4,34.1
AKMD,AKM606023G,2023-11-14,1:17 PM,Hwy-rail crossing,0,HELENA,AR,65,2,Day,Clear,Industry,Freight Train,10,20000,0,20000,M302,34.55457,-90.7057,55.1,57.9,58.1
BNSF,HL0923103,2023-09-03,4:55 AM,Derailment,0,BLYTHEVILLE,AR,75,1,Dawn,Clear,Main,Yard/switching,5,611,11068,11679,H702,35.914275,-89.905492,79.2,80.3,82.1
BNSF,SF0516111,2016-05-19,6:50 PM,Derailment,0,LAMAR,MO,61,3,Dusk,Rain,Industry,Yard/switching,9,500,30000,30500,H702,37.486725,-94.287257,56.8,57.9,59.8
NS,154267,2023-09-20,5:00 PM,Other (describe in narrative),0,JACKSONVILLE,FL,86,3,Dusk,Clear,Yard,Yard/switching,10,331535,6000,337535,H306,30.360836,-81.723365,77.7,79.3,79.6
UP,1122LA011,2022-11-07,4:45 PM,Other impacts,0,PHOENIX,AZ,80,2,Day,Clear,Yard,Cut of cars,4,100,0,49812,H021,33.444148,-112.15163,63.5,65.6,66.7
CSX,000160226,2016-06-01,10:55 AM,Other impacts,0,WILMINGTON,DE,82,2,Day,Clear,Yard,Yard/switching,4,9769,989,35884,H306,39.758747,-75.56188,77.3,74.6,71.1
UP,0319GL027,2019-03-10,12:45 AM,Other impacts,0,MELROSE PARK,IL,42,4,Dark,Cloudy,Yard,Yard/switching,5,14046,4000,24920,M408,41.899651,-87.907636,35.8,35,32.8
NS,118538,2015-12-11,7:00 AM,Other (describe in narrative),0,WILMINGTON,DE,37,1,Dawn,Clear,Industry,Single Car,5,200,0,23200,H022,39.753214,-75.504967,50.9,49.2,54.5
KCS,19082603,2019-08-26,9:34 AM,Obstruction,0,HATFIELD,AR,82,2,Day,Cloudy,Main,Spec. MoW Equip.,0,9500,0,18000,M401,34.529032,-94.353841,78.5,82.9,77.6
UP,0619HL011,2019-06-13,12:25 PM,Derailment,0,SILVER LAKE,KS,71,2,Day,Clear,Main,Work train,0,12880,33,12913,M201,39.1476,-95.832482,67.1,66.4,72.4
NS,137954,2020-05-14,5:15 PM,Other impacts,0,CHICAGO,IL,65,3,Dusk,Clear,Yard,Light loco(s),4,4379,0,58582,H302,41.710121,-87.575543,56.5,62.1,66.7
UP,0123MA037,2023-01-10,7:07 AM,Hwy-rail crossing,0,BRADFORD,AR,44,2,Day,Clear,Main,Freight Train,20,17779,264,18043,M302,35.549985,-91.363701,41.5,48.3,62.2
NS,128297,2018-01-26,7:30 AM,Other impacts,0,GAINESVILLE,GA,70,1,Dawn,Clear,Yard,Freight Train,4,300,10477,10927,H312,34.304238,-83.799757,43.6,43.9,49.8
AM,AM121222,2022-12-12,6:15 PM,Derailment,0,ROGERS,AR,40,4,Dark,Clear,Industry,Freight Train,4,53167,23888,77055,H702,36.266151,-94.479976,45.7,49.4,52.7
BNSF,CH0123107,2023-01-12,4:37 PM,Other (describe in narrative),0,GALESBURG,IL,40,2,Day,Clear,Yard,Yard/switching,3,25241,1000,26241,M411,40.908498,-90.384214,41.1,32,27.2
FEC,X47112223,2023-11-22,8:29 PM,Hwy-rail crossing,0,JENSEN BEACH,FL,77,4,Dark,Clear,Main,,0,0,0,16000,M308,27.243862,-80.227399,76.3,75.9,69.9
DQE,ID2100060,2021-05-11,4:51 PM,Derailment,0,DE QUEEN,AR,57,2,Day,Rain,Main,Freight Train,13,94449,84200,178649,E53C,34.03108,-94.30567,59.5,57,60.9
NS,135725,2019-10-04,11:10 AM,Derailment,0,ATLANTA,GA,96,2,Day,Clear,Siding,Freight Train,7,150187,316186,466373,E05C,33.806082,-84.475366,84.2,83.1,75.2
CPKC,23072501,2023-07-25,7:19 PM,Derailment,0,ASHDOWN,AR,96,2,Day,Clear,Main,Freight Train,19,335216,44714,379930,E24C,33.645287,-94.103485,83.5,85.8,87.3
UP,0415ST014,2015-04-13,10:05 PM,Obstruction,0,DATELAND,AZ,65,4,Dark,Clear,Main,Freight Train,50,10924,66,10990,M402,32.835244,-113.353898,73.6,77.4,80.5
CSX,000174550,2018-02-06,9:00 AM,Hwy-rail crossing,0,GARY,IN,10,2,Day,Snow,Main,Freight Train,59,2940,25000,27940,M303,41.599404,-87.26702,5.4,13.3,17.8
NS,138238,2020-06-15,12:40 PM,Derailment,0,MACON,GA,84,2,Day,Clear,Yard,Yard/switching,6,108000,0,108000,H303,32.813658,-83.622785,75.7,72.4,66.2
NS,142139,2021-07-08,3:00 PM,Derailment,0,ATLANTA,GA,85,2,Day,Cloudy,Yard,Yard/switching,6,18300,500,18800,H507,33.793527,-84.444462,76.2,76.5,76.7
NS,128398,2018-02-05,8:35 AM,Hwy-rail crossing,0,HAHIRA,GA,50,2,Day,Clear,Main,Freight Train,60,16984,0,16984,M302,30.991525,-83.373876,58.5,52.3,57.5
AM,AM051122,2022-05-11,1:30 AM,Other impacts,0,VAN BUREN,AR,70,4,Dark,Clear,Main,Freight Train,9,50000,200000,250000,H607,35.433088,-94.364274,81.9,80.9,80.2
UP,1120MA034,2020-11-28,10:31 AM,Other impacts,0,NORTH LITTLE ROCK,AR,49,2,Day,Clear,Yard,Yard/switching,4,986,0,57730,M407,34.774385,-92.224383,52.1,46.3,43
UP,1022MA048,2022-10-29,1:40 PM,Derailment,0,PINE BLUFF,AR,63,2,Day,Rain,Yard,Yard/switching,4,132516,78600,211116,H318,34.243034,-91.946186,60.7,63.8,61.6
TRRA,23004OR,2023-01-21,9:55 AM,Derailment,0,FAIRMONT CITY,IL,40,2,Day,Clear,Main,,0,0,103260,193360,H503,38.65063,-90.16227,34.7,32.8,36.4
CSX,000188660,2020-02-26,1:35 AM,Derailment,0,WAYCROSS,GA,68,4,Dark,Rain,Yard,Yard/switching,7,37464,3360,40824,M411,31.213524,-82.353588,65.2,62.7,46.7
NS,141243,2021-04-15,12:20 PM,Side collision,0,ATLANTA,GA,64,2,Day,Clear,Yard,Single Car,2,29150,0,58370,H399,33.793527,-84.444462,66.2,63.1,57.9
NJTR,201505302,2015-05-06,2:50 AM,Derailment,0,KEARNY,NJ,60,4,Dark,Clear,Yard,Yard/switching,3,12000,1728,13728,H310,40.743865,-74.103835,73.5,66.7,65.2
FEC,X21042623,2023-04-26,8:05 PM,Hwy-rail crossing,0,DEERFIELD BEACH,FL,78,3,Dusk,Clear,Main,,0,0,35847,47311,M308,26.304844,-80.105038,77.5,77.4,80.1
RRVW,112316CGL,2016-11-23,2:40 PM,Derailment,0,WAHPETON,ND,35,2,Day,Fog,Industry,Freight Train,2,9550,31059,40609,H703,46.344779,-96.632043,32,32,32.4
CSX,000211404,2023-05-18,3:34 PM,Hwy-rail crossing,0,SEVILLE,FL,86,2,Day,Cloudy,Main,,0,0,0,23791,M302,29.290611,-81.481006,77.5,76.6,77.1
UP,0223MA019,2023-02-15,11:22 AM,Other impacts,0,NORTH LITTLE ROCK,AR,69,2,Day,Clear,Yard,Yard/switching,5,1241,0,14317,H019,34.77171,-92.229057,55.8,65.5,54.7
CSX,000192016,2020-08-14,3:40 AM,Derailment,0,KINGSTON,GA,75,4,Dark,Clear,Main,Freight Train,45,2528310,54714,2583024,H519,34.265481,-84.958126,81.5,77.9,78.4
UP,0524MA017,2024-05-18,9:53 PM,Derailment,0,PINE BLUFF,AR,79,4,Dark,Clear,Yard,Yard/switching,5,15940,9790,25730,H607,34.249215,-91.941898,75.1,78.1,79.9
CSX,000211142,2023-05-04,6:05 AM,Derailment,0,RIVERDALE,IL,45,1,Dawn,Clear,Yard,Freight Train,10,47317,17100,64417,H702,41.649888,-87.627422,46.8,55.7,65.7
CSX,000191864,2020-08-08,1:50 PM,Side collision,0,SAVANNAH,GA,95,2,Day,Clear,Yard,Cut of cars,0,55987,0,102936,H021,32.027718,-81.14885,79,81.5,79.2
UP,0823MA027,2023-08-20,11:45 PM,Other impacts,0,NORTH LITTLE ROCK,AR,85,4,Dark,Clear,Yard,Yard/switching,3,13124,600,35302,M407,34.7753,-92.221198,85.3,88.2,87.9
UP,1217ST001,2017-12-01,11:35 AM,Hwy-rail crossing,0,DATELAND,AZ,75,2,Day,Clear,Main,Freight Train,60,90741,1150,91891,M303,32.823798,-113.441719,65.6,65.9,69.2
BNSF,SW0121106,2021-01-24,12:57 PM,Derailment,0,WINSLOW,AZ,42,2,Day,Cloudy,Main,Freight Train,0,220000,0,1313341,E53C,34.967562,-110.48756,42.9,36.3,34.2
NS,132475,2019-01-17,8:50 PM,Other impacts,0,GARDEN CITY,GA,61,4,Dark,Clear,Yard,Yard/switching,7,80447,0,80447,H210,32.092741,-81.160037,47.2,48.5,56.1
BNSF,CH1122119,2022-11-28,2:30 AM,Derailment,0,EOLA,IL,27,4,Dark,Clear,Industry,Yard/switching,8,581,17754,18335,H307,41.777677,-88.2185,40.7,35.5,46.6
CSX,000154713,2015-11-27,4:04 PM,Side collision,0,ATLANTA,GA,57,2,Day,Clear,Main,Freight Train,8,113809,0,143935,H221,33.761979,-84.431417,55.7,59.6,59
BNSF,SW0620102,2020-06-07,9:43 AM,Derailment,0,WINSLOW,AZ,84,2,Day,Clear,Yard,Yard/switching,8,82377,22000,104377,H307,35.027896,-110.714095,75.3,69,64.4
ATK,165292,2020-08-29,6:25 PM,Other (describe in narrative),0,WASHINGTON,DC,80,3,Dusk,Clear,Yard,Passenger Train - Pulling,0,16502,0,16502,H501,38.915186,-76.997435,82.1,78.1,76.1
NS,128004,2018-01-05,8:47 AM,Derailment,0,MACON,GA,32,2,Day,Clear,Yard,Yard/switching,2,100,18104,18204,M408,32.813658,-83.622785,32.3,30.3,32
UP,0220ST020,2020-02-21,12:40 AM,Derailment,0,TUCSON,AZ,61,4,Dark,Clear,Yard,Yard/switching,4,21896,24394,46290,H607,32.188143,-110.912047,61.4,63,59
UP,0718KC024,2018-07-25,3:11 PM,Fire/violent rupture,0,ALLERTON,IA,90,2,Day,Clear,Main,Freight Train,40,100000,0,100000,E71L,40.695691,-93.386802,74.8,73.4,72.5
CSX,000167478,2017-03-11,12:00 PM,Derailment,0,JEFFERSONVILLE,IN,36,2,Day,Clear,Main,Freight Train,35,47827,0,54027,E53C,38.516351,-85.766059,44.7,34.7,34.6
CSX,000177162,2018-06-24,4:00 AM,Side collision,0,WAYCROSS,GA,76,1,Dawn,Clear,Yard,Yard/switching,5,133629,0,298607,H607,31.213524,-82.353588,84.5,85.4,84.1
UP,0121LA011,2021-01-13,9:00 PM,Fire/violent rupture,0,BOWIE,AZ,36,4,Dark,Cloudy,Main,Freight Train,70,13831,0,13831,E74L,32.352547,-109.610495,40.1,38.4,47.2
BRC,14384,2020-07-23,1:00 AM,Raking collision,0,BEDFORD PARK,IL,75,4,Dark,Clear,Yard,Yard/switching,5,23214,0,23214,H302,41.762893,-87.72819,77.7,73.6,75.7
ATK,177960,2024-01-12,5:50 PM,Other (describe in narrative),0,WILMINGTON,DE,30,4,Dark,Rain,Main,Passenger Train - Pulling,0,13760,16790,30550,E78L,39.759727,-75.488955,41.7,40.6,46.8
BNSF,TC0516111,2016-05-21,5:10 PM,Derailment,0,MINOT,ND,75,2,Day,Clear,Yard,Yard/switching,10,15822,1000,16822,H607,48.238402,-101.163344,69.3,68.2,72.5
CSX,000178652,2018-09-07,7:07 PM,Derailment,0,PORT WENTWORTH,GA,80,2,Day,Clear,Industry,Yard/switching,8,2465,25399,27864,E64C,32.167254,-81.202402,82.2,78.4,79.6
UP,0818ST008,2018-08-11,10:00 PM,Fire/violent rupture,0,SAN SIMON,AZ,85,4,Dark,Cloudy,Main,Freight Train,45,326281,746,327027,E74L,32.241742,-109.097363,81.6,82.1,80.6
UP,1220RM022,2020-12-25,6:20 PM,Derailment,0,POCATELLO,ID,35,3,Dusk,Cloudy,Yard,Yard/switching,5,3619,9856,13475,E40C,42.873498,-112.460214,25,21.1,28.3
UP,0419ST065,2019-04-29,3:26 PM,Other impacts,0,TUCSON,AZ,70,2,Day,Cloudy,Yard,Light loco(s),0,0,0,19511,H310,32.205389,-110.942306,77.8,75.4,68.2
UP,1214CB011,2014-12-17,7:30 PM,Side collision,0,CLINTON,IA,23,4,Dark,Clear,Yard,Yard/switching,10,22582,1056,24653,H602,41.8131,-90.231002,34.6,21.6,18.8
UP,0321LA040,2021-03-27,3:15 AM,Other impacts,0,TUCSON,AZ,51,4,Dark,Cloudy,Yard,Single Car,5,13406,0,14778,H307,32.203168,-110.938679,56,58,65.8
UP,0223MA019,2023-02-15,11:22 AM,Other impacts,0,NORTH LITTLE ROCK,AR,69,2,Day,Clear,Yard,Single Car,0,13076,0,14317,H019,34.77171,-92.229057,55.8,65.5,54.7
FCR,FCR192685,2019-12-04,3:20 AM,Derailment,0,ATLANTA,GA,35,4,Dark,Clear,Yard,Freight Train,7,4500,22400,26900,E61C,33.73229,-84.583073,39.6,45.8,50.2
UP,1123MA030,2023-11-22,7:28 PM,Derailment,0,NORTH LITTLE ROCK,AR,45,3,Dusk,Clear,Yard,Freight Train,8,3642,188210,191852,S011,34.763927,-92.261872,53.8,49.4,46.2
DMVW,DE042123,2023-04-21,7:00 AM,Derailment,0,BISMARCK,ND,30,1,Dawn,Snow,Main,Freight Train,3,1193,18029,19222,H306,46.80566,-100.756993,34.5,31.6,35.4
CSX,000179817,2018-11-13,4:25 AM,Derailment,0,TALBOTTON,GA,50,4,Dark,Rain,Industry,Cut of cars,0,18888,97,37568,M101,32.642905,-84.501179,49.5,52,50.9
KCS,17011301,2017-01-13,9:15 AM,Derailment,0,SHREVEPORT,LA,67,2,Day,Cloudy,Yard,,0,0,44377,62823,E60C,32.512222,-93.744722,70.7,66.6,64.7
CSX,000177162,2018-06-24,4:00 AM,Side collision,0,WAYCROSS,GA,76,1,Dawn,Clear,Yard,Yard/switching,5,164000,978,298607,H607,31.213524,-82.353588,84.5,85.4,84.1
NJTR,201512672,2015-12-09,9:15 PM,Derailment,0,KEARNY,NJ,48,4,Dark,Clear,Yard,Yard/switching,6,11000,0,11000,H401,40.743261,-74.105691,43.3,45.8,53.8
UP,0819GL013,2019-08-06,5:25 AM,Other impacts,0,CEDAR RAPIDS,IA,62,1,Dawn,Clear,Yard,Single Car,0,1118,0,14890,H318,41.931308,-91.720086,75.1,71.9,73.1
UP,0223MA043,2023-02-27,10:19 PM,Other impacts,0,NORTH LITTLE ROCK,AR,60,4,Dark,Clear,Yard,Yard/switching,3,2666,4400,73301,M411,34.783918,-92.208668,55,66.5,64.9
UP,0121PR033,2021-01-31,8:20 PM,Other impacts,0,SOUTH HOLLAND,IL,30,4,Dark,Sleet,Yard,Yard/switching,4,149,0,24513,H312,41.613224,-87.611864,30.2,30.8,30.1
UP,0120ST018,2020-01-23,8:25 AM,Derailment,0,TUCSON,AZ,41,2,Day,Clear,Yard,Yard/switching,2,26959,10567,37526,H306,32.194876,-110.923852,52.4,51,54.8
BNSF,SW0424108,2024-04-20,9:17 PM,Derailment,0,CHAMBERS,AZ,40,4,Dark,Clear,Main,Freight Train,29,368457,75000,443457,E33C,34.990774,-109.530935,56.5,56.6,53
UP,0523MA022,2023-05-16,6:10 AM,Other impacts,0,PINE BLUFF,AR,72,1,Dawn,Cloudy,Yard,Single Car,4,3894,0,52975,S016,34.251925,-91.937481,80.7,77.6,73.2
CSX,000186835,2019-11-29,12:00 PM,Side collision,0,WAYCROSS,GA,70,2,Day,Clear,Yard,Freight Train,5,98492,0,170939,H607,31.213524,-82.353588,61.3,56.5,61
NJTR,201505313,2015-05-24,9:05 AM,Other impacts,0,KEARNY,NJ,70,2,Day,Clear,Yard,Yard/switching,2,16037,0,16037,H310,40.74412,-74.110988,59.2,67.5,74.8
CSX,000153785,2015-10-30,1:50 PM,Other impacts,0,LITHONIA,GA,72,2,Day,Clear,Yard,Freight Train,5,0,0,26251,H020,33.722693,-84.109432,61.1,56.4,55.3
EVWR,E2017DEC1D,2017-12-30,5:30 PM,Derailment,0,MOUNT VERNON,IN,9,4,Dark,Clear,Main,Freight Train,3,147672,2285,149957,H510,37.938659,-87.905867,25.7,21.3,10.3
CSX,000190491,2020-05-29,1:03 AM,Hwy-rail crossing,0,POCAHONTAS,IL,67,4,Dark,Cloudy,Main,Freight Train,48,590,47000,47590,M303,38.80834,-89.56482,69.4,68.5,64.4
ATK,161026,2019-09-10,8:02 AM,Derailment,0,WASHINGTON,DC,86,2,Day,Clear,Yard,Light loco(s),5,35900,0,35900,H306,38.909782,-77.001162,76.6,77,78.5
UP,0319GL036,2019-03-11,8:30 PM,Derailment,0,BELVIDERE,IL,32,4,Dark,Clear,Yard,Yard/switching,8,7625,10480,18105,M501,42.239268,-88.862213,33.3,30.8,35
NS,136235,2019-11-18,11:53 PM,Derailment,0,RINCON,GA,52,4,Dark,Clear,Siding,Freight Train,15,232152,0,432152,H504,32.288667,-81.268839,52.1,55,54.2
CSX,000185200,2019-09-06,12:05 PM,Side collision,0,SAVANNAH,GA,90,2,Day,Clear,Yard,Yard/switching,6,1500,196,24176,H310,32.027718,-81.14885,80,81.3,83.1
UP,0517PR012,2017-05-10,2:40 AM,Other impacts,0,NORTHLAKE,IL,60,4,Dark,Rain,Yard,Yard/switching,4,124220,66,137435,M411,41.899576,-87.907842,49.3,54.8,55.7
ALS,20190728,2019-07-28,3:45 PM,Derailment,0,EAST ST LOUIS,IL,69,2,Day,Clear,Yard,Yard/switching,4,32500,48300,80800,H506,38.598286,-90.152894,78.7,80.1,77.2
NS,152814,2023-04-14,9:35 AM,Hwy-rail crossing,0,SUMMITVILLE,IN,65,2,Day,Clear,Main,Freight Train,36,67023,64389,131412,M308,40.339197,-85.644163,65.7,64.3,69.5
BNSF,MT0717103,2017-07-08,2:15 PM,Derailment,0,NORTHGATE,ND,87,2,Day,Clear,Yard,Freight Train,5,13000,400,13400,H702,48.987639,-102.259625,69,71.1,71.3
NS,139744,2020-11-15,8:10 PM,Rear end collision,0,ATLANTA,GA,50,4,Dark,Clear,Main,Freight Train,26,296748,163298,569890,H221,33.807793,-84.485925,56.7,58.1,51
AZER,AZE877221D,2021-09-14,11:09 AM,Derailment,0,GLOBE,AZ,96,2,Day,Cloudy,Main,Freight Train,17,34966,148990,183956,M405,33.376831,-110.744737,80.7,80.9,80.7
AZER,AZE389320D,2020-04-14,11:30 AM,Derailment,0,DUNCAN,AZ,75,2,Day,Clear,Main,Freight Train,11,10791,5997,16788,M204,32.881616,-109.203498,61.8,59.5,59.3
CSX,000168856,2017-05-12,7:47 PM,Other impacts,0,AVON,IN,65,2,Day,Clear,Yard,Single Car,9,35620,388,47789,S014,39.759791,-86.327526,60.7,60.1,62.6
CSX,000218134,2024-05-19,11:05 PM,Side collision,0,LOUISVILLE,KY,75,4,Dark,Cloudy,Yard,Yard/switching,2,23945,0,25183,H307,38.16074,-85.749136,69.9,75.5,77.1
NS,134583,2019-07-03,1:45 PM,Hwy-rail crossing,0,CHAUNCEY,GA,90,2,Day,Clear,Main,Freight Train,47,3506,137231,140737,M303,32.10706,-83.075887,86,84.6,81.3
NS,134549,2019-07-01,3:10 AM,Hwy-rail crossing,0,LOCUST GROVE,GA,72,4,Dark,Clear,Main,Freight Train,38,128,15000,15128,M303,33.351807,-84.111889,80.2,82.8,84.7
UP,0517PR012,2017-05-10,2:40 AM,Other impacts,0,NORTHLAKE,IL,60,4,Dark,Rain,Yard,Cut of cars,0,13149,0,137435,M411,41.899576,-87.907842,49.3,54.8,55.7
BNSF,CH0719112,2019-07-26,5:50 AM,Derailment,0,AURORA,IL,90,1,Dawn,Clear,Yard,Freight Train,6,27055,9500,36555,H525,41.769993,-88.274423,71.1,74.2,78.4
CRSH,118866,2016-01-09,9:30 PM,Raking collision,0,NEWARK,NJ,42,4,Dark,Rain,Yard,Yard/switching,7,116536,5000,121784,H316,40.706713,-74.13466,39.2,44.4,52.5
NS,135942,2019-10-25,8:33 AM,Hwy-rail crossing,0,OLIVER,GA,72,2,Day,Clear,Main,Freight Train,47,264,47200,47464,M303,32.521318,-81.532952,64.2,72,72.1
NS,131469,2018-10-28,9:30 PM,Other impacts,0,LEXINGTON,NC,50,4,Dark,Clear,Yard,Yard/switching,3,129067,3571,135448,H318,35.750635,-80.318238,50.3,52.8,54.2
BRC,13512,2015-01-28,11:27 PM,Derailment,0,BEDFORD PARK,IL,37,4,Dark,Rain,Yard,Yard/switching,2,42004,815,42819,M407,41.761814,-87.734301,29.1,30.1,36.1
UP,0722MA041,2022-07-19,11:00 PM,Other impacts,0,PINE BLUFF,AR,84,4,Dark,Cloudy,Yard,Yard/switching,5,100,0,48248,H318,34.244187,-91.945428,85.1,88,89.1
NS,138154,2020-06-05,10:45 PM,Other impacts,0,MACON,GA,72,4,Dark,Clear,Yard,Single Car,5,205,0,26067,M411,32.813658,-83.622785,77,75.5,76.1
UP,0419ST065,2019-04-29,3:26 PM,Other impacts,0,TUCSON,AZ,70,2,Day,Cloudy,Yard,Light loco(s),4,19361,150,19511,H310,32.205389,-110.942306,77.8,75.4,68.2
BNSF,NE0316104,2016-03-20,2:00 PM,Derailment,0,LINCOLN,NE,55,2,Day,Clear,Yard,Freight Train,6,15678,500,16178,H525,40.80779,-96.777288,33.9,36.7,48.1
UP,0620GL008,2020-06-10,3:35 PM,Derailment,0,COUNCIL BLUFFS,IA,73,2,Day,Clear,Yard,Freight Train,3,9229,1680,10909,H525,41.248838,-95.883617,77.2,65.5,72.4
UP,0724PR001,2024-07-01,8:35 AM,Derailment,0,MELROSE PARK,IL,65,2,Day,Clear,Yard,Cut of cars,0,112027,0,619031,H306,41.895379,-87.888971,66,66.2,74.5
BNSF,MT0423106,2023-04-26,12:11 PM,Derailment,0,MEDORA,ND,60,2,Day,Clear,Main,Freight Train,18,556317,710201,1266518,E51C,46.875042,-103.431765,41.2,47.7,47.9
UP,0324MA005,2024-03-08,12:54 AM,Other impacts,0,PINE BLUFF,AR,57,4,Dark,Rain,Yard,Yard/switching,11,7335,980,50687,S016,34.249326,-91.942013,59.4,61.1,53.4
UP,0120MA018,2020-01-20,10:50 PM,Other impacts,0,NORTH LITTLE ROCK,AR,28,4,Dark,Clear,Yard,Yard/switching,0,28826,0,29592,M203,34.775127,-92.220471,39.1,30.7,28.9
UP,1120MA034,2020-11-28,10:31 AM,Other impacts,0,NORTH LITTLE ROCK,AR,49,2,Day,Clear,Yard,Yard/switching,2,56744,0,57730,M407,34.774385,-92.224383,52.1,46.3,43
CSX,000180427,2018-12-20,10:39 AM,Other impacts,0,ROCKY MOUNT,NC,40,2,Day,Fog,Yard,Cut of cars,6,2200,0,19640,H318,35.918853,-77.804447,38.5,54,60.6
BNSF,SW0615105,2015-06-16,1:39 PM,Derailment,0,WINSLOW,AZ,92,2,Day,Clear,Yard,Freight Train,8,25000,6509,31509,T221,35.027636,-110.712084,77.5,82.4,80.7
UP,0822MA022,2022-08-12,3:20 PM,Other impacts,0,NORTH LITTLE ROCK,AR,92,2,Day,Clear,Yard,Yard/switching,0,260,0,24294,M407,34.77514,-92.221988,80.6,81.9,79.9
IC,1151211,2024-06-05,1:52 PM,Hwy-rail crossing,0,DE SOTO,IL,76,2,Day,Cloudy,Main,Passenger Train - Pulling,0,0,0,39242,M302,37.793213,-89.224312,75.8,74.3,74.6
UP,0819ST015,2019-08-13,12:40 AM,Derailment,0,TUCSON,AZ,87,4,Dark,Clear,Yard,Yard/switching,13,164094,76620,597083,H601,32.198078,-110.92986,87.5,88.8,90
NS,140087,2020-12-22,7:37 PM,Other impacts,0,MACON,GA,45,3,Dusk,Clear,Yard,Yard/switching,6,13856,2502,16360,H307,32.813658,-83.622785,50.5,49.4,48.2
CSX,000185071,2019-09-01,3:39 AM,Derailment,0,KENNESAW,GA,70,4,Dark,Cloudy,Main,Freight Train,27,14805,32475,47280,M206,34.01792,-84.611173,76.9,78.6,79.1
BRC,14101,2018-04-22,4:00 PM,Derailment,0,BEDFORD PARK,IL,65,2,Day,Clear,Yard,Yard/switching,6,81966,3200,85166,M408,41.767746,-87.782478,47.1,51.4,52.3
UP,0423MA042,2023-04-29,3:25 AM,Other impacts,0,PINE BLUFF,AR,60,4,Dark,Rain,Yard,Yard/switching,0,12307,0,16983,M105,34.245804,-91.943221,63.4,62.3,64.2
CSX,000192663,2020-09-16,10:38 AM,Derailment,0,WAYCROSS,GA,85,2,Day,Cloudy,Yard,Cut of cars,0,37712,0,270962,M405,31.213524,-82.353588,77.4,74.9,80.4
NS,131499,2018-10-31,7:20 AM,Hwy-rail crossing,0,PLAINVILLE,GA,52,1,Dawn,Clear,Main,Freight Train,29,64,31657,31721,M303,34.402503,-85.038616,53.2,61.5,64.1
UP,1217PR001,2017-12-01,7:00 AM,Other (describe in narrative),0,MELROSE PARK,IL,43,2,Day,Cloudy,Yard,Single Car,0,39708,0,39708,M411,41.899398,-87.907692,46.7,40.7,43.2
BRC,14794,2024-08-15,7:41 AM,Rear end collision,0,CHICAGO,IL,69,1,Dawn,Cloudy,Main,Spec. MoW Equip.,6,12248,0,12248,H402,41.80571,-87.73823,76.8,73.2,76.4
UP,1120RM022,2020-11-17,7:20 PM,Obstruction,0,POCATELLO,ID,60,3,Dusk,Cloudy,Yard,Yard/switching,6,135306,13978,149284,M409,42.856195,-112.440516,32.3,36.2,38.8
NS,128019,2018-01-05,10:45 PM,Derailment,0,MACON,GA,27,4,Dark,Clear,Main,Freight Train,12,14500,10673,25173,E27C,32.85022,-83.561464,32.3,30.3,32
UP,0522MA002,2022-05-01,6:05 PM,Other impacts,0,PINE BLUFF,AR,82,3,Dusk,Cloudy,Yard,Single Car,5,460,0,56182,H312,34.24317,-91.945294,73.3,72.5,72.4
CSX,000192371,2020-08-31,5:00 AM,Derailment,0,ROCKMART,GA,75,1,Dawn,Clear,Industry,Freight Train,5,4005,228,15041,H702,34.007393,-85.091799,79.7,78.9,79.9
ALS,20190328,2019-03-28,6:03 PM,Derailment,0,EAST ST LOUIS,IL,61,3,Dusk,Cloudy,Yard,,0,0,2135,15747,H526,38.589612,-90.138829,48.5,58.4,58.4
NS,122637,2016-11-02,7:21 PM,Hwy-rail crossing,0,MENTONE,IN,71,3,Dusk,Rain,Main,Freight Train,55,2722,37716,40438,M303,41.173157,-86.039035,65.4,67.4,58.8
CSX,000183032,2019-05-18,2:57 PM,Derailment,0,WAYCROSS,GA,90,2,Day,Clear,Yard,Yard/switching,10,21664,3890,25554,E29C,31.213524,-82.353588,78.6,79.4,79
BNSF,MT1118101,2018-11-02,11:08 AM,Derailment,0,WHITEFISH,MT,42,2,Day,Cloudy,Yard,Yard/switching,5,0,14073,14073,H607,48.414304,-114.340382,39.9,48.6,44.4
FEC,X13030323,2023-03-03,2:47 PM,Hwy-rail crossing,0,NORTH MIAMI,FL,82,2,Day,Clear,Main,,0,0,445,21183,M308,25.906103,-80.159063,75.2,78.8,79.7
NS,122742,2016-11-12,5:10 PM,Other impacts,0,ELKHART,IN,50,3,Dusk,Clear,Yard,Yard/switching,8,11500,0,14212,H607,41.67736,-85.978495,45.6,36.3,40.8