reportingrailroadcode,accidentnumber,date,time,accidenttype,hazmatreleasedcars,station,stateabbr,temperature,visibility_code,visibility,weathercondition,tracktype,equipmenttype,trainspeed,equipmentdamagecost,trackdamagecost,totaldamagecost,primaryaccidentcausecode,latitude,longitude,prior_temp,actual_temp,following_temp
UP,1222MA011,2022-12-12,10:56 AM,Other (describe in narrative),0,PINE BLUFF,AR,50,2,Day,Clear,Yard,Single Car,0,18049,0,18049,M507,34.249652,-91.940206,52,49.8,60.9
BNSF,MT0719107,2019-07-18,2:10 PM,Other impacts,0,HAVRE,MT,78,2,Day,Clear,Yard,Freight Train,6,89983,0,89983,H310,48.557909,-109.701907,67.9,69.1,61.7
NS,123264,2016-12-22,10:55 AM,Other impacts,0,MELVINDALE,MI,37,2,Day,Cloudy,Yard,Light loco(s),9,3,0,17353,H306,42.273714,-83.191677,26.2,35.1,30.4
CSX,000180336,2018-12-14,9:02 PM,Side collision,0,ATLANTA,GA,40,4,Dark,Rain,Yard,Freight Train,0,21321,2578,160610,H306,33.794105,-84.417335,44.1,48.3,49.6
CSX,000153785,2015-10-30,1:50 PM,Other impacts,0,LITHONIA,GA,72,2,Day,Clear,Yard,Cut of cars,6,26000,251,26251,H020,33.722693,-84.109432,61.1,56.4,55.3
NS,128390,2018-02-04,4:50 PM,Derailment,0,EAST POINT,GA,55,3,Dusk,Clear,Yard,Yard/switching,4,7624,14944,22568,H306,33.677828,-84.43927,39.3,41.9,43.5
NS,131444,2018-10-26,4:20 PM,Derailment,0,COMMERCE,GA,50,3,Dusk,Rain,Main,Freight Train,6,5954,6360,12314,H704,34.173025,-83.432996,51.8,47.3,53.2
CSX,000178709,2018-09-10,9:35 PM,Derailment,0,SAVANNAH,GA,78,4,Dark,Clear,Main,Freight Train,38,7415,41129,48544,E44C,32.085652,-81.150597,79.5,79.2,80.8
UP,0321RM030,2021-03-30,11:15 PM,Derailment,0,SODA SPRINGS,ID,24,4,Dark,Clear,Industry,Freight Train,6,8812,21000,29812,T221,42.747849,-111.543661,29.8,19.7,27
CSX,000178826,2018-09-16,6:02 PM,Derailment,0,LILESVILLE,NC,75,3,Dusk,Rain,Main,Freight Train,19,3370938,786156,4157094,M103,34.951588,-79.945155,73.1,72.5,79.4
ALS,0223AS006,2023-02-14,5:10 PM,Derailment,0,EAST ST LOUIS,IL,50,2,Day,Cloudy,Yard,Light loco(s),4,30000,1900,31900,H303,38.650754,-90.162255,47.7,49.3,52.2
UP,0622LA003,2022-06-01,11:22 AM,Derailment,0,GILBERT,AZ,86,2,Day,Clear,Main,Yard/switching,5,16932,966,17898,E35C,33.357214,-111.796807,84.1,86,87.9
NS,135437,2019-09-09,11:08 PM,Other (describe in narrative),0,GARDEN CITY,GA,80,4,Dark,Clear,Industry,Yard/switching,9,247,22000,22247,H306,32.100465,-81.168891,84.7,83.6,82.6
CSX,000205492,2022-06-10,10:40 PM,Derailment,0,TAMPA,FL,74,4,Dark,Cloudy,Industry,Yard/switching,7,3623,30047,33670,H303,27.963885,-82.37263,83.8,83.5,80.4
CSX,000196290,2021-03-14,8:46 PM,Side collision,0,WAYCROSS,GA,67,4,Dark,Clear,Yard,Light loco(s),0,0,0,19101,H316,31.213524,-82.353588,67.3,68.8,67.7
NS,152909,2023-04-25,2:45 AM,Other impacts,0,JACKSONVILLE,FL,64,4,Dark,Cloudy,Yard,Cut of cars,3,10848,0,307881,H020,30.360836,-81.723365,68.9,72.2,74.1
ATK,161976,2019-11-13,7:24 AM,Hwy-rail crossing,0,HORTENSE,GA,45,2,Day,Clear,Main,Passenger Train - Pulling,70,33262,0,33359,M304,31.209278,-81.978951,59.3,42.4,48.4
CSX,000193681,2020-11-08,5:10 AM,Raking collision,0,WAYCROSS,GA,70,1,Dawn,Clear,Yard,Yard/switching,1,24536,0,25536,M407,31.213524,-82.353588,72.6,73.1,74.3
NS,122890,2016-11-26,4:45 AM,Side collision,0,OAKDALE,GA,72,1,Dawn,Clear,Yard,Yard/switching,8,7868,0,11609,H607,33.793887,-84.445407,65.5,60.3,52
UP,0823MA036,2023-08-26,3:30 AM,Derailment,0,PINE BLUFF,AR,79,4,Dark,Clear,Yard,Yard/switching,10,16353,11802,28155,H305,34.242019,-91.946586,90.2,88.8,83
NS,124040,2017-02-20,1:41 PM,Other impacts,0,DURHAM,NC,67,2,Day,Clear,Industry,Cut of cars,0,6300,0,33900,H302,35.979893,-78.879412,58.4,56.4,54
BNSF,CH0115104,2015-01-06,2:37 AM,Derailment,0,CICERO,IL,10,4,Dark,Clear,Main,Freight Train,8,30756,1100,31856,H503,41.844762,-87.74276,3.6,9.1,2.4
IC,989214,2019-01-19,12:20 PM,Obstruction,0,BROOKHAVEN,MS,63,2,Day,Cloudy,Main,,0,0,0,19119,M404,31.649439,-90.416885,60.1,55.3,37.3
UP,1022MA010,2022-10-05,2:11 PM,Other (describe in narrative),0,PINE BLUFF,AR,81,2,Day,Clear,Yard,Single Car,0,39072,0,39072,M507,34.238097,-91.952512,67.6,65,70.1
BRC,14129,2018-06-24,2:25 PM,Derailment,0,CHICAGO,IL,80,2,Day,Clear,Yard,,0,0,3200,12180,M405,41.723325,-87.561378,70.2,72,70.9
CSX,000168856,2017-05-12,7:47 PM,Other impacts,0,AVON,IN,65,2,Day,Clear,Yard,Light loco(s),8,11781,0,47789,S014,39.759791,-86.327526,60.7,60.1,62.6
UP,0522MA038,2022-05-26,6:01 AM,Derailment,0,BEARDEN,AR,55,1,Dawn,Clear,Main,Freight Train,7,12167,1960,14127,H519,33.674801,-92.72827,72.4,68.4,68
UP,1022MA026,2022-10-13,7:27 PM,Obstruction,0,NORTH LITTLE ROCK,AR,69,3,Dusk,Clear,Yard,Yard/switching,6,4888,9320,14308,M404,34.772542,-92.229035,72.8,66.1,67.1
NS,122742,2016-11-12,5:10 PM,Other impacts,0,ELKHART,IN,50,3,Dusk,Clear,Yard,Yard/switching,7,2712,0,14212,H607,41.67736,-85.978495,45.6,36.3,40.8
NS,133339,2019-03-25,3:30 AM,Other impacts,0,EAST POINT,GA,55,4,Dark,Cloudy,Yard,Yard/switching,6,6096,24014,30260,H312,33.677828,-84.43927,61.1,60.8,55.6
CSX,000213370,2023-09-09,3:12 PM,Other impacts,0,LAKE ALFRED,FL,91,2,Day,Clear,Industry,Freight Train,5,3865,0,13577,H302,28.09667,-81.724199,79.1,79.2,82.9
CSX,000159608,2016-05-05,12:56 PM,Derailment,0,CARLTON,GA,67,2,Day,Clear,Main,Freight Train,20,45238,766,46004,M299,34.043503,-83.027823,63,55.3,57.6
UP,1022MA040,2022-10-26,4:33 PM,Hwy-rail crossing,0,HUMPHREY,AR,68,2,Day,Cloudy,Main,Freight Train,51,13639,0,13639,M302,34.442617,-91.632617,63.3,54.5,54.2
NS,129774,2018-06-10,6:45 AM,Hwy-rail crossing,0,GAINESVILLE,GA,71,1,Dawn,Clear,Main,Freight Train,40,4988,6027,11015,M308,34.284907,-83.824056,77.8,75.7,73.2
NS,139989,2020-12-12,4:30 AM,Other impacts,0,ATLANTA,GA,56,1,Dawn,Clear,Yard,Single Car,1,6512,500,29521,M411,33.793887,-84.445407,51.9,57.4,58.8
UP,1221MA014,2021-12-15,7:31 AM,Hwy-rail crossing,0,FISHER,AR,65,1,Dawn,Cloudy,Main,Freight Train,40,12191,450,12641,M399,35.493909,-90.971832,53.8,62.8,59.3
GRW,24,2015-07-29,11:00 AM,Derailment,0,GARY,IN,85,2,Day,Clear,Industry,Yard/switching,4,3140,12086,15226,M599,41.624866,-87.333857,79.7,79.3,76.5
CFRC,23317,2023-11-13,2:30 AM,Other impacts,0,ORLANDO,FL,75,4,Dark,Clear,Main,Spec. MoW Equip.,5,40995,0,81990,H699,28.499848,-81.37732,73,71.1,72.7
NIRC,9419001418,2023-03-29,9:25 AM,Obstruction,0,CHICAGO,IL,39,2,Day,Cloudy,Main,Commuter Train - Pushing,25,23347,0,23347,M404,41.67751,-87.66652,40.5,37.4,40.6
CSX,000160226,2016-06-01,10:55 AM,Other impacts,0,WILMINGTON,DE,82,2,Day,Clear,Yard,Cut of cars,0,25126,0,35884,H306,39.758747,-75.56188,77.3,74.6,71.1
CSX,000177996,2018-08-05,1:52 AM,Side collision,0,WAYCROSS,GA,78,4,Dark,Clear,Yard,Light loco(s),10,12951,97,23369,H607,31.213524,-82.353588,81.7,82.9,81.8
UP,0822MA022,2022-08-12,3:20 PM,Other impacts,0,NORTH LITTLE ROCK,AR,92,2,Day,Clear,Yard,Yard/switching,13,0,0,24294,M407,34.77514,-92.221988,80.6,81.9,79.9
CSX,000157044,2016-02-12,1:17 AM,Other impacts,0,WAYCROSS,GA,45,4,Dark,Cloudy,Yard,Yard/switching,4,56224,65502,125407,H305,31.213524,-82.353588,50.9,64,51.6
BLF,20231671,2023-03-03,2:47 PM,Hwy-rail crossing,0,NORTH MIAMI,FL,82,2,Day,Clear,Main,Passenger Train - Pulling,60,20738,0,21183,M308,25.906103,-80.159063,75.2,78.8,79.7
BRC,14691,2023-09-21,5:15 AM,Derailment,0,BEDFORD PARK,IL,62,4,Dark,Cloudy,Yard,Light loco(s),4,30000,2711,32711,H704,41.7691,-87.75973,70.8,70.6,71.4
UP,0720PN026,2020-07-21,9:15 AM,Derailment,0,NAMPA,ID,64,2,Day,Clear,Yard,Yard/switching,10,30000,0,90000,T211,43.589406,-116.573962,79.1,80.8,80.1
NS,129485,2018-05-16,12:05 AM,Derailment,0,MACON,GA,72,4,Dark,Cloudy,Yard,Yard/switching,11,75276,63475,138751,H601,32.813658,-83.622785,73,71.9,74
ALS,20190623,2019-06-23,9:45 AM,Other impacts,0,EAST ST LOUIS,IL,74,2,Day,Rain,Yard,Freight Train,4,10600,10600,28505,H701,38.587699,-90.135196,71.3,72.3,74.2
NS,151200,2022-10-17,4:05 PM,Other impacts,0,ELKHART,IN,38,3,Dusk,Rain,Yard,Single Car,0,400,48665,49465,M411,41.677392,-85.978437,48.2,39.9,38.3
NS,141222,2021-04-13,11:49 AM,Derailment,0,TRENTON,GA,72,2,Day,Clear,Main,Freight Train,20,19000,0,19000,E21C,34.853935,-85.511854,64.6,66.6,63.1
BNSF,MT0323108,2023-03-29,8:01 AM,Derailment,0,HETTINGER,ND,6,1,Dawn,Clear,Yard,Cut of cars,0,27953,0,82001,M101,45.999266,-102.640162,20.7,20.5,26.2
CSX,000191005,2020-06-24,9:17 AM,Hwy-rail crossing,0,EMERSON,GA,75,2,Day,Clear,Main,Freight Train,41,12634,15672,28306,M303,34.12713,-84.756298,76.7,73.4,75.3
CSX,000194519,2020-12-15,2:05 AM,Derailment,0,WAYCROSS,GA,47,4,Dark,Clear,Yard,Yard/switching,6,8350,4014,12364,M411,31.213195,-82.353954,63.9,51.8,48.2
UP,1217SL010,2017-12-13,8:19 PM,Hwy-rail crossing,0,GRANITE CITY,IL,38,4,Dark,Cloudy,Main,,0,0,0,29906,M308,38.701518,-90.157774,33,40.8,32.4
BNSF,SW0121106,2021-01-24,12:57 PM,Derailment,0,WINSLOW,AZ,42,2,Day,Cloudy,Main,Freight Train,19,640341,453000,1313341,E53C,34.967562,-110.48756,42.9,36.3,34.2
BNSF,SW0115115,2015-01-26,8:30 PM,Fire/violent rupture,0,HOLBROOK,AZ,37,3,Dusk,Clear,Main,,0,0,0,11484,M406,34.95391,-109.986806,34.6,37.5,45.9
IC,951727,2018-03-03,5:45 AM,Other impacts,0,KANKAKEE,IL,29,1,Dawn,Clear,Yard,Yard/switching,8,42650,1230,43880,H306,41.061629,-87.886311,36.3,37.6,38.1
CSX,000154713,2015-11-27,4:04 PM,Side collision,0,ATLANTA,GA,57,2,Day,Clear,Main,Freight Train,8,30000,126,143935,H221,33.761979,-84.431417,55.7,59.6,59
UP,0823LA034,2023-08-22,2:42 AM,Derailment,0,FLORENCE,AZ,74,4,Dark,Clear,Main,Freight Train,10,116922,26829,143751,H503,33.142256,-111.509444,80.6,83.4,87.9
NS,141153,2021-04-06,6:25 PM,Derailment,0,ATLANTA,GA,78,3,Dusk,Clear,Yard,Yard/switching,2,153031,228450,415175,E30C,33.793527,-84.444462,61.4,64.6,66.8
KCS,15120703,2015-12-07,7:45 PM,Side collision,0,KANSAS CITY,MO,51,4,Dark,Clear,Yard,Yard/switching,3,0,0,42035,H401,39.130434,-94.529201,47.7,43.4,47.7
KRR,KRR018922,2022-09-02,11:00 PM,Derailment,0,HOPE,AR,73,4,Dark,Cloudy,Main,Freight Train,9,36000,37000,73000,M101,33.664211,-93.765907,80.6,78.7,82.3
BNSF,SW0819109,2019-08-16,7:45 PM,Derailment,0,WILLIAMS,AZ,82,3,Dusk,Clear,Main,Freight Train,65,20000,0,464699,E53C,35.300536,-112.221371,74,70.7,70.8
NS,132740,2019-02-04,8:10 PM,Derailment,0,DES MOINES,IA,17,4,Dark,Clear,Yard,,0,0,11819,57437,H702,40.374415,-86.831992,46.4,24.5,14
UP,0822MA040,2022-08-31,6:40 PM,Derailment,0,HOPE,AR,88,3,Dusk,Clear,Yard,Freight Train,5,7621,3750,11371,E44C,33.668075,-93.594283,81.1,84,80.6
PPBD,001,2023-05-05,7:35 AM,Derailment,0,RIVIERA BEACH,FL,85,1,Dawn,Clear,Industry,Cut of cars,3,150000,0,150000,H018,26.767202,-80.053186,75.7,77.9,79
UP,0117LK017,2017-01-15,5:46 AM,Derailment,0,SHREVEPORT,LA,57,4,Dark,Cloudy,Yard,Yard/switching,8,1570,185163,186733,T220,32.513549,-93.743473,64.7,61.9,65.9
UP,0121LA033,2021-01-30,4:10 AM,Derailment,0,TUCSON,AZ,42,1,Dawn,Clear,Yard,Yard/switching,4,36178,10674,46852,H702,32.194155,-110.92439,59,49.6,56
FEC,D55091617,2017-09-16,9:35 PM,Derailment,0,MIAMI-DADE,FL,86,4,Dark,Clear,Yard,Freight Train,5,16375,7248,23623,H504,25.82681,-80.308454,83.9,84.4,83.8
UP,0323MA040,2023-03-31,4:40 PM,Other (describe in narrative),0,WYNNE,AR,71,2,Day,Rain,Main,Cut of cars,0,774059,6180,780239,M102,35.226074,-90.802413,60.1,68.1,62.2
NS,152718,2023-04-04,6:59 PM,Side collision,0,JACKSONVILLE,FL,75,3,Dusk,Clear,Yard,Yard/switching,7,87428,2545,89973,H306,30.359788,-81.722201,72.9,73.5,76.4
UP,0524MA033,2024-05-24,6:25 PM,Derailment,0,STUTTGART,AR,76,3,Dusk,Rain,Main,Freight Train,44,3243710,306121,3549831,M105,34.556924,-91.482794,73.5,76.9,78
AZER,AZE345220D,2020-02-24,8:20 PM,Derailment,0,CLIFTON,AZ,58,4,Dark,Clear,Main,Freight Train,10,118449,11164,129613,M204,32.881616,-109.203498,49.7,50.6,49.6
BNSF,HL0324112,2024-03-25,10:00 AM,Other (describe in narrative),0,JONESBORO,AR,65,2,Day,Clear,Industry,Yard/switching,5,78009,1500,79509,H302,35.810421,-90.607542,51.5,61.5,48.9
UP,0922MA005,2022-09-05,9:59 PM,Derailment,0,NORTH LITTLE ROCK,AR,70,4,Dark,Cloudy,Yard,Freight Train,5,9410,16175,25585,H507,34.773017,-92.23167,79.6,76.1,75.3
AZER,AZE205519D,2019-10-11,2:00 PM,Derailment,0,CLIFTON,AZ,80,2,Day,Clear,Main,Freight Train,10,63339,15776,79115,E4BC,33.01892,-109.29657,72,64.7,65.8
UP,0523MA030,2023-05-15,8:19 AM,Other (describe in narrative),0,PINE BLUFF,AR,75,2,Day,Clear,Yard,Single Car,0,18670,0,18670,S016,34.249402,-91.939684,80.6,80.7,77.6
CSX,000169927,2017-06-28,1:30 PM,Hwy-rail crossing,0,HENRYVILLE,IN,80,2,Day,Clear,Main,Freight Train,44,3193,0,53193,M302,38.541521,-85.765379,69.2,72.2,79.1
NS,141501,2021-05-10,6:30 AM,Derailment,0,ATLANTA,GA,68,1,Dawn,Rain,Yard,Freight Train,4,69303,134738,204041,H504,33.793527,-84.444462,68.5,68.2,67.6
UP,0720RM013,2020-07-17,8:52 AM,Hwy-rail crossing,0,IDAHO FALLS,ID,51,2,Day,Clear,Main,Freight Train,36,0,100369,100369,M308,43.424853,-112.089564,68.1,74,70.6
NS,140977,2021-03-20,1:10 AM,Hwy-rail crossing,0,HOFFMAN,IL,50,4,Dark,Clear,Main,Freight Train,14,80983,246923,327906,M308,38.542296,-89.198377,42.5,45.5,51.6
ATK,160293,2019-07-28,5:03 PM,Hwy-rail crossing,0,UNIVERSITY PARK,IL,86,2,Day,Cloudy,Main,Passenger Train - Pulling,69,1061628,0,1561628,M308,41.456326,-87.72476,77.9,78.9,74
CSX,000192371,2020-08-31,5:00 AM,Derailment,0,ROCKMART,GA,75,1,Dawn,Clear,Industry,Cut of cars,5,10808,0,15041,H702,34.007393,-85.091799,79.7,78.9,79.9
BNSF,SW0215110,2015-02-19,7:40 PM,Derailment,0,PHOENIX,AZ,65,3,Dusk,Clear,Yard,Yard/switching,3,17488,4000,21488,H607,33.444017,-112.090573,64.8,65.3,66.1
UP,1114ST008,2014-11-16,1:30 AM,Derailment,0,TUCSON,AZ,53,4,Dark,Clear,Yard,Yard/switching,4,9876,2792,12668,H306,32.208628,-110.945222,62.3,58.6,53.2
WC,1152202,2024-06-27,10:50 AM,Derailment,2,MATTESON,IL,74,2,Day,Clear,Main,Freight Train,21,1288228,757744,2045972,H503,41.494985,-87.69681,76.3,66.2,69.4
NIRC,9419001741,2023-09-16,4:45 PM,Other impacts,0,LAKE FOREST,IL,70,2,Day,Clear,Main,Spec. MoW Equip.,24,136687,0,136687,H402,42.23412,-87.87957,63.7,63.9,61.3
CSX,000182383,2019-04-15,11:12 AM,Derailment,0,ATLANTA,GA,70,2,Day,Clear,Main,,0,0,7497,14614,H503,33.723013,-84.513972,70.3,55,59.8
BNSF,SW0417106,2017-04-16,11:23 AM,Derailment,0,HACKBERRY,AZ,73,2,Day,Clear,Main,Freight Train,55,13158,2100,15258,E33C,35.414706,-113.789926,74.5,77.8,72
BNSF,PR1214118,2014-12-27,11:55 AM,Derailment,0,COMMERCE CITY,CO,27,2,Day,Clear,Yard,Freight Train,7,60790,10000,70790,H307,39.856969,-104.881581,15.1,14.6,20.8
UP,0519GL001,2019-05-01,8:30 PM,Other impacts,0,MELROSE PARK,IL,55,4,Dark,Rain,Yard,Yard/switching,3,43946,0,47388,H020,41.899572,-87.90765,43.7,51.2,43.9
UP,0417PR014,2017-04-12,12:53 AM,Fire/violent rupture,0,CHICAGO,IL,40,4,Dark,Clear,Main,Freight Train,20,91282,0,91282,E79L,41.887898,-87.733758,48,47.7,50.7
NS,139182,2020-09-17,3:00 AM,Obstruction,0,FLIPPEN,GA,69,4,Dark,Clear,Main,Freight Train,45,12650,70,12720,M404,33.510592,-84.193482,66.4,69.7,72.6
BNSF,CH0723111,2023-07-20,6:00 PM,Derailment,0,GALESBURG,IL,80,3,Dusk,Clear,Yard,Yard/switching,4,3150,9635,12785,H312,40.921683,-90.376961,72,75.2,69.2
UP,1019ST022,2019-10-21,5:59 PM,Derailment,0,TUCSON,AZ,84,2,Day,Clear,Yard,Freight Train,8,16947,71234,88681,H511,32.202868,-110.938868,65.8,65.4,68.3
CSX,000210561,2023-03-31,10:06 AM,Other impacts,0,ROCKDALE,IL,45,2,Day,Cloudy,Main,Freight Train,5,16155,0,21006,H018,41.501568,-88.127422,42.7,59.4,39.5
CSX,000207682,2022-10-06,1:05 PM,Derailment,0,JACKSONVILLE,FL,81,2,Day,Clear,Yard,Yard/switching,4,36994,1349,38343,H306,30.359359,-81.716903,67.2,70.9,72.5
NS,138154,2020-06-05,10:45 PM,Other impacts,0,MACON,GA,72,4,Dark,Clear,Yard,Cut of cars,0,2243,23619,26067,M411,32.813658,-83.622785,77,75.5,76.1
UP,1223MA026,2023-12-20,7:00 AM,Other impacts,0,PINE BLUFF,AR,59,2,Day,Clear,Yard,Single Car,0,11792,0,11792,H312,34.251436,-91.939319,39.6,43.1,46.8
NS,138567,2020-07-18,8:30 AM,Obstruction,0,BAXLEY,GA,72,2,Day,Clear,Main,Freight Train,49,2096,30000,32096,M404,31.794784,-82.400596,81.4,80.8,83.6
NS,114695,2015-03-05,6:30 PM,Derailment,0,NEWARK,DE,20,3,Dusk,Snow,Yard,Freight Train,2,95267,200,95467,H306,39.666359,-75.753722,38.1,28.6,17
NS,140735,2021-02-24,5:49 PM,Side collision,0,AUGUSTA,GA,72,3,Dusk,Clear,Yard,Yard/switching,2,3596,7492,99349,H607,33.44606,-81.982908,57.6,59.2,64.4
UP,0423MA021,2023-04-06,3:43 AM,Other impacts,0,PINE BLUFF,AR,53,4,Dark,Rain,Yard,Yard/switching,5,18830,0,37660,S016,34.249297,-91.939811,70.3,53.5,55.5
UP,0115ST007,2015-01-13,6:29 PM,Hwy-rail crossing,0,DATELAND,AZ,61,4,Dark,Clear,Main,Freight Train,62,12821,100,12921,M302,32.835572,-113.351376,61.5,60.1,56.6
BNSF,HL0318120,2018-03-24,10:19 PM,Derailment,0,BIRMINGHAM,MO,37,4,Dark,Cloudy,Main,Freight Train,34,1230033,0,1306736,T219,39.154756,-94.495444,50.9,46.6,39.3
NS,155996,2024-03-09,10:50 AM,Side collision,0,ELKHART,IN,55,2,Day,Clear,Yard,Light loco(s),6,500,0,539,H306,41.677392,-85.978437,47,38.7,33.1
SFRV,07312023,2023-07-31,11:59 AM,Derailment,0,LAKE WORTH,FL,92,2,Day,Clear,Main,Commuter Train - Pulling,50,50000,2770,52770,E59L,26.61494,-80.06916,86.1,81.9,81.4
UP,0523LA036,2023-05-14,3:30 PM,Other (describe in narrative),0,TUCSON,AZ,91,2,Day,Rain,Main,Freight Train,0,0,65150,65150,M105,32.195313,-110.923519,78.4,81.7,83.1
NS,139744,2020-11-15,8:10 PM,Rear end collision,0,ATLANTA,GA,50,4,Dark,Clear,Main,Freight Train,0,109844,0,569890,H221,33.807793,-84.485925,56.7,58.1,51
NS,133216,2019-03-14,8:00 AM,Other (describe in narrative),0,ATLANTA,GA,72,2,Day,Cloudy,Yard,Freight Train,8,87531,47513,135044,H702,33.793887,-84.445407,60.2,65.1,61.8
UP,0323PR015,2023-03-23,4:45 AM,Obstruction,0,MELROSE PARK,IL,46,1,Dawn,Rain,Main,Yard/switching,4,11977,61742,73719,M404,41.934331,-87.914264,45,41.8,39.9
UP,0815ST002,2015-08-02,9:49 AM,Derailment,0,TUCSON,AZ,91,2,Day,Clear,Yard,Yard/switching,10,28549,3323,71275,H307,32.206396,-110.941687,82.9,88.3,90.6
NS,118341,2015-11-23,11:45 PM,Derailment,0,OAKDALE,GA,31,4,Dark,Clear,Main,Freight Train,16,5650,50000,55650,E67C,33.809524,-84.487033,58.2,46.9,47.9
NS,139989,2020-12-12,4:30 AM,Other impacts,0,ATLANTA,GA,56,1,Dawn,Clear,Yard,Single Car,0,22509,0,29521,M411,33.793887,-84.445407,51.9,57.4,58.8
ATK,145481,2016-12-12,5:00 PM,Other (describe in narrative),0,WILMINGTON,DE,35,4,Dark,Clear,Yard,Light loco(s),3,11768,0,11768,H311,39.725058,-75.574084,30.9,41.8,38.2
UP,0423MA042,2023-04-29,3:25 AM,Other impacts,0,PINE BLUFF,AR,60,4,Dark,Rain,Yard,Yard/switching,0,2338,0,16983,M105,34.245804,-91.943221,63.4,62.3,64.2
BNSF,SW0720111,2020-07-25,5:19 PM,Derailment,0,HILLSIDE,AZ,83,3,Dusk,Clear,Main,Freight Train,29,1689714,210000,1899714,H519,34.416731,-112.832483,67.1,71.4,76.8
NS,133339,2019-03-25,3:30 AM,Other impacts,0,EAST POINT,GA,55,4,Dark,Cloudy,Yard,Single Car,0,150,0,30260,H312,33.677828,-84.43927,61.1,60.8,55.6
UP,0523MA001,2023-05-01,7:47 AM,Derailment,0,VAN BUREN,AR,43,2,Day,Cloudy,Yard,Freight Train,4,53198,5540,58738,H525,35.429428,-94.352583,60,57.4,62.3
BRC,14664,2023-06-29,5:48 AM,Derailment,0,BEDFORD PARK,IL,74,1,Dawn,Cloudy,Yard,Cut of cars,20,28500,2500,31000,H317,41.76851,-87.75671,72.1,78.2,80
NS,132985,2019-02-25,10:15 AM,Derailment,0,DORAVILLE,GA,68,2,Day,Clear,Yard,Freight Train,5,51165,0,51165,E30C,33.923529,-84.251853,53.4,48.4,53.1
UP,1223LA014,2023-12-09,4:30 PM,Derailment,0,PHOENIX,AZ,65,2,Day,Clear,Yard,Yard/switching,4,56817,2104,58921,H702,33.444,-112.059973,59.7,57.6,57.9
UP,0722MA049,2022-07-19,12:10 PM,Derailment,0,PINE BLUFF,AR,92,2,Day,Clear,Yard,Single Car,4,26806,0,26806,M411,34.249563,-91.939867,85.1,88,89.1
BLF,20232041,2023-04-26,8:05 PM,Hwy-rail crossing,0,DEERFIELD BEACH,FL,78,3,Dusk,Clear,Main,Passenger Train - Pulling,60,11464,0,47311,M308,26.304844,-80.105038,77.5,77.4,80.1
UP,0223MA014,2023-02-01,7:00 AM,Other (describe in narrative),0,NORTH LITTLE ROCK,AR,28,2,Day,Clear,Yard,Single Car,0,15597,0,15597,M507,34.774828,-92.221531,30,29.6,34
UP,0522MA002,2022-05-01,6:05 PM,Other impacts,0,PINE BLUFF,AR,82,3,Dusk,Cloudy,Yard,Yard/switching,5,55722,0,56182,H312,34.24317,-91.945294,73.3,72.5,72.4
BNSF,SW0315100,2015-03-01,6:05 PM,Derailment,0,SELIGMAN,AZ,34,3,Dusk,Snow,Main,Freight Train,39,120000,586944,706944,M404,35.31808,-112.245058,43.7,41.2,39.2
CSX,000191109,2020-06-30,7:53 AM,Hwy-rail crossing,0,BLACKSHEAR,GA,79,1,Dawn,Cloudy,Main,Freight Train,50,60330,97,60427,M303,31.275066,-82.276201,86,81.6,79.8
NS,128218,2018-01-19,7:00 PM,Hwy-rail crossing,0,NORCROSS,GA,35,3,Dusk,Clear,Main,Freight Train,55,6372,17504,23876,M303,33.941101,-84.213997,25.6,35.7,41.8
KRR,KRR721224D,2024-03-01,3:00 AM,Derailment,0,ASHDOWN,AR,60,4,Dark,Clear,Main,Freight Train,9,37410,25000,62410,T220,33.653358,-93.998645,43.5,45.3,58
ATK,157623,2019-02-13,2:40 PM,Other (describe in narrative),0,WASHINGTON,DC,50,2,Day,Clear,Yard,Light loco(s),8,0,18600,18600,H605,38.914297,-76.992574,37.5,42.6,42.9
CSX,000193639,2020-10-29,9:25 AM,Other impacts,0,SAVANNAH,GA,82,2,Day,Cloudy,Yard,Cut of cars,0,0,2000,42000,H702,32.027718,-81.14885,77.9,78.3,64.1
NS,141153,2021-04-06,6:25 PM,Derailment,0,ATLANTA,GA,78,3,Dusk,Clear,Yard,Yard/switching,0,33694,0,415175,E30C,33.793527,-84.444462,61.4,64.6,66.8
UP,1022MA031,2022-10-15,8:30 PM,Other (describe in narrative),0,PINE BLUFF,AR,73,4,Dark,Clear,Yard,Single Car,0,19825,0,19825,M507,34.239874,-91.949985,65.6,75,69.3
UP,0223MA034,2023-02-17,7:57 AM,Other (describe in narrative),0,PINE BLUFF,AR,33,2,Day,Clear,Yard,Single Car,4,91984,0,91984,M411,34.244371,-91.946615,59.3,40.7,42.7
UP,0123MA053,2023-01-24,10:30 PM,Other impacts,0,PINE BLUFF,AR,42,4,Dark,Clear,Yard,Yard/switching,5,33939,150,34864,H018,34.249402,-91.93945,41.9,41.3,41
UP,1214PR001,2014-12-02,9:00 AM,Other impacts,0,NORTHLAKE,IL,42,2,Day,Cloudy,Yard,Single Car,6,11709,0,11709,H601,41.894762,-87.875786,20.2,27.2,29.6