reportingrailroadcode,accidentnumber,date,time,accidenttype,hazmatreleasedcars,station,stateabbr,temperature,visibility_code,visibility,weathercondition,tracktype,equipmenttype,trainspeed,equipmentdamagecost,trackdamagecost,totaldamagecost,primaryaccidentcausecode,latitude,longitude,prior_temp,actual_temp,following_temp
UP,0923MA015,2023-09-08,5:13 AM,Derailment,0,HOPE,AR,68,1,Dawn,Cloudy,Main,Freight Train,5,33424,348,33772,H522,33.669707,-93.590095,80.2,73.4,75.3
IAIS,2015003,2015-01-06,9:28 AM,Hwy-rail crossing,0,MILAN,IL,5,2,Day,Cloudy,Main,Freight Train,8,20000,0,20000,M302,41.457802,-90.577202,3.6,6.9,-1.1
CSX,000192664,2020-09-16,1:25 PM,Other impacts,0,WILMINGTON,DE,76,2,Day,Clear,Yard,Single Car,3,4000,0,14516,H318,39.759472,-75.560376,58.5,60.4,67.4
NS,120539,2016-05-17,3:52 PM,Hwy-rail crossing,0,TIFTON,GA,86,2,Day,Cloudy,Main,Freight Train,38,30,13234,13264,M303,31.450004,-83.510524,71.4,72.5,73.6
UP,1018KC013,2018-10-10,11:13 AM,Other impacts,0,KANSAS CITY,KS,54,2,Day,Cloudy,Yard,Yard/switching,4,700,20634,22930,H306,39.094145,-94.660981,69.3,55,48.3
CSX,000184789,2019-08-17,11:17 AM,Other impacts,0,ATLANTA,GA,93,2,Day,Clear,Yard,Single Car,5,907,64,26656,E08C,33.794105,-84.417335,81.5,83.1,82.9
CSX,000165445,2016-12-24,6:45 AM,Derailment,0,CARLISLE,IN,46,1,Dawn,Fog,Industry,Freight Train,6,12446,64,12510,M599,38.946956,-87.400211,33.5,38.5,40.5
CSX,000153825,2015-10-29,12:00 PM,Derailment,0,LAWRENCEVILLE,GA,71,2,Day,Clear,Industry,Freight Train,6,13058,400,13458,M501,33.99086,-83.913642,62.3,60.3,55.6
UP,0724GL029,2024-07-29,7:30 PM,Derailment,0,CEDAR RAPIDS,IA,82,3,Dusk,Clear,Yard,Yard/switching,6,13367,0,13367,M299,41.931624,-91.718576,76.9,74.4,73.3
IC,844223,2015-03-20,2:40 AM,Derailment,0,HOMEWOOD,IL,40,4,Dark,Cloudy,Yard,Freight Train,5,28357,4377,32734,H702,41.564656,-87.666714,42.8,41.1,39.6
NS,139899,2020-12-03,3:15 AM,Derailment,0,MACON,GA,32,4,Dark,Clear,Yard,Yard/switching,3,4700,13137,17837,H506,32.813729,-83.622793,39.7,41.6,52.6
BNSF,TC1217111,2017-12-27,9:09 PM,Derailment,0,MINOT,ND,0,4,Dark,Snow,Yard,Yard/switching,8,43945,21271,65216,E46C,48.238414,-101.162486,-12.1,-10.6,-5
ATK,171009,2022-05-04,12:22 PM,Derailment,0,WASHINGTON,DC,80,2,Day,Clear,Yard,,0,0,0,33084,H607,38.91615,-76.98567,63.8,63.7,62.8
NS,121078,2016-07-01,5:50 PM,Derailment,0,COMMERCE,GA,85,3,Dusk,Clear,Siding,Freight Train,4,33814,6852,40666,H303,34.166213,-83.432119,77.3,80,81.7
AZER,AZE915021S,2021-10-25,1:00 PM,Other impacts,0,MIAMI,AZ,79,2,Day,Clear,Industry,Light loco(s),6,243000,0,243000,H302,33.413717,-110.868235,72.4,75.3,66.6
UP,1222MA006,2022-12-07,2:51 AM,Other impacts,0,NORTH LITTLE ROCK,AR,65,4,Dark,Rain,Yard,Yard/switching,18,247,0,43794,M407,34.772739,-92.229592,63.6,61.9,58
AZER,AZE755524D,2024-04-04,9:15 AM,Derailment,0,CLIFTON,AZ,74,2,Day,Clear,Main,Freight Train,12,36416,37438,73854,M204,32.881745,-109.205758,57.5,63.2,62.9
UP,0822MA032,2022-08-19,7:00 AM,Other (describe in narrative),0,PINE BLUFF,AR,66,2,Day,Clear,Yard,Single Car,0,20162,0,20162,M411,34.252178,-91.937717,76.6,79.5,82.2
UP,0715ST004,2015-07-11,7:00 AM,Derailment,0,TUCSON,AZ,80,2,Day,Clear,Yard,Yard/switching,5,18172,12900,31072,H702,32.189383,-110.914338,85.4,89.5,86.1
UP,0819ST015,2019-08-13,12:40 AM,Derailment,0,TUCSON,AZ,87,4,Dark,Clear,Yard,Cut of cars,0,137140,0,597083,H601,32.198078,-110.92986,87.5,88.8,90
UP,0819GL013,2019-08-06,5:25 AM,Other impacts,0,CEDAR RAPIDS,IA,62,1,Dawn,Clear,Yard,Yard/switching,4,11966,1806,14890,H318,41.931308,-91.720086,75.1,71.9,73.1
CSX,000196290,2021-03-14,8:46 PM,Side collision,0,WAYCROSS,GA,67,4,Dark,Clear,Yard,Single Car,7,19101,0,19101,H316,31.213524,-82.353588,67.3,68.8,67.7
BNSF,SW1223111,2023-12-20,7:16 AM,Derailment,0,CHAMBERS,AZ,40,1,Dawn,Cloudy,Main,Freight Train,53,2334379,837404,3171783,E71L,34.980409,-109.811742,39.5,34.3,36.5
UP,0324MA005,2024-03-08,12:54 AM,Other impacts,0,PINE BLUFF,AR,57,4,Dark,Rain,Yard,Yard/switching,2,42372,0,50687,S016,34.249326,-91.942013,59.4,61.1,53.4
CSX,000161547,2016-07-22,10:00 PM,Other impacts,0,WILMINGTON,DE,86,4,Dark,Clear,Yard,Yard/switching,5,79696,0,89984,H318,39.759472,-75.560376,77.3,81.1,83.1
UP,0417SL018,2017-04-29,8:30 PM,Obstruction,0,JEFFERSON CITY,MO,53,3,Dusk,Clear,Main,,0,0,0,13154,M404,38.599031,-91.936486,58.8,57.6,62.4
SFRV,122020233,2023-12-20,10:25 PM,Hwy-rail crossing,0,HOLLYWOOD,FL,70,4,Dark,Clear,Main,Commuter Train - Pulling,63,15000,0,15000,M303,25.99623,-80.16728,61.6,66.4,71
UP,0319GL027,2019-03-10,12:45 AM,Other impacts,0,MELROSE PARK,IL,42,4,Dark,Cloudy,Yard,Cut of cars,0,6874,0,24920,M408,41.899651,-87.907636,35.8,35,32.8
UP,0620GL004,2020-06-07,8:00 AM,Derailment,0,DES MOINES,IA,72,2,Day,Clear,Yard,Freight Train,2,10601,31371,41972,H702,41.589068,-93.568263,78,80,81.4
UP,0922MA031,2022-09-21,7:00 AM,Other (describe in narrative),0,PINE BLUFF,AR,75,2,Day,Clear,Yard,Cut of cars,0,25141,0,25141,H601,34.235007,-91.954964,82.9,84.6,79.4
NS,122890,2016-11-26,4:45 AM,Side collision,0,OAKDALE,GA,72,1,Dawn,Clear,Yard,Yard/switching,3,1000,2741,11609,H607,33.793887,-84.445407,65.5,60.3,52
BLF,20233662,2023-11-27,1:15 AM,Derailment,0,ORLANDO,FL,65,4,Dark,Clear,Yard,Yard/switching,5,80000,7000,87000,H704,28.398003,-81.322423,70.7,65.8,54.1
CSX,000179023,2018-09-29,5:45 AM,Side collision,0,WAYCROSS,GA,85,1,Dawn,Clear,Yard,Freight Train,8,129717,5200,134917,H306,31.213524,-82.353588,81,80.7,78.5
UP,1018ST027,2018-10-25,1:50 AM,Other (describe in narrative),0,PHOENIX,AZ,73,4,Dark,Clear,Yard,Yard/switching,2,0,25675,25675,H307,33.444,-112.059973,73.3,74.4,74.9
NS,135694,2019-10-03,1:29 AM,Other impacts,0,MACON,GA,80,4,Dark,Clear,Yard,Yard/switching,6,5208,7465,12673,H312,32.813658,-83.622785,81.9,83.7,85.1
CSX,000180336,2018-12-14,9:02 PM,Side collision,0,ATLANTA,GA,40,4,Dark,Rain,Yard,Yard/switching,3,136711,0,160610,H306,33.794105,-84.417335,44.1,48.3,49.6
UP,0217LV009,2017-02-06,12:05 PM,Hwy-rail crossing,0,PLAQUEMINE,LA,74,2,Day,Cloudy,Main,Freight Train,35,12170,400,12570,M303,30.313238,-91.248914,63.8,68.9,70.8
CSX,000211009,2023-04-26,10:30 PM,Derailment,0,WILMINGTON,DE,50,4,Dark,Clear,Yard,Freight Train,4,31865,0,99627,M599,39.759497,-75.560413,50.3,51.9,55
BNSF,HL1023115,2023-10-26,4:30 PM,Derailment,0,MARION,AR,83,2,Day,Clear,Yard,Freight Train,5,16000,0,16000,H307,35.232754,-90.205612,72.1,72.8,75.1
CSX,000210666,2023-03-01,2:27 AM,Hwy-rail crossing,0,HOLLYWOOD,FL,66,4,Dark,Clear,Main,Freight Train,20,12000,0,12000,M308,25.996073,-80.167258,75.9,73.9,75.5
ALS,0323AS003,2023-03-05,4:15 PM,Other impacts,0,EAST ST LOUIS,IL,31,2,Day,Clear,Yard,Yard/switching,4,47500,50,147312,H307,38.395821,-90.146091,44.5,50.1,58.9
KCS,17061302,2017-06-13,10:30 AM,Other impacts,0,SHREVEPORT,LA,84,2,Day,Clear,Yard,Single Car,4,11794,0,22172,M411,32.535843,-93.835273,80.3,82,84.1
BNSF,MT1116201,2016-11-28,11:15 AM,Hwy-rail crossing,0,STANLEY,ND,27,2,Day,Snow,Main,Freight Train,55,203091,120000,323091,M302,48.323329,-102.37509,31.6,27.2,25.8
NIRC,9419001225,2022-12-27,9:00 PM,Obstruction,0,CHICAGO,IL,25,4,Dark,Clear,Main,EMU,21,4342,23086,27428,M404,41.766068,-87.58594,17.9,17.2,36.6
BRC,14506,2022-02-02,1:50 AM,Derailment,0,BEDFORD PARK,IL,12,4,Dark,Snow,Yard,Light loco(s),4,9639,500,10139,H702,41.76914,-87.75694,39.8,24.3,24.3
IC,986014,2018-12-27,5:22 PM,Obstruction,0,JACKSON,MS,59,3,Dusk,Rain,Main,,0,0,35,12044,M404,32.169498,-90.252243,60.6,59.6,54.2
TSWS,7192023,2023-07-19,11:25 PM,,0,MARION,AR,78,,,,Yard,,10,70000,10000,80000,H306,35.195488,-90.254569,81.4,84.1,85.4
UP,0121RM014,2021-01-11,1:45 PM,Derailment,0,POCATELLO,ID,30,2,Day,Clear,Yard,Freight Train,3,47132,46030,93162,H702,42.837872,-112.420574,24.7,23.6,24
UP,0619ST018,2019-06-17,4:00 AM,Derailment,0,TUCSON,AZ,74,1,Dawn,Clear,Industry,Freight Train,2,159,72337,72496,H307,32.126138,-110.849126,86.5,86.2,85.4
UP,1022MA026,2022-10-13,7:27 PM,Obstruction,0,NORTH LITTLE ROCK,AR,69,3,Dusk,Clear,Yard,Single Car,0,100,0,14308,M404,34.772542,-92.229035,72.8,66.1,67.1
UP,0523MA041,2023-05-24,5:05 PM,Other impacts,0,PINE BLUFF,AR,83,2,Day,Cloudy,Yard,Single Car,4,557,0,50543,E35C,34.243102,-91.947732,75.1,74.7,76.8
NS,125923,2017-07-21,4:10 PM,Derailment,0,HUNTINGTON,IN,92,3,Dusk,Clear,Main,Freight Train,46,30934,500,31434,E68C,40.8692,-85.524255,76.5,76.6,75.2
BNSF,SW1216102,2016-12-10,2:30 PM,Derailment,0,WINSLOW,AZ,60,2,Day,Clear,Yard,Freight Train,9,15385,250,15635,H607,35.030056,-110.720732,37.4,41.7,49.4
UP,0415ST028,2015-04-30,10:25 PM,Derailment,0,PHOENIX,AZ,86,4,Dark,Clear,Yard,Yard/switching,4,1896,19013,20909,H312,33.444236,-112.047775,82.9,85.2,86.2
NS,138981,2020-08-26,8:30 PM,Other impacts,0,MACON,GA,86,4,Dark,Clear,Yard,Single Car,5,0,0,436894,M411,32.813658,-83.622785,80.3,81.7,82
UP,0822LA037,2022-08-27,9:15 AM,Derailment,0,PHOENIX,AZ,87,2,Day,Clear,Main,Yard/switching,9,53467,5180,58647,M409,33.444345,-112.042915,96,94,94.4
BNSF,HL0622109,2022-06-15,9:17 PM,Derailment,0,BLYTHEVILLE,AR,90,4,Dark,Clear,Yard,Freight Train,10,12600,2000,14600,E46C,35.921914,-89.888053,87.9,86.6,88.4
ALS,1122AS005,2022-11-21,10:37 PM,Derailment,0,EAST ST LOUIS,IL,45,4,Dark,Clear,Yard,Yard/switching,5,48800,0,48800,H523,38.59386,-90.15131,29.8,38.7,40.9
UP,0520GL002,2020-05-03,7:30 PM,Other impacts,0,BOONE,IA,73,3,Dusk,Clear,Yard,Yard/switching,5,29863,776,37646,H312,42.060075,-93.853623,63.4,63.7,52.3
UP,0722MA001,2022-07-01,12:46 AM,Derailment,0,PINE BLUFF,AR,76,4,Dark,Cloudy,Yard,Yard/switching,1,206870,77000,283870,M405,34.2438,-91.946014,81.2,81.7,78.9
FEC,D21040423,2023-04-04,9:30 PM,Derailment,0,MIAMI-DADE,FL,77,4,Dark,Clear,Yard,Yard/switching,7,9386,29281,38667,H702,25.817895,-80.308485,78.4,78.8,79.8
CSX,000179971,2018-11-20,8:45 AM,Side collision,0,JEFFERSON,GA,45,2,Day,Clear,Main,Cut of cars,4,11152,0,21794,E08C,34.141665,-83.636639,52.1,52.3,44.4
CSX,000179186,2018-10-09,3:50 AM,Hwy-rail crossing,0,WARM SPRINGS,GA,74,4,Dark,Cloudy,Main,Freight Train,22,4560,33595,38155,M303,32.896516,-84.71489,77.7,77,76.1
CSX,000152978,2015-10-07,2:15 AM,Derailment,0,ATLANTA,GA,65,4,Dark,Clear,Yard,Single Car,0,452,1273,19225,S016,33.799641,-84.439903,66.4,68.6,68.9
CSX,000186715,2019-11-21,6:25 PM,Hwy-rail crossing,0,WAYCROSS,GA,53,4,Dark,Clear,Main,Freight Train,33,16788,97,16885,M308,31.248501,-82.374725,53.2,54.6,59.1
UP,0223MA028,2023-02-15,7:20 PM,Other (describe in narrative),0,PINE BLUFF,AR,76,3,Dusk,Clear,Yard,Yard/switching,4,18991,0,18991,S016,34.247855,-91.942231,57.1,66.4,59.3
CSX,000177906,2018-07-30,4:10 PM,Hwy-rail crossing,0,ATLANTA,GA,89,3,Dusk,Cloudy,Main,Freight Train,38,851,16069,16920,M308,33.621849,-84.499457,77.9,77.7,74.2
CSX,000218310,2024-05-26,2:09 AM,Derailment,0,MARION,AR,77,4,Dark,Cloudy,Main,Yard/switching,4,7625,0,70806,H703,35.194488,-90.243792,76.9,80.9,77.2
CRSH,146886,2024-07-10,8:35 AM,Other impacts,0,NEWARK,NJ,92,2,Day,Clear,Yard,Yard/switching,7,1708375,0,1794263,H307,40.714583,-74.158927,84.3,85.4,83.5
NS,141009,2021-03-23,12:35 AM,Other (describe in narrative),0,ATLANTA,GA,50,4,Dark,Clear,Yard,Yard/switching,2,100683,3500,104183,H702,33.793527,-84.444462,59.5,61.7,65.5
NS,133914,2019-05-12,4:20 AM,Derailment,0,MACON,GA,64,1,Dawn,Cloudy,Yard,Yard/switching,8,27184,1000,28184,E21C,32.813658,-83.622785,72.5,70.2,72.8
AZER,AZE787524D,2024-05-07,7:00 AM,Derailment,0,CLIFTON,AZ,50,1,Dawn,Clear,Main,Freight Train,10,64484,145711,210195,E40C,32.879802,-109.201345,69.1,68.9,73
NS,138981,2020-08-26,8:30 PM,Other impacts,0,MACON,GA,86,4,Dark,Clear,Yard,Cut of cars,0,101707,335187,436894,M411,32.813658,-83.622785,80.3,81.7,82
UP,0724PR001,2024-07-01,8:35 AM,Derailment,0,MELROSE PARK,IL,65,2,Day,Clear,Yard,Yard/switching,5,110824,396180,619031,H306,41.895379,-87.888971,66,66.2,74.5
CSX,000189997,2020-05-01,8:10 PM,Derailment,0,WAYCROSS,GA,70,4,Dark,Clear,Yard,Single Car,4,26644,196,26840,M407,31.213524,-82.353588,68.1,65.1,68.2
AZER,AZE899724D,2024-08-16,3:00 PM,Derailment,0,CLIFTON,AZ,98,2,Day,Clear,Main,Freight Train,4,0,25894,25894,M405,33.050812,-109.295662,92,93,86.5
UP,0722MA026,2022-07-10,11:10 PM,Other impacts,0,PINE BLUFF,AR,76,4,Dark,Cloudy,Yard,Yard/switching,0,40193,0,40293,H601,34.244847,-91.944626,86.5,81.9,82.8
CSX,000169664,2017-06-15,5:10 PM,Side collision,0,WAYCROSS,GA,90,2,Day,Clear,Yard,Single Car,4,11500,0,14108,H307,31.213524,-82.353588,79.3,80.8,82.3
UP,0324MA013,2024-03-10,6:09 AM,Other impacts,0,PINE BLUFF,AR,39,1,Dawn,Cloudy,Yard,Light loco(s),0,17336,0,105674,H607,34.232058,-91.95914,53.4,50.9,54.1
BNSF,SW0819109,2019-08-16,7:45 PM,Derailment,0,WILLIAMS,AZ,82,3,Dusk,Clear,Main,Freight Train,20,34000,410699,464699,E53C,35.300536,-112.221371,74,70.7,70.8
CSX,000175937,2018-04-20,5:29 PM,Side collision,0,WAYCROSS,GA,73,2,Day,Clear,Yard,Light loco(s),5,28171,0,39599,H307,31.213524,-82.353588,72.6,62.2,61.5
NS,139975,2020-12-10,5:13 AM,Derailment,0,MACON,GA,36,1,Dawn,Clear,Yard,Freight Train,3,264615,26001,290616,H524,32.813658,-83.622785,45.2,50.5,50.8
UP,0722MA059,2022-07-28,5:05 AM,Other (describe in narrative),0,PINE BLUFF,AR,75,1,Dawn,Clear,Yard,Single Car,0,26809,0,26809,M411,34.24837,-91.941034,85.2,85.6,81.1
NS,130869,2018-09-08,9:27 AM,Derailment,0,SHERRILLS FORD,NC,84,2,Day,Clear,Industry,Freight Train,1,138788,0,138788,H508,35.602926,-80.980478,79.7,78.5,74.2
CRSH,146909,2024-08-27,8:00 PM,Derailment,0,KEARNY,NJ,70,4,Dark,Clear,Main,,0,0,12876,21176,H503,40.742758,-74.119976,76.5,76.1,82.4
UP,1222MA043,2022-12-29,4:00 AM,Other impacts,0,PINE BLUFF,AR,63,1,Dawn,Cloudy,Yard,Cut of cars,2,12471,0,12624,H018,34.246269,-91.943722,47.5,63.3,58.6
BNSF,KS0118117,2018-01-23,9:40 AM,Derailment,0,KANSAS CITY,KS,28,2,Day,Cloudy,Yard,Yard/switching,5,21067,0,21067,H316,39.084391,-94.690927,40.2,32.3,37.3
CSX,000180764,2018-12-22,5:45 PM,Derailment,0,ATLANTA,GA,50,3,Dusk,Clear,Yard,Cut of cars,4,28623,520,29143,M101,33.794105,-84.417335,45.6,42.1,45.8
CSX,000192761,2020-09-21,3:25 PM,Derailment,0,AUGUSTA,GA,75,2,Day,Clear,Yard,Freight Train,8,73188,0,73188,H526,33.456036,-81.954321,65.1,65.1,63.7
CSX,000184009,2019-07-08,6:38 PM,Derailment,0,OGLETHORPE,GA,90,2,Day,Clear,Industry,Freight Train,7,17198,1483,18681,M501,32.331521,-84.111098,84.1,82.4,83.1
UP,1022MA006,2022-10-04,6:15 PM,Hwy-rail crossing,0,PALESTINE,AR,75,3,Dusk,Clear,Main,Freight Train,55,11718,300,12018,M303,34.973589,-90.902008,64.6,63.3,62.4
UP,0521LA001,2021-05-01,5:53 AM,Derailment,0,ROLL,AZ,71,1,Dawn,Clear,Main,Freight Train,45,6576,7360,13936,H503,32.734631,-113.702053,84.5,83.6,78.4
NS,137954,2020-05-14,5:15 PM,Other impacts,0,CHICAGO,IL,65,3,Dusk,Clear,Yard,Freight Train,0,53991,212,58582,H302,41.710121,-87.575543,56.5,62.1,66.7
BNSF,CH0423108,2023-04-19,5:00 AM,Other (describe in narrative),0,GALESBURG,IL,50,1,Dawn,Clear,Yard,Yard/switching,8,52366,0,52366,M411,40.911223,-90.383317,47.9,61.3,60.9
CSX,000178139,2018-08-11,8:15 PM,Derailment,0,WAYCROSS,GA,80,3,Dusk,Clear,Yard,Freight Train,8,20930,2955,23885,H525,31.216641,-82.371069,81.5,81.5,82.7
BNSF,TC0516108,2016-05-16,9:15 AM,Other (describe in narrative),0,MINNEAPOLIS,MN,65,2,Day,Clear,Yard,Light loco(s),4,0,23000,23000,H307,45.028868,-93.268639,50.7,57.3,55.2
NS,151200,2022-10-17,4:05 PM,Other impacts,0,ELKHART,IN,38,3,Dusk,Rain,Yard,Single Car,0,400,0,49465,M411,41.677392,-85.978437,48.2,39.9,38.3
ATK,159297,2019-06-02,12:11 PM,Derailment,0,QUINCY,IL,71,2,Day,Clear,Industry,Passenger Train - Pushing,9,57602,0,59102,H507,39.958195,-91.366252,70.8,68.7,67.7
BNSF,SW0323105,2023-03-16,3:15 AM,Derailment,0,KINGMAN,AZ,50,4,Dark,Cloudy,Yard,Freight Train,6,47035,10000,57035,M503,35.257488,-113.968446,51.8,47,46
UP,0324MA004,2024-03-07,6:45 PM,Other impacts,0,NORTH LITTLE ROCK,AR,62,3,Dusk,Cloudy,Yard,Freight Train,4,76254,62985,221369,H302,34.772857,-92.225141,60.5,59.7,61.1
UP,0321LA040,2021-03-27,3:15 AM,Other impacts,0,TUCSON,AZ,51,4,Dark,Cloudy,Yard,Freight Train,4,272,1100,14778,H307,32.203168,-110.938679,56,58,65.8
CSX,000190953,2020-06-21,10:45 PM,Derailment,0,WAYCROSS,GA,86,4,Dark,Clear,Yard,Yard/switching,2,14984,12701,27685,M405,31.213524,-82.353588,76.9,81.1,82.2
UP,0722MA041,2022-07-19,11:00 PM,Other impacts,0,PINE BLUFF,AR,84,4,Dark,Cloudy,Yard,Yard/switching,0,48148,0,48248,H318,34.244187,-91.945428,85.1,88,89.1
FEC,D66100622,2022-10-06,10:50 AM,Side collision,0,JACKSONVILLE,FL,83,2,Day,Clear,Yard,Cut of cars,0,5000,1010,126010,H301,30.2494,-81.60857,67.2,70.9,72.5
CSX,000187127,2019-12-13,8:00 PM,Derailment,0,ATLANTA,GA,68,4,Dark,Rain,Main,Cut of cars,5,17602,2177,19779,H020,33.642184,-84.522536,40.9,40.4,46.6
BNSF,SW0919111,2019-09-26,11:59 AM,Other impacts,0,EL MIRAGE,AZ,65,2,Day,Clear,Industry,Freight Train,3,0,25000,25000,H307,33.566476,-112.380456,77.7,75.8,76.5
KRR,KRR139423,2023-04-22,10:10 AM,Derailment,0,HOPE,AR,65,2,Day,Clear,Main,Freight Train,10,431012,150000,581012,T220,33.665922,-93.696581,65,61.6,51.7
IHB,2419,2018-05-19,5:55 AM,Other impacts,0,RIVERDALE,IL,68,1,Dawn,Clear,Yard,Cut of cars,2,63976,0,63976,H316,41.640007,-87.653678,57.2,61.3,49
BNSF,HL1021116,2021-10-21,10:25 AM,Derailment,0,JONESBORO,AR,75,2,Day,Clear,Industry,Freight Train,3,18879,0,18879,H303,35.806296,-90.553321,63.3,65.7,57.3
BNSF,MT0120101,2020-01-01,8:30 PM,Derailment,0,BONNERS FERRY,ID,30,3,Dusk,Clear,Main,Freight Train,24,2959423,590900,3550323,M404,48.705686,-116.140204,32.5,40.6,36.7
UP,0822MA005,2022-08-03,11:30 AM,Other impacts,0,PINE BLUFF,AR,87,2,Day,Clear,Yard,Yard/switching,4,207,0,29067,H318,34.249421,-91.9397,84.4,84.3,80.1
UP,0122MA024,2022-01-21,7:20 PM,Derailment,0,PINE BLUFF,AR,28,3,Dusk,Cloudy,Yard,Single Car,9,20773,0,30115,H318,34.244061,-91.946275,29.1,26.5,29.3
CSX,000191864,2020-08-08,1:50 PM,Side collision,0,SAVANNAH,GA,95,2,Day,Clear,Yard,Yard/switching,5,46503,446,102936,H021,32.027718,-81.14885,79,81.5,79.2
UP,0324LA023,2024-03-15,6:15 PM,Derailment,0,SAN SIMON,AZ,62,3,Dusk,Rain,Main,Freight Train,42,15191,115450,130641,E53C,32.24358,-109.115195,55.2,57.8,49.9
IC,1128413,2023-03-17,8:10 PM,Side collision,0,PAXTON,IL,25,4,Dark,Clear,Industry,Cut of cars,0,21897,0,24341,H302,40.473853,-88.091469,42.9,33.8,20.3
SFRV,04272023,2023-04-27,10:04 PM,Fire/violent rupture,0,MIAMI-DADE,FL,76,4,Dark,Clear,Main,Commuter Train - Pulling,0,225000,0,225000,E73L,25.92228,-80.21712,78.1,79.4,79.9
UP,0623MA045,2023-06-18,4:45 AM,Obstruction,0,ARKADELPHIA,AR,65,1,Dawn,Cloudy,Main,,0,0,0,26192,M404,34.026716,-93.088569,79.8,74.5,79.5
GC,GCR557820,2020-02-23,12:15 PM,Derailment,0,SAVANNAH,GA,56,2,Day,Cloudy,Yard,Yard/switching,5,8783350,0,8783350,H704,32.080385,-81.132724,41.7,48.6,60
BNSF,SW1219110,2019-12-20,1:15 PM,Derailment,0,WINONA,AZ,42,2,Day,Clear,Industry,Freight Train,5,11831,800,12631,H703,35.204381,-111.406295,26.9,32.4,33.1
UP,0319GL041,2019-03-13,4:00 AM,Derailment,0,WEST CHICAGO,IL,40,1,Dawn,Rain,Yard,Yard/switching,3,9738,91652,101390,T211,41.883344,-88.233473,36.2,48.2,52.3
TSWS,9122020001,2020-06-13,9:30 AM,Derailment,0,JOLIET,IL,60,2,Day,Clear,Yard,Yard/switching,10,102500,56765,159265,H702,41.440224,-88.128832,70.2,61.1,62.9
BNSF,SW1018110,2018-10-19,10:45 AM,Raking collision,0,SELIGMAN,AZ,50,2,Day,Clear,Main,Spec. MoW Equip.,1,15000,0,16000,H997,35.30175,-112.780862,42.2,44.6,52.3
NJTR,202409448,2024-08-28,9:33 PM,Other (describe in narrative),0,KEARNY,NJ,70,4,Dark,Clear,Yard,Yard/switching,5,21699,15575,37274,H599,40.744369,-74.10812,76.1,82.4,75.5
UP,1222MA006,2022-12-07,2:51 AM,Other impacts,0,NORTH LITTLE ROCK,AR,65,4,Dark,Rain,Yard,Single Car,4,8231,35316,43794,M407,34.772739,-92.229592,63.6,61.9,58
VREX,19345A,2019-12-11,7:25 AM,Other (describe in narrative),0,"WASHINGTON, DC",DC,32,1,Dawn,Clear,Main,Passenger Train - Pushing,12,0,0,22868,H221,38.900792,-77.005161,54,37.1,34
LRWN,LRW888621,2021-12-17,11:05 AM,Derailment,0,LITTLE ROCK,AR,65,2,Day,Cloudy,Siding,Freight Train,9,225553,5388,230941,T221,34.76233,-92.30746,63.6,55.1,51.4
UP,1017KC006,2017-10-04,11:56 PM,Other impacts,0,KANSAS CITY,MO,65,4,Dark,Clear,Yard,Yard/switching,5,2805,15850,18719,M411,39.122249,-94.507192,77.9,65.1,70.1
UP,0423MA042,2023-04-29,3:25 AM,Other impacts,0,PINE BLUFF,AR,60,4,Dark,Rain,Yard,Yard/switching,0,2338,0,16983,M105,34.245804,-91.943221,63.4,62.3,64.2
MBTA,3035,2015-12-26,11:32 PM,Other (describe in narrative),0,WESTBORO,MA,46,4,Dark,Clear,Main,Passenger Train - Pushing,60,12029,0,12029,M503,42.272228,-71.634741,24.3,27.1,23.2
KCS,15120703,2015-12-07,7:45 PM,Side collision,0,KANSAS CITY,MO,51,4,Dark,Clear,Yard,Yard/switching,3,31500,10535,42035,H401,39.130434,-94.529201,47.7,43.4,47.7
CSX,000218134,2024-05-19,11:05 PM,Side collision,0,LOUISVILLE,KY,75,4,Dark,Cloudy,Yard,Yard/switching,5,1238,0,25183,H307,38.16074,-85.749136,69.9,75.5,77.1
CSX,000207699,2022-10-07,9:40 AM,Side collision,0,PENSACOLA,FL,80,2,Day,Clear,Yard,Freight Train,10,35150,0,131048,H702,30.437013,-87.219916,72.4,73.3,75.8
UP,0922MA006,2022-09-06,3:00 AM,Derailment,0,JONESBORO,AR,80,4,Dark,Clear,Main,Freight Train,34,193083,755920,998596,E61C,35.840331,-90.690658,77,78.1,78
UP,0822MA007,2022-08-04,2:10 AM,Other impacts,0,VAN BUREN,AR,81,4,Dark,Clear,Yard,Cut of cars,0,0,0,777783,H306,35.430071,-94.344022,88.5,82.7,86.6
UP,0815ST022,2015-08-30,4:41 PM,Fire/violent rupture,0,CASA GRANDE,AZ,104,2,Day,Cloudy,Main,Freight Train,15,140569,0,140569,M406,32.966338,-111.901931,93.2,91.3,91.1
FEC,D33050523,2023-05-05,4:20 AM,Derailment,0,JACKSONVILLE,FL,60,4,Dark,Clear,Industry,Yard/switching,5,569922,2980,572902,H303,30.236203,-81.598807,69,71.3,70.6
BNSF,SW0523104,2023-05-27,3:12 PM,Derailment,0,FLAGSTAFF,AZ,78,2,Day,Clear,Main,Freight Train,30,5000,432611,437611,E53C,35.192257,-111.701688,53.7,53.5,56