reportingrailroadcode,accidentnumber,date,time,accidenttype,hazmatreleasedcars,station,stateabbr,temperature,visibility_code,visibility,weathercondition,tracktype,equipmenttype,trainspeed,equipmentdamagecost,trackdamagecost,totaldamagecost,primaryaccidentcausecode,latitude,longitude,prior_temp,actual_temp,following_temp
NS,138106,2020-05-31,10:00 PM,Derailment,0,MACON,GA,72,4,Dark,Clear,Yard,Yard/switching,6,14093,2283,16376,H506,32.813658,-83.622785,79.3,77.2,77.1
WC,835361,2014-12-15,2:40 PM,Other impacts,0,GARY,IN,66,2,Day,Clear,Yard,Yard/switching,4,3818,0,32638,M599,41.619541,-87.371762,46.7,44,40.4
UP,0322MA036,2022-03-27,5:40 PM,Derailment,0,NORTH LITTLE ROCK,AR,59,2,Day,Cloudy,Yard,Yard/switching,8,2486,33241,35727,E35C,34.776602,-92.21767,58.2,52.6,54.3
CSX,000186617,2019-11-13,8:27 AM,Hwy-rail crossing,0,HORTENSE,GA,45,2,Day,Clear,Main,Passenger Train - Pulling,70,0,97,33359,M302,31.351273,-81.951645,59.3,42.4,48.4
CSX,000159696,2016-05-11,4:29 PM,Other impacts,0,JUNCTION CITY,GA,88,3,Dusk,Clear,Industry,Work train,4,6000,0,14493,H702,32.599054,-84.454598,73.5,76.4,78.6
BNSF,CH0523111,2023-05-15,9:09 AM,Other (describe in narrative),0,JOLIET,IL,70,2,Day,Clear,Yard,Yard/switching,5,22934,0,22934,H318,41.544052,-88.08056,59.7,61,63.9
CSX,000186835,2019-11-29,12:00 PM,Side collision,0,WAYCROSS,GA,70,2,Day,Clear,Yard,Light loco(s),8,72000,447,170939,H607,31.213524,-82.353588,61.3,56.5,61
CSX,000210561,2023-03-31,10:06 AM,Other impacts,0,ROCKDALE,IL,45,2,Day,Cloudy,Main,Single Car,5,4851,0,21006,H018,41.501568,-88.127422,42.7,59.4,39.5
NS,152909,2023-04-25,2:45 AM,Other impacts,0,JACKSONVILLE,FL,64,4,Dark,Cloudy,Yard,Cut of cars,0,147703,0,307881,H020,30.360836,-81.723365,68.9,72.2,74.1
NS,144894,2022-04-05,2:00 AM,Derailment,0,CHICAGO,IL,42,4,Dark,Clear,Yard,Yard/switching,7,16618,3035,19653,H702,41.772762,-87.617003,46.5,46.4,52
CSX,000183412,2019-06-05,9:20 PM,Other impacts,0,NEWNAN,GA,72,4,Dark,Cloudy,Industry,Cut of cars,1,37930,2548,79060,H020,33.406697,-84.76994,75.2,75.6,73.9
NS,134722,2019-07-15,2:52 PM,Other impacts,0,MACON,GA,94,2,Day,Clear,Yard,Freight Train,5,164630,18941,183571,H999,32.813658,-83.622785,83.5,84.6,85.9
CSX,000192664,2020-09-16,1:25 PM,Other impacts,0,WILMINGTON,DE,76,2,Day,Clear,Yard,Single Car,3,10516,0,14516,H318,39.759472,-75.560376,58.5,60.4,67.4
CSX,000159696,2016-05-11,4:29 PM,Other impacts,0,JUNCTION CITY,GA,88,3,Dusk,Clear,Industry,Freight Train,4,8493,0,14493,H702,32.599054,-84.454598,73.5,76.4,78.6
CSX,000213841,2023-10-02,9:53 PM,Other impacts,0,RIVERDALE,IL,75,4,Dark,Clear,Yard,Yard/switching,9,61750,949,62699,H306,41.650035,-87.643692,69.9,70.3,72.3
CRSH,116580,2015-07-17,4:00 AM,Derailment,0,NEWARK,NJ,75,1,Dawn,Clear,Industry,Yard/switching,9,17582,0,17582,H306,40.735443,-74.17211,72.5,72.8,78.7
SFRV,122020232,2023-12-20,10:25 PM,Hwy-rail crossing,0,HOLLYWOOD,FL,70,4,Dark,Clear,Main,Commuter Train - Pulling,63,43800,0,43800,M303,25.99623,-80.16728,61.6,66.4,71
ATK,175189,2023-06-18,4:45 AM,Obstruction,0,GUM SPRINGS,AR,63,4,Dark,Cloudy,Main,Passenger Train - Pulling,32,26192,0,26192,M404,34.027928,-93.087916,79.8,74.7,79.6
ATK,172192,2022-09-27,4:41 AM,Derailment,0,WASHINGTON,DC,60,4,Dark,Clear,Yard,Yard/switching,5,24800,8234,33034,H702,38.91524,-76.99746,69.2,66.3,61.3
TRRA,17017,2017-11-07,3:25 AM,Other impacts,0,ST LOUIS,MO,43,4,Dark,Clear,Industry,Yard/switching,3,17000,4486,21486,H702,38.664996,-90.189827,48.1,47.5,43.8
CSX,000175937,2018-04-20,5:29 PM,Side collision,0,WAYCROSS,GA,73,2,Day,Clear,Yard,Yard/switching,5,11232,196,39599,H307,31.213524,-82.353588,72.6,62.2,61.5
BNSF,SW1021107,2021-10-20,12:30 PM,Derailment,0,YAMPAI,AZ,50,2,Day,Clear,Main,Freight Train,55,123574,394198,517772,E54C,35.49988,-113.234415,53.5,56,59.5
AZER,AZE445717D,2017-10-02,5:15 PM,Derailment,0,GLOBE,AZ,77,2,Day,Clear,Main,Freight Train,10,32925,43056,75981,E40C,33.4301,-110.808438,72,71.4,72.2
CSX,000199434,2021-08-12,6:00 AM,Derailment,0,SAVANNAH,GA,87,1,Dawn,Clear,Industry,Yard/switching,4,5434,2016,7450,H702,32.092039,-81.131293,83.1,82.1,82
UP,0523MA041,2023-05-24,5:05 PM,Other impacts,0,PINE BLUFF,AR,83,2,Day,Cloudy,Yard,Yard/switching,4,49953,33,50543,E35C,34.243102,-91.947732,75.1,74.7,76.8
CSX,000170153,2017-07-11,3:25 PM,Hwy-rail crossing,0,SEBRING,FL,91,2,Day,Cloudy,Main,,0,0,97,11574,M302,27.438062,-81.240724,81.5,81.3,79
UP,0520ST015,2020-05-28,7:05 AM,Derailment,0,PHOENIX,AZ,83,2,Day,Clear,Main,Freight Train,4,81655,32367,114022,H702,33.444311,-112.063442,92.1,95.9,97.5
CSX,000157313,2016-02-23,4:43 AM,Other impacts,0,AUGUSTA,GA,60,4,Dark,Clear,Yard,Yard/switching,9,1365,150,37799,H310,33.458597,-81.960634,63.8,62.3,63.6
UP,0822MA022,2022-08-12,3:20 PM,Other impacts,0,NORTH LITTLE ROCK,AR,92,2,Day,Clear,Yard,Single Car,0,24034,0,24294,M407,34.77514,-92.221988,80.6,81.9,79.9
CSX,000211009,2023-04-26,10:30 PM,Derailment,0,WILMINGTON,DE,50,4,Dark,Clear,Yard,Cut of cars,0,65746,2016,99627,M599,39.759497,-75.560413,50.3,51.9,55
UP,0415ST005,2015-04-06,12:35 PM,Hwy-rail crossing,0,DATELAND,AZ,85,2,Day,Clear,Main,Freight Train,64,113443,100,113543,M302,32.757849,-113.64094,76.3,71.6,68.6
MACZ,171005,2022-05-04,12:22 PM,Derailment,0,"WASHINGTON, DC",DC,80,2,Day,Clear,Yard,Light loco(s),2,33084,0,33084,H699,38.91615,-76.98567,63.8,63.7,62.8
UP,1123MA041,2023-11-27,5:55 PM,Other impacts,0,PINE BLUFF,AR,50,2,Day,Clear,Yard,Single Car,4,16102,1100,17202,M411,34.242254,-91.946818,46.4,40.9,43.4
BNSF,TC0717204,2017-07-20,11:00 AM,Hwy-rail crossing,0,MAYNARD,MN,78,2,Day,Clear,Main,Freight Train,42,12367,0,12367,M302,44.89535,-95.493544,70.1,75.3,76.3
UP,1022MA019,2022-10-05,1:33 AM,Other (describe in narrative),0,PINE BLUFF,AR,56,4,Dark,Clear,Yard,Single Car,0,29083,0,29083,M507,34.249563,-91.939867,67.6,65,70.1
FEC,D18032723,2023-03-27,6:00 AM,Derailment,0,POMPANO BEACH,FL,75,1,Dawn,Clear,Industry,Yard/switching,2,8777,10026,18803,M501,26.240135,-80.139409,79.9,80.1,78
UP,0517PR016,2017-05-10,8:00 PM,Other impacts,0,MELROSE PARK,IL,50,4,Dark,Rain,Yard,Yard/switching,3,7015,0,28348,M411,41.89709,-87.896683,49.2,54.9,55.6
UP,1214PR015,2014-12-21,6:35 PM,Derailment,0,NORTHLAKE,IL,36,4,Dark,Cloudy,Yard,Yard/switching,4,11131,300,11431,S011,41.905046,-87.916893,30.9,33.8,35.1
UP,0923MA037,2023-09-25,10:45 AM,Other impacts,0,NORTH LITTLE ROCK,AR,80,2,Day,Clear,Yard,Yard/switching,4,30576,0,32231,S016,34.772278,-92.228858,76.3,79.7,80.3
CSX,000180787,2019-01-15,7:15 PM,Derailment,0,WILMINGTON,DE,28,4,Dark,Clear,Yard,Yard/switching,9,166209,2000,168209,E46C,39.759472,-75.560376,27,27.4,30.9
ESPN,ESPN1902,2019-12-11,2:00 PM,Derailment,0,MONTCHANIN,DE,45,2,Day,Clear,Main,Freight Train,10,85000,50000,135000,H503,39.798889,-75.587222,53.8,35,31
UP,1214CB011,2014-12-17,7:30 PM,Side collision,0,CLINTON,IA,23,4,Dark,Clear,Yard,Yard/switching,2,1015,0,24653,H602,41.8131,-90.231002,34.6,21.6,18.8
CSX,000210302,2023-03-13,1:30 PM,Other impacts,0,LAKELAND,FL,80,2,Day,Clear,Yard,Single Car,4,2000,0,22330,H318,28.027239,-82.01114,69.8,74.6,65.5
UP,0222MA042,2022-02-24,9:25 AM,Obstruction,0,BRINKLEY,AR,30,2,Day,Cloudy,Main,Freight Train,40,17874,0,17874,M101,34.97849,-91.165543,32,31.2,30.3
UP,0423MA021,2023-04-06,3:43 AM,Other impacts,0,PINE BLUFF,AR,53,4,Dark,Rain,Yard,Single Car,0,18830,0,37660,S016,34.249297,-91.939811,70.3,53.5,55.5
NS,154499,2023-10-14,5:10 PM,Raking collision,0,DECATUR,IL,54,3,Dusk,Clear,Yard,Yard/switching,3,28473,0,29033,H318,39.856675,-88.902202,61.9,54.4,51
ATK,166507,2021-02-26,8:45 AM,Other (describe in narrative),0,WASHINGTON,DC,45,2,Day,Clear,Yard,Light loco(s),0,13288,1000,14288,H999,38.898654,-77.006668,49.9,43.3,43.8
NS,135011,2019-08-07,7:00 AM,Hwy-rail crossing,0,FLOWERY BRANCH,GA,85,1,Dawn,Cloudy,Main,Freight Train,55,171,12000,12171,M303,34.182449,-83.926859,77.5,80.5,81.3
NS,113994,2015-01-23,5:41 AM,Derailment,0,COLUMBUS,GA,40,1,Dawn,Rain,Yard,Yard/switching,3,25441,0,25441,M404,32.465828,-84.982415,51.7,49.6,45.7
BNSF,SW0315200,2015-03-01,10:20 AM,Hwy-rail crossing,0,FLAGSTAFF,AZ,33,2,Day,Snow,Main,Freight Train,45,500,30000,30500,M302,35.194697,-111.628188,35.7,35.4,33.9
NS,136538,2019-12-17,3:00 AM,Hwy-rail crossing,0,MCDONOUGH,GA,63,4,Dark,Rain,Main,Freight Train,34,472,37010,37482,M303,33.436161,-84.147481,59.9,53.4,38.4
UP,0815ST002,2015-08-02,9:49 AM,Derailment,0,TUCSON,AZ,91,2,Day,Clear,Yard,Yard/switching,10,39403,0,71275,H307,32.206396,-110.941687,82.9,88.3,90.6
UP,0418ST013,2018-04-18,5:56 AM,Obstruction,0,COCHISE,AZ,70,1,Dawn,Clear,Main,Freight Train,65,35062,132,35194,M404,32.085077,-109.94346,64.9,62.6,67.1
BNSF,CH1023113,2023-10-29,7:16 AM,Derailment,0,PIERRON,IL,37,1,Dawn,Rain,Main,,0,0,37383,40363,E53C,38.778152,-89.294026,43.8,43.8,36.3
IC,1151290,2024-06-10,4:00 PM,Other impacts,0,DECATUR,IL,75,2,Day,Clear,Yard,Freight Train,3,757634,5031,968945,H702,39.848305,-88.945335,69.9,65.1,65.9
BNSF,TC0419110,2019-04-18,8:15 AM,Derailment,0,MINNEAPOLIS,MN,55,2,Day,Clear,Yard,Yard/switching,5,65281,15000,80281,H308,45.032222,-93.270993,47.6,45.9,50
AKMD,AKM466623O,2023-07-08,10:00 PM,Derailment,0,JACKSONVILLE,AR,70,4,Dark,Cloudy,Yard,,0,0,2500,2500,H503,34.856229,-92.119492,80.2,81.2,73.7
ATK,160663,2019-08-16,3:10 PM,Hwy-rail crossing,0,TERRY,MS,95,2,Day,Clear,Main,Passenger Train - Pulling,77,70355,0,70355,M302,32.075728,-90.31125,84.9,82.5,83.3
NS,152688,2023-03-31,11:15 AM,Derailment,0,DECATUR,IL,55,2,Day,Clear,Yard,Cut of cars,0,2780,0,56946,T211,39.862136,-88.884787,48.2,62.6,44.1
BNSF,MT0416106,2016-04-24,6:45 AM,Derailment,0,HAVRE,MT,31,4,Dark,Cloudy,Yard,Yard/switching,4,10042,5591,15633,E46C,48.553466,-109.666734,53.1,41.1,33.3
IHB,2407,2018-03-13,4:30 AM,Side collision,0,RIVERDALE,IL,30,1,Dawn,Clear,Yard,Yard/switching,9,20000,0,25200,H607,41.640099,-87.643795,35.4,29.7,32.6
CSX,000161547,2016-07-22,10:00 PM,Other impacts,0,WILMINGTON,DE,86,4,Dark,Clear,Yard,Single Car,5,10288,0,89984,H318,39.759472,-75.560376,77.3,81.1,83.1
UP,1020MA010,2020-10-06,11:19 AM,Hwy-rail crossing,0,WOLF LAKE,IL,65,2,Day,Clear,Main,Freight Train,47,42148,0,42148,M302,37.4751,-89.410282,47.2,55.8,65.4
MNA,MNA533523R,2023-09-13,5:30 PM,Derailment,0,NEWARK,AR,80,2,Day,Clear,Industry,Freight Train,5,29100,55633,84733,H704,35.679337,-91.38205,68.4,69.1,67.1
IC,843786,2015-03-14,1:30 AM,Raking collision,0,CHEBANSE,IL,45,4,Dark,Fog,Siding,Cut of cars,0,48998,0,125430,H301,41.047472,-87.891669,45,47.3,46.6
BNSF,SW0524104,2024-05-17,2:20 PM,Derailment,0,PHOENIX,AZ,99,2,Day,Clear,Yard,Freight Train,4,12931,4929,17860,M409,33.475702,-112.111888,86.2,88.8,90.1
UP,0523MA024,2023-05-16,3:30 PM,Derailment,0,STUTTGART,AR,84,2,Day,Clear,Yard,Yard/switching,7,1172,25864,27036,H704,34.513061,-91.53919,80.6,76.9,71.3
CSX,000171766,2017-09-20,3:45 PM,Derailment,0,WILMINGTON,DE,82,3,Dusk,Clear,Yard,Yard/switching,4,47352,2645,49997,H702,39.759472,-75.560376,73.9,76.7,76.5
NS,122943,2016-11-29,12:30 AM,Derailment,0,FRANKFORT,IN,48,4,Dark,Clear,Industry,Yard/switching,7,23000,0,23000,H021,40.297813,-86.575128,48.8,53,42.9
ATK,136428,2015-02-25,1:50 AM,Derailment,0,BEAR,DE,20,4,Dark,Clear,Yard,Yard/switching,5,16688,0,16688,M101,39.606035,-75.700307,16,26.7,29.4
NJTR,201506370,2015-05-15,2:22 PM,Other (describe in narrative),0,KEARNY,NJ,72,2,Day,Clear,Yard,EMU,10,11600,0,11600,H702,40.743637,-74.117508,61.2,62.8,66.9
EVWR,2023APR1X,2023-04-03,7:50 AM,Hwy-rail crossing,0,MOUNT VERNON,IN,55,1,Dawn,Cloudy,Main,Light loco(s),26,90120,0,90120,M304,37.951379,-87.832117,48.6,61,71.8
UP,0117ES008,2017-01-14,11:27 AM,Obstruction,0,KANOPOLIS,KS,32,2,Day,Cloudy,Main,Spec. MoW Equip.,5,13651,0,13651,M404,38.727642,-98.125568,22.3,29.3,30
NS,140563,2021-02-10,4:15 PM,Derailment,0,ATLANTA,GA,69,3,Dusk,Clear,Yard,Cut of cars,0,18000,0,312087,H309,33.793519,-84.444441,54.8,55.7,57.1
CSX,000198856,2021-07-16,4:01 AM,Hwy-rail crossing,0,CONYERS,GA,74,1,Dawn,Cloudy,Main,Freight Train,47,8500,8972,17472,M304,33.673441,-84.028969,80,79.4,78.4
NS,142196,2021-07-14,5:50 PM,Hwy-rail crossing,0,POWDER SPRINGS,GA,80,3,Dusk,Clear,Main,Freight Train,44,4688,15000,19688,M303,33.869003,-84.708795,74.6,76.9,79.7
NS,151137,2022-10-12,4:55 PM,Other impacts,0,ELLSWORTH,IL,65,3,Dusk,Clear,Main,Spec. MoW Equip.,0,0,0,28000,H402,40.449953,-88.714899,57.5,57.8,46.7
CSX,000188510,2020-02-19,4:00 AM,Obstruction,0,HINESVILLE,GA,63,1,Dawn,Rain,Industry,Freight Train,4,27288,97,27385,M404,31.828141,-81.525042,63.1,64.4,47.7
NS,142450,2021-08-05,12:52 PM,Other (describe in narrative),0,ATLANTA,GA,84,2,Day,Clear,Yard,Cut of cars,0,0,0,1355079,E30C,33.793527,-84.444462,75.5,76.3,76.9
NS,142450,2021-08-05,12:52 PM,Other (describe in narrative),0,ATLANTA,GA,84,2,Day,Clear,Yard,Cut of cars,1,702657,652422,1355079,E30C,33.793527,-84.444462,75.5,76.3,76.9
CSX,000202962,2022-02-07,12:55 PM,Hwy-rail crossing,0,DOUGLAS,GA,50,2,Day,Cloudy,Main,Freight Train,54,912988,163613,1076601,M304,31.5053,-82.83939,43,43.6,46.4
EVWR,E2022OCT1X,2022-10-08,5:30 PM,Hwy-rail crossing,0,MCLEANSBORO,IL,57,2,Day,Clear,Main,Freight Train,24,800000,515000,1315000,M302,38.12522,-88.40913,57.8,47.3,48.8
NS,156704,2024-05-13,11:35 PM,Derailment,0,PORTER,IN,46,4,Dark,Rain,Main,Freight Train,45,329801,180000,509801,E67C,41.6157,-87.097128,64.2,66.4,59.6
NS,151137,2022-10-12,4:55 PM,Other impacts,0,ELLSWORTH,IL,65,3,Dusk,Clear,Main,Spec. MoW Equip.,10,28000,0,28000,H402,40.449953,-88.714899,57.5,57.8,46.7
UP,0624GC004,2024-06-03,12:34 PM,Other impacts,0,LOTTIE,LA,85,2,Day,Cloudy,Yard,Yard/switching,8,13668,0,13668,M411,30.525665,-91.555987,75,79.2,75.7
GRS,01192015M1,2015-01-19,4:15 PM,Obstruction,0,HATFIELD,MA,30,4,Dark,Clear,Main,,0,0,0,16017,M507,42.411578,-72.621058,27.6,35.4,28.8
BNSF,GC0316108,2016-03-13,3:00 PM,Derailment,0,LAFAYETTE,LA,75,2,Day,Clear,Yard,Yard/switching,5,13862,0,13862,E34C,30.235261,-92.049682,65.1,68.9,72.4
NS,156612,2024-05-06,2:45 PM,Other impacts,0,ELKHART,IN,50,2,Day,Clear,Yard,Cut of cars,0,35380,34180,104940,M411,41.677392,-85.978437,57.4,58.9,62.5
NS,143814,2021-12-21,4:00 PM,Derailment,0,ATLANTA,GA,40,3,Dusk,Rain,Yard,Yard/switching,10,6629,12853,19482,H524,33.793527,-84.444462,42.1,41.3,45
CSX,000163498,2016-10-11,4:59 AM,Derailment,0,SAVANNAH,GA,62,1,Dawn,Clear,Yard,Freight Train,1,84902,153975,238877,H505,32.027669,-81.148943,64,65.4,68.8
IC,1136724,2023-07-23,9:50 AM,Hwy-rail crossing,0,ST ROSE,LA,83,2,Day,Cloudy,Main,Light loco(s),37,20413,12942,33355,M302,29.971793,-90.297478,86.1,82,85.2
CSX,000159442,2016-05-02,1:28 AM,Side collision,0,CORDELE,GA,58,4,Dark,Clear,Siding,Cut of cars,0,1119,50,39051,H302,31.967454,-83.769007,80.7,77.7,76.1
CFRC,17334,2017-11-30,11:54 AM,Hwy-rail crossing,0,ALTAMONTE SPGS,FL,75,2,Day,Clear,Main,Commuter Train - Pulling,57,80000,9500,89500,M304,28.675791,-81.349279,72.3,70.8,69.3
UP,0721PR019,2021-07-28,12:00 PM,Other (describe in narrative),0,MELROSE PARK,IL,87,2,Day,Cloudy,Yard,Single Car,0,38380,0,38380,M411,41.897907,-87.898263,79.9,81.8,79.4
NS,146475,2022-09-12,11:55 AM,Other (describe in narrative),0,ATLANTA,GA,91,2,Day,Clear,Yard,Freight Train,3,16000,7906,23906,H702,33.793519,-84.444441,75.1,74.5,68.6
ATK,147859,2017-06-12,6:05 PM,Hwy-rail crossing,0,CALLAHAN,FL,80,2,Day,Clear,Main,Passenger Train - Pulling,53,27993,0,28090,M302,30.5609,-81.83645,79.7,76.2,77.1
FEC,X15031822,2022-03-18,5:41 PM,Hwy-rail crossing,0,HALLANDALE,FL,82,2,Day,Clear,Main,,0,0,18102,45466,M308,25.98184,-80.148074,76.8,76.8,78.6
CSX,000154347,2015-11-17,5:35 AM,Side collision,0,ATLANTA,GA,40,1,Dawn,Clear,Yard,Cut of cars,4,12642,0,18893,H306,33.749426,-84.376845,52.3,60.9,62.2
NS,156612,2024-05-06,2:45 PM,Other impacts,0,ELKHART,IN,50,2,Day,Clear,Yard,Light loco(s),3,35380,0,104940,M411,41.677392,-85.978437,57.4,58.9,62.5
FEC,X16033122,2022-03-31,3:20 PM,Hwy-rail crossing,0,WILTON MANOR,FL,87,2,Day,Clear,Main,,0,0,70000,95000,M308,26.159534,-80.131085,77.9,79.3,80.8
CSX,000207059,2022-09-04,6:25 PM,Other impacts,0,WAYCROSS,GA,72,3,Dusk,Rain,Yard,Single Car,4,59542,0,59992,M407,31.213509,-82.353557,79.3,77.4,81
CNYX,CNYX0000P1,2017-06-07,6:40 AM,Obstruction,0,PENSACOLA,FL,73,1,Dawn,Rain,Industry,,0,0,21413,28512,M404,30.437012,-87.219928,77.9,78.3,78
CSX,000201930,2021-12-17,5:18 PM,Derailment,0,AUGUSTA,GA,71,2,Day,Clear,Yard,Yard/switching,7,33321,12492,45813,T211,33.455455,-81.952475,56,63.3,66.8
NS,142846,2021-09-14,2:55 PM,Derailment,0,MACON,GA,80,2,Day,Clear,Yard,Yard/switching,2,21000,2657,48657,E30C,32.813729,-83.622793,74.6,76.5,71.9
CSX,000159442,2016-05-02,1:28 AM,Side collision,0,CORDELE,GA,58,4,Dark,Clear,Siding,Freight Train,5,37882,0,39051,H302,31.967454,-83.769007,80.7,77.7,76.1
NS,145000,2022-04-18,3:50 AM,Other impacts,0,MACON,GA,62,4,Dark,Cloudy,Yard,Single Car,2,300,0,55565,H312,32.813729,-83.622793,68.8,67.5,55.7
FEC,X07021322,2022-02-13,4:07 PM,Hwy-rail crossing,0,LAKE WORTH,FL,74,2,Day,Clear,Main,,0,0,630,47602,M308,26.635938,-80.059,73.2,69.5,59.5
NS,139180,2020-09-16,3:20 PM,Other impacts,0,MACON,GA,76,2,Day,Cloudy,Yard,Single Car,2,225,165691,166591,M411,32.813658,-83.622785,74.9,68.3,73.3
CSX,000209052,2023-01-02,10:10 PM,Other impacts,0,WAYCROSS,GA,61,4,Dark,Clear,Yard,Cut of cars,7,20100,23005,320862,M599,31.213509,-82.353557,63.4,63.3,68.9
NS,139507,2020-10-23,3:40 AM,Derailment,0,SAVANNAH,GA,72,4,Dark,Cloudy,Industry,Freight Train,3,250,49523,49773,M101,32.128767,-81.151344,75.2,74.2,73.3
BNSF,MT1117106,2017-11-22,5:37 AM,Derailment,0,HETTINGER,ND,40,1,Dawn,Clear,Yard,Freight Train,3,9267,5300,14567,H503,45.995026,-102.627258,14.1,40.3,50.2
CSX,000208186,2022-11-02,1:00 AM,Derailment,0,WEST POINT,GA,58,4,Dark,Clear,Industry,Cut of cars,0,17864,0,32271,H008,32.919262,-85.140779,61.7,65.2,66
UP,0616NP006,2016-06-08,1:30 AM,Derailment,0,NORTH PLATTE,NE,65,4,Dark,Clear,Yard,Yard/switching,10,58512,33509,92021,T217,41.146483,-100.823586,64.8,76.1,78.6
CSX,000206425,2022-07-29,12:50 AM,Derailment,0,VIENNA,GA,80,4,Dark,Clear,Main,Freight Train,30,30412,60679,91091,E51C,32.04746,-83.807842,83,83.1,84.2
ALS,20180104,2018-01-04,4:00 AM,Derailment,0,EAST ST LOUIS,IL,7,4,Dark,Clear,Main,Light loco(s),4,300,45170,45470,S011,38.599489,-90.1498,19.9,11.9,15.4
UP,0123RM038,2023-01-29,10:25 PM,Other impacts,0,POCATELLO,ID,1,4,Dark,Clear,Yard,Yard/switching,6,392223,31729,674271,H702,42.862707,-112.447594,16.9,2.1,0.2
CSX,000201267,2021-11-11,2:34 PM,Hwy-rail crossing,0,HOMERVILLE,GA,69,2,Day,Clear,Main,Freight Train,36,3530,8594,12124,M304,31.050825,-82.707832,58.5,66.6,64.8
UP,0516NP024,2016-05-23,12:50 PM,Other impacts,0,NORTH PLATTE,NE,76,2,Day,Clear,Yard,Single Car,0,11209,0,11778,S007,41.149555,-100.84704,69.8,63.1,64.4
NS,139180,2020-09-16,3:20 PM,Other impacts,0,MACON,GA,76,2,Day,Cloudy,Yard,Single Car,0,525,0,166591,M411,32.813658,-83.622785,74.9,68.3,73.3
NS,144890,2022-04-04,2:55 PM,Hwy-rail crossing,0,ATLANTA,GA,68,2,Day,Clear,Main,Freight Train,25,7913,5937,13850,M303,33.726668,-84.394405,57.5,58.2,57.2
GSWR,GSW037222,2022-10-04,12:50 PM,Other (describe in narrative),0,COLQUITT,GA,70,2,Day,Clear,Industry,Cut of cars,5,17291,0,17291,H018,31.175023,-84.723074,67.9,64.8,66.8
BNSF,TC0317107,2017-03-23,7:10 AM,Derailment,0,BEULAH,ND,38,1,Dawn,Clear,Yard,Freight Train,9,33642,122613,156255,T212,47.264988,-101.755786,32.6,36.9,34.2
NS,146533,2022-09-20,11:25 AM,Derailment,0,MACON,GA,92,2,Day,Clear,Yard,Freight Train,9,222300,72869,295169,H518,32.813729,-83.622793,75,76.1,78.4
BNSF,NE0416200,2016-04-01,3:33 PM,Hwy-rail crossing,0,INLAND,NE,51,2,Day,Clear,Main,Freight Train,41,41803,548615,590418,M302,40.58835,-98.2782,43.3,37.1,48.7
NS,145000,2022-04-18,3:50 AM,Other impacts,0,MACON,GA,62,4,Dark,Cloudy,Yard,Single Car,2,200,0,55565,H312,32.813729,-83.622793,68.8,67.5,55.7
CSX,000201244,2021-11-09,8:00 PM,Side collision,0,WAYCROSS,GA,68,4,Dark,Clear,Yard,Yard/switching,4,15009,9138,64201,H307,31.213524,-82.353588,53.3,55.6,58.8
UP,0619GL008,2019-06-06,4:57 AM,Derailment,0,STANWOOD,IA,66,1,Dawn,Clear,Main,Freight Train,47,1832923,100800,1933723,H702,41.891922,-91.142144,74,74.5,74.5
NS,143307,2021-10-29,12:45 PM,Derailment,0,EAST POINT,GA,60,2,Day,Cloudy,Yard,Freight Train,7,10850,1910,12760,H307,33.67904,-84.439508,57.1,53.8,53.7
CSX,000180778,2019-01-14,6:53 PM,Other impacts,0,ROCKY MOUNT,NC,35,3,Dusk,Clear,Yard,Single Car,5,13168,0,13465,H318,35.918853,-77.804447,36.6,34,35.4
PW,PWR816518O,2018-10-13,5:50 AM,Derailment,0,WORCESTER,MA,43,4,Dark,Clear,Yard,,0,0,20000,73349,H599,42.255371,-71.805225,55,43.7,43.6
BNSF,HL1023102,2023-10-03,5:57 AM,Derailment,0,ST LOUIS,MO,65,1,Dawn,Clear,Yard,Freight Train,4,31835,246007,277842,H307,38.610915,-90.306133,71.6,73.6,69.6
BNSF,CH0118103,2018-01-10,3:02 PM,Other impacts,0,GALESBURG,IL,40,2,Day,Cloudy,Yard,Yard/switching,10,13807,0,13807,H316,40.907189,-90.385604,30.7,42.7,35.5
CSX,000201268,2021-11-11,8:13 AM,Side collision,0,SAVANNAH,GA,62,2,Day,Cloudy,Yard,Yard/switching,10,17639,0,20639,H307,32.027718,-81.14885,57,65.2,65.3
BNSF,TC1017118,2017-10-20,5:00 AM,Derailment,0,FRIDLEY,MN,60,1,Dawn,Clear,Yard,Yard/switching,6,1279,16000,17279,M411,45.040454,-93.273082,56.3,64.1,62.4
CSX,000206873,2022-08-25,4:05 AM,Other impacts,0,WAYCROSS,GA,78,1,Dawn,Clear,Yard,Cut of cars,2,7108,0,11985,S007,31.213509,-82.353557,80.7,79.3,79
BNSF,TC0417200,2017-04-13,12:52 AM,Hwy-rail crossing,0,ELK RIVER,MN,42,4,Dark,Clear,Main,Freight Train,52,30404,10200,40604,M309,45.281896,-93.541336,46.1,48.4,54.8
NS,145661,2022-06-26,4:45 AM,Side collision,0,MACON,GA,72,1,Dawn,Clear,Yard,Light loco(s),7,4307,2565,12806,H607,32.813729,-83.622793,83.1,81.7,80.1
NS,146311,2022-08-29,12:45 AM,Derailment,0,MIDVILLE,GA,73,4,Dark,Clear,Main,Freight Train,43,2174987,676315,2851302,E62C,32.817277,-82.226376,79.5,77.1,79.5