reportingrailroadcode,accidentnumber,date,time,accidenttype,hazmatreleasedcars,station,stateabbr,temperature,visibility_code,visibility,weathercondition,tracktype,equipmenttype,trainspeed,equipmentdamagecost,trackdamagecost,totaldamagecost,primaryaccidentcausecode,latitude,longitude,prior_temp,actual_temp,following_temp
CSX,000201986,2021-12-20,6:30 PM,Side collision,0,WAYCROSS,GA,54,3,Dusk,Clear,Yard,Yard/switching,2,9500,0,537891,H399,31.213509,-82.353557,66.8,49.1,44.5
NS,143281,2021-10-27,2:15 AM,Other (describe in narrative),0,CHULA,GA,53,4,Dark,Clear,Main,Freight Train,50,130551,0,130551,E30C,31.593149,-83.581847,66.3,61,65.6
BRC,14079,2018-03-14,11:33 PM,Side collision,0,BEDFORD PARK,IL,38,4,Dark,Clear,Yard,Freight Train,2,51162,2560,104907,H306,41.763095,-87.725101,30.3,34.2,38.2
CSX,000206873,2022-08-25,4:05 AM,Other impacts,0,WAYCROSS,GA,78,1,Dawn,Clear,Yard,Cut of cars,2,4877,0,11985,S007,31.213509,-82.353557,80.7,79.3,79
NS,145200,2022-05-07,12:35 AM,Derailment,0,ATLANTA,GA,72,4,Dark,Clear,Yard,Freight Train,7,3210,58554,61764,H506,33.793527,-84.444462,73.2,63.3,60.6
NS,146443,2022-09-11,6:30 AM,Other impacts,0,ATLANTA,GA,72,1,Dawn,Cloudy,Yard,Single Car,0,300,0,36486,H312,33.793519,-84.444441,70.3,75.1,74.5
CSX,000205206,2022-05-27,2:30 AM,Side collision,0,SAVANNAH,GA,75,4,Dark,Clear,Yard,Yard/switching,5,400,472,111205,H307,32.02769,-81.148832,79.8,78,78.8
CSX,000201946,2021-12-17,10:00 PM,Side collision,0,WAYCROSS,GA,67,4,Dark,Clear,Yard,Freight Train,8,140574,824,191398,H306,31.213509,-82.353557,66.8,69,69.7
NS,151117,2022-10-10,5:25 PM,Derailment,0,ATLANTA,GA,83,3,Dusk,Clear,Yard,Yard/switching,2,312578,36000,348578,H504,33.79352,-84.444441,58,60.3,64.1
BNSF,MT0217101,2017-02-09,5:02 PM,Derailment,0,VALIER,MT,30,3,Dusk,Clear,Main,Cut of cars,10,16600,2000,18600,M502,48.300468,-112.2164,-12.1,23.3,35.9
WC,1076053,2021-07-07,7:30 AM,Obstruction,0,DULUTH,MN,70,1,Dawn,Clear,Yard,Spec. MoW Equip.,0,20140,0,20140,H210,46.659087,-92.215867,62.3,57.7,56.5
NS,140045,2020-12-17,1:30 PM,Other (describe in narrative),0,MACON,GA,50,2,Day,Cloudy,Yard,Yard/switching,5,0,17111,17111,H702,32.813658,-83.622785,44,39.8,37.9
NS,145583,2022-06-18,12:16 PM,Other (describe in narrative),0,JESUP,GA,98,2,Day,Clear,Siding,Freight Train,6,28068,7426,35494,H702,31.596225,-81.864738,83.6,82.4,79.6
NS,151347,2022-11-01,11:40 PM,Hwy-rail crossing,0,CONLEY,GA,56,4,Dark,Cloudy,Main,Freight Train,8,0,15219,15219,M303,33.666716,-84.330462,64.1,61.8,64.1
NS,140076,2020-12-21,6:57 PM,Other impacts,0,CEDARTOWN,GA,50,3,Dusk,Clear,Main,Light loco(s),21,794,0,195304,H601,34.076561,-85.200716,47.3,47.2,45.7
IC,1009562,2019-08-16,3:10 PM,Hwy-rail crossing,0,TERRY,MS,95,2,Day,Clear,Main,,0,0,0,70355,M302,32.075728,-90.31125,84.9,82.5,83.3
CSX,000180778,2019-01-14,6:53 PM,Other impacts,0,ROCKY MOUNT,NC,35,3,Dusk,Clear,Yard,Single Car,5,200,97,13465,H318,35.918853,-77.804447,36.6,34,35.4
NS,142107,2021-07-05,8:30 PM,Other impacts,0,ATLANTA,GA,72,4,Dark,Clear,Yard,Single Car,4,40000,23,49545,M411,33.793527,-84.444462,74.9,78.2,77.8
NS,139180,2020-09-16,3:20 PM,Other impacts,0,MACON,GA,76,2,Day,Cloudy,Yard,Single Car,0,150,0,166591,M411,32.813658,-83.622785,74.9,68.3,73.3
NS,139741,2020-11-13,10:18 PM,Other impacts,0,ATLANTA,GA,51,4,Dark,Cloudy,Yard,Yard/switching,1,600,124513,125113,M411,33.793527,-84.444462,66.4,61.3,56.7
CSX,000208780,2022-12-11,12:00 PM,Other impacts,0,WAYCROSS,GA,68,2,Day,Clear,Yard,Cut of cars,0,1017,0,22442,E39C,31.213509,-82.353557,61.7,56.7,58.5
CSX,000204071,2022-04-07,1:31 AM,Other impacts,0,WAYCROSS,GA,75,4,Dark,Rain,Yard,Single Car,3,1200,0,87029,M101,31.213509,-82.353557,74.5,71.9,61.6
BNSF,TC0117101,2017-01-02,5:28 AM,Head on collision,0,MINOT,ND,7,4,Dark,Clear,Yard,Freight Train,2,1000,0,13469,H318,48.237254,-101.192451,15.8,6.3,-5
EIRR,210428005,2021-04-28,2:25 PM,Hwy-rail crossing,0,KIMBERLY,ID,66,2,Day,Clear,Main,Freight Train,24,10000,88000,98000,M302,42.539019,-114.38436,42.9,53.4,60.8
IR,IR161584,2016-09-27,10:00 AM,Derailment,0,OTTAWA,IL,60,2,Day,Clear,Industry,Yard/switching,8,140000,10000,150000,T220,41.34908,-88.870963,63,60.2,56.1
UP,0215PR019,2015-02-20,5:45 AM,Derailment,0,NORTHLAKE,IL,10,4,Dark,Cloudy,Yard,Yard/switching,5,27564,1984,29548,M404,41.903089,-87.917877,-1.4,7.9,24.6
CSX,000209281,2023-01-13,10:12 PM,Side collision,0,SAVANNAH,GA,40,4,Dark,Clear,Yard,Light loco(s),0,2170,0,124543,H306,32.02769,-81.148832,63.2,53.4,42.2
NS,139773,2020-11-18,3:00 PM,Derailment,0,MACON,GA,65,2,Day,Clear,Yard,Freight Train,60,74078,41084,115162,H518,32.813729,-83.622793,52.4,48.3,47.8
NS,142742,2021-09-02,6:30 PM,Other impacts,0,CHAMBLEE,GA,82,3,Dusk,Clear,Yard,Single Car,0,20000,0,22000,H318,33.896092,-84.291955,76.1,75.5,72.1
NS,145000,2022-04-18,3:50 AM,Other impacts,0,MACON,GA,62,4,Dark,Cloudy,Yard,Single Car,2,300,0,55565,H312,32.813729,-83.622793,68.8,67.5,55.7
NS,145000,2022-04-18,3:50 AM,Other impacts,0,MACON,GA,62,4,Dark,Cloudy,Yard,Light loco(s),2,33,52750,55565,H312,32.813729,-83.622793,68.8,67.5,55.7
NS,146443,2022-09-11,6:30 AM,Other impacts,0,ATLANTA,GA,72,1,Dawn,Cloudy,Yard,Single Car,3,9900,0,36486,H312,33.793519,-84.444441,70.3,75.1,74.5
BNSF,TC1222108,2022-12-06,9:25 PM,Derailment,0,FINLEY,ND,-3,4,Dark,Clear,Industry,Freight Train,10,15000,103902,118902,H307,47.509038,-97.837324,10.5,2.7,-7.8
BRC,13551,2015-03-28,11:30 AM,Derailment,0,BEDFORD PARK,IL,38,2,Day,Clear,Yard,Yard/switching,5,1711,15735,17446,H702,41.761686,-87.748635,28.8,29.6,37.6
CSX,000204890,2022-05-11,5:15 PM,Derailment,0,JUNCTION CITY,GA,76,2,Day,Clear,Industry,Freight Train,9,106260,2669,108929,E46C,32.59906,-84.454599,66.7,69.7,73
CSX,000204753,2022-05-05,12:00 AM,Derailment,0,WAYCROSS,GA,75,4,Dark,Clear,Yard,Yard/switching,6,12490,5096,17586,M410,31.213509,-82.353557,75.7,79.8,74
CSX,000201244,2021-11-09,8:00 PM,Side collision,0,WAYCROSS,GA,68,4,Dark,Clear,Yard,Yard/switching,4,40054,0,64201,H307,31.213524,-82.353588,53.3,55.6,58.8
BLF,20220279,2022-02-13,4:07 PM,Hwy-rail crossing,0,LAKE WORTH,FL,74,2,Day,Clear,Main,Passenger Train - Pulling,79,46972,0,47602,M308,26.635938,-80.059,73.2,69.5,59.5
CSX,000203924,2022-03-30,5:00 PM,Derailment,0,ATLANTA,GA,70,3,Dusk,Cloudy,Yard,Yard/switching,5,52785,70000,122785,H514,33.749013,-84.38215,60.5,67.5,66.6
KCS,20090501,2020-09-05,4:35 PM,Derailment,0,CORINTH,MS,88,2,Day,Clear,Main,Light loco(s),10,17182,450,17632,E46L,34.922181,-88.518685,77.6,71.7,74
NS,145000,2022-04-18,3:50 AM,Other impacts,0,MACON,GA,62,4,Dark,Cloudy,Yard,Single Car,2,217,0,55565,H312,32.813729,-83.622793,68.8,67.5,55.7
BNSF,TC0120107,2020-01-06,11:49 AM,Derailment,0,DAWSON,MN,10,2,Day,Clear,Main,Freight Train,9,16537,0,16537,M101,44.930041,-96.053287,33.2,30,17.1
NS,140076,2020-12-21,6:57 PM,Other impacts,0,CEDARTOWN,GA,50,3,Dusk,Clear,Main,Cut of cars,0,194510,0,195304,H601,34.076561,-85.200716,47.3,47.2,45.7
CSX,000209400,2023-01-22,3:11 AM,Hwy-rail crossing,0,LITHONIA,GA,40,4,Dark,Rain,Main,Freight Train,42,30500,95,30595,M302,33.718925,-84.10821,44.2,41.5,41.6
KCS,15020402,2015-02-04,8:30 AM,Other impacts,0,PEARL,IL,21,2,Day,Cloudy,Main,Freight Train,30,112021,35800,147821,E69L,39.457646,-90.611947,29.9,26.3,11.3
CSX,000211604,2023-06-01,5:45 AM,Derailment,0,WAYCROSS,GA,74,1,Dawn,Clear,Main,Freight Train,22,68602,535562,604164,E53C,31.21401,-82.369422,74.4,73.9,73.6
ATK,157170,2019-01-13,11:06 AM,Obstruction,0,ENFIELD,NC,34,2,Day,Rain,Main,Passenger Train - Pulling,79,13902,0,13902,M404,36.247456,-77.631393,34.2,34.9,33.1
NS,145000,2022-04-18,3:50 AM,Other impacts,0,MACON,GA,62,4,Dark,Cloudy,Yard,Single Car,2,300,0,55565,H312,32.813729,-83.622793,68.8,67.5,55.7
CSX,000201946,2021-12-17,10:00 PM,Side collision,0,WAYCROSS,GA,67,4,Dark,Clear,Yard,Yard/switching,6,50000,0,191398,H306,31.213509,-82.353557,66.8,69,69.7
CSX,000213413,2023-09-10,4:20 PM,Other impacts,0,WAYCROSS,GA,90,3,Dusk,Clear,Yard,Yard/switching,4,91260,0,92288,S016,31.213509,-82.353557,77.3,80.6,79.1
NS,151725,2022-12-14,9:45 AM,Derailment,0,GARDEN CITY,GA,67,2,Day,Rain,Industry,Freight Train,3,122008,46839,168847,E64C,32.151853,-81.183595,53.8,55.8,65.4
NS,129946,2018-06-24,10:45 AM,Hwy-rail crossing,0,THOMASVILLE,NC,90,2,Day,Clear,Main,Freight Train,55,380,12159,12539,M303,35.882837,-80.081625,78.4,81.2,78
UP,1117PR019,2017-11-30,6:10 PM,Derailment,0,MELROSE PARK,IL,40,4,Dark,Clear,Yard,Yard/switching,4,13595,792,14387,M409,41.898419,-87.900109,41.6,46.7,40.7
NS,145000,2022-04-18,3:50 AM,Other impacts,0,MACON,GA,62,4,Dark,Cloudy,Yard,Single Car,2,0,0,55565,H312,32.813729,-83.622793,68.8,67.5,55.7
NS,142107,2021-07-05,8:30 PM,Other impacts,0,ATLANTA,GA,72,4,Dark,Clear,Yard,Single Car,0,9522,0,49545,M411,33.793527,-84.444462,74.9,78.2,77.8
IC,1067476,2021-04-14,11:16 AM,Other (describe in narrative),0,SUMMIT,MS,70,2,Day,Rain,Main,Freight Train,40,89342,0,89342,M199,31.325205,-90.450269,60.7,59.8,65.1
NS,142152,2021-07-10,9:15 AM,Derailment,0,SAVANNAH,GA,77,2,Day,Clear,Yard,Yard/switching,6,2080,47512,49592,E04C,32.083673,-81.136552,82.2,77.4,79.3
BNSF,TC0721108,2021-07-30,4:25 AM,Other (describe in narrative),0,HUMBOLDT,MN,65,1,Dawn,Clear,Yard,Freight Train,10,0,16000,16000,H303,48.94848,-97.138238,68.7,73.1,69.3
NS,151348,2022-11-02,3:00 AM,Other (describe in narrative),0,SAVANNAH,GA,56,4,Dark,Cloudy,Yard,Yard/switching,5,21300,400,86599,H702,32.079082,-81.1204,71.4,65.9,66.4
NS,145356,2022-05-24,3:00 AM,Other (describe in narrative),0,TENNILLE,GA,72,4,Dark,Clear,Yard,Freight Train,4,32000,64536,96536,H702,32.928617,-82.826554,73.2,77.1,76.6
UP,0219GL011,2019-02-06,9:04 AM,Derailment,0,MARSHALLTOWN,IA,21,2,Day,Cloudy,Yard,Yard/switching,8,5687,77556,83243,T220,42.04293,-92.898791,15.2,23.3,11.4
UP,0215PR016,2015-02-03,10:00 AM,Other impacts,0,NORTHLAKE,IL,10,2,Day,Cloudy,Yard,Single Car,10,12979,0,12979,H601,41.909293,-87.91538,12.2,17.9,18.4
NS,146440,2022-09-10,4:05 AM,Derailment,0,LINDALE,GA,69,1,Dawn,Cloudy,Main,Freight Train,0,98340,0,284928,E85C,34.190311,-85.174414,75,72.3,76.4
NS,145407,2022-05-30,3:45 AM,Other impacts,0,MACON,GA,68,4,Dark,Clear,Yard,Cut of cars,2,83661,0,120396,M408,32.813729,-83.622793,75.8,76.2,76.5
WC,1076053,2021-07-07,7:30 AM,Obstruction,0,DULUTH,MN,70,1,Dawn,Clear,Yard,Maint./inspect Car,4,0,0,20140,H210,46.659087,-92.215586,62.3,57.7,56.5
CSX,000205564,2022-06-14,4:40 AM,Derailment,0,MCINTOSH,GA,80,1,Dawn,Cloudy,Main,Freight Train,45,37909,2210,40119,E33C,31.809105,-81.560662,83.4,81,81.9
BNSF,NW1121101,2021-11-01,7:30 PM,Derailment,0,RATHDRUM,ID,37,3,Dusk,Clear,Yard,Freight Train,10,20847,0,20847,H706,47.786544,-116.937447,38,39.6,42.4
CSX,000209430,2023-01-22,10:05 AM,Other impacts,0,SAVANNAH,GA,54,2,Day,Rain,Yard,Single Car,9,30415,0,65249,E30C,32.02769,-81.148832,52.3,54.8,53.4
CSX,000204348,2022-04-19,6:45 AM,Side collision,0,WAYCROSS,GA,50,1,Dawn,Clear,Yard,Light loco(s),6,4704,0,24837,H306,31.213509,-82.353557,71.3,60.7,60.6
EIRR,210506003,2021-05-06,5:45 PM,Hwy-rail crossing,0,ST ANTHONY,ID,75,2,Day,Clear,Main,Freight Train,40,356819,200000,556819,M302,43.941394,-111.697588,49.3,58.3,59
NS,153053,2023-05-10,10:10 AM,Derailment,0,ALBANY,GA,80,2,Day,Clear,Yard,,0,0,16369,16369,E66L,31.584463,-84.14967,77.1,78.6,77.8
UP,0816PR004,2016-08-02,4:00 PM,Derailment,0,WEST CHICAGO,IL,80,2,Day,Clear,Yard,Freight Train,5,48801,70878,119679,E64C,41.882238,-88.203149,74,76.9,79.5
NS,145407,2022-05-30,3:45 AM,Other impacts,0,MACON,GA,68,4,Dark,Clear,Yard,Yard/switching,5,35462,1273,120396,M408,32.813729,-83.622793,75.8,76.2,76.5
NS,140537,2021-02-08,7:00 PM,Other impacts,0,ATLANTA,GA,55,3,Dusk,Clear,Yard,Single Car,1,10380,0,20676,H312,33.793527,-84.444462,41,44.7,54.8
CSX,000204071,2022-04-07,1:31 AM,Other impacts,0,WAYCROSS,GA,75,4,Dark,Rain,Yard,Yard/switching,3,85829,0,87029,M101,31.213509,-82.353557,74.5,71.9,61.6
NS,151087,2022-10-08,11:58 PM,Derailment,0,ATLANTA,GA,58,4,Dark,Clear,Yard,Yard/switching,8,22793,60548,113647,T221,33.800777,-84.455555,66.2,63.7,58
NS,138326,2020-06-24,7:30 AM,Derailment,0,MILLEN,GA,72,1,Dawn,Clear,Yard,Freight Train,3,1050,46971,48021,H318,32.801049,-81.946329,77.7,78.7,77.5
CSX,000209281,2023-01-13,10:12 PM,Side collision,0,SAVANNAH,GA,40,4,Dark,Clear,Yard,Yard/switching,5,122245,128,124543,H306,32.02769,-81.148832,63.2,53.4,42.2
CSX,000205020,2022-05-18,11:45 PM,Derailment,0,ATLANTA,GA,74,4,Dark,Clear,Yard,Yard/switching,6,136068,980,137048,H702,33.793898,-84.416751,72.1,73.9,79.6
CSX,000204669,2022-05-01,4:50 PM,Derailment,0,WAYCROSS,GA,85,2,Day,Cloudy,Yard,Freight Train,6,50833,1484,52317,H306,31.213509,-82.353557,71.7,73.9,75.4
NS,156580,2024-05-04,3:20 AM,Hwy-rail crossing,0,DUNCAN,IN,65,4,Dark,Clear,Main,Freight Train,30,20000,20000,40000,M302,38.293779,-85.972354,69.1,71.7,71.4
CSX,000201858,2021-12-11,9:00 AM,Other impacts,0,WAYCROSS,GA,72,2,Day,Cloudy,Yard,Cut of cars,4,15715,0,16215,M599,31.213509,-82.353557,66.7,71.4,59
NS,145000,2022-04-18,3:50 AM,Other impacts,0,MACON,GA,62,4,Dark,Cloudy,Yard,Single Car,2,965,0,55565,H312,32.813729,-83.622793,68.8,67.5,55.7
UP,0723MA048,2023-07-12,8:37 PM,Obstruction,0,CHAMOIS,MO,71,4,Dark,Cloudy,Main,,0,0,0,20697,M404,38.678161,-91.651541,82.7,82.3,79.8
UP,0215PR007,2015-02-07,7:10 AM,Other impacts,0,NORTHLAKE,IL,30,1,Dawn,Clear,Yard,Single Car,0,139,0,49763,M407,41.909293,-87.91538,21.3,33.3,33.5
KCS,19121701,2019-12-17,6:10 PM,Derailment,0,CORINTH,MS,36,4,Dark,Clear,Yard,Freight Train,2,9120,0,24036,H505,34.931006,-88.502853,59.4,35.1,34.4
CSX,000209430,2023-01-22,10:05 AM,Other impacts,0,SAVANNAH,GA,54,2,Day,Rain,Yard,Cut of cars,2,34834,0,65249,E30C,32.02769,-81.148832,52.3,54.8,53.4
CSX,000201359,2021-11-16,4:00 PM,Derailment,0,ATLANTA,GA,62,2,Day,Clear,Main,Freight Train,5,73841,695,74536,H524,33.800756,-84.423966,49.2,54.9,57.6
KCS,17091301,2017-09-13,10:30 PM,Other impacts,0,GRANDVIEW,MO,72,4,Dark,Clear,Yard,,0,0,0,80000,H018,38.84255,-94.560829,67.1,70.3,73.7
CSX,000204348,2022-04-19,6:45 AM,Side collision,0,WAYCROSS,GA,50,1,Dawn,Clear,Yard,Yard/switching,6,19807,326,24837,H306,31.213509,-82.353557,71.3,60.7,60.6
NS,142936,2021-09-25,3:00 PM,Derailment,0,ATLANTA,GA,75,2,Day,Cloudy,Yard,Freight Train,4,4650,7638,12288,H526,33.793527,-84.444462,62.6,64.9,66.8
NS,140240,2021-01-12,11:00 PM,Other (describe in narrative),0,ALBANY,GA,40,4,Dark,Clear,Yard,Freight Train,6,25500,94199,119699,H702,31.584462,-84.14967,47,48.5,43.4
CSX,000207059,2022-09-04,6:25 PM,Other impacts,0,WAYCROSS,GA,72,3,Dusk,Rain,Yard,Yard/switching,4,450,0,59992,M407,31.213509,-82.353557,79.3,77.4,81
CSX,000209052,2023-01-02,10:10 PM,Other impacts,0,WAYCROSS,GA,61,4,Dark,Clear,Yard,Yard/switching,7,277757,0,320862,M599,31.213509,-82.353557,63.4,63.3,68.9
CSX,000201858,2021-12-11,9:00 AM,Other impacts,0,WAYCROSS,GA,72,2,Day,Cloudy,Yard,Yard/switching,4,500,0,16215,M599,31.213509,-82.353557,66.7,71.4,59
BLF,20220287,2022-02-16,6:19 AM,Hwy-rail crossing,0,LAKE WORTH,FL,73,1,Dawn,Clear,Main,Passenger Train - Pulling,79,28706,0,29157,M308,26.596151,-80.054709,67.5,73.1,76.1
IC,841316,2015-02-19,10:00 AM,Derailment,0,CAIRO,IL,8,2,Day,Clear,Yard,Freight Train,10,158127,25005,183132,E41C,37.038195,-89.197652,21.6,9.4,23.2
CSX,000169619,2017-06-15,12:20 AM,Derailment,0,FORT GREEN SPRINGS,FL,80,4,Dark,Cloudy,Industry,Freight Train,7,11123,348,11471,T212,27.57505,-81.936191,76.7,76.3,77.5
UP,0219GL065,2019-02-25,2:45 AM,Derailment,0,DES MOINES,IA,1,4,Dark,Cloudy,Yard,Light loco(s),3,18870,233,19103,M101,41.588834,-93.570943,14.4,5.7,12.2
NS,145000,2022-04-18,3:50 AM,Other impacts,0,MACON,GA,62,4,Dark,Cloudy,Yard,Single Car,0,200,0,55565,H312,32.813729,-83.622793,68.8,67.5,55.7
CSX,000208186,2022-11-02,1:00 AM,Derailment,0,WEST POINT,GA,58,4,Dark,Clear,Industry,Freight Train,4,10999,3408,32271,H008,32.919262,-85.140779,61.7,65.2,66
NS,153677,2023-07-18,8:30 AM,Other impacts,0,METAIRIE,LA,94,2,Day,Clear,Main,Spec. MoW Equip.,5,0,20000,20000,H995,29.97112,-90.162325,85.2,87.5,88.5
NS,145364,2022-05-23,7:00 PM,Derailment,0,LULA,GA,72,3,Dusk,Clear,Yard,Freight Train,3,60150,8332,68482,M201,34.389144,-83.663667,77,69.4,72.4
SAN,07292022,2022-07-29,6:30 AM,Derailment,0,SANDERSVILLE,GA,77,1,Dawn,Clear,Yard,Yard/switching,8,26425,1250,27675,H318,32.962849,-82.794012,83.5,84.4,81.9
BNSF,CH0118109,2018-01-13,2:00 AM,Derailment,0,CHICAGO,IL,10,4,Dark,Clear,Yard,Light loco(s),5,30500,1200,31700,H306,41.819465,-87.71808,21.3,12.1,14.2
BVRR,200721002,2020-07-21,9:15 AM,Derailment,0,NAMPA,ID,85,2,Day,Clear,Yard,,0,0,60000,90000,T211,43.589406,-116.573962,79.1,80.8,80.1
NS,145565,2022-06-15,6:45 PM,Hwy-rail crossing,0,ATLANTA,GA,83,3,Dusk,Cloudy,Yard,Yard/switching,6,310,26778,27088,M302,33.789579,-84.43595,85.8,85.3,85.4
BNSF,TC0117101,2017-01-02,5:28 AM,Head on collision,0,MINOT,ND,7,4,Dark,Clear,Yard,Yard/switching,7,12469,0,13469,H318,48.237254,-101.192451,15.8,6.3,-5
BNSF,CH0118108,2018-01-19,12:55 AM,Derailment,0,GALESBURG,IL,33,4,Dark,Clear,Yard,Light loco(s),4,18040,2000,20040,H607,40.917545,-90.379759,24.5,36.4,39.9
CSX,000200712,2021-10-17,12:03 PM,Hwy-rail crossing,0,WINDER,GA,75,2,Day,Clear,Main,Freight Train,44,9800,32028,41828,M304,33.992224,-83.768983,65.1,55.6,55.8
UP,0322GC020,2022-03-17,6:25 PM,Other impacts,0,MARINGOUIN,LA,76,3,Dusk,Clear,Yard,Yard/switching,4,458,0,30085,M411,30.526242,-91.554913,60,62.7,71.4
NS,140683,2021-02-19,7:30 PM,Derailment,0,ATLANTA,GA,42,3,Dusk,Clear,Yard,Freight Train,8,197443,54630,252073,H307,33.793527,-84.444462,41.9,41,39.3
UP,0219GL004,2019-02-04,8:10 PM,Derailment,0,DES MOINES,IA,16,4,Dark,Clear,Yard,Yard/switching,4,16810,0,57437,H702,41.587092,-93.591108,46.4,24.5,14
CSX,000205379,2022-06-03,7:27 PM,Derailment,0,ATLANTA,GA,81,4,Dark,Cloudy,Yard,Yard/switching,6,64731,2104,66835,H307,33.793898,-84.416751,79.3,76.1,76.5
NS,146443,2022-09-11,6:30 AM,Other impacts,0,ATLANTA,GA,72,1,Dawn,Cloudy,Yard,Single Car,4,2000,0,36486,H312,33.793519,-84.444441,70.3,75.1,74.5
UP,0222PN023,2022-02-24,7:25 PM,Derailment,0,GLENNS FERRY,ID,27,3,Dusk,Cloudy,Siding,Freight Train,2,35163,47922,83085,H307,42.949885,-115.332849,18.3,19.2,19.2
UP,0215PR007,2015-02-07,7:10 AM,Other impacts,0,NORTHLAKE,IL,30,1,Dawn,Clear,Yard,Single Car,10,47924,1700,49763,M407,41.909293,-87.91538,21.3,33.3,33.5
NS,119605,2016-03-03,6:30 PM,Obstruction,0,MACON,GA,43,3,Dusk,Rain,Yard,Yard/switching,7,60,16500,16560,M202,32.813729,-83.622793,53.1,47.9,49.8
NS,139775,2020-11-18,7:00 AM,Other (describe in narrative),0,MACON,GA,60,1,Dawn,Clear,Yard,Yard/switching,2,2150,17329,19479,H706,32.813658,-83.622785,52.4,48.3,47.8
GSWR,GSW988022,2022-07-08,4:45 PM,Derailment,0,GEORGETOWN,GA,90,2,Day,Rain,Main,Freight Train,11,342000,642228,984228,M507,31.801037,-84.997555,86.3,83.6,79.4
NS,145000,2022-04-18,3:50 AM,Other impacts,0,MACON,GA,62,4,Dark,Cloudy,Yard,Single Car,2,300,0,55565,H312,32.813729,-83.622793,68.8,67.5,55.7
UP,1117SL017,2017-11-23,6:40 PM,Fire/violent rupture,0,VALMEYER,IL,32,4,Dark,Cloudy,Main,Freight Train,40,234513,2747,237260,E73L,38.209166,-90.271033,31.6,40.3,51.7
CSX,000208780,2022-12-11,12:00 PM,Other impacts,0,WAYCROSS,GA,68,2,Day,Clear,Yard,Yard/switching,4,21425,0,22442,E39C,31.213509,-82.353557,61.7,56.7,58.5
BNSF,PR0416104,2016-04-14,12:08 PM,Derailment,0,MINATARE,NE,60,2,Day,Clear,Siding,Freight Train,5,105340,5000,110340,H307,41.807658,-103.503475,58.3,63.5,47.9
CSX,000200715,2021-10-14,5:52 PM,Hwy-rail crossing,0,UNION POINT,GA,81,3,Dusk,Cloudy,Main,Freight Train,40,20124,0,20124,M302,33.596158,-83.008211,68.8,69.7,70.7
CSX,000202382,2022-01-12,11:46 PM,Derailment,0,WAYCROSS,GA,40,4,Dark,Cloudy,Yard,Cut of cars,7,17218,500,19918,H318,31.203671,-82.365788,45.4,49.2,52.5
CSX,000205206,2022-05-27,2:30 AM,Side collision,0,SAVANNAH,GA,75,4,Dark,Clear,Yard,Yard/switching,5,110333,0,111205,H307,32.02769,-81.148832,79.8,78,78.8
ATK,151952,2018-02-12,8:30 PM,Derailment,0,CHICAGO,IL,25,4,Dark,Snow,Yard,Light loco(s),4,46818,0,46818,H303,41.863228,-87.636452,20,17,25.1
NS,151499,2022-11-17,12:17 PM,Hwy-rail crossing,0,AUSTELL,GA,50,2,Day,Clear,Main,Freight Train,30,800,12000,12800,M303,33.812462,-84.636063,44.1,37.4,39.1
CSX,000158583,2016-03-30,4:05 AM,Derailment,0,WAYCROSS,GA,50,4,Dark,Clear,Yard,Freight Train,8,12450,19153,31603,T220,31.213524,-82.353588,66.4,66,74.8
NS,151993,2023-01-12,6:37 PM,Other (describe in narrative),0,JENKINSBURG,GA,55,3,Dusk,Rain,Siding,Freight Train,5,42245,0,42245,M102,33.325728,-84.000768,52.8,61.1,43.6
NS,145572,2022-06-17,5:25 AM,Derailment,0,RISING FAWN,GA,87,1,Dawn,Clear,Main,Freight Train,42,4758,7550,12308,E33C,34.731427,-85.524817,82.6,79,77.5
NS,151216,2022-10-19,9:30 AM,Derailment,0,ATLANTA,GA,50,2,Day,Clear,Yard,Yard/switching,4,120133,18539,138672,H506,33.79352,-84.444441,46.2,45.7,47.7
NS,144163,2022-01-26,2:30 PM,Obstruction,0,JENKINSBURG,GA,45,2,Day,Clear,Main,Spec. MoW Equip.,15,12500,0,50000,H402,33.325974,-84.011007,50.4,40.7,40.4
BLF,20220461,2022-05-05,5:55 PM,Hwy-rail crossing,0,LANTANA,FL,81,2,Day,Clear,Main,Passenger Train - Pulling,77,43567,0,44079,M399,26.582903,-80.052265,78,79.4,81.9
ATK,169380,2022-01-02,8:29 PM,Obstruction,0,LONGWOOD,FL,75,4,Dark,Clear,Main,Passenger Train - Pulling,50,14088,0,14088,M402,28.699912,-81.345977,74.3,74.9,65.5
NS,151177,2022-10-16,3:00 PM,Other (describe in narrative),0,MILLEN,GA,80,2,Day,Clear,Main,Freight Train,3,189694,3167,192861,H306,32.801032,-81.94645,61.4,65.6,68.9
NS,152597,2023-03-21,7:40 AM,Other (describe in narrative),0,EAST POINT,GA,40,1,Dawn,Clear,Yard,Yard/switching,3,37500,1417,38917,H702,33.679041,-84.439508,41,49.2,56.7