reportingrailroadcode,accidentnumber,date,time,accidenttype,hazmatreleasedcars,station,stateabbr,temperature,visibility_code,visibility,weathercondition,tracktype,equipmenttype,trainspeed,equipmentdamagecost,trackdamagecost,totaldamagecost,primaryaccidentcausecode,latitude,longitude,prior_temp,actual_temp,following_temp
BNSF,TC0118114,2018-01-24,2:20 AM,Derailment,0,FRIDLEY,MN,25,4,Dark,Clear,Yard,Light loco(s),5,0,20049,20049,H704,45.051047,-93.272169,20.6,20.2,25.4
NS,152559,2023-03-16,5:20 PM,Other (describe in narrative),0,ATLANTA,GA,68,3,Dusk,Clear,Yard,Yard/switching,0,1000,7967,28020,H706,33.79352,-84.444441,45,51.3,57.2
CSX,000169422,2017-06-07,6:40 AM,Obstruction,0,PENSACOLA,FL,73,1,Dawn,Rain,Industry,Freight Train,5,7000,99,28512,M404,30.437012,-87.219927,77.9,78.3,78
CSX,000170106,2017-07-09,8:00 PM,Derailment,0,JACKSONVILLE,FL,78,3,Dusk,Rain,Main,Freight Train,8,47420,116717,164137,H501,30.33132,-81.700384,84.1,80.5,79.5
BNSF,TC1121109,2021-11-25,3:47 AM,Derailment,0,WILLMAR,MN,9,4,Dark,Clear,Yard,Freight Train,4,39886,0,39886,H018,45.123581,-95.046033,31.7,15,28.1
CSX,000205643,2022-06-19,4:15 AM,Side collision,0,ATLANTA,GA,75,4,Dark,Clear,Yard,Freight Train,6,11601,0,17201,H302,33.749294,-84.377363,81.1,76.9,77.7
BNSF,TC0818104,2018-08-18,4:06 AM,Other impacts,0,FRIDLEY,MN,68,1,Dawn,Clear,Yard,Yard/switching,8,28686,0,28686,M411,45.040362,-93.271984,74,73,75.3
NS,126019,2017-07-30,5:57 AM,Derailment,0,JACKSONVILLE,FL,77,1,Dawn,Rain,Main,Freight Train,10,26451,0,41884,T220,30.360828,-81.723356,84.3,78.4,80
ATK,145805,2017-01-06,7:15 PM,Hwy-rail crossing,0,KISSIMMEE,FL,78,4,Dark,Cloudy,Main,Passenger Train - Pulling,79,22421,0,41336,M304,28.258899,-81.486016,64.1,64.6,59.7
CSX,000143808,2015-03-27,11:45 PM,Hwy-rail crossing,0,LYNDON,KY,28,4,Dark,Clear,Main,Freight Train,27,19219,0,19219,M302,38.261985,-85.606645,48.2,37.3,32.2
NS,152559,2023-03-16,5:20 PM,Other (describe in narrative),0,ATLANTA,GA,68,3,Dusk,Clear,Yard,Yard/switching,10,19053,0,28020,H706,33.79352,-84.444441,45,51.3,57.2
NS,145798,2022-07-09,5:36 AM,Other impacts,0,SAVANNAH,GA,80,1,Dawn,Clear,Yard,Single Car,0,500,0,18520,H312,32.083673,-81.136552,79.7,79.8,78.8
BLF,20220431,2022-04-20,9:36 AM,Hwy-rail crossing,0,OAKLAND PARK,FL,84,2,Day,Clear,Main,Passenger Train - Pulling,78,17303,0,18329,M308,26.170479,-80.131404,77.2,76,76.4
CSX,000210286,2023-03-13,5:30 AM,Hwy-rail crossing,0,LA GRANGE,GA,48,1,Dawn,Clear,Main,Freight Train,19,14044,45805,59849,M304,33.030152,-85.033026,58.4,51.2,42.1
CSX,000168463,2017-04-22,7:16 PM,Other impacts,0,WAYCROSS,GA,70,2,Day,Clear,Yard,Cut of cars,12,13547,0,13547,H318,31.213524,-82.353588,75.8,75.9,78
CSX,000207918,2022-10-20,5:10 AM,Derailment,0,WAYCROSS,GA,37,4,Dark,Clear,Yard,Cut of cars,17,102925,78655,377237,M407,31.213509,-82.353557,49.7,51.3,53.4
ATK,168277,2021-09-07,2:08 PM,Hwy-rail crossing,0,LONGWOOD,FL,91,2,Day,Clear,Main,Passenger Train - Pulling,47,5968,0,5968,M303,28.705928,-81.342897,82.4,80.9,80.1
ATK,178187,2024-01-29,10:08 PM,Hwy-rail crossing,0,KEENESBURG,CO,40,4,Dark,Clear,Main,Passenger Train - Pulling,70,3000000,0,3530000,M302,40.127855,-104.470734,40.3,42.1,40.4
UP,1223GP028,2023-12-31,3:09 AM,Derailment,0,DENVER,CO,30,4,Dark,Clear,Yard,Yard/switching,5,200,15840,16040,H306,39.775245,-104.965905,38.3,31.5,36
NS,124822,2017-04-25,5:05 PM,Hwy-rail crossing,0,RENSSELAER,MO,75,3,Dusk,Clear,Main,Freight Train,42,2,13550,13552,M302,39.66941,-91.556772,63.6,68.7,57.2
CSX,000193558,2020-10-30,3:12 AM,Raking collision,0,TALBOTTON,GA,52,4,Dark,Cloudy,Siding,Freight Train,4,0,0,23750,M299,32.67426,-84.536305,75.5,56.5,57.7
CSX,000210771,2023-04-11,8:14 PM,Hwy-rail crossing,0,CONYERS,GA,65,4,Dark,Clear,Main,Freight Train,40,9902,63359,73261,M302,33.664396,-84.015459,53.6,55.5,60.1
CSX,000207918,2022-10-20,5:10 AM,Derailment,0,WAYCROSS,GA,37,4,Dark,Clear,Yard,Yard/switching,9,195657,0,377237,M407,31.213509,-82.353557,49.7,51.3,53.4
BNSF,KS0417117,2017-04-29,8:00 AM,Derailment,0,KANSAS CITY,KS,46,1,Dawn,Rain,Yard,Yard/switching,8,13032,0,13032,H316,39.085693,-94.690692,55.1,47.4,48.4
CSX,000205643,2022-06-19,4:15 AM,Side collision,0,ATLANTA,GA,75,4,Dark,Clear,Yard,Cut of cars,0,5600,0,17201,H302,33.749294,-84.377363,81.1,76.9,77.7
CSX,000176902,2018-06-10,10:45 AM,Derailment,0,SOCIAL CIRCLE,GA,85,2,Day,Clear,Siding,Freight Train,4,19660,588,20248,H318,33.653934,-83.711534,77.1,77,73.3
NS,145798,2022-07-09,5:36 AM,Other impacts,0,SAVANNAH,GA,80,1,Dawn,Clear,Yard,Single Car,5,500,17520,18520,H312,32.083673,-81.136552,79.7,79.8,78.8
UP,0322GC020,2022-03-17,6:25 PM,Other impacts,0,MARINGOUIN,LA,76,3,Dusk,Clear,Yard,Single Car,4,29627,0,30085,M411,30.526242,-91.554913,60,62.7,71.4
CSX,000167439,2017-03-14,10:23 AM,Derailment,0,JACKSONVILLE,FL,58,2,Day,Cloudy,Yard,Yard/switching,4,48972,903,49875,H702,30.359362,-81.716896,57,51.5,46.2
NS,144153,2022-01-26,5:36 AM,Other impacts,0,ATLANTA,GA,30,1,Dawn,Clear,Yard,Freight Train,1,432,0,14218,H306,33.793527,-84.444462,50.9,39.5,40.5
NS,152579,2023-03-18,10:00 PM,Derailment,0,AUSTELL,GA,35,4,Dark,Clear,Yard,Freight Train,7,20000,0,20000,H307,33.814067,-84.628342,56.7,43.5,37.4
CSX,000173957,2018-01-10,9:00 PM,Other impacts,0,WAYCROSS,GA,65,4,Dark,Cloudy,Yard,Cut of cars,4,53102,0,67356,H308,31.213524,-82.353588,59.3,63.9,67.8
CFRC,22002,2022-01-02,8:31 PM,Obstruction,0,LONGWOOD,FL,75,4,Dark,Clear,Main,,0,0,0,14088,M402,28.699912,-81.345977,74.3,74.9,65.5
NS,145728,2022-07-01,10:55 PM,Derailment,0,ROME,GA,75,4,Dark,Clear,Yard,Freight Train,2,1628,14493,16121,E08C,34.285335,-85.127826,78.3,79.9,81
NS,143784,2021-12-17,7:30 AM,Derailment,0,SYCAMORE,GA,60,1,Dawn,Cloudy,Main,Freight Train,20,963872,560293,1524165,E65C,31.676087,-83.638642,62.5,66,70.1
NS,140537,2021-02-08,7:00 PM,Other impacts,0,ATLANTA,GA,55,3,Dusk,Clear,Yard,Single Car,0,10296,0,20676,H312,33.793527,-84.444462,41,44.7,54.8
TRRA,22019OR,2022-06-03,11:59 AM,Derailment,0,EAST ST LOUIS,IL,80,2,Day,Clear,Main,,0,0,37424,85014,H514,38.597109,-90.155075,70.1,68.8,72.8
BNSF,PR0124202,2024-01-29,10:08 PM,Hwy-rail crossing,0,KEENESBURG,CO,21,4,Dark,Clear,Main,,0,0,530000,3530000,M302,40.127855,-104.470734,40.3,42.1,40.4
NS,144153,2022-01-26,5:36 AM,Other impacts,0,ATLANTA,GA,30,1,Dawn,Clear,Yard,Yard/switching,1,3715,10071,14218,H306,33.793527,-84.444462,50.9,39.5,40.5
NS,151299,2022-10-28,12:56 AM,Derailment,0,EAST JULIETTE,GA,53,4,Dark,Cloudy,Industry,Freight Train,3,20000,0,20000,E85C,33.081675,-83.779805,59.4,62.9,61
NS,141111,2021-04-02,6:05 PM,Other (describe in narrative),0,MACON,GA,65,3,Dusk,Clear,Yard,Yard/switching,4,629,13765,14394,H307,32.807144,-83.623268,50.9,46.1,48.8
SFRV,04252022,2022-04-25,10:21 PM,Derailment,0,HIALEAH,FL,86,4,Dark,Clear,Yard,,0,0,186467,194710,H704,25.860399,-80.259409,78.4,78.6,78.3
CSX,000207941,2022-10-22,10:41 PM,Derailment,0,WAYCROSS,GA,44,4,Dark,Cloudy,Yard,Yard/switching,4,120186,26427,146613,H523,31.213509,-82.353557,53.4,55.9,61.6
NS,142742,2021-09-02,6:30 PM,Other impacts,0,CHAMBLEE,GA,82,3,Dusk,Clear,Yard,Yard/switching,5,2000,0,22000,H318,33.896092,-84.291955,76.1,75.5,72.1
CSX,000193558,2020-10-30,3:12 AM,Raking collision,0,TALBOTTON,GA,52,4,Dark,Cloudy,Siding,Freight Train,0,23750,0,23750,M299,32.67426,-84.536305,75.5,56.5,57.7
NS,144163,2022-01-26,2:30 PM,Obstruction,0,JENKINSBURG,GA,45,2,Day,Clear,Main,Spec. MoW Equip.,0,12500,0,50000,H402,33.325974,-84.011007,50.4,40.7,40.4
BNSF,HL1017106,2017-10-05,11:40 PM,Derailment,0,ST LOUIS,MO,73,4,Dark,Clear,Yard,Freight Train,3,102717,386880,489597,H511,38.604789,-90.311215,74.7,75.7,76.5
FEC,D61101016,2016-10-10,9:07 PM,Derailment,0,MIAMI-DADE,FL,89,4,Dark,Clear,Yard,Yard/switching,5,3081,8340,11421,E31C,25.816585,-80.30889,82.2,79.1,81.5
PW,PWR673118D,2018-05-25,2:30 PM,Derailment,0,WORCESTER,MA,75,2,Day,Clear,Yard,Yard/switching,4,12500,19320,31820,E46C,42.1444,-71.4816,63.7,68.9,73.9
CSX,000210376,2023-03-19,5:53 PM,Derailment,0,AUGUSTA,GA,49,3,Dusk,Clear,Yard,Yard/switching,7,12384,1420,13804,H702,33.455477,-81.952488,52.7,47.2,44.2
CSX,000166951,2017-02-10,10:30 AM,Other (describe in narrative),0,BLACKSHEAR,GA,70,2,Day,Clear,Main,Freight Train,40,27000,0,27000,M204,31.343882,-82.18988,64.4,50.6,61.8
FEC,X08021622,2022-02-16,6:19 AM,Hwy-rail crossing,0,LAKE WORTH,FL,73,4,Dark,Clear,Main,,0,0,451,29157,M308,26.596151,-80.054709,67.5,73.1,76.1
GRS,20161213X1,2016-12-13,4:25 PM,Obstruction,0,NORTH ADAMS,MA,34,2,Day,Clear,Main,Freight Train,15,2000,15977,17977,S009,42.675447,-73.091376,34,34.1,25.9
GRS,20170119L1,2017-01-19,3:15 AM,Derailment,0,CHELMSFORD,MA,29,4,Dark,Cloudy,Main,Freight Train,10,20046,13886,33932,T221,42.620969,-71.399509,33.6,35.6,35.1
CSX,000211068,2023-04-29,9:20 PM,Derailment,0,FITZGERALD,GA,65,4,Dark,Cloudy,Yard,Freight Train,6,51460,0,61812,H702,31.723548,-83.27111,72.4,70.7,68.5
BNSF,CH0623201,2023-06-07,12:47 AM,Hwy-rail crossing,0,GALVA,IL,68,4,Dark,Cloudy,Main,Freight Train,18,1000,10850,11850,M302,41.163654,-90.049644,72.5,71.6,65.6
ALS,20220721,2022-07-21,5:19 PM,Derailment,0,EAST ST LOUIS,IL,102,2,Day,Clear,Yard,,0,0,39917,69700,H306,38.583059,-90.135795,86,83.1,84.3
CSX,000168280,2017-04-15,11:48 AM,Derailment,0,SAVANNAH,GA,80,2,Day,Clear,Main,Freight Train,17,23930,0,23930,S013,32.06355,-81.13451,70.1,70.3,70
NS,154925,2023-12-02,6:50 AM,Hwy-rail crossing,0,FOREST PARK,GA,60,1,Dawn,Cloudy,Main,Freight Train,14,18916,18818,37734,M303,33.622115,-84.376226,55.2,62.1,63.5
BNSF,PR0323110,2023-03-24,10:40 PM,Derailment,0,COMMERCE CITY,CO,35,4,Dark,Clear,Main,Freight Train,35,53057,21388,74445,E33C,39.804811,-104.942345,38.2,36.8,29.2
FEC,X43101222,2022-10-12,5:10 PM,Hwy-rail crossing,0,WEST PALM BEACH,FL,87,2,Day,Cloudy,Main,Freight Train,40,180,16871,17051,M303,26.710383,-80.055292,83.9,83.6,78.9
NS,145948,2022-07-24,5:00 AM,Other impacts,0,MACON,GA,85,1,Dawn,Clear,Yard,Single Car,2,49503,0,49803,M408,32.813729,-83.622793,80.6,83.3,82.1
NS,154113,2023-09-04,10:36 PM,Derailment,0,MACON,GA,78,4,Dark,Clear,Yard,Cut of cars,2,2500,12770,15270,M411,32.81373,-83.622794,75.2,76.3,76.4
UP,0622PR001,2022-06-01,10:20 PM,Derailment,0,BEDFORD PARK,IL,60,4,Dark,Cloudy,Yard,Freight Train,4,41743,0,46743,H702,41.620393,-87.518417,82.5,70,69.4
CSX,000213117,2023-08-27,1:01 AM,Other impacts,0,WAYCROSS,GA,81,4,Dark,Clear,Yard,Single Car,0,20000,19801,149458,H305,31.213509,-82.353557,82.4,83.3,82.5
CSX,000217575,2024-03-24,5:03 PM,Obstruction,0,KNOXVILLE,MD,41,3,Dusk,Rain,Main,,0,0,77,53077,M404,39.309374,-77.579875,41.1,36.7,41.3
BNSF,KS0723110,2023-07-21,12:14 AM,Derailment,0,SPRINGFIELD,CO,68,4,Dark,Rain,Siding,Cut of cars,0,665967,5000,670967,M102,37.358641,-102.600611,75.8,70.5,74.1
NS,152978,2023-05-01,9:00 PM,Side collision,0,MACON,GA,70,4,Dark,Clear,Yard,Yard/switching,2,216828,18184,462998,H310,32.81373,-83.622794,67,61.9,63.3
NS,136956,2018-01-30,3:02 PM,Hwy-rail crossing,0,MORRISVILLE,NC,40,2,Day,Clear,Main,,0,0,0,17150,M302,35.845824,-78.836822,45.8,33.9,33.1
NS,155744,2024-02-12,9:47 PM,Derailment,0,MILLEN,GA,51,4,Dark,Cloudy,Yard,Cut of cars,5,125861,0,125861,H702,32.801771,-81.941298,61.9,59.3,53.1
MNCW,20016,2018-04-11,9:55 PM,Other impacts,0,BREWSTER,NY,46,4,Dark,Clear,Yard,EMU,2,51232,0,51232,H310,41.40716,-73.62136,38.1,37.4,45.6
NS,153929,2023-08-14,2:25 AM,Side collision,0,MACON,GA,78,4,Dark,Clear,Yard,Cut of cars,0,5000,0,208157,H306,32.81373,-83.622794,82.1,85.2,83
FEC,X37090422,2022-09-04,5:20 AM,Hwy-rail crossing,0,VERO BEACH,FL,72,4,Dark,Clear,Main,Freight Train,51,5167,23643,28810,M304,27.565389,-80.371178,82,83.1,83.1
UP,1122PN010,2022-11-12,12:00 PM,Derailment,0,NAMPA,ID,34,2,Day,Cloudy,Yard,Freight Train,3,14130,5176,19306,E64L,43.577603,-116.554901,28.8,32.3,33.3
BNSF,NE0716114,2016-07-21,10:30 AM,Derailment,0,HAMBURG,IA,100,2,Day,Clear,Industry,Freight Train,4,36235,0,36235,H307,40.597691,-95.664122,83.1,85.3,84.6
BNSF,SF0315116,2015-03-20,1:00 PM,Derailment,0,HANNIBAL,MO,48,2,Day,Cloudy,Yard,Freight Train,0,16827,0,25818,H309,39.920786,-91.440468,40.9,41.1,52.6
UP,1216CB015,2016-12-31,4:08 AM,Obstruction,0,CHELSEA,IA,27,4,Dark,Cloudy,Main,Freight Train,52,90,104119,104209,M402,41.92027,-92.397749,31.3,28.7,27.4
NS,155957,2024-03-06,1:50 AM,Raking collision,0,MACON,GA,45,4,Dark,Rain,Yard,Yard/switching,9,17000,0,63000,H306,32.81373,-83.622794,59.2,65.4,63.2
CSX,000218620,2024-06-11,11:12 PM,Derailment,0,ATLANTA,GA,60,4,Dark,Clear,Main,,0,0,9087,166951,H504,33.788374,-84.418889,75.7,74.5,77.5
UP,0316TC012,2016-03-24,11:40 PM,Other (describe in narrative),0,EAGLE GROVE,IA,34,4,Dark,Clear,Yard,Yard/switching,4,0,62484,62484,H702,42.676726,-93.917581,38.6,31.5,37.4
CSX,000213117,2023-08-27,1:01 AM,Other impacts,0,WAYCROSS,GA,81,4,Dark,Clear,Yard,Yard/switching,4,98657,0,149458,H305,31.213509,-82.353557,82.4,83.3,82.5
WC,1085786,2021-10-16,10:30 PM,Side collision,0,KEENAN,MN,34,4,Dark,Clear,Yard,Light loco(s),3,109808,0,129108,H017,47.392372,-92.618646,42.6,43.4,44.8
NS,151641,2022-12-06,10:30 PM,Other impacts,0,MACON,GA,60,4,Dark,Cloudy,Yard,Single Car,0,499,17011,19509,H306,32.81373,-83.622794,56.6,64.5,68.5
NS,145495,2022-06-08,5:47 PM,Other impacts,0,MACON,GA,93,3,Dusk,Clear,Yard,Single Car,0,500,0,16412,H312,32.813729,-83.622793,77.2,78.6,80.9
NS,153767,2023-07-29,9:50 AM,Derailment,0,ALBANY,GA,83,2,Day,Cloudy,Yard,Freight Train,0,74000,5270,158451,E64L,31.584463,-84.14967,82.6,81.1,80
PAL,2016AUG1X,2016-08-02,8:34 AM,Hwy-rail crossing,0,LEITCHFIELD,KY,85,2,Day,Clear,Main,Light loco(s),30,40000,21209,61209,M302,37.485938,-86.274926,77.8,77.6,78.8
IC,897267,2016-08-09,10:20 AM,Derailment,0,HARVEY,IL,87,2,Day,Clear,Yard,Freight Train,3,15000,1860,16860,H601,41.597521,-87.646258,76.7,77,79.8
UP,0122MA027,2022-01-23,3:13 PM,Hwy-rail crossing,0,GRANITE CITY,IL,28,2,Day,Clear,Main,,0,0,150,14880,M308,38.713653,-90.144636,26.7,33,36.8
CW,04032023,2023-03-08,10:45 AM,Derailment,0,PUEBLO,CO,35,2,Day,Clear,Yard,Yard/switching,4,22804,1497,26448,H607,38.211423,-104.611319,30.2,32.8,37.7
NS,140535,2021-02-08,2:45 PM,Other impacts,0,PORTSMOUTH,OH,40,2,Day,Clear,Yard,Single Car,3,5908,3086,12684,H312,38.736825,-82.957246,27.6,28.2,32.9
UP,0516CB010,2016-05-26,2:35 AM,Derailment,0,WESTSIDE,IA,70,4,Dark,Rain,Main,Freight Train,66,719613,402830,1122443,M105,42.087181,-95.133882,70.1,67.5,67.8
BNSF,TC0116113,2016-01-27,12:10 PM,Derailment,0,SIOUX CITY,IA,35,2,Day,Clear,Yard,Yard/switching,5,7366,26000,33366,H607,42.52225,-96.367302,28.3,27.4,35.3
NS,153693,2023-07-22,10:15 AM,Other impacts,0,MACON,GA,89,2,Day,Clear,Yard,Single Car,7,500,7550,58413,M411,32.81373,-83.622794,83.9,79.3,80.2
CSX,000209041,2023-01-01,10:52 AM,Derailment,0,JACKSONVILLE,FL,65,2,Day,Fog,Yard,Yard/switching,5,14868,960,30828,H702,30.359359,-81.716903,66.4,64.4,62.3
KCS,22090801,2022-09-08,6:30 AM,Derailment,0,SAUGET,IL,65,1,Dawn,Clear,Industry,Yard/switching,3,2173,10749,12922,H210,38.604752,-90.168839,72.3,69.3,69.6
IC,1110443,2022-08-05,4:11 PM,Hwy-rail crossing,0,LEMONT,IL,84,2,Day,Clear,Main,,0,0,0,52101,M304,41.683641,-87.969463,77.8,79.6,84
NS,155683,2024-02-05,4:15 AM,Derailment,0,MACON,GA,43,1,Dawn,Cloudy,Yard,Single Car,0,11529,0,47537,M101,32.81373,-83.622794,46.5,45.8,46.3
UP,0416CB003,2016-04-04,6:23 PM,Fire/violent rupture,0,AMES,IA,50,2,Day,Clear,Main,Freight Train,50,86237,0,86237,E99L,42.032345,-93.644923,56.5,42.4,39.7
CSX,000212883,2023-08-11,11:30 PM,Other impacts,0,ATLANTA,GA,90,4,Dark,Clear,Industry,Yard/switching,5,46422,0,72093,H306,33.793898,-84.416751,77.4,78.6,78.5
NS,153380,2023-06-17,9:00 AM,Other (describe in narrative),0,AUGUSTA,GA,92,2,Day,Clear,Yard,Freight Train,6,3600,10454,14054,H702,33.447895,-81.981919,78.2,80.6,81.2
NS,155708,2024-02-08,12:01 PM,Derailment,0,ATLANTA,GA,57,2,Day,Clear,Yard,Yard/switching,4,8000,10000,18000,H506,33.79352,-84.444441,45.7,46.8,53.7
NS,154529,2023-10-18,4:45 AM,Derailment,0,ATLANTA,GA,50,1,Dawn,Clear,Yard,Yard/switching,5,2105,9535,11640,H504,33.79352,-84.444441,54.1,56.4,58.7
NS,127351,2017-11-08,7:20 PM,Derailment,0,ATLANTA,GA,61,3,Dusk,Rain,Yard,Yard/switching,11,4996,32175,37171,H601,33.793887,-84.445407,69.5,59.1,51.2
RTDC,269263,2023-12-10,2:36 PM,Obstruction,0,DENVER,CO,36,2,Day,Clear,Yard,EMU,3,26000,50000,76000,H607,39.786697,-104.99619,25.9,37.7,40.4
BNSF,NE0116113,2016-01-25,11:50 PM,Derailment,0,GLENWOOD,IA,26,4,Dark,Clear,Main,Freight Train,60,7626,6000,13626,E4TC,41.016171,-95.797118,28.3,28.5,28.1
UP,1122PR001,2022-11-02,7:52 PM,Derailment,0,ROCHELLE,IL,56,3,Dusk,Cloudy,Yard,Freight Train,7,90408,85753,176161,E4TC,41.910819,-89.095235,48.1,52.6,57.9
NS,151348,2022-11-02,3:00 AM,Other (describe in narrative),0,SAVANNAH,GA,56,4,Dark,Cloudy,Yard,Yard/switching,5,59588,5311,86599,H702,32.079082,-81.1204,71.4,65.9,66.4
BNSF,KS0723114,2023-07-31,4:16 PM,Derailment,0,SPRINGFIELD,CO,90,2,Day,Clear,Yard,Cut of cars,0,2210462,0,2210462,M102,37.395111,-102.57924,83.2,84.6,79.6
NS,153902,2023-08-11,10:45 PM,Other (describe in narrative),0,ROME,GA,77,4,Dark,Clear,Industry,Freight Train,4,708,22955,23663,H303,34.267953,-85.205433,75.4,79.7,79.5
FEC,D26060218,2018-06-02,10:20 PM,Derailment,0,NEW SMYRNA BEACH,FL,78,4,Dark,Cloudy,Yard,Light loco(s),5,23733,6733,30466,M501,29.007592,-80.920081,78,79.9,80.2
SFRV,09242022,2022-09-24,6:51 PM,Head on collision,0,MIAMI-DADE,FL,88,3,Dusk,Clear,Main,,0,0,75000,462912,H603,25.786863,-80.271733,83.4,80.6,82.3
NS,153414,2023-06-22,10:05 AM,Other impacts,0,MACON,GA,75,2,Day,Cloudy,Yard,Single Car,2,0,0,17065,M408,32.81373,-83.622794,72.8,74.3,75.1
NS,145575,2022-06-17,4:49 PM,Derailment,0,AUSTELL,GA,88,3,Dusk,Clear,Yard,Freight Train,2,109724,0,109724,E27C,33.814066,-84.628342,84.7,81,80
BNSF,PR0121106,2021-01-09,2:15 AM,Derailment,0,MULLEN,NE,25,4,Dark,Cloudy,Main,Freight Train,39,5625,49000,54625,E33C,42.038923,-101.38933,32.7,31.1,31.6
UP,0523GP034,2023-05-18,11:50 PM,Other impacts,0,LIMON,CO,51,4,Dark,Clear,Main,Cut of cars,0,40318,0,51155,H307,39.264,-103.689247,64.4,57.6,54.1
UP,0720GP023,2020-07-20,12:00 PM,Other impacts,0,NORTH PLATTE,NE,79,2,Day,Clear,Yard,Single Car,0,52385,0,53201,M411,41.146788,-100.833913,75.4,74.7,72.5
NS,143853,2021-12-27,3:28 AM,Other impacts,0,ATLANTA,GA,62,4,Dark,Clear,Yard,Cut of cars,0,17300,0,22600,M411,33.793527,-84.444462,64.4,63.6,66.6
UP,0315CB001,2015-03-11,2:45 AM,Derailment,0,MARSHALLTOWN,IA,40,4,Dark,Cloudy,Yard,Yard/switching,5,7249,3704,10953,E67C,42.043085,-92.900417,45.3,43.6,47.7
BNSF,PR1223107,2023-12-10,8:53 PM,Derailment,0,DENVER,CO,38,3,Dusk,Clear,Yard,Light loco(s),5,250,17493,17743,H307,39.764462,-104.992767,25.9,37.7,40.4
KCS,21081902,2021-08-19,11:00 AM,Obstruction,0,VERONA,MS,82,2,Day,Clear,Main,Spec. MoW Equip.,10,37703,0,37703,H218,34.152884,-88.71229,80.2,78.6,78.1
BNSF,CH0423102,2023-04-06,5:46 AM,Other (describe in narrative),0,HARDIN,MO,34,1,Dawn,Clear,Industry,Freight Train,6,20081,1500,21581,H607,39.270321,-93.828722,45.6,43.9,49.6
UP,1218GP032,2018-12-15,10:20 PM,Derailment,0,COUNCIL BLUFFS,IA,39,4,Dark,Cloudy,Yard,Freight Train,7,29368,27846,57214,T220,41.266281,-95.860507,27.9,30.5,35.3
BNSF,CH0123103,2023-01-03,9:28 AM,Derailment,0,GALESBURG,IL,60,2,Day,Rain,Yard,Freight Train,10,21444,2700,24144,M411,40.909552,-90.383865,40.9,46.6,33.2
NS,151337,2022-11-01,12:00 AM,Derailment,0,TOCCOA,GA,69,4,Dark,Clear,Yard,Freight Train,5,0,9886,9886,H702,34.57834,-83.326113,58,60.7,58.7
UP,1123GC018,2023-11-15,8:20 AM,Other impacts,0,MARINGOUIN,LA,57,,,Cloudy,Yard,Yard/switching,5,2872,1188,59596,H301,30.522189,-91.55161,58.8,58.9,63.1
NS,154781,2023-11-15,5:00 AM,Other (describe in narrative),0,ATLANTA,GA,45,1,Dawn,Clear,Yard,Light loco(s),3,0,14069,14069,H702,33.79352,-84.444441,58.2,57.4,61.1
CSX,000218772,2024-06-20,12:45 AM,Other impacts,0,AUGUSTA,GA,78,4,Dark,Clear,Yard,Cut of cars,7,55400,0,66008,H302,33.456036,-81.954321,79.7,80.7,81.7
UP,0516CB011,2016-05-28,6:00 PM,Derailment,0,COUNCIL BLUFFS,IA,79,2,Day,Clear,Yard,Yard/switching,6,3424,8420,11844,M507,41.250065,-95.892912,68.4,66,70.4
NS,155587,2024-01-27,11:45 AM,Derailment,0,ATLANTA,GA,63,2,Day,Rain,Yard,Yard/switching,1,41881,29482,71363,H504,33.79352,-84.444441,62,61.3,46.8
BNSF,TC0618105,2018-06-22,4:35 AM,Derailment,10,DOON,IA,59,1,Dawn,Cloudy,Main,Freight Train,47,1840369,600000,2440369,M103,43.258377,-96.234582,63.2,66.3,67.5
NS,155683,2024-02-05,4:15 AM,Derailment,0,MACON,GA,43,1,Dawn,Cloudy,Yard,Single Car,0,500,0,47537,M101,32.81373,-83.622794,46.5,45.8,46.3
UP,1217TC001,2017-12-01,6:28 AM,Derailment,0,DES MOINES,IA,30,4,Dark,Cloudy,Yard,Cut of cars,0,6681,0,14464,H312,41.589212,-93.561988,43.2,41.1,42.4
LI,82204,2024-04-02,12:15 PM,Derailment,0,JAMAICA,NY,47,2,Day,Rain,Yard,Yard/switching,5,117567,0,117567,H703,40.696983,-73.821781,50,45.9,42.8
NS,152152,2023-01-31,7:00 AM,Hwy-rail crossing,0,,GA,67,1,Dawn,Fog,Main,Freight Train,45,290,15910,16200,M303,31.548693,-83.544593,68.8,69.5,67.4
BNSF,CH0223114,2023-02-12,7:07 AM,Derailment,0,SMITHBORO,IL,50,1,Dawn,Clear,Main,Freight Train,45,5418,582545,587963,E61C,38.775397,-89.292957,32.8,36.8,43
CSX,000217097,2024-03-29,1:30 AM,Side collision,0,WAYCROSS,GA,54,4,Dark,Clear,Yard,Yard/switching,3,53404,0,53704,H602,31.213509,-82.353557,63.4,59,61.7
NS,124677,2017-04-12,4:03 AM,Other impacts,0,GRACEWOOD,GA,75,1,Dawn,Clear,Yard,Yard/switching,6,12772,200,18651,H702,33.337867,-81.956086,67.4,68.2,70.4
CSX,000172018,2017-10-05,2:48 AM,Derailment,0,ATLANTA,GA,60,4,Dark,Clear,Main,Freight Train,15,183916,65674,249590,M405,33.764177,-84.43107,68.7,68.1,71.4
DMVW,DE0528NAP,2017-05-28,12:30 AM,Derailment,0,NAPOLEON,ND,50,4,Dark,Clear,Yard,Freight Train,10,19775,6557,26332,H503,46.499295,-99.76452,57.7,56.5,53.5