reportingrailroadcode,accidentnumber,date,time,accidenttype,hazmatreleasedcars,station,stateabbr,temperature,visibility_code,visibility,weathercondition,tracktype,equipmenttype,trainspeed,equipmentdamagecost,trackdamagecost,totaldamagecost,primaryaccidentcausecode,latitude,longitude,prior_temp,actual_temp,following_temp
NS,124545,2017-03-31,5:45 AM,Other impacts,0,CHICAGO,IL,35,1,Dawn,Rain,Industry,Freight Train,4,11000,0,11000,H306,41.820805,-87.673669,42.8,39.1,45.6
KCS,20010901,2020-01-09,2:03 PM,Derailment,0,WESTLAKE,LA,70,2,Day,Cloudy,Yard,Freight Train,4,17398,28751,46149,H306,30.252218,-93.303868,51.4,64.5,71.1
UP,1122PR005,2022-11-10,4:23 PM,Derailment,0,ROCHELLE,IL,62,2,Day,Clear,Yard,Yard/switching,6,810,52201,53011,H706,41.902102,-89.120686,57.8,61.6,36.4
CSX,000215297,2024-01-02,1:50 AM,Derailment,0,WAYCROSS,GA,38,4,Dark,Clear,Yard,Yard/switching,6,26448,71042,97490,M411,31.213509,-82.353557,52.8,42.9,42.9
BNSF,SW0622103,2022-06-03,12:35 PM,Derailment,0,MESQUITE,NM,101,2,Day,Clear,Yard,Freight Train,7,2000,14646,16646,H702,32.165012,-106.697233,79.1,80.9,82.4
BNSF,TC0922108,2022-09-24,1:30 PM,Derailment,0,FALCON HEIGHTS,MN,65,2,Day,Clear,Yard,Freight Train,5,139473,90000,229473,H307,44.970175,-93.167531,53.9,58.5,61.1
UP,0523GP034,2023-05-18,11:50 PM,Other impacts,0,LIMON,CO,51,4,Dark,Clear,Yard,Light loco(s),9,7837,0,51155,H307,39.264,-103.689247,64.4,57.6,54.1
GIMY,GIM881921,2021-12-04,11:40 PM,Side collision,0,SAVANNAH,GA,55,4,Dark,Clear,Yard,Single Car,0,45914,0,45914,H306,32.066275,-81.148762,60.9,60.7,59.3
NS,144101,2022-01-21,2:25 PM,Other impacts,0,MACON,GA,40,2,Day,Cloudy,Yard,Single Car,6,6093,0,54947,M408,32.813729,-83.622793,48.4,39.3,36.6
RTDZ,A111182023,2023-11-18,2:25 AM,Side collision,0,DENVER,CO,36,4,Dark,Clear,Main,EMU,35,1000,1000,2000,M304,39.73686,-105.000261,46.3,45.1,44
NS,145948,2022-07-24,5:00 AM,Other impacts,0,MACON,GA,85,1,Dawn,Clear,Yard,Single Car,0,300,0,49803,M408,32.813729,-83.622793,80.6,83.3,82.1
ALS,20220726,2022-07-26,3:45 AM,Derailment,0,EAST ST LOUIS,IL,76,4,Dark,Rain,Yard,Yard/switching,4,18000,49500,67500,S011,38.598591,-90.149421,77.1,71.6,76.8
NS,151488,2022-11-14,8:30 PM,Other impacts,0,GARDEN CITY,GA,70,4,Dark,Clear,Yard,Freight Train,5,46874,600,193268,H307,32.110265,-81.174896,55.6,51.2,63.1
IC,1112118,2022-08-25,12:48 PM,Derailment,0,CENTRALIA,IL,87,2,Day,Cloudy,Yard,Yard/switching,5,36226,0,36226,H601,38.505639,-89.145355,70.4,73.2,74.8
NS,153420,2023-06-23,7:15 AM,Derailment,0,ALBANY,GA,72,1,Dawn,Clear,Yard,,0,0,1500,1500,H306,31.584463,-84.14967,76.6,78.4,79.5
NS,153082,2023-05-13,8:40 PM,Other impacts,0,GARDEN CITY,GA,71,4,Dark,Clear,Yard,Single Car,5,300,2950,57206,H312,32.110265,-81.174896,76,75,77.3
UP,1214CB005,2014-12-04,5:34 AM,Rear end collision,0,BOONE,IA,24,4,Dark,Cloudy,Yard,Yard/switching,0,57687,0,58623,H702,42.060789,-93.854827,26.4,28,32.6
NS,154169,2023-09-09,7:00 PM,Other impacts,0,GARDEN CITY,GA,70,3,Dusk,Clear,Yard,Single Car,0,45503,0,91965,H318,32.110265,-81.174896,79,78.8,81.2
BNSF,KS0222120,2022-02-26,6:17 AM,Other (describe in narrative),0,LA JUNTA,CO,15,1,Dawn,Clear,Main,Freight Train,13,0,0,28993,M204,37.988539,-103.545337,21,27.3,36.3
CP,1000428537,2016-07-22,11:49 AM,Obstruction,0,CLAYTON,IA,85,2,Day,Rain,Main,Freight Train,25,28507,227,28734,M101,42.925545,-91.165638,83.5,78.2,72.7
NS,122428,2016-10-15,4:20 PM,Derailment,0,SHELBYVILLE,KY,72,3,Dusk,Clear,Industry,Freight Train,8,14500,1500,16000,H702,38.209189,-85.217095,57,69.4,70.8
NS,124379,2017-03-18,5:50 AM,Derailment,0,MOBERLY,MO,39,1,Dawn,Clear,Yard,Yard/switching,5,1500,10853,12353,H525,39.430822,-92.465121,57,49.8,50
UP,1216LK025,2016-12-28,5:10 PM,Derailment,0,SHREVEPORT,LA,65,3,Dusk,Clear,Yard,Yard/switching,4,2936,0,18824,H307,32.447516,-93.802008,62.3,64.6,56.6
NS,155957,2024-03-06,1:50 AM,Raking collision,0,MACON,GA,45,4,Dark,Rain,Yard,Yard/switching,4,42500,3500,63000,H306,32.81373,-83.622794,59.2,65.4,63.2
BNSF,PR0716200,2016-07-11,9:58 AM,Hwy-rail crossing,0,MERNA,NE,80,2,Day,Clear,Main,Freight Train,53,11126,10500,21626,M302,41.51036,-99.771,82.4,79.6,70.3
KCS,15121204,2015-12-12,10:05 PM,Obstruction,0,PAGE,OK,68,4,Dark,Cloudy,Main,Freight Train,40,20873,0,20873,M404,34.735021,-94.600967,60.8,70.4,60.6
BNSF,KS0418108,2018-04-12,6:00 PM,Other impacts,0,DODGE CITY,KS,65,3,Dusk,Clear,Yard,Freight Train,3,14956,3000,17956,H020,37.751879,-100.010507,66.2,70.5,52.7
UP,0616NP013,2016-06-13,4:58 PM,Derailment,0,NORTH PLATTE,NE,85,2,Day,Clear,Yard,Yard/switching,8,23541,105764,129305,S099,41.144949,-100.804739,76.1,73.3,71.9
CSX,000214363,2023-11-01,9:07 PM,Other impacts,0,CINCINNATI,OH,52,4,Dark,Clear,Yard,Single Car,10,7515,0,20278,M407,39.149507,-84.544044,37.1,37.8,38.9
ATK,148915,2017-08-10,7:40 AM,Hwy-rail crossing,0,GRANVILLE,ND,70,2,Day,Clear,Main,Passenger Train - Pulling,76,13818,0,13818,M304,48.264895,-100.864304,62.9,65,66.2
CSX,000217342,2024-04-11,2:20 AM,Other impacts,0,ATLANTA,GA,50,4,Dark,Clear,Main,Freight Train,12,27266,0,27266,M404,33.861907,-84.404333,64.4,65.7,59.3
CSX,000169843,2017-06-24,1:33 AM,Derailment,0,JACKSONVILLE,FL,85,4,Dark,Clear,Industry,Freight Train,7,21468,988,22456,H307,30.405749,-81.567252,83.4,84.8,83.5
UP,0523GP011,2023-05-08,4:30 PM,Other impacts,0,PUEBLO,CO,76,2,Day,Cloudy,Yard,Yard/switching,7,33372,7876,88621,H307,38.272403,-104.627955,64.1,61.1,67.9
BNSF,NE1115107,2015-11-21,12:43 PM,Derailment,0,ALBIA,IA,20,2,Day,Clear,Industry,Freight Train,2,56853,0,56853,H524,41.092172,-92.639999,33.3,23.2,27
PSBX,15060501,2015-06-05,7:00 AM,Other (describe in narrative),0,SHREVEPORT,LA,90,1,Dawn,Clear,Industry,Cut of cars,0,29989,0,364389,M103,32.360609,-93.628973,77.9,79.3,81
BNSF,TC0217116,2017-02-16,5:03 PM,Rear end collision,0,SIOUX CITY,IA,62,2,Day,Clear,Yard,Cut of cars,0,11500,0,12000,H310,42.511972,-96.37318,36.3,43.6,46.1
CSX,000216898,2024-03-20,6:00 PM,Derailment,0,WAYCROSS,GA,75,3,Dusk,Clear,Yard,Yard/switching,7,5841,29559,35400,M411,31.213509,-82.353557,50.5,55.8,62.8
CSX,000208351,2022-11-14,9:00 AM,Derailment,0,ORLANDO,FL,76,2,Day,Clear,Yard,Freight Train,3,200,0,11962,H602,28.432064,-81.36952,69.6,71.1,73.7
BRC,13696,2016-03-05,1:15 AM,Derailment,0,BEDFORD PARK,IL,30,4,Dark,Clear,Yard,,0,0,985,52814,H307,41.767544,-87.744455,31.8,35.6,43.1
NS,151087,2022-10-08,11:58 PM,Derailment,0,ATLANTA,GA,58,4,Dark,Clear,Yard,Yard/switching,8,22793,7513,113647,T221,33.800777,-84.455555,66.2,63.7,58
UP,1121GP005,2021-11-03,5:45 PM,Other impacts,0,DENVER,CO,58,2,Day,Clear,Main,Single Car,0,100,0,14576,H302,39.771049,-104.894157,37.4,44.6,49.7
SFRV,08272022,2022-08-27,6:05 AM,Obstruction,0,FORT LAUDERDALE,FL,86,4,Dark,Cloudy,Main,Commuter Train - Pulling,60,100000,40000,140000,M402,26.12939,-80.16995,87,85.5,84.9
UP,0523GP039,2023-05-27,6:51 AM,Derailment,0,HENDERSON,CO,51,1,Dawn,Clear,Yard,Freight Train,8,318,18110,18428,H607,39.87316,-104.888552,58.4,61.3,61.8
UP,1122RM026,2022-11-18,10:35 AM,Derailment,1,SODA SPRINGS,ID,2,2,Day,Clear,Main,Single Car,8,91984,2412,94396,H022,42.658415,-111.579789,14.9,8.5,8.1
CSX,000206506,2022-08-02,3:30 PM,Derailment,0,WAYCROSS,GA,94,2,Day,Clear,Yard,Yard/switching,7,2500,22391,24891,M411,31.213509,-82.353557,85.3,84.2,80.9
UP,1218GL055,2018-12-30,7:50 AM,Derailment,0,CLINTON,IA,18,2,Day,Clear,Yard,Freight Train,7,17340,16714,34054,E46C,41.817972,-90.217247,23.5,26.6,33.8
NS,127549,2017-11-27,11:15 AM,Hwy-rail crossing,0,COLUMBUS,GA,55,2,Day,Clear,Main,Spec. MoW Equip.,5,30000,0,30000,H997,32.549398,-84.60253,55,49.1,54.9
IC,1126343,2023-02-26,2:10 PM,Derailment,0,BELLE RIVE,IL,50,2,Day,Clear,Main,Freight Train,27,4070,483048,487118,E61C,38.284996,-88.733025,41.2,47.7,59.8
CIC,D201799,2017-06-09,5:45 AM,Derailment,0,CEDAR RAPIDS,IA,60,1,Dawn,Clear,Yard,,0,0,0,82000,H505,41.930493,-91.683038,70.4,75.8,77.8
UP,1220HL012,2020-12-16,6:31 PM,Fire/violent rupture,0,MURRAY,NE,27,3,Dusk,Clear,Main,Freight Train,50,14955,33,14988,E73L,40.970888,-95.924277,20.4,23.1,25.7
CSX,000197021,2021-04-13,11:45 PM,Fire/violent rupture,0,WOODLAND,GA,64,4,Dark,Clear,Main,Freight Train,25,12058,0,12058,E04L,32.820585,-84.56775,66.6,68.6,68.1
NS,144163,2022-01-26,2:30 PM,Other impacts,0,JENKINSBURG,GA,45,2,Day,Clear,Main,Spec. MoW Equip.,0,12500,0,50000,H402,33.325974,-84.011007,50.4,40.7,40.4
CSX,000213117,2023-08-27,1:01 AM,Other impacts,0,WAYCROSS,GA,81,4,Dark,Clear,Yard,Cut of cars,4,11000,0,149458,H305,31.213509,-82.353557,82.4,83.3,82.5
CSX,000146041,2015-05-10,8:27 AM,Side collision,0,LOUISVILLE,KY,68,2,Day,Clear,Yard,Yard/switching,5,8376,0,19676,H509,38.166386,-85.750644,76.8,77.1,75
UP,1123RM018,2023-11-12,7:30 AM,Derailment,0,ROLLINSVILLE,CO,35,2,Day,Clear,Main,,0,0,43797,1439728,T221,39.923902,-105.460161,31.5,36.6,37.5
RRVW,01232022,2022-01-23,6:25 PM,Derailment,0,WAHPETON,ND,5,4,Dark,Snow,Industry,Work train,5,175000,3500,178500,H307,46.345792,-96.647163,3,-4.6,-1.7
NS,152745,2023-04-05,9:25 PM,Derailment,0,MACON,GA,70,4,Dark,Clear,Yard,Freight Train,10,98781,1653,200868,H507,32.828532,-83.625276,68.7,75.1,75.8
CSX,000158521,2016-03-28,6:50 PM,Other impacts,0,RIVERDALE,IL,42,3,Dusk,Clear,Yard,Yard/switching,7,15591,0,16398,H310,41.650151,-87.644899,49.5,44.7,44.9
NJTR,201601030,2016-01-05,4:30 PM,Derailment,0,BAY HEAD,NJ,24,4,Dark,Clear,Yard,Commuter Train - Pulling,2,10000,1000,11000,T223,40.075069,-74.052753,27.1,18.5,26.2
NS,153693,2023-07-22,10:15 AM,Other impacts,0,MACON,GA,89,2,Day,Clear,Yard,Cut of cars,0,50363,0,58413,M411,32.81373,-83.622794,83.9,79.3,80.2
CSX,000215663,2024-01-10,12:17 PM,Obstruction,0,EVANS,GA,47,2,Day,Rain,Main,Freight Train,17,59353,0,59353,M404,33.570319,-82.131322,55,44.8,45
NS,144807,2022-03-27,12:35 PM,Derailment,0,DECATUR,IL,39,2,Day,Cloudy,Yard,Freight Train,1,11946,350,12296,H702,39.862857,-88.928398,36.5,33.7,33.8
CSX,000216113,2024-02-10,12:47 AM,Derailment,0,WAYCROSS,GA,64,4,Dark,Clear,Yard,Freight Train,4,3770,21420,25190,M204,31.213509,-82.353557,59,61.6,65.5
UP,0824HL012,2024-08-16,6:13 AM,Derailment,0,TOPEKA,KS,68,1,Dawn,Clear,Main,Freight Train,10,55376,215880,271256,E24C,39.09133,-95.757113,79.3,80.3,78.5
NS,153055,2023-05-10,3:30 PM,Hwy-rail crossing,0,WARNER ROBINS,GA,89,2,Day,Clear,Main,Freight Train,48,14000,2068,16068,M303,32.619683,-83.599839,75.3,73.7,75
CSX,000216015,2024-02-06,7:43 AM,Derailment,0,CUMBERLAND,MD,28,1,Dawn,Clear,Yard,Yard/switching,10,28037,28170,56207,M405,39.644507,-78.760868,35.4,32,33.5
UP,0921PR008,2021-09-08,9:15 AM,Other impacts,0,NORTHLAKE,IL,67,2,Day,Clear,Yard,Single Car,0,9307,0,12634,M599,41.922734,-87.915532,73,69.1,66.7
BNSF,KS0517200,2017-05-05,7:55 AM,Hwy-rail crossing,0,HALSTEAD,KS,54,1,Dawn,Clear,Main,Freight Train,37,10701,0,10701,M302,38.006604,-97.536978,54.8,59.5,67.2
NS,154753,2023-11-10,12:30 PM,Side collision,0,ATLANTA,GA,65,2,Day,Rain,Yard,Yard/switching,5,60750,0,124205,H702,33.79352,-84.444441,67.1,61.7,52.1
MBTA,5715,2018-01-04,12:44 PM,Hwy-rail crossing,0,BRIDGEWATER,MA,30,2,Day,Snow,Main,Passenger Train - Pulling,53,1562,18697,20259,M305,41.993684,-70.974086,18.1,30,15.2
BNSF,CH0223117,2023-02-15,3:22 PM,Derailment,0,GALESBURG,IL,38,2,Day,Cloudy,Yard,Light loco(s),4,7000,7000,14000,H303,40.933651,-90.371204,44.6,38.6,29.7
NS,157363,2024-07-13,10:39 PM,Hwy-rail crossing,0,JULIETTE,GA,85,4,Dark,Clear,Main,Freight Train,34,13397,17000,30397,M308,33.155059,-83.828513,82.7,83.9,85.4
CSX,000215768,2024-01-25,8:05 PM,Derailment,0,WAYCROSS,GA,65,4,Dark,Clear,Yard,Yard/switching,7,11767,7251,19018,E86C,31.213509,-82.353557,67.8,71.2,70.2
UP,1222PR002,2022-12-04,9:01 AM,Derailment,0,WEST CHICAGO,IL,24,2,Day,Clear,Yard,Yard/switching,7,15657,54816,70473,H702,41.883662,-88.21864,27.5,27.2,35.1
NS,153929,2023-08-14,2:25 AM,Side collision,0,MACON,GA,78,4,Dark,Clear,Yard,Yard/switching,10,72765,41392,208157,H306,32.81373,-83.622794,82.1,85.2,83
NS,155144,2023-12-23,10:17 AM,Other impacts,0,MACON,GA,61,2,Day,Clear,Yard,Cut of cars,0,110600,12500,233100,H020,32.81373,-83.622794,46.6,53.8,54.3
NJTR,202004155,2020-04-01,11:33 PM,Other impacts,0,KEARNY,NJ,45,4,Dark,Cloudy,Yard,EMU,0,14349,0,14349,H501,40.743508,-74.10723,43.9,46.3,48.6
CSX,000209674,2023-02-06,4:30 AM,Derailment,0,SELKIRK,NY,34,1,Dawn,Clear,Yard,Cut of cars,4,90241,518,90759,M411,42.566078,-73.854463,30.2,32.8,27.5
BNSF,KS0222120,2022-02-26,6:17 AM,Other (describe in narrative),0,LA JUNTA,CO,15,1,Dawn,Clear,Main,Freight Train,0,28993,0,28993,M204,37.988539,-103.545337,21,27.3,36.3
UP,1015CB009,2015-10-19,4:00 AM,Derailment,0,SIOUX CITY,IA,54,4,Dark,Clear,Yard,Light loco(s),4,8459,2456,28385,H607,42.518348,-96.38118,56,67,63.3
NS,156797,2024-05-22,5:00 AM,Other (describe in narrative),0,MACON,GA,67,1,Dawn,Clear,Yard,Yard/switching,2,557114,320000,877114,H702,32.81373,-83.622794,72.3,74.6,77.8
BNSF,KS0418107,2018-04-10,8:00 PM,Derailment,0,DODGE CITY,KS,55,3,Dusk,Clear,Yard,,0,0,12500,13300,E67L,37.751642,-100.006814,46.4,53.8,66.2
NS,154031,2023-08-25,2:15 PM,Derailment,0,CHAMBLEE,GA,95,2,Day,Clear,Industry,Freight Train,8,300,22013,22313,H401,33.904595,-84.278485,82.9,85.4,83.9
CSX,000217685,2024-04-26,1:30 PM,Derailment,0,BRUNSWICK,GA,75,2,Day,Clear,Yard,,0,0,97,90097,H607,31.16678,-81.501926,70.1,70.8,73
IC,1085310,2021-10-11,8:27 PM,Hwy-rail crossing,0,YAZOO CITY,MS,81,4,Dark,Cloudy,Main,Freight Train,40,0,26000,26000,M399,32.877442,-90.392095,75.9,76.5,78.8
CSX,000146041,2015-05-10,8:27 AM,Side collision,0,LOUISVILLE,KY,68,2,Day,Clear,Yard,Light loco(s),5,10700,600,19676,H509,38.166386,-85.750644,76.8,77.1,75
CSX,000216824,2024-03-18,8:15 AM,Derailment,0,OGLETHORPE,GA,65,2,Day,Clear,Yard,Freight Train,5,43783,0,43783,E08C,32.29841,-84.060297,59.3,57.4,48
UP,0215CB009,2015-02-26,11:30 AM,Derailment,0,CLINTON,IA,12,2,Day,Cloudy,Yard,Yard/switching,5,32107,1728,33835,T220,41.808937,-90.24243,15.2,7.5,-5.5
CSX,000208212,2022-11-04,5:00 AM,Other impacts,0,ORLANDO,FL,77,4,Dark,Clear,Industry,Cut of cars,0,4660,0,314660,H302,28.432064,-81.36952,77.1,75.3,76.2
ALS,20160718,2016-07-18,2:30 AM,Raking collision,0,EAST ST LOUIS,IL,78,4,Dark,Clear,Yard,Yard/switching,4,133600,76,133676,H607,38.5994,-90.152508,83.2,85.5,82.9
BNSF,MT0317201,2017-03-06,9:21 PM,Hwy-rail crossing,0,STANLEY,ND,16,4,Dark,Snow,Main,Freight Train,40,1848,13892,15740,M302,48.320836,-102.331691,37.3,21.9,13.2
NS,154099,2023-09-02,1:25 PM,Other impacts,0,MACON,GA,85,2,Day,Clear,Yard,Single Car,2,500,0,12689,M411,32.81373,-83.622794,76.8,75.2,75.2
NS,155144,2023-12-23,10:17 AM,Other impacts,0,MACON,GA,61,2,Day,Clear,Yard,Yard/switching,3,110000,0,233100,H020,32.81373,-83.622794,46.6,53.8,54.3
ATK,151093,2017-12-21,2:47 PM,Hwy-rail crossing,0,AUBURNDALE,FL,80,2,Day,Clear,Main,Passenger Train - Pulling,72,23548,0,28031,M303,28.05417,-81.8176,70.4,72.5,64.9
FEC,D40060222,2022-06-02,6:20 AM,Derailment,0,MIAMI-DADE,FL,74,1,Dawn,Clear,Industry,Yard/switching,6,2938,119656,122594,E46C,25.842105,-80.255622,78.5,78,74.5
BNSF,PR0123115,2023-01-27,3:15 AM,Derailment,0,DENVER,CO,45,4,Dark,Clear,Yard,Light loco(s),6,19000,4980,23980,H307,39.76376,-104.993048,26.4,33.6,21.2
NS,154567,2023-10-23,4:58 PM,Derailment,0,MACON,GA,78,3,Dusk,Clear,Yard,Single Car,1,15000,0,15000,H303,32.81373,-83.622794,65.2,58.7,59.2
UP,0516CB007,2016-05-19,2:30 AM,Derailment,0,COUNCIL BLUFFS,IA,48,4,Dark,Clear,Yard,Freight Train,5,14289,0,14289,H504,41.249886,-95.894069,59.2,60.2,59.8
NS,153972,2023-08-19,9:43 AM,Other impacts,0,MACON,GA,80,2,Day,Clear,Yard,Freight Train,2,30000,0,35000,M411,32.81373,-83.622794,78.7,80,81.2
UP,1214KC016,2014-12-31,11:15 PM,Other impacts,0,KANSAS CITY,MO,20,4,Dark,Cloudy,Yard,Cut of cars,0,18976,0,43073,H307,39.120125,-94.534952,18.5,14.6,27.2
UP,1023GC010,2023-10-07,8:47 PM,Other impacts,0,MARINGOUIN,LA,62,4,Dark,Clear,Yard,Yard/switching,0,0,0,250868,H307,30.523517,-91.551257,75.5,67.6,62.1
BNSF,NE1115201,2015-11-09,8:00 AM,Hwy-rail crossing,0,DANVILLE,IA,35,1,Dawn,Clear,Main,Freight Train,48,1051057,270000,1321057,M302,40.88139,-91.33368,42.4,42.8,47.5
NS,151488,2022-11-14,8:30 PM,Other impacts,0,GARDEN CITY,GA,70,4,Dark,Clear,Yard,Freight Train,5,145794,0,193268,H307,32.110265,-81.174896,55.6,51.2,63.1
CRSH,118505,2015-12-08,1:00 AM,Raking collision,0,NEWARK,NJ,40,4,Dark,Clear,Yard,Single Car,1,5702,0,29900,H301,40.713668,-74.142477,45.7,43.4,45.9
UP,0720GP023,2020-07-20,12:00 PM,Other impacts,0,NORTH PLATTE,NE,79,2,Day,Clear,Yard,Single Car,0,216,0,53201,M411,41.146788,-100.833913,75.4,74.7,72.5
NS,145495,2022-06-08,5:47 PM,Other impacts,0,MACON,GA,93,3,Dusk,Clear,Yard,Single Car,2,6000,9912,16412,H312,32.813729,-83.622793,77.2,78.6,80.9
NS,154169,2023-09-09,7:00 PM,Other impacts,0,GARDEN CITY,GA,70,3,Dusk,Clear,Yard,Single Car,5,46462,0,91965,H318,32.110265,-81.174896,79,78.8,81.2
MACZ,177165,2023-11-15,8:25 PM,Obstruction,0,BOWIE,MD,52,4,Dark,Cloudy,Main,Passenger Train - Pulling,89,25692,0,87238,M402,39.012208,-76.771901,47.7,47.2,51.3
HAL,HAL091317,2017-08-16,1:20 AM,Derailment,0,ALBANY,GA,73,4,Dark,Clear,Main,Freight Train,23,10166,110552,120718,E53C,31.504003,-84.318923,80.7,83,85.8
NS,144128,2022-01-25,5:02 AM,Other impacts,0,ALDORA,GA,54,1,Dawn,Cloudy,Industry,Freight Train,5,19114,0,19114,H307,33.079363,-84.198247,45.4,49.3,43.7
PSBX,15060501,2015-06-05,7:00 AM,Other (describe in narrative),0,SHREVEPORT,LA,90,1,Dawn,Clear,Industry,Cut of cars,0,32072,0,364389,M103,32.360609,-93.628973,77.9,79.3,81
NS,140535,2021-02-08,2:45 PM,Other impacts,0,PORTSMOUTH,OH,40,2,Day,Clear,Yard,Single Car,0,3690,0,12684,H312,38.736825,-82.957246,27.6,28.2,32.9
UP,0523GP011,2023-05-08,4:30 PM,Other impacts,0,PUEBLO,CO,76,2,Day,Cloudy,Yard,Cut of cars,0,47373,0,88621,H307,38.272403,-104.627955,64.1,61.1,67.9
NS,146010,2022-07-29,4:00 PM,Other impacts,0,TENNILLE,GA,94,3,Dusk,Clear,Industry,Freight Train,3,76419,0,76419,H302,32.935285,-82.813122,83.4,84.6,82.1
CSX,000161083,2016-07-04,5:12 AM,Obstruction,0,BANNER,KY,74,4,Dark,Rain,Main,Freight Train,23,29468,0,29468,M404,37.594621,-82.68429,69.9,73.1,75.4
CRSH,118505,2015-12-08,1:00 AM,Raking collision,0,NEWARK,NJ,40,4,Dark,Clear,Yard,Yard/switching,3,23198,1000,29900,H301,40.713668,-74.142477,45.7,43.4,45.9
BNSF,SW0715105,2015-07-20,6:55 PM,Derailment,0,FORT SUMNER,NM,69,3,Dusk,Rain,Main,Freight Train,27,120000,462716,582716,M105,34.44471,-104.122322,82.5,76.6,73.9
BNSF,SW0915109,2015-09-27,4:44 PM,Derailment,0,ALBUQUERQUE,NM,75,2,Day,Clear,Yard,Yard/switching,7,28100,5000,33100,H525,35.059983,-106.65179,70.4,74.1,74.3
NS,141313,2021-04-22,5:28 AM,Other impacts,0,ATLANTA,GA,39,1,Dawn,Clear,Yard,Yard/switching,1,650,500,32072,M411,33.793527,-84.444462,54.2,49.1,55.6
MBTA,7096,2018-04-26,6:45 AM,Other (describe in narrative),0,WILMINGTON,MA,53,4,Dark,Fog,Main,Passenger Train - Pulling,70,23612,0,23612,M404,42.584334,-71.167824,52.6,58.3,51.3
NS,151733,2022-12-15,3:45 PM,Hwy-rail crossing,0,,GA,45,2,Day,Clear,Main,Freight Train,4,12177,0,12177,M302,33.617186,-84.391364,71,73.1,71.5
ATK,144392,2016-09-25,10:16 PM,Obstruction,0,PINE CASTLE,FL,85,4,Dark,Clear,Main,Passenger Train - Pulling,58,12961,0,12961,M402,28.471906,-81.369879,82.2,81.5,77.2
UP,0824HL007,2024-08-14,8:30 PM,Other (describe in narrative),0,LEHIGH,KS,82,4,Dark,Rain,Siding,Freight Train,0,826559,8225,834784,M105,38.42818,-97.33573,77.5,84,78.8
UP,1214CB005,2014-12-04,5:34 AM,Rear end collision,0,BOONE,IA,24,4,Dark,Cloudy,Yard,Freight Train,9,936,0,58623,H702,42.060789,-93.854827,26.4,28,32.6
CSX,000164377,2016-11-16,3:55 AM,Side collision,0,OCALA,FL,45,4,Dark,Clear,Main,Freight Train,38,3111342,0,4441401,H221,29.393677,-82.103023,59.1,58.7,58.1
CSX,000214548,2023-11-17,6:07 AM,Other impacts,0,ATLANTA,GA,58,1,Dawn,Cloudy,Yard,Yard/switching,0,381502,3792,385294,H307,33.793898,-84.416751,61.1,62.5,62.6
UP,0816PR016,2016-08-21,7:00 PM,Other impacts,0,NORTHLAKE,IL,72,3,Dusk,Cloudy,Yard,Single Car,2,16607,0,17748,M411,41.903097,-87.917887,73,66.4,68.1
NS,151953,2023-01-08,11:15 PM,Derailment,0,EAST POINT,GA,56,4,Dark,Clear,Yard,Freight Train,4,5840,17117,22957,H306,33.679041,-84.439508,51,55.3,48.5
NS,143853,2021-12-27,3:28 AM,Other impacts,0,ATLANTA,GA,62,4,Dark,Clear,Yard,Single Car,3,5300,0,22600,M411,33.793527,-84.444462,64.4,63.6,66.6
BNSF,SF0315116,2015-03-20,1:00 PM,Derailment,0,HANNIBAL,MO,48,2,Day,Cloudy,Yard,Yard/switching,4,8491,500,25818,H309,39.920786,-91.440468,40.9,41.1,52.6
NS,152714,2023-04-04,9:43 AM,Hwy-rail crossing,0,NORCROSS,GA,58,2,Day,Clear,Main,Freight Train,37,6189,16316,22505,M303,33.939098,-84.215302,54,64.3,73.2
UP,0816PR016,2016-08-21,7:00 PM,Other impacts,0,NORTHLAKE,IL,72,3,Dusk,Cloudy,Yard,Single Car,0,1141,0,17748,M411,41.903097,-87.917887,73,66.4,68.1
ATK,143598,2016-08-03,8:38 PM,Hwy-rail crossing,0,MURRAY,IA,77,3,Dusk,Clear,Main,Passenger Train - Pulling,77,12996,0,12996,M302,41.041534,-93.88888,73.8,76.3,81.6
MBTA,7085,2018-03-08,6:30 AM,Derailment,0,WILMINGTON,MA,35,1,Dawn,Snow,Main,Passenger Train - Pushing,20,61321,2019,63340,M101,42.544053,-71.171345,34.6,33.1,32.1
CSX,000215778,2024-01-25,7:05 AM,Derailment,0,AUGUSTA,GA,68,4,Dark,Fog,Main,Freight Train,7,6998,17114,24112,H503,33.455455,-81.952475,60.9,69.6,68.7
NIRC,9419000838,2022-05-23,6:58 AM,Hwy-rail crossing,0,HAINESVILLE,IL,50,1,Dawn,Clear,Main,Commuter Train - Pushing,60,250000,800,250800,M302,42.342769,-88.06804,55.2,50.8,54
NS,144101,2022-01-21,2:25 PM,Other impacts,0,MACON,GA,40,2,Day,Cloudy,Yard,Yard/switching,6,47781,1073,54947,M408,32.813729,-83.622793,48.4,39.3,36.6
UP,1217TC001,2017-12-01,6:28 AM,Derailment,0,DES MOINES,IA,30,4,Dark,Cloudy,Yard,Yard/switching,4,431,7352,14464,H312,41.589212,-93.561988,43.2,41.1,42.4