reportingrailroadcode,accidentnumber,date,time,accidenttype,hazmatreleasedcars,station,stateabbr,temperature,visibility_code,visibility,weathercondition,tracktype,equipmenttype,trainspeed,equipmentdamagecost,trackdamagecost,totaldamagecost,primaryaccidentcausecode,latitude,longitude,prior_temp,actual_temp,following_temp
UP,1216LK025,2016-12-28,5:10 PM,Derailment,0,SHREVEPORT,LA,65,3,Dusk,Clear,Yard,Yard/switching,6,15888,0,18824,H307,32.447516,-93.802008,62.3,64.6,56.6
CSX,000200336,2021-09-27,3:13 PM,Derailment,0,OCALA,FL,85,2,Day,Clear,Main,Freight Train,23,10800,694,11494,E53C,29.196872,-82.132737,77.2,75.3,74.9
FEC,D30062118,2018-06-21,6:00 AM,Obstruction,0,HIALEAH,FL,79,1,Dawn,Cloudy,Industry,Yard/switching,10,21699,0,21699,H307,25.841117,-80.255816,83.4,83.9,83.9
UP,0222RM016,2022-02-17,2:35 AM,Derailment,0,RUPERT,ID,14,4,Dark,Cloudy,Main,Freight Train,33,5578,13162,18740,H501,42.741979,-113.431696,31.2,32.3,35
UP,1015CB009,2015-10-19,4:00 AM,Derailment,0,SIOUX CITY,IA,54,4,Dark,Clear,Yard,Yard/switching,5,17470,0,28385,H607,42.518348,-96.38118,56,67,63.3
NS,153850,2023-08-08,1:01 AM,Other impacts,0,MACON,GA,78,4,Dark,Clear,Yard,Single Car,0,150,0,14536,H312,32.81373,-83.622794,80.4,79.3,79.5
BNSF,CH0123113,2023-01-24,3:38 PM,Derailment,0,ELWOOD,IL,36,2,Day,Cloudy,Yard,Freight Train,9,5617,6200,11817,H307,41.38014,-88.15172,28.9,33.3,33.3
BNSF,PR1123109,2023-11-21,1:36 AM,Other (describe in narrative),0,DENVER,CO,30,4,Dark,Clear,Yard,Yard/switching,4,12388,0,12388,H302,39.768756,-104.991322,39.2,39.3,50.1
NS,146573,2022-09-23,5:51 AM,Other impacts,0,JACKSONVILLE,FL,78,1,Dawn,Clear,Yard,Cut of cars,3,3500,0,34500,H302,30.360835,-81.723364,82.3,78.5,76.6
NS,154099,2023-09-02,1:25 PM,Other impacts,0,MACON,GA,85,2,Day,Clear,Yard,Single Car,2,500,11689,12689,M411,32.81373,-83.622794,76.8,75.2,75.2
NS,154829,2023-11-17,6:07 AM,Other impacts,0,ATLANTA,GA,58,1,Dawn,Cloudy,Yard,Freight Train,4,377690,0,377690,E30C,33.793898,-84.416751,61.1,62.5,62.6
CSX,000168104,2017-04-07,9:30 AM,Derailment,0,ATLANTA,GA,47,1,Dawn,Clear,Yard,Yard/switching,4,74789,830,75619,M204,33.801256,-84.449673,53.3,53,54.9
CSX,000171240,2017-08-27,9:15 AM,Derailment,0,ORANGE HEIGHTS,FL,82,2,Day,Clear,Main,Freight Train,47,12720,1850,14570,E22C,29.710206,-82.137618,79.6,79.2,79
GRS,20170124X2,2017-01-24,7:20 PM,Derailment,0,GARDNER,MA,34,4,Dark,Clear,Yard,,0,0,18127,18127,H704,42.567276,-71.983734,31.9,32.3,35.9
NS,145848,2022-07-15,5:02 AM,Other impacts,0,SAVANNAH,GA,80,1,Dawn,Clear,Yard,Single Car,5,500,17689,18587,H312,32.083673,-81.136552,81,78.4,79.7
SFRV,022618,2018-02-26,1:15 PM,Fire/violent rupture,0,MIAMI-DADE,FL,75,2,Day,Clear,Yard,Passenger Train - Pulling,0,200000,100000,300000,E74L,25.474613,-80.15307,75.9,73.5,73.4
NS,153767,2023-07-29,9:50 AM,Derailment,0,ALBANY,GA,83,2,Day,Cloudy,Yard,Freight Train,0,74000,5181,158451,E64L,31.584463,-84.14967,82.6,81.1,80
NS,156602,2024-05-05,3:30 PM,Other impacts,0,MACON,GA,82,2,Day,Clear,Yard,Single Car,10,3000,17639,37244,M411,32.81373,-83.622794,72.1,72.6,75.7
BRC,13509,2015-01-24,6:00 AM,Derailment,0,BEDFORD PARK,IL,31,4,Dark,Clear,Yard,Cut of cars,18,12672,0,12672,M407,41.761366,-87.736962,31.2,36,32
NS,153929,2023-08-14,2:25 AM,Side collision,0,MACON,GA,78,4,Dark,Clear,Yard,Yard/switching,10,89000,0,208157,H306,32.81373,-83.622794,82.1,85.2,83
IANR,PLD0519182,2018-05-19,6:15 AM,Derailment,0,PALO,IA,60,1,Dawn,Cloudy,Main,Freight Train,25,9992,3450,13442,E86C,42.033495,-91.763351,67.9,68.1,59.3
UP,0123RM038,2023-01-29,10:25 PM,Other impacts,0,POCATELLO,ID,1,4,Dark,Clear,Yard,Yard/switching,0,218131,0,674271,H702,42.862707,-112.447594,16.9,2.1,0.2
NS,146571,2022-09-23,12:30 AM,Derailment,0,ATLANTA,GA,68,4,Dark,Clear,Yard,Freight Train,3,750,21000,21750,M303,33.793519,-84.444441,78.7,68,66.6
NS,153972,2023-08-19,9:43 AM,Other impacts,0,MACON,GA,80,2,Day,Clear,Yard,Freight Train,2,5000,0,35000,M411,32.81373,-83.622794,78.7,80,81.2
UP,1117KC020,2017-11-20,4:47 AM,Derailment,0,WICHITA,KS,38,4,Dark,Clear,Yard,Single Car,0,16928,0,154219,H312,37.738032,-97.318498,43,50.3,44.1
BNSF,KS0717102,2017-07-18,10:57 AM,Derailment,0,KANSAS CITY,KS,85,2,Day,Clear,Yard,Yard/switching,4,11996,250,37110,H318,39.079013,-94.666541,84.8,84.8,85.4
PSBX,15060501,2015-06-05,7:00 AM,Other (describe in narrative),0,SHREVEPORT,LA,90,1,Dawn,Clear,Industry,Cut of cars,0,32273,0,364389,M103,32.360609,-93.628973,77.9,79.3,81
BNSF,HL0420101,2020-04-11,9:00 AM,Other impacts,0,AMORY,MS,70,2,Day,Clear,Yard,Yard/switching,5,46712,0,46712,H318,33.979703,-88.486956,55.3,56.1,62
GWR,GWR233341,2023-07-16,8:30 AM,Other impacts,0,WINDSOR,CO,70,2,Day,Clear,Siding,Yard/switching,3,23000,0,23000,H318,40.474535,-104.879939,70.7,73.7,78.2
BLF,20220750,2022-08-18,4:52 PM,Hwy-rail crossing,0,NORTH MIAMI,FL,82,2,Day,Clear,Main,Passenger Train - Pulling,76,7622,0,41073,M308,25.906103,-80.159063,85.3,85.5,86.1
BNSF,PR0223112,2023-02-25,3:10 PM,Derailment,0,DENVER,CO,52,2,Day,Clear,Yard,Freight Train,5,33875,17737,51612,M405,39.768007,-104.991825,17.3,40.4,46.7
NS,145668,2022-06-26,10:50 AM,Derailment,0,KEENSBURG,IL,80,2,Day,Cloudy,Main,Freight Train,15,627,82336,82963,M404,38.402447,-87.755871,80.9,76,71.4
BNSF,NE0615111,2015-06-24,6:00 PM,Other (describe in narrative),0,ALBIA,IA,70,2,Day,Rain,Main,Freight Train,1,24995,0,24995,M103,41.003613,-92.901491,69.7,68.2,71.4
UP,1215CB001,2015-12-01,6:30 PM,Derailment,0,COUNCIL BLUFFS,IA,32,3,Dusk,Snow,Yard,Freight Train,8,26405,251865,278270,H503,41.240575,-95.876156,32.6,29.9,33.1
NS,154756,2023-11-11,1:05 AM,Obstruction,0,SHADY DALE,GA,51,4,Dark,Rain,Main,Freight Train,10,7500,11447,18947,M404,33.348264,-83.628074,62.2,50.7,51.5
CSX,000215490,2024-01-10,5:22 AM,Other (describe in narrative),0,AUGUSTA,GA,35,4,Dark,Clear,Yard,Yard/switching,7,56483,29711,86194,H704,33.455455,-81.952475,55,44.9,45.1
UP,1023GC010,2023-10-07,8:47 PM,Other impacts,0,MARINGOUIN,LA,62,4,Dark,Clear,Yard,Yard/switching,7,250868,0,250868,H307,30.523517,-91.551257,75.5,67.6,62.1
BNSF,MT0122103,2022-01-07,12:13 AM,Derailment,0,SCRANTON,ND,-10,4,Dark,Clear,Main,Freight Train,32,17208,2000,19208,E00C,46.166554,-103.204829,-10,6.9,13.9
CSX,000217225,2024-04-05,8:00 PM,Side collision,0,AUGUSTA,GA,62,3,Dusk,Clear,Yard,Yard/switching,4,60031,0,60068,H306,33.455455,-81.952475,56.4,55.7,53.7
CSX,000215261,2023-12-28,9:50 PM,Derailment,0,WAYCROSS,GA,48,4,Dark,Clear,Yard,Yard/switching,7,22181,2061,24242,H702,31.213509,-82.353557,59.7,55.7,45.8
NS,153831,2023-08-06,12:30 PM,Derailment,0,COMMERCE,GA,94,2,Day,Cloudy,Industry,Light loco(s),0,2000,14697,16697,H017,34.173078,-83.433033,80.8,76.7,75.2
UP,1216CB008,2016-12-18,4:33 AM,Derailment,0,MODALE,IA,-12,4,Dark,Clear,Main,Freight Train,3,250,42600,42850,H705,41.557728,-95.994801,6,-1.4,16.7
NS,145656,2022-06-24,12:00 PM,Other impacts,0,SAVANNAH,GA,91,2,Day,Clear,Yard,Cut of cars,0,2250,0,116909,H312,32.083673,-81.136552,85.5,82.3,81.6
NS,145848,2022-07-15,5:02 AM,Other impacts,0,SAVANNAH,GA,80,1,Dawn,Clear,Yard,Single Car,0,398,0,18587,H312,32.083673,-81.136552,81,78.4,79.7
NS,153082,2023-05-13,8:40 PM,Other impacts,0,GARDEN CITY,GA,71,4,Dark,Clear,Yard,Single Car,0,53956,0,57206,H312,32.110265,-81.174896,76,75,77.3
CP,1000508666,2017-02-05,5:22 AM,Derailment,0,DUBUQUE,IA,26,4,Dark,Cloudy,Main,Freight Train,34,816281,12388,828669,T220,42.458719,-90.581507,21.8,26.6,33.7
UP,0916CB011,2016-09-30,8:35 AM,Fire/violent rupture,0,MT VERNON,IA,53,2,Day,Clear,Main,Freight Train,0,64225,0,64225,E79L,41.939583,-91.491908,61,58.6,61.1
CSX,000213413,2023-09-10,4:20 PM,Other impacts,0,WAYCROSS,GA,90,3,Dusk,Clear,Yard,Cut of cars,4,300,728,92288,S016,31.213509,-82.353557,77.3,80.6,79.1
GC,GCR664324L,2024-01-12,10:30 PM,Head on collision,0,VIDALIA,GA,48,4,Dark,Clear,Yard,Freight Train,10,100000,0,100000,H607,32.218012,-82.410189,44.8,53.1,49.5
UP,1122ME025,2022-11-28,9:00 PM,Derailment,0,MELROSE PARK,IL,42,4,Dark,Clear,Yard,Light loco(s),4,4281,17212,21493,H702,41.895094,-87.885292,42.6,38.5,48.8
CSX,000212883,2023-08-11,11:30 PM,Other impacts,0,ATLANTA,GA,90,4,Dark,Clear,Industry,Cut of cars,0,25671,0,72093,H306,33.793898,-84.416751,77.4,78.6,78.5
BNSF,SF0115107,2015-01-21,1:30 PM,Derailment,0,TULSA,OK,50,2,Day,Cloudy,Yard,Yard/switching,7,27528,2000,29528,M409,36.134347,-96.012137,45.3,41.9,44
HAL,HAL409523R,2023-05-10,10:10 AM,Derailment,0,ALBANY,GA,80,2,Day,Clear,Yard,Freight Train,9,0,0,16369,E66L,31.586112,-84.149504,77.1,78.6,77.8
UP,1117KC020,2017-11-20,4:47 AM,Derailment,0,WICHITA,KS,38,4,Dark,Clear,Yard,Yard/switching,4,127366,9925,154219,H312,37.738032,-97.318498,43,50.3,44.1
CSX,000216454,2024-02-28,11:41 PM,Derailment,0,SELKIRK,NY,25,4,Dark,Cloudy,Yard,Yard/switching,7,70479,17848,88327,M404,42.5757,-73.936,46.2,52.1,25.2
NS,153414,2023-06-22,10:05 AM,Other impacts,0,MACON,GA,75,2,Day,Cloudy,Yard,Yard/switching,5,10500,0,17065,M408,32.81373,-83.622794,72.8,74.3,75.1
KYLE,KYL421823O,2023-05-19,1:30 AM,Derailment,0,LIMON,CO,50,4,Dark,Clear,Yard,,0,0,3000,51155,H307,39.264,-103.689247,57.6,54.1,58
BNSF,TC0915109,2015-09-19,6:00 AM,Derailment,0,SIOUX CITY,IA,57,1,Dawn,Fog,Yard,Freight Train,10,50000,12000,62000,T221,42.528319,-96.364887,57.5,55.3,62.4
NS,144163,2022-01-26,2:30 PM,Other impacts,0,JENKINSBURG,GA,45,2,Day,Clear,Main,Spec. MoW Equip.,15,12500,0,50000,H402,33.325974,-84.011007,50.4,40.7,40.4
NS,154763,2023-11-12,2:28 AM,Derailment,0,BELMORE,OH,28,4,Dark,Clear,Main,Freight Train,25,1800,14800,16600,E49C,41.106623,-83.89074,41.8,41,46.8
NS,151859,2022-12-29,8:40 PM,Hwy-rail crossing,0,TALLAPOOSA,GA,54,4,Dark,Clear,Main,Freight Train,35,0,21212,21212,M303,33.744189,-85.287434,41,55.8,55.2
CSX,000195431,2021-02-01,1:50 AM,Rear end collision,0,WALBRIDGE,OH,25,4,Dark,Snow,Yard,Yard/switching,7,19898,0,33257,H318,41.58993,-83.49686,29.6,28,26.4
CSX,000214363,2023-11-01,9:07 PM,Other impacts,0,CINCINNATI,OH,52,4,Dark,Clear,Yard,Single Car,10,12763,0,20278,M407,39.149507,-84.544044,37.1,37.8,38.9
NS,146119,2022-08-08,11:45 PM,Derailment,0,DECATUR,IL,72,4,Dark,Rain,Yard,Yard/switching,3,56068,450,56518,E07C,39.859514,-88.894301,82.7,80.1,71.3
CSX,000218772,2024-06-20,12:45 AM,Other impacts,0,AUGUSTA,GA,78,4,Dark,Clear,Yard,Cut of cars,7,10608,0,66008,H302,33.456036,-81.954321,79.7,80.7,81.7
UP,0215CB011,2015-02-28,11:00 PM,Other (describe in narrative),0,BOONE,IA,20,4,Dark,Cloudy,Yard,Yard/switching,3,13757,0,13757,M507,42.05843,-93.844893,0.2,8.9,22.7
UP,0816PR017,2016-08-22,8:00 AM,Other impacts,0,NORTHLAKE,IL,64,2,Day,Clear,Yard,Cut of cars,5,32898,0,32898,H601,41.903097,-87.917887,66.4,68.1,71.9
NS,141313,2021-04-22,5:28 AM,Other impacts,0,ATLANTA,GA,39,1,Dawn,Clear,Yard,Single Car,0,30922,0,32072,M411,33.793527,-84.444462,54.2,49.1,55.6
NS,146554,2022-09-21,10:30 PM,Other impacts,0,MACON,GA,70,4,Dark,Clear,Yard,Single Car,0,200,0,11468,H312,32.813729,-83.622793,76.1,78.4,79.1
NS,151593,2022-11-29,6:30 AM,Other impacts,0,SAVANNAH,GA,57,1,Dawn,Cloudy,Yard,Yard/switching,5,21849,439,22288,H318,32.079082,-81.1204,60.2,59.6,65.7
IC,899379,2016-08-31,9:30 PM,Hwy-rail crossing,0,GILMAN,IL,65,4,Dark,Clear,Main,,0,0,2422,12964,M308,40.737068,-88.001491,75.6,73,66.6
NS,153414,2023-06-22,10:05 AM,Other impacts,0,MACON,GA,75,2,Day,Cloudy,Yard,Single Car,2,500,6065,17065,M408,32.81373,-83.622794,72.8,74.3,75.1
CSX,000215256,2023-12-29,10:55 AM,Derailment,0,WAYCROSS,GA,49,2,Day,Clear,Yard,Freight Train,4,19727,2033,21760,H702,31.213509,-82.353557,55.7,45.8,43.7
NS,145656,2022-06-24,12:00 PM,Other impacts,0,SAVANNAH,GA,91,2,Day,Clear,Yard,Single Car,5,114359,300,116909,H312,32.083673,-81.136552,85.5,82.3,81.6
KCS,15072702,2015-07-27,9:50 AM,Derailment,0,TALLULAH,LA,94,2,Day,Clear,Main,Freight Train,5,7980,3701,11681,E53C,32.392657,-91.154148,83.6,84.9,85.1
FEC,D67102317,2017-10-23,1:17 AM,Derailment,0,COCOA,FL,80,4,Dark,Cloudy,Yard,Yard/switching,9,2750,8429,11179,M405,28.40352,-80.757578,81.5,81.2,75.9
BNSF,CH0223113,2023-02-11,4:03 PM,Other impacts,0,GALESBURG,IL,40,2,Day,Clear,Yard,Yard/switching,9,32454,0,32454,E06C,40.914039,-90.380542,28.5,30.7,37.6
UP,0116CB011,2016-01-14,10:51 PM,Derailment,0,CALAMUS,IA,33,4,Dark,Cloudy,Main,Freight Train,48,9325,78041,87366,E61C,41.826944,-90.815143,18.6,38.7,30.3
BNSF,NE0816200,2016-08-03,8:38 PM,Hwy-rail crossing,0,MURRAY,IA,77,3,Dusk,Clear,Main,,0,0,0,12996,M302,41.041534,-93.88888,73.8,76.3,81.6
NS,155683,2024-02-05,4:15 AM,Derailment,0,MACON,GA,43,1,Dawn,Cloudy,Yard,Single Car,3,35508,0,47537,M101,32.81373,-83.622794,46.5,45.8,46.3
UP,0623GP009,2023-06-08,1:00 PM,Derailment,0,FORT COLLINS,CO,75,2,Day,Clear,Industry,Work train,5,144936,19280,164216,E66L,40.61539,-105.081858,64.7,67,66.3
UP,0316TC011,2016-03-25,4:09 AM,Derailment,0,EAGLE GROVE,IA,34,4,Dark,Clear,Yard,Freight Train,4,17804,32960,50764,H704,42.676726,-93.917581,31.5,37.4,43.8
NS,151300,2022-10-28,4:00 AM,Other (describe in narrative),0,EAST POINT,GA,55,1,Dawn,Clear,Yard,Freight Train,4,23532,4211,27743,H307,33.679041,-84.439508,58.5,61.3,59.1
NS,156800,2024-05-23,10:51 AM,Other (describe in narrative),0,ATLANTA,GA,86,2,Day,Cloudy,Yard,Yard/switching,6,32467,2466,34933,H702,33.79352,-84.444441,75.7,77.1,77.4
CSX,000158521,2016-03-28,6:50 PM,Other impacts,0,RIVERDALE,IL,42,3,Dusk,Clear,Yard,Cut of cars,2,557,250,16398,H310,41.650151,-87.644899,49.5,44.7,44.9
NS,154753,2023-11-10,12:30 PM,Side collision,0,ATLANTA,GA,65,2,Day,Rain,Yard,Yard/switching,6,55777,7678,124205,H702,33.79352,-84.444441,67.1,61.7,52.1
CSX,000171425,2017-09-04,1:45 PM,Derailment,0,WAYCROSS,GA,95,2,Day,Clear,Yard,Yard/switching,3,13029,321,13350,E29C,31.213524,-82.353588,78.7,80.4,80
CSX,000177030,2018-06-15,2:58 AM,Hwy-rail crossing,0,FROSTPROOF,FL,73,4,Dark,Clear,Main,Freight Train,39,27916,8430,36346,M308,27.73363,-81.582003,80,80,79.4
UP,0316TC007,2016-03-11,6:05 PM,Derailment,0,DES MOINES,IA,61,3,Dusk,Cloudy,Yard,Yard/switching,7,278,21995,22273,E99C,41.590253,-93.578022,48.2,52.8,49.7
ALS,220955,2022-09-05,7:20 AM,Derailment,0,EAST ST LOUIS,IL,78,1,Dawn,Clear,Yard,Yard/switching,4,33000,9100,42100,M405,38.587058,-90.133528,71.6,72.9,73
NS,152745,2023-04-05,9:25 PM,Derailment,0,MACON,GA,70,4,Dark,Clear,Yard,Freight Train,10,98781,1653,200868,H507,32.828532,-83.625276,68.7,75.1,75.8
CSX,000173373,2017-12-12,11:46 PM,Hwy-rail crossing,0,LAKELAND,FL,50,4,Dark,Clear,Main,Freight Train,41,1580,14741,16321,M399,28.047848,-81.944866,48.8,57.4,52
KCS,20011601,2020-01-16,6:18 AM,Hwy-rail crossing,0,VIVIAN,LA,60,4,Dark,Rain,Main,Freight Train,53,11486,1587,13073,M302,32.93371,-93.99351,68,56.7,53
CSX,000184500,2019-07-31,10:09 AM,Derailment,0,LUCAMA,NC,94,2,Day,Clear,Main,Freight Train,34,17170,346,17516,E53C,35.647363,-78.004572,79.1,81.2,78.9
IANR,CED0610151,2015-06-10,12:40 PM,Derailment,0,CEDAR FALLS,IA,90,2,Day,Clear,Industry,Yard/switching,5,10325,15393,25718,M503,42.313617,-92.267059,77.8,78.7,65.3
NS,122201,2016-09-26,9:35 PM,Derailment,0,PICAYUNE,MS,80,4,Dark,Clear,Industry,Freight Train,6,34266,1522,35788,H303,30.505091,-89.685883,80.8,78.7,78.2
NS,153850,2023-08-08,1:01 AM,Other impacts,0,MACON,GA,78,4,Dark,Clear,Yard,Single Car,10,150,14236,14536,H312,32.81373,-83.622794,80.4,79.3,79.5
CSX,000201811,2021-12-11,5:30 PM,Other impacts,0,WAYCROSS,GA,75,3,Dusk,Clear,Yard,Cut of cars,4,2830,328,43354,S016,31.213509,-82.353557,66.7,71.4,59
CSX,000217645,2024-04-26,10:40 PM,Other (describe in narrative),0,WAYCROSS,GA,65,4,Dark,Clear,Yard,Freight Train,4,2772,0,64620,H702,31.213509,-82.353557,70.9,71.7,72.1
CSX,000163137,2016-09-26,4:00 AM,Derailment,0,EAST SAINT LOUIS,IL,63,4,Dark,Rain,Yard,Freight Train,5,11251,1141,12392,T217,38.642253,-90.098853,78.4,66,65.5
RRVW,12092021,2021-12-09,11:30 AM,Hwy-rail crossing,0,CASSELTON,ND,36,2,Day,Clear,Main,Freight Train,18,400,15000,15400,M302,46.85784,-97.21726,14.5,26.3,21.5
BNSF,TC0217116,2017-02-16,5:03 PM,Rear end collision,0,SIOUX CITY,IA,62,2,Day,Clear,Yard,Yard/switching,1,500,0,12000,H310,42.511972,-96.37318,36.3,43.6,46.1
BRC,14578,2022-11-07,11:20 AM,Other impacts,0,BEDFORD PARK,IL,52,2,Day,Clear,Yard,Yard/switching,2,7190,500,12422,M405,41.76738,-87.74103,53.6,48.9,49.4
SFRV,11282018,2018-11-28,8:26 AM,Hwy-rail crossing,0,MIAMI-DADE,FL,54,2,Day,Clear,Yard,,0,0,97,21936,M304,25.79949,-80.24829,68.8,56.5,60.5
EIRR,220714002,2022-07-14,4:06 AM,Other impacts,0,EDEN,ID,62,4,Dark,Clear,Main,Yard/switching,5,15450,0,30900,H021,42.610871,-114.210414,83.5,80.2,83.2
CSX,000162384,2016-08-17,8:20 PM,Other impacts,0,RICHMOND,VA,86,4,Dark,Clear,Industry,Freight Train,2,20324,0,20324,M504,37.464762,-77.438661,82.7,84.4,80.3
UP,0417KC002,2017-04-06,5:39 PM,Fire/violent rupture,0,GREENSBURG,KS,57,2,Day,Clear,Main,Freight Train,45,174399,0,174399,E73L,37.609392,-99.293143,47.1,47.3,55.2
UP,0215KC005,2015-02-10,6:20 AM,Other impacts,0,KANSAS CITY,KS,30,4,Dark,Cloudy,Yard,Freight Train,9,19510,5958,30541,H307,39.090375,-94.635196,38.1,39.8,34.4
ATK,141820,2016-04-03,3:01 PM,Hwy-rail crossing,0,SOMONAUK,IL,68,2,Day,Clear,Main,Passenger Train - Pulling,70,18512,0,18512,M302,41.634199,-88.684207,35,48.4,36.5
UP,1023GL025,2023-10-23,10:50 PM,Obstruction,0,DE WITT,IA,62,4,Dark,Clear,Main,Freight Train,30,0,28594,28594,M402,41.815345,-90.512491,46.3,58,69.5
NS,146011,2022-07-29,5:30 PM,Other (describe in narrative),0,GAINESVILLE,GA,79,3,Dusk,Clear,Industry,Freight Train,2,232000,8277,240277,H702,34.284635,-83.824378,82.9,81.3,79.2
UP,0723GL007,2023-07-06,11:30 AM,Derailment,0,DES MOINES,IA,70,2,Day,Clear,Yard,Yard/switching,10,15791,68875,84666,E07C,41.585291,-93.54287,73.7,67.8,62.6
FEC,X11021723,2023-02-17,6:58 PM,Hwy-rail crossing,0,LANTANA,FL,76,4,Dark,Clear,Main,,0,0,526,22523,M308,26.571991,-80.053848,76.8,77.6,72.5
UP,0418NP013,2018-04-16,11:00 AM,Obstruction,0,MISSOURI VALLEY,IA,51,2,Day,Clear,Main,Spec. MoW Equip.,0,0,0,16590,H997,41.558519,-96.024674,26.6,33.9,41.9
BLF,20210162,2021-12-11,5:44 PM,Hwy-rail crossing,0,HOLLYWOOD,FL,75,4,Dark,Clear,Main,Passenger Train - Pulling,79,15139,0,15139,M308,26.0104,-80.149051,75.8,76.2,76
UP,0623GL014,2023-06-14,7:45 PM,Obstruction,0,DES MOINES,IA,87,3,Dusk,Clear,Yard,Yard/switching,1,0,48800,48800,M402,41.590358,-93.572249,71.9,75.7,76.4
NS,123103,2016-12-10,9:55 AM,Other (describe in narrative),0,CHATTANOOGA,TN,29,2,Day,Clear,Yard,Light loco(s),2,17830,100,17930,H702,35.060736,-85.266798,31.6,31.8,37.8
SKOL,240614005,2024-06-14,9:45 PM,Derailment,0,CHERRYVALE,KS,74,4,Dark,Clear,Yard,Yard/switching,6,5010,30000,35010,M101,37.327955,-95.531455,80.4,84.3,83.2
NS,115056,2015-03-30,4:30 PM,Hwy-rail crossing,0,WILLIAMSTOWN,KY,60,3,Dusk,Clear,Main,Freight Train,43,482,24154,24636,M303,38.651937,-84.571577,37,49.8,54.4
BNSF,PR1219114,2019-12-26,10:36 AM,Derailment,0,PUEBLO,CO,40,2,Day,Clear,Yard,Yard/switching,4,24403,13500,37903,H505,38.275981,-104.630671,39.9,32.3,30
IC,1075532,2021-07-02,1:00 PM,Derailment,0,HOMEWOOD,IL,71,2,Day,Clear,Yard,Light loco(s),5,87197,0,87197,M405,41.619609,-87.637299,69.3,65.7,71.3
NS,139958,2020-12-09,1:00 AM,Side collision,0,DECATUR,IL,35,4,Dark,Clear,Yard,Freight Train,4,19298,0,103344,H702,39.852179,-88.918354,34.9,43.1,42.6
IC,1079704,2021-08-12,4:59 PM,Hwy-rail crossing,0,PEOTONE,IL,75,2,Day,Clear,Main,,0,0,33000,39594,M308,41.295517,-87.81015,79.2,74.9,72.4
UP,0722HL010,2022-07-07,7:30 PM,Derailment,0,KANSAS CITY,KS,88,3,Dusk,Clear,Yard,Freight Train,4,64020,161675,225695,E64C,39.131832,-94.612181,84.7,82.4,81.1
NS,135064,2019-08-12,5:30 AM,Derailment,0,LOUDON,TN,68,1,Dawn,Clear,Main,Freight Train,6,30000,16981,46981,H506,35.756799,-84.318829,79.4,79.3,80.3
CSX,000199334,2021-07-29,3:52 PM,Other impacts,0,NASHVILLE,TN,95,2,Day,Clear,Yard,Cut of cars,5,13695,150,13845,M411,36.112142,-86.770737,83.8,83.7,85.5
CSX,000139827,2015-01-10,12:11 AM,Other impacts,0,AVON,IN,3,4,Dark,Clear,Yard,Single Car,17,11054,0,11054,M407,39.759342,-86.347116,10.4,10.6,29.4
UP,0722PN021,2022-07-22,2:00 PM,Obstruction,0,MOUNTAIN HOME,ID,93,2,Day,Clear,Industry,Freight Train,2,17254,0,17254,M402,43.12143,-115.686993,82.4,80.5,78.9
BNSF,KS0416101,2016-04-10,10:00 PM,Derailment,0,AMARILLO,TX,55,4,Dark,Rain,Yard,Freight Train,0,107199,0,122313,H020,35.199377,-101.82907,61.5,66,46.6
UP,0423GL012,2023-04-06,5:45 PM,Derailment,0,SIOUX CITY,IA,55,2,Day,Clear,Main,Yard/switching,3,308257,290871,599128,H019,42.518333,-96.381023,31.4,37.3,47.3
UP,1222TO039,2022-12-31,10:40 PM,Derailment,0,TEMPLE,TX,60,4,Dark,Clear,Yard,,0,0,4900,20784,H021,31.074282,-97.343238,53,58.3,62.7
BNSF,NW0623104,2023-06-07,4:20 AM,Derailment,0,RATHDRUM,ID,50,1,Dawn,Clear,Yard,Light loco(s),5,42500,14488,56988,H207,47.787206,-116.936762,69.5,74.5,69.7
BNSF,HL0123107,2023-01-11,12:23 PM,Derailment,0,MEMPHIS,TN,65,2,Day,Cloudy,Yard,Yard/switching,2,6577,8418,14995,H202,35.023177,-89.887101,50.9,64.2,55
FEC,X11022920,2020-02-29,7:18 AM,Hwy-rail crossing,0,VERO BEACH,FL,54,1,Dawn,Clear,Main,Freight Train,43,29332,99,29431,M303,27.64555,-80.399668,53,54.1,56.6
CSX,000162327,2016-08-22,5:45 PM,Derailment,0,TALLAHASSEE,FL,88,2,Day,Clear,Main,Freight Train,27,25091,146,25237,E33C,30.43669,-84.158147,80.7,84.7,85
BNSF,PR0422113,2022-04-28,10:30 AM,Derailment,0,DENVER,CO,59,2,Day,Clear,Yard,Freight Train,4,7177,6000,13177,T220,39.77601,-104.981085,57.3,61.8,53.6
RTDC,134852,2020-04-05,12:18 AM,Hwy-rail crossing,0,AURORA,CO,38,4,Dark,Clear,Main,EMU,10,65400,0,65400,M399,39.759656,-104.810038,42.6,52.8,56.7
IHB,2614,2020-07-06,5:20 AM,Derailment,0,HAMMOND,IN,80,1,Dawn,Clear,Yard,Yard/switching,3,19109,1500,20609,H306,41.607187,-87.484246,79.6,80.9,81.6