reportingrailroadcode,accidentnumber,date,time,accidenttype,hazmatreleasedcars,station,stateabbr,temperature,visibility_code,visibility,weathercondition,tracktype,equipmenttype,trainspeed,equipmentdamagecost,trackdamagecost,totaldamagecost,primaryaccidentcausecode,latitude,longitude,prior_temp,actual_temp,following_temp
UP,0523GL007,2023-05-06,10:00 PM,Other (describe in narrative),0,ALDEN,IA,65,4,Dark,Cloudy,Main,Freight Train,15,2413,16810,19223,E61C,42.419744,-93.375583,61.9,61.7,64.3
NS,135657,2019-09-28,9:05 PM,Other impacts,0,ELKHART,IN,61,4,Dark,Clear,Yard,Yard/switching,2,1226,12266,13492,M411,41.67736,-85.978495,62.5,65.9,62.7
BNSF,PR0722105,2022-07-14,7:34 AM,Derailment,0,DENVER,CO,76,1,Dawn,Clear,Yard,Freight Train,6,20145,3500,23645,H525,39.762188,-104.995325,79.5,79.6,78.2
ATK,135476,2014-12-06,1:25 PM,Hwy-rail crossing,0,LAKELAND,FL,64,2,Day,Cloudy,Main,Passenger Train - Pulling,69,20445,0,20445,M302,28.029715,-82.039391,69.2,70.8,66
UP,0921MA037,2021-09-29,2:50 PM,Derailment,0,VENICE,IL,87,2,Day,Clear,Yard,Freight Train,5,6497,0,22046,H523,38.676411,-90.16485,74.8,72.9,72.4
CSX,000217497,2024-04-18,6:00 PM,Derailment,0,NASHVILLE,TN,65,2,Day,Clear,Yard,Cut of cars,8,107580,25558,133138,S007,36.112136,-86.770713,73.6,74.6,64
ATK,140764,2016-01-14,6:57 PM,Hwy-rail crossing,0,JACKSONVILLE,FL,60,4,Dark,Clear,Main,Passenger Train - Pulling,63,16744,0,16890,M302,30.247657,-81.698087,48,49.7,63.7
NIRC,9419000620,2022-01-13,5:33 PM,Hwy-rail crossing,0,CHICAGO,IL,37,4,Dark,Clear,Main,Commuter Train - Pushing,35,19229,0,19229,M308,41.68935,-87.66218,37.2,37,32.9
CSX,000213865,2023-10-01,8:21 PM,Hwy-rail crossing,0,STAFFORD,VA,67,4,Dark,Clear,Main,,0,0,116,15214,M308,38.438328,-77.338245,66.9,67.3,68.2
CSX,000184214,2019-07-18,1:55 PM,Hwy-rail crossing,0,OXFORD,FL,92,2,Day,Clear,Main,Freight Train,44,400,12672,13072,M303,28.912777,-82.030582,80.8,80.6,81.2
BNSF,TC0321102,2021-03-01,8:55 PM,Other (describe in narrative),0,SIOUX CITY,IA,40,3,Dusk,Clear,Yard,Freight Train,9,0,34000,34000,H607,42.529636,-96.364063,30.2,28.3,40.1
NS,135691,2019-10-02,8:30 AM,Side collision,0,ELKHART,IN,70,2,Day,Rain,Yard,Yard/switching,5,36735,0,122108,H306,41.67736,-85.978495,78,71.5,62.7
WC,1030125,2020-03-18,12:34 PM,Side collision,0,GARY,IN,45,2,Day,Rain,Yard,Yard/switching,0,43200,250,125150,H307,41.629327,-87.391235,38.6,39.6,48.2
BLF,20221109,2022-12-09,6:50 PM,Hwy-rail crossing,0,LAKE WORTH,FL,80,4,Dark,Clear,Main,Passenger Train - Pulling,79,43058,0,43733,M308,26.596151,-80.054709,74.8,73.6,71.4
UP,0521HO005,2021-05-05,10:30 AM,Hwy-rail crossing,0,RICHMOND,TX,71,2,Day,Clear,Main,Freight Train,40,4613,21365,25978,M304,29.583488,-95.762304,80.7,74.2,75.5
BNSF,PR0120110,2020-01-18,6:15 PM,Derailment,0,STERLING,CO,38,3,Dusk,Clear,Main,Freight Train,8,23528,2586,26114,H704,40.660714,-103.178033,32.2,26,26.3
BNSF,HL0320108,2020-03-08,10:06 PM,Side collision,0,KEOKUK,IA,55,4,Dark,Cloudy,Main,Freight Train,0,119646,0,149646,H306,40.386567,-91.404217,46.2,57,51.2
FEC,X20110821,2021-11-08,10:18 AM,Hwy-rail crossing,0,POMPANO BEACH,FL,75,2,Day,Clear,Main,,0,0,190,17344,M308,26.234183,-80.125086,65.5,69,71.2
IANR,WLD0709181,2018-07-09,3:45 PM,Derailment,0,WATERLOO,IA,83,2,Day,Clear,Yard,Freight Train,8,4161,16015,20176,H704,42.46579,-92.315051,72,76.2,76
BNSF,GC1115100,2015-11-01,12:30 AM,Derailment,0,HOUSTON,TX,70,4,Dark,Rain,Yard,Yard/switching,9,22250,0,22250,H307,29.914659,-95.509165,71.6,67,67.5
BNSF,NW1022109,2022-10-19,2:10 AM,Derailment,0,POST FALLS,ID,42,4,Dark,Clear,Yard,Freight Train,5,21543,55000,76543,H703,47.775324,-116.959052,53.2,51.7,50.2
SLRG,SL220424A,2022-04-24,9:08 PM,Other impacts,0,LA VETA,CO,32,4,Dark,Snow,Siding,Single Car,20,14592,0,39772,E08C,37.511354,-105.019478,30.7,28,31.7
CSX,000194577,2020-12-20,4:40 AM,Derailment,0,ROCKY MOUNT,NC,35,4,Dark,Rain,Yard,Yard/switching,2,18635,0,18635,H018,35.918853,-77.804447,35.4,39.9,45
NS,146443,2022-09-11,6:30 AM,Other impacts,0,ATLANTA,GA,72,1,Dawn,Cloudy,Yard,Single Car,0,24286,0,36486,H312,33.793519,-84.444441,70.3,75.1,74.5
UP,0119GC022,2019-01-04,6:50 AM,Derailment,0,HOUSTON,TX,39,1,Dawn,Cloudy,Yard,Yard/switching,4,53785,13338,67123,S007,29.815969,-95.289257,48.3,49.9,58.4
UP,0420RM026,2020-04-15,2:13 PM,Derailment,0,GRAND JUNCTION,CO,55,2,Day,Clear,Yard,Yard/switching,6,34569,2656,37225,H702,39.067998,-108.531873,35.3,45.9,43.6
BNSF,PR0918207,2018-09-27,6:35 PM,Hwy-rail crossing,0,KEENESBURG,CO,71,3,Dusk,Clear,Main,Freight Train,60,442811,290000,732811,M308,40.127855,-104.470734,55.3,60.4,45.1
CRSH,146832,2024-02-24,7:50 PM,Other impacts,0,CAMDEN,NJ,27,3,Dusk,Clear,Yard,Freight Train,5,13000,0,40312,H401,39.953888,-75.087222,44.1,38.9,31.8
UP,0923GL018,2023-09-18,9:00 PM,Derailment,0,COUNCIL BLUFFS,IA,70,4,Dark,Clear,Yard,Yard/switching,9,64013,4532,68545,H607,41.250072,-95.881372,62.3,69.5,74.1
UP,0819TO031,2019-08-25,3:51 PM,Hwy-rail crossing,0,PECOS,TX,106,2,Day,Cloudy,Main,Freight Train,30,20175,1642,21817,M304,31.391226,-103.602104,84.8,90.9,93.5
UP,1019GL030,2019-10-31,9:37 PM,Derailment,0,CALAMUS,IA,23,4,Dark,Snow,Main,Freight Train,50,6651,59160,65811,M201,41.826613,-90.789306,34.4,28.2,32.2
SFRV,011915,2015-01-19,9:00 AM,Hwy-rail crossing,0,DEERFIELD BEACH,FL,70,2,Day,Clear,Main,Commuter Train - Pushing,40,14692,0,15026,M302,26.290476,-80.130835,69.9,66.9,71.8
BRC,14620,2023-03-15,12:20 AM,Derailment,0,BEDFORD PARK,IL,25,4,Dark,Clear,Yard,Yard/switching,5,136205,1000,137205,H702,41.768,-87.78031,28.5,37.9,44.9
UP,0618TC033,2018-06-28,2:45 AM,Derailment,0,CALLENDER,IA,67,4,Dark,Cloudy,Siding,Freight Train,4,31492,2427,33919,H702,42.38419,-94.29092,71.8,75.2,82.6
BLF,20210095,2021-11-17,7:30 PM,Obstruction,0,POMPANO,FL,71,3,Dusk,Clear,Main,Passenger Train - Pulling,74,15208,0,15308,M402,26.2603,-80.117897,72.4,78.1,78.7
NS,151940,2023-01-07,5:00 AM,Other (describe in narrative),0,MOUNTAIN VIEW,GA,39,1,Dawn,Clear,Industry,Freight Train,5,26500,3308,29808,H704,33.645526,-84.390517,47.9,51.3,55.5
CSX,000196877,2021-04-08,10:37 AM,Hwy-rail crossing,0,LITHONIA,GA,70,2,Day,Clear,Main,Freight Train,40,2448,9474,11922,M303,33.702398,-84.088601,66.3,67,67.1
IAIS,2015067,2015-07-20,7:50 AM,Hwy-rail crossing,0,GENESEO,IL,80,1,Dawn,Cloudy,Main,Freight Train,28,25000,0,25000,M302,41.459816,-90.182022,76.6,74.6,71.5
ATK,177386,2023-11-30,6:52 AM,Hwy-rail crossing,0,HOLLAND,OH,40,1,Dawn,Cloudy,Main,Passenger Train - Pulling,77,86330,0,86330,M308,41.617117,-83.713204,29.6,43.7,45.9
NS,115256,2015-04-14,9:15 PM,Derailment,0,WHEELERSBURG,OH,72,4,Dark,Clear,Industry,Freight Train,8,41325,1500,42825,H702,38.697311,-82.864541,66.3,58.2,55.5
NS,145605,2022-06-20,11:45 PM,Side collision,0,ATLANTA,GA,72,4,Dark,Clear,Yard,Freight Train,0,11906,0,39944,H305,33.793519,-84.444441,76.9,77.7,81.9
FGA,D12162022,2022-12-16,2:25 AM,Derailment,0,MARIANNA,FL,44,4,Dark,Clear,Industry,Freight Train,2,250,6350,6600,H306,30.736084,-85.184836,59,48,48.9
NS,143494,2021-11-17,10:30 PM,Derailment,0,MACON,GA,50,4,Dark,Clear,Yard,Yard/switching,0,134951,5365,140316,E30C,32.813729,-83.622793,54.2,57,61.3
CC,970517,2018-08-22,8:20 PM,Side collision,0,SIOUX CITY,IA,65,3,Dusk,Clear,Yard,Cut of cars,3,32000,0,40080,H020,42.495697,-96.391755,64.6,62.5,63.7
UP,0718PD024,2018-07-28,10:32 AM,Derailment,0,STANFIELD,OR,95,2,Day,Clear,Yard,Single Car,2,21597,150,21747,M408,45.796653,-119.261226,85.3,86.7,84.7
SLRG,SL210318A,2021-03-18,1:10 AM,Derailment,0,LA VETA,CO,24,4,Dark,Clear,Main,Freight Train,5,23256,10733,33989,T222,37.512402,-105.115271,25.4,29,36.9
CSX,000175345,2018-03-21,9:16 PM,Side collision,0,RICHMOND,VA,34,4,Dark,Cloudy,Yard,Yard/switching,3,0,0,34691,H301,37.594322,-77.484607,39.5,33.4,41.2
CSX,000207908,2022-10-18,1:20 PM,Side collision,0,WAYCROSS,GA,78,2,Day,Clear,Yard,Yard/switching,8,11438,0,13581,H307,31.213509,-82.353557,72.9,61.4,49.7
FEC,D83A111721,2021-11-17,7:30 PM,Obstruction,0,POMPANO BEACH,FL,71,3,Dusk,Clear,Main,,0,0,100,15308,M402,26.2603,-80.117897,72.4,78.1,78.7
BLF,20220540,2022-06-07,2:24 PM,Hwy-rail crossing,0,OAKLAND PARK,FL,80,2,Day,Rain,Main,Passenger Train - Pulling,77,28000,0,28208,M308,26.20364,-80.13234,82.3,78.9,79.6
BLF,20200110,2020-03-17,11:09 AM,Hwy-rail crossing,0,POMPANO BEACH,FL,78,2,Day,Clear,Main,Passenger Train - Pulling,50,23856,0,24355,M308,26.236923,-80.124311,76.7,77.6,76.9
UP,0521GP002,2021-05-05,3:30 AM,Other impacts,0,LA SALLE,CO,42,4,Dark,Clear,Yard,Single Car,0,591,0,22441,H318,40.35071,-104.700653,47.5,50.1,54.5
UP,0122RM044,2022-01-30,10:30 PM,Derailment,0,POCATELLO,ID,6,4,Dark,Clear,Industry,Freight Train,4,11210,396,11606,M101,42.905338,-112.553212,15.2,14.3,13.5
UP,0423RM012,2023-04-08,11:34 PM,Derailment,0,AMERICAN FALLS,ID,43,4,Dark,Cloudy,Main,Freight Train,40,623338,215739,839077,E33C,42.798372,-112.845824,35.2,43.1,46.4
FEC,X27123021,2021-12-30,12:48 AM,Hwy-rail crossing,0,LANTANA,FL,70,4,Dark,Clear,Main,,0,0,449,30192,M308,26.584413,-80.052245,73.3,73.6,74.7
UP,0520SX008,2020-05-10,2:38 AM,Other impacts,0,SAN ANTONIO,TX,63,4,Dark,Clear,Yard,Single Car,0,108,0,29632,H312,29.373816,-98.559242,69.2,69.9,73.9
BNSF,PR0820105,2020-08-08,10:20 AM,Derailment,0,PUEBLO,CO,85,2,Day,Clear,Yard,Yard/switching,3,14865,2900,17765,H505,38.274868,-104.629545,81.8,80.4,81.5
IHB,2303,2017-04-05,2:15 AM,Other impacts,0,EAST CHICAGO,IN,45,4,Dark,Cloudy,Yard,Cut of cars,5,28561,0,28561,H318,41.64065,-87.45893,47.8,42.5,41.6
SVHO,230109001,2023-01-09,6:30 AM,Other impacts,0,SAVANNAH,GA,54,4,Dark,Clear,Yard,Single Car,0,28831,0,33017,H302,32.076849,-81.070869,53.5,55.5,50.6
NS,139958,2020-12-09,1:00 AM,Side collision,0,DECATUR,IL,35,4,Dark,Clear,Yard,Yard/switching,6,84046,0,103344,H702,39.852179,-88.918354,34.9,43.1,42.6
NS,144399,2022-02-16,6:00 PM,Derailment,0,DECATUR,IL,38,3,Dusk,Clear,Industry,Yard/switching,3,18351,0,18351,M101,39.862857,-88.928398,33.6,50.6,32.2
UP,0420GP010,2020-04-08,7:18 PM,Derailment,0,DENVER,CO,69,3,Dusk,Clear,Yard,Yard/switching,9,28367,62467,90834,H019,39.797369,-104.998276,57.8,54.3,45.4
UP,1022HO022,2022-10-24,8:00 AM,Derailment,0,HOUSTON,TX,75,2,Day,Rain,Yard,Yard/switching,2,14247,198,14445,E39C,29.796938,-95.291682,76.2,76.8,65.6
UP,0519GP015,2019-05-17,10:30 AM,Hwy-rail crossing,0,AULT,CO,58,2,Day,Clear,Main,Freight Train,33,92410,98668,191078,M304,40.589086,-104.733512,67.7,56.3,50.4
UP,1019HL039,2019-10-30,4:10 PM,Derailment,0,WALSENBURG,CO,18,2,Day,Snow,Industry,,0,0,744,1488,H017,38.185176,-104.613996,19.1,8.5,21
UP,0124GL002,2024-01-03,10:00 AM,Obstruction,0,RANDALL,IA,28,2,Day,Cloudy,Main,Freight Train,17,0,0,70000,H404,42.239988,-93.603909,31.2,29.3,28
UP,0823GL020,2023-08-10,3:16 PM,Derailment,0,COUNCIL BLUFFS,IA,82,2,Day,Clear,Yard,Yard/switching,3,5097,1524,6621,M405,41.246533,-95.874074,72.8,74.9,78
ALS,20220304,2022-03-04,8:15 PM,Derailment,0,EAST ST LOUIS,IL,54,4,Dark,Clear,Yard,Yard/switching,4,4000,62300,66300,S099,38.589002,-90.137388,45.6,46.6,61.8
BRC,13691,2016-02-29,4:00 AM,Derailment,0,BEDFORD PARK,IL,32,4,Dark,Cloudy,Yard,Cut of cars,17,21885,1725,23610,M411,41.774226,-87.781245,51.6,39.4,27.2
CSX,000159338,2016-04-27,7:15 PM,Other impacts,0,JACKSONVILLE,FL,80,3,Dusk,Clear,Yard,Yard/switching,5,34421,50,44471,H302,30.359362,-81.716896,73.1,76.7,78.3
UP,1121GP033,2021-11-17,8:26 PM,Hwy-rail crossing,0,LA SALLE,CO,29,4,Dark,Clear,Siding,Freight Train,7,119673,11478,131151,M399,40.351924,-104.699673,53.5,29.6,26.2
DRIR,070421,2021-07-04,2:00 PM,Other (describe in narrative),0,COMMERCE CITY,CO,90,2,Day,Clear,Industry,Cut of cars,0,200000,0,200000,M406,39.794649,-104.934559,74.3,73.3,72.1
NS,129529,2018-05-14,6:15 AM,Side collision,0,WEST MIFFLIN,PA,55,1,Dawn,Clear,Main,Cut of cars,0,39000,0,39000,H302,40.401335,-79.877944,63.6,66.8,71.1
UP,0724GL005,2024-07-06,5:24 AM,Other impacts,0,DES MOINES,IA,61,1,Dawn,Clear,Yard,Yard/switching,5,12864,0,20721,H318,41.589444,-93.570348,69.8,73.4,73.4
UP,0722PN005,2022-07-09,2:20 AM,Derailment,0,NAMPA,ID,72,4,Dark,Clear,Yard,Yard/switching,0,45075,0,298262,H704,43.583422,-116.56395,79.4,79.7,77.1
NS,130634,2018-08-19,1:20 AM,Derailment,0,NORFOLK,VA,72,4,Dark,Rain,Yard,Work train,6,39222,22043,61265,H703,36.873777,-76.301703,82.1,79.5,79
BNSF,RD0820210,2020-08-31,5:05 PM,Hwy-rail crossing,0,MULESHOE,TX,94,3,Dusk,Clear,Main,Freight Train,42,3513,54290,57803,M308,34.212522,-102.70151,75.8,70.2,75.1
UP,0323SX020,2023-03-23,9:48 AM,Hwy-rail crossing,0,LULING,TX,71,2,Day,Clear,Main,Freight Train,35,9307,25250,34557,M302,29.679732,-97.639534,72.8,75.9,75.1
UP,0822HL026,2022-08-26,9:40 PM,Derailment,0,TOPEKA,KS,82,4,Dark,Clear,Yard,Freight Train,5,11716,26180,37896,H303,39.069157,-95.675774,80,81.6,82.1
CIC,D202299,2022-09-19,2:20 PM,Other impacts,0,CEDAR RAPIDS,IA,82,2,Day,Clear,Yard,Spec. MoW Equip.,3,26423,0,52846,H607,41.93418,-91.702346,73.3,71.2,80.8
KO,240824002,2024-08-24,1:35 AM,Derailment,0,HUTCHINSON,KS,74,4,Dark,Clear,Main,Freight Train,8,44595,65000,109595,E64C,38.047134,-97.922328,74.7,86.3,85.9
BNSF,PR0520103,2020-05-09,10:41 PM,Derailment,0,PUEBLO,CO,55,4,Dark,Clear,Yard,Light loco(s),8,12000,7200,19200,H307,38.268299,-104.620757,51.5,55.5,54.5
BNSF,PR0121108,2021-01-20,12:05 PM,Derailment,0,STERLING,CO,52,2,Day,Clear,Yard,Yard/switching,4,7645,6000,13645,H506,40.632142,-103.19903,27.1,32.1,34
GWR,GWR212963,2021-06-24,7:00 AM,Derailment,0,WINDSOR,CO,70,2,Day,Clear,Industry,Yard/switching,5,74000,113000,187000,H702,40.463741,-104.860916,78.6,75.1,65.3
UP,0522HL002,2022-05-02,5:46 PM,Other impacts,0,KANSAS CITY,KS,52,2,Day,Cloudy,Yard,Light loco(s),4,4797,110448,143199,H307,39.096732,-94.667362,59.1,53.5,50.7
NICD,FRA16013,2016-10-26,5:22 PM,Other (describe in narrative),0,GARY,IN,60,2,Day,Rain,Main,Commuter Train - Pulling,60,14295,1200,15495,M599,41.603398,-87.329806,45.2,47.2,47.8
CSX,000215371,2023-12-27,12:00 PM,Obstruction,0,CASTLEWOOD,VA,45,2,Day,Clear,Main,Freight Train,18,12850,0,12850,M404,36.887706,-82.338048,52.7,47,37.5
FEC,X01010823,2023-01-08,6:39 PM,Hwy-rail crossing,0,POMPANO BEACH,FL,76,4,Dark,Clear,Main,,0,0,583,12947,M303,26.234183,-80.125086,68.8,73,70.6
NS,157022,2024-06-10,6:30 PM,Other impacts,0,MACON,GA,87,3,Dusk,Clear,Yard,Cut of cars,0,8452,0,22452,M411,32.81373,-83.622794,80.5,81.9,76.2
CSX,000201811,2021-12-11,5:30 PM,Other impacts,0,WAYCROSS,GA,75,3,Dusk,Clear,Yard,Yard/switching,4,39868,328,43354,S016,31.213509,-82.353557,66.7,71.4,59
BNSF,KS1215102,2015-12-13,6:00 PM,Other impacts,0,HEREFORD,TX,32,3,Dusk,Snow,Yard,Yard/switching,5,16779,0,16779,H318,34.826441,-102.373576,45.3,34.5,42.8
UP,0523GL027,2023-05-27,5:01 PM,Derailment,0,COUNCIL BLUFFS,IA,79,2,Day,Cloudy,Yard,Freight Train,4,168151,2225,170376,H503,41.239976,-95.867761,69.7,67.9,70.9
ATK,180814,2024-06-20,6:11 AM,Obstruction,0,NAHUNTA,GA,77,1,Dawn,Clear,Main,Passenger Train - Pulling,74,29800,0,29800,M404,31.141371,-81.998703,80,80.7,79.4
CSX,000175345,2018-03-21,9:16 PM,Side collision,0,RICHMOND,VA,34,4,Dark,Cloudy,Yard,Yard/switching,3,34691,0,34691,H301,37.594322,-77.484607,39.5,33.4,41.2
BNSF,KS0519202,2019-05-09,12:55 PM,Hwy-rail crossing,0,HEREFORD,TX,54,2,Day,Cloudy,Main,Freight Train,63,7000,16000,23000,M308,34.828009,-102.370321,61.8,47.2,44
BRC,14565,2022-09-23,3:00 PM,Other impacts,0,BEDFORD PARK,IL,88,2,Day,Cloudy,Yard,Cut of cars,18,19510,0,19510,M407,41.76789,-87.76652,61.1,59.2,63.4
FEC,D53081621,2021-08-16,11:00 PM,Raking collision,0,MIAMI-DADE,FL,79,4,Dark,Cloudy,Yard,Cut of cars,0,935000,0,1010743,H702,25.817113,-80.309002,80.9,84.3,85.4
BRC,14578,2022-11-07,11:20 AM,Other impacts,0,BEDFORD PARK,IL,52,2,Day,Clear,Yard,Cut of cars,0,4232,500,12422,M405,41.76738,-87.74103,53.6,48.9,49.4
CSX,000202902,2022-02-05,1:20 PM,Derailment,0,JACKSONVILLE,FL,70,2,Day,Cloudy,Yard,Yard/switching,5,6500,18864,25364,H702,30.383475,-81.768295,70.7,53.1,49.7
UP,0721PR004,2021-07-13,11:09 PM,Derailment,0,DOLTON,IL,72,4,Dark,Cloudy,Yard,Freight Train,7,45595,21560,67155,H514,41.631924,-87.612243,69.8,72.8,75.6
CC,1086466,2021-10-25,4:17 PM,Hwy-rail crossing,0,OSAGE,IA,50,2,Day,Cloudy,Main,Freight Train,24,29000,0,29000,M302,43.285028,-92.81967,41.7,43,45.4
UP,0124GL053,2024-01-31,8:50 PM,Derailment,0,SIOUX CITY,IA,35,4,Dark,Clear,Yard,Freight Train,4,16535,74970,91505,H306,42.519075,-96.380324,32.1,34,35.1
WC,1037077,2020-05-31,10:53 PM,Derailment,0,GARY,IN,60,4,Dark,Clear,Yard,Yard/switching,4,15000,1735,16735,H702,41.619803,-87.372928,61,57.9,62.9
UP,0617UT001,2017-06-01,10:00 PM,Other impacts,0,PROVO,UT,50,4,Dark,Clear,Yard,Cut of cars,0,2500,0,18382,H306,40.220094,-111.646006,73.2,71.5,67.6
UP,0123GL056,2023-01-12,12:00 PM,Other (describe in narrative),0,LOWDEN,IA,30,2,Day,Clear,Yard,Single Car,0,23544,0,23544,E22C,41.851562,-90.915922,39,33.5,29.3
BNSF,TC0521201,2021-05-21,11:55 AM,Hwy-rail crossing,0,ALVORD,IA,80,2,Day,Cloudy,Main,Freight Train,46,2000,87000,89000,M302,43.345927,-96.303701,66.6,71,74.5
BNSF,GC0716110,2016-07-20,6:45 AM,Derailment,0,DAYTON,TX,96,1,Dawn,Clear,Main,Yard/switching,12,85264,0,214316,H503,29.983803,-94.909916,81.7,84,86.1
IC,1087042,2021-10-31,10:20 AM,Derailment,0,JOHNSTON CITY,IL,55,2,Day,Clear,Industry,Freight Train,8,60012,17000,77012,M202,37.858178,-88.732391,52.2,49,43.8
UP,0723GL024,2023-07-17,7:27 AM,Other impacts,0,BOONE,IA,61,2,Day,Clear,Yard,Cut of cars,0,0,0,62943,H318,42.06245,-93.862325,70,67.4,66.7
UP,1019GL003,2019-10-04,5:27 PM,Derailment,0,COLO,IA,58,2,Day,Clear,Main,Freight Train,40,3785,353768,357553,E61C,42.019072,-93.324821,51,49.7,55
NS,139947,2020-12-08,5:00 AM,Derailment,0,GREENVILLE,SC,30,1,Dawn,Clear,Yard,Freight Train,1,150078,11281,161359,H503,34.854213,-82.416151,46.3,39.6,43.6
IC,1085177,2021-10-10,4:18 PM,Derailment,0,JACKSON,MS,72,2,Day,Clear,Yard,Freight Train,6,32740,68033,100773,E64C,32.332294,-90.189486,74.1,75.5,76.6
ATK,168793,2021-10-27,11:27 AM,Hwy-rail crossing,0,ALBIA,IA,56,2,Day,Cloudy,Main,Passenger Train - Pulling,62,50000,0,50000,M302,41.034897,-92.856422,47.5,52.9,47.2
UP,0722HL028,2022-07-21,1:53 PM,Derailment,0,KANSAS CITY,KS,92,2,Day,Clear,Yard,Freight Train,8,160587,64750,225337,M299,39.12432,-94.60685,83.1,83.7,88.3
CSX,000195441,2021-02-03,2:54 AM,Derailment,0,CINCINNATI,OH,24,4,Dark,Clear,Yard,Yard/switching,10,18030,5795,23825,M411,37.850351,-84.256836,28.2,29.1,30.6
SFRV,08192020,2020-08-19,1:28 PM,Fire/violent rupture,0,DEERFIELD BEACH,FL,85,2,Day,Clear,Main,Commuter Train - Pulling,0,500000,0,500000,E74L,26.190225,-80.072497,84.9,82.1,83.3
NICD,N2300003,2023-04-14,7:00 AM,Hwy-rail crossing,0,GARY,IN,60,2,Day,Clear,Main,Commuter Train - Pulling,40,190875,0,190875,M308,41.60573,-87.399882,67.8,66.4,69.6
BNSF,RD0123201,2023-01-04,6:19 AM,Hwy-rail crossing,0,BEAUMONT,TX,48,1,Dawn,Clear,Main,Freight Train,10,1200,24000,25200,M302,30.17619,-94.177527,71.7,61.1,57.3
CSX,000210737,2023-04-10,11:30 AM,Derailment,0,HAMMOND,IN,69,2,Day,Clear,Yard,Freight Train,9,3700,0,16335,H513,41.61292,-87.499099,52.3,56.5,63
UP,0423GL009,2023-04-05,3:27 PM,Other (describe in narrative),0,SHEFFIELD,IA,36,2,Day,Clear,Main,Freight Train,11,9456,4400,13856,E20C,42.860259,-93.23165,43.4,34.9,35.4
ATK,169524,2022-01-19,10:13 AM,Hwy-rail crossing,0,ALBIA,IA,7,2,Day,Clear,Main,Passenger Train - Pulling,70,14386,0,14386,M302,41.061985,-92.7259,33.3,12.2,-0.9
NS,157829,2024-08-25,4:45 PM,Other impacts,0,ATLANTA,GA,90,3,Dusk,Clear,Yard,Single Car,0,750,0,17250,M599,33.79352,-84.444441,74.4,76.2,77.2
NS,118765,2016-01-02,6:45 PM,Derailment,0,LOUISVILLE,KY,50,3,Dusk,Clear,Yard,Yard/switching,4,45744,500,46244,H312,38.263508,-85.801427,34.4,36.1,36.5
BNSF,TC1222101,2022-12-01,2:30 AM,Derailment,0,SIOUX CITY,IA,18,4,Dark,Cloudy,Yard,Freight Train,9,193837,100000,293837,E46C,42.511501,-96.373718,16.2,29.2,30.8
ATK,162870,2020-01-24,11:10 AM,Obstruction,0,NEWINGTON,CT,44,2,Day,Clear,Main,Maint./inspect Car,0,65000,32514,159766,H402,41.67762,-72.750006,28.2,34.9,40.2
CSX,000200382,2021-09-28,7:15 PM,Derailment,0,NICHOLLS,GA,80,3,Dusk,Clear,Main,Freight Train,47,18765,164,18929,E33C,31.50915,-82.73882,70.3,72.6,74
BLF,20210193,2021-12-30,12:48 AM,Hwy-rail crossing,0,LANTANA,FL,70,4,Dark,Clear,Main,Passenger Train - Pulling,78,29743,0,30192,M308,26.584413,-80.052245,73.3,73.6,74.7
BNSF,TC0223120,2023-02-27,8:09 PM,Derailment,0,SIOUX CITY,IA,28,3,Dusk,Clear,Yard,Yard/switching,3,22798,1125,23923,E40C,42.491212,-96.390872,35.7,37.6,31.9
CSX,000160864,2016-06-27,10:25 AM,Hwy-rail crossing,0,DADE CITY,FL,85,2,Day,Clear,Main,Freight Train,40,26135,146,26281,M308,28.371851,-82.182176,73.3,74.3,77.2
RTDC,128437,2020-01-26,5:45 AM,Other (describe in narrative),0,AURORA,CO,32,1,Dawn,Cloudy,Main,EMU,10,0,19108,19108,H605,39.767531,-104.787623,39.6,39.3,34.1
CFRC,22053,2022-02-22,11:35 AM,Derailment,0,KISSIMMEE,FL,82,2,Day,Clear,Yard,Commuter Train - Pulling,4,11200,2500,13700,H303,28.258655,-81.481278,68.6,71,72.7
IC,1091496,2022-01-02,12:40 AM,Derailment,0,DECATUR,IL,24,4,Dark,Snow,Industry,Freight Train,10,100000,4000,104000,T220,39.854748,-88.945388,35.8,21.7,18.5
LIRC,1117201601,2016-11-17,5:33 PM,Derailment,0,JEFFERSONVILLE,IN,68,3,Dusk,Clear,Yard,Freight Train,7,55000,9000,64000,M501,38.291618,-85.75295,52.5,58.1,65.9
BNSF,CH1122117,2022-11-27,8:10 AM,Derailment,0,BARSTOW,IL,40,1,Dawn,Rain,Yard,Freight Train,3,25303,125000,150303,H503,41.519732,-90.359584,43.2,40.8,37
CSX,000158557,2016-03-29,8:36 AM,Hwy-rail crossing,0,HILLVIEW,KY,48,2,Day,Clear,Main,Freight Train,47,1460,10000,11460,M303,38.039466,-85.709593,51.6,50.4,60.1
NS,130005,2018-06-28,10:20 AM,Other impacts,0,ELKHART,IN,84,2,Day,Clear,Yard,Yard/switching,2,15102,0,15102,S016,41.67736,-85.978495,70.2,72.9,78.7