reportingrailroadcode,accidentnumber,date,time,accidenttype,hazmatreleasedcars,station,stateabbr,temperature,visibility_code,visibility,weathercondition,tracktype,equipmenttype,trainspeed,equipmentdamagecost,trackdamagecost,totaldamagecost,primaryaccidentcausecode,latitude,longitude,prior_temp,actual_temp,following_temp
BNSF,SW0323112,2023-03-29,6:30 AM,Derailment,0,CLOVIS,NM,40,1,Dawn,Clear,Yard,Yard/switching,5,22061,33960,56021,H307,34.398023,-103.219917,38.1,51.7,58
CSX,000207320,2022-09-18,6:35 AM,Hwy-rail crossing,0,LAKELAND,FL,80,1,Dawn,Fog,Main,Freight Train,3,9530,15909,25439,M302,28.03319,-82.019171,81.3,82.2,85.6
UP,0823GL015,2023-08-08,9:30 PM,Derailment,0,COUNCIL BLUFFS,IA,77,4,Dark,Clear,Main,Freight Train,3,6109,7334,13443,H508,41.286824,-95.860132,71.5,73.8,72.8
UP,0522HL008,2022-05-08,4:42 AM,Derailment,0,KANSAS CITY,KS,63,1,Dawn,Cloudy,Yard,Yard/switching,3,13140,3200,16340,H506,39.100332,-94.676118,63.1,68.6,80.4
NS,157000,2024-06-08,5:35 PM,Other impacts,1,ATLANTA,GA,85,3,Dusk,Clear,Yard,Yard/switching,0,40782,2599,171368,H318,33.79352,-84.444441,78.2,74.6,79.8
CSX,000156056,2016-01-14,6:57 PM,Hwy-rail crossing,0,JACKSONVILLE,FL,53,3,Dusk,Clear,Main,,0,0,146,16890,M302,30.247656,-81.698087,48,49.7,63.7
NS,145605,2022-06-20,11:45 PM,Side collision,0,ATLANTA,GA,72,4,Dark,Clear,Yard,Work train,4,27038,1000,39944,H305,33.793519,-84.444441,76.9,77.7,81.9
EIRR,220823001,2022-08-23,2:20 PM,Hwy-rail crossing,0,SUGAR CITY,ID,88,2,Day,Clear,Main,Freight Train,41,7000,142909,149909,M302,43.883697,-111.744456,71.8,72.5,72.7
BNSF,PR0623104,2023-06-09,3:19 AM,Derailment,0,PUEBLO,CO,40,4,Dark,Clear,Yard,Yard/switching,10,13202,5200,18402,H504,38.27204,-104.626232,71.4,67.9,65.6
CSX,000159338,2016-04-27,7:15 PM,Other impacts,0,JACKSONVILLE,FL,80,3,Dusk,Clear,Yard,Single Car,0,10000,0,44471,H302,30.359362,-81.716896,73.1,76.7,78.3
BNSF,PR0623108,2023-06-15,10:50 PM,Derailment,0,COMMERCE CITY,CO,58,4,Dark,Rain,Yard,Freight Train,6,236918,0,237083,H307,39.800009,-104.949022,61.6,62.4,54.2
EIRR,221003002,2022-10-03,7:20 AM,Derailment,0,PAUL,ID,50,1,Dawn,Clear,Main,Freight Train,20,16000,13862,29862,T213,42.608881,-113.725088,55.3,54.2,55.6
CSX,000174398,2018-01-30,11:32 PM,Derailment,0,LAKELAND,FL,42,4,Dark,Clear,Industry,Freight Train,8,30431,210,30641,H307,28.034972,-81.936568,67.8,55.4,56.3
RJCP,RJCP0001,2016-10-29,4:30 PM,Derailment,0,INDIANA,PA,55,3,Dusk,Clear,Main,Freight Train,10,4800,35000,39800,T221,40.726169,-78.925161,44,58.3,60.2
FEC,D79110921,2021-11-09,6:05 PM,Obstruction,0,MIAMI-DADE,FL,73,3,Dusk,Clear,Main,,0,0,100,18541,M402,25.926139,-80.154249,68.8,70.3,74.1
ATK,160159,2019-07-19,2:43 PM,Fire/violent rupture,0,CLIFTON FORGE,VA,85,2,Day,Clear,Main,Passenger Train - Pulling,0,12615,0,12615,M406,37.813453,-79.818864,72.1,75.1,77.4
NS,128562,2018-02-17,3:05 AM,Derailment,0,KNOXVILLE,TN,55,4,Dark,Cloudy,Main,Freight Train,17,800,46197,46997,E64C,35.960245,-83.940703,59.1,45.9,49.1
BNSF,CH0122114,2022-01-28,8:07 PM,Derailment,0,WILLOW SPRINGS,IL,16,3,Dusk,Snow,Yard,Freight Train,7,8600,3000,11600,M409,41.739548,-87.878611,26.4,21.2,16.9
FEC,D39072919,2019-07-29,7:30 PM,Derailment,0,MIAMI-DADE,FL,78,3,Dusk,Cloudy,Yard,Yard/switching,10,3819,8425,12244,S011,25.836423,-80.308974,82.6,84.1,83
BNSF,PR0322103,2022-03-06,3:00 AM,Derailment,0,DENVER,CO,8,4,Dark,Cloudy,Yard,Light loco(s),3,37300,4393,41693,H307,39.762841,-104.993991,29.1,18.8,18.2
UP,0823GL029,2023-08-12,3:30 PM,Derailment,0,COUNCIL BLUFFS,IA,84,2,Day,Clear,Yard,Freight Train,4,9122,2770,11892,E49C,41.275945,-95.86064,78,76.3,71
CSX,000155481,2015-12-23,6:00 PM,Other impacts,0,RICHMOND,KY,67,4,Dark,Rain,Industry,Yard/switching,7,22000,1775,23775,M105,37.850352,-84.256836,58.3,62.6,60.3
UP,0215KC005,2015-02-10,6:20 AM,Other impacts,0,KANSAS CITY,KS,30,4,Dark,Cloudy,Yard,Cut of cars,0,5073,0,30541,H307,39.090375,-94.635196,38.1,39.8,34.4
NS,134078,2019-05-26,7:15 AM,Other (describe in narrative),0,PINE HALL,NC,84,1,Dawn,Clear,Industry,Freight Train,3,17880,7500,25380,H702,36.276276,-80.076997,80.9,81.7,79.8
NS,145993,2022-07-26,3:30 AM,Side collision,0,ATLANTA,GA,77,4,Dark,Clear,Yard,Light loco(s),1,2,20250,24122,H399,33.793519,-84.444441,82,82.4,83.4
BNSF,SW0215102,2015-02-07,1:35 PM,Derailment,0,GALLUP,NM,60,2,Day,Clear,Industry,Freight Train,7,1364162,5000,1369162,M101,35.513948,-108.874585,40.6,42.3,43.6
UP,0723GL043,2023-07-30,8:17 AM,Other impacts,0,CLINTON,IA,67,2,Day,Clear,Yard,Yard/switching,3,4622,18903,535586,H306,41.817544,-90.218288,74.1,72.1,73.3
UP,0622RM017,2022-06-10,6:23 AM,Derailment,0,POCATELLO,ID,59,1,Dawn,Cloudy,Main,Freight Train,0,2031,0,1430122,M204,42.827427,-112.409665,64.5,68.4,67.8
FEC,D157121514,2014-12-15,10:50 AM,Derailment,0,FT PIERCE,FL,68,2,Day,Clear,Yard,Yard/switching,9,40000,8294,48294,T212,27.440645,-80.322574,55.1,54.7,58.8
BNSF,PR0122107,2022-01-29,8:45 AM,Derailment,0,BRUSH,CO,19,1,Dawn,Clear,Siding,Freight Train,4,18205,500,18705,H312,40.253029,-103.645155,23.7,31.8,31.7
UP,0419GL035,2019-04-22,2:40 AM,Side collision,0,BOONE,IA,68,4,Dark,Clear,Yard,Yard/switching,6,2634,66,20262,M105,42.062025,-93.862637,67.4,59.2,53
NS,113353,2014-12-09,4:00 AM,Derailment,0,DECATUR,IL,32,1,Dawn,Clear,Yard,Yard/switching,8,8195,27118,35313,H306,39.853225,-88.914291,37.6,34.4,33.5
BNSF,KS0724111,2024-07-30,12:15 PM,Derailment,0,PEABODY,KS,100,2,Day,Clear,Main,Freight Train,30,41557,142000,183557,M402,38.161647,-97.110449,87.3,86.9,88.3
DGNO,DGN136623,2023-04-16,10:30 PM,Derailment,0,HOWE,TX,43,4,Dark,Clear,Yard,Freight Train,10,83000,10000,93000,T220,33.536154,-96.604831,70.4,57,61.5
NS,151641,2022-12-06,10:30 PM,Other impacts,0,MACON,GA,60,4,Dark,Cloudy,Yard,Single Car,0,499,0,19509,H306,32.81373,-83.622794,56.6,64.5,68.5
NS,136957,2018-07-27,11:56 PM,Obstruction,0,BLAIRS,VA,73,4,Dark,Cloudy,Main,,0,0,0,27718,M404,36.698681,-79.389351,75.4,78.1,78.2
CSX,000200679,2021-10-14,12:07 AM,Derailment,0,WAYCROSS,GA,65,4,Dark,Fog,Yard,Cut of cars,1,7200,1482,19262,H399,31.213524,-82.353588,70.8,71.8,73.2
NS,143513,2021-11-19,2:40 PM,Other impacts,0,DECATUR,IL,40,2,Day,Clear,Yard,Single Car,0,1329,0,11356,H312,39.852182,-88.918343,37.8,32,43.5
BLF,20200095,2020-03-06,8:58 PM,Obstruction,0,MIAMI SHORES,FL,75,4,Dark,Clear,Main,Passenger Train - Pulling,49,19567,0,19757,M599,25.185104,-80.185104,81.2,77.2,67.3
BNSF,KS0820113,2020-08-28,11:31 PM,Derailment,0,SPRINGFIELD,CO,62,4,Dark,Rain,Main,Freight Train,0,452720,0,452720,M105,37.456119,-102.729491,81.7,79.9,66.3
NS,113911,2015-01-02,11:20 AM,Hwy-rail crossing,0,MARION,IN,20,2,Day,Clear,Yard,Cut of cars,4,0,15000,15000,M302,40.560385,-85.712413,23.5,27.9,36
CSX,000201299,2021-11-13,7:31 AM,Derailment,0,ATLANTA,GA,50,2,Day,Clear,Main,Freight Train,4,43595,1241,44836,H511,33.783627,-84.415482,56.1,48.1,46.2
UP,1023ES024,2023-10-14,9:30 AM,Obstruction,0,CAMBRIDGE,IA,49,2,Day,Cloudy,Siding,Spec. MoW Equip.,0,5000,0,48000,H402,41.880584,-93.522358,59.1,51.6,49
CSX,000165443,2016-12-23,8:30 PM,Other impacts,0,AVON,IN,36,4,Dark,Rain,Yard,Single Car,10,100,0,59175,S014,39.759023,-86.364335,35,33.5,40.1
UP,0918DV017,2018-09-19,12:01 AM,Other impacts,0,LA SALLE,CO,60,4,Dark,Clear,Yard,Freight Train,5,11199,33,16339,H307,40.351177,-104.695648,71.7,67.3,66.7
UP,0724HL023,2024-07-25,7:12 PM,Derailment,0,KANSAS CITY,KS,86,3,Dusk,Clear,Yard,Yard/switching,9,8196,69634,77830,E04C,39.098342,-94.671731,82,83.3,84.1
CSX,000156889,2016-02-06,1:10 AM,Derailment,0,RIVERDALE,IL,25,4,Dark,Clear,Yard,Yard/switching,5,47057,2500,49557,H702,41.650201,-87.645272,29.4,31.7,38.8
UP,0822HL030,2022-08-29,2:30 PM,Derailment,0,TOPEKA,KS,90,2,Day,Cloudy,Yard,Yard/switching,4,44458,23294,67752,E39C,39.066215,-95.668497,79.9,81.7,78.5
NS,146440,2022-09-10,4:05 AM,Derailment,0,LINDALE,GA,69,1,Dawn,Cloudy,Main,Freight Train,0,118110,0,284928,E85C,34.190311,-85.174414,75,72.3,76.4
UP,0620ES032,2020-06-09,10:30 AM,Derailment,0,CEDAR RAPIDS,IA,75,2,Day,Clear,Yard,Maint./inspect Car,5,11042,0,11042,E69C,41.974629,-91.681989,78.8,70.2,65.7
BNSF,PR0818110,2018-08-31,6:30 AM,Derailment,0,PUEBLO,CO,71,1,Dawn,Cloudy,Yard,Freight Train,0,20000,0,331952,H704,38.272067,-104.624736,77.8,78.7,75.5
BNSF,PR0722101,2022-07-04,4:08 AM,Derailment,0,DENVER,CO,70,1,Dawn,Clear,Yard,Yard/switching,4,16000,1800,17800,H703,39.775636,-104.981031,75,78.2,73.4
UP,1022TO027,2022-10-27,12:46 PM,Hwy-rail crossing,0,GRANDVIEW,TX,68,2,Day,Clear,Main,Freight Train,34,16553,5840,22393,M302,32.307282,-97.193061,58.3,62.5,57.3
FEC,D75110815,2015-11-08,8:40 AM,Derailment,0,MIAMI SPRINGS,FL,81,2,Day,Clear,Yard,Yard/switching,10,4329,10258,14587,H503,25.825951,-80.308563,81.2,81.7,81.4
UP,0124GL001,2024-01-02,9:15 PM,Derailment,0,CEDAR RAPIDS,IA,34,4,Dark,Cloudy,Yard,Yard/switching,3,13530,7040,20570,H306,41.930362,-91.723402,25.1,26.8,32.5
UP,1221GP035,2021-12-29,11:27 PM,Other impacts,0,LITTLETON,CO,18,4,Dark,Clear,Industry,Freight Train,1,51451,5124,56575,M101,39.557971,-105.045913,25.6,20.4,36.3
BNSF,HL0320108,2020-03-08,10:06 PM,Side collision,0,KEOKUK,IA,55,4,Dark,Cloudy,Main,Freight Train,14,20000,10000,149646,H306,40.386567,-91.404217,46.2,57,51.2
BNSF,SW0623106,2023-06-16,4:48 AM,Derailment,0,EL PASO,TX,75,1,Dawn,Clear,Yard,Yard/switching,5,17280,0,47730,H702,31.75536,-106.495723,88.3,89.9,88.1
BNSF,PR1021110,2021-10-18,11:21 PM,Side collision,0,DENVER,CO,48,4,Dark,Clear,Yard,Freight Train,4,39864,0,59064,H607,39.763572,-104.993317,55.6,59.6,46.6
BNSF,PR0620108,2020-06-18,3:30 AM,Derailment,0,PUEBLO,CO,61,4,Dark,Clear,Siding,,0,0,5000,23166,H702,38.211944,-104.610833,81.5,72.8,62.2
UP,0521GP002,2021-05-05,3:30 AM,Other impacts,0,LA SALLE,CO,42,4,Dark,Clear,Yard,Yard/switching,3,21850,0,22441,H318,40.35071,-104.700653,47.5,50.1,54.5
CSX,000174491,2018-02-04,2:27 AM,Head on collision,0,WEST COLUMBIA,SC,39,4,Dark,Cloudy,Yard,Freight Train,0,365068,5014,17364967,H702,33.911285,-81.06532,37,44.8,47.2
BLF,20210077,2021-11-13,12:07 AM,Obstruction,0,HOLLYWOOD,FL,70,4,Dark,Clear,Main,Passenger Train - Pulling,78,13582,0,13682,M402,26.015094,-80.14921,77.3,77,70.1
CSX,000188202,2020-01-21,12:00 AM,Other impacts,0,INDIANAPOLIS,IN,28,4,Dark,Clear,Yard,Cut of cars,10,12690,602,13292,M411,39.759791,-86.327526,20.1,25.6,26.6
IHB,2186,2016-02-26,1:40 PM,Derailment,0,RIVERDALE,IL,32,2,Day,Clear,Yard,,0,0,11341,11841,S104,41.639269,-87.669902,33.1,31.5,37.7
NS,145628,2022-06-22,1:20 PM,Side collision,0,ATLANTA,GA,97,2,Day,Clear,Yard,Yard/switching,0,5000,0,24799,H305,33.793527,-84.444462,81.9,84.1,85.5
NS,151933,2023-01-05,3:45 PM,Other (describe in narrative),0,ATLANTA,GA,55,2,Day,Clear,Yard,Freight Train,5,171181,7964,179145,H220,33.79352,-84.444441,62.2,51.5,46.8
UP,1219GP005,2019-12-04,5:24 AM,Hwy-rail crossing,0,PLATTEVILLE,CO,23,1,Dawn,Cloudy,Main,Freight Train,57,1100616,192674,1293290,M304,40.202966,-104.819916,36.5,29.9,34.7
BNSF,PR0820101,2020-08-01,7:30 AM,Derailment,0,PUEBLO,CO,80,1,Dawn,Clear,Yard,Yard/switching,1,6573,38000,44573,E39C,38.273051,-104.626697,70.9,73.4,72.4
FEC,D54101019,2019-10-10,11:00 AM,Derailment,0,MIAMI-DADE,FL,83,2,Day,Clear,Industry,Yard/switching,5,20000,268,20268,M101,25.870208,-80.352644,79.7,78.8,79.3
UP,0222RM014,2022-02-16,11:16 PM,Derailment,0,OGDEN,UT,32,4,Dark,Clear,Yard,Freight Train,6,31483,63285,94768,H307,41.20334,-111.984943,41.6,33.1,31.6
NS,143329,2021-11-01,1:00 AM,Other impacts,0,ATLANTA,GA,72,4,Dark,Clear,Yard,Single Car,1,8958,0,16747,H312,33.793527,-84.444462,55.5,57,55.5
UP,0620GP016,2020-06-18,6:26 AM,Derailment,0,DENVER,CO,54,1,Dawn,Clear,Yard,Light loco(s),2,18870,132,19002,T221,39.787388,-104.999236,76.3,60.5,58.8
NS,143950,2022-01-06,6:20 PM,Side collision,0,WEST FAIRVIEW,PA,28,3,Dusk,Snow,Yard,Yard/switching,7,14090,1095,15185,H306,40.279807,-76.922451,32.9,32.9,27.1
CSX,000200621,2021-10-11,4:00 PM,Derailment,0,SAVANNAH,GA,78,2,Day,Clear,Main,Freight Train,12,242025,39390,331415,H993,32.063426,-81.134421,72.2,72.8,71.3
ALS,20210821,2021-08-21,4:14 AM,Derailment,0,EAST ST LOUIS,IL,75,1,Dawn,Cloudy,Yard,,0,0,100,25290,H514,38.582915,-90.13585,79,79.8,79.2
CSX,000140119,2015-01-16,7:57 AM,Side collision,0,AVON,IN,30,2,Day,Clear,Yard,Yard/switching,3,0,0,26197,M407,39.759342,-86.347116,24.4,31.2,39.4
CPKC,1002026695,2024-01-12,12:45 AM,Other impacts,0,DUBUQUE,IA,26,4,Dark,Snow,Yard,Freight Train,3,345,0,36300,H306,42.516681,-90.660096,23.3,27.2,9
GC,GCR981422,2022-06-23,8:25 AM,Derailment,0,SAVANNAH,GA,90,2,Day,Clear,Yard,Yard/switching,2,11530,500,12030,E46C,32.076651,-81.119907,82.3,85.5,82.3
BNSF,TC1022106,2022-10-25,10:52 PM,Other impacts,0,SIOUX CITY,IA,50,4,Dark,Clear,Yard,Yard/switching,4,26500,0,26500,H020,42.509306,-96.374685,50.9,42.7,43.8
CSX,000198262,2021-06-14,8:58 PM,Hwy-rail crossing,0,BELLEVIEW,FL,74,4,Dark,Clear,Main,Freight Train,35,50330,9084,59414,M304,29.060355,-82.0471,78.4,75.9,77.9
NS,155420,2024-01-19,1:30 AM,Other impacts,0,ROANOKE,VA,25,4,Dark,Cloudy,Yard,Cut of cars,4,80817,2765,185288,H312,37.277575,-79.978824,29.7,32.9,20.9
BNSF,KS1115102,2015-11-09,6:30 PM,Derailment,0,WAYNOKA,OK,60,3,Dusk,Clear,Yard,Yard/switching,3,32800,0,32800,H008,36.6036,-98.874363,48.2,52,59.5
FEC,D44071615,2015-07-16,8:40 AM,Side collision,0,JACKSONVILLE,FL,86,2,Day,Clear,Yard,Light loco(s),5,42781,0,134781,H307,30.238194,-81.599842,86.2,84.3,84
EIRR,230706004,2023-07-06,1:50 PM,Derailment,0,RUPERT,ID,82,2,Day,Clear,Yard,Freight Train,5,1600,78000,79600,E64C,42.622319,-113.663672,66.4,69.1,69
CSX,000176024,2018-04-25,9:45 PM,Derailment,0,SELKIRK,NY,55,4,Dark,Rain,Yard,Single Car,15,159097,601,194744,M407,42.565903,-73.854184,56.5,52.8,51.6
NS,157139,2024-06-24,12:00 AM,Other impacts,0,MACON,GA,80,4,Dark,Clear,Yard,Cut of cars,6,600,4953,42678,M411,32.81373,-83.622794,87,83.4,84.3
IC,980458,2018-11-30,5:47 PM,Hwy-rail crossing,0,MAKANDA,IL,50,4,Dark,Cloudy,Main,Freight Train,33,0,19500,19500,M399,37.617672,-89.20935,45.9,50.4,60
ATK,171629,2022-08-04,5:25 PM,Derailment,0,CHICAGO,IL,80,4,Dark,Clear,Main,,0,0,41452,41588,E4BC,41.878195,-87.638444,82.2,77.5,79.9
BLF,20231302,2023-01-08,6:39 PM,Hwy-rail crossing,0,POMPANO BEACH,FL,76,4,Dark,Clear,Main,Passenger Train - Pulling,38,12364,0,12947,M303,26.234183,-80.125086,68.8,73,70.6
UP,0921RM030,2021-09-30,7:35 PM,Derailment,0,GRAND JUNCTION,CO,63,3,Dusk,Rain,Yard,Yard/switching,4,100,11602,11702,E67C,39.068009,-108.532398,55.9,56.2,57.7
NS,155420,2024-01-19,1:30 AM,Other impacts,0,ROANOKE,VA,25,4,Dark,Cloudy,Yard,Cut of cars,0,101706,0,185288,H312,37.277575,-79.978824,29.7,32.9,20.9
CSX,000176024,2018-04-25,9:45 PM,Derailment,0,SELKIRK,NY,55,4,Dark,Rain,Yard,Single Car,12,9150,0,194744,M407,42.565903,-73.854184,56.5,52.8,51.6
UP,0920GP014,2020-09-16,2:16 PM,Obstruction,0,DENVER,CO,73,2,Day,Clear,Yard,Freight Train,8,318,41740,42058,M404,39.793819,-104.999065,71.1,63,67.7
BNSF,CH0216109,2016-02-15,10:40 PM,Derailment,0,CICERO,IL,26,4,Dark,Clear,Yard,Yard/switching,9,10000,2200,12200,H704,41.840486,-87.760404,16.4,24.2,29.6
BNSF,KS0423110,2023-04-18,8:24 PM,Derailment,0,FRIONA,TX,60,3,Dusk,Clear,Industry,Freight Train,3,10200,3000,13200,H307,34.640095,-102.705065,61,67.5,68.5
CSX,000169564,2017-06-13,4:10 AM,Other impacts,0,INDIANAPOLIS,IN,76,1,Dawn,Cloudy,Yard,Cut of cars,21,82522,368,82890,S007,39.759791,-86.327526,80.3,77.9,76.3
BNSF,PR1121107,2021-11-27,11:00 PM,Derailment,0,PUEBLO,CO,20,4,Dark,Clear,Yard,Freight Train,6,14456,0,14456,H503,38.267706,-104.620377,45.1,43.8,40.2
CSX,000205505,2022-06-10,5:44 AM,Derailment,0,AUGUSTA,GA,64,1,Dawn,Clear,Yard,Yard/switching,7,583429,44174,627603,H505,33.4735,-82.015,83,80.6,82
UP,0918DV017,2018-09-19,12:01 AM,Other impacts,0,LA SALLE,CO,60,4,Dark,Clear,Yard,Cut of cars,0,5107,0,16339,H307,40.351177,-104.695648,71.7,67.3,66.7
UP,1021GL007,2021-10-06,5:30 PM,Other impacts,0,ALBERT CITY,IA,71,2,Day,Cloudy,Industry,Yard/switching,2,2831,200,19956,H306,42.779364,-94.945468,60.2,62.1,65.2
NS,127009,2017-10-13,11:45 PM,Hwy-rail crossing,0,JACK,VA,65,4,Dark,Cloudy,Main,Freight Train,36,45,15000,15045,M308,37.205118,-77.583345,67.7,63.3,64.2
CPKC,1001921638,2023-06-27,7:45 PM,Derailment,0,DAVENPORT,IA,85,3,Dusk,Clear,Main,Freight Train,11,51946,11607,63553,H601,41.499763,-90.62325,71.6,71.7,72.5
UP,0224GL035,2024-02-26,6:04 PM,Obstruction,0,MISSOURI VALLEY,IA,69,3,Dusk,Clear,Main,Freight Train,49,7422,52960,60382,M506,41.607399,-95.824889,47,55.7,34.2
CC,970517,2018-08-22,8:20 PM,Side collision,0,SIOUX CITY,IA,65,3,Dusk,Clear,Yard,Yard/switching,4,8050,30,40080,H020,42.495697,-96.391755,64.6,62.5,63.7
UP,0618TC005,2018-06-04,11:30 PM,Derailment,0,DES MOINES,IA,66,4,Dark,Clear,Yard,Freight Train,5,26473,34566,61039,H702,41.622666,-93.583035,70.9,69.7,76.1
CFE,CFE548420L,2020-09-17,9:00 PM,Other impacts,0,WARSAW,IN,61,4,Dark,Cloudy,Main,Freight Train,10,3900,0,21900,H997,41.241686,-85.902689,63.2,63.4,52.7
BNSF,HL0621114,2021-06-24,7:25 PM,Derailment,0,HAMBURG,IA,76,3,Dusk,Rain,Siding,Cut of cars,0,209254,50000,259254,M105,40.670083,-95.760593,79.1,75.4,75.5
CSX,000210794,2023-04-13,10:42 PM,Hwy-rail crossing,0,CRAWFORDSVILLE,IN,65,4,Dark,Clear,Main,,0,0,9533,103533,M308,40.011175,-86.828397,65.8,64.8,64.9
ALS,20170308,2017-03-08,6:25 PM,Derailment,0,EAST ST LOUIS,IL,50,3,Dusk,Clear,Yard,Yard/switching,3,10405,910,11315,M405,38.598024,-90.153108,53.5,53.6,58.1
BNSF,RD0819123,2019-08-18,2:00 PM,Derailment,0,SHERMAN,TX,99,2,Day,Clear,Siding,Freight Train,8,92902,75000,167902,T217,33.650977,-96.601558,88.8,89,89.5
UP,1021GL014,2021-10-11,3:30 PM,Derailment,0,COUNCIL BLUFFS,IA,72,2,Day,Clear,Yard,Yard/switching,10,26001,1516,27517,M409,41.249998,-95.888691,63,60.4,61.4
FEC,D07021818,2018-02-18,5:45 AM,Derailment,0,MIAMI SPRINGS,FL,71,4,Dark,Clear,Yard,Freight Train,6,50000,290,50290,H503,25.816785,-80.305871,75,75.7,76.4
PAL,2016JAN1D,2016-01-20,2:40 AM,Other impacts,0,PRINCETON,KY,22,4,Dark,Snow,Main,Light loco(s),3,60000,0,60000,E09L,37.098849,-88.018759,18.8,27.1,29
BNSF,HL1221102,2021-12-03,6:32 AM,Rear end collision,0,PACIFIC JCTN,IA,40,1,Dawn,Clear,Main,Freight Train,0,197947,0,1572598,H404,40.990178,-95.799898,55.4,47.2,38.8
NIRC,9419000598,2021-12-22,7:07 AM,Other impacts,0,CHICAGO,IL,31,1,Dawn,Cloudy,Main,,0,0,14884,21262,E78L,41.85695,-87.61763,33.9,26.6,37.9
CSX,000209176,2023-01-08,5:30 PM,Other impacts,0,TAMPA,FL,78,3,Dusk,Clear,Yard,Cut of cars,1,22167,0,49306,H318,27.955863,-82.38963,58,62.5,64.1
ATK,174387,2023-04-13,10:42 PM,Hwy-rail crossing,0,CRAWFORDSVILLE,IN,65,4,Dark,Clear,Main,Passenger Train - Pulling,57,94000,0,103533,M308,40.011175,-86.828397,65.8,64.8,64.9
NS,157829,2024-08-25,4:45 PM,Other impacts,0,ATLANTA,GA,90,3,Dusk,Clear,Yard,Single Car,2,16500,0,17250,M599,33.79352,-84.444441,74.4,76.2,77.2
BNSF,CH0416200,2016-04-03,3:01 PM,Hwy-rail crossing,0,SOMONAUK,IL,68,2,Day,Clear,Main,,0,0,0,18512,M302,41.634199,-88.684207,35,48.4,36.5
EIRR,230303004,2023-03-03,5:45 PM,Raking collision,0,HEYBURN,ID,36,2,Day,Clear,Main,Freight Train,10,63000,200000,263000,E20C,42.547977,-113.765754,28.3,28.7,25.6
UP,0516LK026,2016-05-25,5:32 AM,Derailment,0,TEXARKANA,TX,70,4,Dark,Cloudy,Yard,Yard/switching,2,12731,0,12731,H303,33.41804,-94.046663,76.6,80.6,75.6
UP,0122HL012,2022-01-01,8:20 AM,Derailment,0,CHARITON,IA,7,2,Day,Snow,Main,Freight Train,23,23274,633100,656374,E53C,41.151984,-93.239412,28.5,7.4,-0.1
CSX,000185177,2019-09-05,7:00 PM,Derailment,0,RICHMOND,VA,75,3,Dusk,Cloudy,Yard,Yard/switching,5,23551,250,23801,H995,37.594322,-77.484607,80.4,75.9,71.2
BNSF,HL0218108,2018-02-06,9:30 PM,Derailment,0,MEMPHIS,TN,40,4,Dark,Rain,Yard,Yard/switching,10,80000,9000,89000,H308,35.025494,-89.891189,34.1,39.7,33
BNSF,RD1023134,2023-10-25,4:30 PM,Derailment,0,TULSA,OK,74,2,Day,Clear,Yard,Yard/switching,2,13651,2438,16089,M411,36.121786,-96.010998,69.4,71,71.5
BNSF,CH0718203,2018-07-28,1:10 AM,Hwy-rail crossing,0,MT PLEASANT,IA,53,4,Dark,Clear,Main,Freight Train,55,2000,25000,27000,M302,40.96522,-91.525526,68.2,66.9,68.3
FEC,X46120922,2022-12-09,6:50 PM,Hwy-rail crossing,0,LAKE WORTH,FL,80,4,Dark,Clear,Main,,0,0,675,43733,M308,26.596151,-80.054709,74.8,73.6,71.4
BNSF,TC0621202,2021-06-17,1:14 PM,Hwy-rail crossing,0,LE MARS,IA,89,2,Day,Clear,Main,Freight Train,40,12000,15000,27000,M302,42.793282,-96.223527,81.4,84.8,77.7
LIRC,0311201701,2017-03-11,1:40 PM,Derailment,0,HENRYVILLE,IN,36,2,Day,Clear,Main,,0,0,6200,54027,E52C,38.50873,-85.765163,44.6,34.6,34.5
IAIS,2022026,2022-07-21,7:04 PM,Hwy-rail crossing,0,ATALISSA,IA,87,3,Dusk,Clear,Main,Freight Train,38,15000,0,15000,M308,41.567731,-91.17597,78.8,78.5,76.3
LI,82446,2024-05-04,2:10 PM,Obstruction,0,FLUSHING MEADOWS,NY,59,2,Day,Cloudy,Main,EMU,60,409031,0,409031,M404,40.752269,-73.844592,57.1,54.1,51.1
NJTR,201602071,2016-01-17,10:00 AM,Other (describe in narrative),0,KEARNY,NJ,40,2,Day,Clear,Yard,Yard/switching,5,12800,0,12800,H599,40.743538,-74.111951,45.9,34.7,24.9
CSX,000207456,2022-09-24,6:51 PM,Head on collision,0,MIAMI,FL,88,3,Dusk,Clear,Main,Freight Train,19,281689,0,462912,H603,25.786863,-80.271733,85.3,82.2,83.1
CC,1097381,2022-03-18,3:00 PM,Derailment,0,DUNCOMBE,IA,37,2,Day,Cloudy,Yard,Freight Train,5,31000,3968,34968,M405,42.47195,-94.018543,43,38.7,40.9
FEC,X09021523,2023-02-15,3:15 PM,Hwy-rail crossing,0,DEERFIELD BEACH,FL,80,2,Day,Clear,Main,,0,0,411,16571,M308,26.289979,-80.109263,66.8,75.7,77.3
NIRC,9419000925,2022-07-21,12:49 PM,Derailment,0,BLUE ISLAND,IL,85,2,Day,Clear,Main,,0,0,53120,57620,E69C,41.640918,-87.694434,82.1,82,80.6
SFRV,080516,2016-08-05,6:20 PM,Derailment,0,WEST PALM BEACH,FL,90,2,Day,Clear,Main,Commuter Train - Pushing,40,20000,108376,128376,E68C,26.731278,-80.064006,85.2,86.5,82.5