reportingrailroadcode,accidentnumber,date,time,accidenttype,hazmatreleasedcars,station,stateabbr,temperature,visibility_code,visibility,weathercondition,tracktype,equipmenttype,trainspeed,equipmentdamagecost,trackdamagecost,totaldamagecost,primaryaccidentcausecode,latitude,longitude,prior_temp,actual_temp,following_temp
UP,1220PR024,2020-12-20,8:14 PM,Other (describe in narrative),0,JOLIET,IL,33,4,Dark,Cloudy,Main,Freight Train,25,0,0,47898,E69L,41.604465,-88.052181,39.2,35.6,38.9
UP,0322PN013,2022-03-20,12:30 AM,Derailment,0,NAMPA,ID,43,4,Dark,Cloudy,Yard,Yard/switching,5,37108,2950,40058,E35C,43.587842,-116.570631,50.3,41.1,42.7
FEC,D76112217,2017-11-22,10:07 AM,Derailment,0,ROCKLEDGE,FL,80,2,Day,Clear,Industry,Freight Train,8,2991,18707,21698,M101,28.273756,-80.69327,72.2,71.3,72.9
CSX,000158501,2016-03-26,10:04 AM,Derailment,0,JACKSONVILLE,FL,75,2,Day,Cloudy,Industry,Freight Train,5,33100,100,33200,M501,30.383312,-81.768904,68.8,72.1,74.4
BNSF,KS0322205,2022-03-28,7:52 AM,Hwy-rail crossing,0,LAS ANIMAS,CO,65,1,Dawn,Clear,Main,,0,0,0,16500,M304,38.06073,-103.28031,50,56.8,54.1
BNSF,RD0423204,2023-04-18,4:10 PM,Hwy-rail crossing,0,MCGREGOR,TX,74,2,Day,Cloudy,Main,,0,0,0,37369,M302,31.388065,-97.381804,63.3,67.8,73.8
UP,0822PN027,2022-08-29,3:05 AM,Derailment,0,NAMPA,ID,58,4,Dark,Clear,Yard,Yard/switching,4,73255,133390,206645,H602,43.585843,-116.5677,70.1,71.2,76.3
FEC,D82111321,2021-11-13,12:07 AM,Obstruction,0,HOLLYWOOD,FL,70,4,Dark,Clear,Main,,0,0,100,13682,M402,26.015094,-80.14921,77.3,77,70.1
SFRV,10242021,2021-10-24,4:30 AM,Derailment,0,MIAMI-DADE,FL,88,1,Dawn,Clear,Yard,,0,0,24500,27213,H601,25.803201,-80.253274,79.1,80.7,81.7
FEC,D23033022,2022-03-30,7:35 AM,Side collision,0,JACKSONVILLE,FL,74,1,Dawn,Clear,Yard,Yard/switching,7,12000,50,19978,H399,30.239589,-81.602063,67.4,72.5,72.2
CSX,000206316,2022-07-26,10:57 PM,Derailment,0,WAYCROSS,GA,80,4,Dark,Cloudy,Yard,Cut of cars,0,15530,2415,32160,M405,31.213509,-82.353557,80.6,83.1,82.7
NS,135481,2019-09-13,3:15 PM,Other (describe in narrative),0,OSCEOLA,IN,82,2,Day,Clear,Yard,Light loco(s),5,2847,22585,25432,H702,41.666583,-86.033424,74.3,72.9,66.1
UP,0316PR022,2016-03-21,4:43 PM,Other impacts,0,MELROSE PARK,IL,50,2,Day,Clear,Yard,Single Car,10,43369,0,43369,H601,41.894929,-87.898258,37.5,39.6,51.3
BNSF,TC1114118,2014-11-24,4:35 PM,Derailment,0,CHURCHS FERRY,ND,12,3,Dusk,Clear,Main,Work train,0,13405,200,13605,M201,48.267871,-99.195149,25.7,12.4,18.5
NKCR,NKCR192651,2019-11-08,4:45 AM,Derailment,0,HOLYOKE,CO,35,4,Dark,Clear,Industry,Freight Train,4,203400,2700,206100,H306,40.362637,-102.162731,35.7,45.8,52
PSBX,15060501,2015-06-05,7:00 AM,Other (describe in narrative),0,SHREVEPORT,LA,90,1,Dawn,Clear,Industry,Cut of cars,0,26603,0,364389,M103,32.360609,-93.628973,77.9,79.3,81
UP,0124GL002,2024-01-03,10:00 AM,Obstruction,0,RANDALL,IA,28,2,Day,Cloudy,Main,Spec. MoW Equip.,0,70000,0,70000,H404,42.239988,-93.603909,31.2,29.3,28
CSX,000209635,2023-02-03,1:30 AM,Side collision,0,HIALEAH,FL,80,4,Dark,Clear,Yard,Freight Train,5,6000,0,13000,H306,25.858094,-80.259987,75.9,76.1,69.9
BNSF,GC1115105,2015-11-11,2:20 AM,Derailment,0,SWEETWATER,TX,65,4,Dark,Cloudy,Main,Freight Train,14,11753,40000,51753,H607,32.506035,-100.392986,63.9,63.8,52.8
FEC,D90122122,2022-12-21,4:30 AM,Derailment,0,FT PIERCE,FL,65,4,Dark,Clear,Main,Freight Train,27,6000,16289,22289,E24C,27.527341,-80.355468,61,61.9,63.4
UP,0521GP023,2021-05-25,2:40 AM,Other impacts,0,DENVER,CO,55,4,Dark,Clear,Yard,Single Car,1,26599,0,33997,H018,39.788168,-104.998484,57.8,61.4,65.3
BNSF,PR0920108,2020-09-17,3:15 PM,Derailment,0,DENVER,CO,85,2,Day,Clear,Yard,Yard/switching,1,20359,1400,21759,H523,39.762436,-104.995006,63,67.7,67.8
NS,157000,2024-06-08,5:35 PM,Other impacts,0,ATLANTA,GA,85,3,Dusk,Clear,Yard,Single Car,0,127987,0,171368,H318,33.79352,-84.444441,78.2,74.6,79.8
BNSF,KS0122114,2022-01-21,7:45 AM,Derailment,0,LA JUNTA,CO,10,1,Dawn,Clear,Yard,Freight Train,10,37858,8000,45858,H503,37.988538,-103.553224,21.6,29.7,36.3
UP,0222GL014,2022-02-16,7:02 AM,Other impacts,0,DES MOINES,IA,46,2,Day,Cloudy,Yard,Yard/switching,4,9999,0,72627,H318,41.58919,-93.569015,35.1,37.6,16
NS,151641,2022-12-06,10:30 PM,Other impacts,0,MACON,GA,60,4,Dark,Cloudy,Yard,Single Car,5,1500,0,19509,H306,32.81373,-83.622794,56.6,64.5,68.5
UP,0321GP007,2021-03-06,5:45 AM,Derailment,0,DENVER,CO,30,1,Dawn,Clear,Yard,Light loco(s),3,12843,1456,14299,H703,39.798312,-104.998511,41.3,49,53.5
CSX,000170004,2017-06-30,1:53 PM,Hwy-rail crossing,0,TAMPA,FL,93,2,Day,Clear,Main,,0,0,14938,15644,M304,27.965972,-82.365002,83.1,83,81.9
UP,1022PR020,2022-10-22,5:45 AM,Derailment,0,MELROSE PARK,IL,57,1,Dawn,Clear,Main,Yard/switching,4,51501,0,198438,H307,41.931149,-87.914176,59,67.8,70.5
NS,136616,2019-12-23,2:15 AM,Other (describe in narrative),0,ELKHART,IN,32,4,Dark,Clear,Yard,Freight Train,7,334,23145,23479,M405,41.67736,-85.978495,39.1,39.7,34.5
MBTA,7047,2017-02-16,8:00 AM,Other impacts,0,BOSTON,MA,36,2,Day,Clear,Main,Passenger Train - Pulling,40,18448,0,18448,M101,42.286405,-71.147801,33.7,31.8,31.3
SFRV,04112019,2019-04-11,4:33 AM,Other (describe in narrative),0,HIALEAH,FL,90,4,Dark,Clear,Yard,Commuter Train - Pulling,5,6000,7783,13783,H702,25.505882,-80.153485,76.5,76.4,78.6
GWR,GWR223165,2022-07-28,9:10 AM,Derailment,0,FORT COLLINS,CO,60,2,Day,Rain,Main,Freight Train,9,24612,0,57285,H599,40.595982,-105.057608,74.3,66.9,71.2
NS,143464,2021-11-14,11:05 PM,Other impacts,0,CHICAGO,IL,34,4,Dark,Clear,Yard,Single Car,0,7653,0,12965,H312,41.694381,-87.564354,37.8,36,33.4
BNSF,PR0220113,2020-02-29,6:30 AM,Other impacts,0,COMMERCE CITY,CO,34,1,Dawn,Clear,Industry,Freight Train,4,38044,0,38044,H306,39.810449,-104.935861,41.7,42.4,35.6
UP,0420GP031,2020-04-28,5:13 PM,Derailment,0,DENVER,CO,76,2,Day,Clear,Yard,Yard/switching,5,9577,1424,11001,M409,39.796686,-104.99807,61,59.5,54.5
UP,0722RM020,2022-07-24,7:50 PM,Other impacts,0,GRAND JUNCTION,CO,75,3,Dusk,Cloudy,Yard,Yard/switching,4,27624,5730,42251,H317,39.063102,-108.553197,88.7,76.5,77.4
CSX,000175093,2018-03-07,8:46 PM,Derailment,0,SEWANEE,TN,42,4,Dark,Cloudy,Main,Freight Train,19,425802,80960,506762,H520,35.121433,-85.93971,53.9,38.2,33.2
UP,0421GP040,2021-04-26,9:00 PM,Derailment,0,DENVER,CO,63,4,Dark,Clear,Yard,Yard/switching,5,632,23128,23760,H307,39.801233,-105.001345,60.9,63.1,48.6
BNSF,MT0316102,2016-03-29,11:45 PM,Derailment,0,SELBY,SD,45,4,Dark,Rain,Industry,Freight Train,4,12933,5000,17933,H703,45.503297,-100.033221,48.5,49.9,47.7
UP,0122PN023,2022-01-16,12:30 PM,Derailment,0,BONNERS FERRY,ID,37,2,Day,Cloudy,Main,Freight Train,15,24423,32899,57322,E53C,48.624723,-116.393199,34.5,33.1,33.5
EIRR,220714002,2022-07-14,4:06 AM,Other impacts,0,EDEN,ID,62,4,Dark,Clear,Industry,Single Car,5,15450,0,30900,H021,42.610871,-114.210414,83.5,80.2,83.2
UP,0920RM022,2020-09-21,1:32 PM,Derailment,0,OAK CREEK,CO,70,2,Day,Clear,Main,Freight Train,36,6786,98380,105166,E61C,40.341625,-106.94518,57.4,59.6,58.4
BLF,20210194,2021-12-30,6:00 AM,Hwy-rail crossing,0,AVENTURA,FL,72,1,Dawn,Clear,Main,Passenger Train - Pulling,70,25104,0,25489,M308,25.974438,-80.147844,73.6,74.5,74.7
UP,1022PR020,2022-10-22,5:45 AM,Derailment,0,MELROSE PARK,IL,57,1,Dawn,Clear,Main,Freight Train,6,132171,14766,198438,H307,41.931149,-87.914176,59,67.8,70.5
CSX,000140671,2015-01-28,7:45 AM,Derailment,0,SELKIRK,NY,10,1,Dawn,Clear,Yard,Cut of cars,4,12597,377,12974,M411,42.566588,-73.852296,12.7,14,15
CSX,000175301,2018-03-18,3:20 PM,Derailment,0,GREENWOOD,VA,60,2,Day,Clear,Main,Freight Train,11,24773,0,27273,H524,38.046645,-78.794872,36,45,44.2
UP,0216SL012,2016-02-28,8:30 PM,Fire/violent rupture,0,WOOD RIVER,IL,58,4,Dark,Cloudy,Main,Freight Train,50,34111,0,34111,E73L,38.872132,-90.109772,44,55.9,49.1
BNSF,PR0222115,2022-02-18,5:30 PM,Side collision,0,DENVER,CO,27,3,Dusk,Clear,Yard,Yard/switching,4,11705,0,73251,H307,39.764033,-104.993076,20.2,32.9,40.9
UP,0318KC031,2018-03-25,6:35 PM,Derailment,0,STARK,KS,43,2,Day,Cloudy,Main,Freight Train,30,104136,15878,120014,E27C,37.70004,-95.145748,58.2,45.3,57.3
ATK,168046,2021-08-12,4:59 PM,Hwy-rail crossing,0,PEOTONE,IL,75,2,Day,Clear,Main,Passenger Train - Pulling,68,6594,0,39594,M308,41.295517,-87.81015,79.2,74.9,72.4
BNSF,CH1220107,2020-12-21,10:02 PM,Other impacts,0,GALESBURG,IL,32,4,Dark,Clear,Yard,Yard/switching,0,1209,0,12409,M407,40.910499,-90.383022,30.8,37,32.7
NS,156255,2024-04-04,3:00 PM,Hwy-rail crossing,0,SWEETWATER,TN,52,2,Day,Cloudy,Main,Freight Train,45,59,9665,9724,M302,35.598621,-84.462936,55.4,47.9,45
BNSF,KS0916114,2016-09-29,8:39 AM,Derailment,0,CANYON,TX,52,1,Dawn,Clear,Main,Freight Train,45,3500,7800,11300,E85C,34.95399,-102.105612,67.5,62,64.5
BNSF,KS0822107,2022-08-11,5:35 PM,Derailment,0,KANSAS CITY,KS,80,3,Dusk,Clear,Yard,Yard/switching,9,50315,60000,110315,H601,39.085964,-94.686504,77.9,79,81.3
NS,145849,2022-07-12,5:15 PM,Derailment,0,WARNER ROBINS,GA,82,3,Dusk,Rain,Main,Freight Train,33,438804,362801,801605,E63C,32.619406,-83.599747,76.5,78.4,77.5
BNSF,KS1118102,2018-11-02,6:51 PM,Derailment,0,KANSAS CITY,KS,55,3,Dusk,Clear,Yard,Yard/switching,4,65862,200,66062,M411,39.085361,-94.68757,51.4,49.8,52.5
BNSF,KS1122107,2022-11-09,12:39 AM,Side collision,0,KANSAS CITY,KS,61,4,Dark,Clear,Yard,Yard/switching,4,15879,8000,25777,H307,39.080851,-94.672566,56.4,66.4,58.5
SVHO,230109001,2023-01-09,6:30 AM,Other impacts,0,SAVANNAH,GA,54,4,Dark,Clear,Yard,Yard/switching,5,4186,0,33017,H302,32.076849,-81.070869,53.5,55.5,50.6
CSX,000172479,2017-10-26,5:05 PM,Other impacts,0,NASHVILLE,TN,63,3,Dusk,Clear,Yard,Yard/switching,10,53869,48,53917,H318,36.112142,-86.770737,49.2,54.7,56.6
BNSF,TC0620105,2020-06-15,11:20 PM,Derailment,0,ABERDEEN,SD,73,4,Dark,Clear,Yard,Freight Train,5,12989,0,12989,H508,45.465599,-98.499324,77.2,82,82.5
UP,0921PR008,2021-09-08,9:15 AM,Other impacts,0,NORTHLAKE,IL,67,2,Day,Clear,Yard,Yard/switching,2,137,3190,12634,M599,41.922734,-87.915532,73,69.1,66.7
FEC,T10022420,2020-02-24,8:38 AM,Other impacts,0,DEERFIELD BEACH,FL,79,2,Day,Clear,Main,,0,0,0,11421,M402,26.347872,-80.085374,70.7,73.8,77.1
UP,1121MA036,2021-11-22,10:30 AM,Hwy-rail crossing,0,SHREVEPORT,LA,56,2,Day,Clear,Main,Freight Train,50,18844,0,18844,M302,32.196534,-93.481105,64.6,55.5,52.1
UP,0317UT019,2017-03-08,12:00 PM,Other (describe in narrative),0,HELPER,UT,48,2,Day,Cloudy,Yard,Single Car,0,38040,0,38040,M507,39.675838,-110.85817,31.9,39.6,45.4
CSX,000217806,2024-05-03,7:00 PM,Derailment,0,NASHVILLE,TN,70,3,Dusk,Clear,Yard,Yard/switching,15,102026,3589,105615,M407,36.112136,-86.770713,73.8,72.1,69.9
SLRG,SL210518A,2021-05-18,1:30 PM,Obstruction,0,LA VETA,CO,30,2,Day,Snow,Main,Spec. MoW Equip.,0,0,0,0,M101,37.484494,-105.153448,40.2,36,41.3
BNSF,TC0624118,2024-06-21,3:42 AM,Derailment,0,ALVORD,IA,67,4,Dark,Rain,Main,Freight Train,20,957661,180000,1137661,M103,43.326472,-96.294752,62.7,70,71.2
NIRC,9419001248,2023-01-09,7:25 AM,Hwy-rail crossing,0,CHICAGO,IL,26,1,Dawn,Cloudy,Main,Commuter Train - Pushing,65,13230,9393,22623,M308,41.68479,-87.663826,30.3,34.1,41.3
WTA,221009WTA,2022-10-09,5:01 AM,Derailment,0,WICHITA,KS,55,4,Dark,Clear,Industry,Yard/switching,3,20000,1500,21500,H306,37.70769,-97.32952,54.9,62.5,64.4
UP,0419GL035,2019-04-22,2:40 AM,Side collision,0,BOONE,IA,68,4,Dark,Clear,Yard,Cut of cars,3,17562,0,20262,M105,42.062025,-93.862637,67.4,59.2,53
NS,157469,2024-07-24,3:49 PM,Derailment,0,ATLANTA,GA,79,2,Day,Cloudy,Yard,Freight Train,0,291480,163500,454980,H503,33.79352,-84.444441,79,76.8,77.3
BNSF,PR0722111,2022-07-28,9:15 AM,Derailment,0,FORT COLLINS,CO,75,2,Day,Clear,Main,,0,0,32673,57285,H999,40.595931,-105.053554,74.3,66.9,71.2
CSX,000208212,2022-11-04,5:00 AM,Other impacts,0,ORLANDO,FL,77,4,Dark,Clear,Industry,Yard/switching,4,300000,0,314660,H302,28.432064,-81.36952,77.1,75.3,76.2
BNSF,RD0117107,2017-01-11,4:42 AM,Derailment,0,BROWNWOOD,TX,58,1,Dawn,Clear,Main,Freight Train,45,7288,32000,39288,E61C,31.684987,-98.815166,59.9,59.7,61.6
CSX,000179289,2018-10-12,4:00 PM,Derailment,0,FREDERICKSBURG,VA,60,2,Day,Clear,Main,Freight Train,50,38699,26639,65338,E53C,38.351141,-77.413167,74.6,59.7,53.5
UP,0116SL001,2016-01-04,6:15 AM,Fire/violent rupture,0,SHELBYVILLE,IL,25,4,Dark,Clear,Main,Freight Train,27,15000,0,15000,E71L,39.322335,-88.741239,30.6,29.1,28.3
BNSF,HL0323118,2023-03-17,11:39 AM,Derailment,0,ST JOSEPH,MO,40,2,Day,Cloudy,Yard,Yard/switching,8,37700,1500,58400,H306,39.735023,-94.854687,43.7,30.8,20.8
UP,1117ST026,2017-11-21,10:22 PM,Other impacts,0,EL PASO,TX,64,4,Dark,Clear,Yard,Single Car,0,133,0,85242,H018,31.747598,-106.38149,52.4,59.2,55.2
IC,1076880,2021-07-15,5:32 PM,Hwy-rail crossing,0,JACKSON,MS,81,2,Day,Cloudy,Main,,0,0,1202,77628,M302,32.184349,-90.240067,79.6,81.8,77.1
BNSF,KS1214101,2014-12-03,8:09 AM,Derailment,0,NEWTON,KS,30,1,Dawn,Clear,Yard,Yard/switching,5,11509,500,12009,H303,38.04472,-97.348179,27.2,33.8,41.3
FEC,D81111121,2021-11-11,2:00 PM,Side collision,0,JACKSONVILLE,FL,75,2,Day,Clear,Yard,Cut of cars,5,113,0,16113,H317,30.249546,-81.608759,63.3,69.3,66.9
CFE,CFE548420L,2020-09-17,9:00 PM,Other impacts,0,WARSAW,IN,61,4,Dark,Cloudy,Yard,Maint./inspect Car,0,18000,0,21900,H997,41.241686,-85.902689,63.2,63.4,52.7
NS,113938,2015-01-21,1:10 AM,Derailment,0,LAFAYETTE,IN,32,4,Dark,Clear,Main,Yard/switching,9,16945,800,17745,E34C,40.448296,-86.854916,36.1,33.5,30.6
UP,1023ES024,2023-10-14,9:30 AM,Obstruction,0,CAMBRIDGE,IA,49,2,Day,Cloudy,Siding,Spec. MoW Equip.,10,43000,0,48000,H402,41.880584,-93.522358,59.1,51.6,49
UP,0724HL004,2024-07-03,10:37 PM,Derailment,0,KANSAS CITY,KS,76,4,Dark,Rain,Main,Freight Train,6,35452,2305,37757,H525,39.08526,-94.613737,84.1,76.5,76.9
CP,1000775421,2018-06-16,1:40 AM,Derailment,0,MUSCATINE,IA,75,4,Dark,Clear,Main,Single Car,50,48975,2285,51260,H303,41.458779,-90.823254,78.3,83.7,84.9
SKOL,190627001,2019-06-27,1:30 AM,Derailment,0,NEODESHA,KS,72,4,Dark,Clear,Main,Freight Train,7,25000,9390,34390,E85C,37.418876,-95.688963,78.5,81.6,83.4
URR,CN2102,2021-12-29,8:55 AM,Derailment,0,PENN HILLS,PA,42,2,Day,Cloudy,Yard,,0,0,8000,29336,H503,40.494066,-79.788369,41.9,46.1,46.5
UP,0621GL018,2021-06-15,2:30 PM,Other impacts,0,COUNCIL BLUFFS,IA,90,2,Day,Clear,Yard,Yard/switching,4,1860,13340,16965,H312,41.246328,-95.875064,80.6,80.5,82.5
BNSF,CH1021114,2021-10-22,9:30 PM,Derailment,0,CHICAGO,IL,61,4,Dark,Cloudy,Yard,Yard/switching,6,11500,10000,21500,H307,41.857813,-87.683973,54.2,49.3,47.8
FEC,D28042021,2021-04-20,6:50 AM,Derailment,0,JACKSONVILLE,FL,63,4,Dark,Cloudy,Yard,Yard/switching,3,9893,14124,24017,H702,30.225514,-81.592199,70.5,69,73.2
UP,0921GL001,2021-09-02,10:25 PM,Derailment,0,SIOUX CITY,IA,66,4,Dark,Rain,Main,,0,0,20333,20333,H307,42.493548,-96.392158,67.9,68.3,68.1
NS,146440,2022-09-10,4:05 AM,Derailment,0,LINDALE,GA,69,1,Dawn,Cloudy,Main,Freight Train,30,6392,62086,284928,E85C,34.190311,-85.174414,75,72.3,76.4
UP,0723GL043,2023-07-30,8:17 AM,Other impacts,0,CLINTON,IA,67,2,Day,Clear,Yard,Freight Train,3,512061,0,535586,H306,41.817544,-90.218288,74.1,72.1,73.3
RTDC,131827,2020-03-04,11:37 AM,Raking collision,0,DENVER,CO,60,2,Day,Clear,Main,EMU,40,15000,135,15135,M404,39.771876,-104.902321,42.4,47,39.2
CSX,000160673,2016-06-19,1:30 PM,Derailment,0,EAST ST LOUIS,IL,93,2,Day,Clear,Yard,Freight Train,10,27248,7150,34398,E24C,38.642253,-90.098853,79.7,81,84.5
IAIS,2022005,2022-01-24,8:02 AM,Hwy-rail crossing,0,ANITA,IA,32,2,Day,Clear,Main,Freight Train,39,25000,0,25000,M302,41.442305,-94.767294,20.1,24.6,4.6
UP,0222PN028,2022-02-24,7:47 PM,Other (describe in narrative),0,CALDWELL,ID,0,,,Clear,Main,Freight Train,30,39935,150,40085,M404,43.660118,-116.676683,22.5,23.9,23.8
ATK,146265,2017-02-08,1:30 PM,Hwy-rail crossing,0,GARY,IN,30,2,Day,Cloudy,Main,Passenger Train - Pulling,76,21720,0,225652,M302,41.624831,-87.393977,44.3,28.9,18.3
BNSF,KS0724108,2024-07-22,11:10 AM,Derailment,0,DODGE CITY,KS,90,2,Day,Clear,Yard,Yard/switching,4,286342,100954,387296,H020,37.751568,-100.005357,71.9,70.5,72.5
BNSF,CH1021102,2021-10-01,5:17 PM,Other impacts,0,GALESBURG,IL,70,3,Dusk,Clear,Yard,Yard/switching,4,77344,1000,78344,M408,40.91481,-90.382045,70.7,68.1,67
CSX,000207442,2022-09-08,9:00 PM,Other impacts,0,TAMPA,FL,86,4,Dark,Cloudy,Yard,Cut of cars,4,614,0,46629,H318,27.955863,-82.38963,84.4,78.4,79.1
BNSF,KS1022103,2022-10-07,6:33 PM,Broken train collision,0,AMARILLO,TX,55,3,Dusk,Cloudy,Yard,Yard/switching,9,751006,277422,1028428,E39C,35.179575,-101.836517,62.8,56.5,47.7
UP,0921PR011,2021-09-12,12:00 PM,Other (describe in narrative),0,NORTHLAKE,IL,84,2,Day,Clear,Yard,Light loco(s),0,15454,0,15454,M501,41.900248,-87.907489,75.5,76.7,75.4
BNSF,TC1122106,2022-11-14,4:20 PM,Other (describe in narrative),0,DETROIT LAKES,MN,24,2,Day,Cloudy,Main,Freight Train,42,10000,423941,433941,E62C,46.81074,-95.82507,21.2,22.8,24
UP,0124GL025,2024-01-16,3:37 PM,Other impacts,0,DES MOINES,IA,2,2,Day,Cloudy,Yard,Yard/switching,5,1701,0,1801,M599,41.588827,-93.559448,-7.2,-1.7,13.4
RCPE,RCP756924L,2024-04-04,11:00 AM,Obstruction,0,CAPA,SD,60,2,Day,Clear,Main,Spec. MoW Equip.,10,20000,0,20000,H607,44.087923,-101.05782,39.6,43.7,48.5
CSX,000205443,2022-06-07,6:00 PM,Derailment,0,JUNCTION CITY,GA,90,3,Dusk,Cloudy,Industry,Yard/switching,10,118650,13938,132588,M506,32.635517,-84.492797,76,77.7,76.9
BRC,014487,2021-11-20,2:45 AM,Broken train collision,0,BEDFORD PARK,IL,36,4,Dark,Cloudy,Yard,Cut of cars,15,52231,0,52231,M599,41.7677,-87.75823,34.2,42.1,42.8
BNSF,SF1115107,2015-11-12,4:00 PM,Side collision,0,TULSA,OK,60,2,Day,Clear,Yard,Yard/switching,4,1000,0,31000,H305,36.12667,-96.01269,66,51.8,50
UP,0722PN005,2022-07-09,2:20 AM,Derailment,0,NAMPA,ID,72,4,Dark,Clear,Yard,Freight Train,3,112349,140838,298262,H704,43.583422,-116.56395,79.4,79.7,77.1
CSX,000206316,2022-07-26,10:57 PM,Derailment,0,WAYCROSS,GA,80,4,Dark,Cloudy,Yard,Yard/switching,4,14215,0,32160,M405,31.213509,-82.353557,80.6,83.1,82.7
UP,0420GP009,2020-04-02,11:00 AM,Other impacts,0,NORTH PLATTE,NE,22,2,Day,Snow,Yard,Single Car,0,55204,0,184551,M407,41.147128,-100.830809,53.3,25.2,26.6
NS,132541,2019-01-21,1:30 PM,Derailment,0,BELLEVUE,OH,2,2,Day,Snow,Yard,Yard/switching,15,167849,3210,171059,S006,41.294374,-82.777474,12.3,2.9,18.2
CSX,000183024,2019-05-17,1:33 PM,Derailment,0,MIAMI-DADE,FL,88,2,Day,Clear,Industry,Freight Train,4,14356,97,14453,M101,25.633597,-80.414431,78.6,78.3,79.5
EIRR,230723002,2023-07-23,4:15 PM,Derailment,0,RUPERT,ID,98,2,Day,Clear,Yard,Yard/switching,7,10000,13978,23978,E64C,42.622167,-113.663859,78.2,82.1,76.7
ATK,140774,2016-01-16,6:28 PM,Rear end collision,0,LISLE,IL,20,3,Dusk,Cloudy,Main,Passenger Train - Pulling,45,31000,0,81000,H402,41.795068,-88.088562,36.5,25.4,3.2
NS,140940,2021-03-16,10:00 PM,Other (describe in narrative),0,ATLANTA,GA,72,4,Dark,Rain,Yard,Yard/switching,10,25527,1443,26970,H306,33.793527,-84.444462,65.1,51.3,53.3
RVSC,RV23014,2023-05-08,4:54 PM,Derailment,0,LA FERIA,TX,90,2,Day,Clear,Industry,Freight Train,3,14000,0,14000,H310,26.152322,-97.856902,83.4,82.7,79.3
WC,835171,2014-12-13,9:37 AM,Rear end collision,0,JOLIET,IL,38,2,Day,Clear,Main,Freight Train,0,433503,13619,597122,H222,41.54203,-88.06025,29.8,41.6,46.5
UP,0521RM006,2021-05-05,12:44 PM,Hwy-rail crossing,0,CLIFTON,CO,66,2,Day,Clear,Main,,0,0,0,17652,M303,39.093298,-108.42697,53.8,61.1,64.2
CPKC,1002026695,2024-01-12,12:45 AM,Other impacts,0,DUBUQUE,IA,26,4,Dark,Snow,Siding,Cut of cars,0,35955,0,36300,H306,42.516681,-90.660096,23.3,27.2,9
FEC,D19032322,2022-03-23,10:30 AM,Derailment,0,JACKSONVILLE,FL,78,2,Day,Clear,Yard,Yard/switching,7,6447,5246,11693,H303,30.252111,-81.611166,68,72.4,65.7
WC,834732,2014-12-08,12:48 AM,Other impacts,0,GARY,IN,39,4,Dark,Clear,Yard,Yard/switching,4,62426,125,62551,H503,41.609258,-87.352447,31.7,34.5,35.4
SFRV,07152021,2021-07-15,8:30 AM,Derailment,0,HIALEAH,FL,82,2,Day,Cloudy,Industry,,0,0,20000,33147,T212,25.816482,-80.258837,81.6,83.9,83.6
UP,1022GL011,2022-10-10,1:40 PM,Hwy-rail crossing,0,RALSTON,IA,77,2,Day,Clear,Main,Freight Train,45,9101,140150,149251,M303,42.041756,-94.641298,53.2,55.2,66.4
SFRV,100916,2016-10-09,4:54 PM,Derailment,0,HIALEAH,FL,85,3,Dusk,Clear,Yard,,0,0,61268,124557,E49C,25.860076,-80.260002,84.4,82.8,79.5
BNSF,KS0422202,2022-04-28,6:21 AM,Hwy-rail crossing,0,CANADIAN,TX,70,1,Dawn,Clear,Main,Freight Train,65,11747,0,11747,M302,35.915548,-100.387576,65.9,70.7,76.2
UP,0623GL028,2023-06-27,1:05 AM,Other (describe in narrative),0,AMES,IA,61,4,Dark,Clear,Yard,Freight Train,6,0,14200,14200,H702,42.028755,-93.51826,69.8,71.5,75.1
UP,0715WH001,2015-07-01,12:50 PM,Hwy-rail crossing,0,CHETOPA,KS,86,2,Day,Clear,Main,Freight Train,49,12569,0,12569,M302,37.09061,-95.11375,79,82.8,80.1
BNSF,CH1015108,2015-10-27,10:30 AM,Other (describe in narrative),0,MENDOTA,IL,55,2,Day,Fog,Yard,Yard/switching,4,26765,0,26765,H302,41.551031,-89.117171,49.6,49.8,49.6
SLRG,SL220217A,2022-02-17,3:02 AM,Derailment,0,LA VETA,CO,8,4,Dark,Snow,Main,Freight Train,7,8005,30541,38546,T222,37.513346,-105.112141,25,11.7,19.7
NS,157078,2024-06-16,10:40 PM,Other impacts,0,ROME,GA,85,4,Dark,Clear,Yard,Single Car,0,1952,0,32148,H310,34.277317,-85.141959,83.3,82.9,82.4
WSOR,190226001,2019-02-26,2:08 AM,Derailment,0,SPRING GROVE,IL,10,4,Dark,Clear,Main,Freight Train,20,92000,3000,95000,T221,42.43929,-88.2373,10.4,16.4,21
NS,131675,2018-11-14,11:40 AM,Other impacts,0,NEW HAVEN,IN,31,2,Day,Clear,Yard,Cut of cars,0,978,0,18905,H312,41.074123,-85.042597,31.6,27,31.9
NS,132252,2019-01-02,5:53 AM,Derailment,0,BELLEVUE,OH,30,1,Dawn,Cloudy,Yard,Yard/switching,2,30216,22295,52511,H019,41.294722,-82.775724,37.6,34.3,31.4