reportingrailroadcode,accidentnumber,date,time,accidenttype,hazmatreleasedcars,station,stateabbr,temperature,visibility_code,visibility,weathercondition,tracktype,equipmenttype,trainspeed,equipmentdamagecost,trackdamagecost,totaldamagecost,primaryaccidentcausecode,latitude,longitude,prior_temp,actual_temp,following_temp
TPW,TPW291823D,2023-01-09,4:05 PM,Derailment,0,SHELDON,IL,33,2,Day,Cloudy,Yard,Yard/switching,7,21000,0,21000,T220,40.770909,-87.549426,29.7,32.3,38.6
WC,929256,2017-04-14,11:30 PM,Other impacts,0,GARY,IN,78,4,Dark,Clear,Yard,Yard/switching,6,12500,0,12500,M201,41.618274,-87.369885,52.3,58.4,70.1
CSX,000166366,2017-01-26,9:40 PM,Other (describe in narrative),0,AVON,IN,35,2,Day,Cloudy,Yard,Cut of cars,4,42043,192,42235,H317,39.759791,-86.327526,43.4,33.4,29.6
UP,0622RM022,2022-06-14,1:30 AM,Derailment,0,POCATELLO,ID,47,4,Dark,Clear,Yard,Yard/switching,3,16546,9186,25732,H307,42.843768,-112.427012,53.9,52.2,55.3
NIRC,9419000913,2022-07-09,8:00 PM,Other impacts,0,CHICAGO,IL,79,3,Dusk,Clear,Main,Spec. MoW Equip.,15,0,21366,21366,E99C,41.77401,-87.59203,75.7,73,76.1
UP,1118HO016,2018-11-13,11:45 PM,Derailment,0,HOUSTON,TX,35,4,Dark,Cloudy,Yard,Yard/switching,4,415,14020,14435,M101,29.813508,-95.288346,51.4,38.9,41.3
GTW,1131701,2023-04-17,12:59 PM,Obstruction,0,MISHAWAKA,IN,36,2,Day,Cloudy,Main,Maint./inspect Car,21,123816,0,123816,H997,41.663326,-86.237226,54.7,35.6,42.3
CSX,000140119,2015-01-16,7:57 AM,Side collision,0,AVON,IN,30,2,Day,Clear,Yard,Single Car,14,26197,0,26197,M407,39.759342,-86.347116,24.4,31.2,39.4
BNSF,TC1121201,2021-11-08,8:10 AM,Hwy-rail crossing,0,LESTER,IA,55,1,Dawn,Clear,Main,Freight Train,43,12950,0,12950,M302,43.404062,-96.321059,49,45.5,42.1
BNSF,KS1121101,2021-11-02,11:08 PM,Derailment,0,LA JUNTA,CO,45,4,Dark,Clear,Main,Freight Train,9,25134,4230,29364,E29C,38.009204,-103.472568,41.2,43.3,45.4
GTW,839122,2015-01-28,12:30 AM,Derailment,0,KINGSBURY,IN,18,4,Dark,Clear,Industry,Freight Train,8,147234,8932,156166,H703,41.523699,-86.696021,24.8,25.8,35
UP,0722RM020,2022-07-24,7:50 PM,Other impacts,0,GRAND JUNCTION,CO,75,3,Dusk,Cloudy,Yard,Cut of cars,0,8897,0,42251,H317,39.063102,-108.553197,88.7,76.5,77.4
CSX,000139619,2015-01-06,11:59 AM,Hwy-rail crossing,0,SHELBURN,IN,25,2,Day,Clear,Main,Freight Train,8,21977,0,21977,M308,39.202946,-87.387134,14.1,20.7,8.8
BNSF,TC0615114,2015-06-27,5:45 PM,Derailment,0,MILTON,ND,75,2,Day,Cloudy,Industry,Cut of cars,0,16790,0,16790,M102,48.625056,-98.043132,70,70.2,70.6
FEC,D15022515,2015-02-25,6:40 PM,Derailment,0,JACKSONVILLE,FL,55,4,Dark,Cloudy,Yard,Yard/switching,5,7855,6925,14780,H702,30.238327,-81.601368,54.5,53,57.9
UP,1021GL007,2021-10-06,5:30 PM,Other impacts,0,ALBERT CITY,IA,71,2,Day,Cloudy,Industry,Freight Train,1,16925,0,19956,H306,42.779364,-94.945468,60.2,62.1,65.2
CSX,000171864,2017-09-22,4:46 AM,Obstruction,0,NAHUNTA,GA,68,4,Dark,Clear,Main,,0,0,97,13827,M402,31.326773,-81.957908,78.4,78.4,77.1
NS,143387,2021-11-06,8:00 AM,Other (describe in narrative),0,MACON,GA,50,2,Day,Clear,Yard,Freight Train,2,9532,8594,18126,H702,32.813729,-83.622793,48,49.4,54.2
BNSF,CH0616112,2016-06-14,1:50 AM,Derailment,0,GALESBURG,IL,74,4,Dark,Clear,Yard,Yard/switching,4,51630,15000,66630,H607,40.934728,-90.369875,75.9,80.3,81.5
CSX,000202513,2022-01-20,12:30 AM,Derailment,0,JACKSONVILLE,FL,48,4,Dark,Cloudy,Yard,Freight Train,5,31326,3388,34714,H702,30.293833,-81.977425,51.8,61.3,53.8
FGA,D072522,2022-07-25,3:15 PM,Derailment,0,LIVE OAK,FL,93,2,Day,Clear,Industry,Freight Train,10,20000,500,20500,E24C,30.352,-83.1,77.3,78,81
BNSF,CH1222119,2022-12-27,9:54 AM,Derailment,0,FORT MADISON,IA,19,2,Day,Clear,Yard,Freight Train,5,35988,700,36688,M101,40.623427,-91.333269,14.8,15.9,40.8
NS,129529,2018-05-14,6:15 AM,Side collision,0,WEST MIFFLIN,PA,55,1,Dawn,Clear,Yard,Freight Train,5,0,0,39000,H302,40.401335,-79.877944,63.6,66.8,71.1
CSX,000209176,2023-01-08,5:30 PM,Other impacts,0,TAMPA,FL,78,3,Dusk,Clear,Yard,Single Car,3,27139,0,49306,H318,27.955863,-82.38963,58,62.5,64.1
CSX,000215186,2023-12-21,2:30 PM,Other impacts,0,MEMPHIS,TN,58,2,Day,Clear,Yard,Light loco(s),5,13389,0,17389,H516,35.16816,-89.962618,42.7,45.3,51.3
CSX,000154702,2015-11-25,2:15 PM,Derailment,0,CHICAGO,IL,45,2,Day,Cloudy,Yard,Freight Train,3,66457,0,93437,H525,41.76175,-87.741168,34.9,45.5,55.8
NS,155539,2024-01-24,9:14 AM,Other impacts,0,ROANOKE,VA,51,2,Day,Cloudy,Yard,Yard/switching,6,152200,4672,156872,H312,37.277109,-79.982324,40.9,49.4,57.7
FEC,D53101019,2019-10-10,10:00 AM,Side collision,0,JACKSONVILLE,FL,77,2,Day,Clear,Yard,Freight Train,0,10000,0,18000,H306,30.227537,-81.593087,75.6,75.5,74.5
IAIS,2016040,2016-07-23,10:26 AM,Derailment,0,SILVIS,IL,84,2,Day,Clear,Yard,Yard/switching,5,9000,5536,14536,E36L,41.510198,-90.398732,78.3,82.1,83.9
UP,0323GL025,2023-03-25,2:07 PM,Derailment,0,COLO,IA,51,2,Day,Cloudy,Main,Freight Train,5,16150,0,16150,E35C,42.018805,-93.243118,37.9,42.4,34
UP,0118ST025,2018-01-27,12:38 PM,Hwy-rail crossing,0,TOYAH,TX,53,2,Day,Cloudy,Main,Freight Train,53,45739,500,46239,M308,31.373858,-103.652319,48.9,44.2,41.2
ATK,149634,2017-09-22,4:41 AM,Obstruction,0,NAHUNTA,GA,68,4,Dark,Clear,Main,Passenger Train - Pulling,78,13730,0,13827,M402,31.313028,-81.961239,78.4,78.4,77.1
SFRV,12302022,2022-12-30,7:55 PM,Derailment,0,HIALEAH,FL,72,4,Dark,Cloudy,Yard,Commuter Train - Pulling,3,23000,0,23000,H999,25.8272,-80.2815,74.2,76.2,75.8
BNSF,TC0323107,2023-03-09,1:30 PM,Derailment,0,SIOUX CITY,IA,34,2,Day,Clear,Yard,Freight Train,0,65758,0,66189,H306,42.509986,-96.374199,33.5,33.1,30.4
BNSF,HL1221102,2021-12-03,6:32 AM,Rear end collision,0,PACIFIC JCTN,IA,40,1,Dawn,Clear,Main,Freight Train,42,1284651,90000,1572598,H404,40.990178,-95.799898,55.4,47.2,38.8
UP,1123GL005,2023-11-07,10:06 AM,Other impacts,0,EAGLE GROVE,IA,45,2,Day,Cloudy,Yard,Cut of cars,4,43662,0,113627,H020,42.676465,-93.917016,53,44.8,48.5
BNSF,PR0818110,2018-08-31,6:30 AM,Derailment,0,PUEBLO,CO,71,1,Dawn,Cloudy,Yard,Yard/switching,6,311452,500,331952,H704,38.272067,-104.624736,77.8,78.7,75.5
UP,0521PN026,2021-05-29,6:25 PM,Other impacts,0,NAMPA,ID,75,3,Dusk,Clear,Yard,Cut of cars,0,17685,0,17983,E30C,43.583884,-116.564718,61,60.6,65.1
GTW,1131701,2023-04-17,12:59 PM,Obstruction,0,MISHAWAKA,IN,36,2,Day,Cloudy,Main,Maint./inspect Car,0,0,0,123816,H997,41.663326,-86.237226,54.7,35.6,42.3
BLF,20200015,2020-01-12,10:30 PM,Obstruction,0,HOLLYWOOD,FL,79,4,Dark,Clear,Main,Passenger Train - Pulling,39,16843,0,16881,M402,26.015894,-80.085932,78,77.6,77.1
GRS,20170129L1,2017-01-29,5:15 AM,Derailment,0,WORCESTER,MA,27,4,Dark,Clear,Main,Freight Train,9,13050,70144,83194,M203,42.356974,-71.7744,31.5,30.5,25.2
NS,144328,2022-02-09,7:50 AM,Hwy-rail crossing,0,TIFTON,GA,56,1,Dawn,Clear,Main,Freight Train,15,842,17000,17842,M303,31.460328,-83.515972,45.1,44.4,50.3
UP,1121GP032,2021-11-17,7:08 PM,Derailment,0,DENVER,CO,32,3,Dusk,Clear,Yard,Yard/switching,7,72355,396575,468930,H306,39.795507,-104.998901,58.3,28.5,33.7
FEC,D149111714,2014-11-17,10:30 AM,Side collision,0,JACKSONVILLE,FL,75,2,Day,Cloudy,Yard,Yard/switching,3,32500,7147,72147,H306,30.251922,-81.61097,61.6,68.2,46.5
UP,0522GL023,2022-05-16,2:51 PM,Obstruction,0,LAKOTA,IA,75,2,Day,Clear,Main,Freight Train,36,35100,416,35516,M402,43.386126,-94.075186,63.7,64.1,58.3
GWR,GWRC192485,2019-05-21,3:05 AM,Derailment,0,FORT COLLINS,CO,30,4,Dark,Snow,Yard,Yard/switching,2,34000,2000,36000,H306,40.5959,-105.0342,37.6,37.1,42.7
NS,153466,2023-06-29,4:15 AM,Other impacts,0,ROANOKE,VA,74,1,Dawn,Clear,Yard,Cut of cars,8,170,0,109320,H020,37.271116,-79.997916,75.3,72.8,76.7
UP,0717UT006,2017-07-10,9:30 AM,Derailment,0,BRIGHAM CITY,UT,78,2,Day,Clear,Yard,Yard/switching,4,36971,1680,38651,H318,41.512901,-112.029413,81.1,82.1,80.1
UP,0122MA036,2022-01-30,2:05 AM,Derailment,0,DUPO,IL,24,4,Dark,Clear,Yard,Freight Train,9,25193,176,25369,H503,38.52859,-90.209345,24.2,31.2,36.3
BNSF,CH0116108,2016-01-25,4:15 AM,Derailment,0,ELWOOD,IL,30,1,Dawn,Clear,Yard,Yard/switching,3,26919,0,26919,M501,41.378846,-88.151036,29.2,34.7,30.5
UP,0323RM025,2023-03-16,10:57 AM,Derailment,0,POCATELLO,ID,28,2,Day,Clear,Yard,Yard/switching,8,11259,92306,103565,H703,42.86862,-112.4548,30.8,25.1,25.3
UP,1021PR009,2021-10-10,2:15 AM,Derailment,0,SOUTH HOLLAND,IL,73,4,Dark,Clear,Yard,Freight Train,8,159989,38400,198389,T221,41.622762,-87.612079,70.1,74.6,70.1
UP,0618NP029,2018-06-24,8:48 AM,Other impacts,0,NORTH PLATTE,NE,80,2,Day,Clear,Yard,Single Car,0,16113,0,17845,M411,41.151827,-100.816178,72.3,66.9,61.9
BNSF,PR0520113,2020-05-21,6:00 PM,Derailment,0,DENVER,CO,80,3,Dusk,Cloudy,Yard,Yard/switching,5,31809,30000,61809,H601,39.770705,-104.989427,72,60.2,65.8
NS,135691,2019-10-02,8:30 AM,Side collision,0,ELKHART,IN,70,2,Day,Rain,Yard,Yard/switching,7,8540,76833,122108,H306,41.67736,-85.978495,78,71.5,62.7
DAIR,032021,2021-09-02,10:25 PM,Derailment,0,SIOUX CITY,IA,66,4,Dark,Rain,Main,Light loco(s),5,0,0,20333,H702,42.493548,-96.392158,67.9,68.3,68.1
UP,0721GP002,2021-07-04,8:00 AM,Derailment,0,OVID,CO,67,2,Day,Clear,Main,Freight Train,50,3256,95300,98556,E68C,40.990235,-102.369144,76.2,77.7,78.5
UP,0123GL039,2023-01-22,1:30 PM,Other (describe in narrative),0,DES MOINES,IA,23,2,Day,Cloudy,Yard,Yard/switching,4,109857,0,109857,E21C,41.589518,-93.566562,29,21.5,20.9
CSX,000166375,2017-01-29,9:32 PM,Derailment,0,HAMMOND,IN,19,4,Dark,Cloudy,Main,Freight Train,29,17443,0,25429,E62C,41.606145,-87.476539,27.7,26.5,25.7
BNSF,PR0721106,2021-07-18,10:32 PM,Derailment,0,COMMERCE CITY,CO,74,4,Dark,Clear,Yard,Light loco(s),1,10000,3550,13550,H607,39.799917,-104.948851,74.6,75,76.9
NICD,N2100030,2021-12-22,7:07 AM,Other impacts,0,CHICAGO,IL,31,1,Dawn,Cloudy,Main,Commuter Train - Pulling,20,6378,0,21262,E78L,41.85695,-87.61763,33.9,26.6,37.9
BNSF,PR0722109,2022-07-22,10:45 AM,Derailment,0,DENVER,CO,96,2,Day,Clear,Yard,Yard/switching,4,6984,321000,327984,H312,39.768625,-104.991588,79,80.6,78.6
ATK,169544,2022-01-23,3:13 PM,Hwy-rail crossing,0,GRANITE CITY,IL,28,2,Day,Clear,Main,Passenger Train - Pulling,68,14730,0,14880,M308,38.713785,-90.144756,26.7,33,36.8
SLRG,SL200929A,2020-09-29,9:39 AM,Derailment,0,LA VETA,CO,59,2,Day,Clear,Main,Freight Train,10,32727,32997,65724,H508,37.528796,-105.134,46.6,53.3,56.6
NJTR,201602072,2016-01-18,7:15 PM,Derailment,0,KEARNY,NJ,18,4,Dark,Clear,Yard,Yard/switching,10,22705,2680,25385,H704,40.744233,-74.108078,34.7,24.9,22.9
CSX,000214047,2023-10-13,9:05 AM,Hwy-rail crossing,0,BALTIMORE,MD,73,2,Day,Clear,Main,Freight Train,9,1793,74226,76019,M302,39.265717,-76.632344,59.9,59.9,56
CC,1149882,2024-05-10,1:00 PM,Derailment,0,WATERLOO,IA,71,2,Day,Clear,Yard,Freight Train,4,15634,559,16193,H318,42.508084,-92.33337,57.5,60.5,62.5
UP,0623HL015,2023-06-20,1:49 PM,Hwy-rail crossing,0,PLEASANTVILLE,IA,82,2,Day,Clear,Main,Freight Train,46,20788,0,20788,M304,41.345491,-93.290989,74.8,76,75.9
NS,144416,2022-02-17,10:00 AM,Other (describe in narrative),0,MACON,GA,72,2,Day,Clear,Yard,Light loco(s),3,4035,191146,195181,H702,32.813729,-83.622793,55.4,65.8,57.9
FEC,D54090415,2015-09-04,5:55 PM,Derailment,0,JACKSONVILLE,FL,85,2,Day,Cloudy,Yard,Light loco(s),8,13944,6997,20941,M405,30.242392,-81.603512,83.9,84.7,80.9
UP,0322GL026,2022-03-24,1:59 AM,Derailment,0,ROCKWELL,IA,33,4,Dark,Cloudy,Main,Freight Train,46,1341026,620774,1961800,H504,42.950196,-93.231481,34.8,35,37.9
CSX,000159803,2016-05-15,1:01 AM,Derailment,0,LOUISVILLE,KY,43,4,Dark,Clear,Yard,Freight Train,3,7060,11400,18460,M405,38.291971,-85.510504,54.2,53.9,52.5
CRSH,146850,2024-04-03,3:30 PM,Side collision,0,LINDEN,NJ,45,2,Day,Rain,Main,Yard/switching,3,14270,0,16490,H306,40.642372,-74.204316,46.6,43.1,43.1
UP,0124GL025,2024-01-16,3:37 PM,Other impacts,0,DES MOINES,IA,2,2,Day,Cloudy,Yard,Single Car,5,100,0,1801,M599,41.588827,-93.559448,-7.2,-1.7,13.4
BNSF,KS1119202,2019-11-28,4:45 AM,Hwy-rail crossing,0,CAMPO,CO,31,1,Dawn,Cloudy,Main,Freight Train,47,16182,2925,19107,M308,37.116807,-102.582422,27.1,31.8,41.1
BNSF,TC0120122,2020-01-27,10:00 AM,Derailment,0,ABERDEEN,SD,20,2,Day,Clear,Yard,Freight Train,7,80000,50000,130000,H704,45.463819,-98.508858,24.5,19.5,24.4
NIRC,9419000503,2021-10-15,5:52 AM,Other (describe in narrative),0,CHICAGO,IL,60,4,Dark,Clear,Main,EMU,35,18276,0,18276,H019,41.699532,-87.608975,66.4,57.6,52.6
UP,1118HO034,2018-11-27,8:17 PM,Derailment,0,HOUSTON,TX,54,4,Dark,Cloudy,Yard,Yard/switching,4,111731,22296,134027,H506,29.785,-95.320894,49.3,51.5,61.6
NS,152723,2023-03-20,11:30 AM,Derailment,0,WEST FAIRVIEW,PA,60,2,Day,Clear,Yard,Yard/switching,7,27100,5341,32441,H503,40.279833,-76.922472,32.8,39.6,46.4
UP,1023GL020,2023-10-22,6:30 AM,Derailment,0,SIOUX CITY,IA,37,1,Dawn,Clear,Yard,Freight Train,6,121932,10120,132052,T220,42.508947,-96.391493,54.9,48.5,60
CSX,000219872,2024-08-10,1:37 PM,Hwy-rail crossing,0,WAYCROSS,GA,91,2,Day,Clear,Main,Freight Train,32,4548,9855,14403,M308,31.207269,-82.36605,85.1,84.9,85
CW,19112020,2020-11-09,8:00 PM,Derailment,0,PUEBLO,CO,45,4,Dark,Clear,Yard,Yard/switching,30,4535,14861,19396,H008,38.241869,-104.594865,54.6,43.9,37.2
CIC,IA201901,2019-06-13,12:10 AM,Other impacts,0,CEDAR RAPIDS,IA,48,4,Dark,Clear,Yard,Light loco(s),0,7801,0,12332,H607,41.928779,-91.683133,61.3,60.3,65.5
BNSF,KS0517108,2017-05-24,9:11 AM,Derailment,0,KANSAS CITY,KS,60,2,Day,Cloudy,Yard,Yard/switching,4,71889,0,71889,H503,39.081345,-94.67454,59.3,57.7,64.8
UP,0222GL014,2022-02-16,7:02 AM,Other impacts,0,DES MOINES,IA,46,2,Day,Cloudy,Yard,Yard/switching,3,62595,33,72627,H318,41.58919,-93.569015,35.1,37.6,16
BNSF,CH1220107,2020-12-21,10:02 PM,Other impacts,0,GALESBURG,IL,32,4,Dark,Clear,Yard,Yard/switching,4,11200,0,12409,M407,40.910499,-90.383022,30.8,37,32.7
ALS,20220104,2022-01-04,2:00 PM,Derailment,0,EAST ST LOUIS,IL,38,2,Day,Clear,Yard,Yard/switching,4,35000,10000,45000,M405,38.594811,-90.147741,22,30.8,29.7
UP,0323RM050,2023-03-27,6:00 AM,Derailment,0,POCATELLO,ID,20,1,Dawn,Snow,Main,Freight Train,4,165788,35806,403558,M405,42.896561,-112.493171,25.7,22.9,27.9
ALS,0123AS020,2023-01-01,6:50 AM,Derailment,0,EAST ST LOUIS,IL,60,1,Dawn,Clear,Yard,Yard/switching,7,29200,1738,30938,H306,38.584204,-90.134442,41.6,54,56
BNSF,RD1022115,2022-10-17,3:30 AM,Derailment,0,DONIE,TX,65,4,Dark,Cloudy,Industry,Freight Train,3,183979,40000,223979,E64C,31.425819,-96.232329,72.1,65.7,54.1
BNSF,PR1120109,2020-11-27,9:58 PM,Head on collision,0,WELLINGTON,CO,32,4,Dark,Clear,Industry,Cut of cars,0,211160,0,329160,E10L,40.869876,-105.016264,33.1,29.9,34.9
UP,1123GL011,2023-11-13,12:15 AM,Derailment,0,BOONE,IA,43,4,Dark,Cloudy,Yard,Yard/switching,6,8390,5460,13850,H703,42.062196,-93.863163,50.8,48.2,53.1
NS,143464,2021-11-14,11:05 PM,Other impacts,0,CHICAGO,IL,34,4,Dark,Clear,Yard,Single Car,1,5012,300,12965,H312,41.694381,-87.564354,37.8,36,33.4
BNSF,KS0416101,2016-04-10,10:00 PM,Derailment,0,AMARILLO,TX,55,4,Dark,Rain,Yard,Cut of cars,3,15114,0,122313,H020,35.199377,-101.82907,61.5,66,46.6
CSX,000139783,2015-01-09,3:45 AM,Derailment,0,INDIANAPOLIS,IN,7,4,Dark,Clear,Yard,Yard/switching,7,16007,1600,17607,E39C,39.762777,-86.15558,3.6,10.4,10.6
ALS,202202022,2022-02-02,2:55 PM,Derailment,0,EAST ST LOUIS,IL,22,2,Day,Clear,Yard,Light loco(s),3,28902,5560,34462,M101,38.587515,-90.134987,45.9,24.7,18.3
UP,1015HO003,2015-10-01,12:00 PM,Other (describe in narrative),0,LA PORTE,TX,64,2,Day,Cloudy,Yard,Single Car,0,14135,0,14135,M507,29.78759,-95.31027,81,79.1,73.9
BNSF,CH0223108,2023-02-03,10:00 PM,Other (describe in narrative),0,AGENCY,IA,10,4,Dark,Clear,Main,Freight Train,50,7377,46085,53462,E61C,40.990097,-92.258035,22,5.7,34.3
BNSF,KS0818106,2018-08-20,12:04 AM,Side collision,0,KANSAS CITY,KS,70,4,Dark,Rain,Yard,Cut of cars,4,431,0,64748,H308,39.083224,-94.680744,76.3,70.6,74
UP,0923GL023,2023-09-24,2:40 AM,Derailment,0,LOWDEN,IA,64,4,Dark,Cloudy,Main,Freight Train,3,0,28594,28594,H705,41.867417,-90.955971,73,71,68.5
UP,0323GL015,2023-03-17,5:40 AM,Derailment,0,COUNCIL BLUFFS,IA,21,1,Dawn,Clear,Yard,Yard/switching,5,31440,2453,33893,H307,41.242498,-95.878082,36.8,25.6,17.3
UP,1222HO002,2022-12-02,9:00 AM,Derailment,0,HOUSTON,TX,68,2,Day,Cloudy,Yard,Freight Train,7,2738,23250,25988,E64C,29.815662,-95.287984,50.7,67,71.6
CIC,D202309,2023-10-06,1:10 AM,Derailment,0,CEDAR RAPIDS,IA,51,4,Dark,Clear,Yard,Freight Train,4,167255,36006,203261,H508,42.065984,-91.676069,60.6,48.6,48.5
NIRC,MEI083,2015-07-25,8:32 PM,Other (describe in narrative),0,CHICAGO,IL,80,4,Dark,Clear,Main,EMU,15,32092,12777,44869,M599,41.767792,-87.591538,78.3,79.9,76.2
FEC,X09021820,2020-02-18,10:15 AM,Hwy-rail crossing,0,POMPANO BEACH,FL,80,2,Day,Clear,Main,,0,0,373,67371,M308,26.15375,-80.0704,75.7,78.2,78.9
NS,145993,2022-07-26,3:30 AM,Side collision,0,ATLANTA,GA,77,4,Dark,Clear,Yard,Light loco(s),2,3870,0,24122,H399,33.793519,-84.444441,82,82.4,83.4
BNSF,MT1122201,2022-11-08,6:00 PM,Hwy-rail crossing,0,SANDPOINT,ID,25,3,Dusk,Clear,Main,Freight Train,45,1100,25000,26100,M308,48.42929,-116.493208,24.5,27.4,27.6
UP,1220PR015,2020-12-24,12:44 AM,Derailment,1,DIXON,IL,17,4,Dark,Cloudy,Main,Freight Train,41,2117311,366980,2484291,H519,41.823713,-89.521461,42.4,11.8,13.3
BNSF,TC0816101,2016-08-02,12:20 AM,Derailment,0,BRISTOL,SD,70,4,Dark,Clear,Main,Freight Train,26,72706,800,73506,M105,45.354938,-97.837318,76.8,76.8,77.7
BNSF,CH0523103,2023-05-04,11:02 PM,Derailment,0,CHILLICOTHE,IA,61,4,Dark,Clear,Industry,Freight Train,4,96289,350000,446289,H701,41.090803,-92.553214,52.2,61.6,61.1
UP,1118SA036,2018-11-27,9:19 PM,Fire/violent rupture,0,ROSANKY,TX,47,4,Dark,Clear,Main,Freight Train,30,24586,700,25286,E74L,29.932987,-97.328563,46.3,46.3,57
NS,119316,2016-02-11,6:30 AM,Side collision,0,NEW ALBANY,KY,20,1,Dawn,Clear,Yard,Freight Train,0,12000,0,12030,H307,38.263535,-85.801414,17,14.6,16.4
BNSF,KS0118110,2018-01-14,8:45 AM,Derailment,0,KANSAS CITY,KS,8,1,Dawn,Clear,Yard,Yard/switching,4,29050,0,29050,M404,39.084201,-94.689462,17.6,25.6,15.5
UP,0618TC003,2018-06-01,10:35 PM,Derailment,0,DES MOINES,IA,81,4,Dark,Cloudy,Yard,Yard/switching,6,33380,10288,43668,E64C,41.58968,-93.57182,79.3,81.6,73.4
IANR,VID0221211,2021-02-21,10:20 PM,Derailment,0,VINTON,IA,29,4,Dark,Snow,Industry,Freight Train,6,24621,10600,35221,M599,42.164748,-92.03161,14.8,25.2,33.7
WC,997544,2019-05-03,5:50 AM,Other impacts,0,GARY,IN,50,1,Dawn,Clear,Yard,Single Car,0,0,0,12057,H993,41.62868,-87.415559,46.1,46.8,50.1
EIRR,211114001,2021-11-14,2:00 PM,Fire/violent rupture,0,HAZELTON,ID,65,2,Day,Clear,Main,Freight Train,25,95000,0,95000,M406,42.606815,-113.995163,50.6,51.9,53.9
UP,0722HL013,2022-07-08,7:46 PM,Derailment,0,COFFEYVILLE,KS,94,3,Dusk,Clear,Yard,Freight Train,0,63306,50,63356,H505,37.030424,-95.630984,91.3,89.6,82.7
CSX,000209041,2023-01-01,10:52 AM,Derailment,0,JACKSONVILLE,FL,65,2,Day,Fog,Yard,Cut of cars,0,15000,0,30828,H702,30.359359,-81.716903,66.4,64.4,62.3
RTDC,171256,2021-04-28,12:49 PM,Hwy-rail crossing,0,AURORA,CO,50,2,Day,Clear,Main,EMU,77,250000,8325,258325,M308,39.759678,-104.810126,48.3,44.5,52.8
NS,138223,2020-06-13,8:00 AM,Hwy-rail crossing,0,MCDONOUGH,GA,75,2,Day,Clear,Main,Freight Train,39,12763,0,12763,M308,33.447912,-84.154683,75.8,76.9,71.6
BNSF,PR0520106,2020-05-13,9:15 PM,Derailment,0,MONUMENT,CO,55,4,Dark,Clear,Yard,Single Car,4,25861,15000,40861,M502,39.087041,-104.87282,44.4,58.1,56
CSX,000195431,2021-02-01,1:50 AM,Rear end collision,0,WALBRIDGE,OH,25,4,Dark,Snow,Yard,Single Car,4,13359,0,33257,H318,41.58993,-83.49686,29.6,28,26.4
UP,1015HO014,2015-10-14,12:40 PM,Hwy-rail crossing,0,MISSOURI CITY,TX,80,2,Day,Clear,Main,Freight Train,41,489,11000,11489,M308,29.623813,-95.526284,78.2,71.6,71.3
ALS,20210123,2021-01-23,6:15 AM,Derailment,0,EAST ST LOUIS,IL,19,4,Dark,Clear,Yard,Yard/switching,4,7314,14200,21514,M599,38.588833,-90.136453,31.5,28.8,37.1
UP,0522HL006,2022-05-01,9:00 AM,Obstruction,0,KANSAS CITY,KS,62,2,Day,Cloudy,Yard,Freight Train,7,203877,89934,293811,M404,39.146312,-94.593657,58.6,59.1,53.5
CSX,000207442,2022-09-08,9:00 PM,Other impacts,0,TAMPA,FL,86,4,Dark,Cloudy,Yard,Single Car,4,46015,0,46629,H318,27.955863,-82.38963,84.4,78.4,79.1
SFRV,011220221,2022-01-12,6:19 PM,Hwy-rail crossing,0,FORT LAUDERDALE,FL,75,4,Dark,Clear,Main,,0,0,0,17680,M302,26.20334,-80.149906,68.6,72,69.7
UP,0921MA001,2021-09-01,2:25 PM,Derailment,0,VENICE,IL,81,2,Day,Clear,Yard,Freight Train,5,12925,0,35496,H503,38.676411,-90.16485,76,73.6,69.9
FEC,D01010223,2023-01-02,11:15 AM,Derailment,0,JACKSONVILLE,FL,69,2,Day,Clear,Yard,Yard/switching,6,21286,15321,36607,H702,30.237579,-81.600862,64.4,62.3,67.1
NS,157022,2024-06-10,6:30 PM,Other impacts,0,MACON,GA,87,3,Dusk,Clear,Yard,Single Car,6,9000,5000,22452,M411,32.81373,-83.622794,80.5,81.9,76.2
CSX,000207908,2022-10-18,1:20 PM,Side collision,0,WAYCROSS,GA,78,2,Day,Clear,Yard,Yard/switching,4,2143,0,13581,H307,31.213509,-82.353557,72.9,61.4,49.7
UP,1117FW029,2017-11-22,11:00 AM,Derailment,0,BIG SPRING,TX,65,2,Day,Clear,Siding,Freight Train,5,13702,3198,16900,H702,32.258249,-101.469998,55.7,45.7,51
CSX,000216361,2024-02-25,11:12 AM,Other impacts,0,NASHVILLE,TN,55,2,Day,Clear,Yard,Single Car,0,100,0,17100,S016,36.112136,-86.770713,45.2,48.5,65.5
CSX,000208351,2022-11-14,9:00 AM,Derailment,0,ORLANDO,FL,76,2,Day,Clear,Yard,Cut of cars,3,11762,0,11962,H602,28.432064,-81.36952,69.6,71.1,73.7
CSX,000197169,2021-04-22,1:47 PM,Derailment,0,JACKSONVILLE,FL,72,2,Day,Clear,Main,Freight Train,7,68969,97,69066,H525,30.332804,-81.683666,73.2,59.8,64.3
NS,151071,2022-10-06,9:45 AM,Raking collision,0,WEST FAIRVIEW,PA,63,2,Day,Clear,Yard,Light loco(s),0,15000,160,242521,H018,40.279833,-76.922472,56.2,62,63