reportingrailroadcode,accidentnumber,date,time,accidenttype,hazmatreleasedcars,station,stateabbr,temperature,visibility_code,visibility,weathercondition,tracktype,equipmenttype,trainspeed,equipmentdamagecost,trackdamagecost,totaldamagecost,primaryaccidentcausecode,latitude,longitude,prior_temp,actual_temp,following_temp
UP,1123GL005,2023-11-07,10:06 AM,Other impacts,0,EAGLE GROVE,IA,45,2,Day,Cloudy,Yard,Yard/switching,6,66020,3945,113627,H020,42.676465,-93.917016,53,44.8,48.5
UP,0416HO048,2016-04-30,2:50 AM,Derailment,0,PALESTINE,TX,70,4,Dark,Rain,Main,Freight Train,20,34771,691200,725971,M103,31.707207,-95.69291,76.9,72.4,70.8
UP,0215WH006,2015-02-21,1:15 AM,Derailment,0,WICHITA,KS,33,4,Dark,Cloudy,Siding,Freight Train,8,9099,103443,112542,E54C,37.721971,-97.328976,32,42.3,22.5
BNSF,PR0222115,2022-02-18,5:30 PM,Side collision,0,DENVER,CO,27,3,Dusk,Clear,Yard,Freight Train,10,20046,41500,73251,H307,39.764033,-104.993076,20.2,32.9,40.9
NS,132624,2019-01-28,10:15 AM,Other (describe in narrative),0,ALBION,IL,46,2,Day,Clear,Industry,Freight Train,2,11570,47258,58828,H306,38.3723,-88.023634,26.4,33.6,18.1
EIRR,220325002,2022-03-25,2:50 AM,Derailment,0,HAZELTON,ID,44,4,Dark,Clear,Main,Freight Train,23,37000,342000,379000,E68C,42.599145,-114.028257,53.4,54.5,55
UP,0418NP013,2018-04-16,11:00 AM,Obstruction,0,MISSOURI VALLEY,IA,51,2,Day,Clear,Main,Spec. MoW Equip.,20,16590,0,16590,H997,41.558519,-96.024674,26.6,33.9,41.9
CSX,000152871,2015-10-05,8:30 AM,Derailment,0,UNION CITY,KY,65,2,Day,Clear,Yard,Yard/switching,6,12210,1000,13210,H702,37.850352,-84.256836,62.6,66.4,66.2
CSX,000169411,2017-06-05,9:45 AM,Derailment,0,THOMASVILLE,GA,80,2,Day,Cloudy,Yard,Spec. MoW Equip.,0,2500,509,10728,M405,30.834434,-83.97587,77.5,77.3,74.4
BNSF,KS0818106,2018-08-20,12:04 AM,Side collision,0,KANSAS CITY,KS,70,4,Dark,Rain,Yard,Yard/switching,0,64317,0,64748,H308,39.083224,-94.680744,76.3,70.6,74
SFRV,051716,2016-05-17,9:53 AM,Derailment,0,MIAMI,FL,90,2,Day,Cloudy,Yard,Commuter Train - Pushing,2,36423,11939,48362,H704,25.85288,-80.259048,81.8,82.6,79.9
CSX,000160287,2016-06-03,1:05 AM,Derailment,0,JACKSONVILLE,FL,78,4,Dark,Clear,Yard,Freight Train,3,48904,2658,51562,M599,30.437041,-81.643089,82.5,83.8,83.9
NS,144371,2022-02-13,2:30 PM,Other (describe in narrative),0,CHICAGO,IL,17,2,Day,Clear,Yard,Yard/switching,0,20563,18613,173298,H702,41.694381,-87.564354,19.5,16,20.6
SFRV,010416,2016-01-04,6:49 AM,Hwy-rail crossing,0,LAKE WORTH,FL,63,2,Day,Clear,Main,Commuter Train - Pushing,64,595768,146950,742718,M304,26.608905,-80.069356,69.2,62.2,66.8
CSX,000216649,2024-03-09,3:15 PM,Other (describe in narrative),0,NASHVILLE,TN,55,2,Day,Clear,Yard,Light loco(s),5,153500,22350,175850,H702,36.112136,-86.770713,60,50.2,44.4
UP,0115PC004,2015-01-24,12:40 PM,Derailment,0,POCATELLO,ID,40,2,Day,Clear,Yard,Yard/switching,6,31931,16500,48431,H702,42.859887,-112.445628,24.3,29.4,32.4
IANR,MAD0213231,2023-02-13,1:00 PM,Derailment,0,MANLY,IA,32,2,Day,Cloudy,Yard,Yard/switching,5,63500,300,63800,M101,43.304753,-93.20532,29.2,31.6,36.5
NS,144242,2022-02-02,5:45 PM,Derailment,0,JAMES,GA,50,3,Dusk,Clear,Industry,Freight Train,9,89210,0,89210,H306,32.919674,-83.515966,46.5,56.2,66.1
ATK,170239,2022-03-28,7:52 AM,Hwy-rail crossing,0,LAS ANIMAS,CO,65,2,Day,Clear,Main,Passenger Train - Pulling,30,16500,0,16500,M304,38.06073,-103.28031,50,56.8,54.1
NS,157383,2024-07-12,4:42 PM,Derailment,0,SUWANEE,GA,91,3,Dusk,Clear,Main,Freight Train,43,12850,110000,122850,M505,34.057757,-84.065896,79.1,81.2,82.8
UP,0724GL005,2024-07-06,5:24 AM,Other impacts,0,DES MOINES,IA,61,1,Dawn,Clear,Yard,Single Car,3,7857,0,20721,H318,41.589444,-93.570348,69.8,73.4,73.4
BLF,20220330,2022-03-06,5:20 PM,Hwy-rail crossing,0,OAKLAND PARK,FL,79,2,Day,Clear,Main,Passenger Train - Pulling,79,15436,0,16326,M308,26.170479,-80.131404,77,77.7,78
IAIS,202329,2023-07-06,11:30 AM,Derailment,0,DES MOINES,IA,75,2,Day,Clear,Yard,,0,0,68785,137570,E07C,41.585291,-93.54287,73.7,67.8,62.6
CSX,000170720,2017-08-04,10:22 PM,Derailment,0,FAIRBURN,GA,78,4,Dark,Cloudy,Industry,Freight Train,6,31000,0,31000,M501,33.536477,-84.639516,75.2,76.8,78.1
BLF,20210116,2021-11-23,9:56 AM,Hwy-rail crossing,0,DELRAY BEACH,FL,73,2,Day,Clear,Main,Passenger Train - Pulling,79,10955,0,11208,M308,26.461654,-80.070318,73.6,65.4,66.9
UP,0621PR021,2021-06-22,10:30 PM,Other impacts,0,DOLTON,IL,60,4,Dark,Cloudy,Yard,Cut of cars,0,56653,0,80840,H318,41.616239,-87.610539,67.6,63.8,68.6
UP,0722HL025,2022-07-20,2:35 PM,Derailment,0,ATCHISON,KS,90,2,Day,Clear,Main,Freight Train,19,8576,50015,58591,E53C,39.532337,-95.10427,80.5,78.7,78.1
FEC,X28123021,2021-12-30,6:00 AM,Hwy-rail crossing,0,AVENTURA,FL,72,1,Dawn,Clear,Main,,0,0,385,25489,M308,25.974438,-80.147844,73.6,74.5,74.7
BNSF,PR0716203,2016-07-20,10:52 PM,Hwy-rail crossing,0,GURLEY,NE,77,4,Dark,Clear,Main,Freight Train,44,6632,8870,15502,M302,41.323078,-102.973672,77.9,84.1,83.8
BNSF,PR1020108,2020-10-26,9:15 PM,Derailment,0,AVONDALE,CO,5,4,Dark,Snow,Yard,Freight Train,7,104191,213424,317615,H503,38.263817,-104.35585,25.3,10.3,15.6
CW,10062020,2020-06-18,3:30 AM,Derailment,0,PUEBLO,CO,61,4,Dark,Clear,Siding,Yard/switching,3,12305,5861,23166,H702,38.211944,-104.610833,81.5,72.8,62.2
UP,0621GL018,2021-06-15,2:30 PM,Other impacts,0,COUNCIL BLUFFS,IA,90,2,Day,Clear,Yard,Cut of cars,0,1765,0,16965,H312,41.246328,-95.875064,80.6,80.5,82.5
CSX,000200679,2021-10-14,12:07 AM,Derailment,0,WAYCROSS,GA,65,4,Dark,Fog,Yard,Yard/switching,5,10580,0,19262,H399,31.213524,-82.353588,70.8,71.8,73.2
UP,0222RM019,2022-02-18,9:55 PM,Derailment,0,SYRACUSE,UT,42,4,Dark,Clear,Main,Freight Train,49,35910,88708,124618,E62C,40.726622,-113.475547,30.3,36,40.1
UP,0521GP023,2021-05-25,2:40 AM,Other impacts,0,DENVER,CO,55,4,Dark,Clear,Yard,Yard/switching,4,7332,66,33997,H018,39.788168,-104.998484,57.8,61.4,65.3
WC,844977,2015-03-27,12:30 PM,Derailment,0,GARY,IN,35,2,Day,Cloudy,Yard,Freight Train,3,6520,47976,54496,H704,41.624473,-87.385962,37.8,27.2,27.2
UP,0721PR005,2021-07-14,4:00 AM,Derailment,0,MELROSE PARK,IL,70,1,Dawn,Clear,Yard,Yard/switching,5,5443,27044,32487,H702,41.89596,-87.907638,73,77.1,74
ATK,169752,2022-02-10,6:45 PM,Obstruction,0,DEERFIELD,IL,30,4,Dark,Clear,Main,Passenger Train - Pulling,0,11450,0,11450,M402,42.147923,-87.838683,37.3,30.5,37.7
BNSF,SW0215109,2015-02-20,10:00 AM,Derailment,0,GALLUP,NM,54,2,Day,Clear,Yard,Yard/switching,2,15000,0,15000,H318,35.529286,-108.741064,39.6,43.2,42.7
IC,834513,2014-12-05,2:55 PM,Derailment,0,HOMEWOOD,IL,34,2,Day,Cloudy,Yard,Yard/switching,8,22114,75,22189,H601,41.568584,-87.66317,30.6,35.9,37.4
BNSF,CH1021104,2021-10-05,7:40 AM,Derailment,0,GALESBURG,IL,65,1,Dawn,Clear,Yard,Yard/switching,5,133347,2700,136047,H318,40.920161,-90.376569,61,61.8,63.5
UP,1017UT003,2017-10-01,1:50 PM,Derailment,0,OGDEN,UT,55,2,Day,Cloudy,Yard,Yard/switching,5,1469,191942,193411,M101,41.215755,-111.982732,55.3,48.9,40.9
BNSF,PR1120109,2020-11-27,9:58 PM,Head on collision,0,WELLINGTON,CO,32,4,Dark,Clear,Industry,Light loco(s),35,118000,0,329160,E10L,40.869876,-105.016264,33.1,29.9,34.9
ATK,168854,2021-10-30,11:38 AM,Hwy-rail crossing,0,SEVILLE,FL,65,2,Day,Clear,Main,Passenger Train - Pulling,57,15214,0,15214,M302,29.354497,-81.503353,71.4,65.1,62.6
UP,0422MA003,2022-04-07,4:47 AM,Derailment,0,MODOC,IL,42,4,Dark,Cloudy,Yard,Freight Train,7,6019,29760,35779,M405,38.014336,-90.006726,54.7,46.4,38.5
NS,145628,2022-06-22,1:20 PM,Side collision,0,ATLANTA,GA,97,2,Day,Clear,Yard,Yard/switching,8,5655,14144,24799,H305,33.793527,-84.444462,81.9,84.1,85.5
IAIS,2022024,2022-07-13,2:48 PM,Hwy-rail crossing,0,WALNUT,IA,85,2,Day,Clear,Main,Freight Train,32,365000,485000,850000,M308,41.414017,-95.211861,71.1,73.5,78.1
SLRG,SL220424A,2022-04-24,9:08 PM,Other impacts,0,LA VETA,CO,32,4,Dark,Snow,Siding,Cut of cars,0,25180,0,39772,E08C,37.511354,-105.019478,30.7,28,31.7
BNSF,SF1115107,2015-11-12,4:00 PM,Side collision,0,TULSA,OK,60,2,Day,Clear,Yard,Yard/switching,10,30000,0,31000,H305,36.12667,-96.01269,66,51.8,50
CSX,000159870,2016-05-18,5:55 AM,Derailment,0,CLEVELAND,OH,54,1,Dawn,Clear,Yard,Light loco(s),4,756,10363,11119,H702,41.571339,-81.55684,55.8,54.9,56.2
BNSF,HL0220108,2020-02-07,7:15 PM,Derailment,0,LINCOLN,NE,37,3,Dusk,Clear,Yard,Freight Train,5,43921,6500,50421,H306,40.807547,-96.765353,25.9,26.9,28.4
UP,0922GP001,2022-09-01,2:00 AM,Derailment,0,PUEBLO,CO,65,4,Dark,Clear,Yard,Freight Train,8,11755,7920,19675,E4TC,38.275363,-104.634829,75.9,75.5,77.6
FEC,X16102716,2016-10-27,11:50 PM,Hwy-rail crossing,0,MIAMI-DADE,FL,77,4,Dark,Clear,Main,Freight Train,45,10501,214000,224501,M304,25.906006,-80.159021,78.3,76,76.7
UP,0124GL046,2024-01-15,5:00 AM,Other (describe in narrative),0,STATE CENTER,IA,-16,1,Dawn,Clear,Main,Freight Train,2,19016,0,19016,M199,42.025988,-93.100574,-12.9,-7.9,-2.5
IAIS,2021041,2021-08-15,8:17 AM,Derailment,0,COUNCIL BLUFFS,IA,63,2,Day,Clear,Yard,,0,0,0,70302,H514,41.250945,-95.871716,72.9,72.9,74.6
BNSF,CH1021202,2021-10-27,11:26 AM,Hwy-rail crossing,0,ALBIA,IA,56,2,Day,Cloudy,Main,,0,0,0,50000,M302,41.074819,-92.72684,47.5,52.9,47.2
CSX,000172051,2017-10-06,4:05 PM,Derailment,0,CHATTANOOGA,TN,85,2,Day,Clear,Yard,Freight Train,6,7636,6560,14196,E64C,35.012658,-85.371483,67.5,68.3,73.8
UP,0918DV019,2018-09-22,2:34 PM,Fire/violent rupture,0,COMMERCE CITY,CO,90,2,Day,Clear,Main,Freight Train,10,38367,0,38367,E73L,39.796479,-104.95343,61.6,67.4,70.1
UP,0918DV009,2018-09-02,12:30 PM,Derailment,0,EATON,CO,55,2,Day,Clear,Industry,Yard/switching,5,70000,18150,88150,M501,40.526384,-104.705879,68.9,66,67.9
BNSF,MT0921101,2021-09-03,11:30 AM,Derailment,0,WILLISTON,ND,75,2,Day,Clear,Main,Freight Train,9,93103,0,93103,H306,48.143441,-103.657059,65.3,61.2,63.7
NIRC,9419000571,2021-12-11,6:33 AM,Obstruction,0,GLENVIEW,IL,40,4,Dark,Clear,Main,Commuter Train - Pushing,20,39104,0,39104,M404,42.07489,-87.8058,42.7,41.1,40.7
KCS,21051103,2021-05-11,3:45 PM,Derailment,0,CORPUS CHRISTI,TX,84,2,Day,Clear,Yard,Freight Train,6,21195,50036,71231,T221,27.785477,-97.52923,80.8,81.4,73.5
FEC,X32112017,2017-11-20,11:34 AM,Hwy-rail crossing,0,COCOA,FL,80,2,Day,Clear,Main,Freight Train,48,50000,299097,349097,M308,28.404486,-80.755401,70.1,70.2,72.1
CSX,000143831,2015-03-27,8:00 AM,Hwy-rail crossing,0,ORANGE PARK,FL,55,2,Day,Cloudy,Main,Freight Train,35,29568,7081,36649,M308,30.142178,-81.745398,69.2,69.3,57.6
SFRV,07272019,2019-07-27,2:00 PM,Other (describe in narrative),0,MIAMI-DADE,FL,85,2,Day,Rain,Main,Commuter Train - Pulling,0,0,79800,79800,H704,25.552745,-80.113763,80.7,81.7,82.6
FEC,X30060722,2022-06-07,2:24 PM,Hwy-rail crossing,0,OAKLAND PARK,FL,80,2,Day,Rain,Main,,0,0,208,28208,M308,26.20364,-80.13234,82.3,78.9,79.6
KCS,22071904,2022-07-19,12:30 PM,Other impacts,0,SHREVEPORT,LA,100,2,Day,Clear,Yard,Light loco(s),4,35048,0,35048,H302,32.541952,-93.844698,91.9,91.3,92
UP,0223GL006,2023-02-02,12:30 AM,Obstruction,0,SIOUX CITY,IA,9,4,Dark,Clear,Industry,Freight Train,5,45528,0,45528,E85C,42.415866,-96.364086,8.9,7,7.5
NS,143329,2021-11-01,1:00 AM,Other impacts,0,ATLANTA,GA,72,4,Dark,Clear,Yard,Single Car,0,7789,0,16747,H312,33.793527,-84.444462,55.5,57,55.5
NS,105509,2014-12-09,4:30 AM,Other (describe in narrative),0,LANCASTER,PA,33,4,Dark,Rain,Main,Freight Train,10,0,0,32000,H221,40.0561,-76.316743,28,37.4,38.1
ATK,168848,2021-10-29,10:10 PM,Obstruction,0,LOCKPORT,IL,53,4,Dark,Rain,Main,Passenger Train - Pulling,75,12833,0,12833,M402,41.59815,-88.05465,50.2,53.5,52.9
WC,980019,2018-11-27,1:20 AM,Derailment,0,GARY,IN,24,4,Dark,Clear,Yard,Yard/switching,4,7500,18751,26251,M599,41.610485,-87.351565,29.9,22.4,23.5
ATK,166990,2021-05-05,12:44 PM,Hwy-rail crossing,0,CLIFTON,CO,60,2,Day,Clear,Main,Passenger Train - Pulling,78,17652,0,17652,M303,39.092441,-108.430581,53.8,61.1,64.2
FEC,D51A080521,2021-08-05,6:00 AM,Derailment,0,MIAMI-DADE,FL,79,4,Dark,Cloudy,Industry,Yard/switching,5,4203,31852,36055,M405,25.842042,-80.2546,80.4,84,85.5
FEC,D53081621,2021-08-16,11:00 PM,Raking collision,0,MIAMI-DADE,FL,79,4,Dark,Cloudy,Yard,Yard/switching,2,15000,60743,1010743,H702,25.817113,-80.309002,80.9,84.3,85.4
UP,0523RM031,2023-05-29,6:40 PM,Derailment,0,POCATELLO,ID,64,3,Dusk,Cloudy,Yard,Yard/switching,5,30349,6766,37115,E64C,42.866283,-112.452586,63.4,63.2,62
UP,0522HL001,2022-05-01,11:46 PM,Obstruction,0,KANSAS CITY,KS,56,4,Dark,Cloudy,Yard,Yard/switching,4,29780,50,29830,M404,39.095892,-94.658676,58.6,59.1,53.5
CSX,000169719,2017-06-18,4:50 PM,Other impacts,0,INDIANAPOLIS,IN,78,3,Dusk,Cloudy,Yard,Cut of cars,5,25000,368,25368,E09C,39.759791,-86.327526,77.8,74.6,71.2
FEC,X23A121121,2021-12-11,5:44 PM,Hwy-rail crossing,0,HOLLYWOOD,FL,75,4,Dark,Clear,Main,,0,0,0,15139,M308,26.0104,-80.149051,75.8,76.2,76
CSX,000210960,2023-04-23,11:50 PM,Derailment,0,TERRE HAUTE,IN,34,4,Dark,Cloudy,Yard,Yard/switching,3,14603,251,14854,H306,39.481063,-87.400174,46,42.8,43.1
CSX,000173062,2017-11-27,1:48 AM,Derailment,2,KATHLEEN,FL,49,4,Dark,Fog,Main,Freight Train,26,311815,277056,588871,E53C,28.130937,-82.033728,61.7,61.4,68.4
BNSF,TC0323107,2023-03-09,1:30 PM,Derailment,0,SIOUX CITY,IA,34,2,Day,Clear,Yard,Yard/switching,2,431,0,66189,H306,42.509986,-96.374199,33.5,33.1,30.4
ATK,162870,2020-01-24,11:10 AM,Obstruction,0,NEWINGTON,CT,44,2,Day,Clear,Main,Passenger Train - Pushing,80,29738,32514,159766,H402,41.67762,-72.750006,28.2,34.9,40.2
UP,0723GL024,2023-07-17,7:27 AM,Other impacts,0,BOONE,IA,61,2,Day,Clear,Yard,Yard/switching,6,62943,0,62943,H318,42.06245,-93.862325,70,67.4,66.7
BNSF,KS0518109,2018-05-31,10:00 PM,Derailment,0,AMARILLO,TX,65,4,Dark,Clear,Yard,Yard/switching,7,27867,7500,35367,H318,35.212901,-101.818938,77.7,79,87
SW,20141205,2014-12-05,3:00 AM,Other impacts,0,TYRONE,NM,41,4,Dark,Clear,Siding,Freight Train,25,25000,4000,29000,E09L,32.709,-108.3019,49.8,47.3,48.1
BNSF,PR1122110,2022-11-27,7:01 PM,Derailment,0,DENVER,CO,45,3,Dusk,Clear,Yard,Yard/switching,3,21393,21500,42893,E30C,39.769248,-104.990273,42.2,37.2,40.5
CSX,000209635,2023-02-03,1:30 AM,Side collision,0,HIALEAH,FL,80,4,Dark,Clear,Yard,Freight Train,4,1400,0,13000,H306,25.858094,-80.259987,75.9,76.1,69.9
WC,835039,2014-12-12,12:30 AM,Derailment,0,GARY,IN,28,4,Dark,Clear,Yard,,0,0,5174,16143,E34C,41.612595,-87.354414,28.5,29.3,41.8
UP,0523GL010,2023-05-12,1:32 PM,Hwy-rail crossing,0,LISBON,IA,74,2,Day,Cloudy,Main,Freight Train,60,23336,0,23336,M302,41.925625,-91.34203,69.4,72,69
NIRC,2021072035,2021-01-25,3:08 PM,Other (describe in narrative),0,LIBERTYVILLE,IL,32,2,Day,Snow,Main,Commuter Train - Pushing,55,15646,0,15646,M404,42.29437,-87.96434,30.6,30.1,29.5
ALS,20220203,2022-02-03,8:15 PM,Derailment,0,EAST ST LOUIS,IL,19,4,Dark,Clear,Yard,Yard/switching,4,850,36653,37503,M101,38.587241,-90.134051,24.7,18.3,19.7
CSX,000165443,2016-12-23,8:30 PM,Other impacts,0,AVON,IN,36,4,Dark,Rain,Yard,Single Car,10,59075,0,59175,S014,39.759023,-86.364335,35,33.5,40.1
NS,145702,2022-06-29,10:10 AM,Derailment,0,AUSTELL,GA,80,2,Day,Clear,Yard,Freight Train,14,148357,23443,171800,H307,33.819541,-84.652581,75.9,76.5,77.9
UP,0819GL041,2019-08-03,11:35 AM,Other (describe in narrative),0,CEDAR RAPIDS,IA,76,2,Day,Clear,Yard,Single Car,0,35030,0,35030,E29C,41.931574,-91.720006,70.9,74.3,75.3
UP,0622RM017,2022-06-10,6:23 AM,Derailment,0,POCATELLO,ID,59,1,Dawn,Cloudy,Main,Freight Train,27,822742,605349,1430122,M204,42.827427,-112.409665,64.5,68.4,67.8
CC,999740,2019-05-26,10:30 PM,Derailment,0,WATERLOO,IA,68,4,Dark,Clear,Yard,Yard/switching,4,75500,0,75500,H702,42.501336,-92.321454,72.6,66.6,68
UP,1016WH006,2016-10-31,3:00 PM,Fire/violent rupture,0,PRYOR,OK,80,2,Day,Cloudy,Yard,Single Car,0,43971,0,43971,M406,36.249408,-95.336531,63,67.9,69.7
UP,1118PR008,2018-11-09,4:38 PM,Derailment,0,DE WITT,IA,28,2,Day,Cloudy,Main,Freight Train,35,457657,839212,1296869,E53C,41.824521,-90.62754,31.1,26.6,22.7
NS,157649,2024-08-08,8:21 AM,Other impacts,0,MACON,GA,80,2,Day,Clear,Yard,Single Car,9,500,0,17316,M201,32.81373,-83.622794,84.1,85.9,84.2
BNSF,PR1016106,2016-10-12,7:06 AM,Derailment,0,BAYARD,NE,29,1,Dawn,Clear,Main,Freight Train,40,6000,142500,148500,E61C,41.76417,-103.364158,47.3,40.3,49.9
FEC,D25040321,2021-04-03,1:08 AM,Obstruction,0,HOLLYWOOD,FL,67,4,Dark,Cloudy,Main,Freight Train,45,4439,7152,11591,M402,26.007584,-80.149055,68.6,69.1,70.8
UP,1115PC009,2015-11-25,10:15 AM,Obstruction,0,SODA SPRINGS,ID,23,2,Day,Cloudy,Industry,Yard/switching,6,272874,1000000,1272874,M404,42.803317,-111.407871,23.5,28.1,17.8
CRSH,116333,2015-07-02,12:00 AM,Derailment,0,PHILADELPHIA,PA,65,4,Dark,Clear,Yard,Yard/switching,8,7353,3795,12921,H703,39.998679,-75.094584,77.3,72.4,74.2
BNSF,MT0316101,2016-03-17,5:00 PM,Derailment,0,MINOT,ND,30,3,Dusk,Snow,Yard,Yard/switching,3,4831,33600,38431,E32C,48.237525,-101.181521,37.6,28.8,29.6
CSX,000191519,2020-07-20,1:00 AM,Other impacts,0,CLEVELAND,OH,75,4,Dark,Clear,Yard,Cut of cars,6,14212,0,14212,M105,41.571338,-81.55684,83.3,78.2,77.9
EIRR,D5010315,2015-10-23,9:00 PM,Derailment,0,TWIN FALLS,ID,51,4,Dark,Clear,Yard,Yard/switching,8,9807,1800,11607,H306,42.551261,-114.472708,50.4,51.2,55.5
BNSF,RD1021104,2021-10-07,6:00 AM,Side collision,0,TULSA,OK,65,1,Dawn,Clear,Yard,Yard/switching,2,32585,3000,60386,H308,36.126069,-96.010941,67.6,70.9,78.1
BNSF,CH1019114,2019-10-23,10:10 PM,Derailment,0,BURLINGTON,IA,40,4,Dark,Clear,Yard,Freight Train,4,1000,20000,21000,H607,40.807843,-91.101964,49.7,47.9,43.5
UP,0719GL044,2019-07-30,6:10 PM,Derailment,0,DES MOINES,IA,75,3,Dusk,Cloudy,Yard,Freight Train,7,47876,96246,169609,M405,41.609528,-93.583164,74.8,69.9,67.2
BNSF,RD1021104,2021-10-07,6:00 AM,Side collision,0,TULSA,OK,65,1,Dawn,Clear,Yard,Yard/switching,5,24801,0,60386,H308,36.126069,-96.010941,67.6,70.9,78.1
KCS,15070806,2015-07-08,6:35 PM,Derailment,0,PEARL,MS,100,2,Day,Clear,Main,Yard/switching,5,17626,3442,21068,H704,32.2875,-90.180833,81.8,82.2,83.6
CC,1002185,2019-06-15,5:08 PM,Side collision,0,FARLEY,IA,73,2,Day,Cloudy,Industry,Freight Train,7,52500,0,55000,H307,42.443999,-91.009385,64.3,68.3,61.5
UP,0719GL044,2019-07-30,6:10 PM,Derailment,0,DES MOINES,IA,75,3,Dusk,Cloudy,Yard,Cut of cars,0,25487,0,169609,M405,41.609528,-93.583164,74.8,69.9,67.2
NS,152914,2023-04-25,12:10 AM,Other impacts,0,PORTSMOUTH,OH,32,4,Dark,Clear,Yard,Cut of cars,4,0,0,11577,H312,38.735206,-82.967056,45.5,46.1,52.8
UP,0515PC009,2015-05-27,6:10 PM,Derailment,0,NAMPA,ID,78,2,Day,Clear,Main,Cut of cars,0,3627,0,279863,E47C,43.580861,-116.560228,63.1,64.2,64.8
BNSF,CH0917111,2017-09-22,7:40 AM,Derailment,0,CHICAGO,IL,90,1,Dawn,Clear,Yard,Yard/switching,8,16816,800,17866,H307,41.824565,-87.722356,83.6,84.5,83.3
NS,136794,2020-01-11,1:45 AM,Other impacts,0,BELLEVUE,OH,59,4,Dark,Rain,Yard,Yard/switching,2,31308,2600,43780,H317,41.289407,-82.792543,47.9,51.3,32.8
NS,116292,2015-06-29,9:40 AM,Derailment,0,MERIDIAN,MS,90,2,Day,Clear,Yard,Cut of cars,0,10000,0,30308,H306,32.359958,-88.709614,77.6,77.7,73.7
UP,0823LA036,2023-08-19,6:06 PM,Fire/violent rupture,0,GAGE,NM,93,3,Dusk,Clear,Main,Single Car,0,47973,0,47973,M406,32.226032,-108.123162,82.6,81.9,85.4
NS,157594,2024-08-02,8:20 PM,Other impacts,0,MACON,GA,82,4,Dark,Clear,Yard,Yard/switching,5,95910,0,98576,S007,32.81373,-83.622794,82.3,85.8,80.5
BNSF,TC0724106,2024-07-20,3:16 AM,Derailment,0,BIG LAKE,MN,63,4,Dark,Clear,Main,Freight Train,56,1627681,603000,2230681,E45C,45.327632,-93.706079,70.3,73.2,72.3
UP,1022HO006,2022-10-06,9:00 AM,Hwy-rail crossing,0,KEATCHIE,LA,64,2,Day,Clear,Main,Freight Train,35,977336,702507,1679843,M304,32.170886,-93.909359,67.9,71,72.4
NS,122352,2016-10-07,7:53 PM,Side collision,0,NORTH EAST,PA,72,3,Dusk,Clear,Main,Single Car,0,10237,0,27822,H302,42.206347,-79.846369,63.5,65.5,59.8
BNSF,CH0216114,2016-02-26,1:40 PM,Derailment,0,RIVERDALE,IL,33,2,Day,Clear,Yard,Freight Train,10,500,0,11841,S104,41.639269,-87.669902,33.1,31.5,37.7
UP,1018TC015,2018-10-24,6:40 AM,Hwy-rail crossing,0,DENISON,IA,35,1,Dawn,Clear,Main,Freight Train,44,5158,95139,100297,M303,41.999067,-95.381358,40.8,45.7,47.7
IC,849530,2015-05-10,1:34 PM,Hwy-rail crossing,0,AMITE,LA,85,2,Day,Clear,Main,,0,0,994,511019,M302,30.739826,-90.508937,75.1,77,74.3
ATK,169008,2021-11-17,2:53 PM,Obstruction,0,SAINT LOUIS,MO,50,2,Day,Rain,Main,Passenger Train - Pulling,51,55483,0,55483,M404,38.626667,-90.246765,53.9,58.5,41.4
NJTR,201610528,2016-10-05,11:45 PM,Derailment,0,RARITAN,NJ,60,4,Dark,Clear,Yard,Yard/switching,5,11000,2371,13371,H704,40.570274,-74.648976,62.1,59.2,57.6
BNSF,HL0119123,2019-01-19,4:06 PM,Derailment,0,KEOKUK,IA,19,2,Day,Snow,Main,,0,0,12000,63156,M101,40.391658,-91.379073,29.4,20.2,5.5
NS,153592,2023-06-24,7:00 AM,Other impacts,0,OAK HARBOR,OH,86,1,Dawn,Clear,Main,Work train,19,10000,300000,310000,E19C,41.520185,-83.150723,68.1,73,74.7
CSX,000156811,2016-02-04,2:53 AM,Side collision,0,LOUISVILLE,KY,38,4,Dark,Cloudy,Yard,Yard/switching,2,36571,0,68769,H305,38.160709,-85.749174,53.2,34.4,34.6
BEAR,BER910424D,2024-08-28,12:30 AM,Derailment,0,AYER,MA,62,4,Dark,Clear,Yard,Single Car,0,11851,0,471501,M505,42.550923,-71.591193,71.5,77.1,66.5
UP,0521GP029,2021-05-30,11:10 AM,Other impacts,0,NORTH PLATTE,NE,58,2,Day,Rain,Yard,Single Car,0,3344,0,146653,M407,41.146946,-100.833882,54,57.8,60.8
NS,145311,2022-05-20,4:00 AM,Other impacts,0,LINWOOD,NC,72,1,Dawn,Cloudy,Yard,Single Car,0,725,17488,19413,H312,35.74086,-80.330498,76.9,78.4,75.3
CSX,000177043,2018-06-17,12:30 AM,Side collision,0,JACKSONVILLE,FL,80,4,Dark,Cloudy,Yard,Cut of cars,0,0,0,20072,H307,30.359362,-81.716896,79.3,81.2,82.3
UP,0424GL018,2024-04-17,10:01 PM,Derailment,0,MASON CITY,IA,43,4,Dark,Cloudy,Main,Freight Train,4,484620,130901,615521,T220,43.131603,-93.221218,56.5,51.5,45.2