reportingrailroadcode,accidentnumber,date,time,accidenttype,hazmatreleasedcars,station,stateabbr,temperature,visibility_code,visibility,weathercondition,tracktype,equipmenttype,trainspeed,equipmentdamagecost,trackdamagecost,totaldamagecost,primaryaccidentcausecode,latitude,longitude,prior_temp,actual_temp,following_temp
IAIS,2018027,2018-10-13,3:00 AM,Derailment,0,COUNCIL BLUFFS,IA,39,4,Dark,Clear,Yard,,0,0,5121,433665,E4BC,41.250042,-95.867026,41.7,49.6,38
BPRR,BPR696518D,2018-06-19,5:30 AM,Derailment,0,EVANS CITY,PA,65,4,Dark,Rain,Main,Freight Train,5,28266,29950,58216,M203,40.789717,-80.092694,81,74.2,70
KCS,22071904,2022-07-19,12:30 PM,Other impacts,0,SHREVEPORT,LA,100,2,Day,Clear,Yard,Cut of cars,0,0,0,35048,H302,32.541952,-93.844698,91.9,91.3,92
BNSF,HL0519112,2019-05-18,2:26 PM,Derailment,0,GLENWOOD,IA,60,2,Day,Rain,Main,Freight Train,5,7000,52000,59000,M204,41.043296,-95.733294,76.3,67.9,55.9
UP,0515PC009,2015-05-27,6:10 PM,Derailment,0,NAMPA,ID,78,2,Day,Clear,Main,Freight Train,19,17364,258872,279863,E47C,43.580861,-116.560228,63.1,64.2,64.8
NS,118031,2015-11-02,10:36 AM,Derailment,0,JERSEY CITY,NJ,65,2,Day,Clear,Yard,Yard/switching,4,30452,1755,32207,H702,40.75616,-74.068155,58.4,58.5,61.1
NJTR,201512681,2015-12-24,9:00 AM,Derailment,0,HOBOKEN,NJ,70,2,Day,Cloudy,Yard,Yard/switching,5,16500,0,16500,H303,40.735474,-74.032829,55.7,67.6,60.2
NS,136794,2020-01-11,1:45 AM,Other impacts,0,BELLEVUE,OH,59,4,Dark,Rain,Yard,Cut of cars,0,9872,0,43780,H317,41.289407,-82.792543,47.9,51.3,32.8
UP,0916TC007,2016-09-14,12:05 PM,Derailment,0,LAKE MILLS,IA,73,2,Day,Clear,Siding,Single Car,0,44244,0,44244,E99C,43.418275,-93.536364,59.8,59.2,63.7
BNSF,TC0223119,2023-02-25,10:04 AM,Derailment,0,MINNEAPOLIS,MN,10,2,Day,Clear,Yard,Yard/switching,10,49493,1600,52173,M407,45.033769,-93.271454,3.6,15.1,20.6
BNSF,PR1016100,2016-10-01,7:45 PM,Derailment,0,ALLIANCE,NE,60,3,Dusk,Clear,Yard,Yard/switching,8,40675,250,40925,H702,42.066242,-102.899205,56.5,61.3,63.6
BNSF,CH1019204,2019-10-29,6:55 PM,Hwy-rail crossing,0,CHILLICOTHE,IA,37,3,Dusk,Clear,Main,Freight Train,50,20000,0,20000,M302,41.063983,-92.502764,39,31.7,32.3
BNSF,SW0217109,2017-02-22,10:29 AM,Raking collision,0,ALBUQUERQUE,NM,60,2,Day,Clear,Yard,Yard/switching,8,655,0,278655,H307,35.055231,-106.652707,53.6,53.6,47.6
ALS,20170822,2017-08-22,2:15 AM,Derailment,0,EAST ST LOUIS,IL,78,4,Dark,Clear,Yard,Yard/switching,3,1350,14689,16039,M405,38.586949,-90.133437,82.9,78.3,70.5
UP,0723RM025,2023-07-17,5:10 PM,Hwy-rail crossing,0,POCATELLO,ID,89,2,Day,Clear,Main,Freight Train,50,9308,0,9308,M302,42.90975,-112.524131,73.2,71.7,71.2
NS,141160,2021-04-07,11:45 AM,Hwy-rail crossing,0,LIBERTY,SC,80,2,Day,Clear,Main,Freight Train,45,11500,0,11500,M303,34.830673,-82.602127,62,65.4,62.8
NS,129656,2018-05-26,3:05 PM,Other impacts,0,CONWAY,PA,70,2,Day,Clear,Yard,Single Car,0,9000,0,21000,S007,40.672356,-80.251823,71,73.4,72.7
NS,113841,2015-01-14,10:00 PM,Other impacts,0,BELLEVUE,OH,0,4,Dark,Clear,Yard,Yard/switching,8,157600,84120,241720,H316,41.273354,-82.834598,12.5,4.6,17
UP,1115PC007,2015-11-16,11:35 PM,Derailment,0,POCATELLO,ID,24,4,Dark,Clear,Yard,Freight Train,10,10952,8970,19922,S011,42.879988,-112.468048,38.1,30.5,32.5
CSX,000192437,2020-09-03,1:45 PM,Side collision,0,CINCINNATI,OH,81,2,Day,Clear,Yard,Yard/switching,6,18610,0,30786,H301,37.850351,-84.256836,76.6,76.1,73.4
NS,145452,2022-06-04,10:30 AM,Derailment,0,ATLANTA,GA,78,2,Day,Clear,Yard,Freight Train,7,84616,3047,87663,H706,33.793527,-84.444462,76.1,76.5,75.7
UP,1221PN008,2021-12-05,12:53 AM,Derailment,0,HAMMETT,ID,40,4,Dark,Cloudy,Main,Freight Train,30,1369459,1083671,2453130,H503,42.955074,-115.487335,41,40.6,33.5
BNSF,TC1115201,2015-11-23,1:00 PM,Hwy-rail crossing,0,GRANVILLE,ND,38,2,Day,Clear,Main,,0,0,0,230000,M302,48.27319,-100.821007,35.9,31.3,29.5
NS,140303,2021-01-18,6:45 PM,Hwy-rail crossing,0,TOLEDO,OH,32,3,Dusk,Clear,Main,Light loco(s),13,33,30140,30173,M308,41.692893,-83.554464,34.4,31.2,30.8
CSX,000157806,2016-03-07,3:17 AM,Other impacts,0,RIVERDALE,IL,46,4,Dark,Clear,Yard,Cut of cars,4,7758,0,17738,H318,41.650471,-87.647441,41.6,53.3,62.2
CC,1002185,2019-06-15,5:08 PM,Side collision,0,FARLEY,IA,73,2,Day,Cloudy,Industry,Single Car,0,2500,0,55000,H307,42.443999,-91.009385,64.3,68.3,61.5
CSX,000197464,2021-05-05,11:21 PM,Derailment,0,LAKE CITY,SC,70,4,Dark,Clear,Main,Freight Train,52,19700,22426,42126,E53C,33.887597,-79.749616,73.5,73.1,67.8
CSX,000207577,2022-10-01,6:20 AM,Derailment,0,CUMBERLAND,MD,50,1,Dawn,Rain,Yard,Yard/switching,4,30590,112,30702,E30C,39.644507,-78.760868,48.5,49.6,51.5
UP,0624GL007,2024-06-10,5:50 AM,Derailment,0,SIOUX CITY,IA,52,1,Dawn,Clear,Main,Freight Train,8,54690,0,119690,H702,42.524009,-96.376953,68.2,68,76.6
IORY,IOR572920D,2020-10-16,9:45 PM,Derailment,0,LIMA,OH,45,4,Dark,Clear,Main,Freight Train,13,153835,121580,275415,E53C,40.703039,-84.085125,55.2,44.3,47.8
BNSF,RD0220107,2020-02-09,7:15 PM,Derailment,0,TULSA,OK,50,3,Dusk,Clear,Yard,Yard/switching,4,4981,65000,69981,M411,36.120964,-96.012331,42.9,54.9,38.7
BNSF,NE0816101,2016-08-09,7:36 AM,Other impacts,0,FREMONT,NE,81,1,Dawn,Clear,Yard,Yard/switching,8,1665,0,19374,H318,41.429913,-96.501767,70.6,79,82.9
BNSF,SW0718101,2018-07-03,5:35 PM,Derailment,1,GALLUP,NM,90,3,Dusk,Clear,Yard,Yard/switching,3,48474,2500,50974,E08C,35.51207,-108.799972,73.1,75.8,72
NS,157594,2024-08-02,8:20 PM,Other impacts,0,MACON,GA,82,4,Dark,Clear,Yard,Yard/switching,3,2666,0,98576,S007,32.81373,-83.622794,82.3,85.8,80.5
PSBX,15060501,2015-06-05,7:00 AM,Other (describe in narrative),0,SHREVEPORT,LA,90,1,Dawn,Clear,Industry,Cut of cars,0,36859,0,364389,M103,32.360609,-93.628973,77.9,79.3,81
UP,0619RM014,2019-06-14,11:59 AM,Derailment,0,POCATELLO,ID,75,2,Day,Clear,Yard,Yard/switching,9,873,48966,49839,H503,42.849892,-112.432008,68.4,65.7,65.4
CRSH,146850,2024-04-03,3:30 PM,Side collision,0,LINDEN,NJ,45,2,Day,Rain,Siding,Yard/switching,0,2220,0,16490,H306,40.642372,-74.204316,46.6,43.1,43.1
ATK,168529,2021-10-03,10:20 PM,Hwy-rail crossing,0,GOOSE CREEK,SC,70,4,Dark,Clear,Main,Passenger Train - Pulling,70,23081,0,27280,M302,32.975465,-80.040751,71.1,73,74.3
NJTR,201808397,2018-08-09,6:30 AM,Obstruction,0,METUCHEN,NJ,76,1,Dawn,Clear,Main,Commuter Train - Pushing,90,15000,0,15000,M509,40.540865,-74.360484,81.3,81.4,78.6
UP,1016WH005,2016-10-30,6:00 PM,Fire/violent rupture,0,PRYOR,OK,85,3,Dusk,Cloudy,Yard,Single Car,0,43971,0,43971,M406,36.243959,-95.337585,70.2,63,67.9
ATK,140148,2015-11-23,12:50 PM,Hwy-rail crossing,0,GRANVILLE,ND,35,2,Day,Clear,Main,Passenger Train - Pulling,77,230000,0,230000,M304,48.27319,-100.821007,35.9,31.3,29.5
NS,141706,2021-05-30,11:50 AM,Derailment,0,NORTH CHARLESTON,SC,72,2,Day,Cloudy,Yard,Yard/switching,9,1171,74682,75853,E24C,32.879557,-80.010632,77.6,66.8,66.3
NS,143733,2021-12-12,4:30 AM,Obstruction,0,BALDWIN,PA,47,1,Dawn,Clear,Main,Freight Train,40,960191,226259,1186450,M404,40.406665,-79.954499,53.7,36.9,39.4
UP,0623MA036,2023-06-27,10:41 AM,Derailment,0,DUPO,IL,80,2,Day,Clear,Yard,Yard/switching,4,36158,0,36158,E29C,38.510739,-90.215416,79.8,77.4,78.8
CSX,000151606,2015-09-03,4:40 AM,Other impacts,0,WALBRIDGE,OH,70,1,Dawn,Clear,Yard,Cut of cars,0,0,0,12507,H317,41.586402,-83.538082,76,78.4,74.2
NMRX,08032017,2017-03-08,1:20 AM,Derailment,0,ALBUQUERQUE,NM,40,4,Dark,Clear,Yard,,0,0,439,20439,M507,35.07295,-106.64916,43.9,49.9,56.4
ALS,200708,2020-07-08,1:15 AM,Derailment,0,EAST ST LOUIS,IL,77,4,Dark,Cloudy,Main,Yard/switching,6,230,0,15891,H503,38.640651,-90.154851,82.3,80.9,83.1
UP,1222GL001,2022-12-01,11:30 PM,Derailment,0,SHAKOPEE,MN,31,4,Dark,Cloudy,Yard,Freight Train,10,10981,1462,12443,T213,44.788805,-93.417569,17.5,21.5,30.9
CSX,000156500,2016-01-26,8:56 AM,Derailment,0,WOLF COAL,KY,25,2,Day,Cloudy,Main,Freight Train,30,709387,0,709387,M101,37.397797,-83.379772,37.7,41.6,31.1
BNSF,CH1018105,2018-10-10,8:51 AM,Derailment,0,ALBIA,IA,65,2,Day,Cloudy,Main,Freight Train,8,1914648,674319,2588967,M103,41.032757,-92.845979,69.9,57,41.1
NS,127583,2017-11-30,9:22 AM,Derailment,0,DECATUR,IL,42,2,Day,Clear,Yard,Yard/switching,8,16309,8605,24914,M405,39.858401,-88.898396,43.7,45.7,37.6
UP,0521GP029,2021-05-30,11:10 AM,Other impacts,0,NORTH PLATTE,NE,58,2,Day,Rain,Yard,Single Car,0,7867,0,146653,M407,41.146946,-100.833882,54,57.8,60.8
UP,0918TC020,2018-09-23,3:49 AM,Derailment,0,ALTON,IA,60,4,Dark,Clear,Main,Freight Train,40,2459119,3857944,6317063,M103,42.990697,-96.00541,54.1,63.3,61.6
NS,145520,2022-06-11,11:00 AM,Other impacts,0,ATLANTA,GA,85,2,Day,Clear,Yard,Yard/switching,1,0,19837,19837,H312,33.793527,-84.444462,73.4,78,81.4
CSX,000154785,2015-11-29,11:00 PM,Derailment,0,EAST BERNSTADT,KY,45,4,Dark,Rain,Main,Freight Train,24,45811,10000,55811,M101,37.21372,-84.137612,57,54.6,52.5
BNSF,KS0915110,2015-09-19,9:15 PM,Other impacts,0,KANSAS CITY,KS,60,4,Dark,Clear,Yard,Yard/switching,5,34142,0,34142,M411,39.084012,-94.694074,74.1,63.1,65.5
CSX,000177273,2018-06-28,3:43 PM,Derailment,0,BOTKINS,OH,88,2,Day,Clear,Industry,Freight Train,4,10944,100,11044,H307,40.460667,-84.184703,70.7,72,76
BNSF,CH0415110,2015-04-21,3:55 PM,Derailment,0,CHILLICOTHE,IL,60,2,Day,Clear,Main,Freight Train,27,13572,0,13572,E33C,40.925357,-89.536053,48.6,47.8,43.5
NJTR,201609513,2016-09-29,8:38 AM,Obstruction,0,HOBOKEN,NJ,63,2,Day,Cloudy,Main,Commuter Train - Pushing,21,6000000,12000,6012000,H222,40.735036,-74.028009,63.5,61.3,58.3
NS,143717,2021-12-10,11:00 AM,Derailment,0,COLUMBIA,SC,50,2,Day,Rain,Yard,Yard/switching,9,9028,5114,14142,E47C,33.985296,-81.039106,45.2,49,63.8
NS,115521,2015-05-04,9:55 PM,Derailment,0,CONWAY,PA,68,4,Dark,Rain,Yard,Yard/switching,3,13624,668,14292,H704,40.672361,-80.251826,63.3,66.6,64.9
UP,0816NP009,2016-08-09,12:19 AM,Other impacts,0,NORTH PLATTE,NE,70,4,Dark,Clear,Yard,Yard/switching,10,12998,0,12998,H99E,41.145821,-100.814103,72.8,78.6,81.9
BNSF,KS1015107,2015-10-20,10:50 AM,Derailment,0,KANSAS CITY,KS,82,2,Day,Clear,Yard,Yard/switching,7,53527,91000,144527,H504,39.081636,-94.675691,67,72,73.9
BNSF,SW0117107,2017-01-25,3:30 PM,Rear end collision,0,ROSWELL,NM,52,2,Day,Clear,Main,Maint./inspect Car,2,500,0,20500,H402,33.585409,-104.35199,50.8,42.4,35.6
CSX,000173482,2017-12-16,11:40 AM,Derailment,0,NORTH CHARLESTON,SC,58,2,Day,Clear,Yard,Yard/switching,9,14000,3576,17576,H702,32.85756,-79.989058,52.8,43.9,48.5
EIRR,210823002,2021-08-23,11:30 AM,Derailment,0,WENDELL,ID,75,2,Day,Clear,Yard,Freight Train,10,4000,90000,94000,T212,42.769493,-114.70608,62.4,66.7,63.9
NS,128728,2018-03-06,10:34 AM,Hwy-rail crossing,0,FREDERICKTOWN,PA,42,2,Day,Cloudy,Main,Freight Train,36,5000,13961,18961,M302,40.015668,-79.97695,30.6,38.1,35
BNSF,PR0320109,2020-03-25,7:20 PM,Derailment,0,LITCHFIELD,NE,40,3,Dusk,Clear,Yard,Freight Train,4,6579,17633,24212,H307,41.156522,-99.157474,50.3,48.9,40.9
UP,1221PN002,2021-12-01,7:40 PM,Derailment,0,POST FALLS,ID,55,3,Dusk,Cloudy,Main,Freight Train,37,6325,186659,192984,E53C,47.754027,-116.919984,47.9,54.7,46.5
CSX,000187136,2019-12-14,11:58 AM,Derailment,0,WALBRIDGE,OH,43,2,Day,Cloudy,Yard,Yard/switching,9,5545,5500,11045,E4BC,41.58993,-83.49686,35.2,37.2,30.6
IANR,CRD0528193,2019-05-28,2:12 AM,Derailment,0,CEDAR RAPIDS,IA,60,4,Dark,Cloudy,Yard,Freight Train,2,49743,0,95239,H514,41.986681,-91.67187,68.1,57.6,63.3
UP,0715KC010,2015-07-12,3:32 PM,Derailment,0,NORTH KANSAS CITY,MO,95,2,Day,Clear,Yard,Light loco(s),6,29315,0,34714,H607,39.133916,-94.566568,82.2,85.4,88.1
NS,115594,2015-05-08,7:45 PM,Derailment,0,ALTOONA,PA,72,3,Dusk,Clear,Siding,Freight Train,12,32533,42646,75179,H520,40.506424,-78.415688,64.7,70.2,69.1
UP,0216CB001,2016-02-01,7:35 PM,Derailment,0,GRAND ISLAND,NE,32,4,Dark,Snow,Yard,Light loco(s),5,18620,1390,20010,M101,40.933025,-98.325215,38,31.6,27.8
MNCW,82870,2024-06-27,9:05 PM,Hwy-rail crossing,0,DOVER PLAINS,NY,74,4,Dark,Clear,Main,Commuter Train - Pulling,45,30573,0,30573,M302,41.740996,-73.576519,78.4,72.1,66
KJRY,01192019,2019-01-19,4:06 PM,Derailment,0,KEOKUK,IA,19,2,Day,Snow,Main,Yard/switching,4,13337,37819,63156,M101,40.391658,-91.379673,29.4,20.2,5.5
RRVW,20703,2020-03-22,3:45 AM,Derailment,0,WAHPETON,ND,32,4,Dark,Clear,Industry,Freight Train,7,0,13410,13410,M101,46.328881,-96.621323,24,34.6,34.3
CSX,000207884,2022-10-18,1:07 PM,Derailment,0,CUMBERLAND,MD,49,2,Day,Clear,Yard,Yard/switching,2,138661,195448,334109,E30C,39.644507,-78.760868,52.3,42.3,42.4
NS,153337,2023-06-12,9:30 PM,Derailment,0,WEST FAIRVIEW,PA,70,4,Dark,Clear,Yard,Cut of cars,10,250,0,40430,H020,40.279833,-76.922472,73.9,72.6,67.3
BNSF,SW0117107,2017-01-25,3:30 PM,Rear end collision,0,ROSWELL,NM,52,2,Day,Clear,Main,Maint./inspect Car,10,20000,0,20500,H402,33.585409,-104.35199,50.8,42.4,35.6
NS,151999,2023-01-14,4:20 AM,Other impacts,0,COLUMBUS,OH,25,1,Dawn,Clear,Yard,Single Car,0,48793,0,53270,H312,39.895413,-82.948737,32.3,25.9,26.2
BNSF,SF0516114,2016-05-25,5:00 PM,Other impacts,0,TULSA,OK,85,3,Dusk,Clear,Yard,Yard/switching,2,18500,0,18750,M408,36.121266,-96.010816,75.2,76.3,79.9
CRSH,117192,2015-08-30,11:41 AM,Derailment,0,PHILADELPHIA,PA,70,2,Day,Clear,Yard,Freight Train,4,1191,2000,21638,H306,39.998679,-75.094584,75.4,79.2,81.8
UP,0219GP029,2019-02-13,8:00 AM,Hwy-rail crossing,0,SALIX,IA,4,2,Day,Cloudy,Main,Freight Train,39,1450,60358,61808,M303,42.308442,-96.285888,15.8,15.4,16.7
NS,151243,2022-10-21,12:15 PM,Hwy-rail crossing,0,STONINGTON,IL,70,2,Day,Clear,Main,Freight Train,58,26390,74020,100410,M308,39.63937,-89.191372,47.8,59.8,65.8
NS,124000,2017-02-15,5:25 PM,Other impacts,0,WINNSBORO,SC,57,3,Dusk,Clear,Main,Spec. MoW Equip.,15,3373,0,33373,H997,34.419507,-81.099089,54.2,52.8,45.9
BNSF,SF0116110,2016-01-21,10:40 AM,Side collision,0,TULSA,OK,33,2,Day,Clear,Yard,Yard/switching,3,21000,0,50000,H309,36.124741,-96.011041,30.9,34.3,30.2
UP,0215PC005,2015-02-17,9:25 AM,Derailment,0,POCATELLO,ID,34,2,Day,Clear,Yard,Yard/switching,8,14110,149461,163571,T221,42.862184,-112.448291,32.7,29.9,37.3
UP,0118TC004,2018-01-02,1:55 PM,Derailment,0,BOONE,IA,12,2,Day,Clear,Yard,Yard/switching,7,10175,19995,30170,M101,42.059018,-93.848035,-13.5,-0.1,6.3
BNSF,NE0816101,2016-08-09,7:36 AM,Other impacts,0,FREMONT,NE,81,1,Dawn,Clear,Yard,Cut of cars,0,17709,0,19374,H318,41.429913,-96.501767,70.6,79,82.9
BNSF,HL1016101,2016-10-06,4:45 PM,Other (describe in narrative),0,LINCOLN,NE,58,2,Day,Rain,Yard,Freight Train,6,29000,0,29000,H305,40.807214,-96.748217,59,51.8,50.6
BNSF,RD0220103,2020-02-06,7:00 AM,Derailment,0,TULSA,OK,25,1,Dawn,Clear,Yard,Yard/switching,2,14186,2575,16761,M411,36.11907,-96.011917,31.7,32.7,38.6
BNSF,SF1214107,2014-12-04,1:30 PM,Obstruction,0,TULSA,OK,50,2,Day,Clear,Main,Maint./inspect Car,2,1000,13052,14052,H022,36.188122,-95.813931,43.6,47.3,54.5
UP,0118TC006,2018-01-04,1:45 PM,Derailment,0,GLIDDEN,IA,5,2,Day,Clear,Main,Freight Train,44,17417,7529,24946,E22C,42.045441,-94.655082,6.2,2.4,5.1
NS,129328,2018-05-02,6:35 AM,Derailment,0,MORRISVILLE,PA,72,1,Dawn,Clear,Yard,Freight Train,6,178245,13618,191863,M405,40.192721,-74.828441,63,74,78.3
BNSF,SW0817105,2017-08-24,5:08 PM,Derailment,0,BELEN,NM,78,3,Dusk,Cloudy,Yard,Yard/switching,5,20366,8500,28866,H503,34.632267,-106.772751,73.6,68.6,73.8
KCS,15071605,2015-07-16,12:05 PM,Fire/violent rupture,0,UNION,MS,91,2,Day,Clear,Siding,Spec. MoW Equip.,3,900000,0,900000,M599,32.657828,-89.129921,83.2,79.2,83.9
NS,145661,2022-06-26,4:45 AM,Side collision,0,MACON,GA,72,1,Dawn,Clear,Yard,Yard/switching,0,5934,0,12806,H607,32.813729,-83.622793,83.1,81.7,80.1
BNSF,CH0619112,2019-06-16,5:00 PM,Other impacts,0,GALESBURG,IL,80,3,Dusk,Clear,Yard,Yard/switching,4,39915,15900,55815,M407,40.905979,-90.385984,68.4,68.2,65.4
NS,122242,2016-09-29,5:55 AM,Derailment,0,JERSEY CITY,NJ,70,1,Dawn,Cloudy,Yard,Yard/switching,7,12506,2405,131982,H524,40.751,-74.066175,63.6,61.5,58.3
UP,1217PD004,2017-12-07,9:45 AM,Hwy-rail crossing,0,CALDWELL,ID,20,2,Day,Fog,Main,Freight Train,48,37375,364,37739,M303,43.69053,-116.723236,27.4,24.3,24
NIRC,2017070361,2017-10-11,7:14 AM,Hwy-rail crossing,0,CHICAGO,IL,58,1,Dawn,Rain,Main,EMU,30,17713,0,17713,M308,41.765888,-87.584907,62.2,58.7,58.3
LI,GR20150901,2015-09-10,6:00 AM,Hwy-rail crossing,0,BETHPAGE,NY,77,4,Dark,Rain,Main,EMU,60,51341,2000,53341,M303,40.740695,-73.479827,79.5,74.4,71.4
ATK,163227,2020-01-16,8:38 AM,Other (describe in narrative),0,PRINCETON JUNCTION,NJ,40,2,Day,Clear,Main,,0,0,0,398974,E07L,40.295976,-74.6497,43.9,42.7,26.7
FEC,D23033022,2022-03-30,7:35 AM,Side collision,0,JACKSONVILLE,FL,74,1,Dawn,Clear,Yard,Light loco(s),4,7878,50,19978,H399,30.239589,-81.602063,67.4,72.5,72.2
NS,145311,2022-05-20,4:00 AM,Other impacts,0,LINWOOD,NC,72,1,Dawn,Cloudy,Yard,Single Car,2,600,0,19413,H312,35.74086,-80.330498,76.9,78.4,75.3
CRSH,116333,2015-07-02,12:00 AM,Derailment,0,PHILADELPHIA,PA,65,4,Dark,Clear,Yard,Cut of cars,0,1773,0,12921,H703,39.998679,-75.094584,77.3,72.4,74.2
CRSH,130133,2018-07-08,3:31 PM,Raking collision,0,MARCUS HOOK,PA,80,2,Day,Clear,Industry,Freight Train,3,4475,0,14015,H302,39.813641,-75.418455,70.8,71.8,74.8
UP,0719PN033,2019-07-30,9:23 PM,Fire/violent rupture,0,MOUNTAIN HOME,ID,93,4,Dark,Cloudy,Main,Freight Train,35,325532,0,325532,M406,43.038141,-115.620154,82.7,82,80.9
NJTR,201610523,2016-09-30,12:30 PM,Other (describe in narrative),0,KEARNY,NJ,65,2,Day,Rain,Yard,Yard/switching,5,13000,0,13000,H999,40.744148,-74.105188,61.5,58,59.3
BNSF,SW0415108,2015-04-17,5:30 PM,Other impacts,0,CLOVIS,NM,66,3,Dusk,Clear,Yard,Yard/switching,2,16850,0,16850,H018,34.397933,-103.213051,61.6,54.6,54.1
NJTR,201610527,2016-10-03,6:20 PM,Derailment,0,HOBOKEN,NJ,66,4,Dark,Clear,Yard,Light loco(s),2,14600,667,15267,H303,40.734104,-74.032082,60.1,65.2,64.6
BNSF,MT1214109,2014-12-28,5:18 AM,Derailment,0,TIOGA,ND,3,1,Dawn,Clear,Main,Freight Train,33,21952,221720,243672,E4TC,48.39393,-102.91085,16.3,0.2,-8.8
BNSF,TC0423107,2023-04-05,11:37 AM,Derailment,0,WILLMAR,MN,25,2,Day,Cloudy,Yard,Yard/switching,6,49876,0,49876,M105,45.125764,-95.031109,33.5,28,23.8
CSX,000157806,2016-03-07,3:17 AM,Other impacts,0,RIVERDALE,IL,46,4,Dark,Clear,Yard,Yard/switching,5,9830,150,17738,H318,41.650471,-87.647441,41.6,53.3,62.2
NS,157649,2024-08-08,8:21 AM,Other impacts,0,MACON,GA,80,2,Day,Clear,Yard,Single Car,3,16816,0,17316,M201,32.81373,-83.622794,84.1,85.9,84.2
BNSF,MT1120201,2020-11-03,6:35 AM,Hwy-rail crossing,0,SANDPOINT,ID,35,1,Dawn,Cloudy,Main,Freight Train,51,39580,130943,170523,M302,48.42929,-116.493208,36.1,36.7,52.7
BNSF,TC0915104,2015-09-11,9:30 PM,Derailment,0,MINOT,ND,55,4,Dark,Clear,Yard,Yard/switching,7,13200,500,13700,H702,48.238399,-101.163257,50.8,54.9,65.8
UP,0419GP037,2019-04-16,11:14 AM,Derailment,0,DENVER,CO,46,2,Day,Cloudy,Yard,Yard/switching,4,3668,37381,41049,H315,39.787458,-104.998582,57.5,50.8,50.3
NS,152250,2023-02-07,8:40 AM,Other (describe in narrative),0,NEWARK,NJ,40,2,Day,Clear,Yard,Freight Train,8,12000,0,12000,H702,40.707791,-74.143552,43.2,36.2,46
BNSF,TC0221103,2021-02-04,11:07 PM,Other (describe in narrative),0,NEW ROCKFORD,ND,9,4,Dark,Cloudy,Siding,Freight Train,5,0,31000,31000,H702,47.678267,-99.142365,23.2,3.6,-0.6
UP,0517UT017,2017-05-23,9:00 PM,Fire/violent rupture,0,POCATELLO,ID,72,4,Dark,Clear,Main,Freight Train,10,41865,0,41865,E73L,42.859673,-112.723934,60.2,61.4,66
CSX,000218130,2024-05-17,7:56 PM,Hwy-rail crossing,0,NORTH TONAWANDA,NY,63,3,Dusk,Cloudy,Main,,0,0,0,24204,M308,43.04758,-78.889951,64.4,64.1,65.6
NS,135843,2019-10-15,7:07 PM,Other impacts,0,BELLEVUE,OH,64,3,Dusk,Clear,Yard,Yard/switching,2,10435,19000,51435,E30C,41.295091,-82.773978,49.9,53.4,51.9
BNSF,CH0817104,2017-08-09,6:00 AM,Other impacts,0,GALESBURG,IL,60,1,Dawn,Clear,Yard,Yard/switching,5,36299,0,36299,H318,40.920165,-90.376575,66.1,67.1,70.7
NS,143728,2021-12-09,1:28 AM,Derailment,0,WAYNESBURG,PA,21,4,Dark,Clear,Main,Freight Train,17,391650,303134,694784,E53C,39.911809,-80.220421,28.8,34.1,52.3
SFRV,04102020,2020-04-10,8:56 AM,Hwy-rail crossing,0,FORT LAUDERDALE,FL,75,2,Day,Clear,Main,,0,0,430803,452110,M302,26.20334,-80.149906,81.5,81.6,78.5
UP,0419GL027,2019-04-15,3:00 AM,Derailment,0,DES MOINES,IA,30,4,Dark,Cloudy,Yard,Yard/switching,4,5848,5266,11114,E69C,41.590136,-93.57435,41,54.3,64
MNCW,82996,2024-07-11,3:00 AM,Fire/violent rupture,0,SLEEPY HOLLOW,NY,78,4,Dark,Clear,Main,Spec. MoW Equip.,0,3040,112167,115207,M406,41.09313,-73.86971,80.7,79.5,76.5
IAIS,2018030,2018-10-22,5:00 PM,Derailment,0,MC CLELLAND,IA,61,2,Day,Clear,Siding,Spec. MoW Equip.,10,26370,0,26370,H303,41.326921,-95.686746,48.6,54.8,48
IANR,MAD0906232,2023-09-06,5:15 AM,Derailment,0,MANLY,IA,76,4,Dark,Rain,Yard,Freight Train,12,298459,7500,305959,H306,43.311314,-93.205153,78.8,62.1,59.9
NJTR,201602073,2016-01-20,5:45 PM,Other (describe in narrative),0,NEW BRUNSWICK,NJ,40,4,Dark,Clear,Yard,EMU,5,11375,0,11375,H599,40.477358,-74.470326,22.2,30.8,29.9
NS,151979,2023-01-11,8:50 PM,Derailment,0,SHARPSBURG,MD,40,4,Dark,Clear,Main,Freight Train,25,863882,368058,1231940,M201,39.507042,-77.764528,35.4,33.5,41.6
UP,0515PC007,2015-05-29,3:45 AM,Derailment,0,POCATELLO,ID,48,4,Dark,Clear,Yard,Freight Train,5,27408,1250,28658,H702,42.84406,-112.428862,55.9,60,64.9
NS,153337,2023-06-12,9:30 PM,Derailment,0,WEST FAIRVIEW,PA,70,4,Dark,Clear,Yard,Freight Train,2,33500,6680,40430,H020,40.279833,-76.922472,73.9,72.6,67.3
BRC,13693,2016-02-26,10:00 PM,Derailment,0,BEDFORD PARK,IL,30,4,Dark,Clear,Yard,Yard/switching,5,12563,1225,13788,T212,41.773778,-87.779529,34.3,32.4,41.2
NS,113208,2014-11-28,9:04 AM,Derailment,0,FREMONT,OH,25,2,Day,Clear,Industry,Freight Train,6,8700,11138,19838,M101,41.356054,-83.108558,31.9,25.1,40.6