reportingrailroadcode,accidentnumber,date,time,accidenttype,hazmatreleasedcars,station,stateabbr,temperature,visibility_code,visibility,weathercondition,tracktype,equipmenttype,trainspeed,equipmentdamagecost,trackdamagecost,totaldamagecost,primaryaccidentcausecode,latitude,longitude,prior_temp,actual_temp,following_temp
CIC,IA201901,2019-06-13,12:10 AM,Other impacts,0,CEDAR RAPIDS,IA,48,4,Dark,Clear,Yard,Light loco(s),17,4531,0,12332,H607,41.928779,-91.683133,61.3,60.3,65.5
UP,1119GL003,2019-11-02,5:56 PM,Derailment,0,BOONE,IA,46,2,Day,Clear,Yard,Cut of cars,5,71617,25774,97391,H018,42.065313,-93.87713,36.1,37.7,40.3
ATK,158679,2019-01-30,7:46 PM,Fire/violent rupture,0,DENVER,CO,19,4,Dark,Cloudy,Main,Passenger Train - Pulling,9,19247,0,19247,E74L,39.768453,-104.990015,17.2,29.8,34.1
NPR,OI072401,2024-07-22,4:15 PM,Other impacts,0,VIKING,MN,75,2,Day,Clear,Main,Spec. MoW Equip.,7,22796,0,22796,H997,48.18022,-96.258975,74,70.7,69.5
BNSF,SW0223106,2023-02-26,1:42 PM,Derailment,0,WILLARD,NM,41,2,Day,Clear,Main,Freight Train,3,987760,6000,993760,M105,34.658411,-105.823446,38.8,35,32.3
UP,0615PC006,2015-06-19,10:38 PM,Obstruction,0,SODA SPRINGS,ID,59,4,Dark,Clear,Main,Freight Train,33,273,17735,18008,M402,42.65502,-111.58128,61.7,60.8,57.6
NS,129656,2018-05-26,3:05 PM,Other impacts,0,CONWAY,PA,70,2,Day,Clear,Yard,Yard/switching,3,12000,0,21000,S007,40.672356,-80.251823,71,73.4,72.7
BNSF,CH0817113,2017-08-17,9:25 AM,Derailment,0,HENDERSON,IL,74,2,Day,Cloudy,Main,Freight Train,23,10530,106804,117334,M204,41.019507,-90.353714,74.8,73.8,71
ATK,138090,2015-07-01,5:20 AM,Other (describe in narrative),0,RADNOR,PA,70,1,Dawn,Cloudy,Main,,0,0,17885,23157,M404,40.049694,-75.403783,73.1,75.4,70.5
NJTR,201811531,2018-11-15,5:52 PM,Hwy-rail crossing,0,NEW PROVIDENCE,NJ,29,4,Dark,Snow,Main,EMU,53,9525,9321,18846,M306,40.687793,-74.416781,36.7,30.9,38.7
WC,1125152,2023-02-13,12:49 PM,Other (describe in narrative),0,BIWABIK,MN,36,2,Day,Clear,Main,Maint./inspect Car,5,135494,0,135494,H993,47.524156,-92.356224,32.4,30.5,31.2
CSX,000159815,2016-05-16,3:30 PM,Derailment,0,WILLARD,OH,55,2,Day,Cloudy,Yard,Single Car,4,12704,100,12804,E20C,41.059857,-82.723964,43,50.3,54.8
CSX,000195693,2021-02-14,8:40 AM,Derailment,0,CINCINNATI,OH,21,2,Day,Snow,Yard,Freight Train,6,21784,7852,29636,E40C,39.108303,-84.538432,26.3,24.8,20.7
SEPA,24391,2017-07-25,5:50 PM,Other (describe in narrative),0,PHILADELPHIA,PA,76,2,Day,Cloudy,Yard,Passenger Train - Pulling,14,346,17423,17769,H307,39.9894,-75.2494,76.6,70.8,71.6
BNSF,TC1216103,2016-12-13,1:45 AM,Derailment,0,GRAND FORKS,ND,-8,4,Dark,Clear,Yard,Freight Train,2,14389,250,14639,H702,47.918247,-97.075123,-2.2,1.4,-4
NS,116434,2015-07-09,8:26 AM,Other impacts,0,BELLEVUE,OH,70,2,Day,Rain,Yard,Light loco(s),4,1444,0,14444,H306,41.288346,-82.803539,64.5,68,68.4
BNSF,TC0518202,2018-05-14,12:14 PM,Hwy-rail crossing,0,HULL,IA,61,2,Day,Cloudy,Main,Maint./inspect Car,27,11000,0,11000,M302,43.15682,-96.18703,55.7,60.5,63.5
UP,1222PN016,2022-12-09,3:35 AM,Derailment,0,NAMPA,ID,32,4,Dark,Cloudy,Yard,Yard/switching,4,9289,56039,65328,H702,43.582921,-116.563221,28.7,31.3,37.6
IC,891160,2016-06-10,6:19 PM,Derailment,0,MARKHAM,IL,89,2,Day,Clear,Yard,Freight Train,0,49391,0,235327,H503,41.577893,-87.65605,63.8,79.6,83.6
UP,0517CB012,2017-05-21,12:23 AM,Derailment,0,BOONE,IA,47,4,Dark,Cloudy,Yard,Yard/switching,2,17600,300,17900,H602,42.061708,-93.860512,51.4,48.5,59
NS,137183,2020-02-14,10:15 PM,Other impacts,0,GREER,SC,37,4,Dark,Clear,Yard,Cut of cars,0,30000,0,32110,H306,34.935265,-82.225496,59.4,44.8,36.4
CRSH,117192,2015-08-30,11:41 AM,Derailment,0,PHILADELPHIA,PA,70,2,Day,Clear,Yard,Single Car,0,18447,0,21638,H306,39.998679,-75.094584,75.4,79.2,81.8
BNSF,KS1015109,2015-10-29,2:30 AM,Derailment,0,KANSAS CITY,KS,35,4,Dark,Clear,Yard,Yard/switching,8,12455,2000,14455,M407,39.08584,-94.690381,55.1,46.3,45.2
CSX,000156811,2016-02-04,2:53 AM,Side collision,0,LOUISVILLE,KY,38,4,Dark,Cloudy,Yard,Yard/switching,7,32198,0,68769,H305,38.160709,-85.749174,53.2,34.4,34.6
BNSF,PR0719105,2019-07-08,11:30 AM,Side collision,0,DENVER,CO,80,2,Day,Clear,Yard,Freight Train,0,108480,0,110523,H702,39.775752,-104.980868,71.7,70.5,72.7
BNSF,PR0719105,2019-07-08,11:30 AM,Side collision,0,DENVER,CO,80,2,Day,Clear,Yard,Yard/switching,3,2043,0,110523,H702,39.775752,-104.980868,71.7,70.5,72.7
UP,1219PR010,2019-12-22,6:30 PM,Other impacts,0,STERLING,IL,40,3,Dusk,Clear,Main,Freight Train,4,20619,33,20652,H302,41.787667,-89.711497,34.2,37.5,35.8
BLF,20220383,2022-03-31,3:20 PM,Hwy-rail crossing,0,WILTON MANOR,FL,87,2,Day,Clear,Main,Passenger Train - Pulling,60,25000,0,95000,M308,26.159534,-80.131085,77.9,79.3,80.8
BLF,20220360,2022-03-18,5:41 PM,Hwy-rail crossing,0,HALLANDALE,FL,82,2,Day,Clear,Main,Passenger Train - Pulling,79,27364,0,45466,M308,25.98184,-80.148074,76.8,76.8,78.6
IHB,2343,2017-08-24,2:50 AM,Derailment,0,MELROSE PARK,IL,60,4,Dark,Clear,Main,,0,0,35000,85266,M405,41.898166,-87.869082,68.8,66,64.3
BNSF,NW0315108,2015-03-14,7:36 PM,Other (describe in narrative),0,GOLD BAR,WA,41,3,Dusk,Clear,Main,Work train,45,0,106000,106000,H997,47.866043,-121.723719,54,53.2,46.5
UP,0619PR018,2019-06-18,6:55 AM,Derailment,0,MILWAUKEE,WI,55,1,Dawn,Fog,Main,Freight Train,3,1328,85336,86664,S013,42.982243,-87.884911,57.5,64.1,58
BNSF,TC0315129,2015-03-13,4:00 PM,Derailment,0,MINOT,ND,50,2,Day,Clear,Main,Spec. MoW Equip.,0,15000,0,45000,H997,48.23762,-101.264009,44.3,41.3,50.4
NS,146198,2022-08-13,2:45 PM,Derailment,0,CONWAY,PA,75,2,Day,Clear,Yard,Yard/switching,5,5117,24318,29435,M204,40.672361,-80.251826,68,65.6,66.1
BNSF,TC0222101,2022-02-02,3:00 AM,Fire/violent rupture,0,DOON,IA,10,4,Dark,Clear,Main,Freight Train,45,91399,0,91399,M406,43.286282,-96.247539,22.3,3.1,0.1
UP,0416DV006,2016-04-10,1:45 AM,Fire/violent rupture,0,CHEYENNE,WY,43,4,Dark,Clear,Main,Freight Train,0,65468,150,65618,E73L,41.09418,-105.038253,53,46,40.2
BNSF,KS0620202,2020-06-18,6:09 PM,Hwy-rail crossing,0,ALVA,OK,94,3,Dusk,Clear,Main,Freight Train,44,11000,0,11000,M308,36.813806,-98.684089,85,85.2,70.3
NS,140212,2021-01-09,4:00 AM,Derailment,0,NORTH CHARLESTON,SC,36,1,Dawn,Clear,Industry,Freight Train,3,8500,83801,92301,H505,32.867705,-79.999531,45.6,43.8,42.3
UP,0723TO050,2023-07-30,5:00 PM,Fire/violent rupture,0,DALLAS,TX,102,2,Day,Clear,Main,Yard/switching,10,0,58560,58560,E79L,32.732933,-96.755851,91.1,91.9,93.4
NJTR,202109396,2021-09-10,9:58 AM,Other (describe in narrative),0,MONTCLAIR,NJ,80,2,Day,Clear,Main,Commuter Train - Pushing,58,12604,0,12604,M105,40.827032,-74.207843,71.6,68.9,67.6
BNSF,PR1117106,2017-11-10,1:00 PM,Obstruction,0,RANCHESTER,WY,42,2,Day,Clear,Yard,Maint./inspect Car,10,75000,250,150250,H402,44.910611,-107.165232,28.7,33.6,30.2
CSX,000211980,2023-06-27,11:45 AM,Hwy-rail crossing,0,WAYCROSS,GA,95,2,Day,Clear,Yard,Yard/switching,5,33318,0,33318,M302,31.191286,-82.382194,84.6,86,83.5
CSX,000217362,2024-04-14,3:18 AM,Side collision,0,BUFFALO,NY,54,4,Dark,Clear,Yard,Freight Train,3,37247,3304,49051,H607,42.901926,-78.773366,43.5,52.5,50.9
CSX,000210146,2023-02-26,11:23 AM,Fire/violent rupture,0,ALDERSON,WV,72,2,Day,Clear,Main,Freight Train,25,126484,0,126484,H515,37.708546,-80.667179,37.1,44.1,45.3
BNSF,PR0419109,2019-04-12,2:25 AM,Derailment,0,HASTINGS,NE,25,4,Dark,Clear,Main,Freight Train,10,75945,2500,78445,T215,40.540069,-98.425013,31.9,33.1,38.3
CSX,000166332,2017-01-28,12:16 AM,Derailment,0,RAINELLE,WV,21,4,Dark,Snow,Industry,Freight Train,6,28567,1370,29937,E42C,37.965917,-80.780267,27.1,30.7,29.9
UP,1216FW012,2016-12-11,4:40 AM,Other impacts,0,FORT WORTH,TX,45,4,Dark,Clear,Yard,Yard/switching,5,10849,0,19151,M407,32.728093,-97.366263,43.2,59.6,47
UP,0421GC027,2021-04-20,2:00 AM,Other impacts,0,WESTWEGO,LA,63,4,Dark,Clear,Yard,Yard/switching,2,12192,0,22722,H306,29.916754,-90.181562,65.9,69.5,62.7
CSX,000178963,2018-09-25,12:20 PM,Derailment,0,DUO,WV,82,2,Day,Cloudy,Industry,Freight Train,7,86376,8000,94376,T221,38.08642,-80.590334,60.9,66.6,66.8
UP,0721RM020,2021-07-20,8:30 AM,Derailment,0,LARAMIE,WY,57,2,Day,Clear,Main,Freight Train,47,55741,297,56038,E27C,41.400429,-105.61102,70.7,69,69.2
UP,0422RM009,2022-04-08,2:01 PM,Derailment,0,GREEN RIVER,WY,61,2,Day,Clear,Yard,Freight Train,3,34275,15492,49767,M201,41.51707,-109.437546,37.8,48,47.1
WC,1008210,2019-08-05,3:45 PM,Derailment,0,FOND DU LAC,WI,80,2,Day,Clear,Yard,Yard/switching,3,1900,15217,17117,H702,43.798029,-88.470147,73.8,76.2,74.1
UP,0720RM026,2020-07-23,8:21 PM,Derailment,0,OGDEN,UT,86,4,Dark,Clear,Yard,Light loco(s),5,22624,1495,24119,H702,41.206201,-111.984578,76.4,77.4,78.8
NYA,042716,2016-04-27,12:11 PM,Derailment,0,NEW YORK -QUEENS,NY,58,2,Day,Clear,Yard,,0,0,53355,57355,H704,40.76489,-73.88037,53,51.9,52.3
UP,0221TO020,2021-02-18,10:00 PM,Derailment,0,FORT WORTH,TX,22,4,Dark,Clear,Main,Freight Train,10,272357,434125,706482,M405,32.745045,-97.323312,22.4,25.2,27.8
NS,126894,2017-10-04,10:50 AM,Derailment,0,ALTOONA,PA,68,2,Day,Clear,Yard,Cut of cars,0,3515,0,34855,H306,40.529625,-78.385381,59.1,64,67.9
BNSF,RD0822107,2022-08-07,8:30 PM,Derailment,0,MIDLOTHIAN,TX,94,3,Dusk,Clear,Industry,Freight Train,7,58800,5681,71981,E65C,32.47061,-97.017603,86.3,87.9,89.9
IC,1143141,2024-01-07,3:10 PM,Side collision,0,MEMPHIS,TN,46,2,Day,Clear,Yard,Yard/switching,8,210099,5226,283174,E35C,35.072208,-90.077465,41,41.1,41.8
WN,09112015,2015-09-11,10:10 AM,Side collision,0,CHIPPEWA FALLS,WI,60,2,Day,Clear,Industry,Freight Train,3,0,12400,27498,H018,44.951834,-91.369965,61.2,52.7,52.8
UP,1017ST015,2017-10-14,9:11 AM,Hwy-rail crossing,0,TOYAH,TX,78,2,Day,Clear,Main,Freight Train,60,73267,900,74167,M303,31.373858,-103.652319,76.1,77.2,58
UP,0316PR006,2016-03-05,10:10 AM,Derailment,0,BUTLER,WI,39,2,Day,Cloudy,Yard,Freight Train,7,69632,25315,94947,T221,43.098611,-88.064709,26.6,33.1,39
UP,0617FW021,2017-06-21,10:20 AM,Derailment,0,POCASSET,OK,90,2,Day,Clear,Industry,Cut of cars,5,57701,9594,67295,H513,35.198795,-97.951305,79.4,81.4,79.5
CSX,000189059,2020-03-11,9:29 PM,Side collision,0,INDIANAPOLIS,IN,49,4,Dark,Cloudy,Yard,Yard/switching,9,9992,1586,141301,H702,39.759791,-86.327526,47.7,42.1,50.3
BNSF,NW0122115,2022-01-15,7:50 PM,Derailment,0,SPOKANE,WA,35,3,Dusk,Fog,Yard,Yard/switching,3,13150,14487,27637,E39C,47.6686,-117.342469,32.3,33.1,31.4
RCPE,RCP742524D,2024-03-24,2:45 AM,Derailment,0,MIDLAND,SD,26,4,Dark,Snow,Main,Freight Train,8,130000,80000,210000,T222,44.087923,-101.05782,27.1,26,20.5
WC,846502,2015-04-12,9:43 AM,Derailment,0,N FOND DU LAC,WI,65,2,Day,Clear,Yard,Freight Train,7,34114,18025,52139,T220,43.803955,-88.473413,48.2,56.7,57
WC,1117912,2022-11-03,9:58 PM,Hwy-rail crossing,0,CONRATH,WI,40,4,Dark,Cloudy,Main,Freight Train,46,25000,0,25000,M302,45.395223,-91.048584,59,59,45.1
CSX,000161098,2016-07-06,5:05 PM,Other impacts,0,NEW MARTINSVILLE,WV,87,2,Day,Clear,Yard,Yard/switching,4,13184,0,19566,H020,39.634445,-80.864151,74.7,76.7,74
BNSF,NW0224118,2024-02-26,11:00 PM,Derailment,0,ROCKY POINT,WA,31,4,Dark,Snow,Yard,Freight Train,5,771,14825,15596,M101,46.16385,-122.91292,46.5,38.8,40.1
UP,0415FW018,2015-04-20,2:15 PM,Obstruction,0,BENBROOK,TX,75,2,Day,Clear,Yard,Spec. MoW Equip.,0,18567,0,34982,H997,32.689762,-97.456301,66.7,60.9,64.6
BNSF,NW0419118,2019-04-23,12:02 AM,Derailment,0,TACOMA,WA,52,4,Dark,Clear,Yard,Yard/switching,4,187999,0,187999,H312,47.242372,-122.424263,48.8,53.7,50.6
NS,132871,2019-02-16,6:10 PM,Derailment,0,WALKERTOWN,NC,40,3,Dusk,Cloudy,Yard,Yard/switching,4,7200,12254,19454,H514,36.132774,-80.232819,55.3,45.1,36.4
BNSF,PR0415121,2015-04-16,3:22 AM,Other (describe in narrative),0,BILL,WY,50,4,Dark,Clear,Main,,0,0,50000,50000,H305,43.482932,-105.30397,38.9,37.5,38.2
UP,0621GP029,2021-06-21,2:45 AM,Derailment,0,HILLSDALE,WY,47,4,Dark,Clear,Main,Freight Train,18,837977,1012427,1850404,M404,41.214578,-104.502244,62.6,58.2,71
NS,137177,2020-02-14,7:20 AM,Hwy-rail crossing,0,CHICAGO,IL,1,1,Dawn,Clear,Industry,Freight Train,3,18000,0,18000,M308,41.808907,-87.655264,18.2,6,23.5
UP,1019HO010,2019-10-21,12:01 AM,Derailment,0,HOUSTON,TX,79,4,Dark,Cloudy,Yard,Yard/switching,6,284298,7637,291935,H503,29.799282,-95.288773,81.4,75,68.2
BNSF,NW0624105,2024-06-10,11:58 AM,Rear end collision,0,EVERETT,WA,63,2,Day,Clear,Main,Spec. MoW Equip.,4,80000,0,160000,H997,47.948373,-122.192881,60.6,58.7,58.3
UP,0523RM026,2023-05-20,1:20 PM,Other (describe in narrative),0,WAMSUTTER,WY,43,2,Day,Clear,Yard,Freight Train,0,22439,66,22505,E33C,41.676626,-107.961982,53.1,56.2,57.6
MBTA,7016,2016-05-13,9:30 PM,Derailment,0,SCITUATE,MA,50,4,Dark,Rain,Yard,Passenger Train - Pulling,6,13421,1109,14530,H799,42.180582,-70.745966,60.3,60.5,65.6
UP,0217LV018,2017-02-07,1:39 PM,Other impacts,0,BEAUMONT,TX,78,2,Day,Cloudy,Yard,Yard/switching,7,36585,4886,138306,H307,30.074262,-94.141196,70.5,73.2,73
WC,1133640,2023-06-02,4:50 PM,Rear end collision,0,CADOTT,WI,85,2,Day,Rain,Main,Light loco(s),17,170104,0,175806,H301,44.948196,-91.106529,77.3,74,78.8
NS,138529,2020-07-12,10:20 AM,Other (describe in narrative),0,WEST FAIRVIEW,PA,80,2,Day,Clear,Yard,Yard/switching,4,0,19107,19107,H996,40.279807,-76.922451,78.9,77.1,77.3
BNSF,PR1120110,2020-11-29,4:01 AM,Derailment,0,CASPER,WY,19,1,Dawn,Clear,Yard,Cut of cars,0,110265,0,194461,H599,42.854142,-106.324305,35.5,25,36.9
BNSF,NW0820201,2020-08-27,9:15 AM,Hwy-rail crossing,0,EAST WENATCHEE,WA,90,2,Day,Clear,Main,Freight Train,55,10000,200000,210000,M302,47.34894,-120.09704,72.9,73.5,73.3
UP,0722TO042,2022-07-17,3:44 PM,Derailment,0,FORT WORTH,TX,104,2,Day,Clear,Yard,Freight Train,5,40187,50593,90780,H702,32.716155,-97.325414,88.6,93.1,95.8
BNSF,NW0323113,2023-03-16,12:15 AM,Derailment,0,ANACORTES,WA,36,4,Dark,Clear,Main,Freight Train,22,227084,75000,302084,H404,48.459529,-122.518197,43.4,41.2,45.6
CP,1000557398,2017-05-13,8:35 AM,Hwy-rail crossing,0,KENOSHA,WI,65,2,Day,Clear,Main,,0,0,33208,41612,M308,42.640058,-87.905317,53.8,60.8,53.4
BNSF,NW0420108,2020-04-17,5:00 PM,Derailment,0,TACOMA,WA,61,3,Dusk,Cloudy,Yard,Freight Train,3,69983,0,69983,H503,47.257902,-122.389262,54.4,53.5,50.8
GTW,1021157,2019-12-12,9:38 AM,Derailment,0,DETROIT,MI,38,2,Day,Clear,Main,Freight Train,10,207823,0,273194,E00C,42.326713,-83.098053,21.3,25.7,33.5
BNSF,PR0824103,2024-08-10,12:42 PM,Derailment,0,GLENROCK,WY,85,2,Day,Clear,Industry,Freight Train,5,74807,60000,134807,H703,43.485771,-105.260337,57.1,62.7,67.3
UP,0321GL008,2021-03-08,2:15 PM,Derailment,0,ADAMS,WI,58,2,Day,Clear,Yard,Yard/switching,8,159,18094,18253,E49C,43.956918,-89.835759,34.3,45.5,47.5
UP,0616UT008,2016-06-13,10:30 AM,Derailment,0,CLEARFIELD,UT,70,2,Day,Clear,Yard,Freight Train,5,1109,109000,110109,E07C,41.108631,-112.024699,62.5,62.5,66.6
WC,1074433,2021-06-22,6:29 AM,Hwy-rail crossing,0,SHELDON,WI,60,1,Dawn,Clear,Main,Freight Train,56,25112,0,25112,M302,45.305492,-90.95075,55.5,58.3,64
UP,0117PD028,2017-01-19,10:45 PM,Derailment,0,HERMISTON,OR,22,4,Dark,Fog,Yard,Freight Train,7,500880,264,501144,H514,45.794752,-119.30207,28.2,33.6,32.6
NJTR,201904182,2019-04-06,12:45 AM,Derailment,0,NETCONG,NJ,40,4,Dark,Rain,Yard,Light loco(s),10,17625,1655,19280,H607,40.907907,-74.67361,36.9,47.2,53.7
UP,1022SX020,2022-10-22,9:46 PM,Other impacts,0,SAN ANTONIO,TX,77,4,Dark,Clear,Yard,Yard/switching,4,15298,132,29588,H312,29.375722,-98.556394,69.5,72.9,76
BNSF,NW0921112,2021-09-14,1:15 PM,Derailment,0,TACOMA,WA,70,2,Day,Clear,Industry,Freight Train,6,53000,0,54850,H514,47.261929,-122.396282,58.9,59.2,57.6
UP,0315DV022,2015-03-21,10:00 AM,Fire/violent rupture,0,HANNA,WY,55,2,Day,Clear,Siding,Freight Train,0,884923,0,884923,E73L,41.874824,-106.504925,43,48.2,45.9
CSX,000185052,2019-08-28,4:19 PM,Side collision,0,CINCINNATI,OH,84,2,Day,Clear,Yard,Yard/switching,7,0,0,20766,H316,39.124551,-84.542521,72.5,70.1,68.1
UP,0324GP009,2024-03-07,12:30 PM,Other (describe in narrative),0,CHEYENNE,WY,34,2,Day,Cloudy,Main,Freight Train,5,9240,3387,12627,E27C,41.130977,-104.790865,38.9,31,23.7
WC,871400,2015-11-15,3:00 PM,Side collision,0,FOND DU LAC,WI,54,2,Day,Clear,Yard,Freight Train,0,20400,0,25954,H318,43.801236,-88.469247,39.9,50.9,53.7
BNSF,PR0120105,2020-01-07,3:48 AM,Derailment,0,HARTVILLE,WY,30,4,Dark,Clear,Main,Freight Train,25,2000,770621,772621,E6AC,42.318116,-104.833474,31,40.1,36.8
UP,1118NP029,2018-11-21,10:30 AM,Fire/violent rupture,0,HILLSDALE,WY,50,2,Day,Clear,Main,Freight Train,25,16377,0,16377,E73L,41.21635,-104.551915,34,38.3,40.6
CSX,000143818,2015-03-28,2:58 AM,Side collision,0,EAST SYRACUSE,NY,20,4,Dark,Clear,Yard,Light loco(s),5,17517,2628,35284,H307,43.073848,-76.172717,33.1,21.5,28.7
UP,0317HO012,2017-03-07,10:30 AM,Other impacts,0,HOUSTON,TX,70,2,Day,Cloudy,Yard,Yard/switching,4,0,1215,50901,M411,29.816387,-95.288287,71.4,71.7,64.6
UP,0520RM030,2020-05-24,10:40 AM,Derailment,0,BOSLER,WY,40,2,Day,Clear,Main,Freight Train,38,771136,66000,837136,E22C,41.650921,-105.785698,54.1,41.9,43.8
BNSF,NW0922110,2022-09-23,10:15 AM,Derailment,0,SEATTLE,WA,68,2,Day,Cloudy,Yard,Freight Train,3,22500,66000,88500,H307,47.645036,-122.381413,61.8,62.2,62.6
NS,124600,2017-04-04,9:27 PM,Derailment,0,WEBB,WV,52,4,Dark,Clear,Main,Freight Train,36,7031,19919,26950,E21C,37.935908,-82.495792,60.4,64.3,64.8
UP,0115NP012,2015-01-08,9:20 PM,Derailment,0,LUSK,WY,-8,4,Dark,Clear,Main,Freight Train,45,7771,49021,56792,E09C,42.757513,-104.42406,14.1,25.5,2
ATK,174298,2023-04-05,9:01 PM,Obstruction,0,VANCOUVER,WA,48,4,Dark,Rain,Main,Passenger Train - Pushing,73,26357,0,26357,M404,45.713516,-122.725617,43.3,46.3,48.2
BNSF,CH0922104,2022-09-10,5:28 PM,Derailment,0,AURORA,IL,80,3,Dusk,Clear,Industry,Yard/switching,4,155,41530,41685,T223,41.792537,-88.337227,67.8,68.6,62.9
CSX,000198202,2021-06-11,12:50 PM,Derailment,0,BERKELEY SPRINGS,WV,70,2,Day,Clear,Industry,Cut of cars,5,26875,96,26971,M504,39.692075,-78.180849,73.7,64.9,67.5
CSX,000210750,2023-04-12,12:25 AM,Side collision,0,CINCINNATI,OH,50,4,Dark,Clear,Yard,Freight Train,5,88751,0,92299,H307,39.136408,-84.542399,55.7,60.7,62.3
CSX,000190081,2020-05-06,7:15 PM,Derailment,0,BERKELEY SPRINGS,WV,49,3,Dusk,Rain,Yard,Cut of cars,0,10044,300,60286,H702,39.692075,-78.180849,49.6,47.3,52.2
UP,0519PR008,2019-05-27,9:24 AM,Other impacts,0,OAK CREEK,WI,58,2,Day,Clear,Industry,Freight Train,9,262288,15768,329318,H605,42.847205,-87.836779,62.9,53.8,53.8
UP,1023SX018,2023-10-16,3:50 AM,Other impacts,0,SAN ANTONIO,TX,59,4,Dark,Clear,Yard,Yard/switching,4,7357,0,14853,H702,29.361262,-98.569681,68.6,63.8,62.1
KCS,18122601,2018-12-26,11:40 AM,Derailment,0,HEAVENER,OK,60,2,Day,Cloudy,Yard,Freight Train,2,12916,26598,39514,H524,34.89027,-94.602642,50.7,57.5,52.7
UP,1116UT018,2016-11-30,5:30 AM,Derailment,0,SOUTH SALT LAKE,UT,24,4,Dark,Clear,Yard,Yard/switching,2,16482,51841,68323,E40C,40.7181,-111.91086,30.3,30.2,32
BRS,I170718005,2017-07-18,3:00 PM,Derailment,0,BATON ROUGE,LA,90,2,Day,Clear,Yard,Yard/switching,5,94798,17000,111798,H703,30.4583,-91.1403,81.3,83.2,83.5
UP,0821HL004,2021-08-09,1:03 AM,Derailment,0,KINGSVILLE,MO,77,4,Dark,Clear,Main,Freight Train,36,1183359,609036,1792395,H506,38.734095,-94.03095,78.5,83.7,82.9
BNSF,NW0723124,2023-07-25,6:40 AM,Derailment,0,VANCOUVER,WA,60,1,Dawn,Cloudy,Yard,Yard/switching,4,122289,11066,133355,H019,45.645784,-122.687798,68.6,70.1,69.7
BNSF,PR0520107,2020-05-11,3:00 PM,Broken train collision,0,GILLETTE,WY,45,2,Day,Clear,Main,Spec. MoW Equip.,1,10000,0,243667,H008,44.216404,-105.293504,37.6,36.5,42.2
UP,0719HO027,2019-07-21,5:55 AM,Other impacts,0,LA PORTE,TX,81,1,Dawn,Cloudy,Yard,Single Car,1,16943,0,81499,S007,29.682941,-95.038828,86.8,85.2,84.2
NS,131208,2018-09-27,8:51 AM,Other (describe in narrative),0,NORTHUMBERLAND,PA,57,2,Day,Clear,Main,,0,0,19322,19322,H221,40.876592,-76.786392,70.4,58.6,58.8
MRL,2020069,2020-07-20,5:18 AM,Derailment,0,HELENA,MT,70,1,Dawn,Clear,Main,Freight Train,13,149000,500,149500,E79L,46.647118,-112.301822,71.5,71.2,74.4
UP,0815PC003,2015-08-09,2:43 AM,Derailment,0,ROBERTS,ID,61,4,Dark,Clear,Main,Freight Train,23,26274,75000,101274,E53C,43.741926,-112.112661,59.9,62.9,67.2
UP,0615TC011,2015-06-25,8:53 PM,Fire/violent rupture,0,BALDWIN,WI,76,2,Day,Clear,Main,Freight Train,40,195427,0,195427,E79L,44.965601,-92.355321,68.9,70.2,68.3
UP,0520GC024,2020-05-27,10:50 PM,Other impacts,0,LAKE CHARLES,LA,66,4,Dark,Cloudy,Yard,Yard/switching,5,6182,16868,23207,M599,30.238434,-93.193701,73.2,73.4,72.9
ATK,137645,2015-05-30,3:15 AM,Raking collision,0,RAVENNA,OH,55,4,Dark,Clear,Main,Passenger Train - Pulling,79,20480,0,20485,E83C,41.202988,-81.376419,73.2,73.1,65.4
CSX,000171206,2017-08-25,3:07 AM,Derailment,0,FLORENCE,SC,82,4,Dark,Clear,Yard,Yard/switching,7,72932,0,72932,M101,34.198275,-79.762502,76.8,77.8,78
IC,1086086,2021-10-14,11:30 PM,Side collision,0,CICERO,IL,60,4,Dark,Cloudy,Industry,Single Car,2,15580,0,31280,H021,41.832883,-87.732217,62.7,66.6,57.9
ANR,9515,2015-12-13,7:15 AM,Other (describe in narrative),0,LUFKIN,TX,68,1,Dawn,Rain,Yard,Cut of cars,0,1120000,2000,1122000,M105,31.366278,-94.757111,71.4,57.3,53.4
UP,1119ST022,2019-11-25,10:24 AM,Derailment,0,LORDSBURG,NM,49,2,Day,Cloudy,Yard,Freight Train,10,3249,19618,22867,E26C,32.34647,-108.692218,44,46,43.1
CP,1000457040,2016-10-05,12:45 PM,Obstruction,0,LA CROSSE,WI,70,2,Day,Clear,Main,Freight Train,13,12647,0,12747,H993,43.84879,-91.223913,66.6,67.1,60.4
NS,152878,2023-04-21,1:43 PM,Derailment,0,WEST FAIRVIEW,PA,80,2,Day,Clear,Yard,Light loco(s),6,12959,237,13196,H702,40.279833,-76.922472,62.5,67.6,62.2
BNSF,NW0217108,2017-02-15,6:35 AM,Other impacts,0,PASCO,WA,29,1,Dawn,Rain,Yard,Yard/switching,10,12201,0,12201,S007,46.271719,-119.101312,26.6,30.4,37.2