reportingrailroadcode,accidentnumber,date,time,accidenttype,hazmatreleasedcars,station,stateabbr,temperature,visibility_code,visibility,weathercondition,tracktype,equipmenttype,trainspeed,equipmentdamagecost,trackdamagecost,totaldamagecost,primaryaccidentcausecode,latitude,longitude,prior_temp,actual_temp,following_temp
UP,0520PN010,2020-05-15,9:03 AM,Derailment,0,PORTLAND,OR,53,2,Day,Cloudy,Industry,Freight Train,10,26706,35360,62066,E06C,45.615555,-122.765285,54.6,58.1,59.5
BNSF,NW0120110,2020-01-14,3:45 PM,Other impacts,0,PASCO,WA,25,2,Day,Clear,Yard,Yard/switching,7,50950,0,50950,S016,46.272559,-119.102416,28.2,19.4,20.2
BNSF,NW0222114,2022-02-20,5:18 PM,Derailment,0,SPOKANE,WA,20,3,Dusk,Clear,Yard,Yard/switching,8,43912,500,44412,H310,47.669486,-117.340889,40.9,36.9,24.3
BNSF,NW0221108,2021-02-15,5:50 PM,Derailment,0,SEATTLE,WA,39,3,Dusk,Rain,Industry,Light loco(s),3,34720,1000,35720,M101,47.571094,-122.364522,32.5,38,42.2
PAL,2021MAY3D,2021-05-19,10:40 AM,Derailment,0,FORT KNOX,KY,82,2,Day,Cloudy,Yard,Freight Train,1,800,11500,12300,H307,37.918039,-85.960114,69.5,71.5,72.7
UP,0322RM005,2022-03-09,3:10 PM,Derailment,0,GREEN RIVER,WY,21,2,Day,Cloudy,Yard,Yard/switching,4,44854,57110,101964,H607,41.519837,-109.452603,21.2,9,3.2
CSX,000207436,2022-09-23,4:00 PM,Side collision,0,GRAFTON,WV,56,2,Day,Clear,Yard,Freight Train,6,107201,112,152845,H306,39.340043,-80.018075,66.5,54.7,59.2
UP,1119GL025,2019-11-17,6:11 AM,Other impacts,0,ALTOONA,WI,34,1,Dawn,Cloudy,Yard,Yard/switching,1,19508,0,19508,H312,44.806747,-91.429066,35.6,35.2,31.9
UP,0321SX023,2021-03-28,7:10 PM,Derailment,0,KIRBY,TX,70,3,Dusk,Clear,Main,Yard/switching,5,9403,2744,12147,M409,29.46589,-98.396065,74.7,67.1,61.5
UP,1219PN010,2019-12-10,1:46 AM,Other impacts,0,FIFE,WA,38,4,Dark,Fog,Yard,Freight Train,0,200,0,17092,H607,47.238104,-122.386628,43.8,41,45.4
BNSF,NW0220107,2020-02-10,1:00 PM,Rear end collision,0,SEATTLE,WA,48,2,Day,Clear,Main,Maint./inspect Car,0,100000,0,101500,H402,47.477858,-122.253385,41,41.1,41.7
NS,155487,2024-01-20,3:30 PM,Derailment,0,RED JACKET,WV,8,2,Day,Snow,Industry,Freight Train,6,48209,920,49129,M101,37.690508,-82.086332,24.7,10.9,15
KNWA,180518003,2018-05-18,6:05 AM,Other (describe in narrative),0,ROBSON,WV,60,1,Dawn,Rain,Main,Freight Train,11,109000,0,109000,H020,38.012826,-81.203825,68.5,66.8,69.7
CSX,000214763,2023-11-27,4:47 PM,Raking collision,0,SKIPPERS,VA,50,3,Dusk,Clear,Industry,Freight Train,2,9616,577,136601,M501,36.621467,-77.552469,41.4,45.2,34.7
BNSF,TC0723106,2023-07-24,12:05 PM,Derailment,0,SUPERIOR,WI,75,2,Day,Cloudy,Yard,Yard/switching,5,61805,3000,64805,H318,46.708111,-92.113233,68.8,64.7,65.8
UP,1021GC023,2021-10-09,5:24 PM,Other impacts,0,MARINGOUIN,LA,85,2,Day,Clear,Yard,Yard/switching,5,55,0,39983,M411,30.526183,-91.554982,72.7,73,74.3
UP,0518FW020,2018-05-14,4:00 PM,Hwy-rail crossing,0,MONAHANS,TX,90,2,Day,Cloudy,Main,Freight Train,60,60587,303600,364187,M302,31.550975,-103.054508,84.1,79.6,82.2
BNSF,PR0517107,2017-05-14,4:20 AM,Other impacts,0,KIRBY,WY,34,1,Dawn,Clear,Siding,Freight Train,6,14000,0,14000,H318,43.813254,-108.190948,60.7,52.4,56.5
BNSF,NW1220113,2020-12-22,11:40 AM,Derailment,3,CUSTER,WA,30,2,Day,Fog,Yard,Freight Train,7,1099108,100000,1199108,M502,48.916498,-122.639699,37.6,32.5,31.2
NS,123485,2017-01-09,12:15 PM,Derailment,0,FAIRLAWN,VA,10,2,Day,Clear,Main,Freight Train,3,1875,20132,22007,H306,37.141691,-80.553356,12.6,17.3,30.1
NS,134219,2019-06-06,9:40 AM,Hwy-rail crossing,0,PRICHARD,WV,72,2,Day,Clear,Main,Freight Train,44,16,96419,96435,M303,38.222095,-82.602764,71.2,73,70.5
BNSF,NW0118103,2018-01-12,1:12 AM,Derailment,0,CHENEY,WA,32,4,Dark,Cloudy,Yard,Freight Train,7,3800,9000,12800,H607,47.482519,-117.580748,32.3,33.6,37.1
BNSF,TC0118112,2018-01-18,2:30 PM,Obstruction,0,WARREN,MN,25,2,Day,Clear,Main,Freight Train,23,10000,0,160000,H221,48.192404,-96.769531,16.3,26.2,32.9
BNSF,TC0820108,2020-08-20,2:30 AM,Other impacts,0,GRAND FORKS,ND,60,4,Dark,Clear,Yard,Yard/switching,5,21908,0,21908,H318,47.918091,-97.07362,75.4,74.8,73.3
UP,0415DV013,2015-04-25,1:10 AM,Derailment,0,CHEYENNE,WY,40,4,Dark,Clear,Yard,Freight Train,4,7997,4561,12558,H702,41.126609,-104.821749,49.9,49.1,40.9
BNSF,PR1016109,2016-10-20,10:50 AM,Derailment,0,WRIGHT,WY,46,2,Day,Clear,Industry,Freight Train,0,20000,5000,25000,H607,43.728553,-105.361189,38.1,43.5,51.2
UP,0818FW014,2018-08-09,11:30 AM,Obstruction,0,WOODWAY,TX,95,2,Day,Clear,Industry,Freight Train,6,7180,20253,27433,T220,31.496315,-97.21119,89.2,83.9,80.3
CP,1000259764,2015-05-14,11:58 AM,Fire/violent rupture,0,MILWAUKEE,WI,51,2,Day,Clear,Main,,0,0,0,600000,M406,43.032838,-87.91189,43.7,49.3,61.2
CSX,000203943,2022-03-31,1:00 PM,Derailment,0,NASHVILLE,TN,48,2,Day,Cloudy,Industry,Yard/switching,4,26151,502,26653,M405,36.171066,-86.779487,71.2,51.9,46.9
BNSF,NW0124109,2024-01-17,3:23 AM,Derailment,0,EVERETT,WA,30,4,Dark,Cloudy,Yard,Yard/switching,3,154,17473,17627,M101,48.002838,-122.186484,30.1,33.7,34.2
NS,118190,2015-11-13,5:00 AM,Derailment,0,WEST NORRITON,PA,55,1,Dawn,Clear,Yard,Yard/switching,10,64009,0,64009,H702,40.115086,-75.395279,52.7,53,44.9
UP,0518FW008,2018-05-08,3:37 AM,Derailment,0,FORT WORTH,TX,72,4,Dark,Clear,Yard,Yard/switching,10,19698,0,21783,M101,32.719116,-97.386025,78.5,80.1,78.7
CSX,000149045,2015-07-10,5:50 PM,Obstruction,0,MEADOW CREEK,WV,72,2,Day,Clear,Main,Maint./inspect Car,0,0,0,45050,H402,37.798182,-80.920174,72.1,72.4,70.2
UP,0319PN012,2019-03-14,7:53 PM,Derailment,0,RITZVILLE,WA,38,3,Dusk,Cloudy,Main,Freight Train,45,1242045,239956,1482001,M101,46.838404,-118.138695,31.2,30.3,32.5
UP,0321GP040,2021-03-24,4:50 AM,Derailment,0,DOUGLAS,WY,40,1,Dawn,Clear,Main,Freight Train,25,38271,0,113271,E44C,43.045887,-105.26929,33.4,28.1,34
BNSF,TC0323108,2023-03-13,10:30 PM,Derailment,0,SUPERIOR,WI,15,4,Dark,Cloudy,Yard,Yard/switching,5,1599,10000,11599,M404,46.722465,-92.112444,26.4,18.4,17
UP,0515DV023,2015-05-31,12:32 AM,Fire/violent rupture,0,GREEN RIVER,WY,45,4,Dark,Clear,Main,Freight Train,20,15826,0,15826,E73L,41.553019,-109.533149,58.3,64.5,65.5
WC,911716,2017-01-21,8:40 AM,Derailment,0,GARY,IN,45,2,Day,Cloudy,Yard,Yard/switching,10,53176,171890,225066,E29C,41.610306,-87.351147,40.9,49.7,39.9
BNSF,NW0123109,2023-01-09,8:05 PM,Derailment,0,SEATTLE,WA,40,3,Dusk,Rain,Yard,Yard/switching,6,40000,425147,465147,M503,47.57272,-122.336917,43.8,47,47.3
ATK,165917,2020-11-27,12:15 AM,Other (describe in narrative),0,BOWIE,MD,50,4,Dark,Clear,Main,Passenger Train - Pulling,115,256892,0,256892,E71L,39.00434,-76.78519,59.2,54.7,51.2
CSX,000157530,2016-02-28,12:20 PM,Raking collision,0,NASHVILLE,TN,62,2,Day,Clear,Yard,Cut of cars,8,20598,0,22640,E04C,36.112142,-86.770737,45.6,56.7,56.7
WC,1133640,2023-06-02,4:50 PM,Rear end collision,0,CADOTT,WI,85,2,Day,Rain,Siding,Freight Train,0,0,5702,175806,H301,44.948196,-91.106529,77.3,74,78.8
BNSF,NW0218110,2018-02-24,5:35 AM,Derailment,0,PASCO,WA,28,1,Dawn,Cloudy,Yard,Freight Train,3,5100,6000,11100,T221,46.270564,-119.102734,26.1,37.9,43.2
BNSF,PR0420106,2020-04-23,4:05 AM,Derailment,0,BILL,WY,42,1,Dawn,Clear,Main,,0,0,60800,174586,E34C,43.304859,-105.321458,52.7,49.4,43.7
ATK,179336,2024-04-13,10:01 AM,Raking collision,0,LAKEWOOD,WA,48,2,Day,Clear,Main,Passenger Train - Pulling,50,33671,0,33671,E89C,47.153828,-122.498021,50.9,52.2,51.5
CSX,000179700,2018-11-06,1:06 PM,Fire/violent rupture,0,SANDSTONE,WV,77,2,Day,Clear,Main,Freight Train,30,30000,0,30000,E74L,37.730431,-80.898543,51.8,56,48.1
UP,0220GL021,2020-02-13,12:40 PM,Hwy-rail crossing,0,WYEVILLE,WI,7,2,Day,Clear,Main,Freight Train,46,18237,66,18303,M303,44.025144,-90.236604,26.9,3,-3.6
BNSF,NW0921118,2021-09-26,2:36 AM,Other impacts,0,PASCO,WA,65,4,Dark,Clear,Yard,Yard/switching,5,85688,0,91388,E30C,46.272863,-119.102435,69.7,74.1,67.1
UP,0121HO004,2021-01-06,8:35 PM,Other impacts,0,LA PORTE,TX,58,4,Dark,Cloudy,Yard,Yard/switching,4,88816,3060,93184,S007,29.685851,-95.038835,60.2,62.6,53
UP,0215KC009,2015-02-12,1:00 AM,Fire/violent rupture,0,INDEPENDENCE,MO,31,4,Dark,Cloudy,Main,Freight Train,35,121408,33,121441,E73L,39.087928,-94.433891,33.7,21.2,32.9
BNSF,KS1018108,2018-10-10,7:45 PM,Derailment,0,DODGE CITY,KS,46,3,Dusk,Clear,Yard,Yard/switching,6,12845,1500,14345,H318,37.750831,-99.994057,45.6,43,41.7
UP,0816DV002,2016-08-02,3:00 AM,Other impacts,0,GREEN RIVER,WY,54,4,Dark,Clear,Yard,Yard/switching,10,12092,0,12236,H602,41.525474,-109.467046,71.9,72.8,72.9
BNSF,NW1122108,2022-11-05,1:10 AM,Derailment,0,TACOMA,WA,45,4,Dark,Clear,Yard,Yard/switching,7,61353,65000,126353,H307,47.243422,-122.41121,52.4,45.7,41.8
UP,1218GL021,2018-12-14,10:00 AM,Other impacts,0,SUPERIOR,WI,30,2,Day,Clear,Yard,Yard/switching,5,14383,1057,89972,H021,46.661583,-92.004868,28.6,29.8,29.8
BNSF,NW0217115,2017-02-09,2:56 PM,Obstruction,0,VANCOUVER,WA,59,2,Day,Clear,Main,,0,0,0,22397,M404,45.6153,-122.614507,36.5,47,45.7
BNSF,CH0717110,2017-07-24,9:15 AM,Derailment,0,CHICAGO,IL,75,2,Day,Clear,Yard,,0,0,4500,108500,H310,41.868741,-87.637724,78.4,70.3,73.3
PTRA,2020000007,2020-04-30,10:25 AM,Derailment,0,HOUSTON,TX,74,2,Day,Clear,Main,Freight Train,10,4000,21000,25000,H525,29.721488,-95.281151,73.8,71.1,72.6
BNSF,TC1221111,2021-12-28,10:10 PM,Derailment,0,SUPERIOR,WI,0,4,Dark,Clear,Yard,Yard/switching,3,47306,30046,77352,H020,46.72211,-92.112458,20.7,10.9,3.3
UP,0820TO022,2020-08-19,2:55 PM,Other impacts,0,FORT WORTH,TX,92,2,Day,Clear,Yard,Yard/switching,4,25630,0,27787,H312,32.724488,-97.373605,86.2,81.7,82.4
UP,0319GC027,2019-03-08,1:00 AM,Other (describe in narrative),0,HOUSTON,TX,79,4,Dark,Clear,Yard,Single Car,0,43693,0,43693,M411,29.816372,-95.28789,63.1,72.8,74.3
NS,121630,2016-08-09,4:30 PM,Obstruction,0,WAR,WV,90,3,Dusk,Clear,Main,Spec. MoW Equip.,0,48000,0,68000,H997,37.340842,-81.716883,70.6,73.4,75.6
CRSH,122688,2016-11-06,5:45 PM,Raking collision,0,NEWARK,NJ,52,3,Dusk,Clear,Yard,Single Car,0,26081,0,71062,S016,40.708915,-74.138802,52.1,52.8,46.8
WC,1132478,2023-05-05,1:10 PM,Side collision,0,WISCONSIN RAPIDS,WI,50,2,Day,Cloudy,Yard,Yard/switching,3,27847,0,31977,H318,44.405826,-89.834518,58.9,54.3,55.5
BNSF,NW0323115,2023-03-25,10:11 PM,Derailment,0,PASCO,WA,36,4,Dark,Clear,Yard,Yard/switching,2,24977,2000,26977,E34C,46.283864,-119.109428,44.3,43.2,43
UP,1222GL008,2022-12-08,4:40 PM,Derailment,0,FRIENDSHIP,WI,33,2,Day,Cloudy,Yard,Yard/switching,2,18686,2054,20740,H518,43.960426,-89.846562,29.2,27.3,30.8
NJTR,202001043,2020-01-21,6:07 PM,Hwy-rail crossing,0,SLOATSBURG,NY,26,4,Dark,Clear,Main,Commuter Train - Pulling,51,797904,0,829899,M303,41.167998,-74.191415,24.9,25,26.7
NS,118864,2016-01-11,4:40 AM,Derailment,0,NORFOLK,VA,33,1,Dawn,Clear,Yard,Yard/switching,0,11396,100,11496,M411,36.875899,-76.316873,61.1,39.7,43.2
UP,0618UT007,2018-06-06,9:15 AM,Hwy-rail crossing,0,LYMAN,WY,60,2,Day,Clear,Main,Maint./inspect Car,0,200000,0,234893,M302,41.437267,-110.429066,70.7,66.9,66.5
UP,0123HL017,2023-01-24,5:30 PM,Derailment,0,DALHART,TX,32,2,Day,Clear,Yard,Freight Train,4,64372,1965,76590,T212,36.105629,-102.456464,32.1,30.5,30.6
NS,126906,2017-10-05,1:15 PM,Other (describe in narrative),0,PINEVILLE,WV,70,2,Day,Clear,Industry,Freight Train,1,15548,0,15548,M404,37.58,-81.53,59,60.5,63
CSX,000190663,2020-06-06,4:33 AM,Side collision,0,NORTH BALTIMORE,OH,66,1,Dawn,Cloudy,Yard,Freight Train,10,8867,0,141168,H607,41.182016,-83.684342,77.4,77.8,69.3
UP,0819ST014,2019-08-12,12:35 PM,Derailment,0,EL PASO,TX,90,2,Day,Clear,Yard,Light loco(s),4,65861,8883,74744,H704,31.756676,-106.391597,84.8,88.2,88.4
CGIV,20180129,2018-01-29,2:08 PM,Derailment,0,CHANNELVIEW,TX,62,2,Day,Clear,Industry,,0,0,45000,145000,M507,29.747175,-95.117207,61.7,55,49.5
CSX,000164905,2016-12-06,5:48 AM,Obstruction,0,QUANTICO,VA,44,1,Dawn,Clear,Main,,0,0,0,13707,M402,38.438328,-77.338245,43.8,43.6,44.3
NS,126469,2017-05-05,3:06 AM,Obstruction,0,SENECA,SC,60,4,Dark,Clear,Main,,0,0,0,65362,M404,34.677693,-83.022532,67.2,56.9,56.8
UP,0823GP015,2023-08-08,8:43 AM,Derailment,0,CHEYENNE,WY,55,2,Day,Clear,Yard,Freight Train,8,5764,230996,236760,E65C,41.132591,-104.799446,60,61.3,64.9
BNSF,PR0520107,2020-05-11,3:00 PM,Broken train collision,0,GILLETTE,WY,45,2,Day,Clear,Main,Spec. MoW Equip.,0,30000,0,243667,H008,44.216404,-105.293504,37.6,36.5,42.2
CSX,000176496,2018-05-16,12:30 PM,Other impacts,0,SELKIRK,NY,66,2,Day,Cloudy,Yard,Cut of cars,14,105055,0,105055,M407,42.565903,-73.854184,64.7,60.3,66.6
BNSF,NW0520114,2020-05-28,3:30 PM,Derailment,0,LONGVIEW,WA,80,2,Day,Clear,Yard,,0,0,16964,43441,H607,46.1046,-122.888432,63.8,70.2,64.2
BNSF,PR0120117,2020-01-30,2:20 PM,Derailment,0,GILLETTE,WY,20,2,Day,Snow,Industry,Freight Train,10,295167,0,295167,T222,44.391429,-105.457366,34.8,29.1,34.3
CSX,000151446,2015-08-30,4:30 AM,Other impacts,0,PHILADELPHIA,PA,89,2,Day,Clear,Yard,Cut of cars,0,8542,0,21944,H318,39.898852,-75.167386,75.4,79.2,81.8
BNSF,CH1016201,2016-10-06,9:40 AM,Hwy-rail crossing,0,COAL CITY,IL,64,2,Day,Rain,Main,Freight Train,62,500,20000,20500,M302,41.25731,-88.355648,69.9,66.3,61
NS,137063,2020-02-06,6:00 AM,Derailment,0,BOUND BROOK,NJ,36,1,Dawn,Clear,Main,Freight Train,25,15357,0,556768,E53C,38.752287,-77.461641,41.3,39.7,40.6
WC,934286,2017-08-29,5:30 AM,Hwy-rail crossing,0,WEYERHAUSER,WI,59,1,Dawn,Fog,Main,Light loco(s),31,75000,18155,93155,M302,45.43069,-91.460059,64.2,62.7,63.4
BNSF,MT1117104,2017-11-20,1:55 AM,Derailment,0,SHELBY,MT,21,4,Dark,Clear,Industry,Freight Train,5,23000,19000,42000,H607,48.475578,-111.832347,38.7,30.2,22.7
PR,2024020202,2024-02-28,5:30 PM,Other impacts,0,NORTH CHARLESTON,SC,61,3,Dusk,Clear,Yard,Cut of cars,2,8670,0,20671,H018,32.89727,-79.97951,61.9,67.3,55.3
BNSF,PR1217106,2017-12-06,1:30 PM,Obstruction,0,NEWCASTLE,WY,30,2,Day,Cloudy,Main,Maint./inspect Car,13,70000,500,70500,H997,43.692468,-104.123205,25.3,23.2,25.4
UP,0424RM031,2024-04-25,1:30 PM,Obstruction,0,GREEN RIVER,WY,62,2,Day,Cloudy,Yard,Yard/switching,5,6378,1694,42468,M404,41.519752,-109.449866,52.9,48.8,43.7
UP,0416TC003,2016-04-22,11:10 AM,Other (describe in narrative),0,ALTOONA,WI,50,2,Day,Cloudy,Industry,Freight Train,6,0,15533,15533,H601,44.85031,-91.587027,58.4,47,52.2
UP,1219GC013,2019-12-17,1:20 PM,Hwy-rail crossing,0,DAYTON,TX,50,2,Day,Clear,Main,,0,0,249,45311,M302,30.059172,-94.992737,62.5,44,42.2
TMBL,02082020A,2020-02-08,6:20 PM,Side collision,0,TACOMA,WA,50,4,Dark,Cloudy,Yard,Yard/switching,8,15000,0,63500,H310,47.247734,-122.386653,47.5,42.3,38.4
NS,156105,2024-03-09,10:00 AM,Derailment,0,JENKINJONES,WV,50,2,Day,Clear,Industry,Freight Train,2,13000,34033,47033,M101,37.299768,-81.475269,49.1,48.4,34.2
BNSF,RD1219114,2019-12-06,10:20 PM,Other impacts,0,DALLAS,TX,48,4,Dark,Clear,Industry,,0,0,19500,126161,H302,32.75506,-96.778976,62.8,58.7,51.5
UP,0318HO025,2018-03-11,8:00 AM,Other (describe in narrative),0,HOUSTON,TX,75,2,Day,Cloudy,Yard,Single Car,0,22761,0,22761,M201,29.810631,-95.288026,73.9,71.3,57.9
WSOR,230213004,2023-02-13,10:10 PM,Other impacts,0,HORICON,WI,34,4,Dark,Clear,Yard,Single Car,3,1887,0,13887,H018,43.449154,-88.647674,31.4,31.9,39.1
NS,140378,2021-01-25,9:38 PM,Derailment,0,CHARLESTOWN,WV,31,4,Dark,Sleet,Main,Freight Train,41,953836,184323,1138159,E27C,39.244455,-77.90527,27.2,30.6,31.5
WSOR,220713006,2022-07-13,7:00 PM,Derailment,0,HORICON,WI,77,3,Dusk,Clear,Yard,Freight Train,8,97654,15130,112784,E4TC,43.452577,-88.646059,69.3,66.9,66.2
UP,0823GL050,2023-08-30,9:30 PM,Other impacts,0,SUPERIOR,WI,64,4,Dark,Clear,Yard,Freight Train,2,102981,6240,109221,H307,46.681169,-92.018752,63.7,59.1,60.3
UP,0920RM008,2020-09-10,11:29 AM,Other impacts,0,SINCLAIR,WY,35,2,Day,Snow,Industry,Single Car,0,3200,0,195863,H702,41.778131,-107.108835,30.4,38,47.4
UP,0818DV020,2018-08-20,12:00 PM,Other (describe in narrative),0,GREEN RIVER,WY,75,2,Day,Clear,Yard,Single Car,0,67840,0,67840,H312,41.526827,-109.469817,60.6,64,60
CSX,000173638,2017-12-23,9:00 PM,Derailment,0,CHARLESTON,WV,50,4,Dark,Cloudy,Yard,Yard/switching,5,13292,328,13620,H702,38.349454,-81.643763,55,48.6,37
BNSF,NW1023113,2023-10-19,12:01 AM,Derailment,0,SPOKANE,WA,45,4,Dark,Clear,Yard,Yard/switching,10,79395,0,79395,M501,47.670967,-117.333223,55.1,57.1,59.8
UP,0719PN015,2019-07-16,10:20 PM,Other impacts,0,SPOKANE,WA,72,4,Dark,Cloudy,Yard,Cut of cars,0,32074,0,393753,H515,47.65847,-117.345735,67.1,67.1,64.6
NS,151492,2022-11-17,11:00 AM,Hwy-rail crossing,0,PARIS,MO,40,2,Day,Clear,Main,Freight Train,49,238592,237953,476545,M303,39.48491,-92.000105,28.8,30.3,23.8
ATK,155863,2018-10-16,9:50 PM,Derailment,0,SEATTLE,WA,49,4,Dark,Clear,Yard,Yard/switching,5,9180,2200,11380,H303,47.58621,-122.32766,53.3,55.2,54.1
UP,0323GL029,2023-03-27,3:30 AM,Derailment,0,SUPERIOR,WI,29,4,Dark,Cloudy,Main,,0,0,10734,24734,H503,46.729284,-92.107119,33.2,29.7,21
NIRC,2018070550,2018-02-08,6:20 PM,Other impacts,0,CHICAGO,IL,12,3,Dusk,Cloudy,Main,Commuter Train - Pushing,10,13887,0,13887,M402,41.922943,-87.80482,16.8,15.5,25.2
MRSR,24001,2024-01-12,2:32 AM,Derailment,0,MINERAL,WA,20,4,Dark,Snow,Yard,Cut of cars,15,5000,10000,15000,E08C,46.714384,-122.159746,37.2,23.1,20.1
WSOR,230213004,2023-02-13,10:10 PM,Other impacts,0,HORICON,WI,34,4,Dark,Clear,Yard,Freight Train,6,9800,2200,13887,H018,43.449154,-88.647674,31.4,31.9,39.1
UP,1214FW002,2014-12-04,2:55 PM,Hwy-rail crossing,0,ODESSA,TX,65,2,Day,Clear,Main,Freight Train,61,21366,0,21366,M302,31.719148,-102.63081,54.6,54.1,58
BNSF,NW0624109,2024-06-22,3:32 PM,Derailment,0,SEATTLE,WA,72,2,Day,Clear,Yard,Cut of cars,0,1651,0,298335,H607,47.656654,-122.386796,72.6,66.7,62.6
WSOR,D752115,2015-04-20,8:55 PM,Derailment,0,JANESVILLE,WI,28,4,Dark,Clear,Main,Freight Train,8,265486,7808,273294,T220,42.66504,-89.01329,58.4,45.4,40.6
NS,154729,2023-11-08,4:45 AM,Derailment,0,FRONT ROYAL,VA,54,1,Dawn,Clear,Main,DMU,37,64164,0,64164,E53C,38.913499,-78.107979,65,54.1,55.7
WC,1126344,2023-02-26,9:20 AM,Derailment,0,HAWTHORNE,WI,21,2,Day,Clear,Main,Freight Train,10,4509,400254,404763,E61C,46.53076,-91.88633,14.1,14.2,27.7
BNSF,PR0715111,2015-07-24,8:32 PM,Derailment,0,NEWCASTLE,WY,59,3,Dusk,Rain,Main,Freight Train,19,382273,15748,398021,M105,43.841496,-104.178004,76.2,72.4,75.2
BNSF,KS0215107,2015-02-20,3:50 AM,Side collision,0,AMARILLO,TX,27,4,Dark,Clear,Industry,Yard/switching,6,50300,0,70525,H307,35.226439,-101.740386,47.3,50.8,42
WER,020120D,2020-02-01,2:30 AM,Derailment,0,DAVENPORT,WA,32,4,Dark,Clear,Yard,Freight Train,10,7040,5800,12840,T213,47.654,-118.15,47.3,46.5,30.1
UP,0118HO037,2018-01-28,7:00 AM,Derailment,0,HOUSTON,TX,50,2,Day,Clear,Yard,Light loco(s),5,18620,800,19420,T212,29.822177,-95.290054,62.3,62.2,55.8
UP,0423RM030,2023-04-28,4:25 PM,Other impacts,0,SALT LAKE CITY,UT,67,2,Day,Clear,Yard,Yard/switching,2,13019,0,23083,E20C,40.724454,-111.908578,58.9,58.5,64.3
NS,136796,2020-01-10,12:45 PM,Derailment,0,DECATUR,IL,40,2,Day,Rain,Yard,Yard/switching,8,4600,108899,113499,E04C,39.852179,-88.918354,45.3,54,38.4
CSX,000170362,2017-07-19,10:00 PM,Other impacts,0,LOUISVILLE,KY,82,4,Dark,Clear,Yard,Yard/switching,8,141438,0,174815,H020,38.160709,-85.749174,82.4,82.9,84.5
CSX,000171937,2017-09-29,6:50 PM,Side collision,0,NEW MARTINSVILLE,WV,71,3,Dusk,Clear,Yard,Yard/switching,0,8612,0,30660,H318,39.634445,-80.864151,66,58.5,54.2
BNSF,PR0515101,2015-05-06,12:01 PM,Derailment,0,GUERNSEY,WY,54,2,Day,Cloudy,Yard,Freight Train,8,340191,40000,380191,E65C,42.256993,-104.680774,52.7,52.2,48.6
BNSF,PR0521111,2021-05-26,3:40 PM,Rear end collision,0,POWDER RIVER,WY,65,2,Day,Clear,Main,Spec. MoW Equip.,0,125000,0,150000,H997,43.030339,-106.797748,58.3,56,53.8
NS,139672,2020-11-08,3:50 AM,Derailment,0,ROCKY GAP,WV,38,4,Dark,Clear,Main,Freight Train,17,985972,20430,1006402,H508,37.301353,-81.074773,57.7,59.8,61
IORY,IOR345323D,2023-03-03,8:15 PM,Derailment,0,DELTA,OH,37,4,Dark,Clear,Main,Freight Train,5,40000,7850,47850,E53C,41.570622,-84.032784,40.7,35.5,39.2
NS,144459,2022-02-19,2:15 AM,Other (describe in narrative),0,NORTHFORK,WV,18,4,Dark,Clear,Main,Freight Train,14,2430,26570,29000,E30C,37.405647,-81.421709,32.3,26.5,34.8
NS,134796,2019-07-20,5:45 PM,Derailment,0,ECKMAN,WV,93,3,Dusk,Clear,Main,Freight Train,4,857247,55523,912770,H503,37.405864,-81.463518,75.4,77.5,75.6
BNSF,RD0724129,2024-07-26,7:05 AM,Derailment,0,SILSBEE,TX,75,1,Dawn,Cloudy,Yard,Yard/switching,8,137369,3500,147342,M505,30.356083,-94.194531,76,77.3,77.8
BNSF,NW0323107,2023-03-11,6:30 AM,Derailment,0,BELLINGHAM,WA,40,1,Dawn,Rain,Main,Freight Train,20,35433,155000,190433,M404,48.663508,-122.498719,43.1,44,41.1
WN,09112015,2015-09-11,10:10 AM,Side collision,0,CHIPPEWA FALLS,WI,60,2,Day,Clear,Industry,Single Car,3,2698,12400,27498,H018,44.951834,-91.369965,61.2,52.7,52.8
UP,0518NP043,2018-05-31,5:25 PM,Fire/violent rupture,0,HILLSDALE,WY,75,2,Day,Clear,Main,Freight Train,48,14674,0,14674,E74L,41.214725,-104.507192,59.8,65.9,65.1
BNSF,NW1120122,2020-11-29,2:30 PM,Derailment,0,AUBURN,WA,45,2,Day,Fog,Yard,Light loco(s),5,16837,1500,18337,H704,47.276628,-122.22974,44.6,37.2,45
UP,0918PR016,2018-09-15,7:28 AM,Derailment,0,DOLTON,IL,72,2,Day,Cloudy,Yard,Light loco(s),8,2500,20768,23268,M404,41.618068,-87.611015,70.9,70.5,75.5
UP,0615LV007,2015-06-13,3:50 AM,Derailment,0,AVONDALE,LA,78,4,Dark,Cloudy,Yard,Cut of cars,0,4401,0,20557,H601,29.91862,-90.187971,76.9,82.5,81.3
UP,0620TO044,2020-06-27,6:05 PM,Derailment,0,BIG SPRING,TX,94,3,Dusk,Clear,Industry,Yard/switching,2,12165,5044,17209,H307,32.27153,-101.414391,85.1,83.1,86.7
UP,0617DV010,2017-06-16,1:37 PM,Derailment,0,GRANITE CANON,WY,77,2,Day,Cloudy,Industry,Work train,1,152815,132,152947,M101,41.099071,-105.168242,64.8,68,60.5