reportingrailroadcode,accidentnumber,date,time,accidenttype,hazmatreleasedcars,station,stateabbr,temperature,visibility_code,visibility,weathercondition,tracktype,equipmenttype,trainspeed,equipmentdamagecost,trackdamagecost,totaldamagecost,primaryaccidentcausecode,latitude,longitude,prior_temp,actual_temp,following_temp
CSX,000171227,2017-08-26,2:00 AM,Other impacts,0,NORTH CHARLESTON,SC,75,4,Dark,Clear,Yard,Cut of cars,10,11363,942,23003,H318,32.865162,-79.999369,78.1,80.2,78.1
BNSF,KS0724205,2024-07-31,10:21 AM,Hwy-rail crossing,0,FRIONA,TX,86,2,Day,Clear,Main,Freight Train,46,5000,22000,27000,M302,34.595784,-102.781063,85.2,86,86.6
UP,0316DV005,2016-03-14,9:41 PM,Head on collision,0,GRANGER,WY,20,4,Dark,Clear,Siding,Freight Train,0,960430,58996,2116526,H405,41.617227,-109.925037,38.5,31.9,24.5
CSX,000193972,2020-11-19,10:30 PM,Derailment,0,KIRKVILLE,NY,40,4,Dark,Cloudy,Main,Freight Train,4,6181,12296,18477,E46C,43.07551,-75.990392,25.9,41.4,57.4
BNSF,HL0417103,2017-04-05,5:25 PM,Derailment,0,LINCOLN,NE,56,2,Day,Clear,Yard,Yard/switching,6,11265,0,11265,H506,40.807967,-96.72676,51.2,51,47.1
UP,0919PN024,2019-09-13,4:04 AM,Other (describe in narrative),0,PORTLAND,OR,62,1,Dawn,Cloudy,Industry,Single Car,0,31266,0,31266,M504,45.605133,-122.749015,66.4,67.6,67.1
UP,1118DV002,2018-11-10,11:15 AM,Derailment,0,CHEYENNE,WY,46,2,Day,Cloudy,Yard,Yard/switching,9,93930,40297,391108,H019,41.127812,-104.817008,25.7,35.9,21.4
CP,1000457040,2016-10-05,12:45 PM,Obstruction,0,LA CROSSE,WI,70,2,Day,Clear,Siding,Spec. MoW Equip.,0,100,0,12747,H993,43.87879,-91.223913,66.6,67.1,60.4
UP,0322RM010,2022-03-16,11:50 PM,Other impacts,0,GREEN RIVER,WY,29,4,Dark,Cloudy,Yard,Yard/switching,4,10364,150,66936,M599,41.525033,-109.464208,37.1,34.2,29.9
BNSF,NW0223111,2023-02-27,6:45 PM,Derailment,0,VANCOUVER,WA,35,3,Dusk,Rain,Yard,Yard/switching,4,8846,12000,20846,H702,45.640883,-122.686605,38,38.8,37.2
CSX,000145311,2015-04-22,10:31 PM,Derailment,0,PARKERSBURG,WV,41,4,Dark,Clear,Main,Freight Train,6,34810,300,35110,E67C,39.267578,-81.564647,53.4,48.4,44.9
BNSF,NW0621103,2021-06-06,1:10 AM,Other impacts,0,CUSTER,WA,50,4,Dark,Cloudy,Industry,Freight Train,2,350,12474,12824,H510,48.834113,-122.704665,56.9,51.9,52.5
BNSF,CH0719101,2019-07-01,9:17 AM,Obstruction,0,GLEN HAVEN,WI,79,2,Day,Clear,Main,Freight Train,37,805038,204000,1009038,M101,42.820839,-91.076659,75.7,76.3,80.3
UP,1122RM012,2022-11-09,6:50 PM,Derailment,0,RAWLINS,WY,30,3,Dusk,Snow,Yard,Freight Train,4,56256,2643,58899,H307,41.786813,-107.237623,45.4,39.7,22.8
UP,0721SX001,2021-07-02,11:54 AM,Derailment,0,UVALDE,TX,84,2,Day,Cloudy,Main,Freight Train,34,56025,9500,65525,E53C,29.241953,-99.914679,80.8,83,83.1
NS,118271,2015-11-19,11:10 AM,Derailment,0,LANCASTER,PA,62,2,Day,Rain,Yard,Yard/switching,4,38003,1500,39503,H702,40.057558,-76.331144,49.5,59.9,45.7
UP,0618NP016,2018-06-13,7:31 PM,Derailment,0,NORTH PLATTE,NE,80,2,Day,Cloudy,Yard,Yard/switching,4,31381,5040,36421,M411,41.152459,-100.822993,68.6,72.5,82.8
CP,1000643744,2017-10-28,10:39 PM,Side collision,0,FALL RIVER,WI,34,4,Dark,Cloudy,Industry,Yard/switching,4,56189,350,97420,H018,43.404112,-89.097616,38,35.8,37.1
BNSF,NW0919103,2019-09-04,8:40 AM,Derailment,0,SEATTLE,WA,70,1,Dawn,Clear,Yard,Single Car,0,500,0,72523,H306,47.643475,-122.381516,69.5,67,68.8
WC,855783,2015-06-17,10:05 PM,Derailment,0,N FOND DU LAC,WI,65,4,Dark,Clear,Yard,Yard/switching,7,6591,6742,13333,M599,43.809188,-88.475293,65.1,66.1,69.4
UP,1023RM007,2023-10-12,9:00 PM,Other impacts,0,GREEN RIVER,WY,40,4,Dark,Cloudy,Yard,Yard/switching,4,26565,0,26565,H312,41.520208,-109.455246,44.5,36.6,38.4
BNSF,TC0118101,2018-01-06,1:45 PM,Other impacts,0,WILLMAR,MN,10,2,Day,Cloudy,Yard,Yard/switching,5,49277,0,49277,H310,45.125733,-95.032045,-6.8,0.9,25.1
UP,0817ST005,2017-08-05,5:30 AM,Other impacts,0,EL PASO,TX,80,4,Dark,Clear,Industry,Freight Train,5,9641,0,14319,H607,31.768164,-106.39313,83.4,84.2,84.6
NS,122859,2016-11-22,12:30 PM,Derailment,1,EAST CANTON,OH,40,2,Day,Clear,Yard,Yard/switching,4,44000,154130,198130,H312,40.818952,-81.313794,30,29.5,34.1
UP,0922PN012,2022-09-08,5:15 PM,Hwy-rail crossing,0,BURBANK,WA,82,2,Day,Cloudy,Main,,0,0,300,300,M303,46.1926,-118.928675,76.3,70.9,71.5
MRL,2020051,2020-05-27,4:15 PM,Obstruction,0,PLAINS,MT,80,2,Day,Clear,Industry,Spec. MoW Equip.,0,40000,0,40000,H499,47.522141,-114.994209,45.6,49,55.1
BNSF,PR0619110,2019-06-22,12:31 AM,Fire/violent rupture,0,DE BEQUE,CO,51,4,Dark,Clear,Main,Freight Train,40,53000,0,53000,E73L,39.330317,-108.214082,56.8,55.3,56.7
SEPA,0717222164,2022-07-17,12:17 PM,Obstruction,0,PHILADELPHIA,PA,80,2,Day,Clear,Yard,Maint./inspect Car,0,0,0,12800,H101,40.060062,-75.089666,78.6,79.1,83.1
CSX,000218785,2024-05-11,1:00 AM,Obstruction,0,BETHUNE,SC,77,4,Dark,Clear,Main,,0,0,0,40160,M404,34.427898,-80.325164,69.4,62.7,66.3
TRE,20020,2021-10-22,3:57 AM,Other (describe in narrative),0,IRVING,TX,67,4,Dark,Clear,Main,Commuter Train - Pushing,65,0,0,0,M402,32.8154,-96.97007,72.7,71.5,76.2
BNSF,CH0817112,2017-08-15,10:25 AM,Derailment,0,LA CROSSE,WI,74,2,Day,Clear,Yard,Freight Train,5,14706,0,14706,H307,43.851069,-91.230331,70.3,69.3,75
CSX,000171404,2017-09-01,12:30 PM,Derailment,0,ROCHESTER,NY,90,2,Day,Clear,Siding,Freight Train,3,27528,32125,59653,H702,43.163424,-77.608978,63,55.2,57.4
BNSF,HL0222203,2022-02-08,11:43 PM,Hwy-rail crossing,0,YORK,NE,22,4,Dark,Clear,Main,Freight Train,35,12939,1774,14713,M302,40.882775,-97.578115,40,42.9,40.9
UP,0520GL017,2020-05-20,4:59 PM,Derailment,0,SUPERIOR,WI,50,2,Day,Clear,Yard,Yard/switching,2,318,1663,40765,M405,46.679489,-92.013305,46.2,48.4,50.6
UP,0815PC009,2015-08-27,8:27 AM,Hwy-rail crossing,0,DAYTON,ID,75,2,Day,Clear,Main,Freight Train,50,0,30250,30250,M301,42.107598,-111.976837,72,69.8,71.4
BNSF,KS0717103,2017-07-19,12:00 PM,Derailment,0,TOPEKA,KS,95,2,Day,Clear,Yard,Light loco(s),2,18950,0,18950,E46L,39.055386,-95.638667,83.5,84.7,88.8
NS,152334,2023-02-17,4:00 AM,Other (describe in narrative),0,RED JACKET,WV,35,1,Dawn,Rain,Yard,Freight Train,0,183326,19589,202915,M199,37.697986,-82.112477,56.5,37.6,32.6
NS,126894,2017-10-04,10:50 AM,Derailment,0,ALTOONA,PA,68,2,Day,Clear,Yard,Yard/switching,5,4407,26933,34855,H306,40.529625,-78.385381,59.1,64,67.9
BNSF,PR0123113,2023-01-24,6:01 AM,Derailment,0,SHERIDAN,WY,29,1,Dawn,Cloudy,Yard,Freight Train,5,500,11424,11924,E71L,44.809091,-106.952567,30.8,30.1,30.3
ATK,168668,2021-10-11,12:50 PM,Derailment,0,WOODLAND,WA,57,2,Day,Cloudy,Main,Passenger Train - Pulling,4,116340,0,118140,H702,45.880974,-122.753555,52.6,46.6,43.9
WN,12222016,2016-12-22,7:30 PM,Derailment,0,CHIPPEWA FALLS,WI,31,4,Dark,Clear,Siding,Freight Train,10,9250,11580,20830,H702,44.994283,-91.38423,31.4,28.2,29.1
BNSF,PR0624106,2024-06-24,5:40 PM,Derailment,0,CLEARMONT,WY,96,3,Dusk,Clear,Main,Freight Train,26,888922,444000,1332922,M505,44.685837,-106.352644,78.3,77.2,72.7
LS,LS0324113,2024-03-04,11:00 AM,Derailment,0,KELSO,WA,40,2,Day,Cloudy,Yard,Yard/switching,10,0,0,23000,E67C,46.119079,-122.921642,36.5,37.2,38.2
BNSF,NW1121109,2021-11-16,1:43 PM,Derailment,0,SUMAS,WA,40,2,Day,Rain,Yard,Cut of cars,0,272697,30000,302697,M103,48.999646,-122.266456,49,40.3,37.1
BNSF,CH0816121,2016-08-16,3:30 PM,Obstruction,0,COOK,IL,85,2,Day,Cloudy,Main,,0,0,0,45528,M404,37.37412,-88.955361,74.1,77.7,78.5
BNSF,NW0622104,2022-06-09,7:05 PM,Derailment,0,SEATTLE,WA,55,3,Dusk,Rain,Yard,Freight Train,5,3900,25000,28900,E69C,47.497395,-122.274726,62.8,57,61.1
BNSF,NW0723109,2023-07-07,4:14 PM,Other impacts,0,PASCO,WA,95,2,Day,Clear,Yard,Yard/switching,10,29100,750,35810,M407,46.266152,-119.100497,80,80.6,82.5
NS,144092,2022-01-20,10:00 AM,Other impacts,0,WEST FAIRVIEW,PA,72,2,Day,Clear,Yard,Single Car,6,19763,603,31271,H312,40.279807,-76.922451,35.1,32.9,18.8
BNSF,NW0222203,2022-02-20,11:58 PM,Hwy-rail crossing,0,PASCO,WA,40,4,Dark,Clear,Yard,Yard/switching,5,3000,10295,13295,M308,46.30543,-119.115327,45.6,45.1,36.4
UP,1214HO021,2014-12-11,10:17 AM,Obstruction,0,HOUSTON,TX,68,2,Day,Clear,Yard,Single Car,0,1021,0,13151,M202,29.816562,-95.287975,58.3,63.8,65.6
UP,0719TO015,2019-07-12,11:50 PM,Derailment,0,FORT WORTH,TX,82,4,Dark,Clear,Yard,Yard/switching,10,870,13170,14040,S006,32.720466,-97.381822,83.6,83.5,83.7
CRSH,122688,2016-11-06,5:45 PM,Raking collision,0,NEWARK,NJ,52,3,Dusk,Clear,Yard,Yard/switching,3,44981,0,71062,S016,40.708915,-74.138802,52.1,52.8,46.8
NS,141778,2021-06-05,1:08 AM,Other impacts,0,WEST FAIRVIEW,PA,72,4,Dark,Clear,Yard,Yard/switching,8,59572,0,153550,E30C,40.279807,-76.922451,73.8,79.1,80.8
UP,0321SX019,2021-03-22,2:55 PM,Other impacts,0,EAGLE PASS,TX,73,2,Day,Cloudy,Yard,Freight Train,0,7428,0,94147,M404,28.757193,-100.487812,64.9,69.7,70.5
UP,1216DV024,2016-12-25,12:23 AM,Derailment,0,HANNA,WY,35,4,Dark,Clear,Main,Freight Train,50,13526,696,14222,E39C,41.837191,-106.633464,38.3,25.5,18.1
UP,1223GL002,2023-12-06,11:40 AM,Derailment,0,SUPERIOR,WI,35,2,Day,Cloudy,Yard,,0,0,128645,140382,H506,46.677976,-92.012436,30.3,30.8,34.3
BNSF,NW0722108,2022-07-17,12:29 PM,Derailment,0,CENTRALIA,WA,74,2,Day,Cloudy,Yard,Yard/switching,10,6786,383000,389786,H703,46.731066,-122.947209,64.5,61,61
UP,0724PR003,2024-07-03,12:40 AM,Other impacts,0,ALTOONA,WI,66,4,Dark,Clear,Yard,Cut of cars,0,8174,0,110910,H312,44.804888,-91.422184,63.4,73.9,65.3
BNSF,HL0424112,2024-04-13,7:41 PM,Derailment,0,WYANDOTTE,OK,74,3,Dusk,Clear,Main,Freight Train,39,452852,577739,1030591,E53C,36.795581,-94.724619,55.9,67.7,73.3
UP,1021RM008,2021-10-08,7:00 PM,Derailment,0,GREEN RIVER,WY,55,3,Dusk,Cloudy,Yard,Freight Train,5,44315,90725,135040,H703,41.519035,-109.44381,49.1,47.2,42.7
MCRL,MC211020B,2021-10-20,12:17 PM,Other (describe in narrative),0,BERKLEY,MA,66,2,Day,Clear,Main,Spec. MoW Equip.,0,412000,1734,413734,M599,41.823925,-71.02873,50.8,59.4,62.8
IC,902522,2016-10-01,9:40 PM,Side collision,0,HARVEY,IL,58,4,Dark,Cloudy,Yard,Freight Train,3,10600,500,36157,H503,41.577893,-87.65605,61.9,60,61.3
UP,1219TO031,2019-12-29,7:55 PM,Other impacts,0,FORT WORTH,TX,44,3,Dusk,Clear,Yard,Single Car,0,1482,0,20093,H318,32.771726,-97.327076,61.7,49,43.6
BNSF,TC0917110,2017-09-25,3:50 AM,Derailment,0,SUPERIOR,WI,65,4,Dark,Cloudy,Yard,Freight Train,9,3000,230656,233656,H704,46.653133,-92.06004,65.3,59.8,55.9
UP,0120GL009,2020-01-11,3:52 PM,Derailment,0,SUPERIOR,WI,16,2,Day,Snow,Yard,Yard/switching,2,52612,300,52912,M101,46.65356,-92.001725,13.3,8.5,18.2
UP,1114FW036,2014-11-29,5:25 PM,Derailment,0,ODESSA,TX,50,2,Day,Clear,Yard,Light loco(s),3,12939,3628,16567,H702,31.870087,-102.317165,55.9,58.8,59.7
UP,0523HL030,2023-05-24,3:00 AM,Derailment,0,DALHART,TX,58,4,Dark,Cloudy,Yard,Freight Train,4,11506,4897,16403,H704,36.078315,-102.501891,61.4,65.1,64
UP,0821GC024,2021-08-14,9:10 PM,Derailment,0,WESTWEGO,LA,84,4,Dark,Clear,Main,Yard/switching,2,9109,23500,32609,M405,29.916528,-90.178772,81.6,85.1,84.3
BNSF,PR0321103,2021-03-12,8:03 PM,Derailment,0,GILLETTE,WY,31,3,Dusk,Clear,Yard,Freight Train,10,222253,9000,231253,H318,44.289753,-105.279856,31,32.2,36.9
UP,0323GP015,2023-03-13,10:50 PM,Derailment,0,MITCHELL,NE,36,4,Dark,Cloudy,Yard,Freight Train,12,37707,31835,69542,E49C,41.931342,-103.862592,28.2,35.6,46.2
CSX,000141581,2015-02-16,1:15 PM,Derailment,20,MOUNT CARBON,WV,18,2,Day,Snow,Main,Freight Train,33,2871245,199832,3071077,T221,38.143797,-81.291657,8.6,11,15.6
BNSF,TC1116109,2016-11-18,11:30 AM,Rear end collision,0,FOXBORO,WI,30,2,Day,Sleet,Main,Work train,0,500,0,450500,H997,46.505671,-92.232831,44.6,34.7,25.4
WC,965388,2018-07-09,5:30 AM,Derailment,0,SUPERIOR,WI,70,1,Dawn,Clear,Yard,Freight Train,8,224915,174236,399151,T220,46.641072,-92.134606,76.9,74.4,69.3
BNSF,PR0816102,2016-08-05,4:00 AM,Derailment,0,ETTER,TX,65,4,Dark,Cloudy,Yard,Freight Train,3,64800,0,64800,H307,36.023551,-101.975659,82.7,75.1,79
CSX,000167261,2017-03-07,3:11 PM,Hwy-rail crossing,0,NEWBURGH,NY,52,2,Day,Cloudy,Siding,Spec. MoW Equip.,0,330000,0,1888187,M303,41.4894,-74.009238,29,41,50.1
ATK,177651,2023-12-20,8:38 PM,Hwy-rail crossing,0,PUYALLUP,WA,41,4,Dark,Fog,Main,Passenger Train - Pulling,72,12158,0,12158,M308,47.19318,-122.298393,47.7,41.6,42.5
BNSF,PR0322113,2022-03-31,6:40 PM,Derailment,0,GREYBULL,WY,44,3,Dusk,Cloudy,Yard,Freight Train,6,151609,8256,159865,H520,44.480589,-108.055765,38.2,38.1,40.5
UP,1121PR018,2021-11-27,7:30 PM,Derailment,0,JOLIET,IL,41,3,Dusk,Cloudy,Yard,Freight Train,5,38529,4850,43379,H704,41.459519,-88.112756,24.8,35.6,31.9
UP,1118DV002,2018-11-10,11:15 AM,Derailment,0,CHEYENNE,WY,46,2,Day,Cloudy,Yard,Cut of cars,0,256881,0,391108,H019,41.127812,-104.817008,25.7,35.9,21.4
NS,132512,2019-01-20,12:49 PM,Derailment,0,BELLEVUE,OH,10,2,Day,Clear,Yard,Yard/switching,10,10813,200,11013,H210,41.288306,-82.801342,26.1,12.3,2.9
CSX,000152796,2015-10-03,9:50 AM,Head on collision,0,BUCHANAN,VA,48,2,Day,Rain,Main,Spec. MoW Equip.,0,0,0,15940,H699,37.566726,-79.736531,52.1,50,53.4
BNSF,RD0718109,2018-07-10,4:00 AM,Head on collision,0,HASLET,TX,76,1,Dawn,Cloudy,Yard,Freight Train,0,11000,0,160277,H302,32.989428,-97.353327,84.3,81.6,87.3
BNSF,NW0324126,2024-03-02,12:01 AM,Derailment,0,SPOKANE,WA,34,4,Dark,Clear,Yard,,0,0,0,26786,E69C,47.655658,-117.418193,36.9,33.8,33
BNSF,PR0317200,2017-03-17,6:27 PM,Hwy-rail crossing,0,MINDEN,NE,55,3,Dusk,Clear,Main,Freight Train,60,173183,0,173183,M302,40.51528,-98.9135,51.3,53.1,46.6
CSX,000173023,2017-11-21,9:08 AM,Derailment,0,LUMBERPORT,WV,48,2,Day,Cloudy,Industry,Freight Train,8,19378,500,19878,T216,39.375472,-80.34201,35.2,44.1,39.4
UP,0623RM007,2023-06-08,4:00 PM,Derailment,0,ROCK SPRINGS,WY,64,2,Day,Clear,Siding,Freight Train,2,14010,11366,25376,H701,41.557472,-108.542023,60.1,58.1,57.8
UP,0921PR015,2021-09-25,9:20 AM,Derailment,0,MILWAUKEE,WI,52,2,Day,Clear,Yard,Freight Train,7,174753,142159,316912,H307,43.097872,-88.06416,65.7,59.9,69.3
BNSF,RD0523116,2023-05-21,5:18 PM,Derailment,0,GALVESTON,TX,75,3,Dusk,Cloudy,Yard,Yard/switching,10,29018,97610,126628,H307,29.291218,-94.856223,80.4,76.3,76.6
CSX,000204935,2022-05-14,3:15 AM,Derailment,0,READER,WV,63,4,Dark,Clear,Main,Freight Train,18,33543,2063,35606,E47C,39.576114,-80.760034,67.6,68.5,70.1
NJTR,201807383,2018-07-13,10:20 PM,Other (describe in narrative),0,KEARNY,NJ,85,4,Dark,Clear,Yard,Yard/switching,2,0,133000,133000,H399,40.743153,-74.09899,76.4,76.9,80.9
UP,1023PR028,2023-10-31,3:41 PM,Derailment,0,JANESVILLE,WI,36,2,Day,Clear,Main,Freight Train,10,173233,179114,352347,M204,42.683668,-89.028999,31.7,31.4,31.9
WC,1001699,2019-06-12,12:40 PM,Hwy-rail crossing,0,HAWTHORNE,WI,64,2,Day,Clear,Main,,0,0,0,56958,M303,46.589611,-91.907263,55.8,56.5,56.1
UP,0218KC021,2018-02-23,2:00 AM,Derailment,0,KANSAS CITY,MO,33,4,Dark,Clear,Yard,Yard/switching,2,6926,16640,23566,E04C,39.122716,-94.523956,31.7,35.7,37.7
CBRW,19011401,2019-01-14,4:10 PM,Derailment,0,WARDEN,WA,30,2,Day,Cloudy,Industry,Cut of cars,10,31598,200,31798,H025,46.968707,-119.062395,30.5,30.2,28.3
BNSF,CH0118104,2018-01-11,11:30 PM,Derailment,0,DIAMOND BLUFF,WI,-20,4,Dark,Clear,Main,Freight Train,3,500,42307,42807,H705,44.619907,-92.56954,35.9,17,-3.9
UP,1218GP008,2018-12-04,3:41 AM,Derailment,0,MANVILLE,WY,17,4,Dark,Cloudy,Main,Freight Train,38,16778,385470,402248,E62C,42.766581,-104.716663,25.3,22.6,24.6
CSX,000180871,2019-01-20,7:20 PM,Hwy-rail crossing,0,CUYAHOGA FALLS,OH,7,4,Dark,Snow,Main,Freight Train,38,10622,11959,22581,M302,41.142741,-81.469872,28.8,15.9,7.7
BNSF,NW1123109,2023-11-11,1:54 AM,Derailment,0,VANCOUVER,WA,52,4,Dark,Rain,Yard,Yard/switching,4,5347,15066,20413,H702,45.617784,-122.718317,51.3,53.4,52.2
NS,135832,2019-10-14,10:30 PM,Derailment,0,BLACKSVILLE,WV,39,4,Dark,Clear,Industry,Freight Train,1,0,18157,18157,M101,39.715491,-80.191126,48.2,53.1,54.6
UP,0315PR017,2015-03-12,8:08 PM,Derailment,0,BUTLER,WI,48,4,Dark,Cloudy,Yard,Freight Train,6,6127,14542,20669,H503,43.092793,-88.064467,41.9,39,47
NS,130964,2018-09-16,9:20 PM,Derailment,0,TAYLOR,PA,72,4,Dark,Clear,Industry,Freight Train,1,5727,10797,16524,M405,41.392605,-75.685801,70.6,71.1,68.7
UP,1117PR004,2017-11-06,12:49 PM,Hwy-rail crossing,0,NORTH LAKE,WI,39,2,Day,Cloudy,Main,Freight Train,46,0,17896,17896,M309,43.161422,-88.364755,44.4,34,34.2
BNSF,CH0918117,2018-09-22,5:34 PM,Side collision,0,LA CROSSE,WI,72,3,Dusk,Clear,Yard,Yard/switching,8,9000,0,41263,H607,43.847328,-91.230212,60.6,53.8,61.5
NS,121691,2016-08-16,9:18 AM,Hwy-rail crossing,0,KERMIT,WV,77,2,Day,Clear,Main,Spec. MoW Equip.,22,31000,0,31000,M303,37.868151,-82.406885,77.1,76.5,73.6
BNSF,RD0219124,2019-02-22,10:30 PM,Derailment,0,CONROE,TX,64,4,Dark,Fog,Yard,Freight Train,5,1500,11030,12530,H702,30.310153,-95.454175,49.6,57.1,66.9
BNSF,NW0922113,2022-09-27,11:00 AM,Derailment,0,KENT,WA,73,2,Day,Clear,Industry,Freight Train,3,1000,12500,13500,H307,47.435827,-122.221603,66.6,63.7,58.8
BNSF,SF0516115,2016-05-26,12:23 AM,Derailment,0,CARRIER,OK,79,4,Dark,Cloudy,Siding,Freight Train,0,23795,0,23795,M105,36.504453,-98.086948,80.7,80.8,72.4
UP,1018TC006,2018-10-10,12:40 PM,Derailment,0,WYEVILLE,WI,60,2,Day,Cloudy,Industry,Light loco(s),1,12363,0,12363,H303,43.988846,-90.340628,65.9,63.3,39
IAIS,2022025,2022-07-21,12:49 PM,Derailment,0,BLUE ISLAND,IL,90,2,Day,Clear,Main,Freight Train,10,4500,0,57620,E69C,41.641461,-87.693784,82.1,82,80.6
UP,0820TO022,2020-08-19,2:55 PM,Other impacts,0,FORT WORTH,TX,92,2,Day,Clear,Yard,Single Car,0,2157,0,27787,H312,32.724488,-97.373605,86.2,81.7,82.4
BNSF,NW1218114,2018-12-18,10:50 AM,Derailment,0,CENTRALIA,WA,50,2,Day,Cloudy,Yard,Freight Train,8,64423,0,64423,E86C,46.746648,-122.938305,48.1,48.3,46.4
BNSF,CH0216200,2016-02-12,12:30 PM,Hwy-rail crossing,0,DIAMOND BLUFF,WI,12,2,Day,Clear,Main,Freight Train,40,500,13000,13500,M302,44.648402,-92.623935,8.5,9.6,1.8
BNSF,NW0624105,2024-06-10,11:58 AM,Rear end collision,0,EVERETT,WA,63,2,Day,Clear,Main,Spec. MoW Equip.,10,80000,0,160000,H997,47.948373,-122.192881,60.6,58.7,58.3
ATK,172926,2022-11-30,7:30 PM,Obstruction,0,SKYKOMISH,WA,33,4,Dark,Snow,Main,Passenger Train - Pulling,25,27272,0,27272,M404,47.70377,-121.295181,23.6,29.9,27.3
BNSF,NW0119105,2019-01-15,10:00 AM,Derailment,0,VANCOUVER,WA,40,2,Day,Clear,Main,Spec. MoW Equip.,10,500,24750,25250,H402,45.704008,-122.717554,38.4,35.5,39.3
NS,157221,2024-06-30,8:15 AM,Derailment,0,JUSTICE,WV,85,2,Day,Clear,Yard,Freight Train,8,2950,15758,18708,M204,37.593521,-81.847723,78.2,74.5,65.8
BNSF,NW0722118,2022-07-24,6:00 AM,Other (describe in narrative),0,LONGVIEW,WA,50,1,Dawn,Clear,Main,Freight Train,8,0,49900,49900,H705,46.0844,-122.869447,63.1,71.6,78.1
BNSF,NW0522108,2022-05-19,11:15 AM,Rear end collision,0,SKYKOMISH,WA,50,2,Day,Cloudy,Siding,Spec. MoW Equip.,0,13000,0,13800,H607,47.77417,-121.487199,43.9,40.2,44.9
UP,0216DV015,2016-02-20,12:10 AM,Derailment,0,CHEYENNE,WY,40,4,Dark,Cloudy,Yard,Yard/switching,6,22814,14263,37077,H702,41.126609,-104.821749,41.8,43.7,31.9
ATK,163563,2020-03-20,3:00 PM,Derailment,0,PHILADELPHIA,PA,80,2,Day,Cloudy,Yard,Light loco(s),4,24241,0,24241,H702,39.95516,-75.182651,48.8,62.7,51.9
BNSF,PR0815108,2015-08-13,9:10 AM,Head on collision,0,MOORCROFT,WY,71,2,Day,Clear,Main,Freight Train,0,18500,0,19700,H017,44.28202,-105.053763,80.8,77.1,82.1
UP,0422GL015,2022-04-09,4:05 PM,Derailment,0,ALTOONA,WI,52,2,Day,Cloudy,Yard,Yard/switching,6,315341,91303,406644,H306,44.803951,-91.419164,34.9,40.1,45.9
UP,0522PN007,2022-05-07,1:00 AM,Derailment,0,SPOKANE,WA,46,4,Dark,Cloudy,Yard,Freight Train,4,41059,6879,47938,H702,47.658397,-117.345922,49.4,48.2,42.4
LSRC,M170731,2017-07-31,10:00 PM,Obstruction,0,ROSCOMMON,MI,80,4,Dark,Cloudy,Siding,Spec. MoW Equip.,0,145700,0,227477,H702,44.500865,-84.595274,67.8,72.2,72.8
BNSF,NW0821117,2021-08-26,8:00 PM,Derailment,0,SEATTLE,WA,70,3,Dusk,Clear,Yard,Yard/switching,8,11947,10000,21947,M503,47.589693,-122.337151,64.8,63.7,62.2
UP,0421RM012,2021-04-12,8:00 PM,Side collision,0,GREEN RIVER,WY,44,4,Dark,Clear,Industry,Cut of cars,4,7054,0,18742,H020,41.681937,-109.753228,40.2,29.5,26.5
CSX,000179434,2018-10-21,6:30 AM,Other impacts,0,RICHMOND,VA,0,1,Dawn,Clear,Yard,Yard/switching,3,17195,0,33826,H318,37.570106,-77.466873,59.3,50.4,45.2
WC,937603,2017-09-30,10:15 PM,Derailment,0,WISCONSIN RAPIDS,WI,54,4,Dark,Clear,Yard,Freight Train,6,19341,2902,22243,H508,44.413375,-89.845376,54.1,53.6,58.4
UFRC,1113162,2016-11-13,1:35 AM,Obstruction,0,AMERICAN FORK,UT,45,4,Dark,Clear,Main,Commuter Train - Pulling,58,37647,0,37647,M402,40.372665,-111.810141,49.1,46.2,48.3
UP,1019HO011,2019-10-24,4:30 PM,Other impacts,0,HOUSTON,TX,81,2,Day,Clear,Yard,Single Car,7,100,0,19512,S007,29.793421,-95.298779,70.3,72.4,56.4
ATK,180334,2024-04-29,3:38 PM,Obstruction,0,LONG ISLAND CITY,NY,55,2,Day,Clear,Yard,,0,0,0,40701,M404,40.750488,-73.992944,62,71.5,57.2
UP,0723HO006,2023-07-05,12:15 PM,Derailment,0,SPRING,TX,90,2,Day,Clear,Yard,Yard/switching,10,117526,74850,192376,H523,30.057475,-95.4106,84.6,84.6,78.4
FWWR,16040601,2016-04-06,8:00 PM,Derailment,0,CRESSON,TX,59,3,Dusk,Clear,Main,Freight Train,8,200000,0,200000,H525,32.532636,-97.617802,70.1,67.4,67.6
CSX,000216509,2024-03-01,7:31 AM,Derailment,0,LUMBERPORT,WV,32,1,Dawn,Clear,Industry,Freight Train,8,12868,2309,15177,T211,39.367883,-80.351608,32.4,39.9,49.4
BNSF,NW0921118,2021-09-26,2:36 AM,Other impacts,0,PASCO,WA,65,4,Dark,Clear,Yard,Yard/switching,3,2700,3000,91388,E30C,46.272863,-119.102435,69.7,74.1,67.1
NS,123588,2017-01-16,7:10 AM,Other impacts,0,PINEVILLE,WV,72,1,Dawn,Cloudy,Industry,Freight Train,2,24586,0,24586,M404,37.547059,-81.501772,43,50.4,53.5
UP,0223RM050,2023-02-26,5:18 AM,Derailment,0,WAMSUTTER,WY,24,1,Dawn,Cloudy,Main,Freight Train,2,50531,200,50731,M101,41.713667,-107.723256,27.2,28.5,26.3