reportingrailroadcode,accidentnumber,date,time,accidenttype,hazmatreleasedcars,station,stateabbr,temperature,visibility_code,visibility,weathercondition,tracktype,equipmenttype,trainspeed,equipmentdamagecost,trackdamagecost,totaldamagecost,primaryaccidentcausecode,latitude,longitude,prior_temp,actual_temp,following_temp
UP,0322GC032,2022-03-31,11:00 AM,Hwy-rail crossing,0,LIVINGSTON,TX,63,2,Day,Cloudy,Main,Freight Train,45,12341,28525,40866,M302,30.788319,-94.894189,71,59.6,61.5
UP,1219GP035,2019-12-09,1:45 AM,Other (describe in narrative),0,BILL,WY,18,4,Dark,Cloudy,Main,Freight Train,22,0,0,90000,H403,43.254152,-105.279979,39.2,19.7,23.6
CSX,000200561,2021-10-09,7:51 AM,Derailment,0,NASHVILLE,TN,75,1,Dawn,Clear,Yard,Freight Train,4,18425,1000,19425,H503,36.112142,-86.770737,69.9,72.6,74.2
BNSF,PR1219107,2019-12-09,1:45 AM,Other (describe in narrative),0,BILL,WY,18,4,Dark,Cloudy,Main,,0,0,90000,90000,H403,43.254152,-105.279979,39.2,19.7,23.6
UP,0723HO001,2023-07-01,1:55 AM,Other impacts,0,BAYTOWN,TX,83,4,Dark,Clear,Yard,Single Car,5,1812,0,13237,H601,29.79851,-95.017139,87.3,88,85.3
BNSF,PR0315106,2015-03-06,6:15 AM,Derailment,0,ALLIANCE,NE,35,1,Dawn,Clear,Yard,Freight Train,5,11248,3800,15048,T222,42.088048,-102.887092,22.4,36.5,40.2
UP,0219ES007,2019-02-05,2:30 PM,Other (describe in narrative),0,KNIPPA,TX,72,2,Day,Cloudy,Main,Spec. MoW Equip.,10,0,58417,58417,H702,29.302465,-99.614369,62.5,65.8,69.2
NS,124956,2017-05-05,8:45 AM,Derailment,0,CONWAY,PA,60,2,Day,Cloudy,Yard,Single Car,0,735,0,50877,E29C,40.672356,-80.251823,54.3,56.9,44.7
TMBL,03292022A,2022-03-29,1:00 PM,Derailment,0,TACOMA,WA,55,2,Day,Clear,Yard,,0,0,35558,57384,H514,47.261873,-122.396707,51.8,49.1,48
ALS,20191221,2019-12-21,11:00 AM,Raking collision,0,EAST ST LOUIS,IL,36,2,Day,Clear,Yard,Yard/switching,7,19650,755,20405,H702,38.596764,-90.152321,32.4,34.1,35.2
BNSF,TC0424106,2024-04-22,1:00 AM,Other (describe in narrative),0,EMERY,SD,50,4,Dark,Clear,Industry,Yard/switching,3,35149,0,35149,H302,43.596225,-97.608757,45.6,56.3,53.6
CSX,000209593,2023-02-02,1:06 AM,Other impacts,0,RIVERDALE,IL,21,4,Dark,Clear,Yard,Single Car,3,9789,0,20635,H305,41.648513,-87.62199,16.5,24.5,8.8
BNSF,NW0820107,2020-08-15,7:51 AM,Derailment,0,ROOSEVELT,WA,83,1,Dawn,Clear,Industry,Yard/switching,3,18861,3000,21861,H306,45.750063,-120.198341,70.8,76.3,80.2
UP,0422GC041,2022-04-14,7:00 AM,Other (describe in narrative),0,LOTTIE,LA,57,2,Day,Clear,Yard,Cut of cars,0,60819,0,60819,M411,30.524052,-91.554312,72.8,66.5,69.4
NS,138855,2020-08-15,1:50 AM,Derailment,0,ROCKY GAP,WV,62,4,Dark,Clear,Main,Freight Train,5,217374,3792,221166,H508,37.302501,-81.093268,68.7,65.7,64.1
UP,1214DV014,2014-12-29,1:15 PM,Derailment,0,GREEN RIVER,WY,-5,2,Day,Clear,Yard,Light loco(s),9,70190,0,70190,M101,41.528519,-109.47799,16,5,-7.3
RCPE,622618D,2018-04-03,6:15 PM,Derailment,0,PHILIP,SD,35,2,Day,Cloudy,Main,Freight Train,10,8500,16000,24500,T221,44.036666,-101.6691,30.1,16.8,24
CSX,000150701,2015-08-15,4:30 AM,Other impacts,0,AVON,IN,70,1,Dawn,Cloudy,Yard,Yard/switching,7,271690,0,281534,S016,39.759779,-86.328326,74.2,75.4,74.2
UP,1217DV001,2017-12-04,9:10 AM,Derailment,0,GREEN RIVER,WY,26,2,Day,Clear,Yard,Yard/switching,4,69833,22450,123173,T220,41.528377,-109.471373,38.4,20.4,18.5
CSX,000214863,2023-12-02,1:30 AM,Derailment,0,GRAFTON,WV,45,4,Dark,Rain,Yard,Yard/switching,5,14562,0,14562,E54C,39.340094,-79.986618,46.8,55.7,52.5
BNSF,NW0720114,2020-07-27,8:20 PM,Rear end collision,0,WILSON CREEK,WA,100,3,Dusk,Clear,Main,Spec. MoW Equip.,12,250,0,75250,H997,47.426041,-119.264702,80.3,82.6,84.4
UP,0923RM022,2023-09-21,2:12 PM,Derailment,0,POCATELLO,ID,48,2,Day,Cloudy,Yard,Freight Train,5,22512,19485,41997,H702,42.875552,-112.461882,54.8,48.1,48.8
WE,190046,2019-05-25,7:06 AM,Side collision,0,BREWSTER,OH,73,1,Dawn,Clear,Yard,Yard/switching,5,19766,0,44273,H702,40.71158,-81.59779,66.2,71.7,69.3
BNSF,RD0324117,2024-03-17,11:25 PM,Derailment,0,TULSA,OK,50,4,Dark,Clear,Yard,Yard/switching,7,70858,40769,111627,H507,36.125575,-96.012137,56,56.4,41.5
CP,1001530265,2021-07-15,1:34 PM,Hwy-rail crossing,0,IXONIA,WI,80,2,Day,Clear,Main,,0,0,0,23172,M308,43.141222,-88.592507,70.1,70.9,67.1
UP,1021HL024,2021-10-22,7:05 AM,Derailment,0,HERINGTON,KS,39,1,Dawn,Clear,Main,Freight Train,14,226525,23277,249802,T220,38.682006,-96.949161,48.3,55.1,56.9
UP,1218MA072,2018-12-26,6:00 PM,Other impacts,0,SHREVEPORT,LA,64,3,Dusk,Rain,Yard,Cut of cars,0,100,0,11986,H307,32.429177,-93.901278,59.7,62.7,59.9
NS,141808,2021-06-07,3:45 PM,Derailment,0,TUNNELHILL,PA,72,2,Day,Clear,Main,Freight Train,12,381096,35205,416301,H506,40.476683,-78.49275,74.8,74.8,73.7
UP,0821ES036,2021-08-17,3:30 PM,Obstruction,0,COALVILLE,UT,84,2,Day,Clear,Main,Spec. MoW Equip.,10,35519,0,35519,H199,41.198024,-111.11361,77.4,76.8,58.3
UP,0316TC003,2016-03-07,11:50 PM,Derailment,0,SHAKOPEE,MN,58,4,Dark,Clear,Siding,Cut of cars,0,1295,0,11304,M404,44.796853,-93.532295,45,55.6,56.5
NS,146341,2022-08-30,2:00 PM,Obstruction,0,STOCKERTOWN,PA,82,2,Day,Clear,Yard,Freight Train,4,0,25760,25760,M402,40.753918,-75.273327,79,78,72.4
CSX,000164048,2016-11-02,10:45 AM,Other impacts,0,CINCINNATI,OH,75,2,Day,Cloudy,Yard,Single Car,0,6000,0,10719,S016,39.103522,-84.537231,62.6,64.4,64
BNSF,NW1018124,2018-10-24,5:30 AM,Other impacts,0,EVERETT,WA,45,1,Dawn,Clear,Yard,Freight Train,8,4000,10618,14618,H307,48.008586,-122.186908,49.3,54.3,55
BNSF,NW1220114,2020-12-24,1:38 AM,Derailment,0,TACOMA,WA,28,4,Dark,Fog,Yard,Yard/switching,8,14623,7745,22368,H607,47.243647,-122.414047,33.7,33.4,38.7
WSOR,210213001,2021-02-13,10:43 PM,Head on collision,0,SLINGER,WI,-10,4,Dark,Snow,Main,Freight Train,0,19000,0,50000,H607,43.331531,-88.305455,2.5,-2.4,-6.9
CP,1000287397,2015-10-19,8:20 PM,Fire/violent rupture,0,WEST SALEM,WI,70,4,Dark,Clear,Main,Freight Train,46,500000,0,500000,E74L,43.894904,-91.079622,45.8,62.2,66.3
UP,0522GP007,2022-05-07,9:00 AM,Derailment,0,YODER,WY,58,2,Day,Clear,Industry,Cut of cars,8,318,28998,29316,M501,41.91783,-104.303333,63.4,61.8,52.9
WC,1138492,2023-09-01,5:00 PM,Side collision,0,GREEN BAY,WI,70,2,Day,Clear,Yard,Cut of cars,0,37776,0,37869,H018,44.526862,-88.017965,59.3,65.4,71
UP,1216HO001,2016-12-02,9:15 PM,Other impacts,0,HOUSTON,TX,55,4,Dark,Rain,Yard,Yard/switching,10,0,0,20347,M407,29.795899,-95.291102,56.8,58,54.5
UP,0418NP032,2018-04-25,12:00 PM,Other (describe in narrative),0,NORTH PLATTE,NE,58,2,Day,Clear,Yard,Single Car,0,34554,0,34554,M411,41.150951,-100.813407,43.2,48.2,52.3
UP,0420TO015,2020-04-12,6:33 PM,Obstruction,0,HAWKINS,TX,74,3,Dusk,Cloudy,Main,,0,0,300,32811,M404,32.644329,-95.404322,59.2,67.4,49
UP,1218GL021,2018-12-14,10:00 AM,Other impacts,1,SUPERIOR,WI,30,2,Day,Clear,Yard,Single Car,5,74532,0,89972,H021,46.661583,-92.004868,28.6,29.8,29.8
UP,0821ES036,2021-08-17,3:30 PM,Obstruction,0,COALVILLE,UT,84,2,Day,Clear,Main,Spec. MoW Equip.,0,0,0,35519,H199,41.198024,-111.11361,77.4,76.8,58.3
UP,0923RM006,2023-09-02,12:00 PM,Other (describe in narrative),0,GREEN RIVER,WY,77,2,Day,Clear,Yard,Single Car,0,13022,0,13022,M507,41.526333,-109.466451,67.6,66.3,64.9
BNSF,NW0718113,2018-07-14,9:15 AM,Derailment,0,VANCOUVER,WA,70,2,Day,Clear,Yard,Yard/switching,5,50300,211888,262188,H306,45.634707,-122.686575,77.1,74.3,81
WC,962758,2018-06-16,9:13 AM,Rear end collision,0,EXELAND,WI,71,2,Day,Rain,Main,Freight Train,5,52199,153775,1201869,H220,45.716488,-91.294842,67.9,72.8,75
UP,0219RM032,2019-02-25,12:35 AM,Derailment,0,GREEN RIVER,WY,18,4,Dark,Clear,Yard,Freight Train,6,38222,1820,40042,H511,41.525132,-109.464143,21.5,28.5,31.9
ATK,137791,2015-06-12,9:24 AM,Hwy-rail crossing,0,STURTEVANT,WI,57,2,Day,Rain,Main,Passenger Train - Pulling,79,220678,0,220778,M308,42.669027,-87.905496,59.1,55.6,61.6
BNSF,NW1020106,2020-10-09,6:50 PM,Derailment,0,SEATTLE,WA,60,3,Dusk,Clear,Yard,Freight Train,2,70857,20000,90857,H503,47.652811,-122.382669,60.7,62.1,57.9
NS,124924,2017-05-03,2:45 PM,Hwy-rail crossing,0,MONTGOMERY CITY,MO,57,2,Day,Rain,Main,Spec. MoW Equip.,10,15000,0,15000,M399,38.986707,-91.514745,54.5,48.7,50.9
UP,1219SX017,2019-12-21,10:07 PM,Derailment,0,TAYLOR,TX,43,4,Dark,Cloudy,Yard,Cut of cars,0,111524,0,278679,H306,30.566816,-97.416033,47.3,48.4,40.6
BNSF,NW0723104,2023-07-05,2:37 AM,Derailment,0,EVERETT,WA,50,4,Dark,Clear,Yard,Yard/switching,3,36496,35977,72473,H504,48.011695,-122.188237,70.4,73.9,69.5
KCS,16103101,2016-10-31,12:30 AM,Derailment,0,HEAVENER,OK,60,4,Dark,Clear,Yard,Light loco(s),7,500,12653,13153,H704,34.89395,-94.60174,71.4,68.8,73.3
UP,1016TC008,2016-10-24,10:45 PM,Derailment,1,SUPERIOR,WI,30,4,Dark,Clear,Yard,Freight Train,9,556,0,80556,T220,46.637479,-92.108293,47.2,41.2,40.4
BNSF,PR0823112,2023-08-27,3:40 PM,Derailment,0,SHERIDAN,WY,85,2,Day,Clear,Yard,Freight Train,8,42145,5000,47145,H607,44.818506,-106.953012,69.7,74.3,71.1
CSX,000207630,2022-10-04,1:20 PM,Obstruction,0,MEADOW CREEK,WV,59,2,Day,Clear,Main,Maint./inspect Car,20,12044,0,12181,H993,37.79227,-80.916671,50.1,47.1,50.8
UP,0415FW018,2015-04-20,2:15 PM,Obstruction,0,BENBROOK,TX,75,2,Day,Clear,Yard,Spec. MoW Equip.,0,841,0,34982,H997,32.689762,-97.456301,66.7,60.9,64.6
BNSF,NW0619109,2019-06-18,9:56 PM,Other (describe in narrative),0,KALAMA,WA,60,4,Dark,Clear,Main,Freight Train,3,0,24000,24000,H705,46.031513,-122.857158,63.7,61.8,58.3
BNSF,PR1022109,2022-10-18,4:41 AM,Other (describe in narrative),0,ALLIANCE,NE,32,1,Dawn,Clear,Main,Freight Train,2,0,18564,18564,H703,42.095011,-102.843498,39.8,42.5,46.8
UP,0220RM012,2020-02-10,10:30 AM,Derailment,0,WAMSUTTER,WY,14,2,Day,Clear,Main,Freight Train,50,37126,82611,119737,M404,41.695361,-107.921176,16.7,12.3,8.5
BNSF,PR0815102,2015-08-01,4:10 AM,Derailment,0,GUERNSEY,WY,61,1,Dawn,Clear,Yard,Light loco(s),5,43099,0,43099,H307,42.26075,-104.716905,73.3,76,75.6
UP,0819SX002,2019-08-02,9:32 AM,Hwy-rail crossing,0,MARION,TX,82,2,Day,Clear,Main,,0,0,231,36408,M302,29.574423,-98.12387,85.4,85.4,85.8
BNSF,PR1215112,2015-12-16,3:30 PM,Derailment,0,TEXLINE,TX,27,2,Day,Clear,Industry,Yard/switching,3,20636,0,20636,M101,36.375304,-103.023988,30.9,25.4,24
UP,0120RM027,2020-01-18,5:30 AM,Derailment,0,BUFORD,WY,11,1,Dawn,Clear,Main,Freight Train,18,19586,504242,523828,M105,41.109997,-105.347163,29.8,24.9,25.6
BNSF,SF0116110,2016-01-21,10:40 AM,Side collision,0,TULSA,OK,33,2,Day,Clear,Yard,Yard/switching,8,29000,0,50000,H309,36.124741,-96.011041,30.9,34.3,30.2
BNSF,PR0222113,2022-02-17,2:35 AM,Other impacts,0,FORT LARAMIE,WY,20,4,Dark,Clear,Yard,Freight Train,4,14638,0,14638,H307,42.208775,-104.509425,26.7,25.3,38
NS,127253,2017-10-31,2:15 PM,Other impacts,0,MATEWAN,WV,64,2,Day,Clear,Main,Spec. MoW Equip.,0,0,23400,23400,H997,37.626115,-82.206401,41,46.7,52.5
ATK,168961,2021-11-10,1:21 PM,Hwy-rail crossing,0,IXONIA,WI,55,2,Day,Cloudy,Main,Passenger Train - Pulling,79,21222,0,21267,M302,43.13642,-88.58265,46.9,42.3,46.4
BNSF,NW0623106,2023-06-10,1:30 PM,Derailment,0,FERNDALE,WA,64,2,Day,Cloudy,Yard,Freight Train,7,5624,20000,25624,H702,48.879977,-122.70964,55,55.1,60.5
BNSF,NW0919112,2019-09-28,2:36 PM,Derailment,0,VANCOUVER,WA,64,2,Day,Clear,Yard,Yard/switching,6,3948,7500,11448,H019,45.635208,-122.686552,54.8,50.8,47.8
BNSF,NW0819114,2019-08-16,9:37 PM,Derailment,0,NAPAVINE,WA,64,4,Dark,Clear,Industry,,0,0,11980,12139,H303,46.573983,-122.910123,66.9,63.5,64.9
IC,981069,2018-12-08,1:45 AM,Hwy-rail crossing,0,AMITE,LA,55,4,Dark,Rain,Main,Freight Train,41,430,17263,17693,M399,30.724979,-90.508652,55.3,51.6,41.7
BNSF,NW0720110,2020-07-19,4:42 PM,Derailment,0,CENTRALIA,WA,83,2,Day,Clear,Yard,,0,0,7800,97463,H505,46.727259,-122.950082,65.3,71,74.1
NS,138507,2020-07-13,4:00 AM,Side collision,0,CONWAY,PA,72,1,Dawn,Clear,Yard,Light loco(s),2,1015,0,223750,H305,40.672361,-80.251826,71.8,70.8,70.8
UP,0123HL017,2023-01-24,5:30 PM,Derailment,0,DALHART,TX,32,2,Day,Clear,Yard,Cut of cars,0,10253,0,76590,T212,36.105629,-102.456464,32.1,30.5,30.6
UP,0217LV018,2017-02-07,1:39 PM,Other impacts,0,BEAUMONT,TX,78,2,Day,Cloudy,Yard,Freight Train,8,96835,0,138306,H307,30.074262,-94.141196,70.5,73.2,73
UP,0322RM010,2022-03-16,11:50 PM,Other impacts,0,GREEN RIVER,WY,29,4,Dark,Cloudy,Yard,Cut of cars,0,4489,0,66936,M599,41.525033,-109.464208,37.1,34.2,29.9
CSX,000215605,2024-01-16,1:20 PM,Hwy-rail crossing,0,PROVIDENCE FORGE,VA,34,2,Day,Rain,Main,Freight Train,47,23838,10750,34588,M306,37.463936,-77.141207,32.9,30.1,23.7
UP,0523GC016,2023-05-23,2:45 PM,Derailment,0,WESTWEGO,LA,86,2,Day,Cloudy,Yard,Freight Train,3,154685,9775,164460,H503,29.916113,-90.180014,79.1,79.5,76.9
BNSF,NW1122121,2022-11-29,10:45 AM,Rear end collision,0,TACOMA,WA,32,2,Day,Snow,Main,Single Car,8,15000,0,15000,H997,47.243549,-122.434198,37.5,35.5,37.5
NS,135915,2019-10-22,9:05 PM,Other (describe in narrative),0,WAYNE,MI,51,4,Dark,Rain,Yard,Freight Train,5,125,11595,11720,H702,42.276595,-83.394566,57.4,54,50.7
UP,1021MA015,2021-10-12,3:00 PM,Derailment,0,EAST ST LOUIS,IL,77,2,Day,Clear,Yard,Freight Train,8,32527,0,49709,H503,38.582947,-90.135811,69.8,64.4,68.5
CSX,000211548,2023-05-30,10:05 AM,Hwy-rail crossing,0,SCREVEN,GA,85,2,Day,Clear,Main,Freight Train,57,13621,0,13621,M304,31.522295,-81.975612,70.5,73.6,73.4
UP,0424RM031,2024-04-25,1:30 PM,Obstruction,0,GREEN RIVER,WY,62,2,Day,Cloudy,Yard,Single Car,0,34396,0,42468,M404,41.519752,-109.449866,52.9,48.8,43.7
SLRG,SL190607A,2019-06-07,11:45 PM,Derailment,0,LA VETA,CO,59,4,Dark,Rain,Main,Freight Train,5,116043,5000,121043,M507,37.52518,-105.101193,61.1,64.6,69.9
UP,0420GP011,2020-04-08,11:08 PM,Derailment,0,CHEYENNE,WY,40,4,Dark,Clear,Yard,Yard/switching,8,69988,4184,74172,H303,41.132092,-104.795176,49.4,45.9,39.1
CSX,000195824,2021-02-21,6:28 PM,Derailment,0,CUMBERLAND,MD,30,3,Dusk,Clear,Yard,Yard/switching,10,1549658,26000,1575658,M405,39.644504,-78.760839,22.7,23.3,34.7
CRSH,135472,2019-09-12,8:55 PM,Derailment,0,JERSEY CITY,NJ,81,4,Dark,Rain,Yard,Yard/switching,5,11777,8000,19777,H702,40.682443,-74.081769,78.1,74.5,64.2
UP,1117DV003,2017-11-15,5:00 PM,Other impacts,0,CHEYENNE,WY,40,3,Dusk,Cloudy,Yard,Cut of cars,0,62332,0,113817,E35C,41.126342,-104.823228,45.3,34.3,47.8
UP,0420GP022,2020-04-23,4:05 AM,Derailment,0,BILL,WY,43,1,Dawn,Cloudy,Main,Freight Train,20,113786,0,174586,E34C,43.304859,-105.321458,52.7,49.4,43.7
UP,0317DV031,2017-03-17,4:09 AM,Fire/violent rupture,0,CHEYENNE,WY,41,1,Dawn,Clear,Main,Freight Train,23,31465,0,31465,E74L,41.072432,-104.941169,55.6,48.1,55
BNSF,KS1018123,2018-10-31,5:22 PM,Side collision,0,KANSAS CITY,KS,55,3,Dusk,Clear,Yard,Light loco(s),4,90000,5000,155000,H607,39.087215,-94.700964,61.5,53.9,51.4
IC,1105179,2022-05-22,2:00 PM,Other (describe in narrative),0,MCCOMB,MS,90,2,Day,Clear,Yard,Freight Train,4,27914,0,27914,H601,31.216031,-90.44838,79.5,76.1,75.9
CSX,000172270,2017-10-18,6:39 AM,Derailment,0,PHILADELPHIA,PA,48,1,Dawn,Cloudy,Main,Freight Train,17,108676,10700,119376,M203,39.965544,-75.178874,50.4,57.3,59.5
CRSH,121972,2016-09-07,5:15 AM,Derailment,0,CAMDEN,NJ,70,1,Dawn,Clear,Yard,Yard/switching,6,3740,28899,32639,H312,39.95127,-75.091338,79.5,79.9,81.9
BNSF,NW0122121,2022-01-24,12:38 PM,Other impacts,0,VANCOUVER,WA,40,2,Day,Clear,Yard,Yard/switching,1,16000,0,21000,H607,45.648419,-122.688132,34.6,34.6,35.3
BNSF,NW1219113,2019-12-10,10:01 PM,Other impacts,0,FERNDALE,WA,40,4,Dark,Rain,Yard,Freight Train,6,56997,0,56997,H318,48.87038,-122.709502,38.4,41,45.8
UP,1219PN010,2019-12-10,1:46 AM,Other impacts,0,FIFE,WA,38,4,Dark,Fog,Yard,Yard/switching,5,15794,1098,17092,H607,47.238104,-122.386628,43.8,41,45.4
UP,0817UT004,2017-08-06,2:30 AM,Other impacts,0,SALT LAKE CITY,UT,90,4,Dark,Clear,Yard,Single Car,0,6560,0,12301,H312,40.71443,-111.908441,84.7,79.9,78.5
WN,1112015,2015-01-11,6:00 PM,Derailment,0,NEW AUBURN,WI,20,4,Dark,Clear,Industry,Freight Train,11,117760,175000,292760,H503,45.160843,-91.51607,2,7.2,-3.1
IC,839947,2015-02-05,4:45 PM,Derailment,0,TRIMBLE,TN,50,2,Day,Clear,Main,Freight Train,42,2396,354162,356558,E53C,36.203176,-89.19249,38.9,24.5,32.7
BNSF,NW1118113,2018-11-30,7:15 AM,Derailment,0,VANCOUVER,WA,55,1,Dawn,Clear,Yard,Freight Train,3,3000,18500,21500,H702,45.650899,-122.68846,46.5,45.8,43.4
BNSF,NW0121112,2021-01-22,1:10 PM,Derailment,0,EVERETT,WA,38,2,Day,Clear,Yard,Yard/switching,4,20692,3000,23692,H312,48.004463,-122.186193,40.9,37.7,33.5
UP,0319RM033,2019-03-18,10:58 PM,Fire/violent rupture,0,KEMMERER,WY,23,4,Dark,Clear,Main,Freight Train,30,68068,0,68068,M406,41.798939,-110.539812,23.9,22.9,22.4
NS,154343,2023-09-28,12:12 PM,Hwy-rail crossing,0,,IN,63,2,Day,Cloudy,Main,Freight Train,48,80000,0,80000,M303,40.639711,-85.695031,66.1,65.1,66.8
NJTR,201811542,2018-11-17,1:45 AM,Derailment,0,RARITAN,NJ,40,4,Dark,Cloudy,Yard,Yard/switching,6,57566,51830,109396,H704,40.570323,-74.647319,38.1,41.7,37.9
BNSF,NW0723101,2023-07-02,11:11 AM,Derailment,0,TACOMA,WA,80,2,Day,Clear,Yard,Light loco(s),5,13386,1500,14886,H307,47.243282,-122.410475,64.7,67.1,67.4
UP,1218TO023,2018-12-16,6:30 AM,Derailment,0,KIOWA,OK,41,1,Dawn,Clear,Main,Freight Train,45,1361578,393501,1755079,T215,34.782145,-95.882304,41.2,43.2,42.6
CSX,000190081,2020-05-06,7:15 PM,Derailment,0,BERKELEY SPRINGS,WV,49,3,Dusk,Rain,Yard,Freight Train,5,49942,0,60286,H702,39.692075,-78.180849,49.6,47.3,52.2
UP,0918PR022,2018-09-17,4:21 PM,Other (describe in narrative),0,NORTHLAKE,IL,75,2,Day,Clear,Yard,Single Car,2,14608,0,14608,M411,41.898885,-87.90788,76.6,79.4,71.8
TMBL,03252018A,2018-03-25,9:58 AM,Other impacts,0,TACOMA,WA,39,2,Day,Clear,Yard,Light loco(s),4,30000,0,60000,H306,47.145355,-122.233974,40.4,42.7,42.8
UP,1122GL002,2022-11-04,10:45 AM,Derailment,0,ROSEMOUNT,MN,40,2,Day,Cloudy,Yard,Freight Train,5,53738,9270,63008,T221,44.747564,-93.045082,60.7,40.6,36.5
NS,151570,2022-11-27,4:25 PM,Other (describe in narrative),0,SANDUSKY,OH,38,3,Dusk,Rain,Yard,Freight Train,5,7000,4619,11619,H306,41.435807,-82.740192,41.6,44.5,40.1
BNSF,RD1019110,2019-10-21,10:30 AM,Rear end collision,0,CORSICANA,TX,83,2,Day,Clear,Main,Spec. MoW Equip.,10,250,0,18250,H402,32.099609,-96.461984,72.8,67.6,60.3
CSX,000143104,2015-03-13,4:04 PM,Derailment,0,CHERRY RUN,WV,51,2,Day,Cloudy,Main,Freight Train,39,24547,0,24547,M101,39.600758,-78.005186,46.3,41.8,45.8
UP,0316UT001,2016-03-06,1:30 AM,Other impacts,0,SALT LAKE CITY,UT,53,4,Dark,Clear,Yard,Yard/switching,2,674,0,32899,H306,40.705888,-111.908697,57.9,49.6,40.4
BNSF,NW1023105,2023-10-12,1:50 PM,Derailment,0,LONGVIEW,WA,45,2,Day,Clear,Yard,,0,0,0,50097,H318,46.111542,-122.907669,56.3,58.9,55.1
CSX,000207995,2022-10-25,12:27 PM,Derailment,0,BROWNSVILLE,TN,75,2,Day,Rain,Industry,Single Car,22,13034,1692,14726,H018,35.60398,-89.239185,68.5,65,50.9
BNSF,CH0916200,2016-09-07,12:54 PM,Hwy-rail crossing,0,PRAIRIE DU CHIEN,WI,71,2,Day,Rain,Main,Maint./inspect Car,20,400000,0,400000,M302,43.064604,-91.142635,81.1,71.2,72.4
UP,0423TO040,2023-04-24,6:25 AM,Hwy-rail crossing,0,MIDLAND,TX,46,1,Dawn,Cloudy,Main,Freight Train,45,8218,25000,33218,M302,32.015989,-102.034626,44.4,52.5,68.2
WC,858204,2015-07-03,7:30 AM,Fire/violent rupture,0,SOUTH RANGE,WI,70,2,Day,Clear,Main,Freight Train,20,25618,0,25618,E73L,46.618993,-91.988336,66.7,69.8,63.4
UP,1220HL002,2020-12-02,3:00 PM,Hwy-rail crossing,0,LAKE CITY,MO,51,2,Day,Clear,Main,Freight Train,45,11205,99,11304,M302,39.126163,-94.217014,35.6,37.2,35.7
NS,130984,2018-09-18,2:20 PM,Other (describe in narrative),0,CHATTANOOGA,TN,85,2,Day,Clear,Yard,Yard/switching,4,35515,0,35515,E81C,36.135151,-84.649386,77.4,77.4,79
WC,970619,2018-08-23,10:10 PM,Derailment,0,GREEN BAY,WI,70,4,Dark,Clear,Yard,Freight Train,3,24500,28926,53426,H503,44.535833,-88.024444,64.3,66.5,65.5
WC,963713,2018-06-24,5:45 PM,Rear end collision,0,STEVENS POINT,WI,75,2,Day,Clear,Yard,Yard/switching,0,4500,0,57063,H702,44.512958,-89.563293,65.8,68.6,64.4
BNSF,PR0218101,2018-02-07,10:30 AM,Derailment,0,BILL,WY,22,2,Day,Clear,Main,,0,0,207750,235317,E52C,43.025421,-105.264582,23.6,31.5,40.5
NS,144392,2022-02-14,2:45 PM,Other impacts,0,PAINESVILLE,OH,72,2,Day,Cloudy,Industry,Single Car,2,30528,0,30828,H018,41.753123,-81.224172,18.2,12.3,18.5
BNSF,TX0816101,2016-08-01,3:20 AM,Other impacts,0,FORT WORTH,TX,85,4,Dark,Clear,Yard,Yard/switching,10,45154,2500,88450,H318,32.818937,-97.327103,90.6,90.7,90.3
BLF,20190026,2019-01-23,2:17 PM,Hwy-rail crossing,0,OAKLAND PARK,FL,77,2,Day,Clear,Main,Passenger Train - Pulling,79,15470,0,16604,M303,26.174178,-80.13187,70.7,74.1,74.4
CSX,000192634,2020-09-15,2:30 AM,Derailment,0,MARTINSBURG,WV,60,4,Dark,Clear,Yard,Freight Train,5,21329,0,21329,H702,39.462048,-77.962251,69.9,57.6,55.8
BNSF,RD0717116,2017-07-23,2:00 AM,Side collision,0,SILSBEE,TX,72,4,Dark,Clear,Yard,Freight Train,4,17544,0,73279,H318,30.351524,-94.184658,80,80.2,83.1
BNSF,TC0820105,2020-08-15,10:35 PM,Other impacts,0,MANDAN,ND,71,4,Dark,Clear,Yard,Yard/switching,4,17564,0,17564,H318,46.825031,-100.89005,68.1,67.7,71.4
UP,0320RM009,2020-03-07,1:35 PM,Fire/violent rupture,0,POINT OF ROCKS,WY,44,2,Day,Clear,Main,Freight Train,30,326281,0,326281,E73L,41.678238,-108.787712,38.6,43.5,35.8
UP,0323GP017,2023-03-15,9:00 PM,Other impacts,0,NORTH PLATTE,NE,53,4,Dark,Clear,Yard,Cut of cars,1,100,0,42404,M411,41.148524,-100.842691,43.4,53.3,34.4
BNSF,KS0224118,2024-02-25,8:49 PM,Derailment,0,KANSAS CITY,KS,36,3,Dusk,Clear,Yard,Yard/switching,3,191929,0,243976,H306,39.087234,-94.695497,47.2,56.3,59.1
BNSF,PR0915118,2015-09-30,9:34 AM,Other (describe in narrative),0,BILL,WY,40,2,Day,Clear,Main,Freight Train,23,0,50291,50291,H605,43.254525,-105.280312,60.6,61.8,61.9
BNSF,CH0815111,2015-08-30,5:55 PM,Derailment,0,PRAIRIE DU CHIEN,WI,88,3,Dusk,Clear,Yard,Freight Train,7,97200,48000,145200,T221,43.015417,-91.131787,65.7,65.8,70.8