reportingrailroadcode,accidentnumber,date,time,accidenttype,hazmatreleasedcars,station,stateabbr,temperature,visibility_code,visibility,weathercondition,tracktype,equipmenttype,trainspeed,equipmentdamagecost,trackdamagecost,totaldamagecost,primaryaccidentcausecode,latitude,longitude,prior_temp,actual_temp,following_temp
UP,0819SX025,2019-08-20,9:30 PM,Derailment,0,SAN ANTONIO,TX,93,4,Dark,Clear,Main,Freight Train,8,309445,315890,625335,E71L,29.389785,-98.541584,88.9,88.4,86.8
CSX,000190932,2020-06-21,12:01 AM,Derailment,0,GRAFTON,WV,65,4,Dark,Clear,Yard,Freight Train,6,133143,3800,136943,E40C,39.339994,-80.018119,73,75.8,74.8
KCS,20021801,2020-02-18,12:04 PM,Derailment,0,HEAVENER,OK,45,2,Day,Clear,Yard,Freight Train,8,3059,30134,33193,E40C,34.906207,-94.602644,60.5,50.3,44
BNSF,SW0120103,2020-01-19,8:20 AM,Derailment,0,JARALES,NM,35,1,Dawn,Clear,Main,Freight Train,60,94644,47000,141644,E61C,34.502006,-106.623159,34.1,35.8,37.6
NS,127591,2017-11-30,8:30 PM,Derailment,0,ARCOLA,IN,72,4,Dark,Clear,Industry,Freight Train,5,7634,11696,19330,H702,41.082773,-85.205667,43.4,42.7,36.9
NS,151544,2022-11-23,9:04 PM,Other impacts,0,BELLEVUE,OH,35,4,Dark,Clear,Yard,Cut of cars,10,5000,0,50100,M599,41.296231,-82.768606,38.2,41.7,44.6
KNWA,170704001,2017-07-04,11:05 AM,Derailment,0,BELLE,WV,78,2,Day,Rain,Main,Freight Train,1,28246,0,28246,E85C,38.199351,-81.49417,75.1,73.5,75.5
UP,0516DV005,2016-05-06,3:15 PM,Other (describe in narrative),0,CHEYENNE,WY,65,2,Day,Clear,Main,Freight Train,25,30877,0,30877,E79L,41.114498,-104.859973,60.9,60.7,45.6
IC,915761,2017-03-11,1:45 AM,Other impacts,0,GEISMAR,LA,65,4,Dark,Cloudy,Yard,Yard/switching,4,15304,25,15329,H318,30.177938,-90.976212,71.2,67,54.3
CSX,000205234,2022-05-30,12:00 PM,Hwy-rail crossing,0,HANAHAN,SC,76,2,Day,Clear,Main,,0,0,95,13800,M302,32.931533,-80.028736,79.2,78.1,78.3
BNSF,NW1220110,2020-12-19,11:19 AM,Derailment,0,VANCOUVER,WA,50,2,Day,Clear,Industry,Freight Train,5,39901,21663,61564,H704,45.637679,-122.699573,48.6,52,51.1
WC,1142170,2023-12-06,11:01 AM,Derailment,0,SUPERIOR,WI,35,2,Day,Cloudy,Yard,Freight Train,8,11737,0,140382,H506,46.677976,-92.012436,30.3,30.8,34.3
BNSF,NW0521117,2021-05-25,1:00 PM,Other impacts,0,EVERETT,WA,70,2,Day,Clear,Yard,Light loco(s),0,40000,0,40250,H309,47.999946,-122.184553,53.4,54.6,56.2
BNSF,NW0220107,2020-02-10,1:00 PM,Rear end collision,0,SEATTLE,WA,48,2,Day,Clear,Main,Freight Train,45,1500,0,101500,H402,47.477585,-122.253385,41,41.1,41.7
UP,0623ES023,2023-06-20,11:20 AM,Obstruction,0,OXFORD,WI,79,2,Day,Clear,Main,Maint./inspect Car,20,1678,0,12678,H401,43.783499,-89.572641,75.3,72.7,75.5
UP,0522RM001,2022-05-01,1:30 PM,Derailment,0,ROCK SPRINGS,WY,53,2,Day,Cloudy,Industry,Freight Train,7,99118,4790,103908,H505,41.694153,-109.192302,42,46.6,46.5
UP,0623HL017,2023-06-23,4:37 AM,Derailment,0,COFFEYVILLE,KS,70,1,Dawn,Cloudy,Yard,Freight Train,3,64318,533,64851,H505,37.017895,-95.625138,79.9,80.3,82.4
BNSF,NW0120120,2020-01-23,11:15 AM,Derailment,0,SEATTLE,WA,46,2,Day,Rain,Industry,Yard/switching,5,1050,600000,601050,T211,47.55432,-122.346361,46.1,51.6,49.4
BNSF,TC0517101,2017-05-06,1:15 AM,Derailment,0,SUPERIOR,WI,38,4,Dark,Clear,Yard,Freight Train,7,61068,30000,91068,H704,46.693285,-92.111793,40.2,41.2,40.7
WC,985863,2019-01-28,5:45 AM,Other impacts,0,FOND DU LAC,WI,-10,4,Dark,Snow,Yard,Freight Train,5,22600,0,22600,H399,43.812448,-88.478972,-2.7,8.9,-3.2
CP,1000959689,2019-03-22,8:10 AM,Hwy-rail crossing,0,OCONOMOWOC,WI,45,2,Day,Clear,Main,Freight Train,49,50000,72000,122000,M302,43.109436,-88.499364,38.6,36.7,35.8
NS,137171,2020-02-13,5:44 PM,Other (describe in narrative),0,ALTOONA,PA,21,3,Dusk,Clear,Main,Freight Train,13,21927,0,27160,H504,40.500285,-78.426211,34.1,37.7,21.1
WC,1061046,2021-02-09,3:00 PM,Hwy-rail crossing,0,CAMERON,WI,-3,2,Day,Cloudy,Main,Freight Train,34,22917,0,22917,M302,45.405624,-91.78567,-11.3,-3.5,-4.3
BNSF,MT0221103,2021-02-19,6:41 AM,Derailment,0,MINOT,ND,-4,1,Dawn,Cloudy,Yard,Freight Train,10,104721,9200,113921,T216,48.235985,-101.205456,7.4,9.1,29.2
UP,1222PR011,2022-12-14,5:22 PM,Derailment,0,MILWAUKEE,WI,37,2,Day,Rain,Yard,Freight Train,3,34319,4400,38719,H307,43.090429,-88.063745,38.1,40,36.1
CSX,000155478,2015-12-24,2:30 AM,Derailment,0,NEW MARTINSVILLE,WV,60,4,Dark,Rain,Yard,Freight Train,8,446066,20000,466066,T211,39.628383,-80.868292,59.2,58.6,52.9
CSX,000211131,2023-05-03,5:05 AM,Other impacts,0,WAYCROSS,GA,73,1,Dawn,Clear,Yard,Single Car,0,28056,193,38681,S016,31.21353,-82.353568,68.3,66.6,64.2
BNSF,RD1121110,2021-11-17,2:00 AM,Derailment,0,BAYTOWN,TX,70,4,Dark,Clear,Yard,Light loco(s),7,15000,1200,16200,H303,29.808376,-94.922232,72,74.3,65.1
WC,1110043,2022-08-01,9:17 AM,Hwy-rail crossing,0,SPENCER,WI,68,2,Day,Clear,Main,Freight Train,47,19447,0,19447,M308,44.757954,-90.29771,69.9,69.8,71.9
NCRC,OP111618,2018-11-16,11:40 AM,Derailment,0,NORFOLK,NE,55,2,Day,Clear,Yard,Freight Train,5,31000,7800,38800,H306,42.014,-97.415,40.8,40.2,22.1
WC,983706,2019-01-07,7:30 PM,Derailment,0,GREEN BAY,WI,39,4,Dark,Clear,Yard,Freight Train,8,38000,1719,39719,T220,44.528865,-88.015256,31.7,37.2,32.7
CP,1000643744,2017-10-28,10:39 PM,Side collision,0,FALL RIVER,WI,34,4,Dark,Cloudy,Main,Single Car,2,40881,0,97420,H018,43.404112,-89.097616,38,35.8,37.1
WN,1092015,2015-01-09,9:05 AM,Derailment,0,CHIPPEWA FALLS,WI,-3,2,Day,Cloudy,Industry,Freight Train,3,17509,90000,107509,H399,44.980798,-91.380007,2.2,-0.2,3.5
BNSF,CH0517109,2017-05-17,6:05 PM,Derailment,0,GALESBURG,IL,78,3,Dusk,Cloudy,Yard,Yard/switching,4,7500,197360,204860,H607,40.931416,-90.372367,74.6,74.4,70.3
UP,0724PR003,2024-07-03,12:40 AM,Other impacts,0,ALTOONA,WI,66,4,Dark,Clear,Yard,Yard/switching,1,86669,3120,110910,H312,44.804888,-91.422184,63.4,73.9,65.3
NS,114279,2015-02-09,7:45 PM,Derailment,0,CHATTANOOGA,TN,46,3,Dusk,Cloudy,Yard,Yard/switching,4,7116,5389,13805,H399,35.10095,-85.233074,52.6,53.1,40.3
BNSF,NW0319106,2019-03-05,7:50 AM,Other (describe in narrative),0,VANCOUVER,WA,47,1,Dawn,Cloudy,Yard,Freight Train,10,15475,0,15475,H503,45.65239,-122.688516,33.9,32.4,33.6
BNSF,NW0319131,2019-03-30,8:00 AM,Derailment,0,BURLINGTON,WA,39,1,Dawn,Clear,Yard,Freight Train,7,4579,1000,45579,H306,48.468212,-122.32825,51,51.1,49.8
ATK,157422,2019-02-01,4:15 AM,Fire/violent rupture,0,SEATTLE,WA,35,4,Dark,Rain,Yard,Light loco(s),0,82229,0,82229,M406,47.597298,-122.32966,46.4,48.1,46.1
KCS,17121301,2017-12-13,8:10 PM,Hwy-rail crossing,0,GRANITE CITY,IL,40,4,Dark,Clear,Main,Freight Train,25,29906,0,29906,M308,38.701518,-90.157774,33,40.8,32.4
BNSF,CH0522109,2022-05-14,4:30 AM,Derailment,0,GALESBURG,IL,68,1,Dawn,Clear,Yard,Light loco(s),3,17500,250050,267550,H607,40.916171,-90.380755,76.2,73.2,65.1
BNSF,NW0120121,2020-01-26,2:00 PM,Derailment,0,PASCO,WA,42,2,Day,Clear,Yard,Yard/switching,7,35531,40000,75531,H523,46.250339,-119.09259,45.9,46.1,48.1
UP,0817DV027,2017-08-28,7:17 AM,Fire/violent rupture,0,GREEN RIVER,WY,65,2,Day,Clear,Main,Freight Train,50,88108,33,88141,E73L,41.623305,-109.843619,69.7,70.9,69.9
CP,1001665033,2022-03-19,6:20 AM,Derailment,0,PEWAUKEE,WI,35,1,Dawn,Rain,Main,Freight Train,28,206303,3970,210273,E52C,43.100292,-88.333568,37.7,37,42.9
UP,1122HO013,2022-11-13,11:30 PM,Other impacts,0,LA PORTE,TX,55,4,Dark,Cloudy,Yard,Yard/switching,4,35860,200,61374,M411,29.68294,-95.038606,50.8,50.7,55.5
SNJX,20211230,2021-12-30,1:51 PM,Hwy-rail crossing,0,BURLINGTON,NJ,52,2,Day,Clear,Main,DMU,20,0,0,0,M308,40.07848,-74.851136,44.6,47.2,49.6
UP,0624HO005,2024-06-04,10:52 AM,Derailment,0,NACOGDOCHES,TX,81,2,Day,Rain,Industry,Freight Train,10,636,16280,16916,M506,31.572218,-94.653257,77.1,75.4,78
BNSF,NW0518110,2018-05-14,10:30 AM,Rear end collision,0,AUBURN,WA,75,2,Day,Clear,Main,Cut of cars,0,250,0,70250,H402,47.304791,-122.174046,68.5,71.4,61.1
BNSF,NW0923118,2023-09-27,3:05 AM,Derailment,0,LONGVIEW,WA,48,4,Dark,Rain,Yard,Light loco(s),5,17773,0,17773,H318,46.102324,-122.890113,59.6,58.9,57.8
BNSF,PR1117106,2017-11-10,1:00 PM,Obstruction,0,RANCHESTER,WY,42,2,Day,Clear,Yard,Maint./inspect Car,0,75000,0,150250,H402,44.910611,-107.165232,28.7,33.6,30.2
BNSF,RD0617204,2017-06-09,4:00 PM,Hwy-rail crossing,0,CROWLEY,TX,75,2,Day,Clear,Main,Freight Train,45,1000,22000,23000,M302,32.552953,-97.364686,76.8,73,78.6
KCS,20011404,2020-01-14,11:50 AM,Hwy-rail crossing,0,HEBBRONVILLE,TX,86,2,Day,Clear,Main,Freight Train,32,400,21214,21614,M399,27.305968,-98.678535,62.5,73.1,74
NS,128340,2018-01-31,1:40 AM,Derailment,0,NORFOLK,VA,26,4,Dark,Clear,Yard,Cut of cars,2,3200,9850,13050,H999,36.873777,-76.301703,36.3,32,50.3
BNSF,NW0222110,2022-02-13,7:00 AM,Derailment,0,PASCO,WA,55,1,Dawn,Clear,Yard,Yard/switching,2,12117,12500,24617,E33C,46.280042,-119.107121,35.1,34.9,40.9
UP,0916TC002,2016-09-04,3:13 AM,Derailment,0,ST PAUL,MN,63,4,Dark,Clear,Main,Freight Train,0,8289,0,39390,E49C,44.945469,-93.059892,64.9,68.3,71.9
UP,0919GC008,2019-09-05,1:00 AM,Derailment,0,ANGLETON,TX,75,4,Dark,Clear,Yard,Light loco(s),2,48716,5480,54196,H303,29.154992,-95.432763,83.9,82.8,81.7
CSX,000144316,2015-04-07,9:05 AM,Derailment,0,SELKIRK,NY,40,2,Day,Cloudy,Yard,Single Car,0,27445,0,64903,M407,42.564654,-73.85257,44.2,42.5,36.4
UP,0217DV020,2017-02-14,2:53 AM,Derailment,0,CHEYENNE,WY,31,4,Dark,Cloudy,Main,Freight Train,19,11366,22086,33452,M405,41.127786,-104.824079,35.4,32.9,43.4
BLF,20190002,2019-01-01,4:23 PM,Hwy-rail crossing,0,LANTANA,FL,84,2,Day,Clear,Main,Passenger Train - Pulling,78,130446,0,130889,M303,26.576413,-80.053752,75.8,75.8,73.4
UP,1021PN021,2021-10-17,7:00 PM,Other impacts,0,SPOKANE,WA,67,3,Dusk,Clear,Siding,Yard/switching,5,27543,46490,83697,H306,47.680785,-117.185899,52.8,52.3,49.6
UP,0123GC020,2023-01-24,7:00 AM,Other (describe in narrative),0,ANGLETON,TX,60,2,Day,Clear,Yard,Single Car,0,35586,0,35586,M507,29.14589,-95.45057,49.3,59.1,46.6
TMBL,02082020A,2020-02-08,6:20 PM,Side collision,0,TACOMA,WA,50,4,Dark,Cloudy,Yard,Single Car,0,48500,0,63500,H310,47.247734,-122.386653,47.5,42.3,38.4
UP,0920RM008,2020-09-10,11:29 AM,Other impacts,0,SINCLAIR,WY,35,2,Day,Snow,Industry,Freight Train,9,192363,300,195863,H702,41.778131,-107.108835,30.4,38,47.4
CSX,000154773,2015-11-30,8:15 AM,Derailment,0,ROCKWOOD,PA,38,2,Day,Cloudy,Yard,Freight Train,3,15103,377,15480,H307,39.914012,-79.155347,40.3,32.7,40.1
UP,0720PN017,2020-07-22,11:14 AM,Derailment,0,HERMISTON,OR,81,2,Day,Clear,Yard,Yard/switching,10,87561,39050,126611,E64C,45.797731,-119.284512,84.8,84.4,79.1
UP,0720PR004,2020-07-05,2:06 PM,Derailment,0,OOSTBURG,WI,86,2,Day,Cloudy,Main,Freight Train,21,383014,83604,466618,M103,43.634406,-87.794699,77.5,78.2,78.9
BNSF,PR0423103,2023-04-10,6:30 PM,Derailment,0,GREYBULL,WY,58,3,Dusk,Clear,Main,Freight Train,8,7705,6173,13878,H307,44.501377,-108.060106,48.9,54.3,61.7
BNSF,PR0517115,2017-05-24,10:30 PM,Derailment,0,GILLETTE,WY,50,4,Dark,Clear,Yard,Freight Train,4,127696,3400,131096,H503,44.289894,-105.282208,51.5,61.5,49.7
BNSF,CH0320106,2020-03-17,3:30 PM,Other impacts,0,PRAIRIE DU CHIEN,WI,46,2,Day,Clear,Industry,Freight Train,2,0,12000,12000,H307,43.064187,-91.139444,35,38,37.9
NS,119783,2016-03-18,6:30 AM,Derailment,0,SHEPHERD,TN,74,1,Dawn,Cloudy,Yard,Light loco(s),3,11857,0,11857,H303,35.076193,-85.216146,60.9,60.1,59.3
BNSF,NW0918120,2018-09-25,2:40 AM,Obstruction,0,MARYSVILLE,WA,50,4,Dark,Cloudy,Main,Freight Train,45,55444,0,55444,M402,48.088906,-122.174318,53.5,53,54.1
CSX,000154158,2015-11-07,12:30 PM,Other impacts,0,RIVERDALE,IL,51,2,Day,Clear,Yard,Single Car,7,14259,0,15285,H302,41.643124,-87.615776,50.7,44.1,40.8
UP,0315SA002,2015-03-07,9:43 PM,Hwy-rail crossing,0,COTULLA,TX,55,4,Dark,Cloudy,Main,Freight Train,41,67248,685,67933,M302,28.556288,-99.203446,43.9,55.3,55.5
KCS,22092701,2022-09-27,3:20 PM,Hwy-rail crossing,0,CURRYVILLE,MO,75,2,Day,Clear,Main,Freight Train,38,11915,5000,16915,M302,39.338972,-91.413865,57.4,56.4,51.5
BNSF,NW1018124,2018-10-24,5:30 AM,Other impacts,0,EVERETT,WA,45,1,Dawn,Clear,Yard,Cut of cars,0,0,0,14618,H307,48.008586,-122.186908,49.3,54.3,55
BNSF,NW0621102,2021-06-03,11:29 AM,Derailment,0,EVERETT,WA,72,2,Day,Clear,Yard,Light loco(s),4,30000,4500,34500,H306,47.995596,-122.183271,67.6,62.1,58.7
BNSF,NW0223106,2023-02-19,8:05 AM,Other impacts,0,SEATTLE,WA,35,1,Dawn,Cloudy,Yard,Yard/switching,0,9106,0,32931,H399,47.588174,-122.337596,43.7,44.7,46.9
UP,1123RM028,2023-11-24,3:00 AM,Derailment,0,SALT LAKE CITY,UT,33,4,Dark,Snow,Yard,Yard/switching,5,95416,57810,153226,H523,40.726479,-111.908594,36.9,33.8,32.9
BNSF,NW1018126,2018-10-27,1:00 AM,Derailment,0,TOUCHET,WA,50,4,Dark,Rain,Industry,Freight Train,10,125000,0,148528,T216,46.108064,-118.914678,59.3,55.8,53.7
SSR,SSRC182190,2018-07-19,1:15 PM,Raking collision,0,SAND SPRINGS,OK,101,2,Day,Clear,Yard,Freight Train,2,49000,0,49000,H018,36.081254,-96.06601,81.8,88.5,92.9
MNCW,74122,2021-02-10,11:40 AM,Fire/violent rupture,0,CROTON ON HUDSON,NY,32,2,Day,Clear,Yard,Commuter Train - Pushing,10,112468,0,112468,M507,41.188695,-73.882535,23.8,24.6,25.5
BNSF,HL0223107,2023-02-08,4:06 PM,Derailment,0,KANSAS CITY,MO,40,2,Day,Rain,Industry,Freight Train,2,40423,5000,45423,M101,39.136018,-94.564657,42.2,34.9,36
UP,1118PR010,2018-11-12,10:15 PM,Derailment,0,JANESVILLE,WI,19,4,Dark,Clear,Industry,Yard/switching,5,631,11207,11838,H702,42.720556,-89.014601,33.4,27.7,21.6
BNSF,NW0820101,2020-08-31,11:15 PM,Derailment,0,PASCO,WA,68,4,Dark,Clear,Yard,Freight Train,9,58124,229381,287505,H519,46.235412,-119.085412,69.6,72.8,76.9
CSX,000171406,2017-09-01,9:50 PM,Derailment,0,SELKIRK,NY,54,4,Dark,Clear,Yard,Cut of cars,5,10880,506,11386,S007,42.565903,-73.854184,61.4,54.5,54.4
CSX,000189060,2020-03-12,1:01 AM,Derailment,0,TIFFIN,OH,42,4,Dark,Cloudy,Main,Freight Train,41,1294599,716978,2011577,E71L,41.119646,-83.180659,39.9,48.4,46.9
NS,151518,2022-11-21,2:45 AM,Derailment,0,BELLEVUE,OH,23,4,Dark,Clear,Main,Freight Train,1,6121,9545,15666,H504,41.29745,-82.762844,22,33.7,38.2
BNSF,PR1214100,2014-12-07,9:40 AM,Derailment,0,FRANNIE,WY,27,2,Day,Clear,Main,Freight Train,25,11250,250,11500,E06C,44.970332,-108.622733,29.8,32.3,29.9
CSX,000147638,2015-06-11,6:52 PM,Derailment,0,GRAFTON,WV,80,3,Dusk,Clear,Yard,Yard/switching,7,24618,800,25418,H704,39.339691,-80.016435,69.5,76.2,75.4
BNSF,PR1116100,2016-11-02,2:02 AM,Other (describe in narrative),0,UPTON,WY,44,4,Dark,Clear,Main,Freight Train,54,5200,9000,14200,E32C,44.088626,-104.615609,46.2,46.7,47.9
CSX,000175828,2018-04-16,9:30 AM,Derailment,0,PRINCE,WV,52,2,Day,Rain,Main,Freight Train,31,216032,2040,218072,M199,37.888356,-81.064108,61.4,35.9,35.6
UP,0119RM066,2019-01-26,12:40 PM,Derailment,0,HANNA,WY,23,2,Day,Cloudy,Main,Freight Train,32,62116,73569,135685,E04C,41.906071,-106.416477,19.9,24.4,30.1
BNSF,KS0415107,2015-04-24,12:30 PM,Other (describe in narrative),0,AMARILLO,TX,73,2,Day,Clear,Yard,Yard/switching,5,102235,0,102235,H318,35.196907,-101.829516,59.4,63.7,66.6
UP,0119GL028,2019-01-20,10:00 AM,Other impacts,0,MANKATO,MN,1,2,Day,Clear,Yard,Cut of cars,4,48896,2150,102529,H018,44.195356,-93.98713,-0.3,-1,6.3
CSX,000170858,2017-08-10,11:30 AM,Side collision,0,RUSSELL,KY,67,2,Day,Rain,Yard,Yard/switching,8,360000,0,672930,H399,38.532124,-82.697651,65.6,69.5,73.8
BNSF,NW1220204,2020-12-23,9:24 AM,Hwy-rail crossing,0,MABTON,WA,30,2,Day,Clear,Main,Freight Train,48,491852,154000,645852,M302,46.19986,-119.95003,40,27.6,25.8
RLAX,RLAX282019,2019-02-08,1:45 AM,Derailment,0,BAYTOWN,TX,56,4,Dark,Clear,Yard,Yard/switching,4,17467,0,17467,H702,29.763127,-94.882112,64,41,41.9
BNSF,NW0923104,2023-09-03,10:59 AM,Other (describe in narrative),0,SEATTLE,WA,68,2,Day,Clear,Yard,Yard/switching,3,11937,0,11937,H317,47.641255,-122.381198,71.2,64.9,59.4
CSX,000191875,2020-08-09,10:56 AM,Derailment,0,CUMBERLAND,MD,87,2,Day,Clear,Yard,Yard/switching,5,69209,500,69709,E34C,39.644504,-78.760839,73.8,75.4,75.4
BNSF,CH1015101,2015-10-02,3:55 AM,Derailment,0,EAST DUBUQUE,IL,44,4,Dark,Clear,Main,Freight Train,10,15000,2500,17500,H607,42.489866,-90.641108,51.2,50.8,49
BNSF,NW0219116,2019-02-17,1:38 PM,Other impacts,0,PASCO,WA,32,2,Day,Cloudy,Yard,Yard/switching,5,17889,0,17889,S016,46.272983,-119.10207,31,33.3,25.6
UP,0817ST005,2017-08-05,5:30 AM,Other impacts,0,EL PASO,TX,80,4,Dark,Clear,Industry,Freight Train,10,4645,33,14319,H607,31.768164,-106.39313,83.4,84.2,84.6
BNSF,RD0720109,2020-07-17,12:55 AM,Derailment,0,PLAINVIEW,TX,90,4,Dark,Clear,Industry,Freight Train,9,151350,0,151350,H704,34.178915,-101.617677,83.3,85.4,84.8
NS,113939,2015-01-20,8:55 PM,Derailment,0,PINEVILLE,WV,47,4,Dark,Clear,Main,Freight Train,18,22000,21500,43500,M201,37.586276,-81.656385,39,39,40.1
BNSF,SW1020102,2020-10-06,7:05 AM,Derailment,0,CLOVIS,NM,55,1,Dawn,Clear,Yard,Yard/switching,8,15754,1000,16754,E39C,34.396577,-103.197564,66.1,68.8,69.7
UP,0617PD022,2017-06-24,10:00 AM,Other impacts,0,SEATTLE,WA,83,2,Day,Clear,Yard,Cut of cars,2,800,0,11546,H020,47.558702,-122.326463,68.4,74.3,78.6
WC,1139438,2023-09-28,8:40 AM,Hwy-rail crossing,0,ALMA CENTER,WI,62,2,Day,Cloudy,Main,Freight Train,39,18941,0,18941,M302,44.45602,-90.842995,63.5,62.4,63.7
BNSF,CH1115104,2015-11-07,8:45 AM,Derailment,5,ALMA,WI,37,1,Dawn,Clear,Main,Freight Train,26,1013716,1216069,2229785,H519,44.350032,-91.935645,43.3,40,47.4
UP,0115PR013,2015-01-19,6:30 PM,Other impacts,0,BUTLER,WI,30,3,Dusk,Cloudy,Yard,Light loco(s),0,113,0,12230,H702,43.113062,-88.064047,36.4,32.3,31.4
UP,0616DV007,2016-06-06,1:30 PM,Derailment,0,CHEYENNE,WY,70,2,Day,Clear,Main,Freight Train,21,882918,36835,919753,M405,41.094847,-104.918971,63.1,63.2,63.6
UP,0923SX005,2023-09-09,5:25 PM,Other impacts,0,SAN ANTONIO,TX,100,2,Day,Clear,Yard,Single Car,5,0,0,32691,H309,29.380323,-98.554423,90.8,88.5,86.7
CSX,000191599,2020-07-26,3:30 PM,Obstruction,0,SPRINGFIELD,WV,91,2,Day,Clear,Main,Freight Train,0,225,0,45039,H997,39.547517,-78.692461,78.6,79.9,81.9
BNSF,NW0123106,2023-01-08,10:30 AM,Derailment,0,SEATTLE,WA,45,2,Day,Cloudy,Yard,Light loco(s),5,68000,1800,69800,H307,47.6467,-122.381664,45.4,43.8,47
CSX,000159948,2016-05-21,2:30 AM,Obstruction,0,NEW HAVEN,WV,58,4,Dark,Rain,Industry,Freight Train,4,49213,0,49213,M501,38.982138,-81.947333,58.9,59.4,58.9
RLAX,RLAX52619,2019-05-26,6:50 PM,Derailment,0,BAYTOWN,TX,88,2,Day,Clear,Yard,Yard/switching,2,50053,0,50053,H021,29.764746,-94.896276,82.2,81.7,81.8
WC,1003236,2019-06-25,2:10 AM,Other (describe in narrative),0,STINNETT,WI,55,4,Dark,Clear,Siding,Single Car,4,2232,12772,15004,E08C,46.041548,-91.650289,62,64.8,68.5
WC,1098644,2022-04-01,4:30 PM,Side collision,0,GREEN BAY,WI,41,2,Day,Cloudy,Yard,Cut of cars,4,11972,1818,34519,H020,44.528078,-88.014665,32.9,34.2,36.3
UP,0817TC035,2017-08-30,8:41 PM,Other (describe in narrative),0,ALTOONA,WI,62,3,Dusk,Clear,Yard,Single Car,0,66765,0,66765,E29C,44.806319,-91.428813,63.6,66.1,57.9
NS,151251,2022-10-23,4:43 AM,Derailment,0,CHATTANOOGA,TN,50,1,Dawn,Clear,Yard,Cut of cars,4,18500,46941,65441,H504,35.007198,-85.375514,56.4,58.2,59
BNSF,PR0321111,2021-03-24,4:50 AM,Derailment,0,BILL,WY,40,1,Dawn,Clear,Main,,0,0,75000,113271,E44C,43.045887,-105.26929,33.4,28.1,34
BNSF,TC0117126,2017-01-24,8:05 PM,Derailment,0,SUPERIOR,WI,33,4,Dark,Cloudy,Yard,,0,0,380947,388787,E40C,46.728594,-92.109002,35.5,32.9,30.1
CSX,000184670,2019-08-12,5:08 AM,Side collision,0,CAREY,OH,65,4,Dark,Cloudy,Main,Freight Train,9,505503,158590,4545778,H221,40.987839,-83.394344,72.9,74,74.8
CBRW,24030401,2024-03-04,3:25 PM,Derailment,0,WARDEN,WA,47,2,Day,Clear,Yard,Yard/switching,5,2848,17628,20476,H703,46.961502,-119.063387,34.8,37.2,35.6
UP,0923RM009,2023-09-08,12:57 AM,Derailment,0,GREEN RIVER,WY,59,4,Dark,Cloudy,Yard,Freight Train,4,10143,9022,19165,H503,41.517955,-109.440757,64.6,65.7,66
WC,1140042,2023-10-15,1:58 AM,Obstruction,0,WAUKESHA,WI,52,4,Dark,Clear,Main,Freight Train,20,20446,0,20446,M599,43.027686,-88.218057,50.2,48.2,46.1
UP,0817DV011,2017-08-09,11:59 PM,Fire/violent rupture,0,RAWLINS,WY,55,4,Dark,Cloudy,Main,Freight Train,10,33340,0,33340,E73L,41.776252,-107.373549,60.6,59.1,59.2
WC,1117194,2022-10-26,10:06 AM,Hwy-rail crossing,0,CHIPPEWA FALLS,WI,67,2,Day,Clear,Main,Freight Train,39,12138,0,12138,M302,44.925078,-91.489274,41.1,38.4,42.2
UP,1023ES035,2023-10-21,5:44 AM,Obstruction,0,DIBOLL,TX,51,1,Dawn,Clear,Main,Spec. MoW Equip.,29,21833,0,56363,H602,31.138002,-94.812409,70.3,70.3,73.4
CSX,000217798,2024-05-05,2:15 AM,Other impacts,0,CAYCE,SC,64,4,Dark,Clear,Yard,Cut of cars,5,17137,0,21379,H302,33.975727,-81.047387,73.2,74.3,73.3
SNVX,0406221,2022-06-04,10:45 AM,Derailment,0,SNOQUALMIE,WA,60,2,Day,Clear,Main,Passenger Train - Pulling,5,15000,12000,27000,H702,47.51374,-121.81444,59.1,60.5,60.3
BNSF,NW0619103,2019-06-04,8:24 PM,Side collision,0,EVERETT,WA,70,3,Dusk,Clear,Yard,Yard/switching,0,29158,0,45128,H306,48.001085,-122.185691,56.2,56.1,56.5
BNSF,CH1216112,2016-12-18,3:30 PM,Other impacts,0,ELWOOD,IL,-6,2,Day,Clear,Yard,Light loco(s),10,137410,0,324570,H305,41.399126,-88.154037,22.5,4,3.4
PMSW,HF0715,2022-07-15,10:00 AM,Derailment,0,LUBBOCK,TX,90,2,Day,Clear,Yard,Freight Train,5,30000,5000,35000,H607,33.549,-101.82,87,85.8,87.5
CSX,000211804,2023-05-10,12:13 PM,Obstruction,0,GREAT CACAPON,WV,70,2,Day,Clear,Main,,0,0,0,14386,M404,39.587746,-78.394587,58.5,56.7,60.1
KCS,21080201,2021-08-02,8:51 AM,Derailment,0,TALLULAH,LA,90,2,Day,Fog,Main,Freight Train,10,1086,401748,402834,E53C,32.45909,-91.522185,84.5,79,81.6
BNSF,TC0120114,2020-01-17,8:30 AM,Derailment,0,SUPERIOR,WI,4,1,Dawn,Clear,Yard,Yard/switching,5,1200,21318,22518,E35C,46.726895,-92.111632,-5.9,6.8,20.3