reportingrailroadcode,accidentnumber,date,time,accidenttype,hazmatreleasedcars,station,stateabbr,temperature,visibility_code,visibility,weathercondition,tracktype,equipmenttype,trainspeed,equipmentdamagecost,trackdamagecost,totaldamagecost,primaryaccidentcausecode,latitude,longitude,prior_temp,actual_temp,following_temp
MRL,2017104,2017-08-13,10:43 PM,Derailment,0,HERON,MT,60,4,Dark,Clear,Main,Freight Train,43,1456475,335000,1791475,T215,48.05,-115.891,72.1,60.7,59.2
UP,0821GL031,2021-08-30,12:00 PM,Other (describe in narrative),0,CEDAR RAPIDS,IA,79,2,Day,Clear,Main,Single Car,0,12463,0,12463,M507,41.932253,-91.716175,75.2,71.1,66.8
BNSF,PR0321105,2021-03-14,2:00 PM,Side collision,0,GUERNSEY,WY,32,2,Day,Snow,Yard,Freight Train,6,5000,0,29168,H607,42.276592,-104.749633,34.2,30.9,26.6
CSX,000206240,2022-07-21,11:37 PM,Side collision,0,FEURA BUSH,NY,70,4,Dark,Clear,Yard,Freight Train,7,508,0,102717,H607,42.588585,-73.880729,83.3,84.1,80.1
UP,0518UT028,2018-05-19,12:34 AM,Fire/violent rupture,0,KEMMERER,WY,41,4,Dark,Cloudy,Main,Freight Train,30,59462,0,59462,E73L,41.798939,-110.539812,47.3,46.7,48.8
UP,1021PN021,2021-10-17,7:00 PM,Other impacts,0,SPOKANE,WA,67,3,Dusk,Clear,Siding,Single Car,0,9664,0,83697,H306,47.680785,-117.185899,52.8,52.3,49.6
BNSF,TC1116109,2016-11-18,11:30 AM,Rear end collision,0,FOXBORO,WI,30,2,Day,Sleet,Main,Spec. MoW Equip.,8,450000,0,450500,H997,46.505671,-92.232831,44.6,34.7,25.4
BNSF,NW1214107,2014-12-12,10:35 AM,Derailment,0,SEATTLE,WA,55,2,Day,Clear,Yard,Yard/switching,10,17124,1000,18124,H318,47.55,-122.33,53.1,51,46.7
CSX,000211706,2023-06-07,6:40 PM,Derailment,0,WAYCROSS,GA,82,3,Dusk,Clear,Yard,Yard/switching,4,9052,46879,55931,E24C,31.213509,-82.353557,76.8,79.7,80.9
BNSF,NW0922104,2022-09-02,3:09 PM,Derailment,0,TACOMA,WA,84,2,Day,Clear,Yard,Freight Train,8,0,65000,65000,H307,47.24364,-122.413939,65.3,65.6,64.4
IC,1091794,2022-01-05,10:00 PM,Derailment,0,DESTREHAN,LA,57,4,Dark,Clear,Yard,Yard/switching,3,22362,15000,37362,H703,29.955872,-90.371299,47,59.1,60.7
UP,0223GP022,2023-02-11,8:28 PM,Other impacts,0,CHEYENNE,WY,37,4,Dark,Clear,Yard,Yard/switching,3,100,3750,50351,H312,41.128799,-104.812429,27.7,38.7,36.4
BNSF,NW0222116,2022-02-22,8:15 AM,Derailment,0,PASCO,WA,20,1,Dawn,Cloudy,Yard,Cut of cars,5,4990,24830,29820,M105,46.243425,-119.089058,36.4,24.6,21.9
UP,0816DV002,2016-08-02,3:00 AM,Other impacts,0,GREEN RIVER,WY,54,4,Dark,Clear,Yard,Single Car,0,144,0,12236,H602,41.525474,-109.467046,71.9,72.8,72.9
UP,1219RM022,2019-12-30,11:30 PM,Fire/violent rupture,0,RED DESERT,WY,-6,4,Dark,Clear,Main,Freight Train,50,44462,0,44462,E73L,41.648188,-108.135573,6.2,4.4,10.9
TRRA,21016OR,2021-02-26,12:40 PM,Derailment,0,EAST ST LOUIS,IL,49,2,Day,Cloudy,Main,,0,0,19087,19087,H523,38.595744,-90.156341,39.3,40.5,47.4
UP,1221RM010,2021-12-10,8:00 AM,Other impacts,0,ROCK SPRINGS,WY,10,2,Day,Cloudy,Industry,Freight Train,0,76593,0,168835,M501,41.732444,-108.779659,28.2,15,18.1
UP,0518HO004,2018-05-02,5:20 AM,Other impacts,0,HOUSTON,TX,75,4,Dark,Clear,Yard,Yard/switching,4,14273,7070,21343,M411,29.812064,-95.289299,74,78.7,78.3
UP,0923RM012,2023-09-09,4:30 PM,Derailment,0,LARAMIE,WY,75,2,Day,Cloudy,Yard,Freight Train,3,11774,9271,21045,H307,41.31014,-105.596779,62.1,60.8,56.4
BNSF,TC0524203,2024-05-15,1:25 PM,Hwy-rail crossing,0,TULARE,SD,72,2,Day,Clear,Main,Freight Train,40,100000,500,100500,M304,44.734539,-98.504701,62,58.3,60.9
CSX,000219710,2024-08-01,7:00 PM,Derailment,0,CRITES,WV,84,3,Dusk,Clear,Main,Freight Train,8,82816,0,82816,T220,38.348712,-82.267976,76.4,74.8,75.4
UP,0721PN023,2021-07-20,1:20 PM,Derailment,0,SPOKANE,WA,78,2,Day,Clear,Yard,Yard/switching,2,500,16400,16900,H307,47.659451,-117.326776,76.9,76.9,70
ATK,136678,2015-03-15,7:10 PM,Obstruction,0,EMPORIA,VA,65,3,Dusk,Clear,Main,Passenger Train - Pulling,67,12945,0,12945,M404,36.748608,-77.493869,52.7,56,50.9
RJCC,RJCC1803,2018-06-12,10:45 PM,Other impacts,0,LEXINGTON,KY,70,4,Dark,Cloudy,Main,Light loco(s),0,22187,0,40841,H017,38.100078,-84.572296,71.1,73.3,75.7
CSX,000196608,2021-03-25,4:15 AM,Other impacts,0,GRAFTON,WV,45,1,Dawn,Clear,Yard,Cut of cars,0,3826,0,12016,E08C,39.339994,-80.018119,63.1,59.9,60.2
UP,0219GC002,2019-02-01,3:50 PM,Derailment,0,BAYTOWN,TX,58,2,Day,Cloudy,Yard,Yard/switching,6,4850,8347,13197,H702,29.79224,-95.017268,53.9,59.8,60.1
CSX,000216361,2024-02-25,11:12 AM,Other impacts,0,NASHVILLE,TN,55,2,Day,Clear,Yard,Single Car,6,17000,0,17100,S016,36.112136,-86.770713,45.2,48.5,65.5
CP,1001711589,2022-06-11,5:30 AM,Derailment,0,PORTAGE,WI,58,4,Dark,Clear,Yard,Freight Train,10,375075,0,375075,T220,43.547597,-89.469395,65.1,62.4,62.7
CSX,000180833,2019-01-18,11:09 AM,Hwy-rail crossing,0,LANEXA,VA,28,2,Day,Clear,Main,,0,0,0,20022,M302,37.415722,-76.940075,37,42.3,44.5
UP,0615LV007,2015-06-13,3:50 AM,Derailment,0,AVONDALE,LA,78,4,Dark,Cloudy,Yard,Yard/switching,10,10276,5880,20557,H601,29.91862,-90.187971,76.9,82.5,81.3
UP,1018DV004,2018-10-04,7:40 PM,Rear end collision,0,GRANITE CANON,WY,46,4,Dark,Cloudy,Main,Freight Train,55,2831109,333554,3833007,E03C,41.099654,-105.132199,59.4,44.4,41.8
URR,22101,2022-01-03,5:53 PM,Derailment,0,WEST MIFFLIN,PA,25,4,Dark,Clear,Yard,Yard/switching,4,8669,15000,23669,M503,40.345831,-79.89784,37.4,25.4,29
UP,1017DV027,2017-10-31,11:45 AM,Hwy-rail crossing,0,SINCLAIR,WY,50,2,Day,Clear,Main,Freight Train,47,88901,31021,119922,M302,41.759367,-106.855723,27.5,34.9,46.9
NS,138348,2020-06-26,3:40 PM,Side collision,0,ELKHART,IN,72,2,Day,Clear,Yard,Yard/switching,5,69,23776,30975,H706,41.67736,-85.978495,69.5,72.6,75.5
UP,1115PR011,2015-11-27,7:55 PM,Derailment,0,JANESVILLE,WI,30,4,Dark,Clear,Yard,Light loco(s),7,37444,300,37744,S104,42.647904,-89.009162,50.4,32.9,29.4
UP,1223PR003,2023-12-02,2:20 AM,Derailment,0,MILWAUKEE,WI,39,4,Dark,Cloudy,Main,Freight Train,20,19248,12083,31331,E27C,42.985647,-87.911555,39.6,41.1,39
UP,0121SX029,2021-01-31,11:10 PM,Derailment,0,EAGLE PASS,TX,51,4,Dark,Clear,Yard,,0,0,12100,12100,H307,28.839904,-100.433805,65.6,60.2,54.1
CSX,000171937,2017-09-29,6:50 PM,Side collision,0,NEW MARTINSVILLE,WV,71,3,Dusk,Clear,Yard,Single Car,3,22000,48,30660,H318,39.634445,-80.864151,66,58.5,54.2
BNSF,PR0315101,2015-03-03,9:05 PM,Derailment,0,GUERNSEY,WY,15,4,Dark,Cloudy,Yard,Freight Train,6,9689,10500,20189,H702,42.273355,-104.743035,32.7,15.6,9.7
CP,1000412422,2016-06-18,11:01 PM,Hwy-rail crossing,0,CALEDONIA,WI,65,4,Dark,Clear,Main,,0,0,50,19150,M308,42.760401,-87.915013,68.9,71.4,77.5
BNSF,TC0416103,2016-04-09,1:15 PM,Derailment,0,FRIDLEY,MN,40,2,Day,Clear,Yard,Yard/switching,4,17789,6800,24589,M405,45.044198,-93.27116,32.1,31,46
BNSF,NW1123113,2023-11-14,9:40 PM,Derailment,0,KELSO,WA,38,4,Dark,Rain,Yard,,0,0,7623,64019,H607,46.119079,-122.921642,48.6,43.2,43.2
CSX,000176524,2018-05-10,7:57 PM,Other impacts,0,SELKIRK,NY,64,3,Dusk,Cloudy,Yard,Single Car,18,30000,0,30000,S016,42.565903,-73.854184,67.3,62.9,57.7
KCS,18090403,2018-09-04,9:15 AM,Derailment,0,KANSAS CITY,MO,80,2,Day,Clear,Yard,Freight Train,4,6671,14029,20700,H702,39.128848,-94.521331,82.9,80.3,75.3
CSX,000209300,2023-01-15,7:45 PM,Other impacts,0,COLUMBUS,OH,30,3,Dusk,Clear,Yard,Yard/switching,4,15013,0,15013,M599,39.972311,-83.021134,25.9,26.2,34.5
FOXY,240712002,2024-07-12,9:55 PM,Derailment,0,WAUSAU,WI,72,4,Dark,Clear,Industry,Freight Train,11,315000,625000,940000,M503,44.951518,-89.690185,72.4,75.2,70.6
CSX,000157530,2016-02-28,12:20 PM,Raking collision,0,NASHVILLE,TN,62,2,Day,Clear,Yard,Cut of cars,8,2042,0,22640,E04C,36.112142,-86.770737,45.6,56.7,56.7
WN,05072018,2018-05-07,1:00 PM,Derailment,0,NEW AUBURN,WI,62,2,Day,Clear,Main,Freight Train,10,0,50611,50611,T212,45.280162,-91.619282,60.8,66,64.5
UP,1217DV001,2017-12-04,9:10 AM,Derailment,0,GREEN RIVER,WY,26,2,Day,Clear,Yard,Cut of cars,0,30890,0,123173,T220,41.528377,-109.471373,38.4,20.4,18.5
UP,0921TO013,2021-09-19,11:45 AM,Other impacts,0,FORT WORTH,TX,87,2,Day,Clear,Yard,Cut of cars,5,21455,0,119560,H310,32.730362,-97.322349,83.2,84,87.3
CSX,000217594,2024-04-23,10:00 PM,Derailment,0,SANDSTONE,WV,68,4,Dark,Clear,Main,Freight Train,20,17198,0,17198,E51C,37.751444,-80.915486,44.6,53.6,57
WC,1101366,2022-04-29,11:00 PM,Other (describe in narrative),0,GREEN BAY,WI,51,4,Dark,Clear,Yard,Yard/switching,4,84271,3614,124967,H307,44.528015,-88.014598,41.8,50.7,49.4
CSX,000138125,2014-11-28,9:19 AM,Hwy-rail crossing,0,WASHINGTON,WV,31,2,Day,Clear,Main,Freight Train,29,47089,0,47089,M308,39.245344,-81.68533,32.3,28.9,41.5
UP,0622RM015,2022-06-09,11:00 PM,Derailment,0,ROCK SPRINGS,WY,66,4,Dark,Cloudy,Main,Freight Train,50,23525,7341,30866,E39C,41.591546,-108.706739,60.6,68.6,70.3
BNSF,PR0219104,2019-02-04,3:00 PM,Rear end collision,0,WHEATLAND,WY,27,2,Day,Cloudy,Main,Freight Train,0,527667,0,1735220,H605,42.347817,-104.899184,40.6,16.7,23.9
ATK,137427,2015-05-14,11:58 AM,Fire/violent rupture,0,MILWAUKEE,WI,51,2,Day,Clear,Main,Passenger Train - Pulling,70,600000,0,600000,M406,43.032838,-87.91189,43.7,49.3,61.2
BNSF,CH0221107,2021-02-11,1:01 AM,Derailment,0,GALESBURG,IL,5,4,Dark,Clear,Yard,Yard/switching,4,55583,2000,57583,M411,40.909007,-90.384827,6.7,5.2,0.7
WC,871400,2015-11-15,3:00 PM,Side collision,0,FOND DU LAC,WI,54,2,Day,Clear,Yard,Yard/switching,15,2496,3058,25954,H318,43.801236,-88.469247,39.9,50.9,53.7
ATK,147472,2017-05-13,8:35 AM,Hwy-rail crossing,0,KENOSHA,WI,60,2,Day,Clear,Main,Passenger Train - Pushing,79,8404,0,41612,M308,42.640058,-87.905317,53.8,60.8,53.4
BNSF,NW0623113,2023-06-17,1:00 PM,Derailment,0,SPOKANE,WA,61,2,Day,Cloudy,Yard,Yard/switching,8,7691,11020,18711,H312,47.668267,-117.342904,67.5,67.6,58.3
RLGX,10302015,2015-10-30,7:10 AM,Derailment,0,LA PORTE,TX,72,1,Dawn,Cloudy,Yard,Yard/switching,2,16172,0,16172,H306,29.642992,-95.038339,69.5,74.4,73
CSX,000178663,2018-09-09,2:55 AM,Derailment,0,FAYETTEVILLE,WV,65,4,Dark,Rain,Main,Freight Train,26,852911,88276,941187,M103,38.077521,-81.084315,70.5,64.9,65.6
BNSF,TC0820110,2020-08-22,9:40 PM,Derailment,0,SUPERIOR,WI,68,4,Dark,Cloudy,Yard,Yard/switching,7,500,16044,16544,H607,46.70999,-92.113312,62.8,65.2,65
BNSF,NW0821101,2021-08-02,7:30 AM,Derailment,0,EVERETT,WA,60,1,Dawn,Clear,Industry,Light loco(s),6,8104,4500,12604,H303,48.002243,-122.18299,66.1,64.3,66.1
FWWR,20122301,2020-12-23,8:30 PM,Derailment,0,GRANBURY,TX,46,4,Dark,Cloudy,Siding,Cut of cars,1,233,947,13947,H099,32.478742,-97.721179,55.5,58.1,41.5
PSAP,PSA081119D,2019-06-15,12:42 PM,Derailment,0,ABERDEEN,WA,68,2,Day,Clear,Main,Freight Train,5,51281,1400,52681,H704,46.967778,-123.822778,55.7,55.1,56.9
BNSF,NW1223107,2023-12-15,5:15 AM,Derailment,0,PASCO,WA,43,1,Dawn,Cloudy,Yard,Yard/switching,6,11010,0,54102,H307,46.267569,-119.099526,37.3,35.2,37
UP,1022PN004,2022-10-04,3:30 PM,Derailment,0,KLAMATH FALLS,OR,74,2,Day,Clear,Main,,0,0,601383,632383,E44C,42.231439,-121.775336,56.3,56.6,57.9
BNSF,PR0923101,2023-09-01,1:32 PM,Derailment,0,GUERNSEY,WY,98,2,Day,Clear,Yard,Yard/switching,9,115054,126292,241346,H704,42.273778,-104.743109,73.5,74.7,77.7
TXPF,04262016,2016-04-26,11:20 PM,Other impacts,0,COLEMAN,TX,59,4,Dark,Rain,Yard,Light loco(s),12,130000,0,260000,H099,31.771928,-99.400045,74.2,72.1,66.7
BNSF,CH0916113,2016-09-22,5:55 AM,Derailment,0,FERRYVILLE,WI,62,4,Dark,Rain,Main,Freight Train,38,580481,959480,1539961,M103,43.364363,-91.133089,67.8,67.6,65.3
BNSF,NW0322117,2022-03-29,1:00 PM,Derailment,0,TACOMA,WA,55,2,Day,Clear,Yard,Freight Train,7,21826,0,57384,H514,47.261873,-122.396707,51.8,49.1,48
UP,1021HL031,2021-10-28,4:10 AM,Derailment,0,COFFEYVILLE,KS,53,1,Dawn,Rain,Siding,Freight Train,12,116085,31248,147333,H503,37.029827,-95.625517,61.1,52.5,52.6
BNSF,NW1018108,2018-10-10,8:56 PM,Derailment,0,LONGVIEW,WA,50,3,Dusk,Clear,Yard,Freight Train,1,10377,8856,19233,H607,46.103045,-122.892183,57.4,54.8,52.4
UP,1120RM018,2020-11-12,3:00 AM,Derailment,0,ROCK SPRINGS,WY,20,4,Dark,Cloudy,Main,Freight Train,50,7212,19110,26322,E07C,41.556135,-108.698896,22.1,19.2,22.2
NECR,NEC144619Y,2019-07-14,1:00 PM,Obstruction,0,BRATTLEBORO,VT,74,2,Day,Cloudy,Main,,0,0,0,25421,M404,42.863767,-72.554792,74.1,74.4,69
IC,933635,2017-08-23,1:45 AM,Derailment,0,EAST HAZELCREST,IL,59,4,Dark,Clear,Yard,Freight Train,4,33200,1400,34600,H702,41.59929,-87.646265,72.8,66.4,63.7
WC,973578,2018-09-20,6:15 PM,Derailment,0,DRESSER,WI,41,3,Dusk,Rain,Main,,0,0,77899,82023,H522,45.352731,-92.635236,59.4,61,53.9
BNSF,NW0723111,2023-07-12,5:10 PM,Derailment,0,PASCO,WA,90,3,Dusk,Clear,Yard,Light loco(s),4,25793,2440,28233,H307,46.223379,-119.076367,76.1,80.5,80.4
BNSF,HL0319114,2019-03-14,7:50 PM,Side collision,0,MEMPHIS,TN,50,3,Dusk,Clear,Yard,Yard/switching,6,64475,121805,363533,E39C,35.02201,-89.888249,64.7,68.3,50.1
NS,138102,2020-05-30,1:22 PM,Derailment,0,MATEWAN,WV,72,2,Day,Clear,Main,Freight Train,23,321492,212252,533744,E61C,37.621316,-82.179921,69.5,67.2,62.3
WC,1132478,2023-05-05,1:10 PM,Side collision,0,WISCONSIN RAPIDS,WI,50,2,Day,Cloudy,Yard,Light loco(s),0,4130,0,31977,H318,44.405826,-89.834518,58.9,54.3,55.5
UP,1219TO031,2019-12-29,7:55 PM,Other impacts,0,FORT WORTH,TX,44,3,Dusk,Clear,Yard,Yard/switching,8,8909,9702,20093,H318,32.771726,-97.327076,61.7,49,43.6
UP,0615NP020,2015-06-13,2:34 AM,Other (describe in narrative),0,MANVILLE,WY,50,4,Dark,Rain,Main,Freight Train,0,961461,821347,1782808,M103,42.78121,-104.611835,64.2,67.4,64
IC,924442,2017-05-31,2:20 PM,Hwy-rail crossing,0,DE SOTO,IL,85,2,Day,Clear,Main,,0,0,1011,19844,M304,37.781215,-89.222927,70.2,70.8,73.4
CUOH,CUO757121R,2021-04-22,5:40 AM,Derailment,0,AMSTERDAM,OH,33,1,Dawn,Clear,Industry,Yard/switching,4,78779,18000,170979,E67C,40.431886,-80.905008,35.7,38.5,45.8
WC,949814,2018-02-09,10:25 AM,Derailment,0,FOND DU LAC,WI,11,2,Day,Clear,Yard,Yard/switching,4,18130,1260,19390,H702,43.825702,-88.481207,9.4,9.8,9.3
NJTR,201807361,2018-07-09,4:46 PM,Hwy-rail crossing,0,GARFIELD,NJ,88,2,Day,Clear,Main,Commuter Train - Pushing,62,28384,1805,30189,M304,40.886686,-74.102319,72.1,76.7,81.9
BNSF,NW0423119,2023-04-05,9:01 PM,Obstruction,0,VANCOUVER,WA,40,4,Dark,Clear,Main,,0,0,0,26357,M404,45.713836,-122.725771,43.3,46.3,48.2
BNSF,TX0816101,2016-08-01,3:20 AM,Other impacts,0,FORT WORTH,TX,85,4,Dark,Clear,Yard,Yard/switching,6,40796,0,88450,H318,32.818937,-97.327103,90.6,90.7,90.3
CSX,000141798,2015-02-19,10:45 AM,Derailment,0,GREENVILLE,SC,21,2,Day,Clear,Industry,Freight Train,2,10259,856,11115,T221,34.860097,-82.421332,30.6,20.1,22.4
BNSF,NW0619105,2019-06-11,6:00 PM,Other (describe in narrative),0,VANCOUVER,WA,75,3,Dusk,Clear,Yard,Yard/switching,4,27278,0,27278,H020,45.648365,-122.724159,71.4,78.7,80.3
BNSF,PR0918107,2018-09-13,2:00 AM,Derailment,0,GUERNSEY,WY,55,4,Dark,Clear,Yard,Yard/switching,3,12870,0,12870,H318,42.259653,-104.696648,74.2,68.9,66.9
CSX,000187920,2020-01-19,4:24 AM,Other impacts,0,MEADOW CREEK,WV,20,1,Dawn,Cloudy,Main,Freight Train,4,19068,150,38701,H306,37.802808,-80.921581,36.9,28.4,15.6
BNSF,NW0720117,2020-07-31,4:16 PM,Derailment,0,RICHLAND,WA,109,2,Day,Clear,Main,Freight Train,8,509453,0,678146,H606,46.244735,-119.251748,90.1,92.1,82.2
WE,190046,2019-05-25,7:06 AM,Side collision,0,BREWSTER,OH,73,1,Dawn,Clear,Yard,Light loco(s),3,22708,1799,44273,H702,40.71158,-81.59779,66.2,71.7,69.3
WN,1312015,2015-01-31,6:15 PM,Derailment,0,NEW AUBURN,WI,21,4,Dark,Clear,Industry,Freight Train,6,51301,187000,238301,H399,45.197493,-91.559997,11.3,22.7,11.9
UP,1218HL003,2018-12-04,9:25 AM,Derailment,0,HERINGTON,KS,23,2,Day,Cloudy,Yard,Freight Train,10,107120,133609,240729,T213,38.692991,-96.950097,27.7,27.3,34.1
NS,137846,2020-04-29,3:45 AM,Obstruction,0,SOPHIA,WV,55,4,Dark,Clear,Main,Freight Train,8,102500,21409,123909,H503,37.691529,-81.236404,53.1,61.4,48.5
IORY,IOR428517D,2017-09-12,1:30 PM,Derailment,0,SPRINGFIELD,OH,64,2,Day,Rain,Main,Freight Train,11,17000,90000,107000,E53C,39.892528,-83.765833,59.5,60.8,63
UP,0621RM010,2021-06-07,4:22 PM,Derailment,0,PRICE,UT,90,2,Day,Clear,Main,Freight Train,45,10585,71310,81895,E34C,39.499487,-110.661221,77.2,76.3,72.3
BNSF,NW0720105,2020-07-13,5:40 AM,Derailment,0,TACOMA,WA,57,1,Dawn,Clear,Yard,Light loco(s),5,14438,2000,16438,H704,47.241874,-122.428309,62.2,62.6,64.9
BNSF,TC0121102,2021-01-04,6:10 PM,Derailment,0,SUPERIOR,WI,25,3,Dusk,Cloudy,Yard,Light loco(s),5,250,18000,18250,H307,46.720911,-92.113986,21.7,27.4,22.3
ATK,152630,2018-04-06,1:20 PM,Hwy-rail crossing,0,ASTICO,WI,30,2,Day,Clear,Main,Passenger Train - Pulling,70,34139,0,34499,M302,43.321794,-88.911432,28,28.3,23.3
BNSF,SW0420108,2020-04-14,2:30 PM,Derailment,0,CLOVIS,NM,70,2,Day,Clear,Yard,Freight Train,5,12000,44000,56000,E4BC,34.397489,-103.21638,31.6,31.5,46
BNSF,CH0717107,2017-07-21,3:59 AM,Derailment,0,ONALASKA,WI,80,4,Dark,Rain,Yard,Freight Train,5,42502,230330,272832,H703,43.869153,-91.230393,77.9,72.7,76.9
WE,240049,2024-06-05,4:10 PM,Derailment,0,CAREY,OH,81,2,Day,Rain,Yard,Light loco(s),6,12459,9601,22060,H702,40.952555,-83.382423,77.1,74.7,72.9
BNSF,NW0318105,2018-03-05,3:18 PM,Raking collision,0,CENTRALIA,WA,50,2,Day,Clear,Main,Freight Train,2,10000,955575,970811,H221,46.719767,-122.951559,38.5,42,40.1
UP,0116SA012,2016-01-21,7:58 PM,Derailment,0,SAN ANTONIO,TX,55,4,Dark,Clear,Yard,Yard/switching,3,145608,45755,191363,M405,29.436527,-98.466656,54.9,58.3,49.3
UP,0119GL043,2019-01-26,3:00 AM,Derailment,0,JANESVILLE,WI,-17,4,Dark,Snow,Yard,Light loco(s),3,18620,200,18820,M101,42.684322,-89.02858,-4.4,-5.2,-0.8
GET,IO230061,2023-03-26,11:45 AM,Side collision,0,GETTYSBURG,PA,56,4,Dark,Clear,Siding,,0,0,18355,40126,H307,39.852241,-77.286487,46.4,51.9,49.5
WSOR,230818005,2023-08-18,1:15 PM,Derailment,0,PRAIRIE DU CHIEN,WI,85,2,Day,Clear,Industry,Freight Train,9,139000,2663,141663,H303,43.06073,-91.15963,70.1,65.7,76.1
UP,0921SX023,2021-09-26,4:44 AM,Derailment,1,SMITHVILLE,TX,59,1,Dawn,Clear,Main,Freight Train,12,162939,127735,290674,M405,30.0068,-97.161972,72.1,73,75.4
BNSF,HL0518104,2018-05-04,6:11 PM,Other (describe in narrative),0,NORTH KANSAS CITY,MO,70,3,Dusk,Clear,Yard,Light loco(s),6,0,21000,21000,H607,39.118722,-94.580529,70.5,67.9,70.7
BNSF,HL0222106,2022-02-05,8:21 AM,Derailment,0,LINCOLN,NE,46,1,Dawn,Clear,Yard,Cut of cars,0,2456,0,216317,H307,40.80905,-96.740028,17.3,33.1,32.7
BNSF,NW0620201,2020-06-10,3:00 PM,Hwy-rail crossing,0,ELTOPIA,WA,83,2,Day,Clear,Main,Freight Train,49,5477,80214,85691,M302,46.448936,-119.019258,64,72.9,74.3
BNSF,NW0718115,2018-07-18,4:35 AM,Derailment,0,LONGVIEW,WA,65,1,Dawn,Clear,Yard,,0,0,28000,31700,M503,46.117205,-122.939356,67.1,65.8,62.2
CSX,000214984,2023-12-08,8:48 PM,Hwy-rail crossing,0,HURRICANE,WV,41,4,Dark,Cloudy,Main,Freight Train,38,12143,0,12143,M303,38.440561,-81.982483,41.6,48.7,57.1
WC,962758,2018-06-16,9:13 AM,Rear end collision,0,EXELAND,WI,71,2,Day,Rain,Main,Freight Train,27,995895,0,1201869,H220,45.716488,-91.294842,67.9,72.8,75
ATK,155658,2017-11-30,9:35 AM,Fire/violent rupture,0,SEATTLE,WA,44,2,Day,Rain,Yard,Passenger Train - Pulling,6,19921,0,19921,E47L,47.583351,-122.332039,46.3,44.9,45
NS,123095,2016-12-11,4:50 AM,Derailment,0,WOODBOURNE,PA,28,1,Dawn,Clear,Yard,Freight Train,7,26434,20466,46900,H303,40.191353,-74.883778,31,30,40.5
UP,0620PR012,2020-06-11,7:10 PM,Derailment,0,JANESVILLE,WI,79,3,Dusk,Clear,Yard,Yard/switching,3,636,15933,16569,H702,42.648511,-89.005926,69.4,68.1,66.7
CSX,000209593,2023-02-02,1:06 AM,Other impacts,0,RIVERDALE,IL,21,4,Dark,Clear,Yard,Yard/switching,3,10846,0,20635,H305,41.648513,-87.62199,16.5,24.5,8.8
NICD,N2300015,2023-09-27,9:42 PM,Derailment,0,BURNS HARBOR,IN,62,4,Dark,Clear,Yard,,0,0,229903,328091,H303,41.62879,-87.111125,65,63.4,62.7
BNSF,NW0119109,2019-01-21,4:02 PM,Derailment,0,TACOMA,WA,38,2,Day,Clear,Yard,Freight Train,7,16441,10000,26441,H307,47.243405,-122.410883,40.8,39.3,42.9
UP,0518FW001,2018-05-01,10:00 AM,Derailment,0,ODESSA,TX,80,2,Day,Clear,Yard,Freight Train,5,677475,14520,691995,H702,31.886684,-102.284981,72.2,76.8,79.7
WC,1132866,2023-05-14,4:40 PM,Side collision,0,GREEN BAY,WI,54,2,Day,Clear,Yard,Freight Train,9,80313,17282,97595,H310,44.532248,-88.018684,61.4,53.8,57.2
GRNW,200618003,2020-06-18,8:30 PM,Derailment,0,POMEROY,WA,72,3,Dusk,Clear,Industry,Freight Train,4,16240,6590,22830,H503,46.631844,-117.80247,60.4,65.6,69.4
UP,1223TO034,2023-12-29,5:20 PM,Hwy-rail crossing,0,CORSICANA,TX,55,2,Day,Clear,Main,Freight Train,47,109,107483,107592,M302,32.005235,-96.437173,43,42.4,47.5
GRW,28,2015-09-03,4:20 PM,Derailment,0,GARY,IN,90,2,Day,Clear,Industry,Yard/switching,5,22000,1796,23796,M204,41.621336,-87.354393,78.7,79.6,74.5
NS,154202,2023-09-12,10:50 PM,Derailment,0,NEW MARKET,TN,64,4,Dark,Clear,Main,Freight Train,31,236,24749,24985,E67C,36.084695,-83.618465,71.8,71.5,71.1
BNSF,CH0818113,2018-08-21,8:50 AM,Derailment,0,HODGKINS,IL,84,1,Dawn,Clear,Yard,Yard/switching,5,10000,1000,11000,T221,41.755392,-87.868855,74.6,72.6,70.2
BNSF,NW0819117,2019-08-22,12:30 PM,Other (describe in narrative),0,KELSO,WA,70,2,Day,Clear,Main,Spec. MoW Equip.,10,0,24000,24000,H402,46.139152,-122.914625,63.1,62.4,63.8
UP,1216NP009,2016-12-15,8:22 AM,Derailment,0,MANVILLE,WY,16,2,Day,Cloudy,Main,Freight Train,33,6874,183792,190666,H995,42.78282,-104.618029,11.5,27.1,9.2
BNSF,NW1120110,2020-11-15,7:40 PM,Derailment,0,VANCOUVER,WA,64,3,Dusk,Cloudy,Yard,Yard/switching,7,23520,16337,39857,H607,45.646599,-122.687905,46.2,51.9,49.4
WC,840976,2015-02-17,4:00 AM,Derailment,0,GREEN BAY,WI,7,4,Dark,Clear,Yard,Freight Train,6,20840,8635,29475,H599,44.532023,-88.019132,12.1,9.8,0.4
BNSF,NW0522108,2022-05-19,11:15 AM,Rear end collision,0,SKYKOMISH,WA,50,2,Day,Cloudy,Siding,Spec. MoW Equip.,5,800,0,13800,H607,47.77417,-121.487199,43.9,40.2,44.9