reportingrailroadcode,accidentnumber,date,time,accidenttype,hazmatreleasedcars,station,stateabbr,temperature,visibility_code,visibility,weathercondition,tracktype,equipmenttype,trainspeed,equipmentdamagecost,trackdamagecost,totaldamagecost,primaryaccidentcausecode,latitude,longitude,prior_temp,actual_temp,following_temp
LI,77420,2022-06-24,2:57 AM,Derailment,0,RONKONKOMA,NY,60,4,Dark,Clear,Main,,0,0,16168,48890,E70L,40.809697,-73.09147,66.5,66.9,75.9
BNSF,PR0116100,2016-01-02,6:00 PM,Derailment,0,WRIGHT,WY,26,3,Dusk,Clear,Main,,0,0,157232,200359,H307,43.728553,-105.361189,22.6,25,23.2
NS,125112,2017-05-18,8:10 PM,Derailment,0,ALTOONA,PA,72,4,Dark,Clear,Yard,Yard/switching,3,28633,1000,29633,H306,40.542028,-78.375784,75.3,76.9,74.9
BNSF,PR0815108,2015-08-13,9:10 AM,Head on collision,0,MOORCROFT,WY,71,2,Day,Clear,Main,Light loco(s),14,200,1000,19700,H017,44.28202,-105.053763,80.8,77.1,82.1
BNSF,PR0220112,2020-02-27,7:39 PM,Derailment,0,GLENDO,WY,33,3,Dusk,Clear,Main,Freight Train,10,9780,2810937,2820717,E61C,42.430657,-104.956909,22.7,32.2,35.6
UP,0522PR001,2022-05-04,4:16 PM,Derailment,0,SHEBOYGAN,WI,53,2,Day,Cloudy,Industry,Freight Train,4,42298,102945,145243,H306,43.711044,-87.706384,40,40.4,42
UP,0522PN010,2022-05-11,8:45 AM,Derailment,0,TRENTWOOD,WA,37,2,Day,Clear,Yard,Yard/switching,3,76456,9878,86334,H306,47.680218,-117.200854,47.8,48.9,47.7
BNSF,PR0824108,2024-08-22,10:00 AM,Derailment,0,GREYBULL,WY,78,2,Day,Clear,Yard,Freight Train,5,14737,5750,20487,H307,44.487062,-108.057572,79,74.9,80
BRC,13807,2016-12-06,10:59 AM,Other impacts,0,BEDFORD PARK,IL,32,2,Day,Clear,Yard,Yard/switching,3,15410,0,15410,S006,41.768356,-87.752566,33.5,33.3,26.8
UP,0820RM008,2020-08-05,8:30 AM,Fire/violent rupture,0,RED DESERT,WY,54,2,Day,Cloudy,Main,Freight Train,60,20703,0,20703,E73L,41.655421,-108.051674,72.1,72.5,74.5
BNSF,NW0820103,2020-08-08,5:25 PM,Derailment,0,YELLEPIT,WA,93,3,Dusk,Clear,Main,Freight Train,44,20000,9400,29400,E53C,46.05332,-118.953972,68.8,74.1,73
UP,0722SX006,2022-07-04,11:59 PM,Other impacts,0,SAN ANTONIO,TX,84,4,Dark,Clear,Yard,Yard/switching,5,3043,0,337436,H318,29.435088,-98.448701,86.6,86.7,87.5
BNSF,PR1120110,2020-11-29,4:01 AM,Derailment,0,CASPER,WY,19,1,Dawn,Clear,Yard,Yard/switching,7,68833,15363,194461,H599,42.854142,-106.324305,35.5,25,36.9
UP,0917DV014,2017-09-27,10:30 PM,Derailment,0,GREEN RIVER,WY,48,4,Dark,Cloudy,Main,Freight Train,6,3645,39594,43239,H519,41.529129,-109.470884,40.3,45.2,43.9
UP,1122GL029,2022-11-26,9:30 AM,Derailment,0,ADAMS,WI,40,2,Day,Clear,Yard,Freight Train,6,26894,4088,30982,H307,43.962896,-89.854683,38,43.7,35.8
BNSF,PR0522110,2022-05-24,4:31 AM,Other (describe in narrative),0,GILLETTE,WY,38,1,Dawn,Clear,Main,Light loco(s),10,0,35000,35000,H403,44.285874,-105.297793,47.6,50,54.6
IORY,IOR480620D,2020-07-09,3:15 PM,Derailment,0,PETERSBURG,MI,92,2,Day,Clear,Main,Freight Train,11,82004,36368,118372,E46C,41.844967,-83.757889,79.4,80.9,75
NS,136589,2019-12-20,1:45 AM,Derailment,0,FAIRVIEW,WV,15,4,Dark,Clear,Main,Freight Train,4,3327,16548,19875,M204,39.604118,-80.276427,22.7,30,35
BNSF,NW1220109,2020-12-19,9:21 AM,Derailment,0,SEATTLE,WA,46,2,Day,Cloudy,Yard,Yard/switching,8,32814,9000,41814,S102,47.63541,-122.380745,47.2,47.5,50.9
CRSH,132800,2019-02-07,11:30 AM,Other impacts,0,CAMDEN,NJ,38,2,Day,Clear,Yard,Cut of cars,5,27822,0,27822,M201,39.949626,-75.094573,43.7,43.7,43.8
BNSF,RD0523204,2023-05-24,1:38 AM,Hwy-rail crossing,0,ROGERS,TX,71,4,Dark,Cloudy,Main,Freight Train,39,11639,30000,41639,M302,30.945912,-97.243484,76.1,73.1,74.1
UP,1015NP001,2015-10-01,10:20 PM,Fire/violent rupture,0,BILL,WY,62,4,Dark,Cloudy,Main,Freight Train,30,16835,0,16835,E74L,43.341202,-105.320997,61.8,61.9,55.2
UP,0323GP016,2023-03-13,4:15 PM,Derailment,0,CHEYENNE,WY,46,2,Day,Clear,Yard,Freight Train,5,172277,149146,321423,H601,41.123933,-104.834397,26.4,32.5,44.3
CBRW,21080601,2021-08-06,4:00 PM,Raking collision,0,WARDEN,WA,80,2,Day,Clear,Industry,Yard/switching,4,20000,0,20000,H018,46.95828,-119.062541,79.8,79.6,76.8
UP,0322MA005,2022-03-06,12:51 PM,Derailment,0,PITTSBURG,TX,80,2,Day,Cloudy,Main,Freight Train,42,1191279,985240,2176519,H504,33.039133,-94.972577,68.6,72.2,43.3
UP,0623ES023,2023-06-20,11:20 AM,Obstruction,0,OXFORD,WI,79,2,Day,Clear,Main,Maint./inspect Car,15,11000,0,12678,H401,43.783499,-89.572641,75.3,72.7,75.5
UP,0919RM028,2019-09-08,2:45 PM,Fire/violent rupture,0,KEMMERER,WY,53,2,Day,Cloudy,Main,Freight Train,30,326281,0,326281,E73L,41.822786,-110.900664,58.8,49.5,50.3
UP,0317DV002,2017-03-05,1:00 PM,Derailment,0,WAMSUTTER,WY,40,2,Day,Clear,Main,Freight Train,40,123112,33779,156891,E67C,41.719288,-107.693692,39.4,40.6,21.8
BNSF,CH0219125,2019-02-28,12:49 AM,Derailment,0,ALMA,WI,-8,4,Dark,Clear,Industry,Freight Train,8,75000,0,75000,M101,44.3039,-91.909848,9.6,8.3,15
BNSF,RD1222207,2022-12-16,9:12 AM,Hwy-rail crossing,0,TERLTON,OK,45,2,Day,Clear,Main,Freight Train,42,20000,5000,25000,M302,36.192681,-96.516983,36.4,35.3,33
UP,0317HO050,2017-03-18,10:00 PM,Derailment,0,HOUSTON,TX,72,4,Dark,Clear,Yard,Single Car,0,1256,0,24514,S011,29.79624,-95.295582,70.2,72,72.7
WC,957890,2018-05-04,1:30 AM,Derailment,0,POTTER,WI,50,4,Dark,Rain,Main,Freight Train,30,17252,28811,46063,M103,44.129831,-88.111913,50.3,58.4,60.9
CSX,000184670,2019-08-12,5:08 AM,Side collision,0,CAREY,OH,65,4,Dark,Cloudy,Main,Freight Train,23,3881685,0,4545778,H221,40.987839,-83.394344,72.9,74,74.8
WC,890094,2016-05-31,9:20 PM,Derailment,0,APPLETON,WI,61,4,Dark,Rain,Yard,Yard/switching,6,78651,1712,80363,E08C,44.246604,-88.448042,69.8,64.5,67.5
BNSF,NW1221101,2021-12-04,5:05 AM,Derailment,0,FORT LEWIS,WA,40,1,Dawn,Rain,Yard,Freight Train,10,28061,273264,301325,H525,47.115077,-122.501741,38.8,39.5,38.3
UP,1023TO023,2023-10-24,10:18 AM,Derailment,0,FORT WORTH,TX,74,2,Day,Rain,Yard,Light loco(s),5,250,11424,11674,H307,32.720194,-97.384801,74.6,72.1,72
BNSF,CH0415101,2015-04-05,1:26 AM,Derailment,0,LA CROSSE,WI,39,4,Dark,Rain,Main,Freight Train,3,16164,1500,17664,E20C,43.84688,-91.230158,45.9,47.7,45.6
UP,0118PR008,2018-01-13,4:25 AM,Derailment,0,JANESVILLE,WI,-3,4,Dark,Clear,Yard,Yard/switching,4,23330,37180,60510,E03C,42.64156,-89.00166,15.7,6.2,10.3
WSOR,190224002,2019-02-24,10:20 PM,Derailment,0,HORICON,WI,13,4,Dark,Clear,Yard,Yard/switching,4,1500,24000,25500,M101,43.44956,-88.642882,31.8,25.1,4.7
BNSF,NW0923110,2023-09-15,6:37 PM,Derailment,0,PASCO,WA,78,3,Dusk,Clear,Yard,Yard/switching,7,132546,0,170737,M411,46.272333,-119.102735,66.5,66.8,66.9
CSX,000176098,2018-04-28,3:11 PM,Derailment,0,HINTON,WV,68,2,Day,Clear,Main,Freight Train,36,42101,280033,322134,E54C,37.695043,-80.878692,53.6,54.4,44
CSX,000157734,2016-03-01,8:55 PM,Obstruction,0,MILTON,WV,28,4,Dark,Rain,Main,Freight Train,46,15338,50,15388,M402,38.417124,-82.112114,51,48,31.9
TMBL,09142021A,2021-09-14,1:15 PM,Derailment,0,TACOMA,WA,70,2,Day,Clear,Industry,,0,0,1850,54850,H514,47.261929,-122.396282,58.9,59.2,57.6
NS,151571,2022-11-28,12:57 PM,Derailment,0,BELLEVUE,OH,41,2,Day,Clear,Yard,Freight Train,6,30000,2061,32061,H501,41.273331,-82.834591,45.6,40,46.9
BNSF,TC0517100,2017-05-06,12:41 PM,Derailment,0,ABERDEEN,SD,80,2,Day,Clear,Yard,Freight Train,5,11158,11497,22655,H704,45.463822,-98.508862,63.1,62.5,69.1
CSX,000177912,2018-07-31,8:09 AM,Derailment,0,JACKSONBURG,WV,74,2,Day,Clear,Main,Freight Train,24,105212,4323,109535,E64C,39.541501,-80.668035,69.5,71,71.6
KCS,17102301,2017-10-23,4:37 AM,Derailment,0,SIBLEY,LA,52,4,Dark,Clear,Siding,Freight Train,18,90317,122424,212741,E62C,32.539609,-93.286534,65.4,59.9,59.7
UP,0316PC006,2016-03-23,6:40 PM,Derailment,0,BRIGHAM CITY,UT,48,3,Dusk,Cloudy,Yard,Freight Train,4,31298,170965,202263,E33C,41.520061,-112.029518,41.7,39.7,42.8
CSX,000201441,2021-11-18,5:00 PM,Derailment,0,NASHVILLE,TN,32,4,Dark,Clear,Yard,Yard/switching,7,12994,79750,92744,M405,36.112142,-86.770737,63.4,48,38.3
WSOR,IN18111201,2018-11-12,11:30 AM,Broken train collision,0,RIPON,WI,35,2,Day,Clear,Main,Freight Train,12,21097,4585,25682,E46C,43.848967,-88.830925,30.3,25.9,18.5
UP,0518PR020,2018-05-20,2:08 AM,Derailment,0,MILWAUKEE,WI,48,4,Dark,Rain,Yard,Freight Train,4,673,33730,34403,H511,43.102206,-88.064009,55.3,45.6,48.6
UP,1216TC007,2016-12-11,7:45 PM,Derailment,0,ELK MOUND,WI,18,4,Dark,Snow,Main,Freight Train,8,110064,9370,119434,H702,44.891339,-91.735676,12.1,18,11.2
BVRR,201108002,2020-11-08,1:00 PM,Other (describe in narrative),0,NAMPA,ID,32,2,Day,Rain,Industry,Cut of cars,0,15000,0,15000,M103,43.601057,-116.549289,42.8,33.5,31.8
UP,0416HO015,2016-04-07,1:52 PM,Other (describe in narrative),0,CHANNELVIEW,TX,79,2,Day,Clear,Main,Freight Train,8,27969,1398,29367,E21C,29.803253,-95.086681,68.9,69.8,69.4
BNSF,NW0623107,2023-06-10,4:43 PM,Other impacts,0,KALAMA,WA,70,2,Day,Clear,Industry,Freight Train,4,24000,0,24000,H307,46.032384,-122.858273,56.7,59.1,64.4
BNSF,PR0618108,2018-06-15,7:05 PM,Derailment,0,FRANNIE,WY,55,3,Dusk,Clear,Yard,Freight Train,2,1800,31000,32800,H303,44.969581,-108.623053,69.2,56.2,56.8
NS,137359,2020-03-03,1:00 AM,Derailment,0,CRESSON,PA,21,4,Dark,Clear,Main,Freight Train,6,13500,1996,15496,H506,40.461853,-78.591971,46.6,46.5,41.9
UP,0117TC002,2017-01-07,8:50 PM,Other impacts,0,TOMAH,WI,-10,4,Dark,Clear,Industry,Yard/switching,8,31688,0,48014,H702,44.041992,-90.400435,-5,-1.6,3.7
BNSF,NW0520113,2020-05-24,12:10 AM,Derailment,0,SPOKANE,WA,46,4,Dark,Clear,Yard,Freight Train,4,80407,117567,208907,E51C,47.671671,-117.325818,52.8,58.7,57.7
UP,0915PR021,2015-09-29,5:02 PM,Rear end collision,0,SAINT FRANCIS,WI,68,2,Day,Cloudy,Main,Freight Train,10,15789,3000,26439,H221,42.981054,-87.883742,69.8,58.6,55.6
UP,0323GP017,2023-03-15,9:00 PM,Other impacts,0,NORTH PLATTE,NE,53,4,Dark,Clear,Yard,Yard/switching,6,31054,11250,42404,M411,41.148524,-100.842691,43.4,53.3,34.4
BNSF,NW0518110,2018-05-14,10:30 AM,Rear end collision,0,AUBURN,WA,75,2,Day,Clear,Main,Maint./inspect Car,5,70000,0,70250,H402,47.304791,-122.174046,68.5,71.4,61.1
UP,0819SX022,2019-08-16,8:15 PM,Derailment,0,SAN ANTONIO,TX,96,4,Dark,Clear,Yard,Yard/switching,8,36609,3499,40108,H524,29.436389,-98.466666,87.6,90,89
BNSF,RD0424108,2024-04-08,11:15 PM,Derailment,0,SILSBEE,TX,70,4,Dark,Cloudy,Yard,Yard/switching,7,47037,18653,65690,H019,30.355692,-94.193492,74.6,74.3,74.4
IC,982198,2018-12-20,1:30 AM,Raking collision,0,HARAHAN,LA,53,4,Dark,Fog,Yard,Light loco(s),4,1125,0,26125,H702,29.973079,-90.204015,58.1,54,50.8
ATK,178661,2024-03-02,12:01 AM,Derailment,0,SPOKANE,WA,34,4,Dark,Clear,Yard,Passenger Train - Pulling,9,26786,0,26786,E69C,47.65628,-117.41496,36.9,33.8,33
NS,152838,2023-04-17,8:00 AM,Derailment,0,RADFORD,VA,50,2,Day,Clear,Yard,Light loco(s),0,12843,0,12843,H017,37.135983,-80.540768,59,51.1,56.5
CSX,000171877,2017-09-26,8:25 AM,Derailment,0,NEW MARTINSVILLE,WV,80,2,Day,Clear,Yard,Yard/switching,2,31558,196,31754,E4BC,39.634445,-80.864151,73.7,73.6,73.8
NS,155281,2024-01-09,8:40 AM,Other (describe in narrative),0,CREWE,VA,59,2,Day,Rain,Yard,Yard/switching,4,2363,11636,13999,H702,37.178052,-78.131442,37.1,46.9,44.2
ATK,179143,2024-04-05,1:10 AM,Obstruction,0,LONG ISLAND CITY,NY,40,4,Dark,Clear,Main,Passenger Train - Pulling,30,23542,0,23542,M402,40.745157,-73.939066,42.9,43.9,46.8
UP,0721SX005,2021-07-07,3:00 PM,Derailment,0,SAN ANTONIO,TX,82,2,Day,Clear,Yard,Yard/switching,5,37620,197440,476851,H703,29.434045,-98.468022,78.1,77.4,78.6
CSX,000143277,2015-03-14,9:50 PM,Obstruction,0,WHITE SULPHUR SPRING,WV,37,4,Dark,Clear,Main,Freight Train,5,141775,50,141825,M404,37.788336,-80.291313,43.9,46.7,50.2
WC,1086883,2021-10-29,10:10 PM,Obstruction,0,LOCKPORT,IL,53,4,Dark,Cloudy,Main,,0,0,0,12833,M402,41.5849,-88.06112,50.2,53.5,52.9
BNSF,PR0516108,2016-05-20,7:50 PM,Derailment,0,GILLETTE,WY,67,4,Dark,Cloudy,Industry,Freight Train,5,17767,4500,22267,H303,44.077254,-105.333454,60.8,63,63.5
CSX,000210247,2023-03-08,4:47 AM,Derailment,0,SANDSTONE,WV,27,4,Dark,Clear,Main,Freight Train,47,2003799,212778,2216577,M404,37.763656,-80.894515,46.1,34.1,42.1
UP,0118DV002,2018-01-07,6:03 AM,Derailment,0,GREEN RIVER,WY,25,4,Dark,Clear,Yard,Freight Train,5,61094,12936,74030,H303,41.567621,-109.678755,32.2,30.1,29.3
UP,1117DV003,2017-11-15,5:00 PM,Other impacts,0,CHEYENNE,WY,40,3,Dusk,Cloudy,Yard,Yard/switching,4,45461,6024,113817,E35C,41.126342,-104.823228,45.3,34.3,47.8
WC,1138492,2023-09-01,5:00 PM,Side collision,0,GREEN BAY,WI,70,2,Day,Clear,Yard,Yard/switching,6,93,0,37869,H018,44.526862,-88.017965,59.3,65.4,71
UP,1215WH003,2015-12-13,8:10 PM,Derailment,0,MUSKOGEE,OK,45,4,Dark,Rain,Yard,Yard/switching,2,5971,11080,17301,H020,35.768765,-95.35138,68.1,57.5,47.8
UP,0517NP001,2017-05-01,1:53 PM,Fire/violent rupture,0,MANVILLE,WY,52,2,Day,Clear,Main,Freight Train,0,68822,0,68822,E74L,42.784139,-104.635619,41.1,41.5,44.1
UP,0524RM011,2024-05-10,4:55 PM,Other impacts,0,OGDEN,UT,70,2,Day,Cloudy,Yard,Light loco(s),4,5309,15208,47747,H017,41.213316,-111.983614,52.7,60.2,61.8
UP,1120RM012,2020-11-11,8:45 AM,Derailment,0,LARAMIE,WY,20,2,Day,Cloudy,Main,Freight Train,40,159,23000,23159,E39C,41.312333,-105.596254,22.8,24.4,22.1
BNSF,NW0122121,2022-01-24,12:38 PM,Other impacts,0,VANCOUVER,WA,40,2,Day,Clear,Yard,Freight Train,2,5000,0,21000,H607,45.648419,-122.688132,34.6,34.6,35.3
UP,0317NP020,2017-03-09,3:20 PM,Derailment,0,MANVILLE,WY,42,2,Day,Cloudy,Main,Freight Train,30,54960,229901,284861,E53C,42.777361,-104.682421,42.3,41.2,37.8
NS,115129,2015-04-04,9:47 PM,Other impacts,0,WEST FAIRVIEW,PA,47,4,Dark,Clear,Yard,Light loco(s),26,100000,0,114052,H999,40.279833,-76.922471,59.9,50.1,52.5
UP,0718ST022,2018-07-30,11:50 AM,Derailment,0,EL PASO,TX,92,2,Day,Clear,Main,Freight Train,9,5737,5140,53857,H994,31.764452,-106.482028,88.5,87.3,83
UP,0616TC010,2016-06-26,9:02 AM,Derailment,0,SUPERIOR,WI,75,2,Day,Clear,Yard,,0,0,70563,94663,H525,46.679489,-92.013305,62.2,71.1,62.3
UP,0117ST007,2017-01-14,2:06 PM,Hwy-rail crossing,0,TOYAH,TX,42,2,Day,Cloudy,Main,Freight Train,69,16187,0,16187,M308,31.373859,-103.65232,51.5,40.3,43.7
UP,0819PN020,2019-08-16,9:30 PM,Derailment,0,NAPAVINE,WA,66,4,Dark,Cloudy,Yard,Freight Train,5,159,0,12139,H303,46.573983,-122.911023,66.9,63.5,64.9
UP,0822GC002,2022-08-05,3:47 AM,Other (describe in narrative),0,MARINGOUIN,LA,71,4,Dark,Clear,Yard,Single Car,7,33185,0,33185,M411,30.523299,-91.550463,76.9,78.2,79.7
CSX,000207630,2022-10-04,1:20 PM,Obstruction,0,MEADOW CREEK,WV,59,2,Day,Clear,Main,Maint./inspect Car,0,137,0,12181,H993,37.79227,-80.916671,50.1,47.1,50.8
UP,0117TC002,2017-01-07,8:50 PM,Other impacts,0,TOMAH,WI,-10,4,Dark,Clear,Industry,Cut of cars,0,16326,0,48014,H702,44.041992,-90.400435,-5,-1.6,3.7
BNSF,PR0415115,2015-04-25,1:06 AM,Other (describe in narrative),0,BILL,WY,40,4,Dark,Clear,Main,Freight Train,45,39771,2500,42271,E20C,43.341202,-105.320997,52.5,50.3,43.2
UP,0415FW002,2015-04-04,4:26 PM,Derailment,0,RIESEL,TX,58,2,Day,Cloudy,Main,Freight Train,24,216681,81457,298138,M204,31.497061,-96.939183,70.3,60.2,55.6
CSX,000208819,2022-12-14,9:10 AM,Derailment,0,NEW MARTINSVILLE,WV,53,2,Day,Clear,Yard,Freight Train,2,57174,574,57748,H702,39.634455,-80.864163,36,36.7,45.1
BNSF,NW0624106,2024-06-11,6:20 AM,Derailment,0,SPOKANE,WA,60,1,Dawn,Clear,Yard,Work train,6,604,17665,18269,T212,47.659427,-117.388101,67.4,69.9,61.9
BNSF,NW0923113,2023-09-20,1:26 AM,Derailment,0,TACOMA,WA,48,4,Dark,Cloudy,Yard,Yard/switching,7,726,28500,29226,H307,47.241563,-122.430488,57.8,55.6,55.5
LS,LS1123113,2023-11-14,9:40 PM,Derailment,0,KELSO,WA,38,4,Dark,Rain,Yard,Yard/switching,5,56396,0,64019,H607,46.119079,-122.921642,48.6,43.2,43.2
BNSF,NW0620111,2020-06-20,6:10 AM,Obstruction,0,SUMNER,WA,50,1,Dawn,Cloudy,Main,Freight Train,35,6000,70000,76000,M402,47.247464,-122.228992,67.2,63.6,62.2
BNSF,NE0816201,2016-08-15,10:05 AM,Hwy-rail crossing,0,GRAND ISLAND,NE,85,2,Day,Clear,Main,Freight Train,33,300,18231,18531,M308,40.91404,-98.3017,74.2,74,74.4
BNSF,SF0116117,2016-01-29,10:43 AM,Derailment,0,TULSA,OK,67,2,Day,Clear,Yard,Yard/switching,2,7744,26053,33797,S007,36.116018,-96.012576,47.9,54.9,55.6
BNSF,PR0124109,2024-01-20,8:04 PM,Derailment,0,GREYBULL,WY,30,3,Dusk,Clear,Main,Freight Train,7,10978,2875,13853,H019,44.649113,-108.153473,1.9,17.7,24.1
UP,0915TC001,2015-09-03,10:45 AM,Derailment,0,ALTOONA,WI,72,2,Day,Cloudy,Yard,Yard/switching,5,10086,1137,11223,H312,44.803893,-91.419168,71.3,72.2,75.9
UP,0120RM038,2020-01-02,3:11 PM,Other (describe in narrative),0,GREEN RIVER,WY,25,2,Day,Clear,Yard,Single Car,0,23895,0,23895,M411,41.522415,-109.458545,27.1,22,26.6
UP,0521GL030,2021-05-29,2:30 AM,Derailment,0,ALTOONA,WI,39,4,Dark,Clear,Yard,Yard/switching,2,31064,57400,88464,H318,44.811701,-91.451004,48.3,51.8,51.3
BNSF,PR0218105,2018-02-19,7:00 PM,Other impacts,0,MILLS,WY,-2,3,Dusk,Snow,Industry,Yard/switching,3,22662,2000,24662,H018,42.845699,-106.35284,22.5,-3.1,-3.4
NS,120955,2016-06-21,12:30 AM,Raking collision,0,MANVILLE,NJ,71,4,Dark,Clear,Yard,Freight Train,6,33300,0,33300,E39C,40.547018,-74.578244,76,77.6,72.4
CP,1001558048,2021-09-06,3:23 PM,Hwy-rail crossing,0,CALEDONIA,WI,75,2,Day,Clear,Main,,0,0,0,21443,M308,42.832955,-87.926918,70.6,67.7,71.3
BNSF,PR0524103,2024-05-08,5:14 AM,Derailment,0,FRANNIE,WY,33,1,Dawn,Snow,Yard,Freight Train,8,34354,50266,84620,H607,44.97542,-108.622699,45.3,38.1,47.3
NS,115487,2015-05-01,2:15 PM,Other (describe in narrative),0,RIPPON,WV,65,2,Day,Clear,Main,Light loco(s),56,12500,0,12500,E73L,39.204086,-77.923498,56.8,56.9,61.6
CSX,000219404,2024-07-18,2:25 AM,Derailment,0,GRANT TOWN,WV,68,4,Dark,Clear,Main,Freight Train,9,3837,0,74010,M501,39.554919,-80.175861,75,73,72.1
UP,0217SA020,2017-02-22,10:20 PM,Derailment,0,HEARNE,TX,65,4,Dark,Clear,Yard,Light loco(s),6,17475,5540,23015,E4TL,30.87348,-96.588248,61.2,61.2,68.2
BNSF,RD0622124,2022-06-27,7:35 AM,Derailment,0,TEMPLE,TX,86,1,Dawn,Clear,Yard,Yard/switching,2,83774,217323,301097,H602,31.115833,-97.350146,88.3,85.1,80
NJTR,202003123,2020-03-02,3:45 AM,Derailment,0,MORRISVILLE,PA,40,4,Dark,Clear,Yard,Work train,5,13384,1104,14488,M599,40.195273,-74.791357,33.8,46.9,51.2
BNSF,NW0224120,2024-02-28,2:20 PM,Derailment,0,WENATCHEE,WA,45,2,Day,Clear,Yard,Freight Train,5,1000,44981,45981,M503,47.397722,-120.29506,33.9,41.5,43.4
ATK,169376,2022-01-02,10:36 AM,Rear end collision,0,BOSTON,MA,30,4,Dark,Clear,Yard,Passenger Train - Pulling,0,442,0,29899,H605,42.33303,-71.059984,46.9,43,26.9
TCRY,200731,2020-07-31,4:16 PM,Derailment,0,RICHLAND,WA,109,2,Day,Clear,Main,,0,0,168693,678146,H606,46.244735,-119.251748,90.1,92.1,82.2
CSX,000203121,2022-02-16,8:30 AM,Other impacts,0,NEWPORT NEWS,VA,40,2,Day,Clear,Industry,Cut of cars,2,52418,0,60095,H302,37.017219,-76.448281,30.1,44.1,61.3
CSX,000165402,2016-12-21,12:35 PM,Other impacts,0,PORT HURON,MI,34,2,Day,Cloudy,Yard,Single Car,1,5424,228,85652,H318,42.962954,-82.47134,20.5,26.1,34.1
WC,1052454,2020-10-27,12:25 PM,Hwy-rail crossing,0,BARRON,WI,27,2,Day,Clear,Main,Freight Train,35,25000,10500,35500,M302,45.403236,-91.82725,25,22.7,35
UP,0421RM012,2021-04-12,8:00 PM,Side collision,0,GREEN RIVER,WY,44,4,Dark,Clear,Industry,Light loco(s),4,11688,0,18742,H020,41.681937,-109.753228,40.2,29.5,26.5
CSX,000192533,2020-09-10,6:28 AM,Derailment,0,BUFFALO,NY,66,1,Dawn,Fog,Yard,Yard/switching,10,167717,1000,168717,H306,42.901973,-78.773441,69,66.1,57.9
BNSF,PR0920202,2020-09-10,1:30 PM,Hwy-rail crossing,0,WORLAND,WY,85,2,Day,Clear,Main,Spec. MoW Equip.,15,50000,0,50000,M302,43.993442,-107.978753,42.9,51.9,59.9
UP,0618UT007,2018-06-06,9:15 AM,Hwy-rail crossing,0,LYMAN,WY,60,2,Day,Clear,Main,Freight Train,55,34860,33,234893,M302,41.437267,-110.429066,70.7,66.9,66.5
UP,0117PC003,2017-01-07,5:35 PM,Hwy-rail crossing,0,ONTARIO,OR,7,4,Dark,Snow,Main,Freight Train,34,0,12951,12951,M303,44.021689,-116.962693,-5.1,-4.4,20.3
UP,0617PD022,2017-06-24,10:00 AM,Other impacts,0,SEATTLE,WA,83,2,Day,Clear,Yard,Yard/switching,4,10218,528,11546,H020,47.558702,-122.326463,68.4,74.3,78.6
NS,129443,2018-05-12,2:30 PM,Other impacts,0,HOPEWELL,VA,95,2,Day,Clear,Industry,Freight Train,3,62466,0,62466,H306,37.297159,-77.292712,72.1,78.5,75.3
CSX,000157431,2016-02-24,2:40 AM,Hwy-rail crossing,0,JACKSONBURG,WV,40,4,Dark,Rain,Main,Freight Train,23,17107,126,17233,M303,39.520233,-80.621796,46.9,52.6,34.9
UP,0923SX005,2023-09-09,5:25 PM,Other impacts,0,SAN ANTONIO,TX,100,2,Day,Clear,Yard,Yard/switching,4,32691,0,32691,H309,29.380323,-98.554423,90.8,88.5,86.7
UP,0723RM001,2023-07-01,7:45 PM,Derailment,0,POCATELLO,ID,92,3,Dusk,Clear,Yard,Yard/switching,5,26961,4716,31677,E51C,42.860364,-112.445277,70.2,72.5,71.7
UP,1216DV003,2016-12-11,10:10 AM,Fire/violent rupture,0,SINCLAIR,WY,25,2,Day,Clear,Main,Freight Train,0,36175,0,36175,E72L,41.780437,-106.98759,35.8,26,22.6
CSX,000144316,2015-04-07,9:05 AM,Derailment,0,SELKIRK,NY,40,2,Day,Cloudy,Yard,Cut of cars,17,35871,1587,64903,M407,42.564654,-73.85257,44.2,42.5,36.4
CSX,000190663,2020-06-06,4:33 AM,Side collision,0,NORTH BALTIMORE,OH,66,1,Dawn,Cloudy,Yard,Yard/switching,10,42583,89718,141168,H607,41.182016,-83.684342,77.4,77.8,69.3
BNSF,PR1116117,2016-11-29,5:30 AM,Other (describe in narrative),0,BILL,WY,28,1,Dawn,Cloudy,Main,Freight Train,4,0,30000,30000,H605,42.773506,-105.135849,32.6,27.7,24.9
BNSF,RD1122120,2022-11-17,11:30 AM,Derailment,0,HOUSTON,TX,55,2,Day,Cloudy,Yard,Yard/switching,9,22000,2500,24500,H307,29.629413,-95.306882,45.8,50.7,52.2
CRSH,118303,2015-11-20,1:30 PM,Raking collision,0,MARCUS HOOK,PA,53,2,Day,Clear,Industry,Cut of cars,0,4142,0,11762,H306,39.812433,-75.413624,61.8,51.9,46.3
VREX,120616,2016-12-06,5:48 AM,Obstruction,0,QUANTICO,VA,44,1,Dawn,Clear,Main,Commuter Train - Pushing,27,13707,0,13707,M402,38.438329,-77.338246,43.8,43.6,44.3