reportingrailroadcode,accidentnumber,date,time,accidenttype,hazmatreleasedcars,station,stateabbr,temperature,visibility_code,visibility,weathercondition,tracktype,equipmenttype,trainspeed,equipmentdamagecost,trackdamagecost,totaldamagecost,primaryaccidentcausecode,latitude,longitude,prior_temp,actual_temp,following_temp
BNSF,RD0424110,2024-04-10,1:08 AM,Derailment,0,DAYTON,TX,65,4,Dark,Rain,Siding,Yard/switching,9,21511,0,25775,H607,29.933747,-94.915369,75.2,69,68.8
BNSF,PR0321105,2021-03-14,2:00 PM,Side collision,0,GUERNSEY,WY,32,2,Day,Snow,Yard,Freight Train,10,24168,0,29168,H607,42.276592,-104.749633,34.2,30.9,26.6
FEC,D54122618,2018-12-26,8:42 PM,Obstruction,0,FORT LAUDERDALE,FL,70,4,Dark,Clear,Main,,0,0,123,22455,M402,26.11316,-80.145216,71.2,73.8,76.7
IC,982198,2018-12-20,1:30 AM,Raking collision,0,HARAHAN,LA,53,4,Dark,Fog,Yard,Cut of cars,0,25000,0,26125,H702,29.973079,-90.204015,58.1,54,50.8
UP,0521PR007,2021-05-13,12:02 AM,Derailment,0,NORTHLAKE,IL,44,4,Dark,Clear,Yard,Yard/switching,6,12918,30036,42954,H307,41.909334,-87.915438,51,56.8,60.6
UP,0319GL081,2019-03-25,8:00 PM,Derailment,0,MENOMONEE FALLS,WI,30,4,Dark,Clear,Main,Freight Train,18,288293,186814,475107,E34C,43.130477,-88.167221,39.3,32.7,33
NS,132918,2019-02-20,2:25 PM,Derailment,0,KNOXVILLE,TN,51,2,Day,Rain,Main,Freight Train,21,44837,135887,202072,H701,35.959121,-83.944045,37.2,47.5,50.3
BNSF,PR0315116,2015-03-26,11:00 PM,Derailment,0,ROZET,WY,44,4,Dark,Rain,Yard,Yard/switching,5,17388,0,17388,H607,44.289889,-105.282904,33.4,43.3,52.1
BNSF,NW0823105,2023-08-16,1:00 PM,Derailment,0,MARYSVILLE,WA,92,2,Day,Clear,Yard,Freight Train,2,2290,21145,23435,H306,48.152841,-122.141105,76.5,76,73.3
BNSF,PR1115106,2015-11-21,2:50 AM,Derailment,0,GUERNSEY,WY,21,4,Dark,Cloudy,Yard,Light loco(s),5,42213,0,42213,H303,42.260848,-104.716258,26.3,16.2,30.8
UP,1021SX018,2021-10-16,2:40 AM,Derailment,0,SAN ANTONIO,TX,65,4,Dark,Clear,Industry,Yard/switching,4,66095,2640,68735,H508,29.54441,-98.427483,78.1,66.9,61.7
CP,1001595621,2021-11-10,1:21 PM,Hwy-rail crossing,0,IXONIA,WI,55,2,Day,Cloudy,Main,,0,0,45,21267,M302,43.13642,-88.58265,46.9,42.3,46.4
CSX,000186838,2019-11-30,11:31 AM,Derailment,0,SELKIRK,NY,35,2,Day,Clear,Yard,Yard/switching,5,15208,1000,16208,E46C,42.565903,-73.854184,30.4,25.5,21.6
BNSF,PR0623115,2023-06-23,10:50 PM,Derailment,0,WRIGHT,WY,60,4,Dark,Rain,Main,Freight Train,0,1692317,57000,1749317,M102,43.501567,-105.338322,59,59.1,52.9
UP,0218NP065,2018-02-28,6:47 AM,Fire/violent rupture,0,LEXINGTON,NE,40,1,Dawn,Clear,Main,Freight Train,40,48652,0,48652,E74L,40.766709,-99.699692,36.4,33.4,36.1
UP,0619GL015,2019-06-12,12:40 PM,Hwy-rail crossing,0,SUPERIOR,WI,64,2,Day,Clear,Main,Freight Train,25,56958,0,56958,M303,46.589611,-91.907263,56.6,57.2,57
UP,1018DV004,2018-10-04,7:40 PM,Rear end collision,0,GRANITE CANON,WY,46,3,Dusk,Cloudy,Main,Freight Train,0,668344,0,3833007,E03C,41.099654,-105.132199,59.4,44.4,41.8
WW,WWR212887,2021-02-08,10:13 AM,Derailment,0,MARTINSBURG,WV,0,2,Day,Clear,Siding,Freight Train,6,60000,0,60000,H303,39.416584,-77.99769,31.6,25.3,31.1
ATK,172554,2022-10-30,10:33 PM,Hwy-rail crossing,0,PUYALLUP,WA,55,4,Dark,Rain,Main,Passenger Train - Pulling,74,24402,0,24402,M308,47.195217,-122.309637,48.7,52.5,51.4
NS,138348,2020-06-26,3:40 PM,Side collision,0,ELKHART,IN,72,2,Day,Clear,Yard,Yard/switching,10,7130,0,30975,H706,41.67736,-85.978495,69.5,72.6,75.5
UP,0122SX010,2022-01-14,1:35 AM,Other impacts,0,SAN ANTONIO,TX,42,4,Dark,Clear,Yard,Single Car,0,187,0,34301,H310,29.383976,-98.547255,54.3,57.8,53.7
WC,961512,2018-06-02,3:57 PM,Derailment,0,SUPERIOR,WI,39,2,Day,Rain,Main,Freight Train,28,200,13513,13713,H220,46.65312,-92.016581,44.7,41.7,53.2
BNSF,CH0515114,2015-05-05,3:00 PM,Other (describe in narrative),0,PEPIN,WI,78,2,Day,Clear,Main,Spec. MoW Equip.,3,13558,0,13558,M599,44.442803,-92.165088,60.7,56.7,61.7
NS,130926,2018-09-13,6:20 AM,Derailment,0,CONWAY,PA,67,1,Dawn,Cloudy,Yard,Yard/switching,3,1400,25789,27189,S006,40.672356,-80.251823,66.8,73.2,73.7
NS,137048,2020-02-04,7:15 PM,Derailment,0,MYRTLE,WV,55,3,Dusk,Rain,Main,Freight Train,7,30019,3561,33580,M101,37.75063,-82.220909,58.5,55.8,42.9
BNSF,TC0817103,2017-08-06,5:30 AM,Other impacts,0,SUPERIOR,WI,60,1,Dawn,Clear,Yard,Yard/switching,3,28133,0,28133,H317,46.717926,-92.113357,65.5,62.7,67.8
BNSF,NW1123127,2023-11-28,5:00 AM,Derailment,0,SPOKANE,WA,38,1,Dawn,Clear,Yard,Yard/switching,6,8608,52277,60885,H522,47.668172,-117.344141,30.3,26.6,24.9
UP,0317HO050,2017-03-18,10:00 PM,Derailment,0,HOUSTON,TX,72,4,Dark,Clear,Yard,Freight Train,4,22658,600,24514,S011,29.79624,-95.295582,70.2,72,72.7
KCS,17070401,2017-07-04,3:35 PM,Derailment,0,MARBLE CITY,OK,84,2,Day,Rain,Main,Freight Train,40,1516,80000,81516,E61C,35.536011,-94.841354,77,76,77
BNSF,RD1118110,2018-11-09,1:30 AM,Side collision,0,FORT WORTH,TX,45,4,Dark,Clear,Yard,Yard/switching,0,19000,0,36787,H306,32.833065,-97.339277,55.1,48.4,43.4
BNSF,CH0522115,2022-05-31,7:55 PM,Derailment,0,CHANNAHON,IL,82,3,Dusk,Cloudy,Industry,Yard/switching,4,13140,5986,19126,H312,41.406299,-88.198064,79.4,80.4,71.7
BNSF,NW1022119,2022-10-31,9:10 PM,Derailment,0,KALAMA,WA,56,4,Dark,Clear,Industry,Light loco(s),4,11900,0,11900,H307,46.019422,-122.852739,53.1,53.1,46.6
WC,1009744,2019-08-19,3:30 AM,Derailment,0,GREEN BAY,WI,24,4,Dark,Clear,Yard,Freight Train,6,4200,263068,267268,H503,44.524034,-88.013442,71.3,67.8,69.7
TMBL,04172020A,2020-04-17,5:00 PM,Derailment,0,TACOMA,WA,61,3,Dusk,Cloudy,Yard,,0,0,0,69983,H503,47.257902,-122.389262,54.4,53.5,50.8
BNSF,NW1223204,2023-12-20,8:38 PM,Hwy-rail crossing,0,PUYALLUP,WA,41,4,Dark,Fog,Main,,0,0,0,12158,M402,47.193256,-122.29872,47.7,41.6,42.5
BNSF,RD0620106,2020-06-07,2:30 AM,Derailment,0,OKLAHOMA CITY,OK,78,4,Dark,Clear,Yard,Yard/switching,6,156611,15000,171611,H703,35.382501,-97.483087,83,81.4,81.7
BNSF,RD0617129,2017-06-27,3:48 AM,Derailment,0,SILSBEE,TX,75,4,Dark,Clear,Yard,Yard/switching,4,46891,8500,55391,H318,30.358812,-94.200573,77.4,78.4,78.1
UP,0219GL005,2019-02-04,11:00 PM,Derailment,0,WAUWATOSA,WI,28,4,Dark,Clear,Industry,Freight Train,5,3884,9630,13514,M101,43.070203,-88.050697,41.2,41.2,26.9
BNSF,PR0817104,2017-08-05,7:55 PM,Derailment,0,FRANNIE,WY,76,3,Dusk,Clear,Yard,Freight Train,2,19345,5000,24345,H008,44.972644,-108.622169,69.3,63.5,61.4
BNSF,MT0720203,2020-07-28,11:02 AM,Hwy-rail crossing,0,BROCKTON,MT,83,2,Day,Clear,Main,Freight Train,57,20000,0,20000,M302,48.157736,-104.85382,67.6,71,76.9
CP,1000245632,2015-06-12,9:24 AM,Hwy-rail crossing,0,STURTEVANT,WI,57,2,Day,Rain,Main,,0,0,100,220778,M308,42.669027,-87.905496,59.1,55.6,61.6
BNSF,NW1221116,2021-12-21,8:15 PM,Derailment,0,SPOKANE,WA,25,3,Dusk,Snow,Yard,Freight Train,8,26893,11200,38093,H307,47.667755,-117.344998,25.2,23.3,34.2
KCS,21043001,2021-04-30,12:15 PM,Obstruction,0,MANY,LA,75,2,Day,Rain,Main,Spec. MoW Equip.,4,13200,0,13200,H402,31.563096,-93.482883,68.3,67.9,69.4
UP,0822GC012,2022-08-13,6:30 AM,Derailment,0,FREEPORT,TX,79,1,Dawn,Clear,Industry,Yard/switching,4,31838,99,31937,H307,28.985821,-95.353212,82.2,81.6,82.5
BNSF,PR0624107,2024-06-26,10:50 PM,Derailment,0,GREYBULL,WY,64,4,Dark,Clear,Yard,Yard/switching,4,31531,1500,33031,H318,44.489432,-108.057551,77.9,72.8,74.1
BNSF,NW1019116,2019-10-24,10:30 PM,Derailment,0,TACOMA,WA,53,4,Dark,Clear,Industry,Freight Train,8,113170,0,113170,T212,47.2711,-122.451342,48.3,49,50.2
UP,0920RM003,2020-09-05,9:40 AM,Derailment,0,RAWLINS,WY,55,2,Day,Clear,Yard,Freight Train,9,1251,53606,54857,M204,41.788715,-107.208765,65.7,70,73.8
WC,923419,2017-05-22,11:00 PM,Derailment,0,N FOND DU LAC,WI,55,4,Dark,Clear,Yard,Yard/switching,6,17550,17070,34620,H703,43.811576,-88.475878,54.6,56.8,55.7
UP,0316DV005,2016-03-14,9:41 PM,Head on collision,0,GRANGER,WY,20,4,Dark,Clear,Siding,Freight Train,30,1097100,0,2116526,H405,41.617227,-109.925037,38.5,31.9,24.5
BNSF,NW0921116,2021-09-24,7:37 AM,Derailment,0,SEATTLE,WA,54,1,Dawn,Cloudy,Yard,Commuter Train - Pushing,5,25000,2700,27700,H307,47.582695,-122.331775,61,62,64.4
UP,0320HO026,2020-03-22,4:00 AM,Other impacts,0,HOUSTON,TX,69,1,Dawn,Cloudy,Yard,Single Car,0,113,0,36685,M599,29.770121,-95.2917,58.9,67.8,76
CSX,000163775,2016-10-22,3:30 AM,Derailment,0,GRAFTON,WV,41,4,Dark,Clear,Yard,Freight Train,7,25971,451,26422,T220,39.339994,-80.018119,56.6,45.3,51.6
NS,137171,2020-02-13,5:44 PM,Other (describe in narrative),0,ALTOONA,PA,21,3,Dusk,Clear,Main,Light loco(s),13,16,5217,27160,H504,40.500285,-78.426211,34.1,37.7,21.1
BNSF,NW0115102,2015-01-10,9:50 AM,Rear end collision,0,RICHMOND BEACH,WA,46,2,Day,Cloudy,Main,Freight Train,20,1000,0,36000,H402,47.730866,-122.373347,42.9,44.4,46.5
UP,1123RM008,2023-11-06,2:00 PM,Derailment,0,HELPER,UT,56,2,Day,Clear,Yard,Work train,7,27896,382909,410805,M501,39.68097,-110.853068,47,49,48.6
NS,141649,2021-05-24,8:00 PM,Derailment,0,DANVILLE,KY,72,4,Dark,Clear,Yard,Freight Train,2,27647,26765,54412,H506,37.636483,-84.781071,73.2,73.8,74.7
BNSF,CH0620106,2020-06-30,5:16 PM,Obstruction,0,VIENNA,IL,90,3,Dusk,Clear,Main,Freight Train,34,167171,487514,654685,M404,37.376093,-88.956775,81.1,75.6,73.3
TRRA,21014,2021-02-24,5:52 PM,Derailment,0,VENICE,IL,50,3,Dusk,Clear,Yard,Yard/switching,3,13150,46545,59695,M405,38.676286,-90.162053,51.6,49.9,39.3
UP,0716DV010,2016-07-16,10:15 AM,Derailment,0,CHEYENNE,WY,80,2,Day,Clear,Yard,Light loco(s),8,1000,18827,19827,H702,41.128157,-104.81791,63.1,72,68.3
UP,1018LV015,2018-10-09,11:45 AM,Other impacts,0,BEAUMONT,TX,78,2,Day,Cloudy,Yard,Single Car,0,31185,0,159454,H702,30.07211,-94.157441,81.1,79.8,75.8
CSX,000202021,2021-12-22,8:30 PM,Other impacts,0,SMITHFIELD,WV,25,4,Dark,Clear,Main,Freight Train,20,60874,33,60907,M599,39.524137,-80.629586,31.4,33.3,31.8
BNSF,NW0324113,2024-03-04,11:00 AM,Derailment,0,KELSO,WA,40,2,Day,Cloudy,Yard,,0,0,23000,23000,E67C,46.119079,-122.921642,36.5,37.2,38.2
KCS,17102303,2017-10-23,5:11 PM,Hwy-rail crossing,0,LEESVILLE,LA,78,2,Day,Clear,Main,Freight Train,35,28065,0,28065,M302,31.1644,-93.273087,64.6,61.2,61.5
WC,1097403,2022-03-16,11:00 AM,Fire/violent rupture,0,KNOWLTON,WI,64,2,Day,Clear,Main,Spec. MoW Equip.,1,120000,0,120000,M406,44.711061,-89.698984,34.8,45.7,44.2
CSX,000203821,2022-03-22,11:00 PM,Other (describe in narrative),0,READER,WV,42,4,Dark,Clear,Main,Freight Train,25,14455,64,14519,M501,39.576057,-80.771233,50.6,53.7,60.5
UP,0916DV016,2016-09-30,5:45 AM,Fire/violent rupture,0,CHEYENNE,WY,55,1,Dawn,Cloudy,Main,Freight Train,15,21267,0,21267,E73L,41.126674,-104.821529,60.5,58.4,60.3
ATK,177994,2024-01-13,8:34 AM,Obstruction,0,WINDSOR,WI,20,2,Day,Snow,Main,Passenger Train - Pulling,43,34035,0,34035,M404,42.72151,-87.90607,29.2,18.4,-3.7
ATK,141596,2016-03-17,6:15 AM,Other (describe in narrative),0,BOSTON,MA,0,2,Day,Clear,Main,Passenger Train - Pulling,120,11529,0,11529,E78L,42.288375,-71.119722,43.7,49.8,46.2
BNSF,NW0619103,2019-06-04,8:24 PM,Side collision,0,EVERETT,WA,70,3,Dusk,Clear,Yard,Yard/switching,5,14970,1000,45128,H306,48.001085,-122.185691,56.2,56.1,56.5
CSX,000154158,2015-11-07,12:30 PM,Other impacts,0,RIVERDALE,IL,51,2,Day,Clear,Yard,Single Car,7,876,150,15285,H302,41.643124,-87.615776,50.7,44.1,40.8
NS,140887,2021-03-11,1:30 AM,Other (describe in narrative),0,MASCOT,TN,39,4,Dark,Clear,Yard,Yard/switching,3,1605,17767,19372,H702,36.033044,-83.817204,54,60.2,60.3
UP,0615NP019,2015-06-12,3:30 PM,Other (describe in narrative),0,MANVILLE,WY,50,2,Day,Rain,Main,Freight Train,0,1072997,797074,1870071,M103,42.78121,-104.611835,59.6,64.2,67.4
CSX,000209376,2023-01-19,4:30 PM,Other impacts,0,CINCINNATI,OH,40,3,Dusk,Rain,Yard,Single Car,10,141,0,29141,M105,39.136408,-84.542399,42.7,52.1,36
UP,0416LK001,2016-04-01,11:50 AM,Other (describe in narrative),0,LONGVIEW,TX,75,2,Day,Clear,Yard,Single Car,0,39268,0,39268,E29C,32.493209,-94.735161,73,54.5,52.1
CSX,000178390,2018-08-22,3:30 PM,Obstruction,0,CHARLESTON,WV,78,3,Dusk,Clear,Main,Spec. MoW Equip.,3,0,19122,19122,H993,38.319452,-81.584498,75.4,71.1,65.2
CSX,000187920,2020-01-19,4:24 AM,Other impacts,0,MEADOW CREEK,WV,20,1,Dawn,Cloudy,Main,Cut of cars,0,19483,0,38701,H306,37.802808,-80.921581,36.9,28.4,15.6
BNSF,NW1120104,2020-11-05,10:00 AM,Derailment,0,PASCO,WA,60,2,Day,Clear,Yard,Yard/switching,4,56301,850,57151,M411,46.270854,-119.102637,62.7,60.1,48.2
BNSF,PR1018112,2018-10-19,4:40 PM,Derailment,0,GILLETTE,WY,65,2,Day,Clear,Yard,Freight Train,5,14214,45000,59214,H307,44.295901,-105.514182,50.2,46.7,47.9
CSX,000211661,2023-06-05,10:25 AM,Hwy-rail crossing,0,UNION CITY,GA,68,2,Day,Cloudy,Main,Freight Train,35,3684,11042,14726,M304,33.581632,-84.551033,72.2,71.7,76.9
BNSF,NW1023111,2023-10-16,9:30 PM,Derailment,0,SPOKANE,WA,50,4,Dark,Clear,Yard,Yard/switching,4,4673,10236,14909,H503,47.674215,-117.314995,59.3,56.5,52.9
BNSF,CH1022102,2022-10-06,12:15 AM,Other (describe in narrative),0,GENOA,WI,64,4,Dark,Clear,Main,Freight Train,5,0,50643,50643,H702,43.551107,-91.228921,55.3,56.4,43.9
UP,1219RM024,2019-12-30,9:00 PM,Other (describe in narrative),0,GREEN RIVER,WY,4,4,Dark,Clear,Yard,Single Car,0,15265,0,15265,H312,41.524256,-109.462619,4.6,3.4,7.2
BNSF,CH0420108,2020-04-20,10:40 AM,Obstruction,0,POTOSI,WI,56,2,Day,Clear,Main,Freight Train,46,744992,175000,919992,M404,42.594579,-90.663611,50.1,48,42.8
UP,0720PN012,2020-07-14,1:57 AM,Derailment,0,PORTLAND,OR,66,4,Dark,Clear,Yard,Yard/switching,3,14649,8943,23592,H312,45.545818,-122.686302,66.7,70.3,73.5
BNSF,PR0219104,2019-02-04,3:00 PM,Rear end collision,0,WHEATLAND,WY,27,2,Day,Cloudy,Main,Freight Train,23,997553,210000,1735220,H605,42.347817,-104.899184,40.6,16.7,23.9
UP,0723HO001,2023-07-01,1:55 AM,Other impacts,0,BAYTOWN,TX,83,4,Dark,Clear,Yard,Yard/switching,10,1420,10005,13237,H601,29.79851,-95.017139,87.3,88,85.3
CSX,000170522,2017-07-26,11:20 AM,Derailment,0,NASHVILLE,TN,92,2,Day,Clear,Yard,Yard/switching,2,23853,342,24195,H524,36.123196,-86.749861,83.8,85.1,84.6
TMBL,04222016A,2016-04-22,9:02 AM,Derailment,0,TACOMA,WA,55,2,Day,Cloudy,Yard,Yard/switching,2,56000,500,56500,H504,47.271466,-122.384737,60.1,55.3,53.2
CSX,000177861,2018-07-29,2:40 AM,Derailment,0,HENRICO,VA,70,4,Dark,Clear,Yard,Yard/switching,5,172509,42885,215394,H702,37.599467,-77.487802,78,76.9,73.8
UP,1121GC034,2021-11-30,10:30 PM,Other impacts,0,BEAUMONT,TX,56,4,Dark,Clear,Yard,Light loco(s),0,7295,0,81298,H318,30.07355,-94.144249,54.5,58.4,62.6
UP,0315PC006,2015-03-29,5:26 AM,Derailment,0,COKEVILLE,WY,25,1,Dawn,Clear,Main,Freight Train,13,90525,206174,296699,H525,42.024589,-110.946591,44.7,39.9,43.3
BNSF,NW0721107,2021-07-12,12:15 PM,Derailment,0,PROSSER,WA,100,2,Day,Clear,Yard,Freight Train,8,13171,26359,39530,M404,46.204633,-119.773281,79.6,79.3,81.5
CSX,000195808,2021-02-16,2:30 AM,Obstruction,0,HUNTINGTON,WV,32,4,Dark,Cloudy,Main,Freight Train,30,35688,0,35688,M404,38.396147,-82.527761,27.1,22.6,19.5
UP,0622GL026,2022-06-28,11:55 AM,Derailment,0,ALTOONA,WI,67,2,Day,Cloudy,Yard,Yard/switching,0,23509,528,24037,H018,44.811701,-91.451004,66.4,67.5,70
BNSF,HL0419104,2019-04-07,9:26 PM,Derailment,0,OMAHA,NE,68,4,Dark,Clear,Yard,Freight Train,6,16000,125000,141000,H704,41.226788,-95.917884,64.1,61.9,63.7
NS,138084,2020-05-29,8:31 AM,Derailment,0,FRONT ROYAL,VA,75,2,Day,Clear,Main,Freight Train,32,715574,365893,1081467,E65C,38.915968,-78.112548,74.9,75.1,69.1
BNSF,HL0319114,2019-03-14,7:50 PM,Side collision,0,MEMPHIS,TN,50,3,Dusk,Clear,Yard,Freight Train,0,177253,0,363533,E39C,35.02201,-89.888249,64.7,68.3,50.1
BNSF,PR0821111,2021-08-27,10:21 PM,Derailment,0,ROZET,WY,77,4,Dark,Cloudy,Yard,Freight Train,10,3000,58284,61284,H508,44.278879,-105.204355,69.5,68.3,57
KCS,21081205,2021-08-12,4:10 PM,Other impacts,0,KANSAS CITY,MO,95,2,Day,Rain,Yard,Cut of cars,1,250,0,13500,M105,39.128548,-94.515452,88.4,83.9,75.5
NS,127729,2017-12-11,1:52 PM,Derailment,0,PINEVILLE,WV,40,2,Day,Clear,Main,Freight Train,25,7215,7080,14295,E06C,37.595255,-81.648527,29.6,31.9,32.5
CRSH,141129,2021-04-04,10:30 AM,Derailment,0,PHILADELPHIA,PA,66,2,Day,Clear,Main,Freight Train,3,9599,0,13245,H702,40.009691,-75.204297,41.1,54.6,58.2
ATK,147361,2017-05-05,3:00 AM,Obstruction,0,SENECA,SC,58,4,Dark,Clear,Main,Passenger Train - Pulling,57,65362,0,65362,M404,34.677693,-83.022532,67.2,56.9,56.8
UP,0319PN026,2019-03-29,8:08 PM,Obstruction,0,PORTLAND,OR,59,4,Dark,Cloudy,Main,Freight Train,5,0,48800,48800,M402,45.540154,-122.677962,47.6,52.2,52.9
NS,139995,2020-12-12,6:10 PM,Derailment,0,WEST FAIRVIEW,PA,42,3,Dusk,Clear,Main,Freight Train,6,68914,281,69195,H503,40.279807,-76.922451,40.4,42.9,45.6
UP,0923MA010,2023-09-07,2:40 PM,Other impacts,0,MEMPHIS,TN,83,2,Day,Clear,Yard,Freight Train,3,14023,0,32474,H302,35.063119,-90.049173,78.1,75.4,73.4
MNCW,73705,2020-12-04,11:45 AM,Other impacts,0,CROTON ON HUDSON,NY,45,2,Day,Cloudy,Yard,EMU,0,24969,0,49938,H399,41.195398,-73.885922,39.4,45.2,40.5
BNSF,RD0518105,2018-05-05,2:05 AM,Side collision,0,TULSA,OK,60,4,Dark,Clear,Yard,Yard/switching,7,550,0,15148,H607,36.131531,-96.010115,66.5,68.8,74.4
IC,991030,2019-03-13,6:40 PM,Other impacts,0,MEMPHIS,TN,73,3,Dusk,Cloudy,Yard,Yard/switching,4,45000,1500,46500,H702,35.083161,-89.988861,55.4,64.7,68.3
BNSF,TC1218205,2018-12-28,5:55 PM,Hwy-rail crossing,0,ANOKA,MN,9,3,Dusk,Cloudy,Main,,0,0,8614,18614,M302,45.186969,-93.345449,34.7,19.9,10.9
WE,CA22002,2022-06-27,3:00 PM,RR grade crossing,0,CARROLLTON,OH,80,2,Day,Clear,Main,Freight Train,10,169531,16139,185670,M304,40.618188,-81.090544,76.8,70.7,66.5
CSX,000208972,2022-12-26,3:40 AM,Derailment,0,GALLATIN,TN,12,4,Dark,Cloudy,Main,Freight Train,25,93047,10738,103785,M404,36.475575,-86.467637,18.5,26.5,33.2
CSX,000149531,2015-07-22,6:27 AM,Hwy-rail crossing,0,EAST RIDGE,TN,78,1,Dawn,Clear,Main,Freight Train,33,1318,18100,19418,M399,35.002781,-85.181763,82.7,77.8,77.9
NS,121275,2016-07-15,9:15 AM,Derailment,0,CONWAY,PA,85,2,Day,Clear,Yard,Light loco(s),4,11675,8495,20170,H306,40.672356,-80.251823,76.8,75.9,73.5
CSX,000154107,2015-11-09,6:19 AM,Hwy-rail crossing,0,CASSATT,SC,48,1,Dawn,Rain,Main,,0,0,0,34615,M302,34.370967,-80.427058,53.8,51.3,57.7
NS,127115,2017-10-21,10:08 PM,Derailment,0,KNOXVILLE,TN,57,4,Dark,Clear,Main,Freight Train,28,657860,378106,1035966,H519,36.011152,-83.962674,57.4,59.2,62.3
UP,0516WH009,2016-05-24,10:05 AM,Obstruction,0,MULDROW,OK,68,2,Day,Cloudy,Main,Maint./inspect Car,15,45250,0,45250,H995,35.417728,-94.668762,68.8,75,75.3
UP,0316HO010,2016-03-08,9:00 PM,Hwy-rail crossing,0,DAYTON,TX,60,4,Dark,Rain,Main,Freight Train,28,271,18920,19191,M308,30.040348,-94.897718,67.5,70.6,67.8
CSX,000181853,2019-03-16,3:48 AM,Derailment,0,NASHVILLE,TN,34,4,Dark,Clear,Yard,Freight Train,4,87934,19000,106934,E31C,36.112142,-86.770737,50,43.9,46.8
MCRL,MC220112B,2022-01-12,12:15 PM,Derailment,0,ROCHESTER,MA,13,2,Day,Cloudy,Yard,Yard/switching,4,55463,0,55463,M501,41.79868,-70.784375,14.1,27.4,33.6
NS,139730,2020-11-13,10:35 AM,Hwy-rail crossing,0,CLINTON,TN,72,2,Day,Clear,Main,Freight Train,19,1016,20000,21016,M303,36.099897,-84.141818,59.4,53.5,50.9
CSX,000195035,2021-01-17,4:19 AM,Other impacts,0,FLORENCE,SC,28,1,Dawn,Clear,Yard,Cut of cars,5,73643,0,81971,H601,34.197231,-79.763242,42,39.2,43.7
NS,134437,2019-06-21,2:51 PM,Hwy-rail crossing,0,HUMMELSTOWN,PA,75,2,Day,Clear,Main,Freight Train,45,169,11077,11246,M302,40.267322,-76.724764,75.8,72.8,70.8
CSX,000194687,2020-12-27,8:21 PM,Derailment,0,NORTH CHARLESTON,SC,41,4,Dark,Clear,Yard,Freight Train,8,9450,2449,11899,H505,32.889354,-79.980004,33.3,40.6,49.1
BNSF,TX1115104,2015-11-14,7:20 AM,Derailment,0,SAGINAW,TX,55,1,Dawn,Clear,Industry,Yard/switching,4,13599,2500,16099,H307,32.873027,-97.36562,55.6,56.6,57.7
BNSF,TC0915202,2015-09-30,9:50 AM,Hwy-rail crossing,0,ELK POINT,SD,70,2,Day,Clear,Main,,0,0,0,59000,M302,42.649463,-96.625499,61.6,56.6,54.8
UP,0816SA006,2016-08-03,5:00 AM,Derailment,0,EAGLE PASS,TX,85,4,Dark,Clear,Yard,Freight Train,6,5342,121488,126830,T212,28.697257,-100.501567,89.2,89.4,90.1
SCRF,SCR752721,2021-03-22,11:22 AM,Hwy-rail crossing,0,DARLINGTON,SC,65,2,Day,Clear,Industry,Freight Train,10,152500,15000,167500,M308,34.268979,-79.817116,54.2,58.9,59.1
NS,114129,2015-02-02,1:44 AM,Derailment,0,WEST FAIRVIEW,PA,30,4,Dark,Sleet,Yard,Freight Train,3,4800,0,82713,H306,40.279833,-76.922471,27,29.9,20.1
UP,1120HL015,2020-11-26,10:38 PM,Hwy-rail crossing,0,KANSAS CITY,MO,43,4,Dark,Clear,Main,Freight Train,36,500,18197,18697,M303,38.94025,-94.567563,43.7,42.9,41.8
SEPA,SEPA012024,2024-01-20,12:42 AM,Head on collision,0,FEASTERVILLE,PA,20,4,Dark,Snow,Main,EMU,68,75000,20291,95291,M402,40.143709,-74.973411,28.4,21.7,25.9
ATK,170671,2022-05-21,5:45 AM,Obstruction,0,ULMER,SC,77,4,Dark,Rain,Main,Passenger Train - Pulling,68,11588,0,11588,M404,33.072762,-81.213829,82.8,77.5,75.3
UP,0723GP031,2023-07-22,3:23 AM,Derailment,0,NORTH PLATTE,NE,66,4,Dark,Clear,Yard,Yard/switching,4,30537,10522,41059,H607,41.147697,-100.834695,69.7,73.1,76.1
UP,0618PD019,2018-06-16,12:49 PM,Derailment,0,PORTLAND,OR,75,2,Day,Clear,Yard,,0,0,28735,38635,H702,45.552226,-122.69463,62,64.3,68.3
BNSF,CH1018113,2018-10-19,4:00 PM,Obstruction,0,CARROLLTON,MO,67,2,Day,Clear,Main,Spec. MoW Equip.,1,30000,0,60000,H997,39.351888,-93.490654,49.9,54.7,51.9
UP,0320PN017,2020-03-22,5:49 PM,Other impacts,0,HERMISTON,OR,64,2,Day,Clear,Yard,Single Car,1,100,0,37823,H305,45.795518,-119.257261,48.7,48.3,49.9
UP,0216ST007,2016-02-15,5:31 PM,Side collision,0,EL PASO,TX,75,3,Dusk,Clear,Yard,Yard/switching,4,18592,99,67493,H306,31.747857,-106.381681,59.1,59,57.2
DGNO,DGN370017R,2017-07-18,11:50 PM,Derailment,0,IRVING,TX,83,4,Dark,Clear,Main,Freight Train,1,10000,0,33457,M405,32.816883,-96.945886,86.7,87.9,89.1