reportingrailroadcode,accidentnumber,date,time,accidenttype,hazmatreleasedcars,station,stateabbr,temperature,visibility_code,visibility,weathercondition,tracktype,equipmenttype,trainspeed,equipmentdamagecost,trackdamagecost,totaldamagecost,primaryaccidentcausecode,latitude,longitude,prior_temp,actual_temp,following_temp
UP,0817HO029,2017-08-17,3:38 AM,Other impacts,0,HOUSTON,TX,85,4,Dark,Cloudy,Yard,Single Car,0,67827,66,68980,S007,29.795491,-95.295205,87.5,88.5,87.7
NS,151852,2022-12-27,3:15 AM,Side collision,0,COLUMBIA,SC,51,4,Dark,Clear,Yard,Freight Train,6,14230,0,14230,H302,33.985296,-81.039107,28.5,35.3,38.4
NS,152053,2023-01-18,3:45 AM,Derailment,0,HAZELTON,PA,41,4,Dark,Cloudy,Yard,,0,0,27769,37415,T221,40.931212,-76.002743,39.5,35.9,36.9
UP,0616SA006,2016-06-05,10:00 PM,Other (describe in narrative),0,SAN ANTONIO,TX,75,4,Dark,Clear,Yard,Yard/switching,7,0,14196,14196,H706,29.359279,-98.571291,75.3,77.6,77.7
CRSH,117833,2015-10-18,12:00 AM,Raking collision,0,PHILADELPHIA,PA,36,4,Dark,Clear,Yard,Freight Train,4,30702,0,125377,H306,39.902887,-75.139811,50,44.2,43.7
UP,1217HO009,2017-12-11,3:10 AM,Derailment,0,HOUSTON,TX,46,4,Dark,Clear,Yard,Yard/switching,0,13586,0,25145,S007,29.795599,-95.29525,53.1,59.1,56.2
NS,152661,2023-03-25,6:30 AM,Derailment,0,CONWAY,PA,40,1,Dawn,Rain,Yard,Light loco(s),1,80703,450,81153,H017,40.672362,-80.251826,41.5,52.1,46.8
CSX,000214560,2023-11-19,12:20 PM,Other impacts,0,CHATTANOOGA,TN,70,2,Day,Clear,Yard,Cut of cars,4,15433,0,25886,H318,35.012657,-85.371486,60.9,54.9,57.7
NS,132820,2019-02-12,3:20 PM,Other (describe in narrative),0,WEST FAIRVIEW,PA,30,2,Day,Sleet,Yard,Yard/switching,4,2256,16182,18438,H702,40.279807,-76.922451,30.9,31.9,35.1
MRL,2016118,2016-09-20,2:30 PM,Other impacts,0,BOZEMAN,MT,65,2,Day,Cloudy,Yard,Yard/switching,10,16700,0,16700,H318,45.687852,-111.02535,60,57.1,49.2
UP,0517HO033,2017-05-18,9:42 PM,Derailment,0,BLOOMINGTON,TX,80,4,Dark,Clear,Main,Freight Train,5,54629,109740,164369,S011,28.647002,-96.892393,77.5,81.1,81.3
BNSF,RD0722116,2022-07-19,12:24 PM,Derailment,0,TULSA,OK,110,2,Day,Clear,Yard,Freight Train,10,20000,40000,60000,E03C,36.133364,-96.00922,89.2,88.3,92.7
URR,21112,2021-09-21,10:15 AM,Derailment,0,CLAIRTON,PA,74,2,Day,Cloudy,Yard,Yard/switching,5,64370,50000,114370,E65C,40.296917,-79.868699,71,70.7,70.8
UP,0517FW020,2017-05-17,4:44 PM,Other impacts,0,ARLINGTON,TX,90,2,Day,Clear,Yard,Yard/switching,4,6544,5773,29560,H307,32.742571,-97.06596,76.6,78.2,82.4
ATK,169218,2021-12-06,8:59 AM,Obstruction,0,PHILADELPHIA,PA,54,2,Day,Clear,Main,Passenger Train - Pulling,109,32062,0,32062,M404,40.023845,-75.038212,43.6,54.4,38.7
NS,153185,2023-05-26,1:00 PM,Other (describe in narrative),0,SAVANNAH,GA,65,2,Day,Cloudy,Yard,Single Car,0,51493,1524,53017,H995,32.080316,-81.115315,70.3,66.5,57.2
UP,0918LV016,2018-09-23,6:20 PM,Derailment,0,ALEXANDRIA,LA,90,3,Dusk,Clear,Yard,Yard/switching,10,30069,1576,31645,E67C,31.262416,-92.437923,77.4,78.2,79.1
ESPN,ESPN1801,2018-03-02,12:42 PM,Derailment,0,OXFORD,PA,30,2,Day,Snow,Main,Freight Train,9,80000,50000,130000,M105,39.798267,-75.940986,48,37.3,38.7
NS,120241,2016-04-23,6:30 AM,Other impacts,0,WEST FAIRVIEW,PA,60,1,Dawn,Cloudy,Yard,Light loco(s),2,34863,100,34963,H702,40.279807,-76.922451,66,61.1,55.8
ATK,136922,2015-04-02,6:31 PM,Other (describe in narrative),0,PHILADELPHIA,PA,61,2,Day,Clear,Main,Passenger Train - Pulling,35,15611,60,15671,E78L,40.00464,-75.089536,44.2,51.8,60.9
CSX,000181608,2019-02-27,5:29 PM,Derailment,0,CLARKS HILL,SC,61,3,Dusk,Clear,Main,Freight Train,9,21480,525,22005,E22C,33.663258,-82.168189,56.8,61.4,60.3
URR,21117,2021-11-18,5:29 PM,Derailment,0,WEST MIFFLIN,PA,44,4,Dark,Cloudy,Industry,Yard/switching,7,11629,6500,18129,H503,40.337724,-79.899524,54.8,49.5,33.7
UP,0217FW047,2017-02-16,2:35 PM,Other impacts,0,FORT WORTH,TX,68,2,Day,Clear,Yard,Single Car,10,9301,0,41001,M407,32.728093,-97.366263,48.7,52.7,59.5
BNSF,HL0523104,2023-05-14,1:00 AM,Other (describe in narrative),0,MEMPHIS,TN,67,4,Dark,Clear,Yard,Yard/switching,3,1700,0,13391,H310,35.022738,-89.888248,75.7,78.9,81
CSX,000169340,2016-11-10,12:29 PM,Fire/violent rupture,0,VARNVILLE,SC,67,2,Day,Clear,Industry,Freight Train,40,100000,0,100000,M599,32.830847,-81.052335,57.4,53,53.9
NS,131680,2018-11-14,8:00 AM,Derailment,0,ALTOONA,PA,28,2,Day,Clear,Main,Freight Train,20,10098,9241,19339,E67C,40.542028,-78.375784,35.4,29.9,27.8
IC,944557,2017-12-16,3:15 AM,Derailment,0,MEMPHIS,TN,25,4,Dark,Clear,Yard,Yard/switching,13,35000,4475,39475,H503,35.072169,-90.070574,36.1,42.7,45.1
BNSF,PR1117110,2017-11-25,3:52 AM,Derailment,0,MCCOOK,NE,36,4,Dark,Cloudy,Yard,Freight Train,4,500,14600,15100,H307,40.197385,-100.630759,53.2,44.6,48.2
BNSF,TC0620107,2020-06-30,10:37 AM,Rear end collision,0,HAWLEY,MN,80,2,Day,Clear,Main,Spec. MoW Equip.,0,450000,0,680000,H402,46.90297,-96.216583,75.6,79.3,76.2
BNSF,TX0516103,2016-05-14,3:00 AM,Derailment,0,FORT WORTH,TX,72,4,Dark,Cloudy,Yard,Yard/switching,6,40133,289215,329348,H607,32.819819,-97.327087,74.3,69.4,66.6
IC,1108639,2022-07-17,8:40 AM,Side collision,0,MEMPHIS,TN,80,2,Day,Clear,Yard,Yard/switching,2,21000,0,21000,H318,35.068608,-90.089178,87.4,88.2,81
CSX,000141548,2015-02-14,8:15 PM,Hwy-rail crossing,0,HOMESTEAD,PA,0,4,Dark,Snow,Main,Freight Train,36,6192,6788,12980,M306,40.409602,-79.910241,10.8,17.8,0.3
CSX,000140155,2015-01-16,2:43 AM,Other impacts,0,NASHVILLE,TN,30,4,Dark,Clear,Yard,Cut of cars,0,0,0,15100,M407,36.169386,-86.785302,32.6,37,43.6
NS,115966,2015-06-05,1:00 PM,Other impacts,0,MARCUS HOOK,PA,73,2,Day,Clear,Yard,Freight Train,2,29100,100,29200,H312,39.827822,-75.405682,61.8,63.5,71.4
NS,122815,2016-11-18,9:09 PM,Other (describe in narrative),0,EHRENFELD,PA,45,4,Dark,Clear,Yard,Light loco(s),0,70000,0,70000,E74L,40.369466,-78.780891,45.4,56.5,45.1
NS,117126,2015-08-25,11:40 PM,Other impacts,0,WEST FAIRVIEW,PA,72,4,Dark,Clear,Yard,Yard/switching,1,32073,0,32073,E08C,40.279833,-76.922471,73.9,72.8,68.8
MNA,MNA705315D,2015-03-06,9:58 AM,Derailment,0,BRANSON,MO,45,2,Day,Clear,Main,Freight Train,10,15000,4737,19737,M204,36.640717,-93.214188,24.4,34.6,49.1
ATK,172257,2022-07-05,4:30 PM,Other (describe in narrative),0,VILLANOVA,PA,85,2,Day,Clear,Main,,0,0,7682,23119,M599,40.038773,-75.342488,73.6,75.3,79.8
NS,122997,2016-12-04,3:02 PM,Derailment,0,PEAK,SC,51,2,Day,Rain,Main,Freight Train,33,415134,291920,707054,H704,34.25095,-81.323189,46.4,45.4,50
IC,1091513,2022-01-01,6:01 PM,Derailment,0,MEMPHIS,TN,58,4,Dark,Rain,Yard,Yard/switching,0,163512,9641,182153,H316,35.066959,-90.097157,65.8,64.8,34.5
UP,0816HO038,2016-08-14,5:45 PM,Other (describe in narrative),0,HOUSTON,TX,90,2,Day,Clear,Main,,0,0,3664,26764,E79L,29.737146,-95.313252,84.1,79,79.1
SEPA,HAZ3840,2018-02-02,10:15 PM,Other impacts,0,PHILADELPHIA,PA,21,4,Dark,Clear,Yard,EMU,2,0,35075,35075,H307,40.019936,-75.163121,38.9,29.4,24.6
UP,1017FW014,2017-10-14,12:35 PM,Derailment,0,BIG SPRING,TX,75,2,Day,Clear,Main,Yard/switching,7,51932,1297,53229,H508,32.250225,-101.52719,74.8,76.9,59.1
CSX,000161793,2016-08-02,7:21 PM,Derailment,0,WYOMING,MI,83,2,Day,Clear,Yard,Yard/switching,4,12414,3975,16389,H702,42.952673,-85.684184,72.3,74,77.3
CSX,000159599,2016-05-08,2:30 AM,Derailment,0,CINCINNATI,OH,56,4,Dark,Cloudy,Yard,Cut of cars,4,18820,500,19320,M411,39.104289,-84.538797,61.8,53,56.9
NS,132549,2019-01-19,11:00 AM,Derailment,0,SPARTANBURG,SC,42,2,Day,Cloudy,Industry,Freight Train,4,14642,0,14642,H018,34.951694,-81.944103,44.5,45.8,40.6
ATK,173434,2023-01-16,9:39 AM,Derailment,0,NEW YORK,NY,41,2,Day,Clear,Yard,Yard/switching,7,10763,4182,14945,H607,40.450002,-73.550081,34.6,36.9,41.9
ATK,139007,2015-08-15,11:47 AM,Other (describe in narrative),0,BRISTOL,PA,90,2,Day,Clear,Main,Passenger Train - Pulling,70,20000,1800,21800,E75L,40.100709,-74.863479,73.9,78.5,80.4
NS,155541,2024-01-24,1:20 PM,Other impacts,0,ALLENTOWN,PA,37,2,Day,Cloudy,Yard,Single Car,4,25000,0,25700,H312,40.601252,-75.441088,34.7,36.9,44.3
BNSF,TC1015100,2015-10-01,12:50 PM,Derailment,0,JEFFERSON,SD,60,2,Day,Clear,Main,,0,0,45021,53759,E53C,42.603058,-96.560942,56.7,55,52.3
NS,125510,2017-06-20,2:00 PM,Derailment,0,FOUNTAIN HILL,PA,80,2,Day,Clear,Yard,Yard/switching,4,26894,1873,28767,H306,40.61193,-75.426706,78,74.8,71.5
ATK,140625,2016-01-01,1:38 PM,Other (describe in narrative),0,CORNWELLS HEIGHTS,PA,40,2,Day,Cloudy,Main,Passenger Train - Pulling,0,10000,1000,11000,E78L,40.093377,-74.907995,47.5,39,35.8
NERR,NERR2205,2022-03-21,12:40 PM,Derailment,0,MOUNT JULIET,TN,70,2,Day,Clear,Main,Freight Train,0,75000,0,75000,M201,36.20168,-86.56612,50.7,57.3,66.6
KCS,19121503,2019-12-15,9:21 PM,Derailment,0,GRANDVIEW,MO,26,4,Dark,Snow,Yard,Freight Train,6,17666,94,17760,H703,38.863446,-94.55831,30.3,24.4,23.1
NERR,11102017,2017-11-10,3:25 PM,Hwy-rail crossing,0,LEBANON,TN,70,2,Day,Clear,Main,,0,0,0,12500,M302,36.21895,-86.32003,49.8,42.6,44.9
ATK,146911,2017-03-16,10:17 AM,Other (describe in narrative),0,NEWARK,NJ,30,2,Day,Cloudy,Main,,0,0,0,12980,H599,40.711868,-74.189464,23.8,31.7,36.6
NS,136048,2019-11-02,1:00 AM,Other impacts,0,CONWAY,PA,30,4,Dark,Clear,Yard,Cut of cars,4,5000,2074,17374,H309,40.666555,-80.249177,36.1,37.1,39.8
RLGX,RLGX372016,2016-03-07,5:25 PM,Derailment,0,LA PORTE,TX,64,3,Dusk,Cloudy,Yard,Yard/switching,3,21541,0,21541,H306,29.642967,-95.038083,64.1,68.3,70.7
UP,1123PN002,2023-11-07,12:45 AM,Derailment,0,PORTLAND,OR,51,4,Dark,Rain,Yard,Freight Train,7,2838,10942,13780,H607,45.482695,-122.64162,54.6,52.9,46.9
CSX,000153698,2015-10-28,9:31 AM,Other impacts,0,PHILADELPHIA,PA,65,2,Day,Rain,Yard,Freight Train,0,10474,0,11317,H018,39.898268,-75.17376,51,63,66.1
NS,152403,2023-02-23,5:00 PM,Other (describe in narrative),0,BELLEVUE,OH,63,3,Dusk,Clear,Yard,Light loco(s),4,4000,16720,20720,H702,41.273331,-82.834591,34.3,43.7,30
BNSF,HL0722102,2022-07-03,1:00 AM,Derailment,0,MEMPHIS,TN,82,4,Dark,Clear,Yard,Yard/switching,3,27556,85000,112556,H503,35.023487,-89.889351,84.1,82.3,86.3
UP,0219GP009,2019-02-07,1:10 PM,Derailment,0,MARYSVILLE,KS,14,2,Day,Cloudy,Main,Freight Train,5,37624,66,37690,E21C,39.886788,-96.694753,17.5,11.2,12.1
CSX,000176207,2018-05-04,12:50 AM,Other impacts,0,MCKEESPORT,PA,66,4,Dark,Cloudy,Yard,Single Car,4,21844,96,31140,H318,40.352517,-79.860431,74.4,68.9,60.3
UP,0217PD065,2017-02-24,10:30 AM,Other (describe in narrative),0,PORTLAND,OR,55,2,Day,Cloudy,Yard,Yard/switching,4,126375,0,126375,M201,45.535915,-122.58737,37.7,37.4,39.2
SNJX,03042018,2018-03-04,12:12 AM,Fire/violent rupture,0,BORDENTOWN,NJ,38,4,Dark,Clear,Main,DMU,20,75000,0,75000,M406,40.148032,-74.716181,39.4,39.2,36.3
CSX,000164420,2016-11-17,1:05 AM,Derailment,0,NASHVILLE,TN,48,4,Dark,Clear,Yard,Yard/switching,6,24508,12200,36708,E4BC,36.112142,-86.770737,55.8,61.6,65.4
CSX,000187302,2019-12-22,7:14 PM,Other impacts,0,NASHVILLE,TN,44,3,Dusk,Rain,Yard,Yard/switching,6,26833,0,27153,H999,36.112142,-86.770737,44.7,46.7,55.2
NS,134540,2019-06-30,3:24 AM,Other impacts,0,KNOXVILLE,TN,69,4,Dark,Clear,Main,Freight Train,2,15000,0,15000,H302,35.960245,-83.940703,77.5,80.8,80.5
NS,130952,2018-09-14,9:32 AM,Derailment,0,KING OF PRUSSIA,PA,70,2,Day,Cloudy,Yard,Yard/switching,6,1333,15934,17267,H704,40.108798,-75.412198,71.7,68.8,68.6
NS,138650,2020-07-26,7:50 PM,Raking collision,0,CONWAY,PA,80,3,Dusk,Clear,Yard,Yard/switching,1,795,0,62272,H306,40.672356,-80.251823,76,77.5,78.6
CSX,000196440,2021-03-17,4:30 AM,Fire/violent rupture,0,ROCKY MOUNT,NC,35,4,Dark,Clear,Yard,Cut of cars,0,31535,0,31535,M406,35.918853,-77.804447,41.3,47.7,61.6
BNSF,GC0316116,2016-03-29,1:40 PM,Derailment,0,TENAHA,TX,75,2,Day,Cloudy,Main,Freight Train,6,8000,8000,16000,E31C,31.947505,-94.254357,57.8,62.1,71.7
NS,128010,2018-01-05,9:15 AM,Derailment,0,BELLEVUE,OH,-3,2,Day,Clear,Yard,Yard/switching,10,20628,0,20628,H306,41.296571,-82.766995,10.9,3,3.3
CSX,000189471,2020-03-09,7:46 PM,Other impacts,0,NASHVILLE,TN,65,3,Dusk,Clear,Yard,Yard/switching,6,52230,0,52230,M507,36.112142,-86.770737,51.3,58.7,59.9
NS,157750,2024-08-16,3:10 PM,Other impacts,0,CHATTANOOGA,TN,82,2,Day,Clear,Yard,Yard/switching,3,275,0,24967,M408,35.07225,-85.255535,81.4,82,77.6
UP,0823RM010,2023-08-08,6:59 PM,Other impacts,0,POCATELLO,ID,76,3,Dusk,Clear,Yard,Cut of cars,5,11860,0,19992,H021,42.857142,-112.441363,65.3,63.2,66.3
IC,894442,2016-07-12,8:20 AM,Hwy-rail crossing,0,NEW AUGUSTA,MS,73,2,Day,Clear,Main,Freight Train,50,27000,25,27025,M302,31.202185,-89.018936,79,78.6,80.4
UP,1221GC029,2021-12-31,11:50 PM,Derailment,0,DONALDSONVILLE,LA,75,4,Dark,Clear,Industry,Freight Train,5,16682,2028,18710,H303,30.08018,-90.962897,76.4,77.6,78.8
NS,127406,2017-11-14,2:05 AM,Derailment,0,HARRISBURG,PA,34,4,Dark,Cloudy,Yard,Yard/switching,8,53000,0,55353,H704,40.258557,-76.872595,40.7,44.2,41.7
SEPA,SEPA072622,2022-07-26,6:35 AM,Other (describe in narrative),0,PHILADELPHIA,PA,85,2,Day,Clear,Yard,EMU,0,100000,0,100000,E78L,39.981805,-75.236574,85.4,78.2,80.7
CSX,000203485,2022-03-07,8:05 AM,Other impacts,0,FLORENCE,SC,65,2,Day,Clear,Yard,Cut of cars,2,6468,0,36468,M599,34.19827,-79.762485,70.3,73,66.2
TNTX,20161024TN,2016-10-24,6:00 PM,Derailment,0,TYNER,TN,80,3,Dusk,Cloudy,Yard,Yard/switching,3,40000,1000,57000,H704,35.072931,-85.14975,56.2,63,64
NS,117172,2015-08-30,8:15 AM,Derailment,0,CHATTANOOGA,TN,66,2,Day,Cloudy,Yard,Light loco(s),3,25086,1159,26245,H303,35.10095,-85.233074,76.5,74.3,75.8
NJTR,201909530,2019-09-24,10:45 PM,Other impacts,0,MORRISVILLE,PA,65,4,Dark,Clear,Yard,EMU,10,60000,0,84865,H020,40.194351,-74.792629,77.5,70.4,66.2
UP,1215SA003,2015-12-02,9:00 AM,Obstruction,0,NEW BRAUNFELS,TX,65,2,Day,Cloudy,Main,Freight Train,15,294,0,20330,H404,29.702771,-98.129185,52.4,54.1,49.4
CSX,000171075,2017-08-18,7:00 AM,Hwy-rail crossing,0,PATRICK,SC,80,1,Dawn,Clear,Main,,0,0,51454,85115,M302,34.575125,-80.045795,81.9,84.6,83.6
CSX,000179785,2018-11-10,11:15 PM,Derailment,0,BRUCETON,TN,30,4,Dark,Clear,Yard,Freight Train,7,183605,9072,192677,H702,36.039782,-88.252181,40.9,31.5,37.7
SLWC,170306003,2017-03-06,3:25 PM,Derailment,0,TUTTLE,OK,78,2,Day,Clear,Main,Freight Train,13,55000,72012,127012,T221,34.985509,-98.079712,55.2,67.6,51.2
NS,151317,2022-10-30,1:45 AM,Other impacts,0,ALLENTOWN,PA,55,4,Dark,Clear,Yard,Single Car,0,19000,0,40842,H312,40.611935,-75.426704,43.7,44.9,51.5
NS,141196,2021-04-09,9:15 PM,Derailment,0,KNOXVILLE,TN,67,4,Dark,Cloudy,Main,Freight Train,7,50490,100551,151041,H518,36.021905,-83.852586,64.3,67.2,64.1
SLWC,190128001,2019-01-28,10:45 PM,Derailment,0,OKLAHOMA CITY,OK,22,4,Dark,Clear,Siding,Freight Train,8,11500,100,11600,H503,35.4719,-97.4431,44.1,40.9,31.1
UP,0317FW033,2017-03-20,1:15 PM,Hwy-rail crossing,0,STANTON,TX,85,2,Day,Clear,Main,Freight Train,33,26982,51598,78580,M303,32.124604,-101.80146,72.4,76.1,76.7
NS,135191,2019-08-22,2:35 AM,Hwy-rail crossing,0,SINKING SPRING,PA,71,4,Dark,Clear,Main,Freight Train,46,12300,0,12823,M308,40.322867,-76.051949,79.2,79.6,69.2
NS,138795,2020-08-08,9:30 PM,Other (describe in narrative),0,WEST FAIRVIEW,PA,77,4,Dark,Clear,Yard,Freight Train,6,36887,0,95545,H702,40.279807,-76.922451,73.1,77.6,79.8
CORP,COR648520D,2020-12-23,3:40 PM,Derailment,0,OAKLAND,OR,45,2,Day,Cloudy,Main,Freight Train,11,9160,82000,91160,E4BC,43.489258,-123.293629,40.9,36.4,34.1
OHRY,15040601,2015-04-06,11:56 AM,Derailment,0,NORTH TOWANDA,PA,68,2,Day,Clear,Main,,0,0,0,132000,M203,41.81474,-76.5029,33.2,45,44.1
RCPE,RCP919521D,2021-10-31,12:50 AM,Derailment,0,HURON,SD,35,4,Dark,Clear,Yard,Yard/switching,9,140606,48866,189472,T212,44.371808,-98.243319,44.5,36,32.4
UP,0216ST007,2016-02-15,5:31 PM,Side collision,0,EL PASO,TX,75,3,Dusk,Clear,Yard,Yard/switching,4,48802,0,67493,H306,31.747857,-106.381681,59.1,59,57.2
FEC,T19060319,2019-06-03,2:48 PM,Other (describe in narrative),0,BOYNTON BEACH,FL,81,2,Day,Clear,Main,,0,0,0,15285,M599,26.325504,-80.032292,83.6,85,84.8
UP,0418FW028,2018-04-18,2:40 AM,Derailment,0,WILLS POINT,TX,65,4,Dark,Clear,Main,Freight Train,40,8881,3426,12307,E29C,32.710602,-96.045713,70.6,70.8,58.3
CSX,000143139,2015-03-10,12:10 AM,Other impacts,0,SELKIRK,NY,28,4,Dark,Clear,Yard,Single Car,2,189,0,24333,H019,42.564654,-73.85257,30.3,35.3,41.9
CSX,000211971,2023-06-21,5:00 PM,Obstruction,0,CROSS HILL,SC,70,3,Dusk,Rain,Main,Freight Train,20,31340,0,31340,M404,34.290202,-81.986756,72.4,69.6,66.7
NS,156607,2024-05-05,10:45 PM,Other impacts,0,ALTON,IL,62,4,Dark,Rain,Yard,Cut of cars,2,93000,0,186000,H020,38.886748,-90.167969,68.7,63.1,67.3
KCS,15102502,2015-10-25,4:00 PM,Other impacts,0,PORT ARTHUR,TX,70,2,Day,Rain,Yard,Cut of cars,0,17739,2500,25239,H702,29.85758,-93.945125,75,67.7,64
CSX,000171857,2017-09-21,10:40 AM,Other (describe in narrative),0,ERIE,PA,70,2,Day,Clear,Yard,Single Car,0,17700,192,17892,M599,42.119868,-80.084317,71,70.5,69.5
NJTR,202209375,2022-09-09,10:19 AM,Derailment,0,KEARNY,NJ,81,2,Day,Clear,Yard,Yard/switching,5,39475,2909,42384,H704,40.744077,-74.104737,70.8,70.7,73.4
UP,0217FW055,2017-02-23,2:47 PM,Hwy-rail crossing,0,ANGUS,TX,84,2,Day,Clear,Main,Freight Train,48,10126,2050,12176,M304,31.973603,-96.423314,64.5,70.4,59.6
CSX,000216684,2024-03-11,1:10 PM,Other impacts,0,NASHVILLE,TN,60,2,Day,Clear,Yard,Cut of cars,10,13304,0,13304,H399,36.112136,-86.770713,44.4,45.4,53.7
NS,151799,2022-12-21,10:00 AM,Derailment,0,HARRISBURG,PA,45,2,Day,Clear,Yard,Freight Train,6,0,40502,40502,T221,40.294961,-76.891716,33.6,30.3,36
BNSF,HL0424105,2024-04-06,11:09 PM,Derailment,0,SPRINGFIELD,MO,48,4,Dark,Clear,Yard,Freight Train,5,7298,0,12601,H018,37.227802,-93.327382,50.6,57.2,61.4
CSX,000216112,2024-02-09,3:02 AM,Other impacts,0,NASHVILLE,TN,55,4,Dark,Clear,Yard,Freight Train,5,29301,0,71309,H510,36.112136,-86.770713,54.9,56.7,59.1
MRL,2016115,2016-09-11,6:44 PM,Derailment,0,WHITEHALL,MT,64,2,Day,Rain,Main,Work train,18,150000,636133,786133,M101,45.871367,-112.120152,54.3,52.8,41.4
UP,0116SA006,2016-01-13,9:45 AM,Other (describe in narrative),0,SAN ANTONIO,TX,61,2,Day,Clear,Yard,Yard/switching,4,0,25001,25001,H706,29.35911,-98.571413,48.4,49.4,57.6
UP,1117SA004,2017-11-05,1:30 AM,Derailment,0,SAN ANTONIO,TX,72,4,Dark,Cloudy,Yard,Yard/switching,9,47853,103469,151322,M405,29.435481,-98.459958,76.9,77.3,77.2
CSX,000185821,2019-10-07,10:00 AM,Other impacts,0,PHILADELPHIA,PA,73,2,Day,Cloudy,Yard,Single Car,3,45554,0,54511,H318,39.898302,-75.16734,64.8,73,61.1
CRSH,137379,2020-03-04,12:10 AM,Derailment,0,CAMDEN,NJ,51,4,Dark,Clear,Yard,Yard/switching,5,10576,2000,12576,H706,39.950255,-75.093178,51.6,52.1,46.8
UP,0119PN038,2019-01-13,1:14 PM,Other (describe in narrative),0,PENDLETON,OR,31,2,Day,Clear,Main,Freight Train,11,13344,348,13692,E79L,45.532384,-118.354141,32.6,30.9,30.3
NS,151587,2022-11-30,5:14 AM,Other (describe in narrative),0,CHATTANOOGA,TN,52,1,Dawn,Rain,Yard,Light loco(s),5,15969,9099,25068,H702,35.007198,-85.375514,51.7,52.1,39.9
NS,143972,2022-01-09,7:50 PM,Other impacts,0,WEST FAIRVIEW,PA,22,3,Dusk,Clear,Yard,Cut of cars,5,32680,0,36026,H312,40.279807,-76.922451,24.3,31.8,28.9
UP,0216HO043,2016-02-29,3:45 PM,Fire/violent rupture,0,NEW WAVERLY,TX,75,2,Day,Clear,Main,Freight Train,45,21723,0,21723,E74L,30.537726,-95.482144,59.8,64.6,67.3
IC,1108639,2022-07-17,8:40 AM,Side collision,0,MEMPHIS,TN,80,2,Day,Clear,Yard,Cut of cars,0,0,0,21000,H318,35.068608,-90.089178,87.4,88.2,81
UP,0321HL001,2021-03-02,2:20 AM,Derailment,0,WICHITA,KS,29,4,Dark,Clear,Yard,Yard/switching,7,1414,36766,38180,H702,37.729808,-97.32268,40.2,45.7,50.5
RCPE,RCP960319D,2019-02-20,2:07 PM,Derailment,0,WESSINGTON,SD,25,2,Day,Clear,Main,Freight Train,40,1555000,262391,1817391,E53C,44.458736,-98.707724,2,13.5,5.6
CSX,000185889,2019-10-10,6:49 PM,Side collision,0,NASHVILLE,TN,88,3,Dusk,Clear,Yard,Cut of cars,7,110,48,25069,M408,36.112142,-86.770737,66.6,71.5,69.9
NS,135080,2019-08-13,12:02 PM,Derailment,0,WEST FAIRVIEW,PA,82,2,Day,Cloudy,Yard,Yard/switching,4,14982,1151,16133,H504,40.279807,-76.922451,76.4,77.5,79.6
NS,120610,2016-05-23,12:15 AM,Derailment,0,WALKERTOWN,NC,60,4,Dark,Clear,Main,Freight Train,2,5150,56731,61881,H525,36.172579,-80.166503,64.2,60.5,67.6
BNSF,MT1121104,2021-11-12,2:55 AM,Derailment,0,ABERDEEN,SD,20,4,Dark,Snow,Yard,Freight Train,4,8200,32000,40200,M101,45.465641,-98.498709,35.2,29.2,29.1
UP,0316HO018,2016-03-22,7:55 AM,Hwy-rail crossing,0,HOUSTON,TX,65,2,Day,Clear,Main,Freight Train,25,1015,26950,27965,M302,29.81813,-95.483472,54.1,61.8,69
IORY,IOR237022D,2022-10-30,3:45 PM,Derailment,0,LIMA,OH,54,2,Day,Clear,Yard,Yard/switching,4,15000,100,15100,E40C,40.763206,-84.089122,48.9,53.4,60.9
BNSF,HL0923113,2023-09-18,9:00 AM,Derailment,0,MEMPHIS,TN,90,2,Day,Clear,Yard,Yard/switching,4,1419,18925,20344,M411,35.025833,-89.892701,72,70.3,72.4
DAIR,032015,2015-10-01,12:50 PM,Derailment,0,JEFFERSON,SD,60,2,Day,Clear,Main,Freight Train,24,8738,0,53759,E53C,42.577933,-96.540165,56.7,55,52.3
NS,152978,2023-05-01,9:00 PM,Side collision,0,MACON,GA,70,4,Dark,Clear,Yard,Yard/switching,2,530,0,462998,H310,32.81373,-83.622794,67,61.9,63.3
NS,152082,2023-01-24,4:30 AM,Derailment,0,LOUISVILLE,TN,24,1,Dawn,Clear,Industry,Freight Train,3,2518,29546,32064,H303,35.906394,-84.045162,38.7,37.4,46.1
NJTR,201507418,2015-07-18,12:14 PM,Derailment,0,MORRISVILLE,PA,78,2,Day,Clear,Yard,Work train,5,28070,1029,29099,H704,40.195712,-74.784548,71.8,77.8,83.9
UP,0318PD013,2018-03-09,4:45 PM,Derailment,0,PORTLAND,OR,36,2,Day,Clear,Yard,Light loco(s),4,18546,4400,22946,M410,45.545399,-122.681173,50.4,47.4,46.6
NS,138477,2020-07-09,7:45 PM,Hwy-rail crossing,0,LANGHORNE,PA,83,3,Dusk,Clear,Yard,Freight Train,0,400,0,400,M303,40.191006,-74.846244,78.4,79.7,74.4