reportingrailroadcode,accidentnumber,date,time,accidenttype,hazmatreleasedcars,station,stateabbr,temperature,visibility_code,visibility,weathercondition,tracktype,equipmenttype,trainspeed,equipmentdamagecost,trackdamagecost,totaldamagecost,primaryaccidentcausecode,latitude,longitude,prior_temp,actual_temp,following_temp
UP,1015HO002,2015-10-01,7:35 AM,Derailment,0,HOUSTON,TX,77,2,Day,Clear,Main,,0,0,237295,301070,H503,29.810558,-95.262275,81.5,79.7,73.7
NS,136152,2019-11-08,2:17 PM,Rear end collision,0,GEORGES STATION,PA,36,2,Day,Clear,Main,Freight Train,16,62673,328510,1495922,H222,40.317328,-79.48932,40.3,27.9,30.6
NS,141385,2021-04-29,4:30 AM,Side collision,0,ALLENTOWN,PA,63,1,Dawn,Rain,Yard,Single Car,3,750,0,13450,H399,40.611934,-75.426704,69.6,69,58.8
LC,20180111,2018-01-11,6:45 PM,Derailment,0,RICHBURG,SC,44,4,Dark,Clear,Siding,Freight Train,5,3480,13550,17030,T220,34.71827,-81.01258,53.5,56.6,62.5
UP,0822GL034,2022-08-27,11:30 AM,Other impacts,0,SAVAGE,MN,75,2,Day,Rain,Industry,Single Car,0,5620,0,17478,H607,44.782525,-93.354694,69.2,71.6,73.2
UP,0221PN027,2021-02-20,10:55 AM,Other impacts,0,STANFIELD,OR,29,2,Day,Cloudy,Yard,Yard/switching,2,92616,10560,168514,E30C,45.795178,-119.257077,34.1,35.4,42.9
CSX,000174454,2018-01-31,4:42 PM,Derailment,0,NASHVILLE,TN,45,3,Dusk,Clear,Yard,Yard/switching,4,25587,1524,27111,E4BC,36.112142,-86.770737,31.9,43.9,44.9
UP,1223MA032,2023-12-29,8:45 PM,Other (describe in narrative),0,MEMPHIS,TN,34,4,Dark,Clear,Yard,Light loco(s),7,0,29692,29692,H607,35.126998,-90.060834,39.8,37.5,40.6
FWWR,17021101,2017-02-11,1:53 PM,Other impacts,0,FORT WORTH,TX,71,2,Day,Clear,Yard,Yard/switching,5,11991,0,11991,H601,32.796077,-97.379367,63.1,73.6,66.5
RJCS,RJCS2301,2023-01-21,5:50 AM,Derailment,0,ALLSBROOK,SC,48,4,Dark,Clear,Main,Freight Train,8,30000,12000,42000,T220,34.010709,-78.962627,57.5,44.5,48.9
CSX,000195091,2021-01-17,12:26 PM,Fire/violent rupture,0,WHITESIDE,TN,41,2,Day,Cloudy,Main,Freight Train,15,63846,192,64038,M406,34.992787,-85.482531,38.9,43.9,42
NS,141373,2021-04-28,8:45 AM,Hwy-rail crossing,0,SPRINGDALE,PA,72,2,Day,Clear,Main,Freight Train,34,7921,20682,28603,M303,40.536301,-79.783861,66,71,63
UP,0322PN009,2022-03-10,8:02 AM,Other impacts,0,PORTLAND,OR,32,2,Day,Cloudy,Yard,Yard/switching,0,16820,0,24698,H306,45.555888,-122.694496,44.6,40.4,46.2
UP,0318NP030,2018-03-25,2:50 AM,Fire/violent rupture,0,LEXINGTON,NE,32,4,Dark,Cloudy,Main,Freight Train,45,11698,0,11698,E73L,40.758646,-99.663289,41.4,34,39.3
NS,156741,2024-05-16,11:12 PM,Other (describe in narrative),0,ROSSVILLE,TN,68,4,Dark,Clear,Yard,Yard/switching,4,0,1200,1200,H702,35.048717,-89.54509,69.5,73.9,72.6
NS,152866,2023-04-20,4:45 AM,Derailment,0,CHESTER,PA,50,1,Dawn,Clear,Siding,Freight Train,7,7200,0,27350,H706,39.821301,-75.419204,53.9,60.1,62.5
CSX,000202736,2022-01-27,9:40 PM,Other impacts,0,NASHVILLE,TN,31,4,Dark,Cloudy,Yard,Light loco(s),2,7500,0,17000,H018,36.112136,-86.770713,25.6,34.9,34.3
UP,0821PN003,2021-08-02,9:50 PM,Derailment,0,PORTLAND,OR,81,4,Dark,Cloudy,Yard,Yard/switching,3,191430,56000,247430,H522,45.544067,-122.684602,73.3,73.7,75.2
BPRR,BPR847218D,2018-11-08,3:12 PM,Derailment,0,BUTLER,PA,44,2,Day,Cloudy,Yard,Freight Train,10,16000,36500,52500,E53C,40.875973,-79.854662,44.1,35.3,37.7
BNSF,RD1117119,2017-11-20,6:20 PM,Derailment,0,HOUSTON,TX,60,3,Dusk,Clear,Yard,Yard/switching,10,14418,7400,21818,M501,29.914269,-95.508707,57,58.1,66.4
CSX,000216337,2024-02-23,5:50 AM,Derailment,0,PHILADELPHIA,PA,39,1,Dawn,Cloudy,Yard,Yard/switching,4,30385,434,30819,H503,39.898701,-75.16696,37.5,44,38.6
UP,0923MA010,2023-09-07,2:40 PM,Other impacts,0,MEMPHIS,TN,83,2,Day,Clear,Yard,Cut of cars,3,18451,0,32474,H302,35.063119,-90.049173,78.1,75.4,73.4
NS,142346,2021-07-25,1:30 PM,Other impacts,0,BADEN,PA,88,2,Day,Clear,Industry,Yard/switching,2,32000,0,32000,M408,40.646387,-80.235147,72.7,77,76.9
NS,136694,2019-12-31,11:31 PM,Hwy-rail crossing,0,SAXON,SC,42,4,Dark,Clear,Main,,0,0,0,22239,M303,34.95661,-81.997239,60.2,45.9,42
CSX,000207917,2022-10-19,6:57 PM,Other impacts,0,KINGSPORT,TN,38,3,Dusk,Cloudy,Yard,Cut of cars,9,180426,112,205394,E04C,36.55138,-82.574088,38.1,43.1,41.6
CSX,000185198,2019-09-06,1:00 PM,Hwy-rail crossing,0,CAMERON,SC,85,2,Day,Clear,Main,Freight Train,24,165869,32100,197969,M304,33.594667,-80.644439,76.8,82,81.3
BNSF,SF0915102,2015-09-02,5:09 PM,Derailment,0,MEMPHIS,TN,84,3,Dusk,Clear,Main,,0,0,0,33000,H503,35.023151,-89.893863,81.1,80.8,81.6
UP,1016ES003,2016-10-07,8:57 AM,Obstruction,0,WEATHERFORD,TX,60,2,Day,Clear,Main,Spec. MoW Equip.,0,19083,0,20103,H402,32.776359,-97.814672,81.1,64.8,63.2
ATK,180235,2024-05-16,9:00 AM,Obstruction,0,STAATSBURG,NY,0,2,Day,Cloudy,Main,Passenger Train - Pulling,49,18893,0,18893,M404,41.867626,-73.927547,62.1,60.7,62.7
NS,118770,2016-01-03,12:58 PM,Derailment,0,WEST FAIRVIEW,PA,40,2,Day,Clear,Yard,Light loco(s),1,26663,0,26663,H306,40.279807,-76.922451,35.4,34.1,27.3
UP,0118ST005,2018-01-09,1:03 AM,Hwy-rail crossing,0,PECOS,TX,35,4,Dark,Clear,Main,Freight Train,50,29589,900,30489,M303,31.382868,-103.626268,46.5,51,52
NS,118255,2015-11-18,6:54 AM,Derailment,0,YORK HAVEN,PA,40,1,Dawn,Clear,Industry,Freight Train,6,93000,100,93100,H514,40.101021,-76.706308,47.8,51.5,60.6
BNSF,HL1021101,2021-10-01,6:05 AM,Derailment,0,MEMPHIS,TN,70,1,Dawn,Cloudy,Yard,Light loco(s),2,15500,33000,48500,H702,35.029876,-89.90074,72.5,75.6,72.8
UP,0922MA027,2022-09-17,10:20 PM,Derailment,0,MEMPHIS,TN,80,4,Dark,Cloudy,Yard,,0,0,4220,17406,H503,35.122919,-90.019681,78.7,78.7,80.8
ISRR,ISR504923R,2023-08-14,2:15 PM,Derailment,0,LYNNVILLE,IN,81,2,Day,Cloudy,Industry,Freight Train,1,0,16060,16060,E85C,38.18065,-87.31899,79.3,75.3,69.4
UP,0723PN004,2023-07-05,3:25 PM,Derailment,0,PORTLAND,OR,88,2,Day,Clear,Yard,Yard/switching,7,42841,46288,89129,E39C,45.544448,-122.683872,77.9,80.3,74
NS,125332,2017-06-06,3:05 PM,Derailment,0,ALLENTOWN,PA,72,2,Day,Cloudy,Yard,Yard/switching,2,2548,14219,16767,M411,40.61193,-75.426706,66.4,60.8,58.2
BNSF,SF0915106,2015-09-15,3:25 PM,Other (describe in narrative),0,MEMPHIS,TN,80,2,Day,Clear,Yard,Yard/switching,17,45000,0,45000,S014,35.023153,-89.887361,67.9,72.2,75.3
CSX,000219243,2024-07-12,1:30 AM,Derailment,0,PHILADELPHIA,PA,78,4,Dark,Clear,Yard,Freight Train,10,9797,955,28707,H702,39.898701,-75.16696,81.6,76.6,81.6
IC,967254,2018-07-24,10:15 PM,Side collision,0,SOUTH FULTON,TN,86,4,Dark,Clear,Yard,Freight Train,0,40150,3199,146099,H099,36.497472,-88.889327,73.5,75.5,76.8
UP,0618LK003,2018-06-04,6:30 AM,Derailment,0,MEMPHIS,TN,87,1,Dawn,Clear,Main,Freight Train,10,4796,9987,14783,H501,35.126903,-90.057088,80.2,77,78.5
UP,0516FW016,2016-05-16,9:00 AM,Other (describe in narrative),0,FORT WORTH,TX,71,2,Day,Cloudy,Yard,Yard/switching,4,11324,0,14111,M411,32.717104,-97.388545,66.6,71.3,70.6
NS,126530,2017-09-06,6:55 PM,Hwy-rail crossing,0,N SHORE,LA,79,3,Dusk,Clear,Main,,0,0,0,22635,M302,30.223968,-89.819524,81.5,74.7,71.2
BNSF,HL0523104,2023-05-14,1:00 AM,Other (describe in narrative),0,MEMPHIS,TN,67,4,Dark,Clear,Yard,Yard/switching,4,11691,0,13391,H310,35.022738,-89.888248,75.7,78.9,81
CSX,000220230,2024-08-29,11:44 PM,Side collision,0,ALIQUIPPA,PA,71,4,Dark,Clear,Industry,Freight Train,4,57201,76,76541,H307,40.617087,-80.242336,81.4,79.7,78.4
PNWR,PNW259119A,2019-11-29,8:57 PM,Fire/violent rupture,0,ALBANY,OR,28,4,Dark,Clear,Main,Freight Train,0,50000,0,50000,E74L,44.64759,-123.10186,34.7,29.9,29.2
NS,133551,2019-04-12,11:45 AM,Derailment,0,CHARLOTTE,NC,72,2,Day,Rain,Yard,Yard/switching,5,9988,5562,15550,H306,35.228142,-80.852528,67.9,69.2,68.6
IC,871186,2015-11-12,11:30 PM,Other impacts,0,MEMPHIS,TN,45,4,Dark,Clear,Yard,Yard/switching,4,20295,25,20320,H306,35.06965,-90.085602,63.6,56.6,51.3
NS,131337,2018-10-15,5:53 AM,Rear end collision,0,NEW GALILEE,PA,58,1,Dawn,Rain,Main,Freight Train,0,54569,15123,69724,H222,40.81716,-80.397623,46.8,54.9,43.4
UP,0118ST023,2018-01-25,9:46 PM,Hwy-rail crossing,0,PECOS,TX,48,4,Dark,Clear,Main,Freight Train,44,56910,500,57410,M304,31.373858,-103.652319,40,42.3,48.7
CSX,000211166,2023-05-02,11:04 AM,Other impacts,0,NASHVILLE,TN,65,2,Day,Clear,Yard,Single Car,5,22785,0,23423,S016,36.112157,-86.770728,56.7,56.9,57.9
NS,139594,2020-10-27,4:27 PM,Obstruction,0,MONT CLARE,PA,57,3,Dusk,Clear,Main,Spec. MoW Equip.,0,1286,0,16884,H997,40.149219,-75.52177,52.3,54.8,53.5
IHB,2194,2016-03-12,6:00 PM,Other impacts,0,RIVERDALE,IL,49,2,Day,Clear,Yard,Yard/switching,8,15647,0,15647,H019,41.639557,-87.656525,41.9,46.3,48.8
BNSF,KS0820104,2020-08-10,8:17 PM,Derailment,0,GAGE,OK,80,3,Dusk,Rain,Main,Freight Train,46,1516051,632984,2149035,M105,36.305219,-99.790407,88.7,84.8,78.4
HRRC,0117,2017-01-03,12:50 PM,Derailment,0,BROOKFIELD,CT,38,2,Day,Fog,Main,Freight Train,23,30000,15000,45000,T220,41.482594,-73.409569,30.1,37.9,40.7
ARR,2016246,2016-11-20,12:40 PM,Obstruction,0,GIRDWOOD,AK,2,2,Day,Snow,Main,Spec. MoW Equip.,6,70000,0,70000,H516,60.790087,-148.813334,21,22.3,28.4
NS,114078,2015-01-28,11:30 AM,Hwy-rail crossing,0,MASSILLON,OH,23,2,Day,Clear,Main,Freight Train,39,9798,93477,103275,M399,40.792308,-81.516115,18.1,15,31
KAW,240201004,2024-02-01,2:35 PM,Derailment,0,KANSAS CITY,KS,50,2,Day,Clear,Yard,Yard/switching,3,17171,9600,86771,H993,39.078648,-94.626009,45.2,56.4,55.3
NS,134314,2019-06-13,6:30 AM,Derailment,0,HAGERSTOWN,MD,50,1,Dawn,Rain,Yard,Freight Train,6,10371,7482,17853,H306,39.659317,-77.727009,68.2,64.7,66
BNSF,HL0324101,2024-03-04,8:30 AM,Derailment,0,SPRINGFIELD,MO,66,1,Dawn,Cloudy,Yard,Yard/switching,3,290,180111,180401,E32C,37.23091,-93.291077,64.8,66,52.6
UP,1118NP016,2018-11-11,7:20 PM,Other impacts,0,NORTH PLATTE,NE,38,3,Dusk,Clear,Yard,Light loco(s),10,30737,0,30837,H307,41.143957,-100.798294,26.3,31,22
CSX,000143139,2015-03-10,12:10 AM,Other impacts,0,SELKIRK,NY,28,4,Dark,Clear,Yard,Single Car,0,24144,0,24333,H019,42.564654,-73.85257,30.3,35.3,41.9
NS,151832,2022-12-27,8:44 AM,Hwy-rail crossing,0,LEXINGTON,NC,25,2,Day,Clear,Main,,0,0,0,16574,M304,35.80867,-80.269181,25.2,34.6,35.4
BNSF,RD0718134,2018-07-24,1:40 PM,Obstruction,0,TULSA,OK,90,2,Day,Clear,Main,Spec. MoW Equip.,0,10000,0,20000,H402,36.183189,-95.879211,82.5,82.4,84.6
SW,SWW060115D,2015-06-01,4:30 PM,Derailment,0,HURLEY,NM,89,2,Day,Cloudy,Yard,Yard/switching,5,8055,5400,13455,H702,32.6997,-108.1286,69.5,72.1,72.1
NJTR,202303082,2023-02-28,6:27 AM,Derailment,0,GLADSTONE,NJ,31,1,Dawn,Snow,Yard,Commuter Train - Pulling,5,106495,62094,168589,H702,40.719298,-74.665012,35.6,34,36.5
FEC,D23052919,2019-05-29,1:20 AM,Derailment,0,BOCA RATON,FL,75,4,Dark,Clear,Main,Freight Train,37,3123,194228,197351,E53C,26.417228,-80.07742,81,82,83.2
BNSF,CH1215105,2015-12-10,12:15 PM,Other (describe in narrative),0,GALESBURG,IL,56,2,Day,Cloudy,Yard,Yard/switching,14,56995,0,56995,M407,40.906904,-90.38498,42.1,47.3,46.3
CSX,000198760,2021-07-10,5:15 PM,Derailment,0,MOUNT STERLING,OH,72,3,Dusk,Clear,Main,Freight Train,2,8725,0,11225,E89C,39.681218,-83.308772,69.4,67.7,72.3
ATK,144953,2016-11-07,7:24 AM,Hwy-rail crossing,0,AURORA,OR,65,2,Day,Clear,Main,Passenger Train - Pulling,39,53662,0,85066,M302,45.232805,-122.75592,55.6,55.5,52.4
NS,124861,2017-04-28,4:05 AM,Derailment,0,GREENSBORO,NC,72,1,Dawn,Cloudy,Yard,Freight Train,4,5401,16366,21767,H702,36.059513,-79.84376,68.7,73.7,77.1
BRC,14242,2019-03-07,4:00 AM,Derailment,0,CHICAGO,IL,18,4,Dark,Clear,Yard,Yard/switching,5,1323,18900,20223,H702,41.767455,-87.741376,20.5,23,30.8
NS,125203,2017-05-25,1:30 AM,Other impacts,0,CHEEKTOWAGA,NY,55,4,Dark,Rain,Yard,Yard/switching,3,18536,0,18536,H318,42.893512,-78.767262,67.2,58.2,55
NJTR,201601029,2016-01-07,7:30 PM,Hwy-rail crossing,0,PATERSON,NJ,40,4,Dark,Clear,Main,Commuter Train - Pulling,58,5649,17468,23117,M308,40.93556,-74.158229,27,32,36.8
SNJX,20190225,2019-02-25,12:01 PM,Derailment,0,TRENTON,NJ,44,2,Day,Cloudy,Industry,DMU,63,80000,25000,105000,M404,40.182391,-74.729145,44.6,39.5,33.9
NYA,022016,2016-02-20,3:35 PM,Raking collision,0,NEW YORK -QUEENS,NY,65,2,Day,Clear,Yard,Yard/switching,5,19050,0,19050,H302,40.706506,-73.886074,31.8,50.6,51.2
ATK,166702,2021-03-25,12:40 AM,Obstruction,0,NEWARK,NJ,57,4,Dark,Rain,Main,Spec. MoW Equip.,10,0,0,32006,H607,40.715136,-74.177267,52,57.1,64.2
UP,0620MA031,2020-06-25,8:21 PM,Derailment,0,EVANSVILLE,IL,71,4,Dark,Clear,Main,Freight Train,10,169767,96419,266186,E41C,38.091583,-89.87425,72.6,76.8,80.4
UP,0823GP016,2023-08-04,8:00 AM,Other (describe in narrative),0,NORTH PLATTE,NE,68,2,Day,Cloudy,Yard,Single Car,0,13226,0,13226,M507,41.142367,-100.776296,74.8,74.5,72.8
LI,68713,2018-11-07,1:15 PM,Derailment,0,BROOKLYN,NY,57,2,Day,Clear,Yard,EMU,5,161069,10670,171739,H221,40.682078,-73.971599,54.4,57.6,50.7
UP,0322PR025,2022-03-28,12:00 PM,Other (describe in narrative),0,BELLWOOD,IL,33,2,Day,Clear,Yard,Single Car,0,13414,0,13414,M201,41.890968,-87.869768,29,28.8,36.5
CSX,000170848,2017-08-10,6:30 PM,Raking collision,0,SELKIRK,NY,74,3,Dusk,Clear,Yard,Single Car,9,13200,0,16860,S014,42.565903,-73.854184,67.5,71.9,71.2
CSX,000176020,2018-04-18,6:09 AM,Other impacts,0,SELKIRK,NY,36,4,Dark,Cloudy,Yard,Single Car,8,0,50,28650,E46C,42.565903,-73.854184,38.4,38.5,37.9
BNSF,RD0723120,2023-07-23,1:48 AM,Derailment,0,HENRYETTA,OK,85,4,Dark,Clear,Siding,Freight Train,4,22203,19802,42005,H306,35.449065,-95.975913,76.2,78.5,81.8
ATK,145918,2017-01-13,12:26 PM,Other (describe in narrative),0,PLAINSBORO,NJ,45,2,Day,Clear,Main,Passenger Train - Pulling,0,23013,1000,24013,E78L,40.338129,-74.596498,58.1,47.3,31.1
BNSF,TC0222110,2022-02-23,2:14 PM,Derailment,0,NOYES,MN,-10,2,Day,Clear,Main,Freight Train,6,13778,7500,21278,M101,48.959787,-97.174572,-15.7,-15.1,-12.6
GRYR,MC230324A,2023-03-24,1:49 AM,Derailment,0,GRENADA,MS,70,4,Dark,Cloudy,Siding,Freight Train,6,3293982,17000,3310982,E64C,33.858448,-89.821877,70.5,74.2,67.4
UP,0616NP016,2016-06-15,2:20 AM,Derailment,0,PROSSER,NE,68,4,Dark,Clear,Industry,Yard/switching,1,139,12336,12475,M201,40.66706,-98.595677,77.5,83.1,83.2
IHB,2032,2014-11-24,6:30 AM,Derailment,0,EAST CHICAGO,IN,49,4,Dark,Rain,Yard,Freight Train,6,4109,6636,10745,H522,41.693202,-87.454764,50.4,38,25.2
CSX,000212457,2023-07-22,2:47 PM,Hwy-rail crossing,0,NEW LONDON,OH,78,2,Day,Rain,Main,Freight Train,58,114,14547,14661,M308,41.088003,-82.394808,68.7,68.4,69.1
UP,0917LV016,2017-09-25,3:23 AM,Derailment,0,ALEXANDRIA,LA,77,4,Dark,Fog,Yard,Yard/switching,2,7764,13694,21458,E30C,31.251087,-92.43462,77.8,77.3,77.6
CSX,000165202,2016-12-14,5:19 AM,Derailment,0,ASHTABULA,OH,30,1,Dawn,Snow,Industry,Freight Train,3,13921,420,14341,H702,41.882536,-80.782454,26.9,21.1,13.7
BNSF,SF0215111,2015-02-26,5:30 AM,Derailment,0,HANNIBAL,MO,10,1,Dawn,Snow,Main,Freight Train,7,11979,707584,719563,H607,39.92993,-91.434119,32,15.8,7.2
BNSF,SW1219107,2019-12-13,2:35 PM,Other (describe in narrative),0,BELEN,NM,47,2,Day,Clear,Main,Freight Train,23,0,20000,20000,H220,34.772825,-106.85958,35.2,43.8,48.1
BNSF,RD1018126,2018-10-19,1:49 PM,Side collision,0,TULSA,OK,58,2,Day,Cloudy,Yard,Yard/switching,7,12831,0,22681,H308,36.126071,-96.011193,58.5,55.4,59.7
NS,130488,2018-08-07,3:00 AM,Other impacts,0,TOLEDO,OH,78,4,Dark,Cloudy,Yard,Single Car,0,38980,0,39583,H312,41.640174,-83.575265,79.3,74.2,76
UP,0615PD007,2015-06-10,11:30 AM,Derailment,0,PORTLAND,OR,65,2,Day,Clear,Main,Freight Train,5,7474,11167,18641,H508,45.522446,-122.664824,74.2,64.3,63.6
SW,SWC061616D,2016-06-16,2:55 PM,Derailment,0,PORTALES,NM,105,2,Day,Clear,Siding,Freight Train,6,9000,30120,39120,T220,34.0754,-103.4925,78.2,79,81.5
CSX,000138974,2014-12-16,4:41 AM,Side collision,0,WILLARD,OH,46,4,Dark,Rain,Yard,Yard/switching,1,49902,500,50402,H307,41.065438,-82.756545,43.3,44,31.1
NS,125782,2017-07-11,5:00 PM,Derailment,0,SOUTH SHORE,OH,86,3,Dusk,Rain,Yard,Freight Train,4,37795,0,37795,H306,38.73498,-82.966767,68.9,76.9,77.5
CSX,000215100,2023-12-15,4:09 AM,Other impacts,0,WILLARD,OH,38,1,Dawn,Clear,Yard,Yard/switching,1,25000,618,119721,H318,41.059877,-82.72407,34.4,40.7,42.4
NS,142197,2021-07-15,3:15 AM,Other impacts,0,BELLEVUE,OH,65,4,Dark,Clear,Yard,Single Car,2,1871,200,41207,M411,41.29034,-82.788151,75.5,76.5,74
UP,0218NP068,2018-02-11,9:00 AM,Other impacts,0,NORTH PLATTE,NE,16,2,Day,Cloudy,Yard,Single Car,0,5653,528,12003,M411,41.146629,-100.814609,5.1,12.4,13.6
IC,927796,2017-06-30,11:30 PM,Side collision,0,BATON ROUGE,LA,80,4,Dark,Cloudy,Main,Yard/switching,5,12538,100,15638,H018,30.472348,-91.188301,74.7,82.6,84.2
CSX,000211028,2023-04-27,6:30 AM,Side collision,0,GRAND RAPIDS,MI,64,1,Dawn,Clear,Yard,Yard/switching,0,4985,0,26284,H306,42.952655,-85.684179,41.1,47.2,51
BNSF,RD0420114,2020-04-25,11:30 AM,Derailment,0,OKLAHOMA CITY,OK,65,2,Day,Clear,Yard,Freight Train,6,15909,69677,85586,H607,35.386566,-97.484344,66.9,61.2,64.3
CRSH,132085,2018-12-16,12:34 PM,Broken train collision,0,CAMDEN,NJ,41,2,Day,Cloudy,Yard,Yard/switching,3,18300,0,28092,M507,39.945131,-75.103401,49.6,42.3,43.3
BNSF,RD1018126,2018-10-19,1:49 PM,Side collision,0,TULSA,OK,58,2,Day,Cloudy,Yard,Yard/switching,4,9850,0,22681,H308,36.126071,-96.011193,58.5,55.4,59.7
KCS,16100901,2016-10-09,1:30 AM,Derailment,0,HEAVENER,OK,48,4,Dark,Clear,Yard,Yard/switching,4,16558,29270,45828,H307,34.908504,-94.603236,58.8,57.8,62.3
IHB,2637,2020-10-26,7:20 AM,Derailment,0,RIVERDALE,IL,36,1,Dawn,Clear,Main,,0,0,88307,437064,H503,41.642142,-87.650442,44.4,38.2,35.5
CSX,000217111,2024-03-31,9:00 PM,Derailment,0,SAVANNAH,GA,62,4,Dark,Clear,Yard,Yard/switching,2,55683,3455,59138,H306,32.02769,-81.148832,62.8,67.7,71.9
LI,68419,2018-09-06,9:11 PM,Derailment,0,HOLLIS,NY,74,4,Dark,Clear,Siding,EMU,7,165120,14220,179340,H702,40.707249,-73.776496,80.8,81.1,74.2
BNSF,HL1118101,2018-11-01,5:40 PM,Derailment,0,LINCOLN,NE,59,3,Dusk,Clear,Yard,Yard/switching,3,12000,0,12000,E46L,40.809685,-96.731128,48.1,44.7,47.4
UP,0718LV015,2018-07-19,9:50 AM,Other impacts,0,ALEXANDRIA,LA,93,2,Day,Clear,Yard,Yard/switching,7,6112,0,25150,H318,31.260908,-92.437174,81.7,84.6,85.9
NS,118638,2015-12-21,7:30 AM,Derailment,0,LORDSTOWN,OH,43,1,Dawn,Cloudy,Yard,Yard/switching,3,12871,500,13371,H303,41.156104,-80.860822,29.6,44.8,51.8
UP,0120GL002,2020-01-04,1:28 PM,Hwy-rail crossing,0,KENNARD,NE,39,2,Day,Clear,Main,Freight Train,48,291,11255,11546,M302,41.472527,-96.200975,31.8,31.6,39.9
ATK,172381,2022-10-14,2:12 PM,Hwy-rail crossing,0,INDEPENDENCE,LA,87,2,Day,Clear,Main,Passenger Train - Pulling,79,583668,0,583668,M304,30.692493,-90.508114,73.8,67.1,68.3
NS,144953,2022-04-12,8:55 AM,Other (describe in narrative),0,EAST CANTON,OH,65,2,Day,Clear,Yard,Yard/switching,8,127495,10284,137779,H702,40.818929,-81.313846,50.5,58.5,66.2
BNSF,KS0520201,2020-05-06,5:42 PM,Hwy-rail crossing,0,FOLSOM,NM,76,3,Dusk,Clear,Main,Freight Train,34,21642,1400,23042,M302,36.820697,-103.887461,57.4,60,65.9
BNSF,CH1215111,2015-12-14,8:40 AM,Derailment,0,GALESBURG,IL,22,1,Dawn,Clear,Yard,Yard/switching,8,10864,3000,13864,H702,40.914911,-90.380065,60.1,46.5,38.4
UP,0321PN004,2021-03-07,10:30 PM,Other impacts,0,STANFIELD,OR,42,4,Dark,Cloudy,Yard,Yard/switching,4,32517,1560,78408,H312,45.795939,-119.2633,46.6,42.4,39.8
LI,68495,2018-09-24,11:13 AM,Obstruction,0,HOLLIS,NY,62,2,Day,Clear,Yard,EMU,8,11000,0,60744,H607,40.70949,-73.768991,63.5,63.3,67.1
UP,1021GP043,2021-10-27,5:30 PM,Other impacts,0,NORTH PLATTE,NE,60,2,Day,Clear,Yard,Cut of cars,8,30417,155636,244485,M411,41.149573,-100.808944,52.6,49.7,49.3
NS,141471,2021-05-07,4:09 AM,Side collision,0,BELLEVUE,OH,38,1,Dawn,Cloudy,Yard,Yard/switching,3,0,0,55884,H318,41.288213,-82.798855,47.6,47.9,46.6
NJTR,202309396,2023-08-30,11:05 AM,Other (describe in narrative),0,KEARNY,NJ,85,4,Dark,Clear,Main,Yard/switching,3,11729,0,11729,H599,40.743505,-74.111665,74.4,77,70.4
UP,0223GC019,2023-02-28,11:27 AM,Other (describe in narrative),0,MARINGOUIN,LA,76,2,Day,Clear,Yard,Single Car,0,24293,0,24293,S016,30.525322,-91.552395,74.4,74.4,75.7
NS,142682,2021-08-28,2:35 AM,Hwy-rail crossing,0,OLD FORT,OH,80,4,Dark,Clear,Main,Freight Train,53,6000,10500,16500,M308,41.237532,-83.168098,79.1,79,80.8
NS,141976,2021-06-23,11:35 PM,Other impacts,0,NEW BOSTON,OH,55,4,Dark,Clear,Yard,Cut of cars,0,38747,1236,40016,H018,38.745813,-82.940281,64.8,62.5,71
BNSF,CH0317120,2017-03-26,9:35 PM,Other impacts,0,GALESBURG,IL,50,4,Dark,Cloudy,Yard,Yard/switching,10,17450,250,17700,M411,40.90707,-90.384798,53.2,51.2,48.4
CSX,000170829,2017-08-02,8:00 PM,Other (describe in narrative),0,SELKIRK,NY,73,4,Dark,Cloudy,Yard,Cut of cars,6,11200,0,11200,M407,42.565903,-73.854184,73.5,71,72.8
LIRC,LIRC00053F,2023-06-05,6:29 PM,Hwy-rail crossing,0,JEFFERSONVILLE,IN,84,3,Dusk,Clear,Main,,0,0,209341,222358,M308,38.340085,-85.747882,77.7,73.1,72.2
UP,0815WH005,2015-08-12,11:05 PM,Derailment,0,WICHITA,KS,85,4,Dark,Clear,Yard,Freight Train,8,247266,13949,261215,T211,37.736953,-97.311911,77.2,74.9,76.1
BNSF,HL1220115,2020-12-26,8:44 AM,Derailment,0,GRAND ISLAND,NE,45,1,Dawn,Clear,Yard,Freight Train,8,221227,200,221427,H503,40.970027,-98.462322,31.9,32.6,33.1
MBTA,7068,2017-09-09,11:42 PM,Other (describe in narrative),0,COHASSET,MA,60,4,Dark,Rain,Main,Passenger Train - Pulling,45,28043,0,28043,M404,42.230729,-70.796242,64.1,60.5,61.6
BNSF,MT0824201,2024-08-08,2:39 PM,Hwy-rail crossing,0,BAINVILLE,MT,71,2,Day,Clear,Main,Freight Train,68,13000,0,13000,M308,48.143065,-104.374155,61.7,57.3,59.5
NS,132261,2019-01-02,7:20 PM,Side collision,0,BELLEVUE,OH,32,3,Dusk,Clear,Yard,Yard/switching,6,2054,10248,15678,H607,41.288306,-82.801342,37.6,34.3,31.4
CSX,000182143,2019-04-03,7:13 AM,Derailment,0,NEWBURG,MD,56,1,Dawn,Clear,Industry,Freight Train,5,29801,1000,30801,M506,38.366357,-76.957879,40.8,52,54.3