reportingrailroadcode,accidentnumber,date,time,accidenttype,hazmatreleasedcars,station,stateabbr,temperature,visibility_code,visibility,weathercondition,tracktype,equipmenttype,trainspeed,equipmentdamagecost,trackdamagecost,totaldamagecost,primaryaccidentcausecode,latitude,longitude,prior_temp,actual_temp,following_temp
BNSF,KS1023105,2023-10-13,3:43 AM,Derailment,0,BOISE CITY,OK,42,4,Dark,Clear,Main,Freight Train,20,22737,9000,31737,E22C,36.837407,-102.520863,61,48.6,43.5
BNSF,SW0422101,2022-04-01,12:14 PM,Derailment,0,CLOVIS,NM,65,2,Day,Clear,Yard,Yard/switching,8,900,15136,16036,H209,34.396747,-103.205955,43.8,53,54.5
NS,137357,2020-03-02,8:00 PM,Other impacts,0,DECATUR,IL,45,4,Dark,Clear,Yard,Cut of cars,4,102963,0,278603,H018,39.862598,-88.881305,48.3,46.4,44.8
KO,IN200822,2020-08-22,10:00 PM,Hwy-rail crossing,0,ROZEL,KS,75,4,Dark,Clear,Main,Freight Train,5,16800,0,16800,M302,38.189845,-99.351678,74,76,79.5
CSX,000162625,2016-09-02,7:27 PM,Side collision,0,RIVERDALE,IL,73,2,Day,Clear,Yard,Yard/switching,2,8528,0,14300,H307,41.650201,-87.645272,68.3,67.8,67.4
ATK,177929,2024-01-06,2:14 PM,Other (describe in narrative),0,CARBONDALE,IL,39,2,Day,Cloudy,Main,Passenger Train - Pushing,6,0,0,25000,H702,37.728205,-89.2164,32.5,37.5,36.4
ALS,201126,2020-11-26,6:20 PM,Derailment,0,EAST ST LOUIS,IL,45,3,Dusk,Clear,Yard,Yard/switching,4,8500,11113,19613,H525,38.587569,-90.129171,50.2,45.3,44.1
MNCW,2019169,2019-11-13,3:58 AM,Other impacts,0,CROTON ON HUDSON,NY,22,4,Dark,Clear,Yard,EMU,1,24000,0,25000,E31C,41.195724,-73.886481,38.5,25.2,31.6
CSX,000169393,2017-06-05,1:58 AM,Derailment,0,ABERDEEN,NC,68,4,Dark,Cloudy,Main,Freight Train,34,39772,268722,308494,E53C,35.078592,-79.461731,73.6,76.3,73.7
BNSF,TC1019104,2019-10-09,7:50 AM,Derailment,0,DILWORTH,MN,45,1,Dawn,Clear,Yard,Light loco(s),5,15000,3000,18000,H607,46.874131,-96.704465,60,56.1,37.8
NJTR,201911592,2019-10-29,12:45 PM,Rear end collision,0,HOBOKEN,NJ,59,2,Day,Clear,Yard,Light loco(s),9,8090,1549,173829,H306,40.734451,-74.035336,58.8,56.8,60.3
LI,70431,2019-09-08,8:57 PM,Derailment,0,RICHMOND HILL,NY,70,4,Dark,Cloudy,Yard,Yard/switching,3,9050,2566,11616,H607,40.696042,-73.822342,66.7,70.2,70.4
BNSF,MT1115105,2015-11-21,5:50 PM,Derailment,0,GLENDIVE,MT,28,3,Dusk,Clear,Yard,Yard/switching,4,25000,268616,293616,H307,47.111205,-104.705445,19.2,21.6,35.7
UP,1121MA047,2021-11-17,2:53 PM,Obstruction,0,MAPLEWOOD,MO,50,2,Day,Rain,Main,,0,0,0,55483,M404,38.624144,-90.271643,55.2,58.6,41.6
ITHR,210921001,2021-09-21,9:15 AM,Obstruction,0,ITHACA,NY,65,2,Day,Clear,Main,Spec. MoW Equip.,7,50000,0,50000,H207,42.359497,-76.553662,62,64.7,68.6
BNSF,TX0615112,2015-06-18,11:00 AM,Other (describe in narrative),0,ARKANSAS CITY,KS,93,2,Day,Clear,Yard,Yard/switching,7,20922,0,20922,H318,37.059571,-97.032148,75.7,76.5,78.3
NYSW,150528B,2015-05-28,5:25 AM,Derailment,0,CHENANGO FORKS,NY,65,1,Dawn,Cloudy,Main,Freight Train,10,0,1914395,1914395,M405,42.237959,-75.848656,71.5,67.1,66.5
NS,124505,2017-03-28,9:18 PM,Derailment,0,LEXINGTON,NC,57,4,Dark,Cloudy,Yard,Yard/switching,7,27000,9442,36442,E86C,35.750635,-80.318238,65.9,66.4,63.9
KO,160217002,2016-02-16,1:00 PM,Fire/violent rupture,0,WICHITA,KS,75,2,Day,Clear,Main,Freight Train,9,0,20000,20000,H599,37.707754,-97.392802,49.1,47.4,48.5
IC,1104916,2022-06-07,8:35 AM,Derailment,0,BROOKHAVEN,MS,87,2,Day,Clear,Main,Freight Train,32,2024,235521,237545,E51C,31.567713,-90.448036,79.3,80.1,80.9
CSX,000211497,2023-05-25,8:07 AM,Derailment,0,SELKIRK,NY,60,2,Day,Clear,Yard,Yard/switching,1,139857,4059,143916,E64C,42.566078,-73.854463,58,52.7,56.8
CSX,000198101,2021-06-07,6:30 PM,Derailment,0,SENECA,IL,78,2,Day,Rain,Industry,Freight Train,3,45093,900,45993,H306,41.322162,-88.603632,78.7,73.6,76
NS,152581,2023-03-19,7:30 AM,Side collision,0,BELLEVUE,OH,30,1,Dawn,Cloudy,Yard,Yard/switching,3,300,0,115908,H399,41.288345,-82.801972,26.2,26.6,36.6
NS,121283,2016-07-16,2:15 AM,Derailment,0,PORT DICKINSON,NY,62,4,Dark,Cloudy,Yard,Yard/switching,7,1300,300,51800,H306,42.098659,-75.856665,75.4,69.6,70.1
BRC,14281,2019-07-20,5:55 PM,Derailment,0,BEDFORD PARK,IL,90,2,Day,Clear,Yard,,0,0,5596,17600,H503,41.764046,-87.727246,87,84.3,74.5
BNSF,HL0224102,2024-02-01,4:25 PM,Derailment,0,AMORY,MS,54,2,Day,Clear,Yard,Yard/switching,5,3000,481000,484000,H607,33.98838,-88.493865,45.5,45.3,52.3
IHB,2680,2021-05-07,8:45 PM,Other impacts,0,RIVERDALE,IL,50,4,Dark,Clear,Yard,Yard/switching,2,12644,0,12644,H318,41.641423,-87.654293,48,46.7,43.8
WC,864340,2015-09-01,7:13 PM,Other impacts,0,JOLIET,IL,72,3,Dusk,Clear,Yard,Yard/switching,3,35840,75,35915,H310,41.531992,-88.059021,73.1,78.2,78.4
BNSF,NW1016110,2016-10-07,10:00 AM,Other (describe in narrative),0,BEND,OR,45,2,Day,Clear,Main,Maint./inspect Car,4,41400,0,41400,H997,43.953571,-121.370668,49.1,58.4,61.9
NJTR,202311458,2023-10-09,8:23 PM,Derailment,0,KEARNY,NJ,64,4,Dark,Clear,Yard,Yard/switching,6,25250,0,25250,H704,40.743692,-74.102754,55.5,54.5,57.5
PTO,08081501,2015-08-08,6:00 AM,Derailment,0,PORTLAND,OR,65,1,Dawn,Clear,Yard,Yard/switching,6,8500,2500,11000,H703,45.5486,-122.7109,71.6,70.5,72.8
UP,0922HL006,2022-09-02,3:30 PM,Other impacts,0,GUYMON,OK,95,2,Day,Clear,Main,Cut of cars,5,21169,0,21268,H302,36.678171,-101.484409,77.5,79.2,79.4
UP,0417PR005,2017-04-03,2:00 PM,Other impacts,0,NORTHLAKE,IL,40,2,Day,Rain,Yard,Single Car,5,79623,0,79892,M411,41.899692,-87.908588,50.4,49.1,49.1
NS,144107,2022-01-21,11:00 PM,Derailment,0,PORTSMOUTH,OH,72,4,Dark,Clear,Yard,Yard/switching,7,12200,861,13061,E32C,38.736825,-82.957246,25.9,20,17.8
CRSH,146813,2023-12-22,10:46 AM,Other impacts,0,NEWARK,NJ,34,2,Day,Clear,Yard,Yard/switching,5,126052,0,128166,M407,40.706501,-74.133751,37.8,32,37.6
LI,80145,2023-07-09,8:20 PM,Derailment,0,RICHMOND HILL,NY,73,3,Dusk,Cloudy,Yard,Light loco(s),5,30048,0,30048,H303,40.698019,-73.817965,78.5,77.2,78.1
NS,140864,2021-03-08,3:25 PM,Side collision,0,BUFFALO,NY,45,2,Day,Clear,Yard,Yard/switching,3,0,0,24500,H306,42.876892,-78.832408,25.1,34.7,41
CSX,000212475,2023-07-24,8:10 AM,Derailment,0,WALBRIDGE,OH,70,2,Day,Clear,Yard,Yard/switching,6,8096,28524,36620,H702,41.571469,-83.492326,71.2,75.1,77.2
CSX,000162625,2016-09-02,7:27 PM,Side collision,0,RIVERDALE,IL,73,2,Day,Clear,Yard,Yard/switching,7,5772,0,14300,H307,41.650201,-87.645272,68.3,67.8,67.4
BNSF,TC0817101,2017-08-06,4:00 AM,Derailment,0,MINNEAPOLIS,MN,62,1,Dawn,Cloudy,Yard,Light loco(s),7,10000,1000,11000,H307,45.031876,-93.271547,65.8,66.3,68.1
ATK,152899,2018-04-16,5:30 PM,Other (describe in narrative),0,NEWARK,NJ,50,2,Day,Cloudy,Main,,0,0,0,13197,H999,40.710097,-74.194182,42.7,48.7,44
BNSF,HL0323113,2023-03-11,9:51 AM,Obstruction,0,TUPELO,MS,60,2,Day,Clear,Industry,Freight Train,2,24686,0,24686,H307,34.233336,-88.689479,55.1,51.8,53.9
NS,133903,2019-05-11,3:00 AM,Derailment,0,BELLEVUE,OH,42,4,Dark,Clear,Yard,Freight Train,7,5310,30716,36026,S011,41.29231,-82.784212,55.8,49.2,47.6
BNSF,RD0923122,2023-09-14,6:20 AM,Derailment,0,DAVIS,OK,80,1,Dawn,Cloudy,Industry,Freight Train,10,8933,20000,28933,M203,34.492751,-97.116991,70.7,70.7,72.5
UP,0515NP015,2015-05-13,5:45 PM,Other impacts,0,NORTH PLATTE,NE,60,2,Day,Rain,Yard,Yard/switching,3,0,2165,12319,S007,41.150601,-100.845587,52.1,59.3,61.9
NS,131415,2018-10-23,1:40 PM,Other impacts,0,CLEVELAND,OH,54,2,Day,Cloudy,Yard,Yard/switching,5,10978,315,22084,H099,41.422254,-81.798126,46.1,49.5,46.5
BNSF,HL0219103,2019-02-18,6:44 PM,Other impacts,0,LINCOLN,NE,20,3,Dusk,Clear,Yard,Yard/switching,5,50680,0,50680,H316,40.808138,-96.754425,19.1,14.3,15.5
UP,0221GP007,2021-02-07,11:22 AM,Other impacts,0,NORTH PLATTE,NE,2,2,Day,Snow,Yard,Single Car,4,0,240600,253326,S007,41.148571,-100.84716,14.5,4,-6.4
CSX,000208300,2022-11-11,5:40 AM,Hwy-rail crossing,0,JERSEY CITY,NJ,52,1,Dawn,Cloudy,Main,Freight Train,9,0,0,15245,M302,40.739348,-74.069433,55.9,63.7,67.2
UP,0116PD017,2016-01-30,9:02 AM,Derailment,0,UNION,OR,32,2,Day,Cloudy,Main,Freight Train,49,12654,134065,146719,E53C,45.234617,-117.943893,36.1,31.9,30.7
PNRW,PN160718A,2016-07-18,1:17 PM,Hwy-rail crossing,0,RANLO,NC,84,2,Day,Clear,Main,Freight Train,26,112203,27477,139680,M302,35.277275,-81.120739,77.1,79.8,81.6
CSX,000179778,2018-11-10,7:05 AM,Hwy-rail crossing,0,CUMBERLAND,MD,36,1,Dawn,Clear,Main,Light loco(s),10,400,15520,15920,M303,39.655983,-78.766153,40,34.9,31.8
MNCW,73250,2020-09-30,3:08 AM,Other impacts,0,BREWSTER,NY,58,4,Dark,Rain,Yard,EMU,0,10789,0,10789,H018,41.408221,-73.621851,68.2,64.3,62
BNSF,SW0919109,2019-09-21,10:28 PM,Derailment,0,GRANTS,NM,72,4,Dark,Clear,Main,Freight Train,58,2000,314582,316582,E4TC,35.110657,-107.786974,61,58.6,56.2
BRC,14364,2020-04-29,7:27 AM,Derailment,0,BEDFORD PARK,IL,59,1,Dawn,Rain,Yard,,0,0,1000,52479,H303,41.769031,-87.759379,63.4,53.1,46.5
NS,151553,2022-11-25,3:30 AM,Derailment,0,GREENSBORO,NC,46,4,Dark,Rain,Yard,Freight Train,5,12003,8900,20903,H306,36.059098,-79.845507,48.8,53.4,49
NS,138641,2020-07-25,7:30 AM,Other impacts,0,BELLEVUE,OH,75,1,Dawn,Clear,Yard,Single Car,0,8388,1500,20356,H312,41.288298,-82.79778,74.4,74.7,79.1
CFE,CFE677815S,2015-01-08,2:00 PM,Other impacts,0,LIMA,OH,5,2,Day,Snow,Yard,Freight Train,4,155538,0,155538,H302,40.757161,-84.139658,9.3,3.6,11.7
WE,CA23005,2023-10-19,10:06 AM,Hwy-rail crossing,0,KIDRON,OH,60,2,Day,Cloudy,Main,Freight Train,33,11402,465,11867,M304,40.759903,-81.703566,50.8,53.6,54.3
UP,0517CB005,2017-05-08,5:30 AM,Obstruction,0,COLUMBUS,NE,60,1,Dawn,Clear,Main,Freight Train,50,60,46708,46768,M402,41.409883,-97.443956,70.9,75.5,66.5
FEC,X07021418,2018-02-14,8:11 PM,Hwy-rail crossing,0,BOCA RATON,FL,75,4,Dark,Clear,Main,,0,0,160,20692,M303,26.340083,-80.089584,76.8,76.2,74.3
BNSF,CH0720110,2020-07-14,4:00 PM,Rear end collision,0,ORRICK,MO,92,2,Day,Clear,Main,Spec. MoW Equip.,18,187500,0,375000,H997,39.191446,-94.137936,81.5,81.6,77.4
KCS,15010402,2015-01-04,1:45 PM,Other impacts,0,HEAVENER,OK,29,2,Day,Clear,Yard,Yard/switching,5,23127,0,23127,H018,34.889,-94.604,42.3,29.9,29.9
UP,0319GC050,2019-03-20,10:03 PM,Derailment,0,MANSFIELD,LA,56,4,Dark,Cloudy,Main,Freight Train,0,180011,116111,406974,E64C,32.136164,-93.479861,57.2,56.6,57.8
UP,0422GC002,2022-04-02,8:00 AM,Other impacts,0,LOTTIE,LA,59,2,Day,Clear,Yard,Single Car,10,0,0,16317,M201,30.517556,-91.5452,58.4,65.4,66.3
CSX,000198642,2021-07-03,11:38 AM,Side collision,0,LIMA,OH,74,2,Day,Cloudy,Yard,Light loco(s),2,55608,6734,109342,H017,40.792597,-84.09123,66.9,69.1,77.8
BNSF,SW1219108,2019-12-14,7:57 AM,Derailment,0,BELEN,NM,23,1,Dawn,Cloudy,Main,Freight Train,20,5000,77339,82339,H607,34.772895,-106.85938,43.8,48.1,44.6
BNSF,PR1222106,2022-12-15,5:26 AM,Other (describe in narrative),0,HARRISON,NE,24,1,Dawn,Snow,Main,Freight Train,45,93547,0,93547,E32C,42.839215,-103.526709,20.2,20.8,19.8
UP,0322GL001,2022-03-01,12:30 AM,Derailment,0,DES MOINES,IA,46,4,Dark,Cloudy,Yard,Yard/switching,10,659,92800,93459,T221,41.589572,-93.562562,44.5,47.9,48
NS,154393,2023-10-03,5:30 PM,Other impacts,0,MELVINDALE,MI,78,3,Dusk,Clear,Yard,Single Car,3,5000,15000,20000,H312,42.274369,-83.189284,67.9,69.8,72.7
UP,1219HL019,2019-12-23,6:00 PM,Derailment,0,COFFEYVILLE,KS,50,3,Dusk,Clear,Yard,Yard/switching,3,86734,57816,144550,H704,37.022345,-95.624567,34.5,40.4,49
BNSF,RD0417122,2017-04-27,5:49 PM,Derailment,0,ENID,OK,70,3,Dusk,Clear,Yard,Freight Train,8,37814,125136,162950,M204,36.412237,-97.858512,49.3,53.5,63.8
CSX,000169505,2017-06-10,10:30 PM,Derailment,0,KEARNY,NJ,85,4,Dark,Clear,Yard,Freight Train,10,74668,818,75486,H704,40.74302,-74.100028,69,76.4,82.3
BNSF,HL0117113,2017-01-16,9:19 PM,Derailment,0,OMAHA,NE,33,4,Dark,Rain,Yard,Yard/switching,4,1250,0,30950,H318,41.217914,-95.927959,31.1,33.4,29.7
KCS,18021201,2018-02-12,3:00 AM,Side collision,0,MOSSVILLE,LA,38,4,Dark,Clear,Yard,Yard/switching,1,7024,0,22062,H318,30.259581,-93.306702,52.9,43.8,51.7
CFE,CFE902921D,2021-10-07,7:41 PM,Derailment,0,FORT WAYNE,IN,75,4,Dark,Cloudy,Yard,Yard/switching,6,12317,40818,53135,E41C,41.055317,-85.083413,65.6,68.1,66.7
UP,0219HL004,2019-02-07,7:31 PM,Derailment,0,KANSAS CITY,KS,13,3,Dusk,Clear,Yard,Yard/switching,4,3081,15657,18738,H702,39.096228,-94.668384,25.5,17.8,15
LIRC,0103201901,2019-01-03,12:38 AM,Hwy-rail crossing,0,CLARKSVILLE,IN,41,4,Dark,Clear,Main,,0,0,25000,33493,M399,38.341978,-85.747525,43.2,40,42.2
NS,123774,2017-01-31,3:00 AM,Derailment,0,SHINROCK,OH,27,4,Dark,Snow,Yard,Freight Train,6,16404,14084,30488,H702,41.340151,-82.546879,24.7,32.8,34.6
BNSF,KS0415101,2015-04-02,4:55 AM,Derailment,0,WICHITA,KS,60,4,Dark,Clear,Main,,0,0,25741,295505,H607,37.711488,-97.330357,70,68,50.8
NS,114072,2015-01-28,9:40 AM,Other impacts,0,BELLEVUE,OH,18,2,Day,Clear,Yard,Yard/switching,3,16000,0,16000,M408,41.286173,-82.810424,16.1,15.8,31.6
LSRC,D230203,2023-02-03,7:47 AM,Derailment,0,KAWKAWLIN,MI,22,4,Dark,Clear,Main,Freight Train,10,65914,0,94738,M405,43.650911,-83.93771,22.8,7.7,18.5
BNSF,KS0516112,2016-05-18,12:45 PM,Other (describe in narrative),0,ALVA,OK,81,2,Day,Clear,Main,Maint./inspect Car,5,20000,0,20000,H997,36.81236,-98.69679,54.5,55.6,53.6
LI,69826,2019-05-25,3:02 AM,Side collision,0,SPEONK,NY,56,4,Dark,Clear,Main,Passenger Train - Pulling,30,245702,32566,450301,S009,40.820376,-72.698667,67.9,57.6,68.8
UP,1015PR018,2015-10-19,8:44 PM,Other (describe in narrative),0,NORTHLAKE,IL,60,3,Dusk,Cloudy,Yard,Single Car,10,54271,0,54271,H601,41.895953,-87.907423,45.6,59.2,63.3
CSX,000180252,2018-12-10,5:35 PM,Hwy-rail crossing,0,SHENANDOAH JUNCTION,WV,32,3,Dusk,Clear,Main,,0,0,0,66884,M303,39.362867,-77.864786,27.6,25.6,30
GTW,1077333,2021-07-19,5:20 AM,Derailment,0,TOLEDO,OH,66,1,Dawn,Clear,Yard,Freight Train,5,85105,3783,88888,T221,41.731474,-83.503952,75.3,76,76.9
BNSF,NW0619107,2019-06-19,7:05 AM,Derailment,0,CENTRALIA,WA,65,1,Dawn,Clear,Yard,Freight Train,9,13374,10100,23474,H307,46.731134,-122.947201,60.8,57.6,58
UP,0119GL028,2019-01-20,10:00 AM,Other impacts,0,MANKATO,MN,1,2,Day,Clear,Yard,Freight Train,0,51483,0,102529,H018,44.195356,-93.98713,-0.3,-1,6.3
CSX,000176534,2018-05-12,9:50 AM,Other impacts,0,SELKIRK,NY,48,2,Day,Cloudy,Yard,Single Car,24,28170,0,28170,M507,42.565903,-73.854184,57.7,48.1,54.9
CSX,000162890,2016-09-15,9:50 AM,Other impacts,0,HANCOCK,WV,68,2,Day,Clear,Main,Freight Train,40,23667,0,63667,H993,39.587763,-78.394649,67.5,65.2,68.3
BNSF,PR0715113,2015-07-27,8:50 PM,Side collision,0,WRIGHT,WY,55,3,Dusk,Clear,Industry,Freight Train,9,33200,0,49575,H307,43.842146,-105.363762,77.7,72,59.5
CSX,000202297,2022-01-08,7:09 AM,Other impacts,0,GRAFTON,WV,5,1,Dawn,Cloudy,Yard,Cut of cars,0,72877,0,101415,H306,39.340043,-80.018075,18.1,21.6,39.7
NS,156739,2024-05-16,9:15 PM,Derailment,0,FOREST ACRES,SC,67,4,Dark,Clear,Yard,Yard/switching,6,50036,7309,57345,M599,33.952355,-80.963288,73.4,72.8,71.9
WSOR,240814005,2024-08-14,2:07 PM,Hwy-rail crossing,0,RANDOM LAKE,WI,82,2,Day,Clear,Main,Freight Train,25,369983,120280,490263,M302,43.572,-87.954853,69.5,67.8,67.4
NS,152813,2023-04-11,5:26 PM,Other impacts,0,JUSTICE,WV,50,3,Dusk,Clear,Main,Spec. MoW Equip.,10,12449,0,13000,H606,37.593808,-81.723095,50.5,55,59.3
BNSF,CH1216112,2016-12-18,3:30 PM,Other impacts,0,ELWOOD,IL,-6,2,Day,Clear,Yard,Freight Train,10,181160,6000,324570,H305,41.399126,-88.154037,22.5,4,3.4
UP,0915TC012,2015-09-11,10:18 AM,Hwy-rail crossing,0,CHIPPEWA FALLS,WI,57,2,Day,Cloudy,Main,Work train,28,11430,0,11430,M304,44.886224,-91.42977,61.2,52.7,52.8
SCR,SCR240624,2024-06-24,5:55 PM,Fire/violent rupture,0,TUKWILA,WA,70,2,Day,Cloudy,Main,Passenger Train - Pulling,0,0,0,0,M406,47.306297,-122.23214,61.8,61.2,66.5
BNSF,NW1120118,2020-11-22,8:23 PM,Derailment,0,SEATTLE,WA,35,3,Dusk,Rain,Yard,Freight Train,5,232773,253000,485773,H607,47.495931,-122.271633,47.6,41.4,45.2
BNSF,RD0423112,2023-04-18,6:15 AM,Other (describe in narrative),0,JUSTIN,TX,52,1,Dawn,Clear,Yard,Yard/switching,6,2019,21000,23019,H318,32.996393,-97.354893,63.9,67.7,74.7
TCT,580301,2020-11-19,4:30 PM,Raking collision,0,TEXAS CITY,TX,70,2,Day,Clear,Yard,Yard/switching,5,50000,0,50000,H018,29.355408,-94.931848,65.7,71.2,73.1
UP,0620TO008,2020-06-04,12:45 PM,Other impacts,0,DALLAS,TX,89,2,Day,Cloudy,Yard,Freight Train,5,18448,165,32706,H021,32.710549,-96.74807,83.9,85,86.8
CSX,000205592,2022-06-14,12:25 PM,Obstruction,0,DILLON,SC,84,2,Day,Clear,Main,,0,0,0,25014,M503,34.403367,-79.382721,82,81.9,82.1
BNSF,NW0921109,2021-09-12,2:30 PM,Derailment,0,SPOKANE,WA,74,2,Day,Clear,Industry,Yard/switching,5,13944,1920,15864,H307,47.687174,-117.190846,61.6,62.6,62
CSX,000177257,2018-06-27,9:40 AM,Hwy-rail crossing,0,NEWPORT NEWS,VA,75,2,Day,Clear,Main,Freight Train,46,121,16099,16220,M308,37.165153,-76.550072,73.8,78.8,81.7
CSX,000188029,2020-01-24,1:55 AM,Side collision,0,BUFFALO,NY,34,4,Dark,Cloudy,Yard,Yard/switching,8,20050,200,20250,H306,42.901973,-78.773441,32.2,39.5,38.7
NS,124956,2017-05-05,8:45 AM,Derailment,0,CONWAY,PA,60,2,Day,Cloudy,Yard,Yard/switching,2,27896,19156,50877,E29C,40.672356,-80.251823,54.3,56.9,44.7
ATK,172396,2022-10-16,10:05 PM,Hwy-rail crossing,0,KENOSHA,WI,42,4,Dark,Cloudy,Main,Passenger Train - Pulling,78,16917,0,17067,M308,42.581731,-87.905009,43.6,44.9,39.9
CSX,000201810,2021-12-12,6:20 PM,Derailment,0,HUNTINGTON,WV,40,3,Dusk,Clear,Yard,Freight Train,2,36000,578,36578,H702,38.412764,-82.458459,56.1,36.9,38.4
CSX,000196608,2021-03-25,4:15 AM,Other impacts,0,GRAFTON,WV,45,1,Dawn,Clear,Yard,Single Car,5,8190,0,12016,E08C,39.339994,-80.018119,63.1,59.9,60.2
ATK,174963,2023-06-01,7:30 PM,Derailment,0,BOSTON,MA,75,2,Day,Clear,Yard,Yard/switching,5,3041,12600,15641,E64C,42.332794,-71.060058,62,71.6,71.4
BNSF,NW0419123,2019-04-27,9:25 AM,Derailment,0,SPOKANE,WA,50,2,Day,Clear,Yard,Yard/switching,10,66796,4000,70796,S101,47.674123,-117.33255,53.6,47.2,44.4
BNSF,TC0417101,2017-04-04,3:50 AM,Derailment,0,SUPERIOR,WI,39,4,Dark,Fog,Yard,Yard/switching,4,13478,6000,19478,E0HC,46.721089,-92.112544,39.6,45,39.5
BNSF,NW0623122,2023-06-29,1:16 PM,Derailment,0,VANCOUVER,WA,65,2,Day,Clear,Yard,Yard/switching,4,109242,27858,137100,H607,45.634427,-122.686599,69.6,73.1,71.1
BNSF,NW0521117,2021-05-25,1:00 PM,Other impacts,0,EVERETT,WA,70,2,Day,Clear,Yard,Yard/switching,8,250,0,40250,H309,47.999946,-122.184553,53.4,54.6,56.2
UP,0922HL011,2022-09-13,11:35 PM,Derailment,0,KANSAS CITY,MO,85,4,Dark,Clear,Yard,Yard/switching,7,164942,22422,187364,H702,39.114364,-94.570058,68.2,74.7,78.1
BNSF,TC1222102,2022-12-01,12:43 PM,Derailment,0,MENTOR,MN,25,2,Day,Clear,Main,Freight Train,48,11000,50000,61000,E53C,47.702206,-96.307068,6.9,17.5,13.4
UP,0422RM022,2022-04-16,3:41 AM,Derailment,0,KEMMERER,WY,30,4,Dark,Cloudy,Main,Freight Train,25,515357,205972,721329,E06L,41.769097,-110.335737,32.7,37.3,33.7
UP,1223PR009,2023-12-13,6:15 AM,Derailment,0,ADAMS,WI,25,1,Dawn,Clear,Main,Freight Train,5,400,27555,27955,H702,43.965046,-89.861299,26.1,27.3,37.9
BNSF,RD0819131,2019-08-23,9:25 AM,Derailment,0,SWEETWATER,TX,98,2,Day,Clear,Yard,Freight Train,7,18971,50000,68971,H607,32.503439,-100.398371,84.6,78.4,80.1
NS,133347,2019-03-25,8:15 PM,Derailment,0,ASHEVILLE,NC,52,4,Dark,Rain,Main,Freight Train,4,36696,19533,56229,E30C,35.584402,-82.565625,51,51.9,49.4
BNSF,KS0415107,2015-04-24,12:30 PM,Other (describe in narrative),0,AMARILLO,TX,73,2,Day,Clear,Yard,Light loco(s),2,0,0,102235,H318,35.196907,-101.829516,59.4,63.7,66.6
NS,145127,2022-04-30,9:51 AM,Other impacts,0,MASCOT,TN,72,2,Day,Clear,Yard,Cut of cars,0,25000,0,28017,H307,36.033044,-83.817204,63.7,68.6,70.5
UP,0720PN010,2020-07-09,9:05 PM,Hwy-rail crossing,0,TACOMA,WA,70,4,Dark,Clear,Yard,Freight Train,3,122767,0,122767,M308,47.251461,-122.404882,61.7,61.5,61.3
RCPE,RCP340623S,2023-02-24,3:30 AM,Side collision,0,ALADDIN,WY,-15,4,Dark,Cloudy,Industry,Freight Train,5,35000,1500,36500,H306,44.869606,-104.161272,-12.4,-2.4,35.1
BNSF,PR1116102,2016-11-04,9:34 PM,Derailment,0,CASPER,WY,59,4,Dark,Clear,Yard,Yard/switching,5,88689,0,88689,H307,42.854263,-106.32344,47.9,44.5,48.4
NS,143768,2021-12-15,2:59 PM,Other impacts,0,ENOLA,PA,53,2,Day,Clear,Yard,Yard/switching,6,177793,63909,241702,E30C,40.299197,-76.924148,41.7,41.3,54.5
BNSF,CH0315107,2015-03-31,3:45 PM,Obstruction,0,BAY CITY,WI,68,2,Day,Clear,Main,Maint./inspect Car,0,35000,0,58000,H997,44.584854,-92.43944,42.6,45.8,59.7
BNSF,NW0919101,2019-09-02,7:15 AM,Derailment,0,EVERETT,WA,57,1,Dawn,Clear,Yard,Freight Train,5,15073,3500,18573,H525,48.004066,-122.186702,66.6,63.9,65
WC,1091596,2022-01-02,8:10 PM,Other (describe in narrative),0,SUPERIOR,WI,-3,4,Dark,Clear,Main,Light loco(s),3,0,15000,15000,H702,46.65194,-92.157028,-8.9,-7.7,5.4
WC,1101366,2022-04-29,11:00 PM,Other (describe in narrative),0,GREEN BAY,WI,51,4,Dark,Clear,Yard,Freight Train,0,37082,0,124967,H307,44.528015,-88.014598,41.8,50.7,49.4
UP,0121HO002,2021-01-04,10:07 PM,Side collision,0,EAGLE LAKE,TX,54,4,Dark,Clear,Main,Freight Train,4,409956,60729,476594,H306,29.583237,-96.327119,53.6,56.8,58.6
PAL,2016NOV1D,2016-11-01,9:45 PM,Derailment,0,CALVERT CITY,KY,68,4,Dark,Clear,Industry,Freight Train,10,400000,72450,472450,E4BC,37.0359,-88.3688,68.4,71.9,67.9
NS,114279,2015-02-09,7:45 PM,Derailment,0,CHATTANOOGA,TN,46,3,Dusk,Cloudy,Yard,Yard/switching,4,1300,0,13805,H399,35.10095,-85.233074,52.6,53.1,40.3
UP,0316TC003,2016-03-07,11:50 PM,Derailment,0,SHAKOPEE,MN,58,4,Dark,Clear,Siding,Freight Train,3,9217,792,11304,M404,44.796853,-93.532295,45,55.6,56.5
CSX,000171428,2017-09-03,12:19 PM,Derailment,0,RACINE,WV,86,2,Day,Clear,Main,Freight Train,18,80878,71200,152078,E47C,38.14174,-81.65959,61.1,64.6,69.1