reportingrailroadcode,accidentnumber,date,time,accidenttype,hazmatreleasedcars,station,stateabbr,temperature,visibility_code,visibility,weathercondition,tracktype,equipmenttype,trainspeed,equipmentdamagecost,trackdamagecost,totaldamagecost,primaryaccidentcausecode,latitude,longitude,prior_temp,actual_temp,following_temp
UP,0724PR003,2024-07-03,12:40 AM,Other impacts,0,ALTOONA,WI,66,4,Dark,Clear,Yard,Cut of cars,0,11387,0,110910,H312,44.804888,-91.422184,63.4,73.9,65.3
BNSF,TC0416104,2016-04-11,11:25 AM,Derailment,0,FRIDLEY,MN,40,2,Day,Clear,Yard,Yard/switching,4,12500,62671,75171,H506,45.040589,-93.270232,46,36.4,37.4
BNSF,NW0319131,2019-03-30,8:00 AM,Derailment,0,BURLINGTON,WA,39,1,Dawn,Clear,Yard,Cut of cars,0,40000,0,45579,H306,48.468212,-122.32825,51,51.1,49.8
UP,1020RM014,2020-10-20,5:30 AM,Derailment,0,GREEN RIVER,WY,43,1,Dawn,Cloudy,Yard,Freight Train,5,34854,1320,36174,E09C,41.520016,-109.449814,52.2,50.4,51.7
CSX,000191599,2020-07-26,3:30 PM,Obstruction,0,SPRINGFIELD,WV,91,2,Day,Clear,Main,Maint./inspect Car,17,44814,0,45039,H997,39.547517,-78.692461,78.6,79.9,81.9
UP,1023HO044,2023-10-30,5:05 AM,Derailment,0,LA PORTE,TX,51,1,Dawn,Cloudy,Yard,Yard/switching,7,491050,264682,1484795,H702,29.655169,-95.038912,77,50.3,51.8
BNSF,NW0923110,2023-09-15,6:37 PM,Derailment,0,PASCO,WA,78,3,Dusk,Clear,Yard,Yard/switching,5,2610,35581,170737,M411,46.272333,-119.102735,66.5,66.8,66.9
CP,1000840201,2018-09-20,6:15 PM,Derailment,0,DRESSER,WI,41,3,Dusk,Rain,Main,Freight Train,5,4124,0,82023,H522,45.352731,-92.635236,59.4,61,53.9
BNSF,NW0623123,2023-06-29,11:59 AM,Derailment,0,SPOKANE,WA,87,2,Day,Cloudy,Yard,Yard/switching,8,12533,0,12533,H312,47.668934,-117.340712,71.7,76.7,77
NS,140554,2021-02-10,6:25 AM,Derailment,0,CHICAGO,IL,6,1,Dawn,Clear,Main,Freight Train,4,403274,4652,582926,H522,41.713555,-87.534642,9.5,12.1,15
NS,151571,2022-11-28,12:57 PM,Derailment,0,BELLEVUE,OH,41,2,Day,Clear,Yard,Freight Train,0,0,0,32061,H501,41.273331,-82.834591,45.6,40,46.9
NS,153688,2023-07-21,8:00 PM,Other (describe in narrative),0,CHATTANOOGA,TN,70,4,Dark,Rain,Yard,Light loco(s),5,16115,329,16444,H702,35.060735,-85.2668,75.2,77.2,78.8
NS,120185,2016-04-19,12:41 AM,Derailment,0,WILLIAMSON,WV,87,4,Dark,Clear,Yard,Freight Train,3,13167,75,13242,H306,37.672216,-82.276213,70.6,71.1,71.2
BNSF,NW0718116,2018-07-13,11:51 PM,Derailment,0,TACOMA,WA,70,4,Dark,Clear,Yard,Yard/switching,10,1500,17500,19000,H306,47.243654,-122.414404,71.7,71.1,69.7
CSX,000150512,2015-08-13,1:30 AM,Derailment,0,NEW MARTINSVILLE,WV,68,4,Dark,Clear,Industry,Freight Train,8,84287,2500,86787,T220,39.628383,-80.868292,68.7,66.6,69.8
UP,1016NP006,2016-10-05,8:35 PM,Fire/violent rupture,0,MANVILLE,WY,49,2,Day,Cloudy,Main,Freight Train,12,61401,0,61401,E79L,42.757337,-104.824771,45.8,41.9,38
UP,1116UT008,2016-11-10,9:41 PM,Derailment,0,MILFORD,UT,35,4,Dark,Clear,Siding,Freight Train,5,5503,35101,40604,H306,38.508149,-112.98426,47.8,47.1,47.8
UP,0115PR013,2015-01-19,6:30 PM,Other impacts,0,BUTLER,WI,30,3,Dusk,Cloudy,Yard,Yard/switching,0,9732,2385,12230,H702,43.113062,-88.064047,36.4,32.3,31.4
WC,1132866,2023-05-14,4:40 PM,Side collision,0,GREEN BAY,WI,54,2,Day,Clear,Yard,Cut of cars,2,0,0,97595,H310,44.532248,-88.018684,61.4,53.8,57.2
NS,156896,2024-05-30,5:40 AM,Other impacts,0,PORTSMOUTH,OH,65,1,Dawn,Clear,Yard,Cut of cars,7,27487,6060,33547,H318,38.744826,-82.941788,61.5,61.2,60.4
BNSF,NW1223120,2023-12-28,6:37 AM,Derailment,0,KALAMA,WA,40,1,Dawn,Rain,Yard,,0,0,19063,23594,H307,46.012081,-122.84849,47.6,46.3,48.1
NS,125118,2017-05-19,12:10 AM,Derailment,0,SAXON,SC,73,4,Dark,Clear,Yard,Freight Train,4,12407,200,12607,H307,34.961175,-81.957445,72.7,75.4,74.8
BNSF,PR0620109,2020-06-21,10:20 PM,Derailment,0,GILLETTE,WY,65,4,Dark,Clear,Main,Freight Train,16,45000,0,45000,E21C,44.126302,-105.299074,65.4,64.7,64.3
RCPE,RCP496623O,2023-08-07,2:30 PM,Derailment,0,ALADDIN,WY,55,2,Day,Rain,Industry,Cut of cars,5,30000,15000,45000,M504,44.870969,-104.156057,62.8,59,61.2
BNSF,TC0416109,2016-04-19,6:40 PM,Derailment,0,MINNEAPOLIS,MN,55,3,Dusk,Clear,Yard,Yard/switching,5,1179,10500,11679,M411,45.033445,-93.271313,68.1,53.5,57.4
BNSF,HL1222201,2022-12-19,5:35 PM,Hwy-rail crossing,0,SHERMAN,MS,40,3,Dusk,Clear,Main,Freight Train,54,6000,6000,12000,M302,34.358577,-88.841105,36.3,38,43.7
ATK,168270,2021-09-06,3:23 PM,Hwy-rail crossing,0,CALEDONIA,WI,75,2,Day,Clear,Main,Passenger Train - Pulling,79,21443,0,21443,M308,42.832955,-87.926918,70.6,67.7,71.3
WC,1073786,2021-06-16,1:31 AM,Derailment,0,MERRILL,WI,45,4,Dark,Clear,Main,Freight Train,17,688425,115180,803605,M503,45.179155,-89.679846,66.5,65,72.7
BNSF,PR0521111,2021-05-26,3:40 PM,Rear end collision,0,POWDER RIVER,WY,65,2,Day,Clear,Main,Spec. MoW Equip.,10,25000,0,150000,H997,43.030339,-106.797748,58.3,56,53.8
CSX,000149045,2015-07-10,5:50 PM,Obstruction,0,MEADOW CREEK,WV,72,2,Day,Clear,Main,Freight Train,27,45000,50,45050,H402,37.798182,-80.920174,72.1,72.4,70.2
CSX,000176535,2018-05-12,10:49 PM,Other impacts,0,SELKIRK,NY,45,4,Dark,Cloudy,Yard,Single Car,18,22177,0,22177,S016,42.565903,-73.854184,57.7,48.1,54.9
BNSF,CH1216102,2016-12-04,12:01 AM,Derailment,0,GALESBURG,IL,31,4,Dark,Clear,Yard,Yard/switching,8,8500,22000,30500,H307,40.940097,-90.367779,33.7,32.4,33.4
NS,133700,2019-04-25,11:45 AM,Derailment,0,DAVY,WV,70,2,Day,Clear,Main,Freight Train,35,18692,35553,54245,E85C,37.453563,-81.70575,64.8,65.2,52.1
CSX,000157050,2016-02-12,12:20 PM,Derailment,0,JACKSON,TN,48,2,Day,Clear,Yard,Yard/switching,5,48407,502,48909,T220,35.595487,-88.88738,35.6,38.1,28.2
BNSF,SW0420102,2020-04-06,12:05 AM,Derailment,0,BELEN,NM,40,4,Dark,Clear,Yard,Yard/switching,9,28270,7700,35970,H309,34.647219,-106.76852,57.1,60.3,58
WE,240053,2024-06-19,4:00 AM,Derailment,0,BREWSTER,OH,70,4,Dark,Clear,Yard,Yard/switching,10,38700,46912,85612,E64C,40.707003,-81.598179,80.6,79.3,80.6
BNSF,RD0620119,2020-06-22,6:47 AM,Derailment,0,TULSA,OK,70,1,Dawn,Cloudy,Yard,Light loco(s),4,30000,400,30400,H607,36.127579,-96.012585,79,80.6,78.9
IHB,2291,2017-03-08,7:25 PM,Other impacts,0,HAMMOND,IN,43,4,Dark,Clear,Yard,Freight Train,5,11965,0,11965,H018,41.607356,-87.484868,50.5,45.3,36.3
IC,927796,2017-06-30,11:30 PM,Side collision,0,BATON ROUGE,LA,80,4,Dark,Cloudy,Main,Cut of cars,3,3000,0,15638,H018,30.472348,-91.188301,74.7,82.6,84.2
BNSF,PR0824102,2024-08-09,3:46 PM,Derailment,0,FRANNIE,WY,70,2,Day,Clear,Industry,Freight Train,1,13165,0,13165,H307,44.998498,-108.626574,59.9,62.2,62.1
NS,151971,2023-01-11,2:33 AM,Derailment,0,GALLITZIN,PA,28,4,Dark,Clear,Main,Freight Train,7,7200,21273,28473,H506,40.476952,-78.562877,33.1,32.4,38.3
UP,0119GL062,2019-01-29,9:00 PM,Other (describe in narrative),0,SUPERIOR,WI,-36,4,Dark,Clear,Yard,Freight Train,0,21282,0,21282,M199,46.67427,-92.01001,6.7,-12.9,-19.6
UP,0823GL050,2023-08-30,9:30 PM,Other impacts,0,SUPERIOR,WI,64,4,Dark,Clear,Yard,Cut of cars,0,0,0,109221,H307,46.681169,-92.018752,63.7,59.1,60.3
BNSF,CH0918102,2018-09-03,11:45 PM,Derailment,0,PRAIRIE DU CHIEN,WI,72,4,Dark,Rain,Main,Freight Train,55,1850,1567311,1569161,M103,43.11742,-91.142045,70.6,70.1,77.7
NS,139249,2020-09-24,12:05 PM,Hwy-rail crossing,0,NORTHFORK,WV,65,2,Day,Clear,Main,Freight Train,25,6539,11456,17995,M303,37.416249,-81.435933,55.3,56.8,56.6
CSX,000201761,2021-12-08,2:15 PM,Derailment,0,LAKE CITY,SC,56,2,Day,Clear,Industry,Freight Train,4,104053,1328,105381,H514,33.831642,-79.768314,55.9,46.6,41.6
KCS,20052102,2020-05-21,1:45 PM,Hwy-rail crossing,0,PITTSBURG,TX,85,2,Day,Cloudy,Main,Freight Train,38,76103,45735,121838,M308,33.000925,-94.959183,70.6,74.6,79.4
BNSF,HL0222106,2022-02-05,8:21 AM,Derailment,0,LINCOLN,NE,46,1,Dawn,Clear,Yard,Freight Train,5,93861,120000,216317,H307,40.80905,-96.740028,17.3,33.1,32.7
BNSF,HL0918123,2018-09-25,5:18 AM,Derailment,0,ST LOUIS,MO,73,1,Dawn,Clear,Yard,Yard/switching,3,1500,9500,11000,H607,38.603395,-90.311846,71.5,76.1,63.4
UP,1118TC012,2018-11-22,7:00 AM,Fire/violent rupture,0,MERRILLAN,WI,25,2,Day,Cloudy,Main,Freight Train,35,234513,150,234663,E79L,44.372988,-90.8145,26.1,29.1,36.9
UP,0115DV016,2015-01-16,7:00 PM,Fire/violent rupture,0,WALCOTT,WY,30,4,Dark,Cloudy,Main,Freight Train,49,11829,0,11829,E74L,41.761067,-106.842533,28.4,34,30.6
WC,986645,2019-02-04,8:47 AM,Derailment,0,WISCONSIN RAPIDS,WI,30,2,Day,Cloudy,Yard,Freight Train,1,25000,450,25450,M599,44.413275,-89.845593,40.2,32.2,17.4
CSX,000161098,2016-07-06,5:05 PM,Other impacts,0,NEW MARTINSVILLE,WV,87,2,Day,Clear,Yard,Cut of cars,4,6319,63,19566,H020,39.634445,-80.864151,74.7,76.7,74
WSOR,221226002,2022-12-26,11:00 AM,Derailment,0,JANESVILLE,WI,15,2,Day,Clear,Yard,Freight Train,6,43500,0,43500,E99C,42.677231,-89.049368,6.8,12.4,11.4
WC,1131804,2023-04-21,8:40 AM,Derailment,0,FOND DU LAC,WI,40,2,Day,Clear,Yard,Freight Train,4,3109,26344,29453,H307,43.791667,-88.456421,54.4,46.5,38.9
UP,1121GC034,2021-11-30,10:30 PM,Other impacts,0,BEAUMONT,TX,56,4,Dark,Clear,Yard,Yard/switching,4,72623,1380,81298,H318,30.07355,-94.144249,54.5,58.4,62.6
BNSF,NW0423101,2023-04-08,1:40 AM,Other impacts,0,TACOMA,WA,42,4,Dark,Cloudy,Yard,Yard/switching,4,56020,0,56020,H318,47.243582,-122.413736,50,48.4,50.3
WC,845809,2015-04-03,2:00 AM,Other impacts,0,STEVENS POINT,WI,42,4,Dark,Clear,Yard,Yard/switching,4,11557,113,11670,H302,44.512985,-89.557011,55.8,35.6,38
BNSF,NW0919103,2019-09-04,8:40 AM,Derailment,0,SEATTLE,WA,70,1,Dawn,Clear,Yard,Yard/switching,7,29970,42053,72523,H306,47.643475,-122.381516,69.5,67,68.8
UP,0217PD063,2017-02-24,9:30 PM,Derailment,0,TOUCHET,WA,31,4,Dark,Clear,Main,Freight Train,10,8695,3836,12531,E61C,46.010884,-118.96241,34,34.4,34.3
BNSF,NW0624109,2024-06-22,3:32 PM,Derailment,0,SEATTLE,WA,72,2,Day,Clear,Yard,Freight Train,9,31050,265634,298335,H607,47.656654,-122.386796,72.6,66.7,62.6
UP,0416DV005,2016-04-05,11:00 AM,Other (describe in narrative),0,CRESTON,WY,35,2,Day,Clear,Main,Freight Train,50,2937,18789,21726,E61C,41.703053,-107.894662,48.3,40.9,44.3
UP,0620GP031,2020-06-30,8:30 PM,Derailment,0,CHEYENNE,WY,70,4,Dark,Cloudy,Yard,Yard/switching,4,145893,2579,148472,H504,41.123313,-104.836083,74.1,61.6,67.4
BNSF,PR1115113,2015-11-28,3:24 AM,Other (describe in narrative),0,ARVADA,WY,1,4,Dark,Clear,Main,Freight Train,43,9413,31700,41113,E36C,44.577248,-106.014603,8.4,16.1,21.4
BNSF,KS0822102,2022-08-05,7:20 PM,Derailment,0,AMARILLO,TX,90,3,Dusk,Clear,Yard,Freight Train,3,53341,2500,55841,E34C,35.211929,-101.822056,80.1,83.9,85.3
PSAP,PSA491520D,2020-07-19,4:42 PM,Derailment,0,CENTRALIA,WA,88,2,Day,Clear,Yard,Freight Train,3,89663,0,97463,H505,46.72765,-122.951405,65.3,71,74.1
UP,0121HO002,2021-01-04,10:07 PM,Side collision,0,EAGLE LAKE,TX,54,4,Dark,Clear,Main,Freight Train,0,5909,0,476594,H306,29.583237,-96.327119,53.6,56.8,58.6
ATK,142184,2016-04-30,2:45 PM,Other (describe in narrative),0,BOSTON,MA,60,2,Day,Clear,Yard,Passenger Train - Pulling,5,17913,0,17913,H993,42.323141,-71.053082,46.9,49.2,47.3
NS,121630,2016-08-09,4:30 PM,Obstruction,0,WAR,WV,90,3,Dusk,Clear,Main,Spec. MoW Equip.,12,20000,0,68000,H997,37.340842,-81.716883,70.6,73.4,75.6
PNR,PNR171906,2017-10-20,6:45 PM,Derailment,0,BORGER,TX,55,3,Dusk,Clear,Yard,Yard/switching,6,25177,0,25177,H020,35.66795,-101.3904,65.9,69.2,64
UP,0120GL008,2020-01-12,3:56 PM,Derailment,0,KNAPP,WI,18,2,Day,Cloudy,Main,Freight Train,47,2187743,259399,2447142,T221,44.947857,-92.044054,9.5,9.6,17.3
UP,0722SX006,2022-07-04,11:59 PM,Other impacts,0,SAN ANTONIO,TX,84,4,Dark,Clear,Yard,Yard/switching,10,289209,45184,337436,H318,29.435088,-98.448701,86.6,86.7,87.5
BNSF,TC0315129,2015-03-13,4:00 PM,Derailment,0,MINOT,ND,50,2,Day,Clear,Main,Spec. MoW Equip.,10,15000,0,45000,H997,48.23762,-101.264009,44.3,41.3,50.4
UP,0815SA012,2015-08-14,5:50 AM,Raking collision,0,SAN ANTONIO,TX,79,4,Dark,Clear,Yard,Light loco(s),10,3223,0,11017,H509,29.436455,-98.468057,87.9,88.4,86
UP,0722PN016,2022-07-20,1:00 AM,Derailment,0,SEATTLE,WA,67,4,Dark,Clear,Industry,Freight Train,4,6600,14986,21586,H702,47.561897,-122.328278,67.8,72,69
UP,0415NP015,2015-04-16,3:22 AM,Other (describe in narrative),0,BILL,WY,34,4,Dark,Cloudy,Main,Light loco(s),6,0,0,50000,H307,43.482932,-105.30397,38.9,37.5,38.2
BNSF,CH0220106,2020-02-10,4:59 AM,Derailment,0,LA CROSSE,WI,3,1,Dawn,Clear,Yard,Yard/switching,6,1086,37575,38661,M101,43.860629,-91.22999,20.2,12.1,21
BNSF,NW1222116,2022-12-21,6:45 PM,Derailment,0,TACOMA,WA,21,3,Dusk,Clear,Yard,Yard/switching,3,15777,6000,21777,H306,47.249185,-122.427243,35.1,27.2,23.2
WIR,01,2017-07-21,6:30 PM,Derailment,0,SPANGLE,WA,75,2,Day,Clear,Main,Freight Train,7,500000,5000,505000,M599,47.396303,-117.378915,71.4,67.6,73.8
UP,1020ES038,2020-10-19,11:15 AM,Derailment,0,GRANITE CANON,WY,50,2,Day,Cloudy,Main,Spec. MoW Equip.,3,17776,0,17776,M599,41.100938,-105.24083,32.7,50.1,49.3
UP,0616HO040,2016-06-24,2:00 PM,Other impacts,0,HOUSTON,TX,92,2,Day,Cloudy,Yard,Single Car,0,659,0,11527,M204,29.807805,-95.292335,84.5,84.1,84.3
BNSF,NW0618112,2018-06-25,3:36 PM,Derailment,0,SPOKANE,WA,80,2,Day,Clear,Yard,Yard/switching,4,1000,60000,61000,H318,47.67051,-117.332908,70.6,69.1,61.1
UP,1218HL013,2018-12-18,6:05 PM,Derailment,0,WICHITA,KS,48,3,Dusk,Clear,Yard,Yard/switching,0,3393,22830,26223,E39C,37.735167,-97.318594,40.5,41.7,43.8
CSX,000206429,2022-07-30,6:24 AM,Obstruction,0,FAYETTEVILLE,WV,70,1,Dawn,Clear,Main,Freight Train,25,19779,0,19779,M404,38.083661,-81.086553,73.1,69,69
CP,1000732503,2018-04-06,1:20 PM,Hwy-rail crossing,0,ASTICO,WI,30,2,Day,Clear,Main,,0,0,360,34499,M302,43.321794,-88.911432,28,28.3,23.3
CSX,000167261,2017-03-07,3:11 PM,Hwy-rail crossing,0,NEWBURGH,NY,52,2,Day,Cloudy,Siding,Spec. MoW Equip.,0,850000,0,1888187,M303,41.4894,-74.009238,29,41,50.1
UP,0916UT003,2016-09-12,10:18 AM,Derailment,0,SALT LAKE CITY,UT,80,2,Day,Clear,Yard,Yard/switching,7,48944,500,49444,M206,40.724169,-111.908722,73.4,75.6,63.8
PW,160503,2016-05-20,12:40 AM,Derailment,0,OLD SAYBROOK,CT,53,4,Dark,Clear,Main,Single Car,5,734,0,15934,H099,41.305671,-72.36598,55.7,58,55.9
UP,0721RM033,2021-07-30,6:00 PM,Derailment,0,GREEN RIVER,WY,82,3,Dusk,Clear,Industry,Light loco(s),6,13343,6928,20271,H307,41.577408,-109.693114,69.8,69.2,66.7
BNSF,RD0822117,2022-08-16,3:25 AM,Derailment,0,TULSA,OK,68,4,Dark,Clear,Yard,Yard/switching,5,8500,25000,33500,E46C,36.125999,-96.011117,88.7,90,74.2
WRL,20193,2019-05-07,10:00 AM,Hwy-rail crossing,0,OLYMPIA,WA,60,2,Day,Cloudy,Main,Freight Train,9,15000,65000,80000,M308,46.895323,-122.966318,60.2,59.4,60
LI,EQ20160404,2016-04-27,12:11 PM,Derailment,0,GLENDALE,NY,55,2,Day,Clear,Yard,Freight Train,5,4000,0,57355,H704,40.706497,-73.880017,53.4,51.6,52.1
UP,0820RM038,2020-08-22,5:07 AM,Derailment,0,BOSLER,WY,51,1,Dawn,Clear,Main,Freight Train,47,3160675,1356920,4517595,M204,41.53425,-105.671581,67.1,68.2,70.8
UP,0317HO010,2017-03-07,4:25 AM,Derailment,0,BAYTOWN,TX,71,4,Dark,Clear,Main,Freight Train,4,70950,28159,99109,H607,29.778076,-94.899345,71.7,71.7,64.4
CSX,000212667,2023-08-02,10:30 PM,Derailment,0,INDIANAPOLIS,IN,72,4,Dark,Cloudy,Yard,Freight Train,6,39169,23481,62650,M405,39.759798,-86.327516,72,72.8,76.6
BNSF,NW0122105,2022-01-05,1:18 PM,Derailment,0,TYLER,WA,21,2,Day,Snow,Main,Freight Train,37,193444,211908,405352,M201,47.44781,-117.71775,27.3,24.3,27.2
CSX,000163674,2016-10-15,9:38 PM,Fire/violent rupture,0,LESAGE,WV,60,4,Dark,Cloudy,Main,Freight Train,30,30550,100,30650,M406,38.471148,-82.307772,53.9,63.2,67.7
UP,0518FW002,2018-05-01,6:15 PM,Hwy-rail crossing,0,BARSTOW,TX,71,2,Day,Clear,Main,Freight Train,60,2034196,340496,2374692,M302,31.460612,-103.382951,74.2,74.1,77.3
BNSF,NW0119107,2019-01-19,5:50 AM,Derailment,0,APPLEYARD,WA,35,1,Dawn,Clear,Yard,Freight Train,5,11124,100000,111124,H993,47.390276,-120.289004,33,33.1,32.9
BNSF,NW0323117,2023-03-27,12:50 PM,Derailment,0,SEATTLE,WA,55,2,Day,Clear,Yard,Yard/switching,5,12934,28090,41024,H607,47.656665,-122.386813,42.9,45.3,53.3
BNSF,TC0420102,2020-04-11,5:14 PM,Derailment,0,GRAND FORKS,ND,35,3,Dusk,Clear,Yard,Yard/switching,5,7000,14000,21000,H702,47.918172,-97.07443,36.1,34.6,28
UP,0115NP023,2015-01-18,11:20 PM,Derailment,0,MANVILLE,WY,32,4,Dark,Clear,Main,Freight Train,16,9230,193111,202341,E53C,42.779404,-104.67831,36.1,45,38
BNSF,RD0619101,2019-06-01,6:47 AM,Derailment,0,MADILL,OK,80,1,Dawn,Clear,Siding,Freight Train,4,4523,18900,23423,H303,34.096375,-96.767467,72.8,72.7,73.6
BNSF,NW0319109,2019-03-07,8:16 AM,Derailment,0,PARKWATER,WA,27,1,Dawn,Cloudy,Yard,Yard/switching,5,3000,17000,20000,H306,47.674121,-117.314218,35.6,30.5,28.8
BNSF,CH1116110,2016-11-19,4:06 AM,Derailment,0,HODGKINS,IL,37,1,Dawn,Cloudy,Yard,Yard/switching,5,8000,30000,38000,H306,41.754702,-87.869911,57.5,36.2,29.8
TMBL,04302019A,2019-04-30,2:55 AM,Raking collision,0,TACOMA,WA,42,4,Dark,Cloudy,Yard,Yard/switching,4,1000,0,41000,H306,47.24921,-122.3961,52.4,52.5,51
BNSF,CH0221105,2021-02-05,10:10 AM,Derailment,0,CICERO,IL,5,2,Day,Clear,Yard,Light loco(s),2,17000,5000,22000,H607,41.836939,-87.770927,32.3,13.7,9.1
UP,1220GL013,2020-12-21,5:13 PM,Derailment,0,ADAMS,WI,32,2,Day,Cloudy,Main,Freight Train,10,1620,17851,19471,H303,43.950795,-89.817471,27.9,33.7,31.9
CRSH,122745,2016-11-12,7:15 PM,Side collision,0,NEWARK,NJ,52,3,Dusk,Clear,Yard,Yard/switching,4,129195,0,320685,H020,40.703418,-74.127859,51.7,43.7,47.3
BNSF,PR0415103,2015-04-13,12:52 AM,Derailment,0,GILLETTE,WY,32,4,Dark,Clear,Yard,Yard/switching,3,14449,0,14449,H311,44.290141,-105.283183,41.6,44.8,62.2
WC,1098644,2022-04-01,4:30 PM,Side collision,0,GREEN BAY,WI,41,2,Day,Cloudy,Yard,Light loco(s),5,20729,0,34519,H020,44.528078,-88.014665,32.9,34.2,36.3
BB,2020D0521,2020-05-21,4:30 PM,Derailment,0,DOSWELL,VA,62,2,Day,Rain,Main,Freight Train,10,17000,2500,19500,M101,37.888579,-77.514855,54.6,60.4,70.8
UP,0818PR014,2018-08-20,9:40 PM,Derailment,0,MILWAUKEE,WI,66,4,Dark,Rain,Yard,Yard/switching,7,427470,527331,954801,T220,43.099995,-88.062985,72.2,74.1,70.7
BNSF,PR0618103,2018-06-05,11:25 AM,Other (describe in narrative),0,GILLETTE,WY,77,2,Day,Clear,Industry,Freight Train,5,0,18000,18000,H607,44.094067,-105.337549,70.8,72.2,66.3
UP,1023SX017,2023-10-13,10:30 PM,Derailment,0,SAN ANTONIO,TX,79,4,Dark,Cloudy,Yard,Light loco(s),5,250,14200,14450,H607,29.435271,-98.454882,74.4,80.6,73
UP,1223PN028,2023-12-28,6:37 AM,Derailment,0,KALAMA,WA,45,1,Dawn,Rain,Siding,Light loco(s),3,4531,0,23594,H307,46.012081,-122.84849,47.6,46.3,48.1
UP,1123RM017,2023-11-10,4:30 PM,Derailment,0,CHEYENNE,WY,51,2,Day,Clear,Main,Freight Train,23,442205,100963,543168,E79L,41.090389,-104.983086,31.2,34.2,41.6
NS,125145,2017-05-21,7:50 AM,Side collision,0,SHELOCTA,PA,60,1,Dawn,Clear,Industry,Freight Train,0,76047,0,146285,H022,40.649421,-79.283207,59.5,61.1,60.9
CSX,000152796,2015-10-03,9:50 AM,Head on collision,0,BUCHANAN,VA,48,2,Day,Rain,Main,Maint./inspect Car,10,15940,0,15940,H699,37.566726,-79.736531,52.1,50,53.4
UP,1219RM017,2019-12-26,3:35 AM,Derailment,0,HANNA,WY,26,4,Dark,Snow,Main,Freight Train,63,1386850,1231576,2618426,E53C,41.910462,-106.38554,30.1,23.2,6.8
UP,0218NP011,2018-02-07,10:30 AM,Derailment,0,DOUGLAS,WY,44,2,Day,Clear,Main,Freight Train,13,27567,0,235317,E53C,43.025421,-105.264582,23.6,31.5,40.5
UP,0915PR021,2015-09-29,5:02 PM,Rear end collision,0,SAINT FRANCIS,WI,68,2,Day,Cloudy,Main,Work train,0,7650,0,26439,H221,42.981054,-87.883742,69.8,58.6,55.6
BNSF,NW0123101,2023-01-01,1:40 PM,Derailment,0,KENNEWICK,WA,40,2,Day,Clear,Yard,Freight Train,9,213321,244060,457381,E64C,46.213302,-119.135354,39.4,32.8,33.5
BNSF,TC0417116,2017-04-29,6:35 AM,Derailment,0,SUPERIOR,WI,29,1,Dawn,Clear,Yard,Freight Train,9,56950,210000,266950,E69C,46.655297,-92.057439,38.8,37.5,38.7
NS,115129,2015-04-04,9:47 PM,Other impacts,0,WEST FAIRVIEW,PA,47,4,Dark,Clear,Yard,Light loco(s),3,12503,1549,114052,H999,40.279833,-76.922471,59.9,50.1,52.5
UP,0521TO031,2021-05-30,4:07 PM,Derailment,0,EL PASO,TX,91,2,Day,Clear,Main,Freight Train,9,434811,201770,636581,H518,31.771409,-106.472655,81.6,81.1,79.4
UP,0921TO003,2021-09-05,11:30 AM,Derailment,0,MESQUITE,TX,86,2,Day,Cloudy,Industry,Yard/switching,10,50558,0,50558,H299,32.782978,-96.662434,83.6,82.1,82.4
WC,1069510,2021-05-07,8:30 AM,Derailment,0,STEVENS POINT,WI,45,2,Day,Cloudy,Yard,Yard/switching,5,12012,90,12102,E21C,44.512583,-89.530026,47.9,41.4,41.1
BNSF,NW1117122,2017-11-30,9:35 AM,Fire/violent rupture,0,SEATTLE,WA,44,2,Day,Rain,Yard,,0,0,0,19921,E47L,47.583351,-122.332039,46.3,44.9,45
UP,0322RM010,2022-03-16,11:50 PM,Other impacts,0,GREEN RIVER,WY,29,4,Dark,Cloudy,Yard,Single Car,0,4119,0,66936,M599,41.525033,-109.464208,37.1,34.2,29.9
BNSF,NW1122121,2022-11-29,10:45 AM,Rear end collision,0,TACOMA,WA,32,2,Day,Snow,Main,Freight Train,0,0,0,15000,H997,47.243549,-122.434198,37.5,35.5,37.5
UP,1119GL025,2019-11-17,6:11 AM,Other impacts,0,ALTOONA,WI,34,1,Dawn,Cloudy,Yard,Single Car,0,0,0,19508,H312,44.806747,-91.429066,35.6,35.2,31.9
UP,1214KC010,2014-12-23,2:10 AM,Derailment,0,ST JOSEPH,MO,34,4,Dark,Cloudy,Yard,Freight Train,5,12000,0,12000,H607,39.736737,-94.863562,43.1,36.2,34.8
BNSF,PR0616104,2016-06-11,3:15 PM,Derailment,0,GILLETTE,WY,85,2,Day,Clear,Yard,Freight Train,10,57736,0,57736,H318,44.289647,-105.285297,74.6,81.8,66.1
UP,1216FW012,2016-12-11,4:40 AM,Other impacts,0,FORT WORTH,TX,45,4,Dark,Clear,Yard,Yard/switching,0,8202,100,19151,M407,32.728093,-97.366263,43.2,59.6,47
BNSF,NW0122108,2022-01-06,7:30 AM,Derailment,0,SKYKOMISH,WA,20,1,Dawn,Snow,Siding,Freight Train,10,16254,0,16254,M101,47.708457,-121.159713,29.9,35.5,35.8
CSX,000185052,2019-08-28,4:19 PM,Side collision,0,CINCINNATI,OH,84,2,Day,Clear,Yard,Single Car,0,20766,0,20766,H316,39.124551,-84.542521,72.5,70.1,68.1