reportingrailroadcode,accidentnumber,date,time,accidenttype,hazmatreleasedcars,station,stateabbr,temperature,visibility_code,visibility,weathercondition,tracktype,equipmenttype,trainspeed,equipmentdamagecost,trackdamagecost,totaldamagecost,primaryaccidentcausecode,latitude,longitude,prior_temp,actual_temp,following_temp
UP,0419RM020,2019-04-15,11:00 AM,Derailment,0,OGDEN,UT,43,2,Day,Rain,Yard,Yard/switching,3,5291,38408,43699,M204,41.217159,-111.984236,48.3,46.9,43.9
UP,1221ES012,2021-12-07,3:48 PM,Obstruction,0,SEATTLE,WA,48,2,Day,Rain,Yard,Spec. MoW Equip.,3,14635,0,14635,H993,47.450119,-122.241914,41,46.5,44.4
BNSF,NW0718118,2018-07-22,6:40 PM,Derailment,0,BURLINGTON,WA,75,3,Dusk,Clear,Main,Yard/switching,10,26377,375,26752,H523,48.474341,-122.330491,61.1,65.3,67.8
BNSF,PR0923109,2023-09-13,12:32 AM,Derailment,0,GUERNSEY,WY,60,4,Dark,Clear,Yard,Yard/switching,7,205193,35533,240726,H525,42.271382,-104.738913,62.6,66.2,58
UP,1215WH003,2015-12-13,8:10 PM,Derailment,0,MUSKOGEE,OK,45,4,Dark,Rain,Yard,Light loco(s),0,250,0,17301,H020,35.768765,-95.35138,68.1,57.5,47.8
ATK,142907,2016-06-18,11:01 PM,Hwy-rail crossing,0,CALEDONIA,WI,65,4,Dark,Clear,Main,Passenger Train - Pushing,79,19100,0,19150,M308,42.760401,-87.915013,68.9,71.4,77.5
BNSF,PR0519106,2019-05-14,2:00 AM,Other (describe in narrative),0,GILLETTE,WY,50,4,Dark,Clear,Main,Light loco(s),18,0,40000,40000,H403,44.0824,-105.334988,60.1,60.1,64.2
WC,957215,2018-04-28,3:45 PM,Hwy-rail crossing,0,ALLENTON,WI,46,2,Day,Clear,Main,Freight Train,40,181,16157,16338,M308,43.380287,-88.309456,43,39.6,41.8
BNSF,RD0219101,2019-02-01,9:30 AM,Derailment,0,SAGINAW,TX,54,2,Day,Fog,Yard,Light loco(s),0,2500,0,220876,T220,32.843426,-97.359402,48.2,56.7,58.7
UP,0224PR017,2024-02-25,4:31 AM,Derailment,0,ALTOONA,WI,33,1,Dawn,Clear,Yard,Yard/switching,3,17580,200,17780,H318,44.810171,-91.444516,25.5,39.8,41.6
NJTR,202003148,2020-03-24,8:47 PM,Derailment,0,MORRISVILLE,PA,40,4,Dark,Clear,Yard,Light loco(s),5,20700,2783,23483,H303,40.194341,-74.792713,38.8,45.1,42.8
UP,1122HO020,2022-11-18,7:28 AM,Other impacts,0,HOUSTON,TX,49,2,Day,Cloudy,Yard,Yard/switching,1,4197,0,40124,H318,29.822883,-95.28916,50.7,52.2,45.6
UP,0118PR019,2018-01-20,4:15 PM,Hwy-rail crossing,0,BEAVER DAM,WI,32,3,Dusk,Cloudy,Main,Freight Train,36,31188,500,31688,M303,43.459117,-88.910771,29.2,34.3,33.1
UP,0116NP001,2016-01-02,6:00 PM,Derailment,0,WRIGHT,WY,26,3,Dusk,Clear,Main,Freight Train,5,43127,0,200359,H307,43.728553,-105.361189,22.6,25,23.2
CSX,000209555,2023-01-28,6:18 PM,Derailment,0,BECKLEY,WV,43,3,Dusk,Cloudy,Main,Cut of cars,10,107239,103591,210830,M501,37.774653,-81.139991,30.1,40.2,41.3
NS,157414,2024-07-18,2:25 AM,Derailment,0,GRANT TOWN,WV,70,4,Dark,Clear,Main,,0,0,70173,74010,M501,39.554919,-80.175861,75,73,72.1
BNSF,PR0918109,2018-09-14,8:35 PM,Other (describe in narrative),0,SHERIDAN,WY,57,3,Dusk,Clear,Main,Freight Train,21,0,27600,27600,H403,44.841554,-106.957944,60.5,60.8,55.6
UP,0518FW008,2018-05-08,3:37 AM,Derailment,0,FORT WORTH,TX,72,4,Dark,Clear,Yard,Single Car,0,1920,165,21783,M101,32.719116,-97.386025,78.5,80.1,78.7
TMBL,10132023A,2023-10-13,3:45 AM,Derailment,0,TACOMA,WA,55,4,Dark,Cloudy,Yard,Yard/switching,6,25000,0,25000,H503,47.248522,-122.452181,56.2,55.7,57
BNSF,PR0124113,2024-01-30,6:45 AM,Derailment,0,WRIGHT,WY,31,1,Dawn,Clear,Industry,Freight Train,10,363869,20000,383869,T212,43.635365,-105.328521,44.9,48.4,42.7
TMBL,04302019A,2019-04-30,2:55 AM,Raking collision,0,TACOMA,WA,42,4,Dark,Cloudy,Yard,Yard/switching,0,40000,0,41000,H306,47.24921,-122.3916,52.4,52.5,51
BNSF,NW0222102,2022-02-05,3:50 AM,Derailment,0,KALAMA,WA,38,4,Dark,Fog,Industry,Freight Train,4,34933,35000,69933,H307,45.994806,-122.84154,40,43.6,39.6
CSX,000194396,2020-12-12,5:20 AM,Other impacts,0,NASHVILLE,TN,57,1,Dawn,Rain,Yard,Single Car,7,5744,64,20041,M408,36.112142,-86.770737,53.9,57.8,43.5
UP,0520PN026,2020-05-28,3:30 PM,Derailment,0,KELSO,WA,78,2,Day,Clear,Yard,Light loco(s),5,26477,0,43441,H702,46.1046,-122.888432,63.7,70.2,64.2
BNSF,NW0115111,2015-01-22,2:30 AM,Derailment,0,SEATTLE,WA,46,4,Dark,Cloudy,Yard,Yard/switching,8,35720,10000,45720,H607,47.653296,-122.382599,40.3,47.4,52
BNSF,PR1015112,2015-10-01,10:20 PM,Fire/violent rupture,0,BILL,WY,55,4,Dark,Clear,Main,,0,0,0,16835,E74L,43.341202,-105.320997,61.8,61.9,55.2
DGNO,DGN787424D,2024-05-03,8:07 PM,Derailment,0,ANNA,TX,71,4,Dark,Rain,Main,Freight Train,10,484600,50000,534600,T220,33.383804,-96.557,73,74.6,73.5
CSX,000171227,2017-08-26,2:00 AM,Other impacts,0,NORTH CHARLESTON,SC,75,4,Dark,Clear,Yard,Freight Train,10,10698,0,23003,H318,32.865162,-79.999369,78.1,80.2,78.1
ATK,168016,2021-07-08,10:39 PM,Fire/violent rupture,0,HANOVER,MD,75,4,Dark,Cloudy,Main,Passenger Train - Pulling,0,14157,0,14157,M406,39.192295,-76.694578,85.3,79.6,78.4
IC,1086086,2021-10-14,11:30 PM,Side collision,0,CICERO,IL,60,4,Dark,Cloudy,Industry,Yard/switching,2,15700,0,31280,H021,41.832883,-87.732217,62.7,66.6,57.9
UP,0321GP043,2021-03-28,3:25 PM,Derailment,0,CHEYENNE,WY,55,2,Day,Cloudy,Yard,Freight Train,6,126018,75000,201018,H503,41.125324,-104.827068,34.1,44.4,47.8
CSX,000214763,2023-11-27,4:47 PM,Raking collision,0,SKIPPERS,VA,50,3,Dusk,Clear,Industry,Freight Train,4,126408,0,136601,M501,36.621467,-77.552469,41.4,45.2,34.7
BNSF,NW0520103,2020-05-06,10:45 PM,Derailment,0,MAUPIN,OR,35,4,Dark,Clear,Main,Freight Train,32,87896,327409,415305,M404,45.1624,-121.098261,64.3,55.3,55.4
UP,0723HO042,2023-07-31,2:30 PM,Derailment,0,COLLEGE STATION,TX,103,2,Day,Clear,Main,Freight Train,21,325016,94036,419052,E40C,30.616026,-96.34923,90.4,92.2,92.9
BNSF,NW0621104,2021-06-10,4:53 PM,Other impacts,0,PASCO,WA,75,2,Day,Clear,Yard,Yard/switching,6,13421,0,13421,M105,46.27308,-119.102651,67.1,66.6,66.3
BNSF,RD0724120,2024-07-18,10:15 PM,Derailment,0,LUBBOCK,TX,82,4,Dark,Clear,Main,Freight Train,8,465,13112,13577,H307,33.580251,-101.834473,83.4,79.8,80.4
UP,0321TO002,2021-03-02,10:15 PM,Other impacts,0,FORT WORTH,TX,51,4,Dark,Clear,Yard,Yard/switching,5,8028,9765,120014,H602,32.727714,-97.36616,51,50.9,55.3
LRS,01,2017-06-16,8:30 AM,Other impacts,0,EAST LAURINBURG,NC,78,2,Day,Clear,Siding,Light loco(s),20,70000,0,70000,H515,34.766662,-79.438193,78.5,77.9,77.8
UP,0517NP026,2017-05-14,9:42 PM,Derailment,0,LUSK,WY,50,4,Dark,Rain,Main,Freight Train,24,719975,15597,735572,M105,42.719557,-104.301043,66.5,56,58.2
CSX,000215402,2024-01-08,5:00 PM,Derailment,0,NEW MARTINSVILLE,WV,40,3,Dusk,Clear,Yard,Freight Train,3,26773,1155,27928,H702,39.634455,-80.864163,35.5,35,42.8
UP,0824RM010,2024-08-07,12:00 PM,Other (describe in narrative),0,GREEN RIVER,WY,77,2,Day,Clear,Yard,Single Car,0,35936,0,35936,E22C,41.529047,-109.470895,75.3,75.5,66.6
LI,GR20150401,2015-04-21,2:30 PM,Hwy-rail crossing,0,MATTITUCK,NY,63,2,Day,Clear,Main,Maint./inspect Car,40,15000,0,15000,M303,40.960793,-72.564074,49.7,56.1,48.6
CSX,000143818,2015-03-28,2:58 AM,Side collision,0,EAST SYRACUSE,NY,20,4,Dark,Clear,Yard,Freight Train,5,15139,0,35284,H307,43.073848,-76.172717,33.1,21.5,28.7
UP,0417DV001,2017-04-02,2:15 AM,Derailment,0,GREEN RIVER,WY,34,4,Dark,Clear,Yard,Freight Train,3,28167,263629,291796,H702,41.529047,-109.470895,38.1,38.4,37.1
UP,0718ST022,2018-07-30,11:50 AM,Derailment,0,EL PASO,TX,92,2,Day,Clear,Main,Freight Train,0,42980,0,53857,H994,31.764452,-106.482028,88.5,87.3,83
UP,0723RM018,2023-07-12,8:27 PM,Derailment,0,SODA SPRINGS,ID,79,4,Dark,Clear,Industry,Freight Train,6,11235,3520,14755,T222,42.73825,-111.5411,61.6,61,62.7
UP,1220GC007,2020-12-05,6:30 AM,Derailment,0,AVONDALE,LA,45,1,Dawn,Clear,Main,Freight Train,2,6604,4350,10954,H503,29.917839,-90.193259,54.5,52.6,51.9
UP,1022PN003,2022-10-05,7:45 PM,Derailment,0,ONTARIO,OR,83,3,Dusk,Clear,Yard,Freight Train,5,748,20510,21258,E64C,44.011139,-116.966137,61.1,61.1,61.1
BNSF,RD0718109,2018-07-10,4:00 AM,Head on collision,0,HASLET,TX,76,1,Dawn,Cloudy,Yard,Yard/switching,0,18885,9700,160277,H302,32.989428,-97.353327,84.3,81.6,87.3
BNSF,NW0621206,2021-06-25,4:40 PM,Hwy-rail crossing,0,SPOKANE,WA,88,2,Day,Clear,Main,Freight Train,52,884,25000,25884,M302,47.708806,-117.111927,76.6,79.5,84
UP,0523RM018,2023-05-18,12:30 AM,Derailment,0,OGDEN,UT,67,4,Dark,Clear,Yard,Yard/switching,7,9747,2533,12280,H305,41.215838,-111.983332,68.2,67.6,70
CSX,000170362,2017-07-19,10:00 PM,Other impacts,0,LOUISVILLE,KY,82,4,Dark,Clear,Yard,Cut of cars,5,25000,377,174815,H020,38.160709,-85.749174,82.4,82.9,84.5
UP,0518DV017,2018-05-22,7:05 AM,Derailment,0,CHEYENNE,WY,52,2,Day,Clear,Yard,Freight Train,2,31048,12155,43203,H704,41.12755,-104.816905,55.1,58.3,59
UP,0117NP024,2017-01-25,2:30 AM,Derailment,0,NORTH PLATTE,NE,20,4,Dark,Snow,Yard,Yard/switching,8,1363,17677,19040,M411,41.14652,-100.823958,29.9,22.3,23.1
CSX,000169052,2017-05-18,11:26 PM,Derailment,0,OHLEY,WV,60,4,Dark,Cloudy,Main,Freight Train,7,77338,71200,148538,T221,38.116565,-81.453452,74.1,74.3,69.4
CRSH,118303,2015-11-20,1:30 PM,Raking collision,0,MARCUS HOOK,PA,53,2,Day,Clear,Industry,Yard/switching,4,6620,1000,11762,H306,39.812433,-75.413624,61.8,51.9,46.3
BNSF,RD0523127,2023-05-29,6:01 PM,Derailment,0,MOUNT BELVIEW,TX,85,3,Dusk,Clear,Main,Yard/switching,5,27731,0,65951,H307,29.813177,-94.919606,56.1,55.8,58.1
CSX,000187299,2019-12-21,2:35 AM,Derailment,0,HARPERS FERRY,WV,18,4,Dark,Clear,Main,Freight Train,2,666456,100,666556,H514,39.322566,-77.729611,26,26.7,30
CSX,000207559,2022-09-26,9:45 AM,Fire/violent rupture,0,CALDWELL,WV,72,2,Day,Clear,Main,Freight Train,38,119172,0,119172,M406,37.772294,-80.378336,60.3,58.8,51.4
BNSF,RD0522132,2022-05-28,6:17 AM,Derailment,0,TULSA,OK,60,1,Dawn,Clear,Yard,Yard/switching,9,35610,390000,425610,M407,36.121797,-96.012154,67.6,73.7,81
NS,138942,2020-08-24,9:00 AM,Other (describe in narrative),0,NEW FREEPORT,PA,78,2,Day,Clear,Main,Freight Train,10,7800,4934,12734,H599,39.834467,-80.328115,75.5,76.7,76.3
BNSF,NW0922201,2022-09-08,5:15 PM,Hwy-rail crossing,0,BURBANK,WA,74,3,Dusk,Clear,Main,Freight Train,47,36030,0,36030,M302,46.193582,-118.927681,76.3,70.9,71.5
BNSF,TC0124105,2024-01-09,7:55 PM,Derailment,0,SUPERIOR,WI,-5,3,Dusk,Clear,Yard,Yard/switching,5,1500,258327,259827,H704,46.708589,-92.047156,22.2,29.2,26.1
BNSF,CH0918117,2018-09-22,5:34 PM,Side collision,0,LA CROSSE,WI,72,3,Dusk,Clear,Yard,Freight Train,10,32263,0,41263,H607,43.847328,-91.230212,60.6,53.8,61.5
WE,200037,2020-04-30,3:15 AM,Other (describe in narrative),0,WELLSBURG,WV,49,4,Dark,Rain,Main,Freight Train,28,18926,0,18926,M404,40.305067,-80.586425,64,51.6,47.9
LIRC,1106201701,2017-11-06,12:35 PM,Hwy-rail crossing,0,EDINBURG,IN,50,2,Day,Cloudy,Main,Freight Train,45,782,45000,45782,M302,39.3543,-85.9628,65.4,49.8,45.9
BNSF,NW0720112,2020-07-21,2:45 AM,Derailment,0,APPLEYARD,WA,70,4,Dark,Clear,Yard,Freight Train,4,836,52000,52836,H607,47.38923,-120.287512,82.2,84.6,81.1
BNSF,NW1021116,2021-10-19,8:00 AM,Derailment,0,SEATTLE,WA,60,1,Dawn,Clear,Yard,Yard/switching,6,19715,170000,189715,M503,47.589642,-122.337166,52.4,52.8,54.6
CSX,000209376,2023-01-19,4:30 PM,Other impacts,0,CINCINNATI,OH,40,3,Dusk,Rain,Yard,Single Car,10,29000,0,29141,M105,39.136408,-84.542399,42.7,52.1,36
NS,116302,2015-06-29,7:14 PM,Derailment,0,FOUNTAIN HILL,PA,70,3,Dusk,Clear,Yard,Yard/switching,4,35016,2500,37516,M411,40.611937,-75.426702,65.1,68.2,70.3
UP,0922GP020,2022-09-23,1:00 PM,Derailment,0,DOUGLAS,WY,67,2,Day,Clear,Yard,Freight Train,8,89080,76777,165857,T221,43.234551,-105.26334,55.3,59.1,56
ATK,145546,2016-12-20,2:58 PM,Hwy-rail crossing,0,CANBY,OR,40,2,Day,Clear,Main,Passenger Train - Pulling,44,13013,0,13013,M302,45.305049,-122.663421,39.4,46.4,33.7
BNSF,NW0323105,2023-03-08,2:30 AM,Derailment,0,TACOMA,WA,35,4,Dark,Clear,Yard,Yard/switching,6,17222,15000,32222,H307,47.243797,-122.416764,39.9,38.1,40.5
UP,0918TC005,2018-09-05,5:51 AM,Hwy-rail crossing,0,EAU CLAIRE,WI,71,1,Dawn,Rain,Main,Freight Train,23,25957,132,26089,M308,44.867788,-91.451994,70.8,64.6,58.5
TMBL,08242022A,2022-08-24,2:00 PM,Derailment,0,TACOMA,WA,85,2,Day,Clear,Yard,,0,0,0,35380,M505,47.261783,-122.396973,67.5,71.8,71.4
UP,1218GL057,2018-12-31,8:25 AM,Fire/violent rupture,0,BROOKS,WI,27,2,Day,Cloudy,Main,Freight Train,30,48720,0,48720,M406,43.825407,-89.643444,25.1,28.7,18.1
BNSF,RD0219101,2019-02-01,9:30 AM,Derailment,0,SAGINAW,TX,54,2,Day,Fog,Yard,Yard/switching,6,175576,42800,220876,T220,32.843426,-97.359402,48.2,56.7,58.7
MRL,2020058,2020-06-03,12:12 PM,Derailment,0,BELGRADE,MT,70,2,Day,Clear,Main,Spec. MoW Equip.,17,35000,0,35000,H997,45.753151,-111.134017,61.9,63.4,63.7
BNSF,RD1219122,2019-12-24,5:15 PM,Derailment,0,DAYTON,TX,70,3,Dusk,Clear,Yard,Yard/switching,6,12349,43349,55698,H306,29.994818,-94.910286,51.6,54.8,56.4
NS,138112,2020-06-01,8:50 AM,Hwy-rail crossing,0,LOCKLAND,OH,72,2,Day,Clear,Main,Freight Train,38,2,12000,12002,M303,39.214705,-84.459908,61.1,61.6,73.4
BNSF,NW0623112,2023-06-17,8:52 AM,Derailment,0,RITZVILLE,WA,73,1,Dawn,Clear,Industry,Light loco(s),10,18000,0,18000,H307,47.220281,-118.235592,67.6,66.6,57.9
BNSF,CH1023101,2023-10-02,11:32 AM,Derailment,0,LA CROSSE,WI,49,2,Day,Clear,Yard,Yard/switching,5,1000,18000,19000,H607,43.849212,-91.230143,79,74.6,74.2
UP,0624TO005,2024-06-06,1:52 AM,Derailment,0,DALLAS,TX,74,4,Dark,Clear,Main,Freight Train,8,124887,48575,173462,H526,32.773596,-96.841402,78.5,81.5,84.4
CSX,000161556,2016-07-23,3:50 PM,Derailment,0,SIDNEY,OH,90,2,Day,Clear,Industry,Freight Train,4,19982,500,20482,H306,40.273794,-84.165386,76.1,78.8,79.5
WC,977949,2018-11-04,4:50 PM,Derailment,0,STEVENS POINT,WI,33,3,Dusk,Rain,Yard,Freight Train,6,19646,263,19909,H601,44.512683,-89.548973,36.4,38.6,39.1
BNSF,NW0223106,2023-02-19,8:05 AM,Other impacts,0,SEATTLE,WA,35,1,Dawn,Cloudy,Yard,Yard/switching,4,23825,0,32931,H399,47.588174,-122.337596,43.7,44.7,46.9
WC,1063157,2021-03-05,9:02 AM,Hwy-rail crossing,0,HEWITT,WI,40,2,Day,Clear,Main,Freight Train,40,21450,0,21450,M302,44.513145,-90.00431,29.1,32.5,31.5
UP,0322RM010,2022-03-16,11:50 PM,Other impacts,0,GREEN RIVER,WY,29,4,Dark,Cloudy,Yard,Cut of cars,0,47814,0,66936,M599,41.525033,-109.464208,37.1,34.2,29.9
KNWA,231110001,2023-11-10,1:15 AM,Derailment,0,CHELYAN,WV,52,4,Dark,Clear,Main,Freight Train,6,53179,129420,182599,E64C,38.19937,-81.49516,63.1,45.8,41.9
WC,1084372,2021-10-01,12:47 PM,Hwy-rail crossing,0,CHILTON,WI,67,2,Day,Clear,Main,Freight Train,25,43941,10100,54041,M302,44.044174,-88.16068,63,67.1,71
UP,1218SX021,2018-12-27,1:20 AM,Derailment,0,QUEMADO,TX,48,4,Dark,Rain,Main,Work train,17,5381,510300,515681,M204,29.160558,-100.393218,55,51.8,39.9
BNSF,HL0219101,2019-02-01,12:30 AM,Derailment,0,SOUTH BEND,NE,10,4,Dark,Clear,Main,Freight Train,20,11195,81000,92195,E09C,41.023368,-96.299879,7.7,23.4,38.9
BNSF,RD0815100,2015-08-19,4:45 AM,Derailment,0,HOUSTON,TX,82,1,Dawn,Clear,Yard,Yard/switching,9,6196,5500,11696,E46C,29.629969,-95.306984,85.5,80.7,76
BNSF,PR0122101,2022-01-07,3:58 AM,Derailment,0,GUERNSEY,WY,6,4,Dark,Fog,Yard,Freight Train,5,1500,35000,36500,H702,42.257605,-104.681868,2.9,41.2,37.9
BNSF,NW1219130,2019-12-29,3:41 AM,Derailment,0,VANCOUVER,WA,44,4,Dark,Cloudy,Yard,Freight Train,4,12000,500381,512381,H307,45.651338,-122.688467,43.6,42.4,43.2
NS,154734,2023-11-08,12:01 PM,Other impacts,0,ROANOKE,VA,49,2,Day,Cloudy,Yard,Single Car,4,30000,0,30150,H312,37.277575,-79.978824,65.8,63.5,68.1
BNSF,TC0323142,2023-03-29,4:45 AM,Derailment,0,SUPERIOR,WI,3,1,Dawn,Clear,Yard,Yard/switching,3,31357,150000,181357,H019,46.70808,-92.113321,21,18,22.4
UP,0719PN015,2019-07-16,10:20 PM,Other impacts,0,SPOKANE,WA,72,4,Dark,Cloudy,Yard,Freight Train,5,212049,149630,393753,H515,47.65847,-117.345735,67.1,67.1,64.6
WC,1137000,2023-07-29,1:20 PM,Derailment,0,STEVENS POINT,WI,80,2,Day,Clear,Yard,Freight Train,4,16818,50756,67574,H307,44.513155,-89.552879,72.8,71.8,67.1
NS,152813,2023-04-11,5:26 PM,Other impacts,0,JUSTICE,WV,50,3,Dusk,Clear,Main,Spec. MoW Equip.,10,551,0,13000,H606,37.593808,-81.723095,50.5,55,59.3
UP,0422TO031,2022-04-27,6:19 PM,Derailment,0,DALLAS,TX,74,3,Dusk,Cloudy,Main,Freight Train,6,7887,5847,13734,H607,32.723269,-96.754101,62.4,65.7,71.4
PNWR,PNW865624R,2024-07-15,2:49 PM,Derailment,0,VANCOUVER,WA,86,2,Day,Clear,Yard,Freight Train,9,45000,0,45000,H702,45.650972,-122.688444,75.2,70.6,77.7
UP,1117FW025,2017-11-20,6:49 PM,Derailment,0,RYAN,OK,45,3,Dusk,Clear,Main,Freight Train,38,200405,81005,281410,T212,33.998132,-97.947673,46,48.7,52.1
UP,1218MA072,2018-12-26,6:00 PM,Other impacts,0,SHREVEPORT,LA,64,3,Dusk,Rain,Yard,Yard/switching,6,11853,33,11986,H307,32.429177,-93.901278,59.7,62.7,59.9
NJTR,202307257,2023-06-16,10:25 AM,Other (describe in narrative),0,KEARNY,NJ,70,2,Day,Clear,Yard,Yard/switching,4,12987,0,12987,H999,40.744132,-74.104121,70.6,69.1,69.6
UP,0520GC015,2020-05-20,7:53 AM,Hwy-rail crossing,0,ANGLETON,TX,76,2,Day,Clear,Yard,Freight Train,9,6271,13521,19792,M302,29.154993,-95.432748,78.7,81.4,79.9
BNSF,PR0320113,2020-03-30,1:30 PM,Obstruction,0,BASIN,WY,48,2,Day,Clear,Main,Spec. MoW Equip.,8,15000,0,15000,H997,44.374116,-108.035244,42.8,44.4,46.8
CP,1001706662,2022-06-01,6:45 AM,Derailment,0,LANSING,IA,55,1,Dawn,Clear,Main,Freight Train,24,226354,5934,232288,T220,43.32907,-91.1411,72.9,61.6,63
BNSF,MT0917100,2017-09-12,6:00 AM,Derailment,0,SHELBY,MT,48,1,Dawn,Clear,Yard,Freight Train,8,24200,36000,60200,H303,48.523,-111.900163,70.2,64.5,49.2
CSX,000219377,2024-07-16,10:26 PM,Other impacts,0,NORTH CHARLESTON,SC,79,4,Dark,Rain,Yard,Yard/switching,6,11890,1293,239634,M204,32.856925,-80.022907,85.4,84.3,85.6
CSX,000165402,2016-12-21,12:35 PM,Other impacts,0,PORT HURON,MI,34,2,Day,Cloudy,Yard,Yard/switching,5,80000,0,85652,H318,42.962954,-82.47134,20.5,26.1,34.1
BNSF,RD0722225,2022-07-29,2:31 AM,Hwy-rail crossing,0,FORT WORTH,TX,89,4,Dark,Clear,Main,Freight Train,20,300,20000,20300,M302,32.716653,-97.331341,92.3,90.1,90.3
UP,0720RM021,2020-07-20,11:30 PM,Derailment,0,GREEN RIVER,WY,71,4,Dark,Clear,Yard,Light loco(s),3,22800,99,22899,H702,41.518465,-109.441984,72.7,71.6,70.5
WN,12132014,2014-12-14,2:00 AM,Derailment,0,NEW AUBURN,WI,37,4,Dark,Fog,Industry,Freight Train,2,18808,1500,20308,H306,45.249601,-91.596567,37.7,42.8,44.1
CSX,000184997,2019-08-29,12:40 PM,Derailment,0,MARTINSBURG,WV,80,2,Day,Clear,Main,Freight Train,30,157522,22438,179960,E30C,39.427881,-77.904112,73.2,71.1,72.4
WC,909302,2016-12-18,6:25 AM,Other (describe in narrative),0,LADYSMITH,WI,-22,1,Dawn,Clear,Main,Freight Train,13,38594,0,38594,E21C,45.62597,-91.213418,8.5,-12.2,6.5
BNSF,NW0321112,2021-03-29,2:50 PM,Derailment,0,STEVENSON,WA,48,2,Day,Cloudy,Main,Freight Train,23,2500,540979,543479,E61C,45.702544,-121.694742,47.8,44.2,44.3
BNSF,RD0724129,2024-07-26,7:05 AM,Derailment,0,SILSBEE,TX,75,1,Dawn,Cloudy,Yard,Cut of cars,0,6473,0,147342,M505,30.356083,-94.194531,76,77.3,77.8
CN,1025852,2020-01-24,1:55 AM,Side collision,0,BUFFALO,NY,34,4,Dark,Cloudy,Yard,Freight Train,0,0,0,20250,H306,42.888943,-78.826326,32.2,39.5,38.7
UP,0321PN010,2021-03-13,1:20 PM,Derailment,0,SPOKANE,WA,48,2,Day,Clear,Yard,Yard/switching,2,25864,9627,35491,H607,47.659576,-117.331104,39.6,41.6,44.6
UP,0716PC004,2016-07-09,12:15 AM,Derailment,0,COKEVILLE,WY,48,4,Dark,Clear,Main,Freight Train,19,156620,42488,199108,E51C,41.907746,-110.968304,63.3,63.8,58.7
BNSF,NW1119112,2019-11-29,10:54 AM,Derailment,0,VANCOUVER,WA,45,2,Day,Clear,Yard,Yard/switching,4,12500,40951,53451,H312,45.638165,-122.686671,39.9,34.4,35.3
UP,1221RM010,2021-12-10,8:00 AM,Other impacts,0,ROCK SPRINGS,WY,10,2,Day,Cloudy,Industry,Freight Train,7,92143,99,168835,M501,41.732444,-108.779659,28.2,15,18.1
BNSF,PR0120113,2020-01-21,7:15 AM,Derailment,0,GREYBULL,WY,35,1,Dawn,Clear,Yard,Yard/switching,4,10800,57295,68095,T221,44.489527,-108.057743,25.1,33.7,32.7
UP,1021ES070,2021-10-27,2:08 PM,Obstruction,0,MARINGOUIN,LA,82,2,Day,Cloudy,Yard,Spec. MoW Equip.,2,0,15000,15000,H997,30.531709,-91.560568,71.1,71,61.5
NS,125060,2017-05-15,5:55 PM,Derailment,0,BLACKSVILLE,WV,65,3,Dusk,Clear,Industry,Freight Train,2,12000,596,12596,M101,39.715491,-80.191126,60.4,56.8,63.8
LS,LS1023105,2023-10-12,1:50 PM,Derailment,0,LONGVIEW,WA,45,2,Day,Clear,Yard,Yard/switching,5,50097,0,50097,H318,46.111541,-122.907674,56.3,58.9,55.1
BNSF,NW1021101,2021-10-02,7:00 PM,Derailment,0,TACOMA,WA,60,3,Dusk,Clear,Yard,Freight Train,5,13738,17000,30738,H607,47.24306,-122.416681,53.8,52.3,52.9
BNSF,RD0218117,2018-02-16,3:31 AM,Derailment,0,DAYTON,TX,68,4,Dark,Clear,Yard,Yard/switching,8,15837,0,15837,H312,30.005586,-94.906877,71.5,70.6,64.6
UP,0823MA018,2023-08-16,2:02 PM,Derailment,0,PITTSBURG,TX,86,2,Day,Clear,Industry,Freight Train,14,14981,0,14981,H607,32.996254,-94.970866,80.8,76.4,82.5
UP,0421PN017,2021-04-15,12:12 AM,Derailment,0,UNION,OR,50,4,Dark,Cloudy,Main,Freight Train,19,50817,3376005,3427992,H508,45.081715,-117.821995,44.9,48.6,51.8
UP,1123RM039,2023-11-09,12:00 PM,Other (describe in narrative),0,GREEN RIVER,WY,36,2,Day,Clear,Yard,Freight Train,0,32393,0,32393,M507,41.518465,-109.441984,29.8,28.6,30.4
CSX,000150701,2015-08-15,4:30 AM,Other impacts,0,AVON,IN,70,1,Dawn,Cloudy,Yard,Single Car,1,9644,200,281534,S016,39.759779,-86.328326,74.2,75.4,74.2
TNTX,20161024TN,2016-10-24,6:00 PM,Derailment,0,TYNER,TN,80,3,Dusk,Cloudy,Yard,Cut of cars,0,15000,1000,57000,H704,35.072931,-85.14975,56.2,63,64
UP,0218DV018,2018-02-12,1:40 AM,Other (describe in narrative),0,CHEYENNE,WY,6,4,Dark,Clear,Yard,Cut of cars,0,18212,0,18212,M201,41.128159,-104.816163,23.7,11.9,34.7
UP,0221GP028,2021-02-21,8:08 AM,Derailment,0,CHEYENNE,WY,21,2,Day,Clear,Yard,Yard/switching,8,31831,72000,103831,H019,41.126956,-104.821494,32,27.7,39.1