reportingrailroadcode,accidentnumber,date,time,accidenttype,hazmatreleasedcars,station,stateabbr,temperature,visibility_code,visibility,weathercondition,tracktype,equipmenttype,trainspeed,equipmentdamagecost,trackdamagecost,totaldamagecost,primaryaccidentcausecode,latitude,longitude,prior_temp,actual_temp,following_temp
BNSF,TC1222106,2022-12-05,5:30 PM,Derailment,0,FRIDLEY,MN,20,3,Dusk,Cloudy,Yard,Yard/switching,2,83676,130000,213676,M599,45.047401,-93.272915,22.3,26.2,17.8
BNSF,NW0524105,2024-05-11,4:40 AM,Other (describe in narrative),0,KALAMA,WA,50,1,Dawn,Clear,Yard,Freight Train,3,0,40851,40851,H705,46.03405,-122.858356,69.1,67.8,61.9
UP,0124RM016,2024-01-21,11:52 PM,Derailment,0,OGDEN,UT,37,4,Dark,Clear,Yard,Yard/switching,4,88415,37025,125440,E22C,41.202085,-111.985873,37.9,39.2,39.7
NS,114805,2015-03-12,11:00 PM,Derailment,0,ECKMAN,WV,60,4,Dark,Clear,Yard,Freight Train,9,120,20873,20993,H702,37.409371,-81.460963,55,50.5,47.3
CSX,000195705,2021-02-15,2:57 AM,Derailment,0,GRAFTON,WV,23,4,Dark,Fog,Yard,Freight Train,4,2408,23719,26127,H221,39.339994,-80.018119,28.6,29.3,27.6
UP,0715LV006,2015-07-10,5:15 AM,Other impacts,0,BEAUMONT,TX,80,4,Dark,Cloudy,Yard,Yard/switching,4,5957,0,14518,M407,30.074373,-94.141208,83.4,82.7,83.1
UP,0719TO013,2019-07-10,6:03 PM,Derailment,0,HEWITT,TX,96,3,Dusk,Clear,Main,Freight Train,20,38616,0,38616,H518,31.466914,-97.196487,85.7,85.7,83.2
WSOR,210213001,2021-02-13,10:43 PM,Head on collision,0,SLINGER,WI,-10,4,Dark,Snow,Main,Freight Train,8,31000,0,50000,H607,43.331531,-88.305455,2.5,-2.4,-6.9
BNSF,NW0624102,2024-06-04,5:30 PM,Derailment,0,CUSTER,WA,50,3,Dusk,Clear,Yard,Yard/switching,5,125618,229949,355567,H307,48.925391,-122.653154,54.5,55.4,54.6
KNWA,170226001,2017-02-26,11:00 PM,Obstruction,0,SMITHERS,WV,40,4,Dark,Clear,Industry,Freight Train,2,30000,5000,35000,H999,38.1943,-81.2959,48.4,35.3,43.3
CSX,000202019,2021-12-22,10:13 PM,Derailment,0,ANSONIA,OH,26,4,Dark,Clear,Yard,Freight Train,3,33756,48,33804,H505,40.212956,-84.624446,32.6,27.9,33.5
BNSF,PR1116104,2016-11-03,2:01 PM,Derailment,0,GREYBULL,WY,65,2,Day,Clear,Industry,Yard/switching,7,14966,24818,39784,T221,44.519534,-108.068411,42.4,43.6,43.5
CRSH,122745,2016-11-12,7:15 PM,Side collision,0,NEWARK,NJ,52,3,Dusk,Clear,Yard,Yard/switching,4,93647,97843,320685,H020,40.703418,-74.127859,51.7,43.7,47.3
BNSF,NW1218115,2018-12-18,3:30 PM,Derailment,0,SUMAS,WA,45,2,Day,Cloudy,Yard,Freight Train,5,23465,2000,25465,T221,48.995791,-122.279834,49,47,46.2
BNSF,CH0315107,2015-03-31,3:45 PM,Obstruction,0,BAY CITY,WI,68,2,Day,Clear,Main,Maint./inspect Car,15,23000,0,58000,H997,44.584854,-92.43944,42.6,45.8,59.7
CSX,000217532,2024-04-20,8:10 PM,Derailment,0,CINCINNATI,OH,52,3,Dusk,Clear,Main,Freight Train,30,325965,96360,422325,E51C,39.215098,-84.467181,60.4,52.5,45.2
FEC,D04011819,2019-01-18,7:50 AM,Derailment,0,MIAMI-DADE,FL,65,1,Dawn,Clear,Yard,Yard/switching,17,6275,7964,14239,E34C,25.864721,-80.344887,64.9,67.1,68.3
UP,0423GP021,2023-04-24,11:00 PM,Derailment,0,GILLETTE,WY,50,4,Dark,Cloudy,Industry,Freight Train,8,86496,201831,288327,M501,43.69913,-105.291565,37.9,48.6,46.2
BNSF,RD0919108,2019-09-12,4:10 PM,Derailment,0,DAYTON,TX,92,2,Day,Cloudy,Yard,Yard/switching,10,76521,0,175295,H607,29.993007,-94.907519,80.3,80.7,81.3
UP,0115NP051,2015-01-20,4:40 AM,Fire/violent rupture,0,LOST SPRINGS,WY,30,4,Dark,Clear,Main,Freight Train,40,57646,0,57646,E73L,42.761856,-104.911355,38,29.9,23.3
UP,0316TC013,2016-03-28,2:50 PM,Fire/violent rupture,0,ADAMS,WI,55,2,Day,Clear,Main,Freight Train,5,18000,0,18000,E71L,43.950794,-89.817469,40,43,45.8
PSAP,PSA497823D,2023-08-08,8:43 PM,Derailment,0,ABERDEEN,WA,58,3,Dusk,Clear,Main,Freight Train,6,370276,60000,430276,M405,46.969472,-123.842272,66.9,66.8,66.2
CP,1000326994,2016-01-04,9:10 AM,Hwy-rail crossing,0,MILWAUKEE,WI,27,2,Day,Cloudy,Main,Freight Train,19,1800,14800,16600,M304,43.032766,-87.947722,26.8,25.2,23.3
UP,0819PR026,2019-08-26,12:41 PM,Derailment,0,MILWAUKEE,WI,64,2,Day,Rain,Industry,Freight Train,7,4866,11344,16210,H508,43.188924,-88.061332,69.2,69.6,71.7
MVT,0001,2022-12-28,10:30 AM,Derailment,0,MOUNT VERNON,WA,45,2,Day,Clear,Yard,,0,0,200000,200000,M599,48.425855,-122.338549,49.9,42.7,43.3
CSX,000217798,2024-05-05,2:15 AM,Other impacts,0,CAYCE,SC,64,4,Dark,Clear,Yard,Yard/switching,5,4242,0,21379,H302,33.975727,-81.047387,73.2,74.3,73.3
CSX,000207436,2022-09-23,4:00 PM,Side collision,0,GRAFTON,WV,56,2,Day,Clear,Yard,Yard/switching,5,45532,0,152845,H306,39.340043,-80.018075,66.5,54.7,59.2
CP,1001780522,2022-10-16,10:05 PM,Hwy-rail crossing,0,KENOSHA,WI,41,4,Dark,Cloudy,Main,,0,0,150,17067,M308,42.581731,-87.905009,43.6,44.9,39.9
CSX,000197741,2021-05-22,7:30 AM,Derailment,0,PROCTOR,WV,70,1,Dawn,Clear,Industry,Freight Train,2,12280,500,12780,M504,39.5656,-80.6771,72.2,70.5,74.6
BNSF,NW1223107,2023-12-15,5:15 AM,Derailment,0,PASCO,WA,43,1,Dawn,Cloudy,Yard,Yard/switching,4,30000,13092,54102,H307,46.267569,-119.099526,37.3,35.2,37
NS,121296,2016-07-18,3:40 AM,Derailment,0,COLONIAL HEIGHTS,VA,78,4,Dark,Clear,Yard,Light loco(s),3,20570,75,20645,H702,37.258693,-77.343442,78.9,82.7,77.2
CSX,000218768,2024-06-20,9:14 AM,Other (describe in narrative),0,MIDDLETOWN,OH,96,2,Day,Clear,Siding,Freight Train,5,3745,0,33852,H702,39.49892,-84.39433,83.4,82.6,82.6
WTA,0124WTA01,2024-01-22,11:10 AM,Derailment,0,WICHITA,KS,32,2,Day,Sleet,Yard,Yard/switching,4,0,0,43420,M599,37.720505,-97.330386,25.8,31.3,35.7
UP,1118DV011,2018-11-23,6:15 AM,Derailment,0,RAWLINS,WY,35,1,Dawn,Cloudy,Yard,Freight Train,5,34390,73446,107836,H702,41.785689,-107.240948,35.2,32.4,29
UP,0519PR008,2019-05-27,9:24 AM,Other impacts,0,OAK CREEK,WI,58,2,Day,Clear,Industry,Cut of cars,0,51262,0,329318,H605,42.847205,-87.836779,62.9,53.8,53.8
UP,1019PN005,2019-10-08,9:53 PM,Derailment,0,PORTLAND,OR,50,4,Dark,Cloudy,Yard,Freight Train,3,250,0,15530,H607,45.561163,-122.742305,56.3,53,45.3
BNSF,NW0723109,2023-07-07,4:14 PM,Other impacts,0,PASCO,WA,95,2,Day,Clear,Yard,Yard/switching,0,5960,0,35810,M407,46.266152,-119.100497,80,80.6,82.5
CSX,000212837,2023-08-09,9:45 AM,Hwy-rail crossing,0,HURRICANE,WV,81,2,Day,Clear,Main,Freight Train,48,55925,8637,64562,M308,38.434868,-82.007376,72.5,72.7,72.3
UP,0323RM042,2023-03-17,10:56 PM,Other (describe in narrative),0,ROCK SPRINGS,WY,22,4,Dark,Clear,Main,Freight Train,40,48664,9040,57704,E22C,41.668484,-108.946264,22.1,20.1,20.8
BNSF,TC0315129,2015-03-13,4:00 PM,Derailment,0,MINOT,ND,50,2,Day,Clear,Main,Spec. MoW Equip.,10,15000,0,45000,H997,48.23762,-101.264009,44.3,41.3,50.4
WC,1142377,2023-10-17,1:00 PM,Other (describe in narrative),0,STEVENS POINT,WI,60,2,Day,Clear,Yard,Yard/switching,4,12000,0,12000,M204,44.513243,-89.553426,45.3,44.3,53
BNSF,PR0918205,2018-09-25,8:45 AM,Hwy-rail crossing,0,SCOTTSBLUFF,NE,51,1,Dawn,Clear,Main,Freight Train,25,19870,366,20236,M308,41.843265,-103.618055,59.9,52.3,53.9
CSX,000155637,2015-12-31,12:25 AM,Obstruction,0,SALT ROCK,WV,40,4,Dark,Cloudy,Main,Freight Train,35,21344,50,21394,M101,38.345171,-82.217185,45,38.6,34
BNSF,NW0923109,2023-09-12,4:40 PM,Derailment,0,TACOMA,WA,68,2,Day,Clear,Yard,Freight Train,7,40552,8389,48941,H526,47.24316,-122.409982,64.2,60.2,63.7
IC,870859,2015-11-10,4:30 AM,Derailment,0,MEMPHIS,TN,44,4,Dark,Clear,Yard,Freight Train,9,223443,21836,245279,H599,35.073631,-90.062607,54,54.8,63.6
NS,144092,2022-01-20,10:00 AM,Other impacts,0,WEST FAIRVIEW,PA,72,2,Day,Clear,Yard,Cut of cars,0,10905,0,31271,H312,40.279807,-76.922451,35.1,32.9,18.8
NECR,NEC873521A,2021-09-07,3:00 PM,Fire/violent rupture,0,MONSON,MA,78,2,Day,Clear,Main,Freight Train,13,350000,0,350000,E74L,42.077512,-72.311744,71,65.2,70.7
CSX,000202297,2022-01-08,7:09 AM,Other impacts,0,GRAFTON,WV,5,1,Dawn,Cloudy,Yard,Freight Train,2,26011,2527,101415,H306,39.340043,-80.018075,18.1,21.6,39.7
UP,0119GL013,2019-01-12,7:29 PM,Obstruction,0,HAMMOND,WI,27,3,Dusk,Cloudy,Main,Freight Train,43,46341,12700,59041,M402,44.980612,-92.476008,23.1,25.7,29.7
BNSF,SF0516200,2016-05-09,5:00 AM,Hwy-rail crossing,0,ENID,OK,65,1,Dawn,Clear,Main,Freight Train,50,177923,635563,813486,M302,36.39756,-97.756172,68.3,70.6,69.9
CSX,000141900,2015-02-22,7:10 PM,Derailment,0,ROWLESBURG,WV,28,4,Dark,Cloudy,Main,Freight Train,22,20672,77779,98451,E67C,39.377457,-79.641442,25.2,33.7,19.8
CSX,000175138,2018-03-10,9:51 PM,Derailment,0,WILLARD,OH,22,4,Dark,Clear,Yard,Yard/switching,10,129096,48654,177750,E07C,41.059857,-82.723964,27.6,27.7,28.8
BNSF,CH0122204,2022-01-19,10:13 AM,Hwy-rail crossing,0,ALBIA,IA,7,2,Day,Cloudy,Main,,0,0,0,14386,M302,41.061985,-92.7259,33.3,12.2,-0.9
CSX,000178516,2018-08-30,2:30 PM,Derailment,0,BECKLEY,WV,0,2,Day,Rain,Industry,Freight Train,1,52501,5280,57781,M501,37.765319,-81.252387,74.9,71.8,70.8
BNSF,NW0821108,2021-08-13,2:01 PM,Derailment,0,EVERETT,WA,85,2,Day,Clear,Yard,Yard/switching,6,13304,0,13304,H506,48.013486,-122.189248,74.8,78.4,70.8
NS,129443,2018-05-12,2:30 PM,Other impacts,0,HOPEWELL,VA,95,2,Day,Clear,Industry,Cut of cars,0,31234,0,31234,H306,37.297159,-77.292712,72.1,78.5,75.3
NS,116812,2015-08-05,8:15 PM,Derailment,0,WILLIAMSON,WV,68,4,Dark,Cloudy,Yard,Yard/switching,5,32250,11941,44191,H306,37.658448,-82.253871,72.4,73.8,69.2
UP,0420RM020,2020-04-09,8:34 AM,Fire/violent rupture,0,CHEYENNE,WY,28,2,Day,Clear,Main,Freight Train,38,326281,0,326281,E72L,41.095133,-104.1695,45.9,39.1,52.5
UP,0918PR018,2018-09-19,5:00 AM,Obstruction,0,MELROSE PARK,IL,69,1,Dawn,Cloudy,Yard,Yard/switching,5,24993,1720,26713,M404,41.899746,-87.907627,72,69.3,79.3
UP,1116TC004,2016-11-08,6:15 PM,Derailment,0,SUPERIOR,WI,50,4,Dark,Clear,Yard,Yard/switching,4,17519,3456,20975,E65C,46.679489,-92.013305,55.4,47,46.9
BNSF,NW0216122,2016-02-29,8:30 PM,Other (describe in narrative),0,PASCO,WA,42,3,Dusk,Clear,Yard,Freight Train,8,15000,0,15000,H509,46.222625,-119.075511,46.8,47.4,44.5
UP,1116SA026,2016-11-23,11:41 PM,Fire/violent rupture,0,SMITHVILLE,TX,45,4,Dark,Clear,Main,Freight Train,25,53750,0,53750,E73L,29.991216,-97.125358,70.3,63.1,59.3
UP,0722ES005,2022-07-05,11:42 AM,Hwy-rail crossing,0,SANTO,TX,96,2,Day,Clear,Main,Spec. MoW Equip.,15,40378,33,40411,M302,32.607439,-98.209447,87.5,90.2,92
UP,0822SX014,2022-08-15,9:20 PM,Other impacts,0,LAREDO,TX,80,4,Dark,Rain,Yard,Yard/switching,6,15999,4790,21390,M105,27.664784,-99.445343,80.4,75.9,84.9
CSX,000216108,2024-02-10,10:07 AM,Other impacts,0,SELKIRK,NY,46,2,Day,Clear,Yard,Single Car,4,0,0,206176,M407,42.5757,-73.936,45.1,45.9,40.1
UP,0223GP022,2023-02-11,8:28 PM,Other impacts,0,CHEYENNE,WY,37,4,Dark,Clear,Yard,Single Car,0,46501,0,50351,H312,41.128799,-104.812429,27.7,38.7,36.4
UP,0520GL017,2020-05-20,4:59 PM,Derailment,0,SUPERIOR,WI,50,2,Day,Clear,Yard,Cut of cars,0,38784,0,40765,M405,46.679489,-92.013305,46.2,48.4,50.6
ATK,167736,2021-07-15,1:34 PM,Hwy-rail crossing,0,IXONIA,WI,80,2,Day,Clear,Main,Passenger Train - Pulling,79,23172,0,23172,M308,43.141222,-88.592507,70.1,70.9,67.1
BNSF,NW1019112,2019-10-17,9:15 PM,Derailment,0,SEATTLE,WA,60,4,Dark,Cloudy,Yard,Yard/switching,7,79787,165000,244787,H607,47.649758,-122.380841,54.5,53.8,50.7
NS,140825,2021-03-04,1:00 PM,Derailment,0,FRONT ROYAL,VA,46,2,Day,Clear,Main,Freight Train,18,912753,274484,1187237,H503,38.941762,-78.191892,42.8,44.2,33.3
UP,0920GP012,2020-09-14,5:21 PM,Derailment,0,BILL,WY,88,2,Day,Clear,Main,Freight Train,31,1753590,0,2425109,E53C,42.849095,-105.207978,60.6,64,64.1
BNSF,NW1021110,2021-10-11,12:50 PM,Derailment,0,WOODLAND,WA,57,2,Day,Clear,Main,,0,0,1800,118140,H702,45.876767,-122.753253,52.6,46.6,43.9
UP,0220TO012,2020-02-08,10:26 PM,Fire/violent rupture,0,ELM MOTT,TX,56,4,Dark,Clear,Main,Freight Train,40,38128,0,38128,E73L,31.776035,-97.100046,46.8,51.1,64.5
BB,2018T101,2018-01-31,11:16 AM,Hwy-rail crossing,0,CROZET,VA,33,2,Day,Clear,Main,,0,0,244000,284491,M308,38.077334,-78.716741,28.9,30.3,43.9
UP,1221TO033,2021-12-22,5:00 AM,Other impacts,0,EL PASO,TX,42,1,Dawn,Clear,Yard,Yard/switching,4,11717,0,19607,H310,31.753551,-106.388489,45.3,51.7,55.7
BNSF,KS0322107,2022-03-11,1:15 PM,Other impacts,0,AMARILLO,TX,35,2,Day,Clear,Yard,Yard/switching,3,28796,0,28951,H310,35.188359,-101.832629,23,25.1,38.6
UP,0324HO025,2024-03-20,6:43 AM,Hwy-rail crossing,0,HOUSTON,TX,57,1,Dawn,Cloudy,Main,Freight Train,17,0,38777,38777,M304,29.675743,-95.380033,56.8,61.9,63.8
UP,1222RM026,2022-12-04,10:36 AM,Obstruction,0,THOMPSON,UT,30,2,Day,Cloudy,Main,,0,0,0,12151,M403,39.023669,-109.220308,31.3,32.4,33.7
UP,0119TO043,2019-01-31,3:57 PM,Other impacts,0,MONAHANS,TX,71,2,Day,Clear,Yard,Light loco(s),0,5181,0,12127,H017,31.603455,-102.862623,41.8,48,52.7
TRE,20002,2020-01-28,7:35 AM,Hwy-rail crossing,0,FORT WORTH,TX,53,1,Dawn,Cloudy,Main,Commuter Train - Pushing,47,13878,1500,15378,M304,32.762426,-97.301755,52.6,52.9,42.5
UP,0822SX025,2022-08-30,6:00 PM,Other impacts,0,SAN ANTONIO,TX,80,3,Dusk,Rain,Yard,Yard/switching,10,7366,299,37476,H018,29.435089,-98.448254,84.9,81.2,82.8
CSX,000164445,2016-11-16,8:08 PM,Derailment,0,RICHMOND,VA,50,4,Dark,Clear,Yard,Freight Train,7,67902,856,71631,H018,37.41026,-77.435772,48.1,48.1,48.8
TCT,580316,2023-12-22,11:10 AM,Derailment,0,TEXAS CITY,TX,65,2,Day,Cloudy,Industry,Yard/switching,4,100000,0,100000,H021,29.37393,-94.89329,63.2,65.1,67.1
UP,0424TO016,2024-04-15,4:10 PM,Derailment,0,MINGUS,TX,77,2,Day,Cloudy,Main,Freight Train,44,14059,5860,19919,E21C,32.543134,-98.418585,74.1,73.4,75.9
UP,0218HO031,2018-02-18,7:00 AM,Other (describe in narrative),0,HOUSTON,TX,61,2,Day,Cloudy,Yard,Single Car,0,42877,0,43189,M201,29.805879,-95.288442,69.3,68,72.6
UP,0719TO020,2019-07-14,5:20 AM,Other impacts,0,FORT WORTH,TX,80,1,Dawn,Clear,Yard,Single Car,2,63758,0,66330,M411,32.72282,-97.378365,83.7,82.1,82.8
UP,1020ES013,2020-10-07,9:30 AM,Derailment,0,FORT WORTH,TX,70,2,Day,Clear,Main,Spec. MoW Equip.,5,4000,16009,20009,H993,32.711379,-97.326747,73.1,75.5,74.9
BNSF,RD0519104,2019-05-04,1:25 AM,Derailment,0,DAYTON,TX,72,4,Dark,Cloudy,Yard,Yard/switching,8,80813,97400,178213,T221,30.006308,-94.90465,72.5,74.4,73.3
UP,1022RM025,2022-10-26,2:17 AM,Derailment,0,OGDEN,UT,40,4,Dark,Cloudy,Yard,Yard/switching,4,36682,113339,150021,E79L,41.214342,-111.983667,46.4,40.9,39.3
UP,1022HO015,2022-10-14,9:59 PM,Hwy-rail crossing,0,COLLEGE STATION,TX,79,4,Dark,Clear,Main,Freight Train,24,2604,23033,25637,M304,30.535456,-96.302008,78.5,75.8,78.9
VTR,1482,2019-01-26,9:20 AM,Hwy-rail crossing,0,EAST WALLINGFORD,VT,20,2,Day,Cloudy,Main,Freight Train,20,100000,0,100000,M302,43.449579,-72.877539,26.6,16.7,23.3
UP,0119SX002,2019-01-04,5:20 AM,Other impacts,0,SAN ANTONIO,TX,38,1,Dawn,Clear,Yard,Yard/switching,4,63932,199,152810,H702,29.380338,-98.554445,44.9,50,52.2
UP,0123GC013,2023-01-18,8:45 AM,Other impacts,0,BEAUMONT,TX,71,2,Day,Cloudy,Yard,Yard/switching,4,28769,165,43005,H607,30.072567,-94.148407,69.4,70,60.2
UP,0524TO002,2024-05-01,6:43 PM,Derailment,0,GROESBECK,TX,76,3,Dusk,Rain,Main,Freight Train,15,783754,87094,870848,M103,31.593711,-96.494151,73.7,73.6,72.1
UP,0523HO017,2023-05-16,5:15 AM,Derailment,0,SEABROOK,TX,71,1,Dawn,Cloudy,Industry,Yard/switching,5,56933,250,57183,H307,29.604193,-95.031199,79.1,77.3,77.3
UP,0220RM019,2020-02-11,10:35 PM,Other (describe in narrative),0,OGDEN,UT,30,4,Dark,Clear,Main,Freight Train,20,100,17096,17196,E61C,41.210416,-111.988428,26.8,27.6,33.9
UP,0821TO010,2021-08-09,5:06 AM,Hwy-rail crossing,0,MIDLAND,TX,76,1,Dawn,Clear,Main,Freight Train,57,25871,20033,45904,M304,32.015989,-102.034626,85.9,85.8,84.9
NS,157479,2024-07-25,4:45 AM,Side collision,0,CREWE,VA,72,1,Dawn,Rain,Yard,Yard/switching,8,133990,28840,164030,H309,37.178052,-78.131442,76.8,74.7,73.4
AWRR,190711005,2019-07-11,2:00 PM,Derailment,0,LIBERTY HILL,TX,94,2,Day,Clear,Industry,Cut of cars,15,232788,0,232788,H021,30.640015,-97.881413,85.1,81.3,83.2
UP,0720TO010,2020-07-12,9:45 AM,Derailment,0,BURLESON,TX,87,2,Day,Clear,Main,Freight Train,31,23998,7038,31036,E51C,32.523543,-97.318596,87.2,87.4,90.1
UP,0720HO009,2020-07-12,6:45 PM,Other impacts,0,LA PORTE,TX,95,3,Dusk,Clear,Yard,Yard/switching,2,11228,132,39628,S016,29.688837,-95.043737,87.6,86.2,87.3
UP,0620SX022,2020-06-13,3:40 PM,Other impacts,0,SAN ANTONIO,TX,91,2,Day,Clear,Yard,Yard/switching,0,34,0,17031,E08C,29.436069,-98.461607,78.4,79.9,79.2
PTRA,2021000004,2021-03-12,4:15 AM,Other (describe in narrative),0,PASADENA,TX,70,4,Dark,Cloudy,Industry,,0,0,74668,74668,H607,29.716029,-95.228025,72.2,73.3,71.8
UP,0920TO025,2020-09-21,8:52 AM,Hwy-rail crossing,0,TERRELL,TX,68,2,Day,Cloudy,Main,Freight Train,64,18962,17363,36325,M303,32.714324,-96.097628,68.5,67.5,66.9
BNSF,RD0821123,2021-08-28,1:40 AM,Derailment,0,LUBBOCK,TX,80,4,Dark,Clear,Yard,Freight Train,2,4579,20747,25326,H503,33.57865,-101.832344,79.3,79.1,77.5
UP,0822HO008,2022-08-06,12:05 PM,Other impacts,0,HOUSTON,TX,83,2,Day,Cloudy,Yard,Single Car,0,0,0,25939,M407,29.795634,-95.295273,80.8,80.2,84.8
NS,152658,2023-03-29,2:27 AM,Side collision,0,CREWE,VA,40,4,Dark,Rain,Yard,Yard/switching,5,5900,4111,23346,H306,37.178052,-78.131442,51.5,47.7,48.3
UP,1223GC001,2023-12-01,3:45 AM,Other impacts,0,BEAUMONT,TX,67,4,Dark,Clear,Yard,Single Car,5,393,0,11642,M411,30.072458,-94.149216,62.7,70.4,65.8
BNSF,RD0817108,2017-08-06,2:00 PM,Other impacts,0,DAYTON,TX,90,2,Day,Clear,Yard,Yard/switching,5,37179,0,37179,H318,30.009129,-94.904935,81.1,82.3,79.3
UP,0318FW034,2018-03-29,2:05 PM,Other impacts,0,FORT WORTH,TX,70,2,Day,Cloudy,Yard,Yard/switching,11,9558,2790,12519,M407,32.72093,-97.381321,59.9,60.5,60
UP,0320RM020,2020-03-19,11:00 PM,Other impacts,0,SALT LAKE CITY,UT,39,4,Dark,Cloudy,Yard,Single Car,1,100,0,11963,S103,40.708953,-111.9107,46.2,42.1,41
UP,0618UT003,2018-06-05,9:15 AM,Obstruction,0,SALT LAKE CITY,UT,83,2,Day,Clear,Yard,Yard/switching,4,24401,12481,36882,M410,40.7339,-111.908544,79.2,82.5,79.8
PTRA,2024014,2024-08-24,1:15 AM,Raking collision,0,HOUSTON,TX,80,4,Dark,Clear,Yard,Freight Train,6,189881,0,189881,H018,29.748936,-95.213293,87.2,86.4,86.6
UP,0623RM032,2023-06-29,5:57 PM,Derailment,0,TOOELE,UT,78,2,Day,Clear,Main,Freight Train,38,3313,31460,34773,E53C,40.669574,-112.359352,68.6,70.7,73.9
BNSF,NW1214120,2014-12-13,8:23 AM,Fire/violent rupture,0,QUINCY,WA,70,1,Dawn,Clear,Main,Freight Train,10,11000,0,11000,E71L,47.384923,-119.433649,42.4,40.8,33.7
KCS,18082801,2018-08-28,4:45 PM,Other impacts,0,BEAUMONT,TX,90,2,Day,Cloudy,Yard,Cut of cars,4,0,0,14607,H018,30.059469,-94.086607,82.6,81.6,80.3
KCS,21010901,2021-01-09,8:45 PM,Other impacts,0,LAREDO,TX,50,4,Dark,Rain,Yard,Single Car,20,0,1869,23455,H018,27.501662,-99.412583,52.3,46.4,45.8
NS,139456,2020-10-18,11:55 AM,Derailment,0,ROANOKE,VA,72,2,Day,Clear,Yard,Yard/switching,5,32050,53557,85607,E30C,37.271098,-79.997944,49.8,50.1,56.6
UP,1223SX018,2023-12-25,4:05 AM,Other impacts,0,SAN ANTONIO,TX,67,1,Dawn,Clear,Yard,Single Car,5,63461,0,64382,H312,29.377409,-98.555931,65.7,52.1,48.8
BNSF,RD0823116,2023-08-09,9:00 AM,Other impacts,0,SAGINAW,TX,97,2,Day,Clear,Industry,Yard/switching,2,15668,0,15668,H307,32.836399,-97.351393,93.6,94.3,93.4
UP,0319GC058,2019-03-22,5:35 PM,Other impacts,0,LA PORTE,TX,76,2,Day,Clear,Yard,Yard/switching,3,5043,282,21838,M404,29.683921,-95.038896,65.2,65.8,66.3
UP,1118HO036,2018-11-27,1:10 PM,Fire/violent rupture,0,BEAUMONT,TX,60,2,Day,Cloudy,Main,Freight Train,20,57722,99,57821,E73L,30.058059,-94.261714,48.4,46.7,57.5
UP,1123HO018,2023-11-22,9:35 AM,Hwy-rail crossing,0,MAGNOLIA,TX,48,2,Day,Clear,Main,Freight Train,26,3553,52200,55753,M303,30.241073,-95.819519,56,48.5,48.5
BNSF,RD0320131,2020-03-20,4:26 PM,Fire/violent rupture,0,SPOFFORD,TX,63,2,Day,Clear,Main,Freight Train,25,16288,0,16288,E74L,29.225146,-100.245046,74.9,65.5,55.7
UP,0521HO009,2021-05-08,8:28 PM,Derailment,0,ROSENBERG,TX,78,4,Dark,Cloudy,Main,Freight Train,41,55428,9304,64732,E33C,29.5499,-95.906072,74.4,76.1,81.1
TSWS,77720172,2017-09-14,11:37 PM,Derailment,0,SALT LAKE CITY,UT,65,4,Dark,Clear,Yard,Yard/switching,7,75000,35000,110000,H307,40.745432,-111.999508,77,70.5,60.4
UP,0820SX018,2020-08-29,1:33 PM,Hwy-rail crossing,0,EDROY,TX,95,2,Day,Clear,Main,Freight Train,20,11453,278,11731,M302,27.974937,-97.686302,89,87.6,87.4
NS,144118,2022-01-24,2:30 AM,Derailment,0,ROANOKE,VA,38,4,Dark,Cloudy,Yard,Yard/switching,9,155042,108,155150,H602,37.271115,-79.997916,34.2,38.9,42.3
BNSF,KS0119111,2019-01-31,8:17 PM,Derailment,0,AMARILLO,TX,55,3,Dusk,Clear,Yard,Yard/switching,10,8222,10000,18222,H703,35.200898,-101.828608,34.1,39.2,41.4
EWG,EWG201803,2018-03-06,12:30 AM,Derailment,0,CRESTON,WA,27,4,Dark,Cloudy,Industry,Freight Train,2,6000,35000,41000,T220,47.757867,-118.525248,32.7,34.7,34.5
UP,0617HO024,2017-06-12,10:36 AM,Other impacts,0,HOUSTON,TX,85,2,Day,Clear,Yard,Single Car,0,7581,0,13957,S016,29.79544,-95.29432,81.6,83,82.7
CSX,000150730,2015-08-16,2:10 AM,Derailment,0,RICHMOND,VA,74,4,Dark,Clear,Yard,Yard/switching,7,37771,0,37771,H310,37.581739,-77.475373,74.1,76.5,78.6
UP,0322GC014,2022-03-12,10:30 AM,Derailment,0,ORANGE,TX,55,2,Day,Clear,Yard,Freight Train,7,13593,2024,15617,H993,30.08908,-93.771395,60.2,46.1,51.2
UP,0820GC005,2020-08-02,10:15 PM,Derailment,0,LUFKIN,TX,75,4,Dark,Cloudy,Yard,Yard/switching,3,60091,163699,223790,H704,31.355766,-94.720581,79.2,78.6,81.2
CSX,000138816,2014-12-12,6:00 PM,Side collision,0,RICHMOND,VA,44,4,Dark,Cloudy,Yard,Yard/switching,4,1278,0,20023,H306,37.509596,-77.408015,38.5,40.8,38
DGNO,DGN859023A,2023-12-05,1:00 AM,Other (describe in narrative),0,LEWISVILLE,TX,53,4,Dark,Clear,Main,Freight Train,3,500,0,18877,E99L,33.05424,-96.99252,51.5,52.6,52.4
BNSF,RD1023102,2023-10-02,4:12 AM,Other (describe in narrative),0,DAYTON,TX,90,1,Dawn,Clear,Yard,Yard/switching,5,156465,2000,158465,H307,30.006429,-94.90652,81.4,80.5,75.9