reportingrailroadcode,accidentnumber,date,time,accidenttype,hazmatreleasedcars,station,stateabbr,temperature,visibility_code,visibility,weathercondition,tracktype,equipmenttype,trainspeed,equipmentdamagecost,trackdamagecost,totaldamagecost,primaryaccidentcausecode,latitude,longitude,prior_temp,actual_temp,following_temp
BNSF,RD0121124,2021-01-31,11:10 PM,Derailment,0,EAGLE PASS,TX,58,4,Dark,Clear,Yard,Freight Train,4,26910,1500,28410,H307,28.839904,-100.433805,65.6,60.2,54.1
UP,0320HO011,2020-03-14,12:55 AM,Other impacts,0,HOUSTON,TX,71,4,Dark,Cloudy,Yard,Yard/switching,2,44044,0,216105,S007,29.793435,-95.300941,74.5,75,74.5
UP,0123MA048,2023-01-17,3:10 PM,Hwy-rail crossing,0,MARSHALL,TX,77,2,Day,Cloudy,Main,Freight Train,40,21322,18832,40154,M303,32.667913,-94.343297,65.2,66.8,62.3
UP,0921HO007,2021-09-07,6:58 AM,Other impacts,0,HOUSTON,TX,77,1,Dawn,Clear,Yard,Single Car,5,4273,0,24397,M411,29.796298,-95.292014,82.7,82.4,82.8
UP,1122TO029,2022-11-27,12:41 AM,Other impacts,0,EL PASO,TX,53,4,Dark,Clear,Main,Yard/switching,8,15231,37945,144672,H607,31.738096,-106.370813,49.8,55.7,54.8
UP,0223HO007,2023-02-04,9:22 PM,Other impacts,0,HOUSTON,TX,53,4,Dark,Clear,Yard,Yard/switching,10,13277,0,13277,S007,29.796081,-95.291556,47.3,52.3,61.9
PTRA,2020000019,2020-09-11,9:30 AM,Raking collision,0,PASADENA,TX,95,2,Day,Clear,Yard,Cut of cars,4,4000,0,39000,H018,29.726313,-95.192098,81.8,80.1,84.3
RLAX,RLAX21224,2024-02-12,3:23 PM,Derailment,0,BAYTOWN,TX,48,2,Day,Clear,Yard,Light loco(s),7,32061,2500,34561,H303,29.773418,-94.896902,68.2,52.2,54.1
ATK,135398,2014-11-27,1:30 PM,Obstruction,0,BRATTLEBORO,VT,30,2,Day,Snow,Main,Passenger Train - Pulling,79,20000,0,20000,M404,42.856195,-72.556522,32.9,28.9,25.5
UP,0321HO011,2021-03-08,11:24 AM,Other impacts,0,HOUSTON,TX,64,2,Day,Cloudy,Yard,Yard/switching,8,7779,1066,16161,H602,29.796055,-95.291181,56.1,59.6,65.2
BNSF,RD0124110,2024-01-15,5:50 PM,Derailment,0,TEAGUE,TX,-1,3,Dusk,Clear,Yard,Light loco(s),9,45000,154,45154,H702,31.635443,-96.288372,20.5,17.8,20.7
UP,0221TO035,2021-02-28,1:58 AM,Derailment,0,ENNIS,TX,69,4,Dark,Cloudy,Yard,Yard/switching,5,9282,4000,13282,M405,32.338298,-96.633962,61.1,65.8,49.1
KCS,21010901,2021-01-09,8:45 PM,Other impacts,0,LAREDO,TX,50,4,Dark,Rain,Yard,Light loco(s),0,21586,0,23455,H018,27.501662,-99.412583,52.3,46.4,45.8
PSCG,IT34290,2023-01-24,2:45 PM,Derailment,0,DEER PARK,TX,80,2,Day,Rain,Industry,Cut of cars,0,160000,0,160000,M102,29.4317,-95.0509,50,54.2,46.9
ATK,145060,2016-11-12,7:41 PM,Hwy-rail crossing,0,KENT,WA,54,4,Dark,Clear,Main,Passenger Train - Pulling,63,38489,0,38489,M302,47.377792,-122.232973,56.4,55.6,50.7
EWG,EWG201706,2017-08-05,7:51 PM,Derailment,0,DAVENPORT,WA,80,2,Day,Clear,Main,Freight Train,9,72000,140000,212000,E4BC,47.687942,-118.0279,78.5,75.6,77.5
UP,0521ES023,2021-05-13,11:50 AM,Derailment,0,EDGEWOOD,TX,68,2,Day,Clear,Main,Spec. MoW Equip.,0,24610,0,24610,M501,32.694283,-95.858671,58,64.1,63.9
NS,137771,2020-04-20,12:13 AM,Hwy-rail crossing,0,RADFORD,VA,61,4,Dark,Clear,Main,Work train,17,16100,5099,21199,M303,37.15073,-80.522071,47.4,53.1,54.8
PTRA,2020000019,2020-09-11,9:30 AM,Raking collision,0,PASADENA,TX,95,2,Day,Clear,Yard,Freight Train,5,35000,0,39000,H018,29.726313,-95.192098,81.8,80.1,84.3
UP,0818HO009,2018-08-08,5:22 AM,Other impacts,0,LA PORTE,TX,85,1,Dawn,Cloudy,Yard,Yard/switching,4,3447,11970,29550,M404,29.675709,-95.038924,84,83.5,84.6
NS,157610,2024-08-04,7:30 AM,Derailment,0,ROANOKE CITy,VA,74,1,Dawn,Clear,Yard,Yard/switching,8,45098,0,45098,H601,37.277109,-79.982324,77.9,79.6,80.9
UP,0319SX019,2019-03-18,8:43 PM,Hwy-rail crossing,0,SAN ANTONIO,TX,61,4,Dark,Cloudy,Main,Freight Train,35,473,93868,94341,M302,29.408102,-98.511089,54.4,56,57.4
CSX,000172282,2017-10-18,10:19 AM,Other impacts,0,COVINGTON,VA,70,2,Day,Clear,Industry,Yard/switching,2,33455,1078,34533,H607,37.798252,-79.996578,44.8,50.6,54.2
UP,0120GC010,2020-01-11,11:50 AM,Hwy-rail crossing,0,NEW CANEY,TX,54,2,Day,Cloudy,Main,Freight Train,56,241,30400,30641,M308,30.078736,-95.237624,72.2,51.9,41.5
NS,116523,2015-07-14,3:50 PM,Rear end collision,0,DUBLIN,VA,83,2,Day,Clear,Main,Freight Train,0,466645,318685,1946689,H222,37.126029,-80.648965,73.4,72,71.7
UP,1221HO014,2021-12-14,4:14 PM,Derailment,0,TEXAS CITY,TX,75,2,Day,Clear,Main,Freight Train,6,4281,23370,27651,H707,29.338569,-94.932253,67.9,73.6,74.2
UP,0120HO024,2020-01-25,4:37 PM,Other impacts,0,HOUSTON,TX,65,2,Day,Cloudy,Yard,Yard/switching,10,93750,132,115154,M407,29.795634,-95.295274,56.6,59.6,65.1
BNSF,RD0623112,2023-06-12,5:00 AM,Derailment,0,SILSBEE,TX,76,1,Dawn,Clear,Yard,Yard/switching,5,67433,1500,68933,H309,30.355595,-94.193784,81.7,83.3,84
UP,1123TO008,2023-11-04,10:20 PM,Derailment,0,CHICO,TX,60,4,Dark,Clear,Industry,Freight Train,10,30326,188612,218938,T221,33.284165,-97.79327,56.4,61.8,66.1
BNSF,RD1119127,2019-11-29,7:15 PM,Other impacts,0,SOMERVILLE,TX,70,3,Dusk,Clear,Siding,Freight Train,5,13710,0,13710,H302,30.362129,-96.541531,56.5,67.1,76
UP,0723SX019,2023-07-25,6:35 AM,Other (describe in narrative),0,SAN ANTONIO,TX,76,1,Dawn,Clear,Main,Yard/switching,8,0,30000,30000,H307,29.348934,-98.58144,87.6,88.1,89.5
BNSF,NW0416117,2016-04-24,3:30 PM,Other impacts,0,SEATTLE,WA,75,2,Day,Cloudy,Yard,Yard/switching,5,14010,0,14010,M201,47.636995,-122.381301,56.7,50.9,51
NS,155663,2024-02-03,6:06 PM,Obstruction,0,ROANOKE,VA,50,3,Dusk,Clear,Yard,Yard/switching,6,13500,0,13500,M404,37.278856,-79.97373,50.1,42,41.2
UP,1021HO026,2021-10-31,10:15 AM,Derailment,0,HOUSTON,TX,66,2,Day,Clear,Yard,Freight Train,5,61578,70175,131753,H704,29.806319,-95.288631,64.4,69.7,68.9
UP,0919SX021,2019-09-19,1:13 PM,Hwy-rail crossing,0,THOMASTON,TX,93,2,Day,Cloudy,Main,Freight Train,32,15815,449,16264,M308,28.943186,-97.11809,83.8,85.7,84.7
CSX,000152771,2015-10-04,2:38 AM,Derailment,0,LYNCHBURG,VA,56,4,Dark,Rain,Main,Freight Train,20,40421,675,41096,M101,37.430375,-79.148062,51.6,54.9,57.4
UP,0821TO033,2021-08-31,7:00 AM,Other (describe in narrative),0,FORT WORTH,TX,79,2,Day,Clear,Yard,Single Car,0,36291,0,36291,E44C,32.721277,-97.378904,83.9,87.4,88.8
UP,0919TO034,2019-09-30,4:10 PM,Hwy-rail crossing,0,MESQUITE,TX,91,2,Day,Clear,Main,,0,0,300,59613,M308,32.754511,-96.51964,83.9,81.9,82.8
UP,0917FW010,2017-09-16,8:30 AM,Derailment,0,FORT WORTH,TX,80,2,Day,Clear,Yard,Yard/switching,4,3324,0,79331,E43C,32.722623,-97.378375,83.9,84.9,85
ATK,154895,2018-08-18,1:10 PM,Hwy-rail crossing,0,HALLSVILLE,TX,102,2,Day,Clear,Main,Passenger Train - Pulling,75,15630,0,15880,M308,32.507338,-94.540229,86.4,86.8,86.7
UP,1118SA017,2018-11-14,3:40 AM,Derailment,0,SAN ANTONIO,TX,27,4,Dark,Cloudy,Yard,Yard/switching,4,18738,14052,32790,H703,29.435393,-98.469976,40.7,40.8,46.7
BNSF,RD0120115,2020-01-22,9:45 PM,Other (describe in narrative),0,TEMPLE,TX,60,4,Dark,Rain,Main,Freight Train,0,0,14790,14790,H605,31.078836,-97.333693,46.7,46.3,51.1
BNSF,RD0322116,2022-03-16,10:15 AM,Derailment,0,DAYTON,TX,75,2,Day,Clear,Yard,Yard/switching,5,7244,17753,24997,H307,30.013413,-94.902601,63.2,62.5,63.9
BNSF,RD1119125,2019-11-28,5:00 AM,Derailment,0,FORT WORTH,TX,48,1,Dawn,Rain,Yard,Yard/switching,4,10000,6000,16000,H607,32.81606,-97.3243,47.2,48.5,53
UP,0922SX003,2022-09-03,6:45 AM,Other impacts,0,HONDO,TX,77,1,Dawn,Clear,Industry,Freight Train,0,272023,0,320415,H104,29.456202,-98.999747,83.3,80.5,77.8
UP,0823RM035,2023-08-27,3:23 AM,Derailment,0,SALT LAKE CITY,UT,75,4,Dark,Cloudy,Main,Freight Train,2,46146,25895,72041,H303,40.7516,-112.025884,81.8,81.5,80.3
UP,0818HO033,2018-08-18,4:45 PM,Derailment,0,HOUSTON,TX,90,2,Day,Clear,Yard,Yard/switching,4,26351,450,89405,M201,29.826486,-95.289173,86.4,86.8,86.6
KCS,19061401,2019-06-14,8:10 PM,Derailment,0,BEAUMONT,TX,80,3,Dusk,Clear,Yard,Freight Train,4,3268,44840,48108,H306,30.075505,-94.103854,80.5,81,83.9
UP,0923SX024,2023-09-26,3:40 PM,Other impacts,0,SAN ANTONIO,TX,93,2,Day,Clear,Yard,Light loco(s),2,2500,0,19093,H306,29.381568,-98.55336,86.7,84.5,84.1
UP,1121HO019,2021-11-13,7:00 PM,Hwy-rail crossing,0,HOUSTON,TX,70,3,Dusk,Clear,Main,Freight Train,30,0,23200,23200,M304,29.818138,-95.48348,65.5,58.5,65.1
ATK,171989,2022-09-11,5:30 PM,Fire/violent rupture,0,QUANTICO,VA,81,2,Day,Cloudy,Main,Passenger Train - Pulling,54,13095,0,13095,M406,38.473625,-77.32093,73.6,76.4,76.1
UP,0420TO040,2020-04-30,11:20 AM,Derailment,0,BIG SPRING,TX,79,2,Day,Clear,Yard,Yard/switching,4,107157,109259,216416,H514,32.252862,-101.483614,70.8,72.6,81.7
UP,1121HO003,2021-11-04,2:36 AM,Other impacts,0,HOUSTON,TX,52,4,Dark,Rain,Yard,Single Car,0,45588,0,68411,M411,29.790798,-95.305583,63.4,52.4,55.7
UP,0923SX014,2023-09-16,5:20 AM,Derailment,0,LAREDO,TX,74,1,Dawn,Clear,Yard,Yard/switching,2,30635,2000,32635,S011,27.666,-99.432556,89.2,81.6,83.5
UP,1019TO016,2019-10-17,10:23 AM,Fire/violent rupture,0,OLDEN,TX,54,2,Day,Cloudy,Main,Freight Train,20,15501,0,15501,M406,32.418251,-98.761295,61.2,59.2,65.3
UP,0821TO003,2021-08-02,6:01 PM,Other impacts,0,EL PASO,TX,88,3,Dusk,Clear,Main,Single Car,5,272,0,82520,H312,31.767404,-106.478304,80.5,78.8,80.4
BNSF,NW1214100,2014-12-03,3:45 PM,Derailment,0,SEATTLE,WA,42,2,Day,Clear,Industry,Yard/switching,4,15043,1000,16043,M101,47.60934,-122.34238,35.3,40.8,43.9
UP,1123TO011,2023-11-06,12:42 PM,Hwy-rail crossing,0,WESTBROOK,TX,86,2,Day,Clear,Main,Freight Train,40,18462,0,18462,M302,32.368722,-100.973748,63.9,68.5,70.3
CSX,000163861,2016-10-26,3:26 PM,Other impacts,0,CLIFTON FORGE,VA,62,2,Day,Clear,Main,Cut of cars,0,12126,0,64941,H302,37.813794,-79.828813,44.9,46,53.1
UP,0922HO020,2022-09-17,8:00 AM,Other impacts,0,HOUSTON,TX,76,2,Day,Clear,Yard,Yard/switching,3,5928,3170,35059,M408,29.795155,-95.295892,80.7,83,83.3
BNSF,NW0824118,2024-08-24,2:00 AM,Other (describe in narrative),0,KALAMA,WA,63,4,Dark,Clear,Industry,Freight Train,5,10800,10162,20962,H607,45.994604,-122.840902,59.8,58.9,64.6
UP,0120TO021,2020-01-13,11:00 AM,Derailment,0,FORT WORTH,TX,50,2,Day,Cloudy,Main,Freight Train,8,41508,4669,46177,H503,32.745098,-97.322771,45.2,54,63.6
UP,0621GC027,2021-06-29,12:40 PM,Derailment,0,INGLESIDE,TX,84,2,Day,Clear,Industry,Yard/switching,10,20463,0,20463,H307,27.871962,-97.175747,80.8,83.4,84.1
PSAP,PSA861015D,2015-12-28,9:18 PM,Derailment,0,MONTESANO,WA,34,4,Dark,Cloudy,Main,Freight Train,20,5491,7532,13023,M501,46.983692,-123.56595,37,37.9,35.7
UP,0722TO052,2022-07-25,5:00 AM,Other impacts,0,BELLMEAD,TX,82,1,Dawn,Clear,Yard,Cut of cars,5,0,0,41708,H601,31.584842,-97.097819,91.2,91.7,91.4
FWWR,20021402,2020-02-14,8:10 PM,Side collision,0,FORT WORTH,TX,41,4,Dark,Clear,Main,Freight Train,1,43118,0,43118,H306,32.761111,-97.347222,40.5,38.7,52.6
BNSF,RD0719113,2019-07-12,4:00 PM,Derailment,0,SLATON,TX,93,2,Day,Clear,Yard,Freight Train,3,11810,7000,18810,H515,33.4484,-101.647928,79.8,80.9,79.8
BNSF,RD0423101,2023-04-01,10:00 PM,Derailment,0,BEAUMONT,TX,70,4,Dark,Clear,Yard,Yard/switching,1,103651,1500,105151,H514,30.095837,-94.117394,74.9,77.5,73.1
CSX,000157195,2015-12-06,7:00 PM,Fire/violent rupture,0,HANOVER,VA,75,4,Dark,Clear,Main,Freight Train,0,32155,0,32155,E71L,37.757941,-77.375575,38.1,37.8,41.2
CWRY,CWR940822,2022-04-04,4:39 PM,Derailment,0,PORTSMOUTH,VA,68,2,Day,Clear,Yard,Yard/switching,4,83702,10000,93702,E49L,36.872203,-76.369061,56.8,49.8,62.2
BNSF,RD1118207,2018-11-09,3:30 PM,Hwy-rail crossing,0,WAELDER,TX,56,2,Day,Clear,Main,Freight Train,36,225000,0,1660925,M308,29.679257,-97.217985,63.3,54.2,48.9
AWRR,200319006,2020-03-19,7:00 PM,Derailment,0,BURNET,TX,74,2,Day,Clear,Main,Freight Train,5,80000,4300,84300,E85C,30.74969,-98.14844,70.7,71.1,56.2
UP,0220TO026,2020-02-22,12:38 AM,Other (describe in narrative),0,HILLSBORO,TX,39,4,Dark,Clear,Main,Yard/switching,20,0,21500,21500,H301,32.027506,-97.129401,40,47.2,53.8
UP,0719SX019,2019-07-24,6:00 AM,Derailment,0,SAN ANTONIO,TX,75,1,Dawn,Clear,Yard,Cut of cars,0,6416,0,515588,H503,29.373809,-98.559231,84.8,82.2,79.5
ATK,179312,2024-04-10,4:45 PM,Hwy-rail crossing,0,MERIDIAN,TX,68,2,Day,Clear,Main,Passenger Train - Pulling,54,65135,0,65135,M302,31.886067,-97.619125,66.3,59.3,60.3
BNSF,NW0215118,2015-02-17,2:00 PM,Other (describe in narrative),0,BUCODA,WA,35,2,Day,Clear,Main,Spec. MoW Equip.,15,20000,0,20000,H997,46.794897,-122.876071,46.8,43.7,44.8
UP,0319RM047,2019-03-30,9:13 AM,Derailment,4,EUREKA,UT,34,2,Day,Clear,Main,Freight Train,35,1502035,640158,2142193,E06C,39.75675,-112.200068,39.4,41,41.9
UP,0923TO011,2023-09-05,6:36 PM,Derailment,0,FORT WORTH,TX,101,3,Dusk,Clear,Yard,Cut of cars,5,26736,0,48357,S007,32.714539,-97.397153,88.5,91.6,93
UP,0122TO012,2022-01-10,8:56 PM,Other impacts,0,DALLAS,TX,44,4,Dark,Cloudy,Yard,Yard/switching,2,35086,0,41044,H312,32.714048,-96.750151,51.4,42.1,44.2
CSX,000167252,2017-02-09,11:10 AM,Obstruction,0,SANDSTON,VA,45,2,Day,Cloudy,Main,,0,0,0,13000,M404,37.485357,-77.278438,63.3,43.3,32.4
UP,0718UT032,2018-07-27,12:05 AM,Derailment,0,SALT LAKE CITY,UT,90,4,Dark,Clear,Yard,Freight Train,7,36382,99,36481,H307,40.784031,-111.906451,85.1,85.7,86.3
UP,0223SX020,2023-02-27,4:50 AM,Hwy-rail crossing,0,DEL RIO,TX,61,1,Dawn,Clear,Main,Freight Train,35,25542,99,25641,M302,29.366882,-100.847213,71.6,71.5,71.2
UP,0922HO033,2022-09-25,2:30 PM,Other impacts,0,DAYTON,TX,96,2,Day,Clear,Yard,Yard/switching,4,951998,1500,961325,H307,30.012524,-94.902256,82.8,83.4,83.4
BNSF,NW0218203,2018-02-27,6:29 PM,Hwy-rail crossing,0,SEATTLE,WA,41,3,Dusk,Rain,Main,,0,0,0,0,M302,47.571594,-122.331717,38.2,42,43
UP,1221TO020,2021-12-14,10:35 AM,Other impacts,0,DALLAS,TX,62,2,Day,Fog,Yard,Yard/switching,4,58565,7100,75457,H020,32.714821,-96.750628,52.9,62.5,72.7
BNSF,RD0524113,2024-05-14,5:20 AM,Derailment,0,FORT WORTH,TX,77,1,Dawn,Clear,Yard,Yard/switching,10,293432,74652,368084,H309,32.819685,-97.327438,71.7,72.8,77.4
UP,0817UT015,2017-08-16,11:40 AM,Derailment,0,OGDEN,UT,75,2,Day,Clear,Yard,Freight Train,8,24648,30648,55296,E64C,41.201332,-111.985276,68.2,71.5,75.1
UP,0220SX018,2020-02-23,8:51 AM,Derailment,0,SPOFFORD,TX,44,2,Day,Cloudy,Main,,0,0,263235,463235,E79L,29.163014,-100.395556,54.2,62.5,65.4
UP,0224SX001,2024-02-01,10:43 PM,Derailment,0,EAGLE PASS,TX,66,4,Dark,Clear,Yard,Freight Train,8,17554,30620,48174,H607,28.787883,-100.470691,57.3,65.7,66.3
BNSF,SW0522105,2022-05-28,5:50 AM,Derailment,0,EL PASO,TX,75,1,Dawn,Clear,Yard,Yard/switching,5,35000,10000,45000,H607,31.755289,-106.495677,85.7,88.8,84
TMBL,03242016A,2016-03-24,1:45 AM,Side collision,0,TACOMA,WA,43,4,Dark,Rain,Yard,Cut of cars,8,26750,0,48692,H318,47.248746,-122.389803,47.8,45.4,46.8
TMBL,03242016A,2016-03-24,1:45 AM,Side collision,0,TACOMA,WA,43,4,Dark,Rain,Yard,Cut of cars,2,21942,0,48692,H318,47.248746,-122.389803,47.8,45.4,46.8
BNSF,NW1114201,2014-11-24,4:30 PM,Hwy-rail crossing,0,SPOKANE,WA,38,2,Day,Cloudy,Main,Maint./inspect Car,5,15000,0,15000,M303,47.6718,-117.39,35.5,34.3,38.4
UP,0224TO012,2024-02-08,3:45 AM,Other impacts,0,FORT WORTH,TX,59,4,Dark,Cloudy,Yard,Yard/switching,4,41607,0,145078,H310,32.724286,-97.373509,57.8,60.7,60.1
UP,0223HO031,2023-02-25,12:30 AM,Other impacts,0,HOUSTON,TX,72,4,Dark,Fog,Yard,Cut of cars,5,6566,0,147730,S016,29.796943,-95.291516,73.1,72.4,73.3
UP,1218GC058,2018-12-24,5:00 PM,Derailment,0,HOUSTON,TX,61,2,Day,Cloudy,Yard,Yard/switching,7,111132,58118,169250,T221,29.79078,-95.300908,62.1,57.1,64.3
BNSF,RD0324110,2024-03-09,1:12 PM,Other (describe in narrative),0,TEAGUE,TX,72,2,Day,Clear,Yard,Yard/switching,5,800,154,14447,H307,31.647888,-96.296331,65.1,50.2,53.8
UP,0923TO041,2023-09-26,10:45 PM,Other impacts,0,FORT WORTH,TX,81,4,Dark,Clear,Yard,Freight Train,0,157770,0,198003,H307,32.71814,-97.388522,81.6,82.3,83.2
NS,137843,2020-04-29,8:45 PM,Other impacts,0,NORFOLK,VA,69,4,Dark,Cloudy,Yard,Single Car,4,258,0,29565,M411,36.871434,-76.293489,56,69.3,67.1
UP,0221TO030,2021-02-26,3:25 AM,Derailment,0,FORT WORTH,TX,46,4,Dark,Rain,Yard,Yard/switching,6,5090,301774,306864,S014,32.727442,-97.366758,47.7,50.1,59.2
CSX,000218966,2024-06-28,9:17 PM,Derailment,0,CLIFTON FORGE,VA,78,4,Dark,Clear,Yard,Yard/switching,10,89774,1809,91583,H504,37.811388,-79.835301,70,69.7,73.7
UP,0419GC039,2019-04-19,6:50 PM,Other impacts,0,CORPUS CHRISTI,TX,81,3,Dusk,Clear,Industry,Yard/switching,8,1500,3511,35446,H307,27.815856,-97.469356,73.8,70.3,69.9
BNSF,RD0623107,2023-06-09,12:11 PM,Derailment,0,DAYTON,TX,88,2,Day,Clear,Yard,Yard/switching,7,4462,10468,14930,H703,29.995257,-94.907385,76.4,79.7,82.3
UP,0124TO034,2024-01-30,11:45 AM,Other impacts,0,FORT WORTH,TX,63,2,Day,Clear,Yard,Yard/switching,0,0,0,40168,H317,32.722057,-97.324547,54.6,57.6,57.3
CSX,000191969,2020-08-12,9:45 PM,Derailment,0,COVINGTON,VA,80,4,Dark,Rain,Industry,Yard/switching,11,43477,1000,44477,H307,37.791663,-79.993417,74.6,73.9,71
UP,1020SX027,2020-10-25,7:54 PM,Derailment,0,SMITHVILLE,TX,82,3,Dusk,Cloudy,Main,Freight Train,7,12403,11755,24158,H504,30.007146,-97.162918,60.4,69.7,67.4
KCS,20030603,2020-03-06,3:54 PM,Fire/violent rupture,0,TELFENER,TX,70,2,Day,Clear,Main,Freight Train,35,103382,0,103382,E72L,28.851726,-96.890204,62.1,59.2,56.6
UP,1019RM026,2019-10-27,8:01 PM,Other impacts,0,OGDEN,UT,32,4,Dark,Cloudy,Yard,Yard/switching,6,115597,3828,226731,H310,41.188316,-111.989389,45.8,33.6,27.7
NS,127851,2017-12-20,9:45 AM,Other impacts,0,KEYSVILLE,VA,30,2,Day,Clear,Main,Freight Train,40,0,19207,19207,M409,37.09173,-78.458239,51.5,53.6,38.6
UP,0721TO019,2021-07-17,5:00 PM,Hwy-rail crossing,0,STANTON,TX,96,2,Day,Clear,Main,Freight Train,62,9568,15558,25126,M304,32.124609,-101.801448,82.7,82.5,81.4
ATK,178554,2024-02-23,1:34 PM,Hwy-rail crossing,0,JOSHUA,TX,68,2,Day,Clear,Main,Passenger Train - Pulling,76,36061,0,56061,M308,32.43587,-97.388671,68,60,60.2
UP,0319ST018,2019-03-09,1:20 AM,Obstruction,0,SIERRA BLANCA,TX,49,4,Dark,Clear,Main,Freight Train,55,60013,0,60013,M402,31.127637,-105.193993,64,52.6,57.7
CSX,000172741,2017-11-08,11:08 AM,Hwy-rail crossing,0,JARRATT,VA,43,2,Day,Rain,Main,,0,0,0,28853,M308,36.810315,-77.468257,52.5,42.7,47.7
UP,0724SX003,2024-07-02,8:45 AM,Derailment,0,SAN ANTONIO,TX,78,2,Day,Clear,Main,Yard/switching,4,10618,20610,31228,M401,29.361373,-98.569822,87.7,88.7,87.7
UP,0318FW022,2018-03-16,11:15 PM,Fire/violent rupture,0,ABILENE,TX,68,4,Dark,Clear,Main,Freight Train,20,56117,0,56117,E72L,32.456829,-99.843648,62,65.2,61.2
UP,1023TO016,2023-10-15,11:09 AM,Other impacts,0,FORT WORTH,TX,61,2,Day,Clear,Yard,Single Car,5,3174,0,92314,E30C,32.732095,-97.360155,61.5,58.1,55.5
UP,0519RM024,2019-05-21,4:40 AM,Other impacts,0,OGDEN,UT,43,1,Dawn,Rain,Yard,Cut of cars,2,18416,0,175165,M199,41.199116,-111.9868,49.2,44.7,47.6
WATX,210123005,2021-01-23,10:00 PM,Derailment,0,HOUSTON,TX,70,4,Dark,Fog,Yard,Yard/switching,7,372436,17319,389755,T221,29.756852,-95.199328,64.2,60.8,67.2
UP,1120HO019,2020-11-23,2:56 AM,Derailment,0,HOUSTON,TX,64,4,Dark,Clear,Yard,Yard/switching,2,84136,2788,86924,E09C,29.798926,-95.287612,71.7,61.6,70.8
UP,0123HO028,2023-01-24,3:47 PM,Other (describe in narrative),0,LA PORTE,TX,66,2,Day,Rain,Siding,Cut of cars,0,337061,500,337561,M102,29.702701,-95.089567,50.7,55.5,47.6
UP,1023HO010,2023-10-06,6:50 PM,Derailment,0,HOUSTON,TX,81,3,Dusk,Clear,Main,Freight Train,1,11492,3180,14672,E71L,29.771219,-95.328597,75.3,75.5,71.1
NS,117007,2015-08-19,12:30 AM,Derailment,0,LYNCH STATION,VA,65,4,Dark,Clear,Main,Freight Train,20,11789,1000,12789,E39C,37.118278,-79.420524,74.9,75.5,75.9
BNSF,RD0923137,2023-09-25,8:34 PM,Derailment,0,SAGINAW,TX,82,3,Dusk,Clear,Yard,Yard/switching,7,30671,12248,42919,H306,32.859658,-97.361286,88.1,81.5,82.1
UP,0118LV038,2018-01-01,4:17 PM,Derailment,0,BEAUMONT,TX,30,2,Day,Cloudy,Yard,,0,0,296418,364561,T220,30.076976,-94.130227,44.8,32.4,30.3
CSX,000145948,2015-05-07,2:00 PM,Derailment,0,WILLIAMSBURG,VA,84,2,Day,Clear,Main,Spec. MoW Equip.,15,90530,2741,93271,H993,37.222578,-76.61373,73.8,71.2,71.4
UP,0217UT003,2017-02-07,5:30 PM,Derailment,0,SCOFIELD,UT,37,3,Dusk,Snow,Yard,Freight Train,4,61948,0,61948,M101,39.682867,-111.157466,37.1,38.1,42.2
UP,0121GC026,2021-01-26,12:51 AM,Derailment,0,BEAUMONT,TX,60,4,Dark,Cloudy,Yard,Freight Train,2,178101,122897,300998,H702,30.073575,-94.146888,68.5,66.8,60.4
BNSF,RD1019202,2019-10-14,4:38 AM,Hwy-rail crossing,0,ORANGE,TX,70,1,Dawn,Clear,Main,Freight Train,25,10150,0,14660,M308,30.121476,-93.746074,68.2,73.3,80
CSX,000210105,2023-03-01,5:25 AM,Other impacts,0,RICHMOND,VA,44,4,Dark,Clear,Yard,Light loco(s),7,799,0,56576,H306,37.57583,-77.471319,52.6,48.9,57.6
UP,0520HO016,2020-05-22,5:00 PM,Raking collision,0,HOUSTON,TX,91,2,Day,Clear,Yard,Freight Train,4,194564,4993,199657,H008,29.790912,-95.307439,82.1,83.1,84.1
CSX,000196430,2021-03-18,7:30 AM,Derailment,0,RICHMOND,VA,60,1,Dawn,Rain,Yard,Cut of cars,7,28124,144,28268,H318,37.575929,-77.471137,46.4,51.6,44.7
UP,1123SX009,2023-11-09,2:30 AM,Derailment,0,SAN ANTONIO,TX,71,4,Dark,Clear,Yard,Yard/switching,5,16425,1826,91791,H318,29.436304,-98.464979,73.6,70.6,57.6
BNSF,NW0816109,2016-08-17,12:20 PM,Derailment,0,KENT,WA,80,2,Day,Clear,Yard,Freight Train,5,11340,4260,15600,H312,47.43142,-122.239299,68.3,69.1,74.7
UP,0422SX029,2022-04-27,8:30 PM,Other impacts,0,SAN ANTONIO,TX,78,4,Dark,Cloudy,Yard,Yard/switching,4,461419,0,462110,M105,29.37242,-98.56063,66.4,72.4,77.6
BNSF,RD0722118,2022-07-24,10:35 AM,Derailment,0,RIO VISTA,TX,91,2,Day,Clear,Main,Freight Train,50,21535,800,22335,E34C,32.266669,-97.378985,88.3,90.3,91.7
NS,121042,2016-06-29,2:30 AM,Derailment,0,ROANOKE,VA,65,4,Dark,Clear,Yard,Yard/switching,5,19331,200,19531,H306,37.271098,-79.997944,76,75,71.3
BNSF,RD1120124,2020-11-24,7:00 PM,Derailment,0,FORT WORTH,TX,50,3,Dusk,Rain,Yard,Light loco(s),3,5000,10000,15000,H607,32.820369,-97.328775,52.5,63.1,53.4