reportingrailroadcode,accidentnumber,date,time,accidenttype,hazmatreleasedcars,station,stateabbr,temperature,visibility_code,visibility,weathercondition,tracktype,equipmenttype,trainspeed,equipmentdamagecost,trackdamagecost,totaldamagecost,primaryaccidentcausecode,latitude,longitude,prior_temp,actual_temp,following_temp
BNSF,KS1022107,2022-10-15,12:02 PM,Derailment,0,AMARILLO,TX,70,2,Day,Clear,Yard,Yard/switching,6,17850,21000,38850,E46C,35.19498,-101.829879,63,64.9,53.9
CSX,000218422,2024-05-30,11:55 PM,Other impacts,0,CLIFTON FORGE,VA,49,4,Dark,Clear,Yard,Yard/switching,4,3000,0,52000,H309,37.811388,-79.835301,58.9,57.4,57.7
UP,0118UT021,2018-01-09,7:00 PM,Other impacts,0,SOUTH SALT LAKE,UT,47,4,Dark,Rain,Yard,Yard/switching,4,98581,4340,229759,H306,40.709005,-111.909042,32.4,46,41.6
UP,1217UT028,2017-12-19,11:35 AM,Derailment,0,OGDEN,UT,35,2,Day,Clear,Yard,Yard/switching,3,42114,81748,123862,M405,41.199061,-111.986411,29.8,33.3,36.5
CWRY,CWR617723D,2023-11-21,4:18 PM,Derailment,0,PORTSMOUTH,VA,55,2,Day,Clear,Yard,Freight Train,1,130000,0,130000,H503,36.872203,-76.369061,48.7,59.5,59.4
UP,0623TO027,2023-06-26,7:25 AM,Other impacts,0,FORT WORTH,TX,81,2,Day,Clear,Yard,Yard/switching,5,26165,35655,111855,H702,32.727714,-97.36616,91.4,92.6,91.9
UP,0424HO027,2024-04-20,2:05 PM,Other impacts,0,BAYTOWN,TX,80,2,Day,Cloudy,Yard,Freight Train,4,52850,9014,139411,H021,29.875671,-94.908822,77.8,74.9,63
NS,125296,2017-06-02,10:34 AM,Hwy-rail crossing,0,CULPEPER,VA,77,2,Day,Clear,Main,,0,0,0,26011,M302,38.493656,-77.920615,69.7,67.2,68.5
BNSF,NW0518119,2018-05-29,6:30 AM,Rear end collision,0,SPRAGUE,WA,60,1,Dawn,Clear,Main,Spec. MoW Equip.,0,20000,0,20000,H402,47.300705,-117.953061,67,59.8,55.7
BNSF,RD1023109,2023-10-04,2:30 AM,Derailment,0,DAYTON,TX,77,4,Dark,Clear,Yard,Light loco(s),4,154,12337,12491,H307,29.999932,-94.907477,75.9,80.4,75.5
UP,0921SX012,2021-09-13,8:30 AM,Derailment,0,LULING,TX,74,2,Day,Cloudy,Main,Freight Train,11,32620,622001,654621,E71L,29.674866,-97.693033,80.6,78.3,78.4
UP,0421SX017,2021-04-24,8:10 AM,Derailment,0,SAN ANTONIO,TX,58,2,Day,Cloudy,Yard,Yard/switching,5,189639,5040,194679,H707,29.361814,-98.569353,71.5,74.1,74.1
NS,119694,2016-03-12,2:30 AM,Derailment,0,HARMAN,VA,57,4,Dark,Clear,Yard,Freight Train,4,8912,0,12012,H702,37.323805,-82.166823,61,66.4,61.8
UP,0419TO004,2019-04-03,4:15 AM,Derailment,0,WEATHERFORD,TX,51,1,Dawn,Cloudy,Main,,0,0,268151,1648151,H519,32.783178,-97.900207,56.8,59.8,71.4
BNSF,RD0721103,2021-07-01,10:24 PM,Derailment,0,LUBBOCK,TX,82,4,Dark,Clear,Yard,Yard/switching,8,82403,4000,86403,H307,33.609801,-101.855261,74.4,77.8,73.7
BNSF,KS0620110,2020-06-19,10:40 AM,Derailment,0,AMARILLO,TX,89,2,Day,Clear,Yard,Yard/switching,5,35784,193647,229431,H523,35.207021,-101.826344,79.7,72.2,72.6
UP,0423TO028,2023-04-19,8:25 AM,Hwy-rail crossing,0,ODESSA,TX,63,2,Day,Clear,Main,Freight Train,50,8788,30000,38788,M302,31.814471,-102.424739,74.4,76.7,70.6
UP,0519TO001,2019-05-01,7:08 AM,Fire/violent rupture,0,PYOTE,TX,60,2,Day,Clear,Main,Freight Train,5,33371,0,33371,E73L,31.504601,-103.223634,76,74,69.8
BNSF,RD0118125,2018-01-26,5:45 PM,Derailment,0,TEMPLE,TX,70,3,Dusk,Clear,Yard,Yard/switching,7,4800,14900,19700,H599,31.099687,-97.349222,49.9,55.8,59.6
BNSF,KS0822105,2022-08-10,10:39 AM,Derailment,0,AMARILLO,TX,90,2,Day,Cloudy,Yard,Yard/switching,10,9690,2100,11790,H702,35.212473,-101.826753,78.5,76.3,78.6
ATK,144459,2016-09-29,8:13 PM,Hwy-rail crossing,0,MOUNT VERNON,WA,58,3,Dusk,Cloudy,Main,Passenger Train - Pulling,79,10796,0,10796,M302,48.355898,-122.340972,55.3,51.5,51.4
BNSF,RD0621126,2021-06-26,8:50 AM,Other (describe in narrative),0,PASADENA,TX,90,1,Dawn,Cloudy,Industry,Freight Train,10,0,0,94000,H607,29.716141,-95.227837,86.5,85.5,84.9
BNSF,RD1222129,2022-12-30,6:15 AM,Other impacts,0,SAN ANTONIO,TX,60,1,Dawn,Clear,Yard,Freight Train,4,32205,0,32205,H318,29.325841,-98.624006,65.3,60.4,59.1
UP,0322TO008,2022-03-12,1:24 AM,Other impacts,0,FORT WORTH,TX,29,4,Dark,Clear,Yard,Single Car,5,1458,0,35064,M411,32.721698,-97.379665,35,41,51.5
NS,113752,2015-01-09,7:05 PM,Derailment,0,ROANOKE,VA,30,3,Dusk,Clear,Yard,Freight Train,3,56473,8575,65048,E64L,37.267787,-79.965191,14.3,30.2,23.2
BNSF,KS0122106,2022-01-05,6:07 PM,Derailment,0,AMARILLO,TX,36,3,Dusk,Clear,Industry,Freight Train,2,800,32109,32909,H307,35.221821,-101.800735,49,37,16.6
NS,113739,2015-01-09,9:15 AM,Other (describe in narrative),0,SHAWSVILLE,VA,22,2,Day,Clear,Main,Spec. MoW Equip.,3,0,60000,60000,H997,37.182894,-80.244835,11.6,26.9,19.4
NS,145977,2022-07-27,12:17 AM,Other (describe in narrative),0,SPRINGFIELD,VA,75,4,Dark,Clear,Industry,Freight Train,1,0,0,72548,H307,38.79599,-77.181835,75.8,79.6,81
UP,0221MA003,2021-02-03,7:41 AM,Hwy-rail crossing,0,WASKOM,TX,33,1,Dawn,Clear,Main,Freight Train,54,17083,53384,70467,M302,32.475961,-94.049928,42.6,47.3,58.9
UP,0420TO004,2020-04-03,12:25 AM,Other impacts,0,BIG SPRING,TX,64,4,Dark,Clear,Yard,Yard/switching,4,27087,0,114754,H018,32.25759,-101.47209,71,49.7,42.5
UP,0722TO050,2022-07-25,5:53 AM,Other impacts,0,FORT WORTH,TX,84,1,Dawn,Clear,Yard,Yard/switching,6,9395,0,12690,M404,32.720387,-97.382687,91.9,93,93
BNSF,RD0920107,2020-09-05,10:50 PM,Other impacts,0,SOMERVILLE,TX,88,4,Dark,Cloudy,Yard,Freight Train,3,17750,0,17750,H307,30.349494,-96.529804,77,77.5,81.1
BNSF,RD1223112,2023-12-13,1:30 PM,Derailment,0,TEMPLE,TX,65,2,Day,Clear,Yard,Yard/switching,2,41382,1084,42466,M599,31.119347,-97.34973,52.3,52,55.7
UP,0823HO029,2023-08-26,12:25 PM,Derailment,0,HOUSTON,TX,94,2,Day,Clear,Yard,Yard/switching,3,101492,83140,184632,M411,29.795504,-95.29436,90.5,89.4,90.7
NS,153998,2023-08-22,3:00 PM,Other impacts,0,ROANOKE,VA,93,2,Day,Cloudy,Yard,Single Car,4,71816,0,106096,H312,37.272099,-80.009416,81.4,82.1,75.6
BNSF,RD0220121,2020-02-19,8:00 PM,Obstruction,0,KOUNTZE,TX,50,3,Dusk,Rain,Main,Freight Train,45,500,74700,75200,M402,30.394231,-94.428755,71.5,56.6,48.7
UP,1222HO022,2022-12-16,10:50 PM,Other impacts,0,HOUSTON,TX,44,4,Dark,Clear,Yard,Yard/switching,4,27206,0,130270,M407,29.796574,-95.291673,54.6,54.2,48.3
UP,0922TO014,2022-09-19,8:35 AM,Other impacts,0,FORT WORTH,TX,74,2,Day,Clear,Yard,Yard/switching,2,69785,0,73242,M407,32.724286,-97.373509,83.9,83.8,84.9
UP,1121TO008,2021-11-11,5:30 AM,Hwy-rail crossing,0,BARSTOW,TX,44,1,Dawn,Clear,Main,Freight Train,68,16920,33,16953,M304,31.460346,-103.383911,61.9,54.5,50.8
UP,0718SA019,2018-07-16,12:10 PM,Obstruction,0,FAYETTEVILLE,TX,96,2,Day,Clear,Main,Spec. MoW Equip.,5,19299,33,19332,H993,29.907272,-96.66748,84,84.2,84.1
AWRR,180816001,2018-08-16,6:00 AM,Hwy-rail crossing,0,BURNET,TX,82,1,Dawn,Clear,Main,Freight Train,16,35000,0,35000,M303,30.709543,-98.240291,85,86.4,86.9
UP,0818LV016,2018-08-10,2:15 PM,Derailment,0,TIMPSON,TX,92,2,Day,Cloudy,Industry,Freight Train,8,18870,1434,20304,E66L,31.897746,-94.408008,82.8,78.9,78.5
UP,0622SX018,2022-06-22,2:40 PM,Obstruction,0,SAN ANTONIO,TX,95,2,Day,Clear,Main,Freight Train,24,12080,266,12346,M402,29.44191,-98.506918,87.6,87,88.2
BNSF,RD0419133,2019-04-24,12:57 PM,Derailment,0,SILSBEE,TX,76,2,Day,Cloudy,Yard,Yard/switching,5,6871,16000,22871,M410,30.35184,-94.185665,70.3,71.6,73.1
NS,144340,2022-02-10,6:00 AM,Other (describe in narrative),0,SHENANDOAH,VA,36,1,Dawn,Clear,Yard,Cut of cars,3,11672,3485,15157,H306,38.486331,-78.627242,38.9,42.6,45.5
BNSF,RD0624102,2024-06-06,4:10 PM,Derailment,0,HOUSTON,TX,88,2,Day,Clear,Yard,Yard/switching,3,15500,4392,19892,M505,29.913479,-95.506774,79.1,85.3,86.1
FWWR,22080101,2022-08-01,9:05 PM,Other impacts,0,CLEBURNE,TX,91,4,Dark,Clear,Main,Yard/switching,10,18106,0,18106,H399,32.37679,-97.40253,91.4,90,91.3
TSWS,7772020001,2020-07-30,3:22 AM,Other impacts,0,SALT LAKE CITY,UT,78,4,Dark,Clear,Yard,Yard/switching,8,50000,0,50150,H702,40.752437,-112.020281,78.7,85.6,89.3
UP,0424HO026,2024-04-10,2:50 AM,Other impacts,0,HOUSTON,TX,74,4,Dark,Cloudy,Yard,Yard/switching,7,26885,0,26885,M411,29.813084,-95.288881,74.4,69,69.3
TXNW,TXNW150608,2015-06-08,1:20 PM,Derailment,0,SUNRAY,TX,78,2,Day,Clear,Yard,Yard/switching,5,50000,5000,55000,H306,36.007778,-101.900733,72.8,71.7,75.8
BNSF,KS0723115,2023-07-29,4:00 PM,Other (describe in narrative),0,AMARILLO,TX,85,2,Day,Clear,Yard,Freight Train,1,250,21000,21250,H995,35.195135,-101.829157,85.7,86.5,84.9
UP,0722TO028,2022-07-14,6:21 PM,Other impacts,0,DALLAS,TX,90,3,Dusk,Clear,Main,Cut of cars,0,116507,0,471341,M501,32.694678,-96.738506,93.4,86.5,87.3
UP,0922TO010,2022-09-07,6:58 PM,Hwy-rail crossing,0,SAGINAW,TX,93,3,Dusk,Clear,Main,Freight Train,20,8936,26000,34936,M303,32.905164,-97.402215,81.5,83.1,81.1
UP,0921RM027,2021-09-27,9:45 AM,Derailment,0,BRIGHAM CITY,UT,62,2,Day,Clear,Yard,Freight Train,5,5322,95815,101137,T212,41.51289,-112.029461,66.1,66.1,58.6
UP,0824HO004,2024-08-03,6:00 AM,Other impacts,0,LA PORTE,TX,79,1,Dawn,Clear,Yard,Single Car,4,0,0,33160,S007,29.674996,-95.039093,87.3,88.2,86.1
BNSF,RD0919124,2019-09-23,7:00 PM,Derailment,0,TEAGUE,TX,84,3,Dusk,Clear,Yard,Cut of cars,0,40475,240685,467062,H503,31.629242,-96.286286,82.4,83.1,82.6
FWWR,22090201,2022-09-02,8:25 PM,Derailment,0,CRESSON,TX,80,2,Day,Cloudy,Yard,Yard/switching,1,5934,8367,14301,H303,32.53373,-97.61868,75.1,75.7,80.4
UP,0519GC007,2019-05-02,3:34 AM,Obstruction,0,JEWETT,TX,72,4,Dark,Rain,Main,Freight Train,40,15684,33,15717,M105,31.334136,-96.180865,76.2,67.2,67.6
CBRW,15080401,2015-08-04,11:53 AM,Derailment,0,MOSES LAKE,WA,90,2,Day,Clear,Yard,Freight Train,5,1300,15000,16300,H799,47.130141,-119.278077,80.8,78.5,73.8
ATK,163341,2020-03-03,12:15 PM,Hwy-rail crossing,0,LISSIE,TX,77,2,Day,Cloudy,Main,Passenger Train - Pulling,70,179640,0,790576,M304,29.563883,-96.253074,70.5,72.8,67.5
UP,0823TO019,2023-08-12,7:45 PM,Derailment,0,FORT WORTH,TX,104,3,Dusk,Clear,Main,Freight Train,5,68118,54996,123114,M201,32.738761,-97.3221,96.3,94.9,94.8
UTAX,03032015,2015-03-03,1:50 PM,Side collision,0,SOUTH SALT LAKE,UT,35,2,Day,Snow,Main,EMU,20,123591,0,146602,H221,40.722727,-111.896842,37.8,33.9,32.1
CWRY,CWR993622,2022-07-19,4:00 PM,Derailment,0,PORTSMOUTH,VA,88,2,Day,Clear,Industry,Light loco(s),10,0,51430,51430,H702,36.877482,-76.365596,83.4,82.8,84
BNSF,NW0318114,2018-03-21,3:38 AM,Derailment,0,FERNDALE,WA,39,4,Dark,Cloudy,Industry,Freight Train,3,28854,0,28854,T221,48.841555,-122.708536,44.7,46.7,44.1
UP,1222HO022,2022-12-16,10:50 PM,Other impacts,0,HOUSTON,TX,44,4,Dark,Clear,Yard,Cut of cars,5,24607,0,130270,M407,29.796574,-95.291673,54.6,54.2,48.3
UP,0619TO030,2019-06-15,10:15 AM,Hwy-rail crossing,0,MINEOLA,TX,92,2,Day,Clear,Main,Freight Train,55,68904,1130,70034,M302,31.373858,-103.652319,75.4,81.5,69.5
UP,0220TO010,2020-02-10,1:45 AM,Other impacts,0,FORT WORTH,TX,56,4,Dark,Cloudy,Yard,Cut of cars,1,7418,0,27085,H310,32.724768,-97.373197,65.1,45,41.6
UP,0222HO030,2022-02-22,1:10 PM,Other impacts,0,GALENA PARK,TX,78,2,Day,Cloudy,Industry,Single Car,5,5268,0,76792,H302,29.729402,-95.236559,72.1,72.8,51.2
UP,0824SX020,2024-08-18,9:47 AM,Derailment,0,SAN ANTONIO,TX,83,2,Day,Clear,Yard,Freight Train,4,1837,12566,14403,H307,29.356842,-98.574464,89.4,90,89.7
UP,0219TO022,2019-02-17,7:30 AM,Derailment,0,DALLAS,TX,41,2,Day,Cloudy,Main,Freight Train,5,4893,105888,110781,E61C,32.72469,-96.754359,38,45.5,40.1
UP,0520ST016,2020-05-30,7:00 AM,Other impacts,0,EL PASO,TX,72,2,Day,Clear,Yard,Freight Train,5,6543,0,14209,H306,31.742197,-106.375514,82.7,82.3,80.8
ATK,166941,2021-04-23,8:18 PM,Obstruction,0,ATLANTA,TX,62,4,Dark,Rain,Main,Passenger Train - Pulling,76,21147,0,21297,M404,33.125385,-94.159737,55.3,63,64.9
BNSF,NW0518119,2018-05-29,6:30 AM,Rear end collision,0,SPRAGUE,WA,60,1,Dawn,Clear,Main,Spec. MoW Equip.,8,0,0,20000,H402,47.300705,-117.953061,67,59.8,55.7
PTRA,2018000039,2018-10-17,3:10 AM,Raking collision,0,HOUSTON,TX,60,4,Dark,Clear,Yard,Cut of cars,3,12500,3000,15500,H020,29.713352,-95.257072,58.9,59.8,64.5
UP,0123HO016,2023-01-18,7:40 PM,Obstruction,0,HOUSTON,TX,66,3,Dusk,Cloudy,Main,Freight Train,15,58904,0,58904,M402,29.645759,-95.311868,70.1,69.5,63.4
UP,0124TO016,2024-01-11,12:42 PM,Hwy-rail crossing,0,VALENTINE,TX,45,2,Day,Clear,Main,,0,0,0,21153,M302,30.893563,-104.783405,39.8,43.6,38.1
UP,0723TO027,2023-07-13,8:22 PM,Derailment,0,GORDON,TX,103,4,Dark,Clear,Main,Freight Train,35,999204,704173,1703377,H501,32.542332,-98.412018,93.3,94.4,94.4
XTGS,F252019,2019-09-28,9:40 PM,Derailment,0,ANAHUAC,TX,85,4,Dark,Clear,Yard,Yard/switching,6,230529,23670,254199,H307,29.699088,-94.897499,82.3,84.4,84.4
NS,144557,2022-03-02,3:30 AM,Other impacts,0,ROANOKE,VA,51,4,Dark,Cloudy,Yard,Single Car,0,51667,0,207000,H318,37.277109,-79.982323,49.4,58.7,61.3
UP,0720TO036,2020-07-29,3:45 PM,Derailment,0,DENISON,TX,88,2,Day,Clear,Yard,Yard/switching,3,46557,0,46557,E29C,33.770998,-96.59161,79.7,82.8,84.6
UP,0824HO004,2024-08-03,6:00 AM,Other impacts,0,LA PORTE,TX,79,1,Dawn,Clear,Yard,Yard/switching,7,33160,0,33160,S007,29.674996,-95.039093,87.3,88.2,86.1
UP,1121HO027,2021-11-25,3:30 PM,Derailment,0,HOUSTON,TX,57,2,Day,Clear,Yard,Yard/switching,5,6414,6650,13064,E39C,29.789887,-95.310558,68.8,63.8,51.3
UP,0519TO033,2019-05-30,8:30 AM,Hwy-rail crossing,0,MONAHANS,TX,62,2,Day,Cloudy,Main,Freight Train,40,56804,15386,72190,M304,31.588462,-102.917274,72.9,68.9,72.9
BNSF,NW1016100,2016-10-02,2:03 AM,Derailment,0,SEATTLE,WA,43,4,Dark,Clear,Yard,Freight Train,3,15314,250,15564,H607,47.655958,-122.38585,55.4,55.9,56
NS,143883,2021-12-30,8:00 AM,Obstruction,0,ROANOKE,VA,55,2,Day,Fog,Yard,Yard/switching,2,14835,0,48383,M404,37.277109,-79.982323,58.1,57.3,53.5
BNSF,KS0224111,2024-02-14,6:45 PM,Derailment,0,AMARILLO,TX,59,3,Dusk,Clear,Yard,Yard/switching,0,18557,0,18557,H018,35.181795,-101.835631,41.2,48.8,44.7
UP,0319TO022,2019-03-16,6:00 AM,Other impacts,0,FORT WORTH,TX,44,1,Dawn,Clear,Yard,Light loco(s),0,9175,0,197980,S099,32.725822,-97.36976,49.5,49.4,51.9
UP,1020TO003,2020-10-04,5:55 AM,Obstruction,0,BARSTOW,TX,62,1,Dawn,Clear,Main,Freight Train,20,11998,690,12688,M402,31.493299,-103.26466,73,69.7,73.2
GVSR,GVS330719,2019-01-02,2:00 PM,Side collision,0,GALVESTON,TX,55,2,Day,Rain,Yard,Yard/switching,5,12076,0,17652,M599,29.180677,-94.485369,55.6,54.1,52.1
BNSF,RD1023126,2023-10-17,7:30 PM,Other (describe in narrative),0,VALLEY VIEW,TX,65,3,Dusk,Cloudy,Main,Spec. MoW Equip.,10,0,25000,25000,H607,33.495889,-97.162634,51.5,54.5,64.8
UP,0623TO007,2023-06-07,1:20 PM,Hwy-rail crossing,0,MIDLAND,TX,85,2,Day,Clear,Main,Freight Train,45,9114,151196,160310,M302,31.985622,-102.093528,73.3,77.3,76.3
UP,1219RM014,2019-12-23,3:00 PM,Derailment,0,OGDEN,UT,45,2,Day,Cloudy,Yard,Yard/switching,8,17423,5267,22690,E29C,41.181872,-111.990695,41.8,44.1,42.8
UP,1021HO021,2021-10-24,3:55 AM,Other impacts,0,LA PORTE,TX,74,4,Dark,Cloudy,Yard,Freight Train,2,342224,3520,350015,H306,29.675711,-95.039416,76.9,79,80.8
BNSF,KS0322107,2022-03-11,1:15 PM,Other impacts,0,AMARILLO,TX,35,2,Day,Clear,Yard,Yard/switching,0,155,0,28951,H310,35.188359,-101.832629,23,25.1,38.6
UP,0621RM002,2021-06-03,4:15 PM,Derailment,0,OGDEN,UT,94,2,Day,Clear,Yard,Yard/switching,4,2560,13860,16420,T221,41.193742,-111.986786,76.1,80.4,83.3
TCBR,221126003,2022-11-26,4:35 PM,Derailment,0,CORPUS CHRISTI,TX,75,2,Day,Clear,Yard,Yard/switching,9,11458,183,11641,E24C,27.82388,-97.45237,62.5,59.3,62.1
BNSF,RD0821119,2021-08-25,3:35 AM,Derailment,0,BROWNWOOD,TX,85,4,Dark,Clear,Yard,Freight Train,4,28704,75829,104533,H307,31.713612,-98.96695,84.1,83.9,81.2
UP,0419RM040,2019-04-23,9:48 PM,Derailment,0,OGDEN,UT,60,4,Dark,Clear,Yard,Freight Train,9,124293,24765,149058,H503,41.227448,-111.985863,52.5,54,57
CSX,000209292,2023-01-15,3:16 AM,Hwy-rail crossing,0,ASHLAND,VA,32,4,Dark,Clear,Main,Freight Train,30,0,13411,13411,M304,37.758754,-77.481287,36.4,35.4,41.1
CSX,000184968,2019-08-27,12:40 AM,Derailment,0,RICHMOND,VA,72,4,Dark,Clear,Main,Freight Train,37,81868,8598,90466,E86C,37.405933,-77.453859,68.7,72.6,74.3
NECR,NEC81625D,2015-10-05,10:04 AM,Derailment,0,NORTHFIELD,VT,45,2,Day,Clear,Main,,0,0,181732,4329857,M101,44.112841,-72.676234,42.3,43.9,48.8
UP,1018FW034,2018-10-24,12:32 AM,Derailment,0,BIG SPRING,TX,63,4,Dark,Rain,Yard,Yard/switching,6,19857,3725,23582,H305,32.25517,-101.477547,57.7,50,56.4
TCT,580318,2024-05-17,9:00 AM,Side collision,0,GALVESTON,TX,75,2,Day,Cloudy,Yard,Yard/switching,5,3,0,3,H306,29.35973,-94.92575,78.4,73.5,78.7
UP,0723GC025,2023-07-17,6:10 PM,Fire/violent rupture,0,VICTORIA,TX,89,3,Dusk,Clear,Yard,Freight Train,10,37795,3520,41315,M406,28.662061,-96.870643,87.7,86.8,87.7
BNSF,RD0623204,2023-06-15,12:30 PM,Hwy-rail crossing,0,SANGER,TX,90,2,Day,Clear,Main,Freight Train,40,3000,25000,28000,M302,33.323049,-97.167765,78.9,82.2,79.1
UP,0822SX020,2022-08-24,8:45 PM,Derailment,0,SAN ANTONIO,TX,80,4,Dark,Clear,Siding,Light loco(s),0,33326,0,39166,H503,29.326609,-98.622661,79.9,81.1,82.9
UP,0119GC029,2019-01-06,12:10 AM,Derailment,0,HOUSTON,TX,53,4,Dark,Clear,Main,Freight Train,3,24768,50712,75480,E59C,29.754705,-95.302403,58.4,62.1,66.4
UP,0821TO002,2021-08-02,4:30 PM,Derailment,0,KOSSE,TX,72,2,Day,Rain,Main,Freight Train,30,36102,117852,153954,E53C,31.351975,-96.601673,84.7,78.1,81
UP,1223SX004,2023-12-04,6:10 PM,Hwy-rail crossing,0,ROUND ROCK,TX,65,3,Dusk,Cloudy,Main,,0,0,25000,54622,M302,30.502576,-97.682549,58.4,55.9,54.4
UP,0523HO033,2023-05-26,6:45 AM,Derailment,0,HOUSTON,TX,69,1,Dawn,Clear,Yard,Yard/switching,8,69589,224130,293719,H503,29.794718,-95.299048,77.7,80.4,80.2
RLAX,RLAX111220,2020-11-12,8:00 PM,Side collision,0,BAYTOWN,TX,50,4,Dark,Clear,Yard,Light loco(s),7,16260,21924,62807,H399,29.771792,-94.896563,74.7,71.8,72.8
UP,0418SA024,2018-04-20,10:30 AM,Derailment,0,EAGLE PASS,TX,62,2,Day,Rain,Main,Yard/switching,8,56547,5621,62168,H706,28.73704,-100.491399,67.4,68.1,74.7
BNSF,RD1221107,2021-12-08,1:30 PM,Derailment,0,HOUSTON,TX,80,2,Day,Clear,Industry,Yard/switching,7,19043,0,23834,H503,29.850602,-95.113706,59.1,63.1,74.2
UP,0423TO025,2023-04-17,2:05 PM,Other (describe in narrative),0,FORT WORTH,TX,80,2,Day,Clear,Yard,Freight Train,4,0,17600,17600,H702,32.725796,-97.374702,59.8,64.7,67.3
BNSF,RD0724122,2024-07-22,7:29 AM,Derailment,0,TEMPLE,TX,80,1,Dawn,Clear,Yard,Freight Train,2,392903,222233,615136,H309,31.027896,-97.308555,81.3,76.9,75.7
UP,1023RM025,2023-10-31,1:45 AM,Other impacts,0,SOUTH SALT LAKE,UT,31,4,Dark,Clear,Yard,Yard/switching,3,785,38977,57826,H312,40.709045,-111.910564,36.3,39.3,42.8
UP,0118FW033,2018-01-25,7:54 PM,Hwy-rail crossing,0,MIDLAND,TX,45,4,Dark,Clear,Main,Freight Train,40,47238,95911,143149,M304,31.944635,-102.172937,44.4,45.9,54.5
UP,1120GC025,2020-11-18,6:40 AM,Other impacts,0,BEAUMONT,TX,50,1,Dawn,Clear,Yard,Single Car,2,5525,0,38246,H317,30.072902,-94.147132,57.9,59.2,63.9
NS,140029,2020-12-16,2:16 AM,Derailment,0,ROANOKE,VA,72,4,Dark,Cloudy,Main,Freight Train,6,261256,301411,562667,H517,37.273201,-79.939819,35.2,32.7,39.5
BNSF,NW1016106,2016-10-09,4:59 AM,Other impacts,0,TACOMA,WA,52,1,Dawn,Rain,Yard,Yard/switching,4,269,0,12369,H318,47.243718,-122.415115,57.3,52,49.2
RASX,01,2018-10-16,7:12 AM,Derailment,0,FREEPORT,TX,85,1,Dawn,Clear,Yard,Yard/switching,0,220000,33000,253000,H020,28.950549,-95.322733,69,60.5,62.3
UP,0223HO003,2023-02-02,12:15 PM,Derailment,0,HOUSTON,TX,39,2,Day,Rain,Yard,Yard/switching,4,76381,500,76881,S016,29.796867,-95.292139,38.1,39.5,47.3
UP,0918SA004,2018-09-05,1:00 PM,Fire/violent rupture,0,LAREDO,TX,93,2,Day,Clear,Yard,Freight Train,0,24254,33,24287,E74L,27.545598,-99.511268,85.7,86,80.5
SL,SLC589520D,2020-10-30,1:15 AM,Derailment,0,SALT LAKE CITY,UT,40,4,Dark,Clear,Yard,Freight Train,8,21501,0,21501,H512,40.745849,-111.948225,46.4,50,51.4
UP,0119TO037,2019-01-27,6:07 PM,Derailment,0,FORT WORTH,TX,58,3,Dusk,Clear,Yard,Yard/switching,4,59858,23027,83519,H993,32.721477,-97.38143,44.4,46.9,48.2
NS,122993,2016-12-04,11:15 AM,Derailment,0,NORFOLK,VA,43,2,Day,Cloudy,Yard,Yard/switching,10,17206,24653,41859,H306,36.873777,-76.301703,46.8,45.2,48.8
UP,0820SX011,2020-08-16,1:00 PM,Other impacts,0,KATY,TX,93,2,Day,Clear,Industry,Freight Train,2,49203,2796,86386,H302,29.786358,-95.807823,87.1,87.1,82.5
UP,0319TO007,2019-03-04,8:02 AM,Hwy-rail crossing,0,TOYAH,TX,26,2,Day,Clear,Main,Freight Train,50,155785,1358,157143,M304,31.373858,-103.652319,39.5,29.7,34
UP,0118UT021,2018-01-09,7:00 PM,Other impacts,0,SOUTH SALT LAKE,UT,47,4,Dark,Rain,Yard,Yard/switching,2,126838,0,229759,H306,40.709005,-111.909042,32.4,46,41.6
UP,1119SX016,2019-11-16,11:50 PM,Fire/violent rupture,0,MOORE,TX,50,4,Dark,Cloudy,Main,Freight Train,40,34633,0,34633,E79L,29.005951,-99.058164,46.5,47.6,54.1
UP,0917FW002,2017-09-06,5:50 PM,Derailment,0,BIG SPRING,TX,84,2,Day,Clear,Yard,Freight Train,4,50285,166,50451,H993,32.254768,-101.479198,75.8,71.2,73.8
UP,0422TO033,2022-04-27,1:30 AM,Derailment,0,EL PASO,TX,69,4,Dark,Clear,Main,Freight Train,4,358465,390706,749171,H502,31.775408,-106.462789,67.2,75.1,77.5
UP,0718HO027,2018-07-20,8:30 AM,Obstruction,0,HOUSTON,TX,84,2,Day,Clear,Yard,Yard/switching,3,132210,47342,179552,M404,29.823613,-95.289713,86.7,87.6,87.4
UFRC,0121172,2017-01-21,9:52 AM,Hwy-rail crossing,0,NORTH SALT LAKE,UT,28,2,Day,Snow,Main,Commuter Train - Pushing,44,250000,0,250000,M307,40.861671,-111.910133,33.9,33.1,32.3
UP,1022TO009,2022-10-09,12:00 PM,Hwy-rail crossing,0,FABENS,TX,66,2,Day,Cloudy,Main,Freight Train,45,14926,18520,33446,M302,31.503524,-106.157871,64.9,64.2,63.6
UP,0223TO016,2023-02-11,1:45 AM,Derailment,0,DENISON,TX,34,4,Dark,Cloudy,Main,Freight Train,8,155117,26355,181472,E27C,33.772085,-96.56365,39.7,40.4,47.6