reportingrailroadcode,accidentnumber,date,time,accidenttype,hazmatreleasedcars,station,stateabbr,temperature,visibility_code,visibility,weathercondition,tracktype,equipmenttype,trainspeed,equipmentdamagecost,trackdamagecost,totaldamagecost,primaryaccidentcausecode,latitude,longitude,prior_temp,actual_temp,following_temp
BNSF,RD0721116,2021-07-15,10:53 AM,Other (describe in narrative),0,GALVESTON,TX,88,2,Day,Clear,Yard,Light loco(s),4,0,12000,12000,H607,29.295016,-94.837183,85.6,85.5,86.6
UP,0118HO015,2018-01-14,10:45 AM,Other impacts,0,BAYTOWN,TX,46,2,Day,Clear,Yard,Yard/switching,7,4130,99,12591,H318,29.794928,-95.01725,41.1,41.8,52.7
FWWR,23070502,2023-07-05,3:00 AM,Derailment,0,EVERMAN,TX,81,4,Dark,Clear,Yard,Cut of cars,0,11124,4478,15602,H018,32.650548,-97.05982,86.6,89,87.5
BNSF,RD0424202,2024-04-10,4:45 PM,Hwy-rail crossing,0,MERIDIAN,TX,62,2,Day,Cloudy,Main,,0,0,0,65135,M302,31.886068,-97.619125,66.3,59.3,60.3
NS,141874,2021-06-14,6:20 AM,Other (describe in narrative),0,DANVILLE,VA,70,1,Dawn,Clear,Yard,Single Car,0,14400,605,15005,H020,36.589449,-79.37836,74.9,76.9,76.5
UP,0919RM018,2019-09-28,3:30 AM,Other impacts,0,OGDEN,UT,56,4,Dark,Rain,Yard,Yard/switching,8,2961,1200,14053,H307,41.199138,-111.986901,60.8,52.4,41.7
UP,1119TO013,2019-11-14,2:15 PM,Hwy-rail crossing,0,TRENT,TX,55,2,Day,Clear,Main,Freight Train,62,17498,30637,48135,M399,32.479478,-100.072748,39.3,42.6,45.3
UP,0922SX013,2022-09-15,1:30 PM,Hwy-rail crossing,0,SCHERTZ,TX,87,2,Day,Clear,Main,Freight Train,30,3430,85132,88562,M303,29.552458,-98.269967,79,78.4,82.6
BNSF,RD0522109,2022-05-09,9:06 PM,Derailment,0,FORT WORTH,TX,82,4,Dark,Clear,Yard,Yard/switching,5,7500,5500,13000,H019,32.830371,-97.337379,82.6,83.2,82.5
BNSF,RD0718109,2018-07-10,4:00 AM,Head on collision,0,HASLET,TX,76,1,Dawn,Cloudy,Yard,Yard/switching,8,120692,0,160277,H302,32.989428,-97.353327,84.3,81.6,87.3
AWRR,220629004,2022-06-29,5:14 AM,Derailment,0,MANOR,TX,85,1,Dawn,Clear,Main,Freight Train,10,170000,40000,210000,T221,30.327566,-97.592912,80.1,83.1,83.9
BNSF,NW0220102,2020-02-02,5:04 AM,Derailment,0,SEATTLE,WA,40,1,Dawn,Rain,Yard,Yard/switching,3,500,18780,19280,M411,47.640772,-122.380914,47.7,38.2,38.4
UP,1222TO003,2022-12-03,6:10 AM,Other impacts,0,DALLAS,TX,50,1,Dawn,Cloudy,Yard,Cut of cars,5,1315,0,151315,H318,32.708482,-96.746824,56.6,53.5,51.1
WATX,240622001,2024-06-22,8:00 AM,Other impacts,0,HOUSTON,TX,85,2,Day,Clear,Industry,Cut of cars,0,43065,0,53065,H607,29.69955,-95.25209,83.2,84.5,84.8
ATK,139152,2015-09-10,12:59 PM,Hwy-rail crossing,0,EMPORIA,VA,82,2,Day,Cloudy,Main,Passenger Train - Pulling,70,20000,0,20000,M303,36.546281,-77.53008,78.1,74.5,72.4
CSX,000178690,2018-09-06,4:23 PM,Hwy-rail crossing,0,CHESTER,VA,90,3,Dusk,Clear,Main,Freight Train,53,13698,8738,22436,M302,37.353203,-77.43895,80.8,80.6,79.5
UP,0919GC037,2019-09-18,8:35 AM,Derailment,0,CORPUS CHRISTI,TX,80,2,Day,Cloudy,Yard,,0,0,28208,31208,H702,27.834412,-97.510648,83.3,86,86.9
NS,154607,2023-10-27,5:30 PM,Other impacts,0,ROANOKE,VA,80,3,Dusk,Clear,Yard,Single Car,4,94632,494,95126,H317,37.277575,-79.978824,63.4,66.8,73.7
UP,0624TO006,2024-06-06,2:02 AM,Other impacts,0,DALLAS,TX,71,4,Dark,Clear,Main,Freight Train,20,143328,442615,595422,M404,32.77356,-96.841396,78.5,81.5,84.4
UP,0722HO014,2022-07-18,9:40 AM,Derailment,0,HOUSTON,TX,84,2,Day,Clear,Yard,Yard/switching,7,52771,0,104967,M404,29.793852,-95.294324,87,86.6,86.3
ARR,2014202,2014-11-26,5:08 PM,Derailment,0,WHITTIER,AK,33,3,Dusk,Clear,Yard,Yard/switching,9,30800,4450,35250,H306,60.463,-148.403,30,29.5,25
BNSF,NW0418115,2018-04-25,11:40 AM,Derailment,0,TACOMA,WA,65,2,Day,Clear,Yard,Freight Train,4,22381,18500,40881,H503,47.241692,-122.427092,59.7,59.8,62
BNSF,RD0122102,2022-01-02,8:19 AM,Derailment,0,SILSBEE,TX,41,1,Dawn,Cloudy,Yard,Yard/switching,1,594811,200500,795311,E30C,30.358742,-94.200351,74.9,43,39
RLAX,RLAX72023,2023-07-20,11:40 PM,Raking collision,0,BAYTOWN,TX,85,4,Dark,Cloudy,Yard,Yard/switching,3,11500,0,11500,H306,29.765265,-94.896211,88,87.1,87.3
PTRA,2022000035,2022-07-17,11:22 AM,Side collision,0,HOUSTON,TX,82,2,Day,Clear,Yard,Freight Train,1,48000,4500,52818,H307,29.716706,-95.267456,86.1,87,86.6
BNSF,RD0220131,2020-02-29,3:14 AM,Side collision,0,HOUSTON,TX,47,4,Dark,Clear,Yard,Cut of cars,0,37405,0,66800,H306,29.70096,-95.28075,55.7,60.2,66.6
CSX,000179434,2018-10-21,6:30 AM,Other impacts,0,RICHMOND,VA,0,1,Dawn,Clear,Yard,Single Car,7,16631,0,33826,H318,37.570106,-77.466873,59.3,50.4,45.2
UP,1219GC009,2019-12-11,11:35 PM,Derailment,0,BEAUMONT,TX,44,4,Dark,Clear,Yard,Freight Train,3,68509,4890,74376,H607,30.072176,-94.156954,56.4,50,51.9
UP,0524ES019,2024-05-10,12:10 PM,Obstruction,0,BRACKETTVILLE,TX,85,2,Day,Cloudy,Main,Maint./inspect Car,0,13000,0,18000,H999,29.281223,-100.58834,89.8,83.3,78.1
BNSF,KS0324112,2024-03-27,4:09 AM,Derailment,0,AMARILLO,TX,53,1,Dawn,Clear,Yard,Yard/switching,3,43662,0,76272,H309,35.187511,-101.833309,37.2,41.5,52.6
UP,1023TO013,2023-10-15,2:45 AM,Derailment,0,FORT WORTH,TX,54,4,Dark,Clear,Yard,Yard/switching,4,14445,72696,87141,S099,32.720816,-97.38181,61.5,58.1,55.5
NS,143501,2021-10-11,12:15 PM,Other impacts,0,ROANOKE,VA,75,2,Day,Clear,Yard,Single Car,3,15600,0,15600,H602,37.278032,-79.970283,66.6,65.7,68.3
UP,1123GC025,2023-11-18,10:30 AM,Derailment,0,BEAUMONT,TX,69,2,Day,Cloudy,Industry,Freight Train,8,24089,253678,277767,M506,30.064734,-94.110136,67.1,66.1,62.5
UP,0223HO031,2023-02-25,12:30 AM,Other impacts,0,HOUSTON,TX,72,4,Dark,Fog,Yard,Cut of cars,5,1536,0,147730,S016,29.796943,-95.291516,73.1,72.4,73.3
UP,0624HO007,2024-06-04,10:45 AM,Hwy-rail crossing,0,HOUSTON,TX,87,2,Day,Cloudy,Main,Freight Train,30,5627,28445,34072,M304,29.893642,-95.590036,83.5,84.3,79.1
UP,0619TO015,2019-06-07,6:33 AM,Obstruction,0,MINGUS,TX,65,1,Dawn,Clear,Main,Freight Train,50,54487,0,54487,M403,32.546821,-98.433369,73.8,76,79.6
TMBL,06302015A,2015-06-30,8:00 AM,Hwy-rail crossing,0,TACOMA,WA,70,2,Day,Clear,Yard,Yard/switching,7,14846,0,14846,M304,47.257464,-122.360685,71.4,70.2,73.5
UP,0823SX003,2023-08-04,10:56 AM,Hwy-rail crossing,0,THREE RIVERS,TX,91,2,Day,Clear,Main,Freight Train,49,17400,0,17400,M302,28.51787,-98.186914,87.9,88.9,88.1
UP,0819SX021,2019-08-18,5:45 AM,Derailment,0,HEARNE,TX,77,1,Dawn,Cloudy,Yard,Freight Train,2,15348,1405,16753,H306,30.88273,-96.595354,87.2,87.7,87.3
DGNO,DGN766521,2021-04-16,10:15 AM,Other (describe in narrative),0,DALLAS,TX,55,2,Day,Cloudy,Main,Freight Train,15,500,0,52500,E7AL,32.814077,-96.897655,59.2,58.4,54.6
WATX,211202001,2021-12-02,10:36 AM,Hwy-rail crossing,0,HOUSTON,TX,72,2,Day,Clear,Industry,Yard/switching,7,40000,0,40000,M308,29.753435,-95.186218,67.3,68.4,69.8
BNSF,RD1022132,2022-10-31,5:30 PM,Derailment,0,SWEETWATER,TX,72,3,Dusk,Clear,Yard,,0,0,91390,128348,T216,32.474869,-100.41387,59,61.7,62.7
UP,0619SX025,2019-06-25,8:38 AM,Hwy-rail crossing,0,ARTESIA WELLS,TX,72,2,Day,Clear,Main,Freight Train,59,169686,14940,184626,M304,28.24046,-99.296944,78.8,79.5,80.7
BNSF,KS0820202,2020-08-17,4:13 PM,Hwy-rail crossing,0,PAMPA,TX,90,2,Day,Clear,Main,Freight Train,48,5949,184292,190241,M308,35.496405,-101.042959,78.4,77.2,80.2
BNSF,RD0322104,2022-03-04,5:04 PM,Derailment,0,BEAUMONT,TX,55,3,Dusk,Clear,Yard,Freight Train,5,36512,0,36512,H514,30.090821,-94.100044,59.9,63.8,72.7
NS,121692,2016-08-16,11:55 AM,Derailment,0,BRISTOL,VA,90,2,Day,Clear,Siding,Freight Train,5,13628,1500,15128,E40C,36.620056,-82.161168,75.3,77.1,77
UP,0220ST017,2020-02-15,1:55 PM,Hwy-rail crossing,0,VAN HORN,TX,65,2,Day,Clear,Main,Freight Train,40,20873,1192,22065,M303,31.059135,-104.608664,47.9,53.6,56.9
UP,0616PD001,2016-06-01,3:00 PM,Derailment,0,TACOMA,WA,72,2,Day,Cloudy,Industry,Light loco(s),2,17294,899,18193,H303,47.275605,-122.465548,64.5,63.6,61.2
TXOR,LSI103122,2022-10-31,5:30 PM,Derailment,0,SWEETWATER,TX,72,3,Dusk,Clear,Yard,Freight Train,8,36958,0,128348,T216,32.2827,-100.245,59,61.7,62.7
UP,0821SX013,2021-08-09,1:22 AM,Derailment,0,SAN ANTONIO,TX,80,4,Dark,Cloudy,Yard,Yard/switching,7,6444,7040,13484,H503,29.43637,-98.467343,84.8,84.6,84.9
UP,0423ES020,2023-04-13,11:00 AM,Obstruction,0,BUFFALO,TX,70,2,Day,Clear,Main,Spec. MoW Equip.,26,200,0,27019,H403,31.485609,-96.018348,64.7,65.6,68
UP,0324HO024,2024-03-19,11:02 AM,Other impacts,0,BAYTOWN,TX,59,2,Day,Clear,Yard,Single Car,2,34120,0,36780,H302,29.796363,-95.017317,64.4,57.4,62.4
UP,0819TO022,2019-08-16,8:34 AM,Other impacts,0,FORT WORTH,TX,81,2,Day,Clear,Yard,Yard/switching,0,239967,0,402920,H316,32.721025,-97.381189,87.8,89.3,89.6
UP,1222TO018,2022-12-12,11:30 PM,Derailment,0,DENISON,TX,56,4,Dark,Rain,Main,Freight Train,29,89228,87538,176766,E39C,33.775452,-96.619039,49.9,53.9,58.7
UP,0520SX006,2020-05-06,3:25 PM,Other (describe in narrative),0,SAN ANTONIO,TX,85,2,Day,Cloudy,Yard,Yard/switching,9,0,48914,48914,H706,29.374272,-98.558765,79.3,75.9,74.5
UP,1220HO004,2020-12-07,4:15 AM,Other impacts,0,HOUSTON,TX,46,1,Dawn,Clear,Yard,Yard/switching,6,51305,216650,273149,M411,29.802689,-95.280469,54.3,55.4,60.6
BNSF,RD0624126,2024-06-22,12:20 PM,Obstruction,0,KIRKLAND,TX,94,2,Day,Clear,Main,Freight Train,55,0,30000,30000,M402,34.379679,-100.057041,81.5,85.4,88.2
BNSF,NW0917113,2017-09-22,6:33 AM,Derailment,0,KENNEWICK,WA,40,1,Dawn,Clear,Main,Freight Train,49,85257,33000,118257,E53C,46.153104,-119.030508,52.1,55,58.2
UP,0322HO021,2022-03-15,11:10 PM,Derailment,0,SPRING,TX,62,4,Dark,Clear,Yard,Yard/switching,4,80696,50,80746,E29C,30.066906,-95.409947,64.6,63.5,62.6
XTGS,F032020,2020-02-18,12:45 AM,Derailment,0,ANAHUAC,TX,70,4,Dark,Fog,Yard,Freight Train,5,45000,0,45000,H306,29.699088,-94.897499,67.9,71.1,60.6
TXPF,06232023,2023-06-23,8:45 PM,Derailment,0,BARNHART,TX,100,3,Dusk,Clear,Industry,Freight Train,8,7500,8000,15500,E64C,31.124366,-101.174157,90.3,89.6,90.7
BB,2020D0713,2020-07-13,4:30 PM,Derailment,0,SWOOPE,VA,86,2,Day,Clear,Siding,Freight Train,5,18000,20000,38000,E46C,38.142556,-79.121401,71.4,73.3,74.8
BNSF,RD0620123,2020-06-25,8:58 AM,Derailment,0,BROWNWOOD,TX,81,1,Dawn,Clear,Yard,Freight Train,7,10000,2950,12950,H607,31.714525,-98.967863,76.5,79.2,80.6
KCS,19091001,2019-09-10,11:41 AM,Derailment,1,LAREDO,TX,98,2,Day,Cloudy,Yard,Freight Train,9,120000,140726,260726,H703,27.499951,-99.391851,86,86.5,87.1
UP,1222RM021,2022-12-20,10:05 AM,Other impacts,0,OGDEN,UT,26,2,Day,Cloudy,Main,Yard/switching,5,500,12758,299666,E04L,41.23345,-111.987805,19.8,28.5,36.5
BNSF,RD0918132,2018-09-19,2:25 PM,Rear end collision,0,SAGINAW,TX,94,2,Day,Clear,Main,Spec. MoW Equip.,0,20000,0,30000,H402,32.888475,-97.387585,79.7,79.3,75.6
BNSF,NW0716200,2016-07-06,8:15 PM,Hwy-rail crossing,0,WENATCHEE,WA,70,4,Dark,Clear,Main,,0,0,0,28936,M302,47.38912,-120.287708,65.7,66.7,67.7
UP,1019HO006,2019-10-07,1:57 AM,Other impacts,0,HOUSTON,TX,79,4,Dark,Clear,Yard,Yard/switching,2,21521,562,27041,H306,29.791624,-95.305979,83.2,78.6,73.6
BNSF,RD0817113,2017-08-16,2:25 PM,Raking collision,0,BROWNWOOD,TX,82,2,Day,Cloudy,Main,Yard/switching,9,50237,0,50237,H307,31.716888,-98.973048,80.8,83.6,80.5
BNSF,RD0720103,2020-07-06,5:00 PM,Derailment,0,TOMBALL,TX,90,3,Dusk,Cloudy,Industry,Freight Train,5,43200,0,43200,M101,30.093463,-95.610249,84,83.7,83.5
UP,0522GC010,2022-05-04,5:00 PM,Derailment,0,REFUGIO,TX,83,2,Day,Clear,Industry,Freight Train,4,6427,0,6427,T217,28.329039,-97.253477,80.2,81.1,81.6
UP,0618ST002,2018-06-01,1:30 PM,Derailment,0,EL PASO,TX,99,2,Day,Clear,Yard,Yard/switching,4,60835,25720,86555,H523,31.754534,-106.387518,87.3,90.1,88.2
BNSF,RD0621107,2021-06-06,10:17 PM,Other impacts,0,FORT WORTH,TX,75,4,Dark,Cloudy,Yard,Yard/switching,8,57427,0,57427,H601,32.825118,-97.33211,74.8,77.2,75.4
BNSF,RD1023208,2023-10-27,1:39 PM,Hwy-rail crossing,0,CUT SHOOT,TX,85,2,Day,Cloudy,Main,Freight Train,40,42832,0,42832,M302,30.31344,-95.209512,75.9,76.6,77
PSAP,PSA523217R,2017-12-24,1:30 PM,Derailment,0,HOQUIAM,WA,36,2,Day,Cloudy,Industry,Freight Train,10,88014,11908,99922,H303,46.9706,-123.858516,35.4,34.3,35
BNSF,NW1015202,2015-10-12,11:45 AM,Hwy-rail crossing,0,MABTON,WA,74,2,Day,Clear,Main,Freight Train,39,15600,0,15600,M302,46.199864,-119.949774,56.5,55.2,57.3
BNSF,RD0324108,2024-03-07,3:30 AM,Derailment,0,FORT WORTH,TX,65,4,Dark,Clear,Yard,Yard/switching,4,28000,13702,41702,H607,32.821091,-97.328198,64.2,62.3,58
BNSF,NW0915120,2015-09-21,4:49 PM,Fire/violent rupture,0,KALAMA,WA,70,2,Day,Clear,Yard,,0,0,0,13066,E74L,45.994795,-122.841028,64.7,61,56.4
UP,0223HO031,2023-02-25,12:30 AM,Other impacts,0,HOUSTON,TX,72,4,Dark,Fog,Yard,Yard/switching,4,110828,28800,147730,S016,29.796943,-95.291516,73.1,72.4,73.3
ATK,172770,2022-11-16,2:04 PM,Hwy-rail crossing,0,MOODY,TX,50,2,Day,Cloudy,Main,Passenger Train - Pulling,79,11795,0,11795,M302,31.32135,-97.35768,42.2,43.8,48.1
UP,0124SX018,2024-01-22,2:16 AM,Hwy-rail crossing,0,ROUND ROCK,TX,42,4,Dark,Rain,Main,Freight Train,27,0,19510,19510,M302,30.489289,-97.696763,37.9,47.4,53.7
BNSF,RD0221119,2021-02-21,9:03 AM,Derailment,0,VON ORMY,TX,70,2,Day,Clear,Main,Freight Train,2,109170,0,114482,H318,29.325473,-98.632151,46.1,57.7,60.5
EWG,EWG201704,2017-06-21,1:30 AM,Derailment,0,DAVENPORT,WA,58,4,Dark,Clear,Main,Freight Train,10,0,140000,140000,E46C,47.685776,-118.022439,73.1,64.7,64.6
BNSF,RD0624202,2024-06-11,11:49 AM,Hwy-rail crossing,0,LA COSTE,TX,90,2,Day,Cloudy,Main,Freight Train,28,1000,0,1000,M302,29.27069,-98.868745,83.5,85,86.2
BNSF,RD1020118,2020-10-21,5:45 PM,Derailment,0,TEMPLE,TX,75,3,Dusk,Clear,Yard,Yard/switching,3,72641,406102,478743,M409,31.124822,-97.350649,78.4,77,76.8
BNSF,NW0824111,2024-08-13,2:30 PM,Derailment,0,KALAMA,WA,74,2,Day,Cloudy,Main,,0,0,139017,139017,E53C,45.978694,-122.825564,62.4,64.4,67.4
CSX,000186707,2019-11-19,3:09 AM,Derailment,0,CLIFTON FORGE,VA,36,4,Dark,Fog,Yard,Freight Train,10,19000,500,19500,M405,37.813036,-79.818732,36.9,34.7,35.8
CCPN,CCP861021,2021-10-21,6:05 PM,Side collision,0,CORPUS CHRISTI,TX,79,2,Day,Clear,Yard,Yard/switching,4,60000,0,60000,H307,27.816262,-97.415714,76.9,76.8,77
UP,0723TO038,2023-07-22,2:20 PM,Derailment,0,FORT WORTH,TX,91,2,Day,Clear,Yard,Yard/switching,5,7383,10445,17828,E71L,32.718639,-97.387096,91.1,86,86.1
NS,153466,2023-06-29,4:15 AM,Other impacts,0,ROANOKE,VA,74,1,Dawn,Clear,Yard,Freight Train,4,109000,150,109320,H020,37.271116,-79.997916,75.3,72.8,76.7
ATK,180454,2024-05-31,6:36 AM,Obstruction,0,SUFFOLK,VA,59,2,Day,Clear,Main,Passenger Train - Pulling,73,53277,0,53277,M404,36.73844,-76.51235,67.7,65,66.3
UP,0421MA050,2021-04-23,8:18 PM,Obstruction,0,ATLANTA,TX,59,4,Dark,Rain,Main,,0,0,150,21297,M404,33.126595,-94.158737,55.3,63,64.9
UP,0224TO012,2024-02-08,3:45 AM,Other impacts,0,FORT WORTH,TX,59,4,Dark,Cloudy,Yard,Yard/switching,5,48919,54552,145078,H310,32.724286,-97.373509,57.8,60.7,60.1
UP,1018HO016,2018-10-09,9:30 AM,Other impacts,0,LA PORTE,TX,82,2,Day,Clear,Yard,Light loco(s),4,0,1796,15300,M408,29.683777,-95.038893,81.4,82.4,78.4
BNSF,RD0121121,2021-01-22,11:04 PM,Side collision,0,LOLITA,TX,65,4,Dark,Fog,Main,Freight Train,22,158891,0,810544,H607,28.843845,-96.501105,62.6,67.6,63.7
UP,0818SA010,2018-08-08,10:15 PM,Obstruction,0,GIDDINGS,TX,83,4,Dark,Cloudy,Main,Freight Train,14,8880,11242,20122,E79L,30.183245,-96.93941,83.2,83.9,83.4
ATK,155418,2018-09-21,6:34 PM,Obstruction,0,WINDSOR,VT,63,2,Day,Clear,Main,Passenger Train - Pulling,79,11437,0,11437,M404,43.592525,-72.34745,59.7,61.4,60
XTGS,F072020,2020-07-09,11:30 PM,Derailment,0,ANAHUAC,TX,85,4,Dark,Clear,Yard,Yard/switching,5,42000,16000,58000,H212,29.699088,-94.897499,86.2,86.1,86.4
UP,0323HO013,2023-03-08,7:30 AM,Other (describe in narrative),0,HOUSTON,TX,67,2,Day,Clear,Yard,Single Car,0,14055,0,14055,M411,29.796942,-95.291708,74,73.7,74
KCS,21032602,2021-03-26,11:20 AM,Other impacts,0,KENDELTON,TX,72,2,Day,Clear,Yard,Spec. MoW Equip.,1,0,0,18000,M208,29.467409,-95.968823,68.8,67.5,74.4
UP,0423RM025,2023-04-26,2:40 PM,Other impacts,0,OGDEN,UT,56,2,Day,Clear,Industry,Freight Train,4,2652,0,14130,H318,41.26671,-112.21373,42.8,50.7,56.9
UP,0119RM042,2019-01-15,11:50 PM,Side collision,0,OGDEN,UT,28,4,Dark,Snow,Yard,Yard/switching,7,13920,250,14600,H020,41.227195,-111.985771,18.3,23.1,31.9
KCS,21091002,2021-09-10,8:30 AM,Derailment,0,PORT ARTHUR,TX,85,2,Day,Clear,Yard,Yard/switching,5,8000,10653,18653,H702,29.850377,-93.951941,79.6,78.1,75.9
VREX,19198A,2019-07-17,5:18 PM,Obstruction,0,BURKE,VA,93,2,Day,Rain,Main,Passenger Train - Pulling,37,24406,0,24406,M404,38.785416,-77.366482,82.2,82.4,83.1
UP,0718HO044,2018-07-21,6:00 PM,Other (describe in narrative),0,HOUSTON,TX,90,3,Dusk,Cloudy,Main,,0,0,48650,49150,H403,29.719451,-95.274764,87.6,87.4,87.8
TSWS,06072023,2023-06-07,1:00 AM,Derailment,0,SALT LAKE CITY,UT,65,4,Dark,Clear,Yard,Freight Train,10,30000,20000,50000,H511,40.751883,-112.001766,73.6,72.4,69.5
ATK,181807,2024-08-24,10:24 PM,Hwy-rail crossing,0,DOSWELL,VA,64,4,Dark,Clear,Main,Passenger Train - Pulling,65,20000,0,20000,M308,37.86008,-77.458248,68.7,70.5,72.3
BNSF,KS0218104,2018-02-15,11:50 AM,Other impacts,0,HEREFORD,TX,50,2,Day,Clear,Yard,Yard/switching,5,14965,0,14965,H318,34.821885,-102.382869,58.4,59.3,40.5
ATK,143061,2016-06-26,11:59 AM,Derailment,0,TUKWILA,WA,73,2,Day,Clear,Main,Passenger Train - Pulling,6,59800,0,61300,H705,47.467572,-122.243421,62.8,67.4,71.9
BNSF,KS0324114,2024-03-28,3:56 PM,Derailment,0,PAMPA,TX,65,2,Day,Clear,Main,Freight Train,22,290868,159749,450617,M505,35.576116,-100.891814,44.1,53.2,64.5
UP,0321HO028,2021-03-24,10:19 AM,Other impacts,0,HOUSTON,TX,66,2,Day,Rain,Yard,Yard/switching,0,22513,99,69575,M407,29.791692,-95.301811,71.1,66.2,70.5
UP,1215UT007,2015-12-21,4:40 AM,Derailment,0,MIDVALE,UT,25,4,Dark,Clear,Industry,,0,0,12430,24860,H523,40.61127,-111.906595,35.4,38.4,35
CSX,000204390,2022-04-20,10:28 AM,Obstruction,0,MADISON HEIGHTS,VA,53,2,Day,Clear,Main,Maint./inspect Car,21,10593,0,17449,H993,37.424681,-79.044392,45.4,49,57.6
UP,1118SA029,2018-11-26,5:30 PM,Other impacts,0,SAN ANTONIO,TX,52,2,Day,Clear,Yard,Yard/switching,6,0,1564,68449,H318,29.435088,-98.448106,62.5,52.5,48.3
UP,0518HO016,2018-05-10,2:45 AM,Other impacts,0,LA PORTE,TX,71,4,Dark,Clear,Yard,Yard/switching,4,24634,1122,35970,H702,29.68329,-95.0388,76.5,76.9,78.5
UP,0920SX025,2020-09-18,4:30 PM,Other impacts,0,SAN ANTONIO,TX,88,2,Day,Clear,Yard,Yard/switching,9,10954,4362,20541,H513,29.435089,-98.451948,78.7,79.1,76.5
CPKC,23070801,2023-07-08,12:53 AM,Hwy-rail crossing,0,SINTON,TX,88,4,Dark,Clear,Main,Freight Train,44,34362,0,41461,M302,28.03234,-97.510568,83,86.6,87
BNSF,NW1116106,2016-11-06,2:15 AM,Derailment,0,PASCO,WA,48,4,Dark,Clear,Yard,Yard/switching,4,13902,23801,37703,S006,46.274678,-119.104017,45.7,53.3,49
ATK,158663,2019-04-25,10:52 AM,Hwy-rail crossing,0,HOLLAND,TX,77,2,Day,Clear,Main,Passenger Train - Pulling,40,16198,0,16198,M301,30.911509,-97.367914,62.7,67.3,67.8
UP,0921HO013,2021-09-08,7:30 AM,Hwy-rail crossing,0,HUFFMAN,TX,67,2,Day,Clear,Main,,0,0,99,16725,M302,30.022394,-95.090133,79.8,79.2,80.4
UP,0419TO038,2019-04-24,12:36 AM,Derailment,3,FORT WORTH,TX,61,4,Dark,Rain,Main,Freight Train,26,2619690,194943,2814633,M506,32.69898,-97.309297,69,62.6,68.1
UP,0323HO017,2023-03-12,6:30 AM,Other (describe in narrative),0,HOUSTON,TX,70,1,Dawn,Cloudy,Yard,Yard/switching,4,23768,0,23768,M411,29.816384,-95.288021,74.5,72.2,59.9
NS,119694,2016-03-12,2:30 AM,Derailment,0,HARMAN,VA,57,4,Dark,Clear,Yard,Single Car,0,2500,600,12012,H702,37.323805,-82.166823,61,66.4,61.8
UP,0721TO023,2021-07-19,6:30 PM,Other impacts,0,DALLAS,TX,80,3,Dusk,Cloudy,Yard,Yard/switching,4,6321,2640,13183,H301,32.71511,-96.750711,86,80.7,80.9
NS,145930,2022-07-17,1:35 PM,Raking collision,0,ROANOKE,VA,88,2,Day,Cloudy,Yard,Yard/switching,5,11000,750,11750,H020,37.271115,-79.997916,77.3,77.2,78.3
BNSF,NW1216120,2016-12-26,3:15 PM,Other (describe in narrative),0,PASCO,WA,34,2,Day,Cloudy,Yard,Yard/switching,10,23111,0,23111,S007,46.272701,-119.102243,26.3,27,41.2
BNSF,RD0222118,2022-02-22,1:05 AM,Head on collision,0,DAYTON,TX,73,4,Dark,Clear,Yard,Freight Train,1,50000,0,350000,H607,30.013433,-94.902589,72.4,73.3,49.7
PTRA,2021000015,2021-06-26,8:50 AM,Other (describe in narrative),0,PASADENA,TX,90,2,Day,Cloudy,Industry,,0,0,94000,94000,H607,29.716141,-95.227837,86.5,85.5,84.9
WACR,1226,2015-10-23,11:19 AM,Obstruction,0,BARNET,VT,50,2,Day,Cloudy,Main,Spec. MoW Equip.,20,24845,0,42345,H607,44.320366,-72.033202,55.7,39.5,36.1
UP,0824HO053,2024-08-23,11:00 PM,Other impacts,0,DAYTON,TX,79,4,Dark,Clear,Yard,Yard/switching,0,11392,0,12691,E29C,30.013805,-94.901911,87,86.8,84.7
UP,0119RM030,2019-01-10,3:20 PM,Derailment,0,OGDEN,UT,33,2,Day,Snow,Yard,Yard/switching,5,10880,9220,20100,T211,41.217153,-111.983882,34,31.4,31.3
ATK,172685,2022-11-10,4:42 PM,Hwy-rail crossing,0,TORNILLO,TX,66,2,Day,Clear,Main,Passenger Train - Pulling,77,9217,0,24367,M308,31.442612,-106.084038,63.7,61.3,52.6
UP,0818HO015,2018-08-10,10:04 PM,Other (describe in narrative),0,SWEENY,TX,83,4,Dark,Cloudy,Main,,0,0,13930,13930,H607,29.030887,-95.761095,82,82.4,79.8
UP,0115UT005,2015-01-09,7:30 PM,Side collision,0,SALT LAKE CITY,UT,35,4,Dark,Cloudy,Yard,Yard/switching,4,62424,0,143310,H307,40.788327,-111.909914,33.7,32.7,31.6
UP,0618FW009,2018-06-09,11:05 AM,Derailment,0,MIDLOTHIAN,TX,92,2,Day,Clear,Yard,Freight Train,6,239170,9623,248793,H522,32.484888,-96.985352,82.7,84.4,84
BNSF,NW0416109,2016-04-13,4:20 AM,Derailment,0,VANCOUVER,WA,55,1,Dawn,Rain,Industry,Yard/switching,4,19642,1000,20642,H702,45.648854,-122.726898,53,51.6,48.3
UP,0223SX003,2023-02-04,6:25 AM,Other impacts,0,SAN ANTONIO,TX,32,1,Dawn,Clear,Yard,Yard/switching,4,31869,366,32723,E27C,29.375779,-98.55647,44.7,47.7,56