reportingrailroadcode,accidentnumber,date,time,accidenttype,hazmatreleasedcars,station,stateabbr,temperature,visibility_code,visibility,weathercondition,tracktype,equipmenttype,trainspeed,equipmentdamagecost,trackdamagecost,totaldamagecost,primaryaccidentcausecode,latitude,longitude,prior_temp,actual_temp,following_temp
UP,0722TO013,2022-07-07,12:00 PM,Derailment,0,ODESSA,TX,91,2,Day,Clear,Yard,Freight Train,1,7916,99,8015,H503,31.873699,-102.310207,87.1,90,89.2
BNSF,RD0918129,2018-09-20,5:36 AM,Side collision,0,HOUSTON,TX,85,1,Dawn,Clear,Yard,Yard/switching,5,10328,0,37366,H318,29.706502,-95.329434,85.3,83.2,82.3
UP,0423TO022,2023-04-16,7:00 PM,Other impacts,0,BRIDGEPORT,TX,68,3,Dusk,Clear,Industry,Freight Train,0,28042,0,2305757,H702,33.282184,-97.800185,67,55.4,61.5
BNSF,SW0819106,2019-08-09,1:30 PM,Derailment,0,EL PASO,TX,100,2,Day,Clear,Yard,Freight Train,9,5100,7500,12600,E07C,31.770959,-106.512695,87.1,87.8,80.3
NS,153998,2023-08-22,3:00 PM,Other impacts,0,ROANOKE,VA,93,2,Day,Cloudy,Yard,Single Car,4,34280,0,106096,H312,37.272099,-80.009416,81.4,82.1,75.6
BNSF,RD0724114,2024-07-14,12:34 AM,Other (describe in narrative),0,TEMPLE,TX,88,4,Dark,Clear,Yard,Yard/switching,5,7000,312,47694,H607,31.120662,-97.349655,81.5,84.3,86.1
BNSF,RD0122109,2022-01-05,4:45 PM,Other (describe in narrative),0,BAYTOWN,TX,75,2,Day,Clear,Yard,Yard/switching,7,0,0,18000,H307,29.776799,-94.899071,54,64.8,63.3
UP,1023HO044,2023-10-30,5:05 AM,Derailment,0,LA PORTE,TX,51,1,Dawn,Cloudy,Yard,Yard/switching,7,464381,264682,1484795,H702,29.655169,-95.038912,77,50.3,51.8
UP,0219GC058,2019-02-26,11:04 PM,Other (describe in narrative),0,DAYTON,TX,60,4,Dark,Rain,Industry,Cut of cars,0,17691,0,17691,M201,30.010723,-94.902741,52.2,56.6,63.9
UP,0919SX023,2019-09-22,8:50 PM,Other impacts,0,SAN ANTONIO,TX,90,4,Dark,Cloudy,Yard,Yard/switching,10,134582,62043,227462,H702,29.383359,-98.551181,84.6,84.8,85.9
BNSF,RD0521202,2021-05-16,12:34 AM,Hwy-rail crossing,0,WAXAHACHIE,TX,73,4,Dark,Clear,Main,Freight Train,30,300,125000,125300,M302,32.333433,-96.766397,70.6,68.6,70
NS,121252,2016-07-14,3:40 PM,Hwy-rail crossing,0,WAVERLY,VA,99,2,Day,Clear,Main,Freight Train,58,9711,13234,22945,M303,37.036093,-77.094017,81.4,83.7,82.3
UP,1120RM031,2020-11-25,6:50 PM,Derailment,0,OGDEN,UT,44,3,Dusk,Clear,Yard,Yard/switching,3,13011,20198,33209,E53C,41.199071,-111.986459,32.4,35.9,32.7
UP,0621HO031,2021-06-26,4:30 AM,Other impacts,0,BAYTOWN,TX,82,1,Dawn,Fog,Industry,Single Car,1,4564,0,188372,H008,29.776367,-94.898933,86.2,84.9,83.8
UP,0122SX010,2022-01-14,1:35 AM,Other impacts,0,SAN ANTONIO,TX,42,4,Dark,Clear,Yard,Yard/switching,4,6000,28114,34301,H310,29.383976,-98.547255,54.3,57.8,53.7
TRE,18008,2018-11-07,8:12 AM,Hwy-rail crossing,0,HURST,TX,60,2,Day,Cloudy,Main,Commuter Train - Pushing,52,400000,0,400000,M302,32.806801,-97.186522,64.3,60.9,54.8
BNSF,RD0820126,2020-08-26,9:30 PM,Derailment,0,SAN ANTONIO,TX,80,4,Dark,Clear,Yard,Freight Train,3,12822,0,12822,H318,29.32514,-98.633386,85.7,86.7,87.2
UP,0919SX006,2019-09-09,7:20 AM,Derailment,0,VON ORMY,TX,75,2,Day,Clear,Industry,Freight Train,4,3542,15148,18690,M501,29.322405,-98.642973,85.5,84.4,83.7
BNSF,NW0917108,2017-09-19,4:30 AM,Other (describe in narrative),0,PASCO,WA,58,1,Dawn,Clear,Yard,Light loco(s),10,0,30000,30000,H702,46.211462,-119.045187,61.6,58.4,54
UP,1123SX009,2023-11-09,2:30 AM,Derailment,0,SAN ANTONIO,TX,71,4,Dark,Clear,Yard,Cut of cars,5,73540,0,91791,H318,29.436304,-98.464979,73.6,70.6,57.6
BNSF,KS0720112,2020-07-15,10:20 AM,Obstruction,0,MIAMI,TX,85,2,Day,Clear,Main,Spec. MoW Equip.,0,12000,0,17000,H997,35.649673,-100.697158,91.6,80,81.5
CSX,000199036,2021-07-23,1:20 PM,Derailment,0,RICHMOND,VA,84,2,Day,Cloudy,Main,Freight Train,15,194647,69180,263827,E4AC,37.532816,-77.456703,75.8,74.9,74.8
UP,0321ES032,2021-03-16,2:00 PM,Obstruction,0,PALESTINE,TX,77,2,Day,Cloudy,Main,Spec. MoW Equip.,15,2455,33,19188,H997,31.698661,-95.714445,62.3,70.9,65.4
UP,0919TO017,2019-09-13,1:00 AM,Derailment,0,HOLLAND,TX,78,4,Dark,Clear,Main,Freight Train,36,683597,130808,814405,E00C,30.88231,-97.401624,81.9,83.6,84.2
BNSF,RD0119109,2019-01-11,2:20 PM,Derailment,0,SILSBEE,TX,50,2,Day,Clear,Yard,Freight Train,7,2800,69498,72298,H512,30.35841,-94.199806,48.1,53.2,60.5
UP,0522GC040,2022-05-28,12:30 AM,Other (describe in narrative),0,FREEPORT,TX,77,4,Dark,Clear,Yard,Yard/switching,4,16392,850,17242,E29C,28.965702,-95.348976,81.5,81,82.4
UP,0323RM006,2023-03-07,7:47 AM,Derailment,0,SALT LAKE CITY,UT,28,2,Day,Cloudy,Yard,Yard/switching,5,51937,955,52892,H306,40.72966,-111.908674,32.8,33.2,33.8
BNSF,RD0822107,2022-08-07,8:30 PM,Derailment,0,MIDLOTHIAN,TX,94,3,Dusk,Clear,Industry,Freight Train,0,7500,0,71981,E65C,32.47061,-97.017603,86.3,87.9,89.9
BNSF,RD1022126,2022-10-24,9:15 AM,Derailment,0,MULESHOE,TX,50,2,Day,Rain,Industry,Freight Train,4,8004,6363,14367,H307,34.283203,-102.816998,66.1,47,45.1
ATK,138705,2015-08-11,4:11 AM,Derailment,0,SEATTLE,WA,66,4,Dark,Cloudy,Yard,Light loco(s),2,23412,1500,24912,H303,47.597135,-122.329395,73.7,75.4,74.5
UP,0418UT016,2018-04-19,2:40 PM,Other impacts,0,OGDEN,UT,65,2,Day,Cloudy,Yard,Freight Train,0,19020,0,176986,E39C,41.202344,-111.985192,43,53.5,55.8
UP,0918FW011,2018-09-12,9:35 PM,Fire/violent rupture,0,WORTHAM,TX,65,4,Dark,Cloudy,Main,Freight Train,40,51291,0,51291,E73L,31.789541,-96.461074,72.4,75.5,77.3
UP,1121TO012,2021-11-12,8:50 PM,Other impacts,0,DALLAS,TX,52,4,Dark,Clear,Yard,Yard/switching,5,8809,0,37714,H318,32.709086,-96.747285,57.3,55.3,50.2
NS,145342,2022-04-29,7:45 PM,Other (describe in narrative),0,RIVERTON,VA,43,3,Dusk,Clear,Main,Freight Train,5,13200,0,13200,E21C,39.00164,-78.145653,44,49,50.2
NS,137843,2020-04-29,8:45 PM,Other impacts,0,NORFOLK,VA,69,4,Dark,Cloudy,Yard,Single Car,0,1693,0,29565,M411,36.871434,-76.293489,56,69.3,67.1
NS,146195,2022-08-15,7:35 PM,Other impacts,0,ROANOKE,VA,64,3,Dusk,Rain,Yard,Single Car,2,11682,0,22182,H601,37.277109,-79.982323,69.6,66.6,66
UP,1218TO017,2018-12-10,9:30 AM,Other (describe in narrative),0,MONAHANS,TX,35,2,Day,Clear,Yard,Yard/switching,3,12189,66,12255,E29C,31.597993,-102.882689,36.8,35.8,43
UP,0817PD001,2017-08-03,12:20 AM,Derailment,0,TOUCHET,WA,70,4,Dark,Clear,Yard,Freight Train,9,61016,3324,64340,H306,46.088913,-118.911375,80.8,81.9,84.4
UP,0818HO044,2018-08-25,8:30 PM,Derailment,0,HOUSTON,TX,80,4,Dark,Cloudy,Yard,Light loco(s),4,18620,7400,26020,H702,29.795848,-95.295369,86.5,86.3,85.6
KCS,19122901,2019-12-29,9:30 PM,Derailment,0,LAREDO,TX,50,4,Dark,Clear,Yard,Yard/switching,8,7138,29376,36514,H703,27.503561,-99.507552,68.5,62.6,54.4
UP,0522SX033,2022-05-31,9:42 PM,Derailment,0,TAYLOR,TX,86,4,Dark,Cloudy,Main,Freight Train,6,12269,63680,75949,H601,30.566067,-97.431762,82.9,83.9,82.4
UP,0519SX018,2019-05-19,12:20 PM,Derailment,0,SAN ANTONIO,TX,82,2,Day,Clear,Yard,Yard/switching,5,20530,4885,25415,M405,29.374152,-98.559664,79.3,81.5,82.2
UP,0823HO023,2023-08-22,2:52 PM,Hwy-rail crossing,0,EAGLE LAKE,TX,98,2,Day,Cloudy,Main,Freight Train,37,6139,185138,191277,M303,29.568191,-96.271217,91,87.9,90
IATX,IATX183,2018-07-10,4:00 AM,Other impacts,0,HASLET,TX,79,4,Dark,Clear,Yard,Yard/switching,8,60000,6000,66000,H307,32.989206,-97.353407,84.3,81.6,87.3
NS,146096,2022-08-05,7:30 PM,Other impacts,0,ROANOKE,VA,72,3,Dusk,Rain,Yard,Single Car,0,500,0,30500,H312,37.277109,-79.982323,80.8,78.9,74
UP,0324SX004,2024-03-04,7:58 AM,Derailment,0,LAREDO,TX,71,2,Day,Cloudy,Yard,Light loco(s),4,1680,11910,13590,S016,27.665649,-99.435752,73.1,74.6,77.3
UFRC,1225141,2014-12-25,3:21 AM,Hwy-rail crossing,0,WOODS CROSS,UT,28,4,Dark,Snow,Main,Maint./inspect Car,5,13000,0,13000,M399,40.851409,-111.909334,35.7,30.6,25.3
KCS,22051402,2022-05-14,1:30 AM,Derailment,0,PORT NECHES,TX,75,4,Dark,Clear,Yard,Yard/switching,5,6937,22548,29485,H306,29.9689,-93.945784,77.3,78.6,78.7
BNSF,SW0419108,2019-04-18,11:55 PM,Rear end collision,0,EL PASO,TX,55,4,Dark,Clear,Yard,Yard/switching,0,42000,208000,563731,H702,31.80735,-106.548796,61.8,64.5,68.1
WACR,1226,2015-10-23,11:19 AM,Obstruction,0,BARNET,VT,50,2,Day,Cloudy,Main,Spec. MoW Equip.,12,15000,0,42345,H607,44.320366,-72.033202,55.7,39.5,36.1
UP,0323TO008,2023-03-04,5:25 PM,Other impacts,0,FORT WORTH,TX,74,2,Day,Clear,Yard,Yard/switching,3,139074,0,146922,S016,32.721664,-97.381893,53.6,60.3,65.1
UP,0217PD021,2017-02-12,12:50 AM,Derailment,0,SEATTLE,WA,36,4,Dark,Clear,Yard,Light loco(s),5,18620,700,19320,H702,47.563737,-122.335445,42.6,40.5,43.2
BNSF,NW1214104,2014-12-07,2:30 AM,Raking collision,0,SPOKANE,WA,34,4,Dark,Cloudy,Yard,Yard/switching,3,8295,0,11497,H306,47.673811,-117.314624,36.2,36.7,36.5
NS,120628,2016-05-24,8:45 AM,Hwy-rail crossing,0,SALEM,VA,68,2,Day,Clear,Main,Freight Train,33,12175,722,12897,M308,37.270788,-80.032845,59.7,66.5,70
ATK,143217,2016-07-06,8:15 PM,Hwy-rail crossing,0,WENATCHEE,WA,70,4,Dark,Clear,Main,Passenger Train - Pulling,45,28936,0,28936,M302,47.38912,-120.287708,65.7,66.7,67.7
BNSF,NW1115117,2015-11-24,7:45 AM,Other (describe in narrative),0,EVERETT,WA,50,1,Dawn,Clear,Yard,Maint./inspect Car,2,30000,0,30000,H997,48.005646,-122.213954,38.3,40.1,36.1
NS,143377,2021-11-05,10:55 PM,Derailment,0,ROANOKE,VA,72,4,Dark,Clear,Main,Freight Train,9,25500,25893,51393,H505,37.273325,-79.940487,41.9,39.9,40.9
NS,143883,2021-12-30,8:00 AM,Obstruction,0,ROANOKE,VA,55,2,Day,Fog,Yard,Single Car,0,3000,30548,48383,M404,37.277109,-79.982323,58.1,57.3,53.5
UP,1021HO025,2021-10-28,9:30 PM,Other impacts,0,HOUSTON,TX,70,4,Dark,Cloudy,Yard,Yard/switching,3,274,30500,31125,M411,29.814529,-95.288926,73.3,68.3,64.7
UP,0519RM027,2019-05-21,10:28 PM,Derailment,0,OGDEN,UT,44,4,Dark,Cloudy,Yard,Yard/switching,7,48587,480,49067,H303,41.199037,-111.986138,49.2,44.7,47.6
UP,0515PD021,2015-05-22,1:35 AM,Derailment,0,OLYMPIA,WA,55,4,Dark,Cloudy,Siding,,0,0,100,20100,H704,46.969784,-122.83188,61.6,54.9,55.7
CSX,000194579,2020-12-20,9:45 AM,Obstruction,0,HOPEWELL,VA,38,2,Day,Rain,Industry,Yard/switching,3,0,13288,13288,H210,37.30244,-77.284923,32.3,37.5,41.3
UP,1223HO050,2023-12-19,12:30 AM,Other (describe in narrative),0,HOUSTON,TX,70,4,Dark,Cloudy,Main,Freight Train,10,23804,0,23804,M202,29.802826,-95.288635,60.1,55.5,59.5
UP,0122TO012,2022-01-10,8:56 PM,Other impacts,0,DALLAS,TX,44,4,Dark,Cloudy,Yard,Single Car,0,5958,0,41044,H312,32.714048,-96.750151,51.4,42.1,44.2
BNSF,RD0923133,2023-09-20,7:55 PM,Derailment,0,HOUSTON,TX,80,3,Dusk,Clear,Yard,Yard/switching,3,26903,2500,29403,H306,29.690211,-95.325163,83,83.5,85.6
BNSF,NW1017109,2017-10-17,3:00 AM,Derailment,0,SEATTLE,WA,50,4,Dark,Cloudy,Yard,Yard/switching,3,57524,47500,105024,H607,47.616394,-122.356671,52.5,54.2,53.7
UP,0623TO025,2023-06-24,4:42 PM,Derailment,0,ABILENE,TX,103,2,Day,Clear,Main,Freight Train,27,359944,314812,674756,E49C,32.452266,-99.778804,84.3,88.7,91.4
UP,1119SX003,2019-11-02,7:00 AM,Fire/violent rupture,0,WEIMAR,TX,40,1,Dawn,Clear,Main,Freight Train,40,326281,132,326413,E74L,29.70075,-96.763956,45.4,52,54.8
NS,157479,2024-07-25,4:45 AM,Side collision,0,CREWE,VA,72,1,Dawn,Rain,Yard,Cut of cars,4,400,0,164030,H309,37.178052,-78.131442,76.8,74.7,73.4
UP,0320HO026,2020-03-22,4:00 AM,Other impacts,0,HOUSTON,TX,69,1,Dawn,Cloudy,Yard,Yard/switching,3,35780,792,36685,M599,29.770121,-95.2917,58.9,67.8,76
CSX,000164445,2016-11-16,8:08 PM,Derailment,0,RICHMOND,VA,50,4,Dark,Clear,Yard,Single Car,5,2873,0,71631,H018,37.41026,-77.435772,48.1,48.1,48.8
UP,1222HO040,2022-12-29,10:30 AM,Other impacts,0,HOUSTON,TX,73,2,Day,Clear,Yard,Single Car,0,0,0,77301,E29C,29.78873,-95.309052,60.7,68.8,63.7
TMBL,03142016A,2016-03-14,1:45 AM,Side collision,0,TACOMA,WA,50,4,Dark,Rain,Yard,Yard/switching,3,27711,0,39902,H306,47.273439,-122.390253,43.9,41.1,42
BNSF,RD0721109,2021-07-06,7:10 AM,Derailment,0,TEMPLE,TX,78,1,Dawn,Cloudy,Yard,Yard/switching,6,12638,3500,16138,T220,31.106005,-97.349033,77.2,77.9,78.6
UP,1022HO018,2022-10-20,12:48 AM,Derailment,0,HOUSTON,TX,51,4,Dark,Clear,Main,Freight Train,7,297072,200,297272,H514,29.765811,-95.312582,56.8,66.5,71
BNSF,KS0620101,2020-06-03,8:55 AM,Derailment,0,AMARILLO,TX,62,1,Dawn,Clear,Yard,Yard/switching,4,14291,11000,25291,H318,35.211042,-101.817697,76.6,79.7,77.5
TXNW,TXNW201130,2020-11-30,6:30 PM,Derailment,0,SUNRAY,TX,37,4,Dark,Clear,Yard,Yard/switching,5,99542,350,99892,H018,35.998837,-101.884832,35.6,34.6,39.3
BNSF,RD0220131,2020-02-29,3:14 AM,Side collision,0,HOUSTON,TX,47,4,Dark,Clear,Yard,Yard/switching,5,22895,6500,66800,H306,29.70096,-95.332807,55.7,60.2,66.6
CLC,ID180101,2018-07-18,4:34 AM,Derailment,0,LONGVIEW,WA,65,1,Dawn,Clear,Yard,Yard/switching,6,3700,0,31700,M503,46.117205,-122.939356,67.1,65.8,62.2
NECR,NEC420520D,2020-05-13,10:00 PM,Derailment,0,ESSEX,VT,35,4,Dark,Clear,Main,Freight Train,22,78038,70404,148442,E4BC,44.4812,-73.1016,42,46.8,53.7
UP,0923TO041,2023-09-26,10:45 PM,Other impacts,0,FORT WORTH,TX,81,4,Dark,Clear,Yard,Yard/switching,4,6059,34174,198003,H307,32.71814,-97.388522,81.6,82.3,83.2
NS,138663,2020-07-27,11:15 PM,Other (describe in narrative),0,GRETNA,VA,72,4,Dark,Clear,Main,Freight Train,23,20100,354,20454,E27C,36.953338,-79.359168,81.8,83.2,79.3
UP,0821TO020,2021-08-16,1:00 AM,Other (describe in narrative),0,FORT WORTH,TX,77,4,Dark,Rain,Yard,Single Car,0,40744,0,40744,E29C,32.717624,-97.325102,81.1,82.4,78.4
BNSF,RD0621117,2021-06-23,12:37 AM,Derailment,0,DAYTON,TX,80,4,Dark,Clear,Yard,Yard/switching,9,5858,6457,12315,T222,30.001449,-94.907351,81.7,83.3,84.5
DGNO,DGN546620,2020-01-24,12:45 AM,Derailment,0,DALLAS,TX,40,4,Dark,Clear,Industry,Freight Train,3,11750,8000,19750,E41C,32.825122,-96.886153,49.3,48.8,53.6
TRE,20003,2020-02-25,7:25 PM,Hwy-rail crossing,0,FORT WORTH,TX,49,4,Dark,Clear,Main,Commuter Train - Pushing,62,50000,0,50000,M303,32.807755,-97.103807,59.1,50.3,42
BNSF,RD0623129,2023-06-25,12:28 AM,Derailment,0,BEAUMONT,TX,92,4,Dark,Clear,Yard,Light loco(s),2,10500,10792,21292,H017,30.09269,-94.115583,85.6,86.3,85.7
BNSF,RD1019110,2019-10-21,10:30 AM,Rear end collision,0,CORSICANA,TX,83,2,Day,Clear,Main,Spec. MoW Equip.,0,18000,0,18250,H402,32.099609,-96.461984,72.8,67.6,60.3
UP,0719GC050,2019-07-30,6:30 PM,Derailment,0,TROUP,TX,88,3,Dusk,Cloudy,Industry,Freight Train,4,17107,165,17272,H702,32.142944,-95.123266,80.9,80.5,80.3
FWWR,19122301,2019-12-23,10:15 AM,Other impacts,0,FORT WORTH,TX,43,2,Day,Clear,Main,Single Car,10,41733,0,41733,E09C,32.69087,-97.36435,44.8,46.9,54.3
BNSF,RD0420115,2020-04-28,3:15 AM,Derailment,0,TEMPLE,TX,62,4,Dark,Clear,Yard,Light loco(s),1,15314,6000,21314,H303,31.095355,-97.351096,72.9,78.6,70.9
NS,127776,2017-12-14,6:00 PM,Derailment,0,ROANOKE,VA,33,3,Dusk,Clear,Yard,Yard/switching,2,849,35673,36522,M405,37.270171,-79.99944,30.4,40.8,32.6
UP,0124ES002,2024-01-05,10:20 AM,Other (describe in narrative),0,SAN ANTONIO,TX,62,2,Day,Clear,Main,Spec. MoW Equip.,10,0,31400,31400,H702,29.402743,-98.486412,51.7,55.9,51.5
BNSF,KS0818201,2018-08-15,1:13 PM,Hwy-rail crossing,0,CHANNING,TX,85,2,Day,Clear,Main,Freight Train,37,20000,500,20500,M308,35.653321,-102.337046,75.9,74.7,77.8
UP,0321SX019,2021-03-22,2:55 PM,Other impacts,0,EAGLE PASS,TX,73,2,Day,Cloudy,Yard,Freight Train,8,86719,0,94147,M404,28.757193,-100.487812,64.9,69.7,70.5
CSX,000142408,2015-02-25,3:00 AM,Derailment,0,COVINGTON,VA,31,4,Dark,Cloudy,Industry,Yard/switching,4,15118,50,15168,M101,37.786656,-79.992132,15.3,25.2,26.8
UP,1223GC001,2023-12-01,3:45 AM,Other impacts,0,BEAUMONT,TX,67,4,Dark,Clear,Yard,Yard/switching,2,2518,8731,11642,M411,30.072458,-94.149216,62.7,70.4,65.8
UP,1019RM026,2019-10-27,8:01 PM,Other impacts,0,OGDEN,UT,32,4,Dark,Cloudy,Yard,Cut of cars,0,107306,0,226731,H310,41.188316,-111.989389,45.8,33.6,27.7
UP,1019ST025,2019-10-25,7:16 AM,Derailment,0,EL PASO,TX,37,2,Day,Clear,Main,Freight Train,4,4202,26784,30986,H508,31.771124,-106.473036,55.2,45.9,53
VTR,1460,2018-10-06,8:57 AM,Derailment,0,NORTH CLARENDON,VT,55,2,Day,Cloudy,Yard,Yard/switching,7,26556,1500,28056,E46C,43.578073,-72.959338,47.8,53.2,54.3
BNSF,RD0821124,2021-08-27,11:51 PM,Other (describe in narrative),0,JUSTIN,TX,89,4,Dark,Clear,Yard,Light loco(s),10,0,20000,20000,H607,33.020248,-97.353353,86.8,84.5,84.4
UP,0518SA005,2018-05-05,3:15 AM,Derailment,0,SAN ANTONIO,TX,70,4,Dark,Cloudy,Yard,Yard/switching,10,570996,101166,672162,H310,29.358019,-98.572253,70.2,75.1,74.2
UP,0823HO035,2023-08-31,6:00 AM,Hwy-rail crossing,0,NEW CANEY,TX,71,1,Dawn,Clear,Main,Freight Train,50,15490,102700,118190,M304,30.122344,-95.222499,84.2,83.5,84.2
UP,0220TO001,2020-02-02,6:50 AM,Other impacts,0,FORT WORTH,TX,48,1,Dawn,Clear,Yard,Single Car,2,37990,0,154469,H310,32.720824,-97.381089,50.8,63.7,61.9
UP,1222HO017,2022-12-14,1:51 PM,Other (describe in narrative),0,HOUSTON,TX,66,2,Day,Clear,Yard,Single Car,0,13290,0,13290,M411,29.793755,-95.296553,73.5,62.9,54.6
CSX,000140487,2015-01-23,1:15 AM,Derailment,0,COVINGTON,VA,34,4,Dark,Cloudy,Yard,Yard/switching,4,21000,1000,22000,H702,37.791852,-79.993359,32.2,29.4,30.3
UP,1023RM018,2023-10-22,3:45 PM,Other impacts,0,OGDEN,UT,73,2,Day,Clear,Yard,Yard/switching,5,1646,300,13789,H310,41.200897,-111.985986,60.7,62.3,60.7
UP,1122TO032,2022-11-27,11:30 PM,Derailment,0,MESQUITE,TX,49,4,Dark,Clear,Yard,Yard/switching,3,11350,1450,12800,H599,32.776829,-96.659073,52.1,52.1,52
CSX,000174533,2018-02-06,2:49 AM,Derailment,0,EMPORIA,VA,42,4,Dark,Clear,Main,Freight Train,40,41569,29337,70906,E53C,36.721279,-77.515604,37.6,40.6,48.7
CSX,000186064,2019-10-20,8:20 AM,Other impacts,0,RICHMOND,VA,58,2,Day,Rain,Yard,Yard/switching,2,38811,0,38860,H021,37.594322,-77.484607,52,57.5,56.7
UP,0217UT013,2017-02-21,3:54 PM,Derailment,0,CLEARFIELD,UT,57,2,Day,Cloudy,Industry,Freight Train,5,6052,33363,39415,M101,41.092855,-112.025044,46.7,48.5,34.1
BNSF,RD0619114,2019-06-16,12:30 AM,Derailment,0,MORGAN,TX,80,4,Dark,Clear,Main,Freight Train,18,43189,1000,44189,E22C,32.022616,-97.57406,84.6,75.6,75.2
UP,0320SX021,2020-03-18,1:39 PM,Derailment,0,LAREDO,TX,84,2,Day,Clear,Yard,Freight Train,3,17160,249,17409,H702,27.66442,-99.465598,78.2,79.1,82
UP,0819SX034,2019-08-28,5:00 AM,Derailment,0,VON ORMY,TX,76,1,Dawn,Clear,Industry,Freight Train,5,11127,12630,23757,H702,29.317853,-98.644337,88.4,88.4,88.9
UTAH,UTA429320R,2020-05-20,12:30 PM,Derailment,0,WELLINGTON,UT,60,2,Day,Clear,Industry,Freight Train,5,31000,936,31936,H505,39.531533,-110.468722,66.6,52.7,53
BNSF,KS0119105,2019-01-18,6:00 PM,Derailment,0,AMARILLO,TX,32,3,Dusk,Snow,Yard,Yard/switching,6,6013,8500,14513,H306,35.114695,-101.86079,47.7,45.9,32.4
DGNO,DGN509219,2019-11-12,2:30 AM,Derailment,0,GREENVILLE,TX,23,4,Dark,Clear,Yard,Freight Train,10,70000,175000,245000,T221,33.136044,-96.125103,50.4,31.6,36.8
BB,2015T1206,2015-12-06,7:00 PM,Fire/violent rupture,0,HANOVER,VA,75,4,Dark,Clear,Main,,0,0,0,32155,E71L,37.757941,-77.375575,38.1,37.8,41.2
UP,0424RM025,2024-04-22,7:45 AM,Derailment,0,OGDEN,UT,53,2,Day,Clear,Yard,Yard/switching,5,11417,704,12523,T221,41.182025,-111.990723,61.7,60.7,61.8
UP,1022RM024,2022-10-25,6:44 AM,Hwy-rail crossing,0,TOOELE,UT,40,1,Dawn,Cloudy,Main,Freight Train,38,12230,150,12380,M304,40.635785,-112.276679,37.8,44.3,41.4
UP,1018HO021,2018-10-13,7:00 AM,Derailment,0,HOUSTON,TX,75,2,Day,Clear,Yard,Yard/switching,4,14332,1800,16132,H702,29.825026,-95.288528,75.4,80.5,82.2
DGNO,DGN994722,2022-07-20,6:51 PM,Derailment,0,DALLAS,TX,107,3,Dusk,Clear,Main,Freight Train,10,15000,0,36550,M404,32.771906,-96.804213,94.8,93.9,92.5
CSX,000210022,2022-09-11,5:30 PM,Fire/violent rupture,0,STAFFORD,VA,81,3,Dusk,Clear,Main,,0,0,0,0,M406,38.477414,-77.318674,71.3,75.9,76
UP,0518HO003,2018-05-01,2:45 PM,Derailment,0,HOUSTON,TX,77,2,Day,Cloudy,Yard,Light loco(s),5,23000,66,23066,H307,29.822149,-95.290364,71.6,74,78.7
GRR,202303,2023-11-07,10:00 AM,Hwy-rail crossing,0,GEORGETOWN,TX,75,2,Day,Clear,Industry,Light loco(s),8,30000,0,30000,M302,30.583559,-97.703282,72.2,73.8,74
UP,0722TO057,2022-07-21,4:00 AM,Other impacts,0,FORT WORTH,TX,88,1,Dawn,Clear,Yard,Single Car,5,65795,0,70232,M411,32.722287,-97.379976,95.1,93,91.6
UP,0921GC019,2021-09-13,10:45 AM,Hwy-rail crossing,0,LUFKIN,TX,75,2,Day,Cloudy,Main,Freight Train,25,4592,22000,26592,M302,31.309294,-94.742584,76,78.7,74.3
BNSF,NW0515123,2015-05-30,5:15 AM,Obstruction,0,KENNEWICK,WA,71,1,Dawn,Cloudy,Main,Freight Train,6,14282,0,14282,M402,46.222258,-119.176858,74.4,79.9,77.7
UP,0223TO029,2023-02-20,6:30 AM,Hwy-rail crossing,0,MIDLAND,TX,53,1,Dawn,Cloudy,Main,Freight Train,40,9575,104483,114058,M302,31.944635,-102.172937,53.5,65.9,67.1
UP,0718UT033,2018-07-29,8:40 AM,Derailment,0,PRICE,UT,92,2,Day,Clear,Siding,,0,0,3832,52901,H702,39.524503,-110.699283,74.6,76.3,80
UP,0920HL019,2020-09-26,2:07 PM,Hwy-rail crossing,0,DALHART,TX,100,2,Day,Clear,Main,Freight Train,57,27939,1189,29128,M308,36.235514,-102.238034,73.2,76.6,64.6
UP,0224TO002,2024-02-03,6:30 AM,Derailment,0,FORT WORTH,TX,54,1,Dawn,Cloudy,Main,Freight Train,8,5738,150440,156178,M405,32.741783,-97.321555,60.5,56.7,53.5
UP,0222SX024,2022-02-25,7:15 PM,Other impacts,0,HEARNE,TX,31,3,Dusk,Rain,Yard,Single Car,5,100,0,86801,H307,30.880781,-96.593751,31.6,33.7,38
BNSF,NW1214109,2014-12-12,8:35 PM,Derailment,0,SPOKANE,WA,44,4,Dark,Rain,Yard,Yard/switching,4,16199,0,16199,H312,47.669135,-117.342468,49.4,44.8,35.8
BNSF,RD0623120,2023-06-18,4:15 PM,Derailment,0,LUBBOCK,TX,90,2,Day,Clear,Yard,Yard/switching,8,10000,39267,49267,E46L,33.571113,-101.824983,81.8,78.5,87.9
UP,0422TO001,2022-04-02,12:36 AM,Derailment,0,FORT WORTH,TX,63,4,Dark,Cloudy,Yard,Yard/switching,1,113220,405,113625,M199,32.729757,-97.364621,61.6,62.7,69.2
BNSF,NW0316104,2016-03-08,7:30 PM,Derailment,0,VANCOUVER,WA,45,3,Dusk,Rain,Yard,Freight Train,6,8724,9538,18262,H503,45.648568,-122.688193,47.3,42.2,46.1