reportingrailroadcode,accidentnumber,date,time,accidenttype,hazmatreleasedcars,station,stateabbr,temperature,visibility_code,visibility,weathercondition,tracktype,equipmenttype,trainspeed,equipmentdamagecost,trackdamagecost,totaldamagecost,primaryaccidentcausecode,latitude,longitude,prior_temp,actual_temp,following_temp
BNSF,RD0722115,2022-07-18,1:00 PM,Derailment,0,DAYTON,TX,98,2,Day,Clear,Yard,Yard/switching,3,46053,9800,55853,H503,29.995105,-94.907377,87.2,88,88.4
KCS,23041001,2023-04-10,6:40 AM,Side collision,0,KENDLETON,TX,63,4,Dark,Clear,Siding,Freight Train,10,22403,0,46245,H607,29.479016,-95.948595,64.5,64.9,66
UP,0916UT008,2016-09-19,3:14 PM,Fire/violent rupture,0,SALT LAKE CITY,UT,76,2,Day,Cloudy,Main,Freight Train,50,727562,0,727562,E73L,40.760395,-111.943108,71.6,75.3,76.2
UP,0324ES020,2024-03-12,3:40 PM,Obstruction,0,SAN ANTONIO,TX,73,2,Day,Clear,Main,Spec. MoW Equip.,0,35000,0,40000,H025,29.492415,-98.356211,61.6,67,74.6
EWG,EWG201607,2016-09-13,1:30 PM,Derailment,0,FOUR LAKES,WA,80,2,Day,Clear,Industry,Freight Train,8,15700,500,16200,H303,47.567108,-117.600629,54.9,55.4,59.2
UP,0321TO017,2021-03-16,4:00 AM,Other impacts,0,ARLINGTON,TX,61,1,Dawn,Cloudy,Yard,Single Car,2,16434,0,18294,H310,32.746698,-97.069206,65.1,69.9,62.8
CSX,000198583,2021-06-30,3:16 PM,Derailment,0,HENRICO,VA,95,2,Day,Clear,Yard,Yard/switching,6,24624,9719,34343,E34C,37.514813,-77.413709,82.3,84.2,80.9
NS,154240,2023-09-15,10:20 AM,Other impacts,0,NORFOLK,VA,80,2,Day,Clear,Yard,Cut of cars,0,63115,0,119030,H302,36.871878,-76.295016,77.5,71.8,71.2
UP,1016SA001,2016-10-01,12:30 PM,Fire/violent rupture,0,KNIPPA,TX,70,2,Day,Clear,Main,Freight Train,22,150000,0,150000,E74L,29.293963,-99.642,68.7,68,70.2
NS,142043,2021-06-30,12:05 PM,Raking collision,0,SPRINGFIELD,VA,95,2,Day,Clear,Industry,Freight Train,5,75293,0,150231,H302,38.796779,-77.183447,83.1,84.1,78.3
BNSF,NW0724113,2024-07-15,1:54 AM,Derailment,0,PASCO,WA,70,4,Dark,Clear,Yard,Freight Train,10,28190,19840,48030,H518,46.236382,-119.085909,85.3,86.1,80.2
BNSF,NW0317102,2017-03-05,3:08 PM,Other (describe in narrative),0,KALAMA,WA,40,2,Day,Rain,Yard,,0,0,17551,17551,H306,46.002804,-122.844815,40.2,39.2,37.9
NS,113987,2015-01-22,6:47 PM,Derailment,0,WAYNESBORO,VA,34,3,Dusk,Clear,Yard,Freight Train,4,700,19625,20325,H306,38.076071,-78.872146,35.4,35,31.1
UP,0818HO017,2018-08-12,2:00 AM,Derailment,0,HOUSTON,TX,80,4,Dark,Cloudy,Yard,Yard/switching,4,12461,3457,15918,M410,29.795556,-95.295232,81.8,84.5,85.5
NS,156060,2024-03-15,8:40 PM,Derailment,0,ROANOKE,VA,57,4,Dark,Cloudy,Yard,Freight Train,6,14000,3000,17000,M599,37.271116,-79.997916,63.2,65.6,61.2
UP,0922SX003,2022-09-03,6:45 AM,Other impacts,0,HONDO,TX,77,1,Dawn,Clear,Industry,Freight Train,10,48293,99,320415,H104,29.456202,-98.999747,83.3,80.5,77.8
TSWS,07092022,2022-07-09,3:30 AM,Derailment,0,WILMER,TX,72,4,Dark,Clear,Yard,Light loco(s),8,5500,12500,18000,H702,32.58902,-96.68527,90.9,92.6,91.9
UP,0123GC013,2023-01-18,8:45 AM,Other impacts,0,BEAUMONT,TX,71,2,Day,Cloudy,Yard,Single Car,0,14071,0,43005,H607,30.072567,-94.148407,69.4,70,60.2
CBRW,16080301,2016-08-03,10:05 AM,Hwy-rail crossing,0,OTHELLO,WA,80,2,Day,Clear,Main,Freight Train,17,10000,500,10500,M302,46.839434,-119.052357,69.9,70.7,74.3
CSX,000173642,2017-12-23,5:35 PM,Derailment,0,CLIFTON FORGE,VA,50,3,Dusk,Cloudy,Main,Freight Train,7,112599,4832,117431,H518,37.790369,-79.868489,43.8,46.9,31.8
UP,0918FW010,2018-09-13,5:30 AM,Derailment,0,ARLINGTON,TX,77,1,Dawn,Cloudy,Yard,Freight Train,5,11138,99,11237,M507,32.742384,-97.082398,76.5,78.8,78.6
UP,0319RM043,2019-03-27,4:20 AM,Derailment,0,CACHE JUNCTION,UT,38,1,Dawn,Cloudy,Main,Freight Train,3,49972,726,50698,H503,41.842194,-112.037474,44.5,47.2,45.2
UP,0818FW040,2018-08-27,3:57 PM,Other (describe in narrative),0,ODESSA,TX,78,2,Day,Rain,Yard,Yard/switching,0,54557,100,54657,H318,31.873131,-102.311222,85.8,84.8,85.3
UP,1118SA029,2018-11-26,5:30 PM,Other impacts,0,SAN ANTONIO,TX,52,2,Day,Clear,Yard,Yard/switching,0,66885,0,68449,H318,29.435088,-98.448106,62.5,52.5,48.3
ATK,137841,2015-06-15,7:00 PM,Obstruction,0,TENINO,WA,60,3,Dusk,Clear,Main,Passenger Train - Pushing,79,52917,0,52917,M503,46.852245,-122.860965,63.9,67.3,60.9
UP,0824TO036,2024-08-29,1:12 AM,Derailment,0,FORT WORTH,TX,82,4,Dark,Cloudy,Main,Freight Train,10,225672,4353,230025,H519,32.743846,-97.321615,84.2,85.2,83.1
UFRC,092820001,2020-09-28,10:17 PM,Obstruction,0,LEHI,UT,55,4,Dark,Clear,Main,Commuter Train - Pushing,36,60000,0,60000,H499,40.39865,-111.86619,58.3,55.3,56.8
KCS,21090802,2021-09-08,7:30 AM,Hwy-rail crossing,0,HUFFMAN,TX,70,2,Day,Clear,Main,Freight Train,50,16626,0,16725,M302,30.022407,-95.090077,79.8,79.2,80.4
BNSF,RD1222109,2022-12-13,8:44 AM,Derailment,0,FORT WORTH,TX,45,1,Dawn,Rain,Yard,Cut of cars,0,14000,500,14500,M105,32.821091,-97.328198,58.3,62.8,50.4
UP,0822HO008,2022-08-06,12:05 PM,Other impacts,0,HOUSTON,TX,83,2,Day,Cloudy,Yard,Yard/switching,19,25873,66,25939,M407,29.795634,-95.295273,80.8,80.2,84.8
UP,1121HO023,2021-11-19,10:15 AM,Hwy-rail crossing,0,MISSOURI CITY,TX,58,2,Day,Clear,Main,,0,0,104615,106435,M304,29.623809,-95.526185,64.5,56.1,64.6
BNSF,RD0518101,2018-05-01,5:04 PM,Derailment,0,ROGERS,TX,65,3,Dusk,Clear,Industry,Freight Train,5,9400,5000,14400,H307,30.931036,-97.224711,69.3,72.7,77.2
DGNO,610118D,2018-03-21,12:30 AM,Other impacts,0,DALLAS,TX,52,4,Dark,Clear,Yard,Cut of cars,0,26000,0,26000,H312,32.774218,-96.853422,54.6,59,65.8
UP,0119GC033,2019-01-07,10:20 AM,Other impacts,0,BEAUMONT,TX,67,2,Day,Clear,Yard,Yard/switching,2,12730,198,22503,S015,30.072195,-94.153437,56.3,64.4,66
UP,0917PD005,2017-09-06,2:40 AM,Derailment,0,SEATTLE,WA,75,4,Dark,Cloudy,Yard,Yard/switching,4,39984,8126,48110,H702,47.60621,-122.332071,75.3,72.4,69.2
UP,0918UT022,2018-09-22,12:48 AM,Derailment,0,HELPER,UT,34,4,Dark,Clear,Main,Freight Train,14,363916,171390,535306,E7AL,39.784927,-111.118272,61.9,64.6,67
BNSF,RD0118104,2018-01-03,7:25 PM,Other impacts,0,GAINESVILLE,TX,34,3,Dusk,Clear,Yard,Freight Train,9,26738,250,26988,H310,33.645444,-97.1451,19.5,28.2,32
BNSF,NW1015107,2015-10-15,11:15 AM,Derailment,0,MARYSVILLE,WA,60,2,Day,Clear,Main,Maint./inspect Car,0,50000,0,50000,H402,48.044098,-122.18177,49.4,52.2,54
BNSF,KS1123103,2023-11-07,5:40 PM,Derailment,0,HEREFORD,TX,65,3,Dusk,Clear,Industry,Yard/switching,4,223,13664,13887,H312,34.823605,-102.370694,65.9,68.3,63
UP,0722TO007,2022-07-04,8:45 PM,Derailment,0,DALLAS,TX,95,4,Dark,Clear,Yard,Yard/switching,5,1144,24150,25294,H704,32.723695,-96.754179,89.3,90.1,90.5
NECR,NEC764924D,2024-04-10,12:22 AM,Derailment,0,MONTPELIER,VT,43,4,Dark,Cloudy,Main,Freight Train,25,4100,650000,654100,E53C,44.30058,-72.6888,46.8,44.2,44.4
UP,0222TO008,2022-02-08,5:15 PM,Hwy-rail crossing,0,MIDLAND,TX,63,2,Day,Clear,Main,Freight Train,45,0,16937,16937,M302,31.944635,-102.172937,40.1,46.2,47.3
KCS,18082801,2018-08-28,4:45 PM,Other impacts,0,BEAUMONT,TX,90,2,Day,Cloudy,Yard,Yard/switching,4,14607,0,14607,H018,30.059469,-94.086607,82.6,81.6,80.3
UP,0921GC016,2021-09-13,6:00 AM,Derailment,0,ANGLETON,TX,76,1,Dawn,Rain,Yard,Yard/switching,0,5923,6000,11923,H307,29.146069,-95.450485,78.2,74.7,73.9
UP,0822HO038,2022-08-28,10:05 PM,Derailment,0,HOUSTON,TX,83,4,Dark,Clear,Yard,Light loco(s),3,1641,12807,14448,H707,29.798443,-95.288397,82.1,83.1,78.8
UP,1018FW041,2018-10-28,10:23 AM,Obstruction,0,GRANGER,TX,80,2,Day,Clear,Main,Freight Train,40,14759,0,14759,H501,30.645738,-97.434573,67.8,69.8,70
NS,118135,2015-11-10,12:15 AM,Derailment,0,ROANOKE,VA,46,4,Dark,Rain,Yard,Light loco(s),4,211237,3000,214237,H702,37.271115,-79.997916,41.6,54.2,54.4
UP,0118UT017,2018-01-02,12:35 PM,Hwy-rail crossing,0,NEPHI,UT,35,2,Day,Clear,Main,Freight Train,45,23660,396,24056,M308,39.68478,-111.841545,28.6,26,23.3
UP,0620HO019,2020-06-19,9:30 PM,Other impacts,0,HOUSTON,TX,81,4,Dark,Cloudy,Yard,Yard/switching,6,36985,0,55748,S007,29.79395,-95.294393,82.5,82.3,81
BNSF,RD1222132,2022-12-31,10:40 PM,Derailment,0,TEMPLE,TX,52,4,Dark,Clear,Yard,Yard/switching,2,15884,0,20784,H008,31.074095,-97.343333,53,58.3,62.7
RLAX,RLAX81820,2020-08-18,10:50 PM,Derailment,0,BAYTOWN,TX,86,4,Dark,Clear,Yard,Yard/switching,7,10700,39250,49950,H303,29.776866,-94.892483,83.6,86.7,86.9
NS,138890,2020-08-18,2:07 AM,Other impacts,0,ROANOKE,VA,72,4,Dark,Cloudy,Yard,Cut of cars,0,7752,9552,18504,H312,37.277109,-79.982321,74.3,74.7,74.2
UP,0218LV011,2018-02-10,10:00 PM,Other impacts,0,BEAUMONT,TX,64,4,Dark,Cloudy,Yard,Yard/switching,2,3996,779,19560,M411,30.073512,-94.144407,62.8,65.7,48.3
BNSF,NW0724105,2024-07-08,6:00 PM,Derailment,0,AUBURN,WA,65,3,Dusk,Clear,Yard,Freight Train,9,4311,166393,170704,E40C,47.275542,-122.230325,78.1,81,81
NS,154734,2023-11-08,12:01 PM,Other impacts,0,ROANOKE,VA,49,2,Day,Cloudy,Yard,Single Car,0,150,0,30150,H312,37.277575,-79.978824,65.8,63.5,68.1
UP,0621ES015,2021-06-07,3:00 PM,Obstruction,0,MOUNT PLEASANT,TX,75,2,Day,Cloudy,Main,Spec. MoW Equip.,5,24092,0,24092,H995,33.153589,-94.968691,75,74.2,76.2
BNSF,RD0919125,2019-09-24,1:25 AM,Derailment,0,LONGVIEW,TX,74,4,Dark,Clear,Yard,Freight Train,4,3474,7900,11374,H307,32.489328,-94.710184,81.3,82.1,80.9
UP,0320HO025,2020-03-21,3:05 PM,Derailment,0,LA PORTE,TX,64,2,Day,Cloudy,Yard,Yard/switching,4,396106,14900,411006,H607,29.652566,-95.038868,72.8,61.2,69.2
UP,0822GC017,2022-08-19,10:20 PM,Derailment,0,BLOOMINGTON,TX,77,4,Dark,Clear,Yard,Yard/switching,10,1680,213100,214780,H303,28.64368,-96.897226,84.4,80.9,84.3
BNSF,RD1023106,2023-10-02,10:40 PM,Derailment,0,HOUSTON,TX,83,4,Dark,Clear,Yard,Yard/switching,4,12987,2500,15487,H307,29.709356,-95.33117,82.9,81.7,77.1
NS,155177,2023-12-29,2:05 AM,Derailment,0,NORFOLK,VA,54,4,Dark,Clear,Yard,Single Car,7,37761,0,37761,H313,36.871878,-76.295016,55.2,48.3,44.4
UP,0324TO010,2024-03-07,1:30 PM,Other impacts,0,EL PASO,TX,68,2,Day,Cloudy,Yard,Single Car,2,251,0,512,M105,31.753367,-106.388664,63.6,61.9,53.5
UP,0623MA037,2023-06-28,10:55 AM,Derailment,0,MARSHALL,TX,85,2,Day,Cloudy,Main,Freight Train,5,707269,1192,708461,H503,32.553642,-94.367374,85.5,85.3,85
UP,0122HO026,2022-01-27,1:31 PM,Other impacts,0,HOUSTON,TX,57,2,Day,Clear,Yard,Single Car,5,11875,198,20349,M404,29.786151,-95.319258,47.6,52,51.1
BNSF,RD0522125,2022-05-24,8:58 AM,Derailment,0,BROWNWOOD,TX,73,1,Dawn,Cloudy,Yard,Freight Train,9,16800,3750,20550,H503,31.716723,-98.974738,68.1,67.5,64
BB,2024CSX011,2024-01-14,4:00 AM,Obstruction,0,STAUNTON,VA,31,4,Dark,Clear,Main,,0,0,0,19258,M404,38.147109,-79.090714,37.4,32.5,26.5
UP,0921HO025,2021-09-10,9:31 PM,Derailment,0,DAYTON,TX,77,4,Dark,Cloudy,Main,,0,0,3500,40515,H518,29.993758,-94.90724,79.3,76.2,74.8
NS,139068,2020-09-04,7:40 AM,Hwy-rail crossing,0,WAVERLY,VA,82,1,Dawn,Clear,Main,Freight Train,59,1204,10000,11204,M303,37.029109,-77.083155,83.3,82.8,74
UP,0118UT024,2018-01-10,9:11 PM,Derailment,0,HELPER,UT,19,4,Dark,Clear,Main,Freight Train,3,184862,72610,257472,M101,39.717704,-111.160401,31.9,34,33.6
UP,1221GC016,2021-12-18,3:00 PM,Derailment,0,CORPUS CHRISTI,TX,66,2,Day,Cloudy,Yard,,0,0,11845,21543,H523,27.806136,-97.405868,74.7,69.1,50.8
BNSF,RD1023131,2023-10-24,5:45 PM,Derailment,0,HOUSTON,TX,80,3,Dusk,Clear,Yard,Light loco(s),6,600,13860,14460,H307,29.717616,-95.333508,77.5,78.1,78.8
UP,0220HO028,2020-02-19,9:24 AM,Hwy-rail crossing,0,ROSENBERG,TX,58,2,Day,Cloudy,Main,Freight Train,38,792,62782,63574,M302,29.551873,-95.888951,71.1,59.1,49.3
UP,0915PD010,2015-09-21,4:49 PM,Fire/violent rupture,0,KALAMA,WA,62,2,Day,Clear,Yard,Yard/switching,2,13066,0,13066,E74L,45.994795,-122.841028,64.7,61,56.4
UP,0321SX004,2021-03-04,12:45 PM,Derailment,0,SAN ANTONIO,TX,69,2,Day,Clear,Yard,Maint./inspect Car,5,17183,99,17282,E27C,29.371628,-98.560392,54.6,59.8,66.5
UP,0224HO024,2024-02-18,10:00 AM,Other impacts,0,HOUSTON,TX,42,2,Day,Clear,Yard,Cut of cars,2,42691,0,87477,M408,29.815826,-95.289237,48,45.4,53.7
UP,0917UT002,2017-09-10,11:45 PM,Other (describe in narrative),0,OGDEN,UT,70,4,Dark,Clear,Yard,Yard/switching,4,0,182891,182891,H702,41.199061,-111.986411,71.8,72.4,74.6
UTAH,UTA998622D,2022-02-05,10:30 AM,Derailment,0,PROVO,UT,40,2,Day,Cloudy,Yard,,0,0,200000,393518,H607,40.213192,-111.639449,22.1,27.6,29.3
UP,0820HO006,2020-08-07,11:06 PM,Derailment,0,HOUSTON,TX,82,4,Dark,Cloudy,Yard,Yard/switching,6,31279,3454,34733,H607,29.769704,-95.291933,85.1,85.5,85.5
UP,1221TO037,2021-12-27,7:50 PM,Derailment,0,KERENS,TX,68,3,Dusk,Cloudy,Main,Freight Train,10,198102,2256168,2454270,E61C,32.126773,-96.262273,67.9,69.8,70.7
NS,157182,2024-06-27,4:47 AM,Other impacts,0,CREWE,VA,75,1,Dawn,Clear,Yard,Yard/switching,8,10700,12000,22700,M599,37.183718,-78.137691,84.3,76.9,75.5
UP,1219TO010,2019-12-06,10:20 PM,Other impacts,0,DALLAS,TX,52,4,Dark,Clear,Industry,Single Car,0,10263,0,126161,H302,32.75506,-96.778976,62.8,58.7,51.5
UP,1022SX010,2022-10-13,5:45 PM,Other impacts,0,SAN ANTONIO,TX,92,2,Day,Clear,Yard,Yard/switching,1,20461,233,21884,H022,29.380979,-98.553087,81.3,81.8,79.6
UP,1221HO017,2021-12-13,11:01 AM,Other (describe in narrative),0,HOUSTON,TX,59,2,Day,Clear,Yard,Yard/switching,0,29373,0,29373,M411,29.796401,-95.291406,51.1,61,72
UP,1123TO014,2023-11-09,3:45 AM,Derailment,0,FORT WORTH,TX,68,4,Dark,Cloudy,Yard,Yard/switching,5,13677,124434,138111,S011,32.718913,-97.386484,74.5,59.2,53.6
UP,0118HO013,2018-01-13,11:08 AM,Other impacts,0,HOUSTON,TX,50,2,Day,Clear,Yard,Yard/switching,5,2733,99,53253,H607,29.809692,-95.288721,40.2,41.6,43.5
BNSF,RD0224205,2024-02-23,1:34 PM,Hwy-rail crossing,0,JOSHUA,TX,68,2,Day,Clear,Main,,0,0,20000,56061,M308,32.43587,-97.388671,68,60,60.2
BNSF,RD0621122,2021-06-28,4:55 AM,Derailment,0,CLEBURNE,TX,80,1,Dawn,Clear,Main,Freight Train,8,4753,44500,49253,H505,32.344651,-97.380099,82,77.3,79.4
UP,0718SA016,2018-07-07,6:00 AM,Fire/violent rupture,0,SAN ANTONIO,TX,78,1,Dawn,Cloudy,Main,Freight Train,0,34417,0,34417,E79L,29.348934,-98.58144,83,80.9,81.2
UP,0819TO015,2019-08-09,7:04 PM,Fire/violent rupture,0,GRAND SALINE,TX,93,3,Dusk,Clear,Main,Freight Train,30,34771,99,34870,E73L,32.678557,-95.775563,84.6,86.2,85.3
UP,0423SX001,2023-04-03,7:05 PM,Derailment,0,VON ORMY,TX,92,3,Dusk,Clear,Yard,Freight Train,9,13064,14079,27143,H511,29.29727,-98.635535,76.1,77.8,79.4
UP,1021HO021,2021-10-24,3:55 AM,Other impacts,0,LA PORTE,TX,74,4,Dark,Cloudy,Yard,Freight Train,5,4271,0,350015,H306,29.675711,-95.039416,76.9,79,80.8
UP,1020HO017,2020-10-22,2:12 AM,Derailment,0,HOUSTON,TX,73,4,Dark,Clear,Yard,Yard/switching,5,33892,5846,39738,H607,29.829064,-95.28895,76.9,77.5,75.2
UP,0723TO004,2023-07-03,11:25 AM,Other impacts,0,FORT WORTH,TX,93,2,Day,Clear,Yard,Freight Train,5,195255,262510,533168,H020,32.718526,-97.387412,82.3,87.9,86.9
BNSF,NW0416106,2016-04-08,1:45 AM,Other impacts,0,SPOKANE,WA,45,4,Dark,Clear,Yard,Yard/switching,5,13850,0,24298,H318,47.673844,-117.333436,56.3,61,60
UP,1222MA014,2022-12-12,5:45 PM,Derailment,0,GILMER,TX,59,2,Day,Cloudy,Main,Freight Train,26,496674,897564,1394238,H503,32.697998,-94.971109,56.7,55.9,60.6
BNSF,RD0620121,2020-06-16,6:31 PM,Side collision,0,DAYTON,TX,90,3,Dusk,Clear,Yard,Yard/switching,4,5919,0,16957,H602,29.995316,-94.907369,81.1,80.9,80.3
UP,1018UT009,2018-10-06,7:52 PM,Derailment,0,OGDEN,UT,53,3,Dusk,Cloudy,Yard,Yard/switching,25,110797,3164,113961,E08C,41.202257,-111.985886,50.2,50.2,52.9
UP,1122HO013,2022-11-13,11:30 PM,Other impacts,0,LA PORTE,TX,55,4,Dark,Cloudy,Yard,Single Car,4,25314,0,61374,M411,29.68294,-95.038606,50.8,50.7,55.5
UP,0819GC044,2019-08-30,3:52 PM,Hwy-rail crossing,0,LIBERTY,TX,92,2,Day,Clear,Main,,0,0,3980,107906,M304,30.05831,-94.995022,81.9,81.6,81.7
NS,154761,2023-11-12,12:43 AM,Derailment,0,MONTVALE,VA,42,4,Dark,Clear,Main,Freight Train,19,28788,0,28788,E51C,37.454257,-79.774492,48.1,46.1,49
TMBL,01032017A,2017-01-03,8:55 AM,Hwy-rail crossing,0,TACOMA,WA,29,2,Day,Clear,Yard,Yard/switching,7,22743,0,22743,M304,47.261911,-122.395961,32.4,28.9,32.1
UP,0923SX024,2023-09-26,3:40 PM,Other impacts,0,SAN ANTONIO,TX,93,2,Day,Clear,Yard,Freight Train,9,16593,0,19093,H306,29.381568,-98.55336,86.7,84.5,84.1
BNSF,KS1223121,2023-12-19,1:45 PM,Derailment,0,AMARILLO,TX,54,2,Day,Clear,Yard,,0,0,24968,37668,E67C,35.213202,-101.803734,42.2,47.9,50.4
UP,0821SX033,2021-08-29,2:30 PM,Hwy-rail crossing,0,LULING,TX,90,2,Day,Clear,Main,Freight Train,30,10038,25500,35538,M303,29.668822,-97.563858,80.9,82.4,82.7
UFRC,0606161,2016-06-06,1:15 PM,Hwy-rail crossing,0,PROVO,UT,95,2,Day,Clear,Main,Commuter Train - Pushing,69,35750,1000,36750,M302,40.152737,-111.422212,76.1,80.9,79.5
UP,0420SX001,2020-04-01,10:22 AM,Derailment,0,SAN ANTONIO,TX,62,2,Day,Clear,Main,Freight Train,6,11494,102086,113580,M204,29.402525,-98.450149,67.9,65.8,66.2
NS,137843,2020-04-29,8:45 PM,Other impacts,0,NORFOLK,VA,69,4,Dark,Cloudy,Yard,Single Car,0,250,27364,29565,M411,36.871434,-76.293489,56,69.3,67.1
UP,0724HO024,2024-07-21,12:30 PM,Other impacts,0,HOUSTON,TX,95,2,Day,Cloudy,Yard,Single Car,2,0,0,88224,M411,29.814947,-95.288085,84.3,84,81.9
UP,0722TO057,2022-07-21,4:00 AM,Other impacts,0,FORT WORTH,TX,88,1,Dawn,Clear,Yard,Yard/switching,2,4437,0,70232,M411,32.722287,-97.379976,95.1,93,91.6
NS,136510,2019-12-14,10:20 PM,Other (describe in narrative),0,NORFOLK,VA,40,4,Dark,Clear,Yard,Single Car,0,1947,141,12684,H306,36.871434,-76.293489,51.9,54.7,49.2
UP,0421TO013,2021-04-23,4:30 AM,Other impacts,0,FORT WORTH,TX,60,1,Dawn,Clear,Yard,Yard/switching,5,102721,630,211342,H301,32.717257,-97.38948,57.6,64.1,63.1
NS,157766,2024-08-18,1:05 AM,Other impacts,0,NORFOLK,VA,-1,4,Dark,Cloudy,Yard,Single Car,2,50,34050,35800,M411,36.871878,-76.295016,78.9,81.7,76.8
UP,0819RM032,2019-08-26,3:50 AM,Fire/violent rupture,0,TOOELE,UT,68,4,Dark,Clear,Main,Freight Train,0,36160,0,36160,E74L,40.57701,-112.278,80.9,68.9,67.3
UP,0617UT001,2017-06-01,10:00 PM,Other impacts,0,PROVO,UT,50,4,Dark,Clear,Yard,Yard/switching,6,14418,1464,18382,H306,40.220094,-111.646006,73.2,71.5,67.6
BNSF,RD0119101,2019-01-02,6:30 PM,Derailment,0,DAYTON,TX,50,3,Dusk,Rain,Yard,Yard/switching,3,9204,4500,13704,H306,29.994781,-94.91025,52.5,52.2,48.8
UP,0921HO004,2021-09-04,11:30 AM,Other impacts,0,LA PORTE,TX,89,2,Day,Clear,Yard,Single Car,3,12454,0,19784,M411,29.683638,-95.038897,83.2,85.7,86.6
UP,0320SX017,2020-03-13,5:11 PM,Hwy-rail crossing,0,SAN MARCOS,TX,83,2,Day,Clear,Main,Freight Train,46,0,20260,20260,M302,29.858794,-97.957794,74.2,73.7,75.5
NS,119835,2016-03-23,12:55 AM,Rear end collision,0,TROUTVILLE,VA,49,4,Dark,Cloudy,Main,Freight Train,0,51727,0,52287,H222,37.444426,-79.806276,50.7,60.9,64.3
BNSF,RD0122126,2022-01-24,11:45 AM,Other impacts,0,HOUSTON,TX,54,2,Day,Cloudy,Yard,Yard/switching,7,55904,0,55904,H318,29.634894,-95.308355,48.9,50,51.1
BNSF,KS0719113,2019-07-30,5:20 AM,Side collision,0,AMARILLO,TX,78,1,Dawn,Clear,Yard,Yard/switching,3,139389,0,172866,H307,35.201185,-101.828452,81,82.3,85.6
TSWS,20230201,2023-02-01,3:50 AM,Derailment,0,VON ORMY,TX,37,4,Dark,Rain,Yard,Light loco(s),6,1000,25000,26000,H702,29.303211,-98.637677,34.7,34.3,40.7
FWWR,20021402,2020-02-14,8:10 PM,Side collision,0,FORT WORTH,TX,41,4,Dark,Clear,Main,Cut of cars,0,0,0,43118,H306,32.761111,-97.347222,40.5,38.7,52.6
UP,0718SA005,2018-07-08,3:21 AM,Derailment,0,SAN ANTONIO,TX,72,4,Dark,Clear,Siding,Freight Train,2,14778,15198,29976,H702,29.592499,-98.587887,80.9,81.2,77.1
UP,1018UT023,2018-10-19,2:11 AM,Derailment,0,SALT LAKE CITY,UT,40,4,Dark,Clear,Yard,Freight Train,5,53605,3230,56835,H303,40.78416,-111.906244,53,51.2,53.5
UP,1018LV029,2018-10-29,1:45 AM,Derailment,0,BEAUMONT,TX,78,4,Dark,Fog,Industry,Freight Train,3,36873,3075,39948,H303,29.96536,-94.049298,70.7,71.2,73.9
BNSF,RD0124102,2024-01-04,9:45 PM,Other impacts,0,DAYTON,TX,55,4,Dark,Clear,Main,Yard/switching,8,7000,0,12484,H607,30.015354,-94.901511,49.3,49.5,51.6
KCS,19040901,2019-04-09,3:35 PM,Hwy-rail crossing,0,BEAUMONT,TX,88,2,Day,Clear,Main,Freight Train,35,63,15302,15365,M302,30.105406,-94.048526,68.6,73.4,72.4
BNSF,RD1118124,2018-11-15,2:30 AM,Head on collision,0,DAYTON,TX,34,4,Dark,Clear,Yard,Yard/switching,0,500,0,15600,H306,30.012916,-94.902391,39.3,43.2,51
UP,1123RM024,2023-11-19,7:15 PM,Derailment,0,SALT LAKE CITY,UT,50,3,Dusk,Rain,Yard,Yard/switching,3,25654,7094,32748,H702,40.710562,-111.910565,44.8,42.7,39.4
UP,0119ES039,2019-01-17,12:30 PM,Hwy-rail crossing,0,VICTORIA,TX,65,2,Day,Cloudy,Main,Spec. MoW Equip.,15,14809,99,14908,M308,28.767954,-96.948388,58,58.7,63.2
BNSF,RD0622111,2022-06-12,8:35 PM,Derailment,0,TOMBALL,TX,85,3,Dusk,Clear,Siding,Freight Train,6,72406,70000,142406,E64C,30.036808,-95.578582,87.1,87.6,87.5
UP,0121GC019,2021-01-22,11:04 PM,Side collision,0,LOLITA,TX,65,4,Dark,Cloudy,Main,Yard/switching,9,795,650858,810544,H607,28.843929,-96.50895,62.6,67.6,63.7
UP,0524ES019,2024-05-10,12:10 PM,Obstruction,0,BRACKETTVILLE,TX,85,2,Day,Cloudy,Main,Spec. MoW Equip.,15,5000,0,18000,H999,29.281223,-100.58834,89.8,83.3,78.1
CBCX,101816,2016-10-18,1:00 PM,Other impacts,0,VANCOUVER,WA,57,2,Day,Cloudy,Yard,Yard/switching,7,65000,0,65000,H318,45.61766,-122.6429,54.6,52.9,53.3
BNSF,PR1214117,2014-12-27,4:42 AM,Derailment,0,GUY,TX,44,1,Dawn,Cloudy,Main,Freight Train,4,50000,0,50000,M101,36.214959,-102.762732,64.1,58.6,39.9
BNSF,KS1019204,2019-10-19,12:56 PM,Hwy-rail crossing,0,BOVINA,TX,63,2,Day,Clear,Main,Freight Train,68,1800,22000,23800,M308,34.523642,-102.886566,62.1,55.5,57.6
UP,1022GC013,2022-10-15,7:00 PM,Other impacts,0,BEAUMONT,TX,77,3,Dusk,Clear,Yard,Freight Train,3,323,0,33666,M411,30.072277,-94.152902,71,73.9,76.4
BNSF,RD1120112,2020-11-16,9:50 PM,Derailment,0,CLEBURNE,TX,55,4,Dark,Clear,Yard,Freight Train,8,117067,396929,544458,H504,32.35175,-97.382456,57.3,54.5,57.7