reportingrailroadcode,accidentnumber,date,time,accidenttype,hazmatreleasedcars,station,stateabbr,temperature,visibility_code,visibility,weathercondition,tracktype,equipmenttype,trainspeed,equipmentdamagecost,trackdamagecost,totaldamagecost,primaryaccidentcausecode,latitude,longitude,prior_temp,actual_temp,following_temp
BNSF,RD0523110,2023-05-13,11:53 PM,Derailment,0,DOBBIN,TX,72,4,Dark,Rain,Main,Freight Train,37,1658378,1049003,2707381,M103,30.474093,-95.795374,81.7,75.4,74.5
UP,0419TO020,2019-04-11,1:45 PM,Fire/violent rupture,0,MESQUITE,TX,63,2,Day,Clear,Main,Freight Train,9,16574,0,16574,E74L,32.773427,-96.627765,74,64.6,58.2
UP,0223SX005,2023-02-10,6:10 AM,Derailment,0,SAN ANTONIO,TX,50,1,Dawn,Cloudy,Yard,Yard/switching,10,73108,263156,336264,M409,29.46755,-98.393721,53.9,51.6,46.9
UP,1220TO026,2020-12-21,11:36 PM,Other impacts,0,FORT WORTH,TX,55,4,Dark,Cloudy,Yard,Yard/switching,2,6842,0,12039,H307,32.718026,-97.389014,47.4,53.3,56.8
UP,0423HO007,2023-04-05,5:07 PM,Obstruction,0,HOUSTON,TX,63,2,Day,Cloudy,Yard,Freight Train,5,17340,25715,43055,M409,29.816371,-95.287553,77,71.1,59.7
UP,1022SX021,2022-10-23,9:05 AM,Other impacts,0,SAN ANTONIO,TX,68,2,Day,Clear,Yard,Yard/switching,4,69559,66,69895,H302,29.379064,-98.55544,72.9,76,79.1
NS,151769,2022-12-20,10:35 AM,Hwy-rail crossing,0,ELLISTON,VA,34,2,Day,Clear,Main,Freight Train,38,25000,7500,32500,M303,37.23488,-80.238575,31.3,32.6,33.8
NS,154406,2023-10-04,9:10 AM,Derailment,0,COEBURN,VA,62,2,Day,Clear,Main,Spec. MoW Equip.,10,20000,0,20000,M599,36.946056,-82.409816,65.6,66,64.2
UP,1217UT032,2017-12-22,12:00 PM,Derailment,0,SALT LAKE CITY,UT,40,2,Day,Clear,Yard,Yard/switching,5,12202,3300,15502,H312,40.788688,-111.909239,29.9,30.7,35.9
UP,0724HO005,2024-07-03,3:00 PM,Other impacts,0,HOUSTON,TX,93,2,Day,Clear,Yard,Yard/switching,16,625,2160,51733,M407,29.796146,-95.294672,87.7,86.3,87.2
UP,0722TO051,2022-07-25,1:24 PM,Other impacts,0,FORT WORTH,TX,98,2,Day,Clear,Yard,Single Car,3,15391,2280,19521,M407,32.721056,-97.381203,91.9,93,93
UP,0223HO037,2023-02-28,7:50 PM,Other (describe in narrative),0,HOUSTON,TX,76,3,Dusk,Clear,Yard,Yard/switching,3,108392,0,108392,M411,29.794618,-95.294741,74.4,72.8,75
UP,0621SX029,2021-06-25,10:00 AM,Derailment,0,SAN ANTONIO,TX,83,2,Day,Cloudy,Yard,Yard/switching,5,142407,137449,279856,E7AL,29.434402,-98.469616,84.6,84.8,84.9
UP,0424TO020,2024-04-19,6:45 PM,Other impacts,0,MIDLAND,TX,64,3,Dusk,Cloudy,Yard,Freight Train,4,11798,3850,16573,H302,31.955562,-102.151687,73.7,57.8,50.8
NECR,NEC322223O,2023-02-06,9:04 PM,Derailment,0,SAINT ALBANS,VT,11,4,Dark,Cloudy,Yard,,0,0,0,34536,M101,44.823419,-73.106342,24.9,26.6,24.3
BNSF,RD0919203,2019-09-13,12:10 PM,Hwy-rail crossing,0,SOMERVILLE,TX,97,2,Day,Clear,Main,Freight Train,49,11748,2700,14448,M308,30.36394,-96.543182,82.2,82.9,84.7
BNSF,RD0618121,2018-06-27,10:48 AM,Side collision,0,JUSTIN,TX,92,2,Day,Clear,Yard,Yard/switching,4,39205,375000,482768,H318,33.006117,-97.354785,88.2,90,89.7
UP,0818UT010,2018-08-08,4:55 PM,Derailment,0,OGDEN,UT,90,2,Day,Clear,Yard,Freight Train,5,4158,46265,50423,H702,41.204854,-111.984745,75.9,78.9,81.3
BNSF,RD0324110,2024-03-09,1:12 PM,Other (describe in narrative),0,TEAGUE,TX,72,2,Day,Clear,Yard,Freight Train,0,13493,0,14447,H307,31.647888,-96.296331,65.1,50.2,53.8
BNSF,RD1219105,2019-12-07,1:14 PM,Derailment,0,TEMPLE,TX,70,2,Day,Clear,Yard,Single Car,5,37025,1500,38525,E0HC,31.077502,-97.332894,58.9,51.3,58.7
NS,131434,2018-10-25,7:54 PM,Hwy-rail crossing,0,SUFFOLK,VA,46,3,Dusk,Clear,Main,,0,0,28175,34519,M308,36.727143,-76.579374,51.2,46,48.1
NS,142541,2021-08-15,6:40 PM,Derailment,0,CRIMORA,VA,74,3,Dusk,Cloudy,Main,Freight Train,35,82512,244982,327494,T221,38.200957,-78.839419,75.3,70.6,73.3
UP,1023RM025,2023-10-31,1:45 AM,Other impacts,0,SOUTH SALT LAKE,UT,31,4,Dark,Clear,Yard,Cut of cars,3,18064,0,57826,H312,40.709045,-111.910564,36.3,39.3,42.8
UP,0221RM032,2021-02-25,4:02 PM,Derailment,0,OGDEN,UT,37,2,Day,Cloudy,Yard,Yard/switching,10,145066,23395,168461,M405,41.227698,-111.985944,31.6,30,33.8
WATX,240622001,2024-06-22,8:00 AM,Other impacts,0,HOUSTON,TX,85,2,Day,Clear,Industry,Light loco(s),4,10000,0,53065,H607,29.69955,-95.25209,83.2,84.5,84.8
ATK,176568,2023-10-01,8:21 PM,Hwy-rail crossing,0,STAFFORD,VA,67,4,Dark,Clear,Main,Commuter Train - Pulling,67,15098,0,15214,M308,38.438328,-77.338245,66.9,67.3,68.2
UP,0722HO014,2022-07-18,9:40 AM,Derailment,0,HOUSTON,TX,84,2,Day,Clear,Yard,Single Car,0,51980,216,104967,M404,29.793852,-95.294324,87,86.6,86.3
NS,134237,2019-06-07,10:45 AM,Derailment,0,SHAWSVILLE,VA,67,2,Day,Rain,Main,Freight Train,12,103599,23563,127162,H599,37.173092,-80.262948,73.3,67.8,64.2
ATK,140062,2015-11-17,3:42 PM,Obstruction,0,TACOMA,WA,40,2,Day,Clear,Main,Passenger Train - Pulling,69,30629,0,30629,M404,47.23598,-122.395747,41.6,51.3,44.6
UP,1023SX018,2023-10-16,3:50 AM,Other impacts,0,SAN ANTONIO,TX,59,4,Dark,Clear,Yard,Freight Train,0,7496,0,14853,H702,29.361262,-98.569681,68.6,63.8,62.1
UP,0119TO012,2019-01-09,9:26 AM,Obstruction,0,AUBREY,TX,52,2,Day,Clear,Main,Freight Train,28,78493,217818,296311,M404,33.296422,-96.98891,52.4,45.4,44
BNSF,RD0324111,2024-03-11,12:25 AM,Derailment,0,FORT WORTH,TX,60,4,Dark,Clear,Main,Yard/switching,4,135871,138013,273884,H702,32.812352,-97.32109,50.8,57.4,63.4
CSX,000153804,2015-10-30,7:24 PM,Side collision,0,COVINGTON,VA,43,4,Dark,Clear,Yard,Cut of cars,7,14672,0,219470,H306,37.786656,-79.992132,54.5,42.7,41.6
UP,1022GC013,2022-10-15,7:00 PM,Other impacts,0,BEAUMONT,TX,77,3,Dusk,Clear,Yard,Single Car,5,33343,0,33666,M411,30.072277,-94.152902,71,73.9,76.4
UP,0522RM022,2022-05-22,8:00 AM,Derailment,0,MIDVALE,UT,45,2,Day,Cloudy,Siding,Freight Train,2,67502,40290,107792,H503,40.611303,-111.906671,50.5,55.1,51.6
UP,0817UT004,2017-08-06,2:30 AM,Other impacts,0,SALT LAKE CITY,UT,90,4,Dark,Clear,Yard,Yard/switching,4,4141,1600,12301,H312,40.71443,-111.908441,84.7,79.9,78.5
RLAX,102323,2023-10-23,11:50 PM,Derailment,0,BAYTOWN,TX,54,4,Dark,Clear,Yard,Yard/switching,2,11500,0,11500,H602,29.776128,-94.892238,77.6,78.2,78.7
BNSF,NW0218103,2018-02-07,12:30 AM,Derailment,0,PASCO,WA,48,4,Dark,Cloudy,Yard,Yard/switching,5,24740,15000,39740,M101,46.26771,-119.09674,43.7,49,56.8
UP,1123TO018,2023-11-10,3:45 AM,Other impacts,0,FORT WORTH,TX,52,4,Dark,Rain,Yard,Yard/switching,0,51796,0,53316,S007,32.724981,-97.372579,59.2,53.6,58.4
UP,0821HO007,2021-08-07,11:50 PM,Hwy-rail crossing,0,HOUSTON,TX,83,4,Dark,Cloudy,Main,Freight Train,14,120,18200,18320,M308,29.783457,-95.348729,81.4,84,85.1
BNSF,RD1023101,2023-10-01,2:26 AM,Other impacts,0,POST,TX,79,4,Dark,Clear,Main,Yard/switching,5,545426,1000178,2513736,H310,33.285503,-101.479555,78.4,75.9,74.8
UP,0323SX004,2023-03-05,10:30 PM,Other impacts,0,SAN ANTONIO,TX,67,4,Dark,Clear,Yard,Single Car,0,39351,0,50838,H602,29.375918,-98.55665,64.2,65.3,71.2
BNSF,RD0217109,2017-02-14,3:59 AM,Derailment,0,DAYTON,TX,65,4,Dark,Cloudy,Yard,Freight Train,9,8890,4500,13390,H019,30.012222,-94.903109,68.5,60.4,52.3
UP,0623SX004,2023-06-06,6:20 PM,Derailment,0,UVALDE,TX,89,3,Dusk,Clear,Industry,Yard/switching,5,12272,0,12272,M501,29.239752,-99.834148,74.9,75,77.4
BNSF,NW0115102,2015-01-10,9:50 AM,Rear end collision,0,RICHMOND BEACH,WA,46,2,Day,Cloudy,Main,Maint./inspect Car,5,35000,0,36000,H402,47.730866,-122.373347,42.9,44.4,46.5
UP,0423TO014,2023-04-07,5:22 PM,Other impacts,0,FORT WORTH,TX,61,2,Day,Clear,Yard,Yard/switching,8,965,40900,42269,M411,32.730168,-97.363121,53,56.7,61.4
CSX,000218422,2024-05-30,11:55 PM,Other impacts,0,CLIFTON FORGE,VA,49,4,Dark,Clear,Yard,Cut of cars,4,49000,0,52000,H309,37.811388,-79.835301,58.9,57.4,57.7
NS,131653,2018-11-13,1:44 PM,Derailment,1,PETERSBURG,VA,52,2,Day,Cloudy,Main,Freight Train,56,1431375,1780310,3211685,E71L,37.188063,-77.441808,40.6,48.2,42.3
UP,0918LV002,2018-09-04,10:28 PM,Other impacts,0,BEAUMONT,TX,84,4,Dark,Cloudy,Yard,Cut of cars,2,11546,0,11761,M411,30.072281,-94.150844,76.4,80.2,82.4
DGNO,TNE921822,2022-02-22,5:27 PM,Derailment,0,DENISON,TX,42,2,Day,Clear,Yard,Freight Train,10,417033,141547,558580,T220,33.758132,-96.559804,64.7,44.3,23.2
UP,0221SX021,2021-02-21,9:03 AM,Derailment,0,VON ORMY,TX,63,2,Day,Clear,Main,,0,0,5312,114482,H318,29.325473,-98.632151,46.1,57.7,60.5
UP,0418FW020,2018-04-14,2:42 PM,Hwy-rail crossing,0,MONAHANS,TX,72,2,Day,Clear,Main,Freight Train,67,65763,19768,85531,M304,31.588462,-102.917274,70.4,53.2,59
UP,0619GC010,2019-06-09,1:44 PM,Derailment,0,HOUSTON,TX,97,2,Day,Clear,Yard,Yard/switching,4,15385,99,15484,H703,29.793572,-95.294175,87,88.5,84.9
UP,0322HO002,2022-03-02,2:04 AM,Derailment,0,HOUSTON,TX,55,4,Dark,Cloudy,Yard,Yard/switching,5,2242,16170,18412,H702,29.771274,-95.291148,57.4,60.5,63.8
NS,151195,2022-10-18,3:30 AM,Derailment,0,NORFOLK,VA,56,4,Dark,Cloudy,Yard,Freight Train,5,129736,6447,136183,H702,36.873608,-76.301108,65.2,55.3,50.5
BNSF,RD1120111,2020-11-16,5:35 PM,Derailment,0,VON ORMY,TX,68,3,Dusk,Clear,Yard,Freight Train,2,94890,0,94890,H318,29.325184,-98.633667,66.5,59.2,58.6
UP,1221TO020,2021-12-14,10:35 AM,Other impacts,0,DALLAS,TX,62,2,Day,Fog,Yard,Cut of cars,2,9792,0,75457,H020,32.714821,-96.750628,52.9,62.5,72.7
BNSF,RD0521115,2021-05-15,3:00 AM,Side collision,0,HOUSTON,TX,85,4,Dark,Clear,Yard,Freight Train,0,33750,0,79800,H307,29.760882,-95.293434,72.5,73.3,73.1
NS,137790,2020-04-22,7:15 PM,Derailment,0,ROANOKE,VA,70,3,Dusk,Clear,Yard,Yard/switching,5,10525,2295,12820,H504,37.277024,-79.965102,59.3,55.2,53
UP,1223TO017,2023-12-17,9:51 AM,Hwy-rail crossing,0,ALEDO,TX,60,2,Day,Clear,Main,Freight Train,48,829588,222214,1051802,M303,32.718304,-97.673586,46.9,50.4,50.7
UP,0722TO044,2022-07-20,6:51 PM,Derailment,0,DALLAS,TX,107,3,Dusk,Clear,Main,Freight Train,9,0,21550,36550,M404,32.771906,-96.804213,94.8,93.9,92.5
UP,0623HO013,2023-06-10,2:45 AM,Derailment,0,DAYTON,TX,77,4,Dark,Clear,Siding,Freight Train,5,19601,4640,24241,H702,29.928062,-94.914827,79.7,82.3,81.4
BNSF,RD0519106,2019-05-04,5:01 PM,Side collision,0,DAYTON,TX,62,3,Dusk,Clear,Yard,Yard/switching,8,20750,0,41295,H318,29.994236,-94.907496,72.5,74.4,73.3
UP,0420TO004,2020-04-03,12:25 AM,Other impacts,0,BIG SPRING,TX,64,4,Dark,Clear,Yard,Yard/switching,10,85224,2443,114754,H018,32.25759,-101.47209,71,49.7,42.5
BNSF,KS0820115,2020-08-29,8:46 PM,Obstruction,0,AMARILLO,TX,64,3,Dusk,Rain,Main,Cut of cars,0,260806,0,262306,M105,35.226757,-101.738966,87.4,77.1,76.9
UP,0220SX017,2020-02-21,5:30 AM,Derailment,0,SPOFFORD,TX,42,1,Dawn,Cloudy,Main,Freight Train,29,33646,416912,450558,E61C,29.151958,-100.381929,51.7,47.9,54.2
BNSF,KS1221107,2021-12-07,7:46 AM,Derailment,0,AMARILLO,TX,40,1,Dawn,Clear,Yard,Yard/switching,4,6070,26000,32070,E07C,35.212027,-101.821087,32.7,40.7,46.7
UP,0421TO012,2021-04-21,9:16 PM,Derailment,0,FORT WORTH,TX,59,4,Dark,Cloudy,Yard,Freight Train,5,23453,35695,59148,H518,32.729757,-97.364621,53.3,49.6,57.6
UP,0720HO006,2020-07-11,10:50 AM,Derailment,0,BAYTOWN,TX,87,2,Day,Clear,Yard,Yard/switching,6,20213,8700,28913,H607,29.762173,-94.895962,87.1,87.7,86.3
TRE,20016,2021-05-17,5:20 PM,Hwy-rail crossing,0,IRVING,TX,79,2,Day,Clear,Main,Commuter Train - Pulling,54,14000,10000,24000,M303,32.81521,-96.9598,71.4,72.9,68.1
BNSF,RD0222118,2022-02-22,1:05 AM,Head on collision,0,DAYTON,TX,73,4,Dark,Clear,Yard,Yard/switching,8,300000,0,350000,H607,30.013433,-94.902589,72.4,73.3,49.7
UP,0618FW034,2018-06-05,9:00 AM,Other (describe in narrative),0,BELLMEAD,TX,80,2,Day,Clear,Yard,Freight Train,0,47638,0,47638,H312,31.578822,-97.102968,82.3,86.8,87.7
UP,0323TO008,2023-03-04,5:25 PM,Other impacts,0,FORT WORTH,TX,74,2,Day,Clear,Yard,Single Car,0,7848,0,146922,S016,32.721664,-97.381893,53.6,60.3,65.1
UP,0624HO017,2024-06-13,11:00 AM,Other impacts,0,HOUSTON,TX,87,2,Day,Cloudy,Yard,Yard/switching,2,45627,0,45627,M411,29.825166,-95.288278,80.7,84.5,86.4
BNSF,KS0824126,2024-08-30,2:58 AM,Derailment,0,AMARILLO,TX,60,4,Dark,Rain,Yard,Yard/switching,5,20826,3500,24326,H303,35.212697,-101.830195,78.4,73.5,74.2
UP,0620ES060,2020-06-25,1:30 PM,Obstruction,0,HOUSTON,TX,77,2,Day,Clear,Main,Spec. MoW Equip.,8,14424,0,14424,H993,29.768654,-95.344739,77.9,78.1,80.7
UP,1119TO009,2019-11-11,10:43 PM,Derailment,0,TYLER,TX,34,4,Dark,Clear,Industry,Freight Train,5,21827,7179,29006,M101,32.321378,-95.381064,58.3,52.9,31.3
BNSF,RD0923125,2023-09-15,12:38 AM,Derailment,0,HOUSTON,TX,82,4,Dark,Rain,Yard,Freight Train,8,128939,4090,133029,H307,29.91385,-95.508364,79.1,78,78.1
UP,0722TO040,2022-07-18,11:15 PM,Obstruction,0,GRAND PRAIRIE,TX,95,4,Dark,Clear,Yard,Freight Train,7,0,18000,18000,M404,32.779328,-97.054299,92.5,95,94.9
UP,0519RM017,2019-05-17,3:50 AM,Derailment,0,OGDEN,UT,46,4,Dark,Cloudy,Yard,Yard/switching,4,4424,13876,18300,H702,41.212579,-111.983824,65,45.7,46.3
UP,1222RM021,2022-12-20,10:05 AM,Other impacts,0,OGDEN,UT,26,2,Day,Cloudy,Main,Freight Train,5,286408,0,299666,E04L,41.23345,-111.987805,19.8,28.5,36.5
UP,0323ES054,2023-03-25,2:40 PM,Obstruction,0,SALT LAKE CITY,UT,33,2,Day,Clear,Main,Spec. MoW Equip.,6,9000,0,14000,H995,40.709375,-111.907423,35.2,32.5,28.8
KCS,21072002,2021-07-20,8:55 AM,Derailment,0,LAREDO,TX,90,2,Day,Clear,Yard,Yard/switching,2,24746,3385,28131,H607,27.499015,-99.392066,87.8,84.7,82.3
BNSF,KS0219104,2019-02-10,9:00 PM,Derailment,0,AMARILLO,TX,50,4,Dark,Clear,Yard,Yard/switching,5,17975,0,17975,H307,35.212179,-101.821052,30.1,42.9,45.6
NS,138157,2020-06-06,1:25 AM,Other (describe in narrative),0,SALEM,VA,70,4,Dark,Clear,Yard,Yard/switching,7,69387,32338,101725,H306,37.270744,-80.023725,75.2,78,76.9
UP,1222TO009,2022-12-06,2:48 AM,Other impacts,0,BELLMEAD,TX,63,4,Dark,Clear,Yard,Cut of cars,5,0,0,32328,H601,31.584485,-97.098114,64.9,68.7,71.4
CWA,17122801,2017-12-28,10:30 AM,Derailment,0,YAKIMA,WA,28,2,Day,Cloudy,Yard,Yard/switching,5,10805,0,10805,E04C,46.582081,-120.500527,26.7,28.3,32.5
CSX,000208980,2022-12-21,9:11 PM,Fire/violent rupture,0,HAYSI,VA,25,4,Dark,Cloudy,Main,Freight Train,20,30237,0,30237,E74L,37.205886,-82.297492,37,38.2,40.2
BNSF,NW0724111,2024-07-13,10:50 PM,Derailment,0,KENT,WA,75,4,Dark,Clear,Yard,Freight Train,4,24299,6712,31011,H523,47.435072,-122.240084,70.5,74.4,72.9
BNSF,KS0322202,2022-03-03,11:06 AM,Hwy-rail crossing,0,PAMPA,TX,65,2,Day,Clear,Main,Freight Train,60,5600,20927,26527,M308,35.501296,-101.032371,55.4,59.8,63.7
UP,0818UT046,2018-08-29,9:20 PM,Fire/violent rupture,0,RIVERDALE,UT,78,4,Dark,Clear,Main,Freight Train,0,135285,0,135285,E99L,41.184607,-111.989741,62.4,68.6,77
TRE,18009,2018-11-21,5:30 AM,Hwy-rail crossing,0,FORT WORTH,TX,34,4,Dark,Fog,Main,Commuter Train - Pulling,77,1544670,30000,1574670,M302,32.81082,-97.090498,46.4,47.3,52.8
UP,0724HO005,2024-07-03,3:00 PM,Other impacts,0,HOUSTON,TX,93,2,Day,Clear,Yard,Cut of cars,0,48948,0,51733,M407,29.796146,-95.294672,87.7,86.3,87.2
UP,0524TO026,2024-05-22,2:45 AM,Derailment,0,FORT WORTH,TX,78,4,Dark,Cloudy,Main,Freight Train,11,423247,72207,495454,H518,32.743528,-97.321508,80.6,78.2,77.8
DGNO,DGN476219,2019-09-04,7:00 PM,Derailment,0,SHERMAN,TX,95,2,Day,Clear,Yard,Freight Train,0,250000,16000,266000,T220,33.566819,-96.596635,84.6,84.4,83.6
UP,0621HO031,2021-06-26,4:30 AM,Other impacts,0,BAYTOWN,TX,82,1,Dawn,Fog,Industry,Freight Train,10,183808,0,188372,H008,29.776367,-94.898933,86.2,84.9,83.8
BNSF,GC0316105,2016-03-04,6:00 PM,Derailment,0,SWEETWATER,TX,60,3,Dusk,Clear,Yard,Freight Train,10,36370,2600,38970,H307,32.509123,-100.402889,60.5,60.5,62.6
CWA,17041401,2017-04-14,11:00 AM,Raking collision,0,SUNNYSIDE,WA,58,2,Day,Clear,Industry,Yard/switching,5,31659,0,31659,H018,46.301625,-120.015331,47.9,42.3,42.6
UP,0223HO021,2023-02-18,1:42 AM,Other impacts,0,HOUSTON,TX,40,4,Dark,Clear,Yard,Yard/switching,10,25022,0,25022,S007,29.796903,-95.291988,44.5,47.7,61
UP,0721TO006,2021-07-04,10:30 PM,Obstruction,0,MIDLOTHIAN,TX,75,4,Dark,Cloudy,Industry,Yard/switching,7,15524,0,15524,M404,32.51864,-97.010243,78.2,78,78.4
UP,0521RM019,2021-05-22,8:38 PM,Derailment,0,THOMPSON,UT,61,4,Dark,Cloudy,Siding,Freight Train,5,27808,21285,49093,H522,38.672588,-109.692027,68.2,61,59.2
UTAH,UTA097922R,2022-05-29,10:00 PM,Obstruction,0,PRICE,UT,45,4,Dark,Cloudy,Industry,Freight Train,3,68000,0,96334,E86C,39.596472,-110.768599,66.2,52.5,48.1
UP,0624SX023,2024-06-17,5:43 AM,Derailment,0,BRACKETTVILLE,TX,81,1,Dawn,Clear,Yard,Yard/switching,6,18602,1830,20432,H505,29.135879,-100.400282,91,90.6,88.5
UP,0618SA028,2018-06-27,8:00 PM,Derailment,0,LAREDO,TX,100,2,Day,Clear,Yard,Yard/switching,4,33796,213072,246868,E40C,27.674084,-99.467699,88.5,89.2,89
UP,0822TO024,2022-08-23,2:30 PM,Derailment,0,ENNIS,TX,79,2,Day,Cloudy,Yard,Yard/switching,9,1055,30602,31657,H702,32.335957,-96.632248,74.6,76.5,78.6
UTAX,6142023,2023-06-14,1:40 PM,Hwy-rail crossing,0,SALT LAKE CITY,UT,76,2,Day,Cloudy,Main,EMU,50,50000,50000,100000,M302,40.73351,-111.896824,68.4,70.2,65.5
UP,0719ES088,2019-07-30,1:30 PM,Obstruction,0,WILLARD,UT,88,2,Day,Clear,Main,Spec. MoW Equip.,5,11857,0,11857,H995,41.29923,-113.482384,79.9,80.8,77.3
NS,136713,2020-01-02,10:30 PM,Other (describe in narrative),0,NORFOLK,VA,35,4,Dark,Clear,Yard,Cut of cars,2,72517,0,72517,M599,36.840938,-76.275176,47.4,49.6,54.4
PTRA,PTRA00014F,2023-02-27,5:25 PM,Other (describe in narrative),0,HOUSTON,TX,80,2,Day,Clear,Yard,Yard/switching,8,16700,0,16700,H601,29.715166,-95.262868,73.3,74.4,72.8
UP,0922TO027,2022-09-30,6:55 AM,Hwy-rail crossing,0,PECOS,TX,59,1,Dawn,Clear,Main,Freight Train,60,19938,21943,41881,M302,31.44313,-103.445948,71.3,72.4,73.5
UTAX,05112021,2021-05-11,5:12 PM,Fire/violent rupture,0,SOUTH SALT LAKE,UT,58,2,Day,Clear,Main,EMU,0,50000,0,50000,E53C,40.724204,-111.896832,52.1,52.5,59.6
BNSF,RD0618121,2018-06-27,10:48 AM,Side collision,0,JUSTIN,TX,92,2,Day,Clear,Yard,Yard/switching,6,68563,0,482768,H318,33.006117,-97.354785,88.2,90,89.7
UP,0123HO038,2023-01-27,5:06 PM,Other (describe in narrative),0,LA PORTE,TX,55,2,Day,Cloudy,Yard,Freight Train,4,35604,0,35604,M501,29.684964,-95.039684,47.9,51.1,65.1
BNSF,KS1218115,2018-12-15,1:00 AM,Other (describe in narrative),0,AMARILLO,TX,30,4,Dark,Clear,Yard,Yard/switching,10,0,27828,27828,M409,35.201736,-101.828231,34.7,43.2,46.4
AWRR,220408005,2022-04-08,4:35 AM,Derailment,0,MANOR,TX,80,1,Dawn,Clear,Main,Freight Train,10,154000,65000,219000,T222,30.343269,-97.548469,63.2,62.4,65.8
NS,128133,2018-01-15,8:25 AM,Derailment,0,EGGLESTON,VA,35,2,Day,Clear,Main,Freight Train,25,88338,32033,120371,E06C,37.275157,-80.612331,17.9,22.2,30.5
UP,0622SX027,2022-06-27,7:00 AM,Other (describe in narrative),0,SAN ANTONIO,TX,76,2,Day,Clear,Yard,Single Car,0,12020,66,12086,H312,29.434853,-98.462998,87.3,84.7,78.3
UP,0522HO027,2022-05-23,9:49 AM,Derailment,0,HOUSTON,TX,73,2,Day,Cloudy,Yard,Yard/switching,1,42540,129500,172040,H305,29.793131,-95.293893,76.8,74.5,75.3
FWWR,15121501,2015-12-15,1:00 PM,Raking collision,0,FORT WORTH,TX,65,2,Day,Clear,Yard,Yard/switching,4,95640,0,95640,H301,32.73881,-97.33379,56.7,60.1,50.1
PTRA,2022000048,2022-10-10,8:30 PM,Side collision,0,HOUSTON,TX,82,4,Dark,Clear,Industry,Freight Train,5,13100,0,13100,H302,29.759959,-95.173675,75.2,75,75.3
UP,0821SX021,2021-08-17,1:45 AM,Derailment,0,SAN ANTONIO,TX,79,4,Dark,Clear,Yard,Yard/switching,7,272,60099,60371,H702,29.382914,-98.542362,82.7,84.4,86.8
BNSF,RD1019203,2019-10-19,1:49 PM,Hwy-rail crossing,0,FARWELL,TX,77,2,Day,Clear,Main,Freight Train,49,11200,500,11700,M302,34.34575,-102.938744,61.8,55.3,57.5
UP,0517HO019,2017-05-09,10:00 AM,Fire/violent rupture,0,PALESTINE,TX,76,2,Day,Clear,Main,Freight Train,25,59718,0,59718,E73L,31.721389,-95.611346,71.6,72.6,74.1
NS,118466,2015-12-04,3:20 PM,Obstruction,0,STANLEYTOWN,VA,50,2,Day,Clear,Main,Spec. MoW Equip.,15,12000,0,24000,H997,36.734272,-79.949781,42.5,35.6,35.7
UP,1121SX016,2021-11-16,7:03 AM,Hwy-rail crossing,0,LAUGHLIN AFB,TX,63,1,Dawn,Clear,Main,Freight Train,54,14915,15344,30259,M304,29.364134,-100.80425,64.9,68,67.4
PTRA,2018000034,2018-09-08,2:45 AM,Derailment,0,HOUSTON,TX,80,4,Dark,Clear,Yard,Yard/switching,6,9500,10000,19500,H318,29.761067,-95.294115,83.2,84.2,79
UP,0224TO030,2024-02-19,5:51 PM,Derailment,0,GORDON,TX,71,2,Day,Clear,Main,Freight Train,34,405,526620,527025,M201,32.548631,-98.378709,39.5,51.7,61.9
UP,0121HO011,2021-01-10,8:45 PM,Derailment,0,DAYTON,TX,35,4,Dark,Sleet,Industry,Freight Train,3,26874,48361,75235,H607,29.997021,-94.906362,43.3,38.7,37.5
UP,1122TO001,2022-11-02,7:50 AM,Fire/violent rupture,0,TRENT,TX,58,2,Day,Clear,Main,Freight Train,40,0,0,0,E73L,32.503908,-100.180297,62.7,64.1,70.5
BNSF,KS0919103,2019-09-03,9:36 PM,Side collision,0,AMARILLO,TX,73,4,Dark,Clear,Yard,Yard/switching,10,70000,21000,290731,H607,35.200816,-101.828647,78.9,79.9,78.1
UP,1120GC001,2020-11-02,9:02 AM,Derailment,0,BEAUMONT,TX,58,2,Day,Cloudy,Yard,Freight Train,5,47471,6935,54406,M409,30.072154,-94.157116,61.7,57.5,56.5
UP,0523HO036,2023-05-27,4:15 PM,Derailment,0,HOUSTON,TX,90,2,Day,Clear,Yard,Yard/switching,4,10800,2599,13399,M407,29.794173,-95.298793,80.4,80.2,79.4
UP,0118SA009,2018-01-17,3:30 AM,Derailment,0,SAN ANTONIO,TX,25,4,Dark,Cloudy,Main,Freight Train,5,12225,3365,15590,M299,29.394801,-98.487744,31.9,31.6,39.8
UP,0318FW014,2018-03-06,5:19 PM,Hwy-rail crossing,0,MONAHANS,TX,65,2,Day,Clear,Main,Freight Train,55,56485,250,56735,M304,31.588462,-102.917274,56.8,50.2,49.5
UP,0315UT011,2015-03-09,11:40 AM,Derailment,0,SALT LAKE CITY,UT,58,2,Day,Clear,Yard,Yard/switching,5,101571,29900,131471,E66C,41.244237,-112.252652,45.8,45.7,48.7
NS,118466,2015-12-04,3:20 PM,Obstruction,0,STANLEYTOWN,VA,50,2,Day,Clear,Main,Spec. MoW Equip.,2,12000,0,24000,H997,36.734272,-79.949781,42.5,35.6,35.7