reportingrailroadcode,accidentnumber,date,time,accidenttype,hazmatreleasedcars,station,stateabbr,temperature,visibility_code,visibility,weathercondition,tracktype,equipmenttype,trainspeed,equipmentdamagecost,trackdamagecost,totaldamagecost,primaryaccidentcausecode,latitude,longitude,prior_temp,actual_temp,following_temp
NS,140889,2021-03-11,6:30 AM,Derailment,0,MARTINSVILLE,VA,58,1,Dawn,Clear,Main,Freight Train,7,194595,1811,196406,H504,36.679261,-79.88712,51.9,61.6,62.4
UP,0118HO013,2018-01-13,11:08 AM,Other impacts,0,HOUSTON,TX,50,2,Day,Clear,Yard,Yard/switching,8,50421,0,53253,H607,29.809692,-95.288721,40.2,41.6,43.5
UP,0320TO007,2020-03-05,9:10 PM,Other (describe in narrative),0,GRAND PRAIRIE,TX,63,4,Dark,Clear,Main,Freight Train,16,14787,0,14787,M507,32.738847,-97.041399,55.7,58.3,55.5
NS,144557,2022-03-02,3:30 AM,Other impacts,0,ROANOKE,VA,51,4,Dark,Cloudy,Yard,Single Car,4,51563,2977,207000,H318,37.277109,-79.982323,49.4,58.7,61.3
BNSF,RD1019108,2019-10-18,2:58 AM,Derailment,0,SLATON,TX,61,4,Dark,Clear,Yard,Yard/switching,1,11410,1500,12910,H318,33.44831,-101.6479,60.8,68,61.6
UP,0520ST016,2020-05-30,7:00 AM,Other impacts,0,EL PASO,TX,72,2,Day,Clear,Yard,Yard/switching,4,6666,1000,14209,H306,31.742197,-106.375514,82.7,82.3,80.8
BNSF,RD0723119,2023-07-21,4:45 PM,Derailment,0,HOUSTON,TX,103,2,Day,Clear,Yard,Yard/switching,5,4459,8577,13036,H306,29.913581,-95.497292,86.7,86.8,88.5
PTRA,PTRA00045F,2024-03-27,8:50 PM,Side collision,0,HOUSTON,TX,58,4,Dark,Clear,Yard,Freight Train,7,103850,0,103850,H318,29.760632,-95.293751,62.3,59.5,63.8
BNSF,KS0217111,2017-02-25,4:00 AM,Other (describe in narrative),0,AMARILLO,TX,27,1,Dawn,Clear,Yard,Yard/switching,4,23200,20000,43200,H607,35.204914,-101.825448,34.3,34.7,44.6
UP,0719TO020,2019-07-14,5:20 AM,Other impacts,0,FORT WORTH,TX,80,1,Dawn,Clear,Yard,Yard/switching,4,2572,0,66330,M411,32.72282,-97.378365,83.7,82.1,82.8
UP,0119SX014,2019-01-16,1:37 PM,Hwy-rail crossing,0,PLEASANTON,TX,54,2,Day,Cloudy,Main,Freight Train,51,16254,132,16386,M304,29.003234,-98.478363,47.7,52.8,56.2
FWWR,18062601,2018-06-26,6:00 AM,Side collision,0,FORT WORTH,TX,78,4,Dark,Clear,Yard,Yard/switching,9,40910,0,40910,H302,32.716498,-97.344831,85.3,87.8,89.6
UP,0724TO017,2024-07-14,5:25 AM,Obstruction,0,FORT WORTH,TX,78,1,Dawn,Clear,Yard,Cut of cars,0,32252,0,183090,M404,32.723183,-97.375933,84.5,87.3,88.8
BNSF,RD0421201,2021-04-02,3:15 PM,Hwy-rail crossing,0,ORANGE,TX,65,2,Day,Clear,Main,Freight Train,25,422,0,25572,M308,30.110682,-93.743902,58.6,53.2,55.9
UP,0919RM008,2019-09-07,5:11 AM,Fire/violent rupture,0,HENEFER,UT,52,1,Dawn,Clear,Main,Freight Train,0,27334,0,27334,E99L,41.135572,-111.165373,73.2,71.8,67.8
UP,1222TO038,2022-12-31,5:22 AM,Other impacts,0,FORT WORTH,TX,49,1,Dawn,Clear,Yard,Single Car,0,0,0,24122,M411,32.731178,-97.361854,53.6,58.3,64.1
UP,0424TO020,2024-04-19,6:45 PM,Other impacts,0,MIDLAND,TX,64,3,Dusk,Cloudy,Yard,Single Car,5,925,0,16573,H302,31.955562,-102.151687,73.7,57.8,50.8
UP,0720GC020,2020-07-15,10:30 AM,Hwy-rail crossing,0,ANGLETON,TX,89,2,Day,Clear,Main,Freight Train,30,11651,415,12066,M303,29.172428,-95.410587,84.2,85,84.6
ATK,144407,2016-09-26,12:52 AM,Derailment,0,SEATTLE,WA,56,4,Dark,Clear,Yard,Yard/switching,5,59917,3500,63417,H702,47.59604,-122.329665,65.7,65.4,63.7
BNSF,RD0821107,2021-08-09,12:25 PM,Side collision,0,DAYTON,TX,90,2,Day,Clear,Yard,Light loco(s),0,20000,0,34700,H318,30.014036,-94.902191,84.8,85.6,84.7
UP,0422HO013,2022-04-20,7:16 AM,Hwy-rail crossing,0,HOCKLEY,TX,70,1,Dawn,Clear,Main,Freight Train,36,10429,28955,39384,M304,30.015542,-95.815208,67.2,76.1,77.3
BNSF,NW0916202,2016-09-29,8:13 PM,Hwy-rail crossing,0,MOUNT VERNON,WA,58,3,Dusk,Cloudy,Main,,0,0,0,10796,M302,48.335589,-122.340972,55.3,51.5,51.4
BNSF,RD0818103,2018-08-02,6:10 PM,Derailment,0,SAGINAW,TX,90,3,Dusk,Clear,Yard,Yard/switching,9,77212,0,77212,H307,32.840438,-97.359434,80.8,84,86
BNSF,RD0819112,2019-08-09,8:40 AM,Other impacts,0,DAYTON,TX,90,1,Dawn,Clear,Yard,Yard/switching,10,28511,0,28511,H318,30.009128,-94.904929,85.6,86.5,85.8
NS,138770,2020-08-06,1:12 PM,Other impacts,0,NORFOLK,VA,90,2,Day,Clear,Yard,Single Car,0,15000,0,31262,H020,36.871434,-76.293489,83.4,79.7,78.2
UP,0123HO036,2023-01-31,11:20 PM,Derailment,0,HOUSTON,TX,52,4,Dark,Rain,Yard,Yard/switching,4,148958,1122,150080,M407,29.793269,-95.299199,44.4,38.3,38.1
NS,138983,2020-08-25,8:00 AM,Derailment,0,ROANOKE,VA,77,2,Day,Clear,Yard,Cut of cars,2,22070,0,22070,M599,37.277109,-79.982321,78.6,81,79.8
UP,0823TO012,2023-08-05,4:32 PM,Derailment,0,CISCO,TX,104,2,Day,Clear,Main,Freight Train,40,641575,200823,842398,E07C,32.392272,-98.972215,94.6,96.1,95.2
UP,0421HO017,2021-04-19,4:57 PM,Derailment,0,HOUSTON,TX,72,2,Day,Cloudy,Yard,Yard/switching,10,110403,25304,135707,M401,29.796942,-95.291708,57.7,63,68.3
UP,0622HO012,2022-06-09,2:40 AM,Derailment,0,LA PORTE,TX,79,4,Dark,Clear,Siding,Freight Train,6,166590,8650,175240,H303,29.702388,-95.088444,85.3,85.7,85.8
BNSF,KS1023114,2023-10-27,10:05 AM,Derailment,0,PANHANDLE,TX,65,2,Day,Clear,Yard,Freight Train,8,13388,0,13388,H307,35.332406,-101.402298,68.4,49.7,40.8
UP,1018LV015,2018-10-09,11:45 AM,Other impacts,0,BEAUMONT,TX,78,2,Day,Cloudy,Yard,Freight Train,10,111498,4628,159454,H702,30.07211,-94.157441,81.1,79.8,75.8
UP,0319MA050,2019-03-31,7:19 PM,Other impacts,0,LONGVIEW,TX,54,3,Dusk,Cloudy,Yard,Yard/switching,8,73127,1164,720280,H309,32.493324,-94.734123,59,48.2,42.2
UP,0122HO013,2022-01-05,4:45 PM,Other (describe in narrative),0,BAYTOWN,TX,73,2,Day,Cloudy,Yard,,0,0,18000,18000,H307,29.776799,-94.899071,54,64.8,63.3
UP,1022SX021,2022-10-23,9:05 AM,Other impacts,0,SAN ANTONIO,TX,68,2,Day,Clear,Yard,Single Car,0,270,0,69895,H302,29.379064,-98.55544,72.9,76,79.1
ATK,139478,2015-10-05,10:04 AM,Derailment,0,NORTHFIELD,VT,45,2,Day,Clear,Main,Passenger Train - Pulling,59,4148125,0,4329857,M101,44.112841,-72.676234,42.3,43.9,48.8
UP,0717PD008,2017-07-10,12:31 AM,Derailment,0,KENNEWICK,WA,60,4,Dark,Clear,Yard,,0,0,107233,217628,M507,46.213731,-119.13597,81.1,77.9,74.5
UP,1120GC037,2020-11-24,1:40 PM,Fire/violent rupture,0,BEAUMONT,TX,76,2,Day,Cloudy,Industry,Freight Train,7,14686,150,14836,M406,30.073926,-94.111128,62.7,68.3,68
UP,0723ES014,2023-07-12,3:30 AM,Derailment,0,CHINA,TX,90,4,Dark,Clear,Main,Spec. MoW Equip.,10,128147,282,128429,E29C,30.048487,-94.33194,87.3,87.1,87.6
BNSF,NW0617103,2017-06-02,1:18 AM,Derailment,0,KALAMA,WA,55,4,Dark,Cloudy,Yard,Freight Train,5,58893,0,58893,H307,46.015653,-122.850092,60.9,62.2,59.3
UP,0522SX002,2022-05-03,7:35 PM,Derailment,0,LAREDO,TX,93,3,Dusk,Clear,Yard,Yard/switching,3,3100,9000,12100,M203,27.665304,-99.437332,84.1,84.4,84
UP,0122HO021,2022-01-18,7:30 AM,Other impacts,0,LA PORTE,TX,54,1,Dawn,Clear,Yard,Yard/switching,2,11386,898,30397,S007,29.686096,-95.038701,53.5,62,69.5
UP,1223HO037,2023-12-23,3:30 PM,Other impacts,0,LA PORTE,TX,55,2,Day,Clear,Yard,Yard/switching,4,1242,0,13139,S016,29.683788,-95.038831,64.5,67.3,64.3
UFRC,0104171,2017-01-04,8:27 PM,Obstruction,0,NORTH SALT LAKE,UT,28,4,Dark,Snow,Main,Commuter Train - Pushing,61,15000,0,15000,M402,40.856569,-111.911891,23.4,31,12.8
ATK,149121,2017-08-22,11:25 PM,Hwy-rail crossing,0,AMHERST,VA,82,4,Dark,Clear,Main,Passenger Train - Pulling,65,3009,0,35593,M302,37.5777,-79.048799,78,79.7,78.3
UP,0422SX009,2022-04-13,2:35 AM,Derailment,0,SAN ANTONIO,TX,74,4,Dark,Cloudy,Yard,Yard/switching,6,20026,300,20326,H305,29.435079,-98.451061,81.3,83.2,74.2
KCS,21051101,2021-05-11,3:10 AM,Obstruction,0,CASON,TX,55,4,Dark,Rain,Main,Freight Train,38,27419,640,28059,M404,33.02959,-94.779427,61.9,57.8,57.4
UP,0617HO024,2017-06-12,10:36 AM,Other impacts,0,HOUSTON,TX,85,2,Day,Clear,Yard,Single Car,0,1182,0,13957,S016,29.79544,-95.29432,81.6,83,82.7
UP,0519SX015,2019-05-18,7:55 AM,Derailment,0,SAN ANTONIO,TX,75,2,Day,Rain,Yard,Yard/switching,3,302710,93934,396644,H503,29.366166,-98.565613,79.3,79.3,81.5
BNSF,RD0624132,2024-06-30,9:16 AM,Derailment,0,DAYTON,TX,85,2,Day,Clear,Yard,Yard/switching,8,11624,10500,22124,H703,30.013368,-94.902314,87.4,86.3,86.3
NECR,NEC339723G,2023-02-27,11:35 AM,Hwy-rail crossing,0,SHARON,VT,30,2,Day,Clear,Main,,0,0,0,63347,M302,43.743256,-72.440037,11.9,21.7,28.3
BNSF,RD1020105,2020-10-09,2:40 AM,Derailment,0,VON ORMY,TX,80,4,Dark,Clear,Yard,Freight Train,2,15608,21994,37602,H702,29.325185,-98.633679,74,80,79.9
BNSF,NW0717113,2017-07-12,10:00 PM,Derailment,0,SPOKANE,WA,63,4,Dark,Clear,Yard,Freight Train,5,8073,27000,35073,H505,47.667899,-117.344524,71,73.8,74.8
UP,0520HO016,2020-05-22,5:00 PM,Raking collision,0,HOUSTON,TX,91,2,Day,Clear,Yard,Light loco(s),4,100,0,199657,H008,29.790912,-95.307439,82.1,83.1,84.1
NS,143069,2021-10-05,4:32 PM,Obstruction,0,SALEM,VA,80,3,Dusk,Clear,Yard,Spec. MoW Equip.,0,10000,36710,59976,H306,37.271994,-80.014903,70.3,69.8,70
NS,146308,2022-08-28,4:50 PM,Other impacts,0,ROANOKE,VA,85,3,Dusk,Clear,Yard,Cut of cars,4,980,6817,20851,H317,37.277024,-79.965086,77.3,78.8,79.3
NS,122574,2016-10-28,7:45 AM,Derailment,0,NORFOLK,VA,58,1,Dawn,Clear,Yard,Single Car,3,16371,7000,23371,H313,36.877728,-76.326311,62.1,61.3,59.4
NS,156638,2024-05-08,2:12 PM,Derailment,0,NORFOLK,VA,75,2,Day,Clear,Yard,Yard/switching,4,88260,9400,97660,M599,36.87387,-76.302021,72.8,80.1,75.4
UP,0321HO024,2021-03-12,4:15 AM,Other (describe in narrative),0,PASADENA,TX,68,4,Dark,Cloudy,Yard,Light loco(s),7,0,0,74668,H607,29.716029,-95.228025,72.2,73.3,71.8
CWRY,CWR206718,2018-05-07,2:49 PM,Derailment,0,SUFFOLK,VA,64,2,Day,Clear,Main,Freight Train,22,190000,162170,352170,T221,36.823725,-76.468283,67.9,61.2,58.4
UP,1222HL004,2022-12-04,11:00 AM,Derailment,0,DALHART,TX,54,2,Day,Clear,Yard,Freight Train,0,836,0,444707,H523,36.080031,-102.499355,34,47.9,54.8
UP,0423TO013,2023-04-08,5:45 PM,Derailment,0,ARLINGTON,TX,72,2,Day,Clear,Yard,Light loco(s),5,560,19889,20449,H702,32.741797,-97.060202,57,61.3,62.2
UP,1115UT012,2015-11-19,11:50 AM,Derailment,0,MILFORD,UT,35,2,Day,Clear,Yard,Yard/switching,5,4228,12500,16728,H303,38.395513,-113.009278,24.2,28.8,35.8
UP,1120HO028,2020-11-25,5:02 PM,Hwy-rail crossing,0,HOUSTON,TX,69,3,Dusk,Clear,Main,,0,0,550,20677,M304,29.8682,-95.12819,70.8,68.1,65.9
UP,0319MA036,2019-03-22,6:54 PM,Derailment,0,BIG SANDY,TX,74,3,Dusk,Clear,Main,Freight Train,11,683240,169844,853084,E29C,32.593549,-95.094748,56.8,58.6,62.9
BNSF,RD0623138,2023-06-29,11:00 AM,Derailment,0,SLATON,TX,92,2,Day,Clear,Yard,Yard/switching,9,4500,97352,101852,M505,33.448474,-101.648137,92.9,88.1,77.2
PTRA,2020000003,2020-02-17,7:00 PM,Derailment,0,DEER PARK,TX,65,4,Dark,Cloudy,Industry,Freight Train,8,40000,1500,41500,H702,29.720612,-95.141468,64.5,69.6,72.2
CSX,000204390,2022-04-20,10:28 AM,Obstruction,0,MADISON HEIGHTS,VA,53,2,Day,Clear,Main,Maint./inspect Car,0,6856,0,17449,H993,37.424681,-79.044392,45.4,49,57.6
UP,0123RM001,2023-01-01,5:46 PM,Obstruction,0,COALVILLE,UT,30,2,Day,Cloudy,Main,Freight Train,0,1651,5000,19632,M402,41.039178,-111.328053,37.3,30.5,27.1
BNSF,RD1122131,2022-11-30,7:25 AM,Derailment,0,AMARILLO,TX,18,1,Dawn,Clear,Main,Freight Train,15,322882,80000,402882,H306,35.195385,-101.701784,41.5,27.8,39.7
UP,0115UT005,2015-01-09,7:30 PM,Side collision,0,SALT LAKE CITY,UT,35,4,Dark,Cloudy,Yard,Light loco(s),0,80886,0,143310,H307,40.788327,-111.909914,33.7,32.7,31.6
UP,0623TO027,2023-06-26,7:25 AM,Other impacts,0,FORT WORTH,TX,81,2,Day,Clear,Yard,Light loco(s),2,50035,0,111855,H702,32.727714,-97.36616,91.4,92.6,91.9
UP,0822SX013,2022-08-10,12:30 PM,Other (describe in narrative),0,SAN ANTONIO,TX,91,2,Day,Clear,Yard,Single Car,4,35110,150,35260,H312,29.365704,-98.566079,86.4,87.8,83.7
NS,156901,2024-05-29,10:51 AM,Other (describe in narrative),0,ROANOKE,VA,70,2,Day,Clear,Yard,Single Car,1,32563,0,32563,M599,37.277109,-79.982324,72.3,69.5,67
UP,0318HO041,2018-03-26,12:30 PM,Other (describe in narrative),0,HOUSTON,TX,75,2,Day,Clear,Yard,Single Car,0,12928,0,12928,M201,29.8135,-95.287909,73.1,73.9,74.3
UP,0318FW034,2018-03-29,2:05 PM,Other impacts,0,FORT WORTH,TX,70,2,Day,Cloudy,Yard,Cut of cars,0,171,0,12519,M407,32.72093,-97.381321,59.9,60.5,60
UP,0719HO027,2019-07-21,5:55 AM,Other impacts,0,LA PORTE,TX,81,1,Dawn,Cloudy,Yard,Yard/switching,2,62446,2110,81499,S007,29.682941,-95.038828,86.8,85.2,84.2
UP,0324HO024,2024-03-19,11:02 AM,Other impacts,0,BAYTOWN,TX,59,2,Day,Clear,Yard,Yard/switching,4,2660,0,36780,H302,29.796363,-95.017317,64.4,57.4,62.4
UP,0120HO002,2020-01-08,1:00 AM,Other impacts,0,HOUSTON,TX,52,4,Dark,Clear,Yard,Light loco(s),4,9459,554,238805,H307,29.816412,-95.289858,59.3,57.9,67.9
UP,1022SX008,2022-10-12,1:15 AM,Derailment,0,MARATHON,TX,58,4,Dark,Clear,Main,Freight Train,29,234190,112715,346905,E39C,30.361331,-103.503729,62,65.7,64
UP,0122HO021,2022-01-18,7:30 AM,Other impacts,0,LA PORTE,TX,54,1,Dawn,Clear,Yard,Cut of cars,4,18113,0,30397,S007,29.686096,-95.038701,53.5,62,69.5
UP,0422ES015,2022-04-08,1:30 PM,Derailment,0,EAST CARBON,UT,59,2,Day,Clear,Industry,Maint./inspect Car,15,36198,0,36198,H997,39.534697,-110.508891,49.5,50.6,51.9
UP,1119HO020,2019-11-19,9:30 PM,Other impacts,0,DAYTON,TX,60,4,Dark,Clear,Industry,Yard/switching,2,4973,0,45123,H306,30.013532,-94.901626,56,59.8,66.8
UP,1016UT004,2016-10-10,5:54 PM,Fire/violent rupture,0,ECHO,UT,67,2,Day,Clear,Main,Freight Train,30,51363,0,51363,E73L,41.089647,-111.22821,56.6,60.6,59.2
KCS,19080601,2019-08-06,5:00 AM,Derailment,0,BEAUMONT,TX,85,1,Dawn,Clear,Yard,Freight Train,6,1105,0,11025,H703,30.08877,-94.112483,83.3,84.5,85.3
UP,0721TO023,2021-07-19,6:30 PM,Other impacts,0,DALLAS,TX,80,3,Dusk,Cloudy,Yard,Yard/switching,5,4222,0,13183,H301,32.71511,-96.750711,86,80.7,80.9
NS,137026,2020-02-02,3:00 PM,Other impacts,0,ROANOKE,VA,60,2,Day,Clear,Yard,Single Car,0,0,0,51662,H312,37.277109,-79.982321,41.4,51.4,60.2
UP,0618HO045,2018-06-30,2:30 AM,Other impacts,0,LA PORTE,TX,82,4,Dark,Cloudy,Yard,Yard/switching,4,261,38375,38636,M411,29.675714,-95.03899,84.9,85.1,84.8
UP,0822RM012,2022-08-16,8:55 AM,Other impacts,0,SOUTH SALT LAKE,UT,65,2,Day,Clear,Yard,Yard/switching,5,51153,149545,200698,E31C,40.704478,-111.907532,81,84.1,85.9
BNSF,RD1118104,2018-11-08,11:15 AM,Derailment,0,TEMPLE,TX,55,2,Day,Rain,Yard,Yard/switching,5,14882,850,15732,H318,31.109165,-97.349525,68.3,55.7,50.6
UP,0323SX017,2023-03-21,8:45 AM,Hwy-rail crossing,0,SCHERTZ,TX,59,2,Day,Rain,Main,Freight Train,25,362,25200,25562,M303,29.555307,-98.263684,50.5,62.3,71.8
BB,2018T104,2018-03-18,3:20 PM,Derailment,0,GREENWOOD,VA,60,2,Day,Clear,Main,,0,0,2500,27273,H524,38.0057,-78.7706,36,45,44.2
UP,1120GC025,2020-11-18,6:40 AM,Other impacts,0,BEAUMONT,TX,50,1,Dawn,Clear,Yard,Yard/switching,4,32721,0,38246,H317,30.072902,-94.147132,57.9,59.2,63.9
BNSF,RD0724114,2024-07-14,12:34 AM,Other (describe in narrative),0,TEMPLE,TX,88,4,Dark,Clear,Yard,Freight Train,0,40382,0,47694,H607,31.120662,-97.349655,81.5,84.3,86.1
UP,0818FW048,2018-08-31,3:08 PM,Derailment,0,FORT WORTH,TX,100,2,Day,Clear,Yard,Yard/switching,4,1740,0,70735,M411,32.720654,-97.381006,84.3,85.4,85.2
NS,156701,2024-05-14,10:30 AM,Derailment,0,ROANOKE,VA,63,2,Day,Rain,Yard,Freight Train,4,13399,2260,15659,H702,37.277109,-79.982324,61.9,63.4,65.9
NS,144557,2022-03-02,3:30 AM,Other impacts,0,ROANOKE,VA,51,4,Dark,Cloudy,Yard,Single Car,0,17009,0,207000,H318,37.277109,-79.982323,49.4,58.7,61.3
UP,0619RM021,2019-06-16,11:30 AM,Derailment,0,SALT LAKE CITY,UT,76,2,Day,Cloudy,Yard,,0,0,12688,12688,H704,40.646831,-111.900361,74.1,73.5,71.7
CSX,000163677,2016-09-27,6:27 PM,Fire/violent rupture,0,ASHLAND,VA,68,3,Dusk,Cloudy,Main,Freight Train,20,12963,0,12963,E73L,37.764006,-77.479664,66.6,68.2,69.2
UP,0620TO008,2020-06-04,12:45 PM,Other impacts,0,DALLAS,TX,89,2,Day,Cloudy,Yard,Cut of cars,10,14093,0,32706,H021,32.710549,-96.74807,83.9,85,86.8
BNSF,RD0621101,2021-06-02,12:55 AM,Other impacts,0,JUSTIN,TX,75,4,Dark,Clear,Yard,Freight Train,10,10000,24500,34500,H022,33.018315,-97.353206,66.3,69.3,72.9
UP,0223HO024,2023-02-21,7:31 AM,Hwy-rail crossing,0,BRYAN,TX,64,2,Day,Clear,Main,Freight Train,14,0,21033,21033,M302,30.657783,-96.374822,70.4,71.8,75.4
UP,0422SX004,2022-04-10,5:12 PM,Derailment,0,HEARNE,TX,79,2,Day,Clear,Yard,Freight Train,3,143864,7295,151159,H303,30.803222,-96.609364,63.3,71.2,76.2
BNSF,KS0321105,2021-03-16,11:36 PM,Derailment,0,CANADIAN,TX,50,4,Dark,Rain,Main,Freight Train,50,1175021,392957,1567978,M105,36.002216,-100.275093,48.5,57.1,37.9
UP,0523TO029,2023-05-18,11:04 PM,Other impacts,0,FORT WORTH,TX,78,4,Dark,Cloudy,Yard,Single Car,5,6881,0,11679,S007,32.721388,-97.381745,73.2,76.7,77.9
NS,132309,2019-01-04,9:45 PM,Derailment,0,NORFOLK,VA,72,4,Dark,Cloudy,Yard,Cut of cars,4,500,41108,41608,M599,36.873777,-76.301703,49.1,49.5,57.2
ATK,161337,2019-09-30,4:10 PM,Hwy-rail crossing,0,MESQUITE,TX,92,2,Day,Cloudy,Main,Passenger Train - Pulling,45,59313,0,59613,M308,32.754511,-96.519639,83.9,81.9,82.8
NS,134976,2019-08-02,7:40 PM,Derailment,0,ROANOKE,VA,78,3,Dusk,Clear,Main,Freight Train,8,10044,56782,66826,H507,37.273201,-79.939819,73.7,73.7,76.8
BNSF,RD0724108,2024-07-09,1:00 AM,Derailment,0,DAYTON,TX,85,4,Dark,Clear,Yard,Yard/switching,7,53851,0,53851,M505,30.000366,-94.908179,78.8,84.3,84.8
UP,0923SX004,2023-09-08,5:45 AM,Derailment,0,HEARNE,TX,78,1,Dawn,Clear,Main,Freight Train,3,12843,4530,17373,H702,30.840152,-96.64203,91.6,92.6,86.8
UP,0418UT010,2018-04-14,10:00 PM,Derailment,0,OGDEN,UT,50,4,Dark,Clear,Yard,Yard/switching,3,11840,600,12440,E04C,41.199108,-111.986744,39.2,44.5,54
DCTA,DCTA190003,2019-03-18,6:42 PM,Hwy-rail crossing,0,LAKE DALLAS,TX,72,2,Day,Clear,Main,DMU,53,250000,9600,259600,M302,33.110414,-97.026598,51.5,55.3,57.5
UP,1121TO004,2021-11-04,2:24 AM,Obstruction,0,MALAKOFF,TX,43,4,Dark,Cloudy,Main,Freight Train,37,2393,18099,20492,M402,32.167688,-96.017446,49.2,48.7,46.5
BNSF,NW1016106,2016-10-09,4:59 AM,Other impacts,0,TACOMA,WA,52,1,Dawn,Rain,Yard,Yard/switching,4,12100,0,12369,H318,47.243718,-122.415115,57.3,52,49.2
RLAX,RLAX51723,2023-05-17,12:50 AM,Raking collision,0,BAYTOWN,TX,72,4,Dark,Clear,Yard,Yard/switching,6,11500,0,11500,M404,29.778209,-94.889505,76.6,77.1,79.3
UP,0521TO009,2021-05-09,9:25 AM,Other impacts,0,FORT WORTH,TX,77,2,Day,Clear,Yard,Yard/switching,8,11240,0,18208,H312,32.720859,-97.381104,75.3,75.4,58.4
SV,7202021,2021-07-20,3:20 PM,Derailment,0,VERONA,VA,88,2,Day,Clear,Main,Freight Train,20,10000,30000,40000,E46C,38.15624,-79.05018,72.9,73.8,75.5
UP,1118SA012,2018-11-09,3:30 PM,Hwy-rail crossing,0,WAELDER,TX,48,2,Day,Cloudy,Main,,0,0,1435925,1660925,M308,29.679257,-97.217985,63.3,54.2,48.9
UP,0324TO005,2024-03-04,7:10 AM,Obstruction,0,DENISON,TX,67,2,Day,Cloudy,Main,Freight Train,10,0,28960,28960,M206,33.7717,-96.568,68.4,71.3,61
BNSF,KS0822111,2022-08-17,4:50 AM,Derailment,0,HEREFORD,TX,69,1,Dawn,Clear,Main,Freight Train,67,1801552,526928,2328480,T214,34.867194,-102.28828,80.3,77,72.8
BNSF,RD0919121,2019-09-22,8:30 AM,Other impacts,0,BEAUMONT,TX,80,1,Dawn,Clear,Yard,Yard/switching,4,24024,0,24024,H318,30.094577,-94.116757,81.7,81.9,82.1
UP,0818SA020,2018-08-22,8:50 AM,Derailment,0,SAN ANTONIO,TX,84,2,Day,Clear,Yard,Yard/switching,4,29981,2641,32622,H704,29.375465,-98.558713,88.2,88.4,88.1
UP,0524RM025,2024-05-31,9:15 AM,Other impacts,0,RIVERDALE,UT,55,2,Day,Clear,Yard,Yard/switching,10,22743,0,22743,H702,41.187722,-111.989959,61.7,65.1,71.3
UP,0321HO009,2021-03-08,7:37 AM,Hwy-rail crossing,0,PLANTERSVILLE,TX,38,1,Dawn,Clear,Main,Freight Train,43,14646,0,14646,M302,30.337113,-95.890227,53.8,56.2,64.8
BNSF,RD0821122,2021-08-26,12:55 PM,Derailment,0,FORT WORTH,TX,98,2,Day,Clear,Yard,Yard/switching,8,6040,0,17310,H306,32.827349,-97.334726,87.1,87.6,84.8
UP,0121SX002,2021-01-01,11:56 PM,Derailment,0,SPOFFORD,TX,39,4,Dark,Clear,Main,Freight Train,7,56531,1470,58001,H506,29.164607,-100.399321,38,42.9,44.8
UP,1120HO024,2020-11-24,9:45 PM,Other impacts,0,LA PORTE,TX,73,4,Dark,Cloudy,Yard,Single Car,2,15085,0,26670,M411,29.684352,-95.038908,63.4,72.2,69.7
UP,0118HO015,2018-01-14,10:45 AM,Other impacts,0,BAYTOWN,TX,46,2,Day,Clear,Yard,Single Car,0,8362,0,12591,H318,29.794928,-95.01725,41.1,41.8,52.7
ATK,160414,2019-08-02,9:32 AM,Hwy-rail crossing,0,MARION,TX,90,2,Day,Clear,Main,Passenger Train - Pulling,79,36177,0,36408,M302,29.575127,-98.119642,85.4,85.4,85.8
UP,0216UT012,2016-02-21,6:36 PM,Fire/violent rupture,0,ECHO,UT,40,3,Dusk,Clear,Main,Freight Train,25,29031,0,29031,E73L,40.982555,-111.419265,37.4,34.5,33.5
BNSF,PR0719110,2019-07-20,9:32 AM,Derailment,0,WELLINGTON,UT,85,2,Day,Clear,Yard,Freight Train,4,11000,0,11000,H303,39.531535,-110.706499,78.7,80.6,79.7
TMBL,11082016A,2016-11-08,1:23 AM,Side collision,0,TACOMA,WA,51,4,Dark,Clear,Yard,Single Car,1,11000,0,11985,H310,47.251919,-122.401061,52.9,55.4,56.1
UP,0922HO008,2022-09-08,9:40 AM,Derailment,0,SUGAR LAND,TX,77,2,Day,Clear,Yard,Yard/switching,7,9980,134685,144665,M405,29.626398,-95.604793,78.8,79.7,80.2
UP,0515PD007,2015-05-06,9:12 AM,Other impacts,0,WALLULA,WA,63,2,Day,Clear,Yard,Yard/switching,5,10722,0,10722,H602,46.09613,-118.913084,57.7,53.3,57.7
UP,0118FW031,2018-01-21,12:56 PM,Derailment,0,KELLER,TX,60,2,Day,Clear,Main,Freight Train,30,568,18962,19530,E62C,32.915949,-97.255957,61,66.2,51.4
UP,0424HO054,2024-04-30,6:19 PM,Obstruction,0,SPRING,TX,82,3,Dusk,Clear,Yard,Freight Train,6,17720,0,17720,M404,30.047525,-95.408866,74.6,74.1,76
BNSF,RD0920124,2020-09-26,6:45 PM,Other (describe in narrative),0,SILSBEE,TX,81,3,Dusk,Clear,Yard,Yard/switching,5,26030,0,26030,H312,30.354133,-94.190709,73.6,75,78.1