reportingrailroadcode,accidentnumber,date,time,accidenttype,hazmatreleasedcars,station,stateabbr,temperature,visibility_code,visibility,weathercondition,tracktype,equipmenttype,trainspeed,equipmentdamagecost,trackdamagecost,totaldamagecost,primaryaccidentcausecode,latitude,longitude,prior_temp,actual_temp,following_temp
UP,0221RM028,2021-02-20,3:52 PM,Derailment,2,GARRISON,UT,36,2,Day,Cloudy,Main,Freight Train,47,1584536,4658525,6243061,E61C,38.761421,-112.935682,34.7,30,26.5
CSX,000186064,2019-10-20,8:20 AM,Other impacts,0,RICHMOND,VA,58,2,Day,Rain,Yard,Cut of cars,2,49,0,38860,H021,37.594322,-77.484607,52,57.5,56.7
NS,155798,2024-02-17,8:00 AM,Other impacts,0,ROANOKE,VA,50,2,Day,Clear,Yard,Single Car,4,30000,0,30000,H602,37.277109,-79.982324,47,36.5,36.1
BNSF,RD0619117,2019-06-19,2:20 AM,Derailment,0,DAYTON,TX,75,4,Dark,Clear,Main,Yard/switching,8,24306,0,630790,H607,29.992808,-94.907562,82,84.4,85.2
UP,0520ME020,2020-05-22,10:00 AM,Fire/violent rupture,0,HOUSTON,TX,83,2,Day,Cloudy,Yard,Light loco(s),0,38520,0,38520,E73L,29.814421,-95.312561,82.1,83.1,84.1
UP,1022TO021,2022-10-20,6:38 PM,Derailment,0,ARLINGTON,TX,84,3,Dusk,Cloudy,Yard,Yard/switching,5,54430,1280,55710,E99C,32.741257,-97.058546,53.9,65.6,69.9
UP,0722SX029,2022-07-28,1:41 PM,Derailment,0,CALDWELL,TX,92,2,Day,Clear,Main,Freight Train,28,150252,7260,157512,H521,30.468481,-96.72721,86.8,86.7,86.7
PTRA,2018000012,2018-02-21,5:30 PM,Derailment,1,HOUSTON,TX,65,2,Day,Clear,Industry,Yard/switching,9,89500,12000,101500,H099,29.723924,-95.261846,73.5,65.5,61.4
BNSF,NW0917115,2017-09-21,10:30 AM,Derailment,0,ELTOPIA,WA,72,2,Day,Clear,Yard,Yard/switching,4,5532,6000,11532,M409,46.272983,-119.102076,53.9,52.4,55
NS,125500,2017-06-20,7:00 AM,Derailment,0,ROANOKE,VA,75,1,Dawn,Clear,Yard,Yard/switching,5,2291,18025,20316,H702,37.271098,-79.997944,75.4,73.5,76.4
NS,154240,2023-09-15,10:20 AM,Other impacts,0,NORFOLK,VA,80,2,Day,Clear,Yard,Yard/switching,6,55915,0,119030,H302,36.871878,-76.295016,77.5,71.8,71.2
UP,0824HO053,2024-08-23,11:00 PM,Other impacts,0,DAYTON,TX,79,4,Dark,Clear,Yard,Single Car,0,1299,0,12691,E29C,30.013805,-94.901911,87,86.8,84.7
PNR,PNR223172,2022-07-29,2:45 PM,Derailment,0,PANHANDLE,TX,98,2,Day,Clear,Yard,Yard/switching,11,133872,15000,148872,H704,35.335776,-101.404754,82.7,75.5,74.4
BNSF,KS0523103,2023-05-17,6:19 PM,Derailment,0,AMARILLO,TX,76,3,Dusk,Clear,Yard,Freight Train,10,48549,7000,55549,H307,35.213603,-101.83495,65.9,72,65.7
UP,0818HO007,2018-08-06,2:30 PM,Derailment,0,HOUSTON,TX,92,2,Day,Clear,Industry,Freight Train,5,6180,9345,15525,E63C,29.633298,-95.206336,84.2,84.3,83.7
UP,0823TO051,2023-08-29,12:50 PM,Derailment,0,EL PASO,TX,83,2,Day,Clear,Main,Freight Train,17,326065,1335897,1661962,T222,31.771159,-106.473062,85.6,80.5,83.2
BNSF,NW1115100,2015-11-05,4:00 AM,Derailment,0,TACOMA,WA,53,1,Dawn,Rain,Yard,Yard/switching,6,15245,2300,17545,H312,47.242317,-122.424824,44.4,48.6,51.5
NS,145982,2022-07-27,7:51 PM,Derailment,0,CHESAPEAKE,VA,81,3,Dusk,Clear,Yard,Freight Train,4,54604,145474,200078,H506,36.783505,-76.272914,81.1,82.1,86
UP,1019HO006,2019-10-07,1:57 AM,Other impacts,0,HOUSTON,TX,79,4,Dark,Clear,Yard,Yard/switching,4,4958,0,27041,H306,29.791624,-95.305979,83.2,78.6,73.6
BB,2024A0505,2024-05-05,1:13 PM,Obstruction,0,MILLBORO,VA,74,2,Day,Clear,Main,,0,0,0,20264,M404,37.950485,-79.64746,56.2,58.2,63
UP,0621RM005,2021-06-04,1:30 PM,Derailment,0,OGDEN,UT,87,2,Day,Clear,Yard,Yard/switching,5,7340,15540,22880,M405,41.222134,-111.985154,80.4,83.3,82.7
NS,123215,2016-12-19,11:18 AM,Hwy-rail crossing,0,BRISTOL,VA,36,2,Day,Clear,Main,Freight Train,46,10697,884,11581,M302,36.696022,-82.048331,47.1,32.9,33.6
BNSF,NW0917109,2017-09-19,3:35 PM,Other (describe in narrative),0,MOUNT VERNON,WA,63,2,Day,Rain,Main,Freight Train,2,0,38352,38352,H705,48.380637,-122.338584,53.9,53.7,52.9
UP,1223SX014,2023-12-21,4:37 PM,Derailment,0,SAN ANTONIO,TX,70,2,Day,Cloudy,Yard,Yard/switching,5,5617,7400,13017,H702,29.375096,-98.557441,62.1,63.6,65.8
BNSF,RD0819109,2019-08-08,5:50 PM,Derailment,0,GALVESTON,TX,95,3,Dusk,Clear,Yard,Yard/switching,8,20170,1200,21370,E31C,29.294066,-94.842695,88.3,89.2,89.1
NS,142043,2021-06-30,12:05 PM,Raking collision,0,SPRINGFIELD,VA,95,2,Day,Clear,Industry,Single Car,0,74938,0,150231,H302,38.796779,-77.183447,83.1,84.1,78.3
TXGN,TXGN190404,2019-04-04,7:10 PM,Derailment,0,GONZALES,TX,64,3,Dusk,Clear,Yard,Freight Train,5,148111,16425,164536,E49C,29.602788,-97.47341,63.9,74.2,70.8
UTAH,UTA150019D,2019-08-17,3:10 PM,Derailment,0,PROVO,UT,91,2,Day,Clear,Yard,Freight Train,5,190000,34460,224460,H306,40.2143,-111.6408,75,74.3,76.6
UP,0824PN015,2024-08-13,4:17 PM,Derailment,0,KALAMA,WA,70,2,Day,Cloudy,Main,Freight Train,10,6400,0,6400,E53C,45.975947,-122.823571,62.4,64.4,67.4
KRR,KRR577020,2020-03-31,8:45 AM,Derailment,0,PARIS,TX,55,2,Day,Cloudy,Main,Freight Train,10,58279,21791,80070,T220,33.713052,-95.55455,56,57,58.6
NS,153567,2023-07-06,7:43 PM,Derailment,0,ELLISTON,VA,75,3,Dusk,Clear,Main,Freight Train,19,42650,288363,331013,E53C,37.237006,-80.224602,75.2,76.8,77.6
BNSF,KS0724110,2024-07-25,4:15 AM,Derailment,0,HEREFORD,TX,66,1,Dawn,Clear,Industry,Freight Train,2,225470,261537,487007,H307,34.844017,-102.315719,77.8,80.8,82.3
BNSF,RD0721115,2021-07-14,11:33 PM,Derailment,0,FORT WORTH,TX,82,4,Dark,Clear,Yard,Freight Train,7,11478,1500,12978,E07C,32.832309,-97.338738,82,81.4,83
BNSF,RD0919124,2019-09-23,7:00 PM,Derailment,0,TEAGUE,TX,84,3,Dusk,Clear,Yard,Freight Train,7,177557,0,467062,H503,31.629242,-96.286286,82.4,83.1,82.6
UP,0420HO006,2020-04-08,9:22 AM,Other impacts,0,SPRING,TX,76,2,Day,Cloudy,Yard,Yard/switching,9,44019,0,50789,H312,30.063347,-95.41197,77.4,78.2,76.3
NS,142529,2021-08-12,5:00 PM,Hwy-rail crossing,0,ROANOKE,VA,90,3,Dusk,Clear,Main,Freight Train,14,4982,15766,20748,M303,37.277958,-79.923798,79.8,81.5,81.4
UP,0922HO021,2022-09-14,5:43 PM,Other impacts,0,HOUSTON,TX,86,2,Day,Clear,Yard,Single Car,0,27894,0,27894,M411,29.817811,-95.287881,80.4,79.4,80.4
PTRA,2019000019,2019-07-10,9:50 PM,Derailment,0,PASADENA,TX,77,4,Dark,Clear,Main,Freight Train,5,100000,100000,200000,H702,29.72345,-95.165133,86.8,87,88.1
UP,0719MA015,2019-07-10,8:10 PM,Derailment,0,LONGVIEW,TX,89,4,Dark,Rain,Main,Freight Train,22,32076,857,32933,E34C,32.501885,-94.66933,84.7,83.8,82.1
UP,0418UT026,2018-04-27,11:51 PM,Derailment,0,MILFORD,UT,60,4,Dark,Clear,Yard,Freight Train,2,119561,24233,143794,H524,38.408084,-113.001696,59.1,62.7,65.1
UP,0818HO033,2018-08-18,4:45 PM,Derailment,0,HOUSTON,TX,90,2,Day,Clear,Yard,Yard/switching,4,62604,0,89405,M201,29.826486,-95.289173,86.4,86.8,86.6
UP,1019GC016,2019-10-14,4:38 AM,Hwy-rail crossing,0,ORANGE,TX,71,1,Dawn,Cloudy,Main,,0,0,4510,14660,M308,30.121481,-93.746084,68.2,73.3,80
UP,0719SX019,2019-07-24,6:00 AM,Derailment,0,SAN ANTONIO,TX,75,1,Dawn,Clear,Yard,Yard/switching,5,142034,253588,515588,H503,29.373809,-98.559231,84.8,82.2,79.5
UP,0721SX033,2021-07-27,3:00 AM,Derailment,0,SAN ANTONIO,TX,76,4,Dark,Clear,Yard,Freight Train,4,123836,1155,124991,H303,29.38345,-98.551045,83.6,82.9,84.1
UP,0922SX012,2022-09-13,7:40 AM,Other impacts,0,SAN ANTONIO,TX,74,2,Day,Clear,Yard,Yard/switching,0,40520,0,47317,H312,29.380072,-98.554627,82.1,82.6,81
BNSF,RD0219106,2019-02-05,8:00 AM,Derailment,0,SAGINAW,TX,45,1,Dawn,Clear,Industry,Yard/switching,8,2000,37000,39000,H399,32.865817,-97.36551,67.2,67.9,70.4
UP,0718SA001,2018-07-02,10:00 AM,Derailment,0,FLATONIA,TX,90,2,Day,Clear,Main,Freight Train,15,5175,66477,71652,M208,29.687246,-97.115797,85.3,84.7,84.9
NS,153298,2023-06-07,9:00 PM,Other impacts,0,ROANOKE,VA,74,4,Dark,Clear,Yard,Cut of cars,8,50377,0,50377,H317,37.277024,-79.965087,68.1,68.5,64.8
PTRA,PTRA00003F,2022-11-19,6:04 PM,Raking collision,0,HOUSTON,TX,46,4,Dark,Clear,Yard,Cut of cars,6,30000,1000,91700,H021,29.424797,-95.15609,52.2,45.6,47.2
UP,0324TO010,2024-03-07,1:30 PM,Other impacts,0,EL PASO,TX,68,2,Day,Cloudy,Yard,Yard/switching,3,261,0,512,M105,31.753367,-106.388664,63.6,61.9,53.5
UP,1119HO022,2019-11-19,11:58 PM,Other impacts,0,HOUSTON,TX,63,4,Dark,Clear,Yard,Yard/switching,3,18666,0,20732,H306,29.794097,-95.294457,63.2,66.3,70.9
UP,1019SX010,2019-10-09,2:50 AM,Derailment,0,SMITHVILLE,TX,64,4,Dark,Clear,Main,Freight Train,15,195005,172980,367985,H504,30.00783,-97.249524,72.6,79,84.7
UP,0818FW010,2018-08-09,2:00 AM,Derailment,0,BIG SPRING,TX,68,4,Dark,Rain,Yard,Freight Train,4,11725,2457,14182,M507,32.256414,-101.474535,86.2,74.8,73.6
DGNO,DGN913619D,2019-01-14,6:30 PM,Derailment,0,GARLAND,TX,42,3,Dusk,Clear,Yard,Yard/switching,20,113000,0,113000,H018,32.905884,-96.592773,40.2,40.1,43.6
BNSF,KS0823112,2023-08-30,4:50 PM,Other (describe in narrative),0,AMARILLO,TX,75,2,Day,Clear,Yard,Freight Train,2,25050,0,25050,H307,35.213338,-101.835406,73.4,76.6,79.2
NS,136510,2019-12-14,10:20 PM,Other (describe in narrative),0,NORFOLK,VA,40,4,Dark,Clear,Yard,Yard/switching,4,10596,0,12684,H306,36.871434,-76.293489,51.9,54.7,49.2
NS,119835,2016-03-23,12:55 AM,Rear end collision,0,TROUTVILLE,VA,49,4,Dark,Cloudy,Main,Freight Train,14,60,500,52287,H222,37.444426,-79.806276,50.7,60.9,64.3
UP,0520RM033,2020-05-27,6:10 PM,Derailment,0,MOAB,UT,92,3,Dusk,Clear,Industry,Yard/switching,10,52203,200,52403,H995,38.605672,-109.607141,67.1,73.8,76.9
CSX,000220189,2024-08-24,10:31 PM,Hwy-rail crossing,0,DOSWELL,VA,78,4,Dark,Clear,Main,,0,0,116,116,M308,37.86008,-77.458248,68.7,70.5,72.3
NS,114587,2015-02-28,12:30 PM,Derailment,0,VANSANT,VA,19,2,Day,Snow,Industry,Freight Train,3,35500,0,35500,M101,37.202809,-82.093854,22.3,28.5,41.6
NS,157766,2024-08-18,1:05 AM,Other impacts,0,NORFOLK,VA,-1,4,Dark,Cloudy,Yard,Single Car,6,1700,0,35800,M411,36.871878,-76.295016,78.9,81.7,76.8
UP,0921TO009,2021-09-06,6:15 PM,Derailment,0,DENISON,TX,90,3,Dusk,Clear,Yard,Yard/switching,7,11380,8370,19750,E05C,33.769858,-96.603269,81.1,80.2,80.3
UP,0919SX017,2019-09-16,11:25 AM,Hwy-rail crossing,0,GEORGE WEST,TX,90,2,Day,Clear,Main,Freight Train,46,26202,7669,33871,M308,28.399199,-98.165788,82.8,84.5,84.1
UP,0423RM030,2023-04-28,4:25 PM,Other impacts,0,SALT LAKE CITY,UT,67,2,Day,Clear,Yard,Single Car,2,10064,0,23083,E20C,40.724454,-111.908578,58.9,58.5,64.3
BNSF,RD1123121,2023-11-21,12:03 PM,Other (describe in narrative),0,FORT WORTH,TX,50,2,Day,Clear,Main,Light loco(s),12,0,30000,30000,H221,32.952268,-97.357308,65.1,51.9,48.4
UP,0220SX005,2020-02-07,7:47 PM,Derailment,0,SAN ANTONIO,TX,65,3,Dusk,Clear,Yard,Freight Train,1,21501,1099,22600,S011,29.361548,-98.569529,42.2,52.2,58.3
PNR,PNR213037,2021-10-01,10:08 AM,Derailment,0,BORGER,TX,65,2,Day,Rain,Industry,Cut of cars,14,108000,0,108000,H020,35.642453,-101.40285,64.6,62,63.4
BNSF,RD0918109,2018-09-06,1:00 AM,Other impacts,0,GALVESTON,TX,80,4,Dark,Clear,Yard,Yard/switching,10,45778,0,45778,H318,29.294631,-94.839229,83.4,81.6,83.1
ATK,160879,2019-08-30,3:52 PM,Hwy-rail crossing,0,DAYTON,TX,92,2,Day,Clear,Main,Passenger Train - Pulling,60,103926,0,107906,M304,30.059207,-94.992626,81.9,81.8,81.9
PTRA,PTRA00003F,2022-11-19,6:04 PM,Raking collision,0,HOUSTON,TX,46,4,Dark,Clear,Yard,Yard/switching,7,58200,2500,91700,H021,29.424797,-95.152609,52.2,45.6,47.2
PTRA,2022000028,2022-06-22,3:00 AM,Side collision,0,HOUSTON,TX,75,4,Dark,Clear,Main,Freight Train,15,17076,0,67076,M302,29.720794,-95.157714,85.8,86.2,87
BNSF,RD1217101,2017-12-05,5:40 AM,Other (describe in narrative),0,BEAUMONT,TX,70,1,Dawn,Clear,Yard,Yard/switching,7,6360,7674,14034,H704,30.095708,-94.117333,71.6,65.1,44.2
BNSF,NW1116201,2016-11-12,7:45 PM,Hwy-rail crossing,0,KENT,WA,55,3,Dusk,Cloudy,Main,,0,0,0,38489,M302,47.377792,-122.232973,56.4,55.6,50.7
UP,0423HO011,2023-04-05,10:27 AM,Other (describe in narrative),0,HOUSTON,TX,78,2,Day,Clear,Yard,Single Car,0,15344,0,15344,M411,29.815804,-95.28796,77,71.1,59.7
UP,0321TO017,2021-03-16,4:00 AM,Other impacts,0,ARLINGTON,TX,61,1,Dawn,Cloudy,Yard,Freight Train,2,1860,0,18294,H310,32.746698,-97.069206,65.1,69.9,62.8
UP,0819TO029,2019-08-19,3:20 PM,Derailment,0,HILLSBORO,TX,98,2,Day,Clear,Main,Freight Train,48,1432314,162239,1594553,H504,32.05695,-97.126147,89.2,89.3,89.6
UP,0815PD017,2015-08-28,10:30 AM,Side collision,0,TACOMA,WA,65,2,Day,Clear,Yard,Yard/switching,2,80000,15434,120434,H607,47.246149,-122.434781,70.3,66.9,64.3
UP,0322TO008,2022-03-12,1:24 AM,Other impacts,0,FORT WORTH,TX,29,4,Dark,Clear,Yard,Yard/switching,4,30946,2660,35064,M411,32.721698,-97.379665,35,41,51.5
BNSF,RD0519120,2019-05-19,8:00 PM,Derailment,0,HOUSTON,TX,80,3,Dusk,Clear,Yard,Yard/switching,3,12500,3500,16000,H702,29.702955,-95.327629,80,83.9,82.8
BNSF,RD0322103,2022-03-03,8:17 AM,Derailment,0,TEMPLE,TX,60,1,Dawn,Clear,Yard,Freight Train,7,62497,6326,68823,H503,31.120123,-97.349755,57.6,61.2,65.8
BNSF,NW0216107,2016-02-11,11:45 PM,Raking collision,0,SPOKANE,WA,39,4,Dark,Rain,Yard,Light loco(s),8,40000,0,142000,H306,47.673584,-117.326045,35.6,37.9,43.2
BNSF,KS0622115,2022-06-24,9:40 PM,Derailment,0,AMARILLO,TX,75,4,Dark,Clear,Yard,Freight Train,6,12433,76900,89333,M203,35.198603,-101.829265,84.9,87.8,82.7
UP,0721TO010,2021-07-08,12:50 AM,Derailment,0,EL PASO,TX,81,4,Dark,Clear,Yard,Freight Train,4,51274,176605,227879,E29C,31.770452,-106.47258,80.7,82.1,85.7
UP,0220HO019,2020-02-17,7:44 AM,Derailment,0,DEER PARK,TX,63,2,Day,Cloudy,Yard,Yard/switching,2,5266,7400,12666,S104,29.683924,-95.038939,64.5,69.6,72.2
NS,131065,2018-09-24,7:32 PM,Other (describe in narrative),0,CREWE,VA,70,3,Dusk,Cloudy,Yard,Yard/switching,8,7633,3503,11136,H702,37.186981,-78.143596,61.2,64.6,72.4
CSX,000167590,2017-03-19,5:40 PM,Derailment,0,GREENWOOD,VA,49,3,Dusk,Clear,Main,Freight Train,15,18519,0,69803,E47C,38.03894,-78.824518,46,42.5,43.9
BNSF,NW0216109,2016-02-17,8:45 PM,Derailment,0,PASCO,WA,45,3,Dusk,Clear,Yard,Yard/switching,6,17375,4000,21375,M411,46.26958,-119.10042,54.8,49,48.8
DGNO,DGN905622,2022-01-17,3:00 PM,Fire/violent rupture,0,DALLAS,TX,40,2,Day,Clear,Main,Freight Train,5,18000,0,18000,E73L,32.757158,-96.782509,37.4,46.8,57.7
CSX,000218810,2024-06-22,10:00 AM,Side collision,0,HOPEWELL,VA,92,2,Day,Clear,Yard,Yard/switching,0,8800,289,25089,H702,37.302715,-77.28459,79.6,83.3,83.7
UP,0620SX022,2020-06-13,3:40 PM,Other impacts,0,SAN ANTONIO,TX,91,2,Day,Clear,Yard,Yard/switching,1,13247,3750,17031,E08C,29.436069,-98.461607,78.4,79.9,79.2
BNSF,SW1019107,2019-10-12,11:44 AM,Derailment,0,EL PASO,TX,75,2,Day,Clear,Yard,Light loco(s),2,1000,10141,11141,H307,31.752032,-106.490858,57.6,58.4,66.4
BNSF,KS0123203,2023-01-23,5:20 PM,Hwy-rail crossing,0,HEREFORD,TX,38,3,Dusk,Cloudy,Main,Freight Train,50,2000,250000,252000,M302,34.835782,-102.354043,33.3,34.9,31.3
NS,145219,2022-05-09,4:05 PM,Derailment,0,ROANOKE,VA,72,3,Dusk,Clear,Main,Freight Train,9,2025,22119,24144,E36C,37.27181,-79.936886,51.1,57.3,60.7
UP,0521TO009,2021-05-09,9:25 AM,Other impacts,0,FORT WORTH,TX,77,2,Day,Clear,Yard,Single Car,0,6068,900,18208,H312,32.720859,-97.381104,75.3,75.4,58.4
UP,0422HO028,2022-04-28,12:05 AM,Derailment,0,HOUSTON,TX,68,4,Dark,Clear,Yard,Yard/switching,4,24119,377,24496,S013,29.79594,-95.291281,70.3,72.5,74.6
PTRA,2020000016,2020-09-02,5:15 AM,Derailment,0,CHANNELVIEW,TX,85,4,Dark,Clear,Industry,Freight Train,4,2000,20000,22000,H307,29.753605,-95.107798,88.3,88.2,86.4
UP,0223HO040,2023-02-28,9:37 AM,Other impacts,0,LA PORTE,TX,72,2,Day,Rain,Yard,Single Car,5,11027,0,13690,M411,29.683777,-95.038893,74.3,73.3,75.5
UP,0723GC007,2023-07-08,12:53 PM,Hwy-rail crossing,0,SINTON,TX,80,2,Day,Clear,Main,,0,0,7099,41461,M302,28.032314,-97.510516,83,86.6,87
CSX,000209831,2023-02-15,9:46 PM,Derailment,0,RICHMOND,VA,54,4,Dark,Clear,Yard,Freight Train,4,35700,0,57842,H312,37.569947,-77.466884,49,57,65.2
UP,0724TO022,2024-07-14,8:06 AM,Derailment,0,ABILENE,TX,78,2,Day,Clear,Main,Freight Train,36,2123419,710873,2834292,E54C,32.455093,-99.818412,84.6,87.4,89.8
BNSF,NW0516106,2016-05-18,6:30 AM,Other (describe in narrative),0,CHEHALIS,WA,54,1,Dawn,Clear,Main,Maint./inspect Car,8,0,60064,60064,H605,46.649808,-122.969922,61.8,56.7,52.4
UP,0819ST016,2019-08-12,3:00 PM,Hwy-rail crossing,0,EL PASO,TX,96,2,Day,Clear,Main,Freight Train,40,3876,148698,152574,M304,31.712789,-106.341147,84.8,88.2,88.4
UP,0124TO001,2024-01-02,3:15 AM,Derailment,0,ROANOKE,TX,30,4,Dark,Cloudy,Main,Freight Train,40,67137,1065960,1133097,E51C,33.043903,-97.207988,36.9,38.7,45.6
NS,133223,2019-03-14,6:15 PM,Other (describe in narrative),0,NORFOLK,VA,70,3,Dusk,Clear,Yard,Yard/switching,4,18963,5477,24440,H306,36.873777,-76.301703,45.2,59.1,69
UP,0923HO026,2023-09-21,7:20 AM,Derailment,0,LA PORTE,TX,92,2,Day,Clear,Yard,Yard/switching,2,168417,0,168417,M408,29.674987,-95.039094,84.2,86.1,85.9
UTAX,03032015A,2015-03-03,1:25 PM,Derailment,0,MIDVALE,UT,35,2,Day,Snow,Main,EMU,24,92000,20000,112000,E69C,40.461072,-111.89338,37.6,33.7,31.7
UP,0320RM020,2020-03-19,11:00 PM,Other impacts,0,SALT LAKE CITY,UT,39,4,Dark,Cloudy,Yard,Yard/switching,5,11863,0,11963,S103,40.708953,-111.9107,46.2,42.1,41
BNSF,RD1023127,2023-10-23,5:10 AM,Derailment,0,HASLET,TX,72,1,Dawn,Rain,Yard,Freight Train,10,224024,620104,844128,H307,32.980291,-97.353313,76.1,75.2,72.4
UP,0419MA057,2019-04-18,4:43 AM,Obstruction,0,MAUD,TX,66,1,Dawn,Rain,Main,Freight Train,30,60595,250,60845,M105,33.343018,-94.30865,67.3,61.6,56.9
WATX,190205002,2019-02-05,8:20 PM,Other impacts,0,HOUSTON,TX,48,4,Dark,Rain,Yard,Yard/switching,2,65000,0,65000,H018,29.755538,-95.196294,70.3,70.6,73.5
UP,0317UT001,2017-03-02,12:40 AM,Derailment,0,OGDEN,UT,25,4,Dark,Cloudy,Yard,Yard/switching,3,19722,139325,159047,H702,41.199802,-111.985502,31.9,33.2,38.2
UP,0724HO024,2024-07-21,12:30 PM,Other impacts,0,HOUSTON,TX,95,2,Day,Cloudy,Yard,Yard/switching,7,54344,33880,88224,M411,29.814947,-95.288085,84.3,84,81.9
UP,0319TO021,2019-03-16,2:52 AM,Derailment,0,ARLINGTON,TX,40,4,Dark,Clear,Yard,Freight Train,5,1241,11114,12355,H506,32.746828,-97.072965,50.6,49.7,51.8
BNSF,RD0320105,2020-03-07,9:12 PM,Derailment,0,JEWETT,TX,42,4,Dark,Clear,Main,Freight Train,38,15158,5000,20158,H703,31.370616,-96.182837,56.3,53,59
UP,1020HO003,2020-10-06,12:15 AM,Derailment,0,HOUSTON,TX,72,4,Dark,Cloudy,Yard,Yard/switching,4,99146,56405,155551,E69C,29.816389,-95.288511,73.4,74.2,76
UP,0617UT002,2017-06-02,5:10 PM,Other impacts,0,SALT LAKE CITY,UT,78,2,Day,Clear,Yard,Yard/switching,4,32091,0,32250,H021,40.788637,-111.909316,74.8,70.4,75
TMBL,04212017A,2017-04-21,4:15 AM,Hwy-rail crossing,0,TACOMA,WA,45,4,Dark,Clear,Yard,Yard/switching,10,29600,0,29600,M302,47.151155,-122.24896,48.1,51.5,52.7
UP,0418FW027,2018-04-18,1:31 AM,Raking collision,0,MONAHANS,TX,68,4,Dark,Clear,Main,Freight Train,65,3326694,233290,3646910,M404,31.593616,-102.898368,75.1,68,65.2
UP,0920HO032,2020-09-25,5:10 PM,Derailment,0,HOUSTON,TX,84,2,Day,Clear,Yard,Yard/switching,5,203177,113238,316415,H607,29.771635,-95.29084,70.6,75,77
GVSR,GVS330719,2019-01-02,2:00 PM,Side collision,0,GALVESTON,TX,55,2,Day,Rain,Yard,Cut of cars,0,5576,0,17652,M599,29.180677,-94.485369,55.6,54.1,52.1
BNSF,RD0824115,2024-08-13,9:50 PM,Derailment,0,SOMERVILLE,TX,85,4,Dark,Clear,Siding,Freight Train,8,10097,28913,39010,H220,30.347339,-96.528471,86.1,86.2,86.6
CSX,000169341,2016-10-24,1:18 PM,Fire/violent rupture,0,SCOTTSVILLE,VA,75,2,Day,Clear,Main,Freight Train,40,34005,0,34005,M599,37.765931,-78.557789,56.7,64.2,52.5
TMBL,04052017A,2017-04-05,9:20 AM,Side collision,0,TACOMA,WA,48,2,Day,Rain,Yard,Yard/switching,0,5000,0,50000,H210,47.252817,-122.402084,48.6,48.8,51.1
UP,0120RM017,2020-01-09,5:15 PM,Fire/violent rupture,0,SALT LAKE CITY,UT,37,2,Day,Cloudy,Yard,Yard/switching,5,39192,0,39192,E74L,40.703361,-111.906605,36.2,34.5,28.7
NS,151573,2022-11-28,1:50 PM,Hwy-rail crossing,0,WINDSOR,VA,45,2,Day,Clear,Main,Yard/switching,40,38,15504,15542,M303,36.811696,-76.750947,56.3,56.1,45.8
UP,1122TO029,2022-11-27,12:41 AM,Other impacts,0,EL PASO,TX,53,4,Dark,Clear,Main,Freight Train,8,91496,0,144672,H607,31.738096,-106.370813,49.8,55.7,54.8
BNSF,RD0219202,2019-02-14,9:39 AM,Hwy-rail crossing,0,SANGER,TX,60,2,Day,Clear,Main,Freight Train,37,4000,16000,20000,M302,33.323049,-97.167765,48.2,61.7,50.3
UP,0422TO025,2022-04-21,7:26 AM,Derailment,0,FORT WORTH,TX,72,1,Dawn,Clear,Yard,Freight Train,4,279026,66,279092,E7AL,32.745195,-97.32278,76.3,77.3,76.7
BNSF,RD1120112,2020-11-16,9:50 PM,Derailment,0,CLEBURNE,TX,55,4,Dark,Clear,Yard,Cut of cars,0,30462,0,544458,H504,32.35175,-97.382456,57.3,54.5,57.7
UP,0224TO009,2024-02-05,6:11 PM,Derailment,0,EL PASO,TX,65,3,Dusk,Clear,Yard,Yard/switching,4,97485,69955,167440,H504,31.743527,-106.376642,49.9,50.6,52.6
UP,0818HO009,2018-08-08,5:22 AM,Other impacts,0,LA PORTE,TX,85,1,Dawn,Cloudy,Yard,Cut of cars,4,14133,0,29550,M404,29.675709,-95.038924,84,83.5,84.6
NS,128957,2018-03-23,5:57 PM,Derailment,0,MADISONVILLE,VA,45,3,Dusk,Clear,Main,Freight Train,45,620008,492536,1112544,T221,37.204821,-78.669125,41,41.2,36.1
UP,1219TO010,2019-12-06,10:20 PM,Other impacts,0,DALLAS,TX,52,4,Dark,Clear,Industry,Yard/switching,2,96398,0,126161,H302,32.75506,-96.778976,62.8,58.7,51.5
BNSF,NW0617201,2017-06-21,2:25 PM,Hwy-rail crossing,0,PLYMOUTH,WA,88,2,Day,Clear,Main,Freight Train,58,67500,0,67500,M302,45.927633,-119.413923,78.4,71.7,67.1
BNSF,NW1216112,2016-12-20,9:00 AM,Side collision,0,SPOKANE,WA,38,2,Day,Snow,Yard,Yard/switching,4,1191,0,39398,H318,47.67284,-117.321344,29,34.9,28.4
UP,1022SX010,2022-10-13,5:45 PM,Other impacts,0,SAN ANTONIO,TX,92,2,Day,Clear,Yard,Yard/switching,0,1190,0,21884,H022,29.380979,-98.553087,81.3,81.8,79.6
UP,1219TO010,2019-12-06,10:20 PM,Other impacts,0,DALLAS,TX,52,4,Dark,Clear,Industry,Yard/switching,2,96398,0,126161,H302,32.75506,-96.778976,62.8,58.7,51.5