reportingrailroadcode,accidentnumber,date,time,accidenttype,hazmatreleasedcars,station,stateabbr,temperature,visibility_code,visibility,weathercondition,tracktype,equipmenttype,trainspeed,equipmentdamagecost,trackdamagecost,totaldamagecost,primaryaccidentcausecode,latitude,longitude,prior_temp,actual_temp,following_temp
UP,0518HO026,2018-05-14,9:00 AM,Other impacts,0,HOUSTON,TX,80,2,Day,Clear,Yard,Yard/switching,4,5535,0,64383,M201,29.826483,-95.290172,81.2,80.7,81.3
BNSF,KS1120115,2020-11-30,1:30 AM,Derailment,0,DUMAS,TX,28,4,Dark,Clear,Yard,Freight Train,6,34340,0,34340,H312,36.023582,-101.996023,34.4,33.7,38.8
UP,1220SX013,2020-12-10,3:37 AM,Fire/violent rupture,0,DEVINE,TX,40,4,Dark,Clear,Main,Freight Train,50,326281,0,326281,M406,29.124367,-98.914776,57.2,58,65.6
BNSF,NW0418116,2018-04-28,8:40 PM,Derailment,0,SEATTLE,WA,50,3,Dusk,Cloudy,Yard,Light loco(s),8,75000,17000,92000,H607,47.654213,-122.383847,54.3,51.4,53.7
UP,0223HO004,2023-02-02,11:00 AM,Hwy-rail crossing,0,LONGVIEW,TX,37,2,Day,Cloudy,Main,Freight Train,35,12443,66,12509,M303,32.469693,-94.770155,33.8,37,43.3
UP,0618HO011,2018-06-07,12:05 AM,Derailment,0,HOUSTON,TX,88,4,Dark,Cloudy,Yard,Yard/switching,4,4772,10062,14834,T220,29.796349,-95.295631,83.5,83.6,83.3
TXGN,TXGN191210,2019-12-10,12:30 PM,Derailment,0,GONZALES,TX,45,2,Day,Cloudy,Yard,Freight Train,6,32900,200,33100,H303,29.607595,-97.466397,70.4,48.1,47.9
CSX,000170093,2017-07-08,2:59 AM,Derailment,0,RICHMOND,VA,81,4,Dark,Clear,Main,Freight Train,4,39461,58384,97845,H503,37.599467,-77.487802,80.8,82.2,76.9
BNSF,NW0617201,2017-06-21,2:25 PM,Hwy-rail crossing,0,PLYMOUTH,WA,88,2,Day,Clear,Main,Freight Train,58,67500,0,67500,M302,45.927633,-119.413923,78.4,71.7,67.1
BNSF,RD0819107,2019-08-06,5:00 AM,Derailment,0,BEAUMONT,TX,85,1,Dawn,Clear,Yard,,0,0,9920,11025,H703,30.08877,-94.112483,83.3,84.5,85.3
BNSF,NW1216112,2016-12-20,9:00 AM,Side collision,0,SPOKANE,WA,38,2,Day,Snow,Yard,Yard/switching,4,1191,0,39398,H318,47.67284,-117.321344,29,34.9,28.4
UP,0118UT029,2018-01-17,7:15 AM,Derailment,0,OGDEN,UT,35,4,Dark,Clear,Yard,Freight Train,2,6985,7838,14823,H702,41.215755,-111.982732,37.4,37.4,41.1
KFR,KFR151272,2015-10-17,1:50 PM,Other impacts,0,KETTLE FALLS,WA,72,2,Day,Clear,Yard,Light loco(s),13,100000,0,100000,H607,48.372923,-118.06445,49.1,50.3,50.5
BNSF,RD0323127,2023-03-25,5:29 PM,Derailment,0,TEMPLE,TX,70,3,Dusk,Clear,Yard,Yard/switching,6,11200,1946,13146,H019,31.11773,-97.350177,73.4,64.5,64
FWWR,21061102,2021-06-11,7:00 AM,Hwy-rail crossing,0,STEPHENVILLE,TX,80,1,Dawn,Clear,Main,Spec. MoW Equip.,3,100000,0,100000,M308,32.215218,-98.210736,82.4,82.5,80.5
BNSF,KS0222201,2022-02-01,5:26 PM,Hwy-rail crossing,0,AMARILLO,TX,18,3,Dusk,Cloudy,Main,Freight Train,45,14335,7000,21335,M302,35.241219,-101.689108,47.1,40.2,18.6
BNSF,RD0120118,2020-01-27,11:53 AM,Derailment,0,BROWNWOOD,TX,55,2,Day,Clear,Yard,Freight Train,9,13561,14930,28491,H703,31.712482,-98.966081,54.5,57.3,49.1
BNSF,NW0515118,2015-05-24,1:35 AM,Broken train collision,0,CONNELL,WA,46,4,Dark,Clear,Main,Freight Train,31,15100,0,15100,E33C,46.600741,-118.952505,69,69.8,67
UP,1221HO007,2021-12-10,6:50 AM,Hwy-rail crossing,0,RICHMOND,TX,76,1,Dawn,Clear,Main,Freight Train,37,20401,26132,46533,M304,29.584265,-95.760448,76.2,79.4,62.7
UP,0717LK022,2017-07-15,11:50 PM,Obstruction,0,LONGVIEW,TX,80,4,Dark,Clear,Industry,Freight Train,0,58321,33,58354,M402,32.443937,-94.727176,82.5,81.8,83.1
BNSF,RD1119101,2019-11-01,3:30 AM,Derailment,0,TEAGUE,TX,45,4,Dark,Cloudy,Main,Freight Train,5,7393,163500,185893,H607,31.627244,-96.285931,40.5,44.2,51.9
UP,1119HO020,2019-11-19,9:30 PM,Other impacts,0,DAYTON,TX,60,4,Dark,Clear,Industry,Yard/switching,5,40000,150,45123,H306,30.013532,-94.901626,56,59.8,66.8
UP,1117ST026,2017-11-21,10:22 PM,Other impacts,0,EL PASO,TX,64,4,Dark,Clear,Yard,Yard/switching,6,85109,0,85242,H018,31.747598,-106.38149,52.4,59.2,55.2
XTGS,F242019,2019-09-17,9:30 PM,Derailment,0,ANAHUAC,TX,85,4,Dark,Rain,Yard,Yard/switching,4,15173,14310,29483,H306,29.699088,-94.897499,82.7,78.8,79.2
UP,0820SX011,2020-08-16,1:00 PM,Other impacts,0,KATY,TX,93,2,Day,Clear,Industry,Cut of cars,0,34387,0,86386,H302,29.786358,-95.807823,87.1,87.1,82.5
UP,1122HO020,2022-11-18,7:28 AM,Other impacts,0,HOUSTON,TX,49,2,Day,Cloudy,Yard,Yard/switching,0,35927,0,40124,H318,29.822883,-95.28916,50.7,52.2,45.6
UP,0923GC010,2023-09-05,7:30 PM,Derailment,0,PORT ARTHUR,TX,86,3,Dusk,Clear,Industry,Freight Train,7,3574,10264,13838,H702,29.853605,-93.973221,85.7,88.1,87.8
ATK,155988,2018-10-25,7:54 PM,Hwy-rail crossing,0,SUFFOLK,VA,46,4,Dark,Clear,Main,Passenger Train - Pulling,77,6344,0,34519,M308,36.727168,-76.579445,51.2,46,48.1
BNSF,RD0719102,2019-07-02,3:00 PM,Derailment,0,FORT WORTH,TX,87,2,Day,Clear,Yard,Yard/switching,6,12165,41077,53242,H607,32.8124,-97.321142,81.4,83.3,81.6
UP,0824HO046,2024-08-24,7:50 AM,Derailment,0,ANGLETON,TX,73,2,Day,Clear,Yard,Freight Train,6,16273,6640,24409,H703,29.151675,-95.441489,85.3,81.9,81.9
UP,0522HO031,2022-05-31,3:15 AM,Derailment,0,GALVESTON,TX,84,4,Dark,Clear,Industry,Yard/switching,3,51898,366,52264,H702,29.290839,-94.85853,85.6,85.8,85.6
NS,145775,2022-07-07,3:00 AM,Other impacts,0,ROANOKE,VA,72,4,Dark,Clear,Yard,Yard/switching,4,25000,613,25613,H318,37.277109,-79.982323,80.2,81.1,79.8
UP,0615UT006,2015-06-20,2:50 AM,Derailment,0,SALT LAKE CITY,UT,63,4,Dark,Clear,Yard,Freight Train,4,25670,112679,138349,H704,40.774549,-111.90531,83.1,78.8,82.2
BNSF,NW1016121,2016-10-12,10:00 PM,Other impacts,0,PASCO,WA,50,4,Dark,Cloudy,Yard,Yard/switching,2,14319,0,14319,S016,46.267941,-119.099675,48.1,43.1,47.8
UP,0722TO051,2022-07-25,1:24 PM,Other impacts,0,FORT WORTH,TX,98,2,Day,Clear,Yard,Yard/switching,2,1850,0,19521,M407,32.721056,-97.381203,91.9,93,93
UP,0823RM029,2023-08-22,5:30 AM,Derailment,0,OGDEN,UT,74,1,Dawn,Rain,Yard,Yard/switching,1,20366,1654,22020,H318,41.203103,-111.985782,76.9,70.6,73.9
UP,0123RM048,2023-01-15,10:25 AM,Obstruction,0,GILLULY,UT,26,2,Day,Cloudy,Main,,0,0,0,0,M403,39.929577,-111.183489,32.8,32.5,29.9
UP,0621HO004,2021-06-04,10:35 AM,Other impacts,0,LA PORTE,TX,76,2,Day,Rain,Yard,Yard/switching,4,29475,6566,92260,M407,29.683202,-95.038879,75.7,75.4,78.9
UP,0920SX025,2020-09-18,4:30 PM,Other impacts,0,SAN ANTONIO,TX,88,2,Day,Clear,Yard,Yard/switching,6,5225,0,20541,H513,29.435089,-98.451948,78.7,79.1,76.5
UP,0519HO001,2019-05-22,6:08 PM,Other (describe in narrative),0,DAYTON,TX,84,3,Dusk,Cloudy,Yard,Single Car,0,11539,0,11539,M507,29.875679,-94.908759,82,82.6,81.4
KCS,21111902,2021-11-19,10:15 AM,Hwy-rail crossing,0,MISSOURI CITY,TX,65,2,Day,Clear,Main,Freight Train,44,1820,0,106435,M304,29.623828,-95.526253,64.5,56.1,64.6
UP,0722TO008,2022-07-05,7:45 AM,Derailment,0,FORT WORTH,TX,81,2,Day,Clear,Yard,Yard/switching,4,12032,1045,13077,E11C,32.72154,-97.381465,88.9,90.8,91.7
BNSF,NW1015106,2015-10-15,5:00 PM,Derailment,0,TACOMA,WA,66,2,Day,Clear,Main,Freight Train,1,35000,0,35000,H514,47.245938,-122.434741,52,54.8,55.4
UP,0923SX006,2023-09-10,1:30 AM,Derailment,0,SAN ANTONIO,TX,79,4,Dark,Cloudy,Yard,Yard/switching,4,20412,2940,23352,H504,29.379251,-98.555649,88.5,86.7,86.7
CLP,1825,2024-06-07,6:45 PM,Obstruction,0,FLORENCE,VT,75,2,Day,Clear,Industry,Yard/switching,2,15847,0,15847,H311,43.709175,-73.912558,68,64.2,60.4
BNSF,NW1214104,2014-12-07,2:30 AM,Raking collision,0,SPOKANE,WA,34,4,Dark,Cloudy,Yard,Yard/switching,3,3202,0,11497,H306,47.673811,-117.314624,36.2,36.7,36.5
UP,1222HO011,2022-12-12,8:00 AM,Derailment,0,LA PORTE,TX,64,2,Day,Cloudy,Yard,Yard/switching,4,8070,38030,46100,H702,29.677154,-95.039521,69.5,67.7,74
UP,0919HO019,2019-09-20,4:30 AM,Other (describe in narrative),0,HOUSTON,TX,79,1,Dawn,Cloudy,Yard,Yard/switching,5,100,51788,51888,E30C,29.788444,-95.304455,77.2,80.6,82.7
XTGS,032023,2023-02-06,8:40 AM,Derailment,0,BAYTOWN,TX,65,2,Day,Clear,Yard,Yard/switching,5,0,0,0,H303,29.699795,-94.892189,61.3,64.5,67.4
BNSF,NW0318117,2018-03-24,9:30 AM,Derailment,0,VANCOUVER,WA,41,2,Day,Rain,Yard,Freight Train,7,11721,27224,43148,H702,45.650873,-122.688455,40.8,40.4,44.5
UP,0120HO024,2020-01-25,4:37 PM,Other impacts,0,HOUSTON,TX,65,2,Day,Cloudy,Yard,Single Car,0,21272,0,115154,M407,29.795634,-95.295274,56.6,59.6,65.1
BNSF,KS0719113,2019-07-30,5:20 AM,Side collision,0,AMARILLO,TX,78,1,Dawn,Clear,Yard,Yard/switching,6,33477,0,172866,H307,35.201185,-101.828452,81,82.3,85.6
BNSF,RD0220126,2020-02-18,5:43 AM,Obstruction,0,ANTON,TX,41,1,Dawn,Clear,Main,Freight Train,42,200,15500,15700,M402,33.805735,-102.163233,54,41.8,38.3
BNSF,RD0824104,2024-08-03,11:08 AM,Derailment,0,TEMPLE,TX,91,2,Day,Clear,Yard,Yard/switching,4,505752,59092,564844,H019,31.106576,-97.34897,87,85.9,87.3
NS,140384,2021-01-23,9:00 AM,Other impacts,0,ROANOKE,VA,50,2,Day,Cloudy,Yard,Yard/switching,3,37050,0,37050,H601,37.277109,-79.982323,43.5,35.7,33.1
UP,0419GC053,2019-04-27,11:49 AM,Derailment,0,HOUSTON,TX,81,2,Day,Clear,Yard,Freight Train,7,17406,1100,18506,E65C,29.794969,-95.290696,77.6,74.9,73.9
NS,143069,2021-10-05,4:32 PM,Obstruction,0,SALEM,VA,80,3,Dusk,Clear,Yard,Spec. MoW Equip.,0,10000,0,59976,H306,37.271994,-80.014903,70.3,69.8,70
CSX,000151956,2015-09-10,12:59 PM,Hwy-rail crossing,0,SKIPPERS,VA,82,2,Day,Cloudy,Main,,0,0,0,20000,M302,36.546281,-77.53008,78.1,74.6,72.4
UP,0424RM025,2024-04-22,7:45 AM,Derailment,0,OGDEN,UT,53,2,Day,Clear,Yard,Freight Train,0,402,0,12523,T221,41.182025,-111.990723,61.7,60.7,61.8
NS,138890,2020-08-18,2:07 AM,Other impacts,0,ROANOKE,VA,72,4,Dark,Cloudy,Yard,Single Car,5,1200,0,18504,H312,37.277109,-79.982321,74.3,74.7,74.2
BNSF,RD0919102,2019-09-04,9:45 PM,Derailment,0,DAYTON,TX,80,4,Dark,Clear,Yard,Yard/switching,6,51145,5000,56145,E46C,29.997069,-94.90718,83.4,84.5,84.2
UP,0919SX023,2019-09-22,8:50 PM,Other impacts,0,SAN ANTONIO,TX,90,4,Dark,Cloudy,Yard,Yard/switching,0,30837,0,227462,H702,29.383359,-98.551181,84.6,84.8,85.9
BNSF,NW0424119,2024-04-13,10:01 AM,Raking collision,0,TUKWILA,WA,48,2,Day,Clear,Main,,0,0,0,33671,M404,47.471955,-122.24787,51,51.6,54.1
CSX,000209047,2023-01-01,10:43 PM,Derailment,0,COVINGTON,VA,56,4,Dark,Cloudy,Yard,Yard/switching,12,11995,7611,19606,H601,37.79175,-79.993501,51,50.2,51.3
UP,1118LK020,2018-11-11,11:07 PM,Derailment,0,TEXARKANA,TX,42,4,Dark,Rain,Main,Yard/switching,2,140094,58866,198960,H525,33.414916,-94.051307,37.9,42.1,41
UP,1222HO029,2022-12-26,10:00 PM,Derailment,0,BAYTOWN,TX,39,4,Dark,Cloudy,Industry,Light loco(s),6,15748,0,15748,H706,29.786326,-94.901001,37.8,47.1,45.3
ATK,150985,2017-12-18,7:33 AM,Derailment,0,DU PONT,WA,48,1,Dawn,Rain,Main,Passenger Train - Pulling,78,25406000,0,25831000,H604,47.082418,-122.675154,34.4,35.1,36.9
AWRR,220628004,2022-06-28,9:37 PM,Derailment,0,BURNET,TX,85,4,Dark,Clear,Main,Freight Train,8,50000,120000,170000,M204,30.755611,-98.202298,84.1,76.6,81.6
BNSF,RD0919124,2019-09-23,7:00 PM,Derailment,0,TEAGUE,TX,84,3,Dusk,Clear,Yard,Cut of cars,0,8345,0,467062,H503,31.629242,-96.286286,82.4,83.1,82.6
UP,0223HO040,2023-02-28,9:37 AM,Other impacts,0,LA PORTE,TX,72,2,Day,Rain,Yard,Single Car,0,2663,0,13690,M411,29.683777,-95.038893,74.3,73.3,75.5
UP,0322SX022,2022-03-26,3:30 PM,Other impacts,0,SAN ANTONIO,TX,90,2,Day,Clear,Yard,Yard/switching,0,11645,0,53018,H306,29.382309,-98.552471,65.9,70.7,70
UP,1221SX012,2021-12-14,10:10 PM,Hwy-rail crossing,0,LULING,TX,69,4,Dark,Cloudy,Main,,0,0,149640,250890,M302,29.682337,-97.662923,55.4,66.9,74.1
UP,1220TO026,2020-12-21,11:36 PM,Other impacts,0,FORT WORTH,TX,55,4,Dark,Cloudy,Yard,Light loco(s),10,5197,0,12039,H307,32.718026,-97.389014,47.4,53.3,56.8
UP,0923TO011,2023-09-05,6:36 PM,Derailment,0,FORT WORTH,TX,101,3,Dusk,Clear,Yard,Yard/switching,4,21489,132,48357,S007,32.714539,-97.397153,88.5,91.6,93
UP,0718UT011,2018-07-09,2:50 AM,Derailment,0,SALT LAKE CITY,UT,77,4,Dark,Clear,Yard,Yard/switching,7,74050,72072,146122,H503,40.709005,-111.909042,85.6,85.5,85.5
BNSF,RD1020124,2020-10-01,3:24 AM,Derailment,0,SPOFFORD,TX,63,4,Dark,Clear,Siding,Freight Train,27,634118,0,750263,T220,29.217837,-100.264015,68.1,71.6,72.4
UP,0523TO001,2023-05-01,2:00 AM,Derailment,0,ARLINGTON,TX,65,4,Dark,Clear,Yard,Freight Train,6,67741,5770,73511,E06C,32.742848,-97.070962,67.2,66.8,68.3
CSX,000163861,2016-10-26,3:26 PM,Other impacts,0,CLIFTON FORGE,VA,62,2,Day,Clear,Main,Freight Train,3,52815,0,64941,H302,37.813794,-79.828813,44.9,46,53.1
UP,0522TO005,2022-05-03,4:05 AM,Hwy-rail crossing,0,MIDLAND,TX,62,1,Dawn,Clear,Main,Freight Train,40,27680,20464,48144,M302,31.972572,-102.11882,80.4,67.6,79.4
UP,1120HO024,2020-11-24,9:45 PM,Other impacts,0,LA PORTE,TX,73,4,Dark,Cloudy,Yard,Yard/switching,4,9871,1714,26670,M411,29.684352,-95.038908,63.4,72.2,69.7
UP,0818FW018,2018-08-11,7:26 PM,Fire/violent rupture,0,GRAND SALINE,TX,89,3,Dusk,Rain,Main,Freight Train,48,43858,0,43858,E74L,32.671288,-95.65181,78.4,77.4,74.7
NS,126345,2017-08-22,11:25 PM,Hwy-rail crossing,0,AMHERST,VA,82,4,Dark,Clear,Main,,0,0,32584,35593,M302,37.5777,-79.048799,78,79.7,78.3
BNSF,KS0820101,2020-08-04,10:00 PM,Side collision,0,AMARILLO,TX,91,4,Dark,Clear,Yard,Yard/switching,5,2208,500,22929,H306,35.187282,-101.833263,76.5,79.6,78
CSCD,CSC909316D,2016-03-14,1:20 PM,Derailment,0,RIVERSIDE,WA,40,2,Day,Clear,Main,Freight Train,10,29643,71900,101543,M599,48.541969,-119.4881,36.2,39,41.1
BNSF,RD0124126,2024-01-31,11:15 AM,Derailment,0,FORT WORTH,TX,51,2,Day,Clear,Yard,Yard/switching,8,31750,1500,33250,H018,32.812837,-97.321497,57.6,57.3,60.8
KCS,22072701,2022-07-27,8:50 AM,Hwy-rail crossing,0,HUNGERFORD,TX,90,2,Day,Clear,Main,Freight Train,46,18245,0,18245,M302,29.415603,-96.053245,84.5,84.2,84.7
NS,137802,2020-04-23,12:30 PM,Derailment,0,SHENANDOAH,VA,65,2,Day,Cloudy,Yard,Freight Train,9,155388,58226,213614,H520,38.46954,-78.617002,49.5,49.5,55.3
UP,0221HO017,2021-02-11,8:00 AM,Other impacts,0,HOUSTON,TX,39,2,Day,Rain,Yard,Single Car,0,52159,0,74702,S007,29.796631,-95.291505,59,40.5,35.3
UP,0717DV016,2017-07-15,3:15 PM,Fire/violent rupture,0,THOMPSON,UT,101,2,Day,Clear,Main,Freight Train,40,22117,0,22117,E79L,39.119082,-109.078935,84.1,85.7,85.4
KCS,19082301,2019-08-23,12:45 AM,Hwy-rail crossing,0,BEASLEY,TX,90,4,Dark,Clear,Main,Freight Train,24,8003,3910,11913,M301,29.490831,-95.929187,83.6,80.6,82.2
UP,0119ST061,2019-01-27,3:54 PM,Derailment,0,EL PASO,TX,58,2,Day,Clear,Yard,Cut of cars,0,43820,0,251279,H305,31.756693,-106.392625,44.8,45.5,50.7
NS,157127,2024-06-22,10:00 AM,Side collision,0,HOPEWELL,VA,91,2,Day,Clear,Yard,Freight Train,8,16000,0,25089,H702,37.302715,-77.28459,79.6,83.3,83.7
UP,1222HO040,2022-12-29,10:30 AM,Other impacts,0,HOUSTON,TX,73,2,Day,Clear,Yard,Yard/switching,2,77202,99,77301,E29C,29.78873,-95.309052,60.7,68.8,63.7
KCS,19012502,2019-01-25,5:50 PM,Hwy-rail crossing,0,VICTORIA,TX,65,2,Day,Clear,Main,Freight Train,32,82,10941,11023,M303,28.837065,-96.918166,46.4,51,55.6
XTGS,F0162019,2019-05-06,4:48 PM,Raking collision,0,ANAHUAC,TX,82,2,Day,Clear,Industry,Yard/switching,6,45068,0,45068,H307,29.699088,-94.897499,75.7,75.3,76.3
WACR,1217,2015-08-31,3:25 PM,Derailment,0,SAINT JOHNSBURY,VT,81,2,Day,Clear,Main,Freight Train,12,15700,45160,60860,E46C,44.26242,-72.01027,68.5,68.5,66.9
UP,0721RM009,2021-07-09,8:55 PM,Derailment,0,OGDEN,UT,99,4,Dark,Cloudy,Yard,Yard/switching,2,155408,14881,170289,H503,41.225348,-111.984608,88.2,87.5,81
BNSF,NW1015104,2015-10-13,1:45 PM,Derailment,0,VANCOUVER,WA,70,2,Day,Clear,Yard,Yard/switching,7,7094,7700,14794,H307,45.652996,-122.688406,56.5,59.2,57.6
UP,1122HO007,2022-11-11,3:55 AM,Other impacts,0,LA PORTE,TX,65,4,Dark,Clear,Yard,Single Car,4,37056,0,49588,M411,29.683777,-95.038893,72.9,69.2,50.8
BNSF,RD0621206,2021-06-25,1:45 PM,Hwy-rail crossing,0,MOODY,TX,95,2,Day,Clear,Main,Freight Train,25,1000,35000,36000,M302,31.297812,-97.363862,85.6,85.6,85.2
UP,0122SX007,2022-01-14,3:00 AM,Other impacts,0,SAN ANTONIO,TX,43,4,Dark,Clear,Yard,Single Car,5,0,0,12544,H318,29.436216,-98.466513,54.3,57.8,53.7
UP,1219SX017,2019-12-21,10:07 PM,Derailment,0,TAYLOR,TX,43,4,Dark,Cloudy,Yard,Freight Train,10,164135,3020,278679,H306,30.566816,-97.416033,47.3,48.4,40.6
PTRA,2018000021,2018-04-16,6:00 PM,Derailment,0,DEER PARK,TX,70,3,Dusk,Clear,Main,Freight Train,5,8000,7000,15000,E46C,29.720776,-95.115726,57.8,63.2,69.9
CSX,000166769,2017-02-13,12:15 AM,Derailment,0,RICHMOND,VA,38,4,Dark,Clear,Yard,Freight Train,5,153527,7000,166141,T220,37.581856,-77.475458,61.7,46.3,38.4
BNSF,RD0820112,2020-08-10,8:20 PM,Derailment,0,CLEBURNE,TX,92,3,Dusk,Clear,Yard,Freight Train,8,66530,6000,72530,H503,32.353229,-97.382633,88.4,88.7,89.3
CSX,000219676,2024-07-31,12:51 PM,Derailment,0,CARSON,VA,91,2,Day,Clear,Main,Freight Train,51,745,18096,18841,E68C,37.043333,-77.396315,76.7,79.2,81.9
UP,0823TO037,2023-08-22,5:57 PM,Derailment,0,SANTO,TX,100,2,Day,Clear,Main,Freight Train,36,23234,5656,28890,E39C,32.576184,-98.239134,94.2,92.2,90.5
RLAX,RLAX111220,2020-11-12,8:00 PM,Side collision,0,BAYTOWN,TX,50,4,Dark,Clear,Yard,Light loco(s),4,24623,0,62807,H399,29.771792,-94.89563,74.7,71.8,72.8
BNSF,RD0719132,2019-07-30,4:40 PM,Derailment,0,JUSTIN,TX,101,2,Day,Clear,Yard,Light loco(s),3,11600,0,11600,H211,32.996143,-97.354333,85.7,88.1,87.5
UP,1219ST004,2019-12-14,10:30 AM,Derailment,0,EL PASO,TX,61,2,Day,Clear,Yard,Yard/switching,4,10996,0,10996,H318,31.747912,-106.38198,53.9,61,62.4
UP,1121HO003,2021-11-04,2:36 AM,Other impacts,0,HOUSTON,TX,52,4,Dark,Rain,Yard,Single Car,0,22823,0,68411,M411,29.790798,-95.305583,63.4,52.4,55.7
UP,0524HO025,2024-05-16,6:30 PM,Other impacts,0,HOUSTON,TX,78,3,Dusk,Rain,Yard,Single Car,2,78,0,37915,M102,29.812794,-95.288639,81.4,75.9,69.8
UP,0123SX022,2023-01-26,6:30 AM,Other impacts,0,SAN ANTONIO,TX,33,1,Dawn,Clear,Yard,Yard/switching,7,9027,33,40548,H602,29.379859,-98.553773,48.2,46,47.1
RLAX,RLAX22021,2021-02-20,2:05 AM,Raking collision,0,BAYTOWN,TX,40,4,Dark,Clear,Yard,Yard/switching,6,11200,0,11200,H021,29.765834,-94.895833,37.3,44.8,58.3
BNSF,NW0517116,2017-05-29,2:40 PM,Other (describe in narrative),0,CONNELL,WA,96,2,Day,Clear,Main,Freight Train,7,0,23718,23718,H705,46.632566,-118.902454,72.2,75,75.3
ATK,173190,2022-12-26,6:08 PM,Hwy-rail crossing,0,SPOTSYLVANIA,VA,40,4,Dark,Clear,Main,Passenger Train - Pulling,40,22412,0,22634,M302,38.240885,-77.435624,22.7,24.8,32.9
BNSF,RD0518103,2018-05-02,1:30 AM,Derailment,0,SAGINAW,TX,68,4,Dark,Rain,Yard,Yard/switching,10,418479,35000,453479,H021,32.823419,-97.354036,75.1,79.3,76.2
UP,0723TO016,2023-07-10,11:30 PM,Other impacts,0,FORT WORTH,TX,88,4,Dark,Cloudy,Yard,Cut of cars,0,1640,0,41017,S016,32.724748,-97.373738,84.4,87,88.7
NS,134031,2019-05-22,1:40 PM,Derailment,0,HOPEWELL,VA,86,2,Day,Clear,Yard,Freight Train,4,21109,21786,42895,H306,37.297159,-77.292712,69,64.4,72.7
UP,0418UT016,2018-04-19,2:40 PM,Other impacts,0,OGDEN,UT,65,2,Day,Cloudy,Yard,Yard/switching,8,123299,34667,176986,E39C,41.202344,-111.985192,43,53.5,55.8
UP,0819RM011,2019-08-09,7:43 PM,Derailment,0,OGDEN,UT,84,3,Dusk,Clear,Yard,Freight Train,9,15347,300,15647,H504,41.218411,-111.986048,68,70.8,78
ATK,157246,2019-01-18,11:09 AM,Hwy-rail crossing,0,PROVIDENCE FORGE,VA,46,2,Day,Cloudy,Main,Passenger Train - Pulling,61,20022,0,20022,M302,37.415722,-76.940075,36.1,41.3,43.7
UP,0917PD031,2017-09-24,9:00 AM,Other impacts,0,TOUCHET,WA,65,2,Day,Clear,Yard,Yard/switching,3,0,0,43182,E20C,46.096321,-118.913435,57.1,59.4,63.2
BNSF,NW0115104,2015-01-10,5:40 PM,Derailment,0,PASCO,WA,36,3,Dusk,Cloudy,Yard,Yard/switching,9,29571,500,30071,H601,46.233654,-119.0851,35.4,35,36.7
BNSF,SW0419108,2019-04-18,11:55 PM,Rear end collision,0,EL PASO,TX,55,4,Dark,Clear,Yard,Freight Train,10,313731,0,563731,H702,31.80735,-106.548796,61.8,64.5,68.1
UP,0823HO034,2023-08-31,3:34 PM,Hwy-rail crossing,0,HOUSTON,TX,100,2,Day,Cloudy,Main,Freight Train,37,9024,185433,194457,M303,29.930165,-95.641933,87.4,87.6,87.8
BNSF,RD1023101,2023-10-01,2:26 AM,Other impacts,0,POST,TX,79,4,Dark,Clear,Main,Freight Train,0,968132,0,2513736,H310,33.285503,-101.479555,78.4,75.9,74.8
UP,0319GC004,2019-03-02,6:30 AM,Other impacts,0,HOUSTON,TX,57,1,Dawn,Cloudy,Yard,Single Car,0,159,0,24951,S007,29.792576,-95.298006,55.5,65.3,55.5
UP,1118ST023,2018-11-17,5:00 AM,Fire/violent rupture,0,EL PASO,TX,60,1,Dawn,Clear,Main,Freight Train,20,83512,0,83512,E73L,31.775635,-106.46144,46.4,50.9,50.9
UP,0522RM028,2022-05-29,10:00 PM,Obstruction,0,PRICE,UT,48,4,Dark,Clear,Industry,,0,0,28334,96334,E86C,39.527374,-110.768585,66.2,52.5,48.1
VREX,030517,2017-03-05,6:35 PM,Derailment,0,SPOTSYLVANIA,VA,43,2,Day,Cloudy,Yard,Light loco(s),3,13120,1929,15049,H607,38.213406,-77.437591,33.6,32.5,43
BNSF,RD0323114,2023-03-11,2:07 AM,Derailment,0,LUBBOCK,TX,48,4,Dark,Clear,Yard,Yard/switching,6,5430,6800,12230,H307,33.608868,-101.855251,51.1,65.6,51.5
UP,0822RM018,2022-08-23,3:00 PM,Derailment,0,CLEARFIELD,UT,90,2,Day,Clear,Industry,Yard/switching,4,14788,0,14788,M501,41.094287,-112.031597,77,78.2,76.9
UP,0618FW008,2018-06-07,9:10 AM,Hwy-rail crossing,0,GORDON,TX,100,2,Day,Cloudy,Main,Freight Train,58,11518,165,11683,M302,32.544756,-98.297774,87.6,85,81.7
UP,1122HO004,2022-11-08,8:10 AM,Derailment,0,HOUSTON,TX,72,2,Day,Cloudy,Main,Freight Train,4,32691,1559,34250,H704,29.7862,-95.43969,76.3,75.6,74.8
UP,0423TO014,2023-04-07,5:22 PM,Other impacts,0,FORT WORTH,TX,61,2,Day,Clear,Yard,Single Car,0,202,0,42269,M411,32.730168,-97.363121,53,56.7,61.4
UP,0721SX006,2021-07-07,9:50 AM,Hwy-rail crossing,0,DEL RIO,TX,77,2,Day,Clear,Main,Freight Train,40,3979,185004,188983,M302,29.355845,-100.922439,82.2,84.6,84.8
UP,0620TO016,2020-06-05,10:13 AM,Derailment,0,COAHOMA,TX,82,2,Day,Clear,Main,Freight Train,30,240379,1853478,2093857,E04C,32.300258,-101.282616,84.3,84.4,84