reportingrailroadcode,accidentnumber,date,time,accidenttype,hazmatreleasedcars,station,stateabbr,temperature,visibility_code,visibility,weathercondition,tracktype,equipmenttype,trainspeed,equipmentdamagecost,trackdamagecost,totaldamagecost,primaryaccidentcausecode,latitude,longitude,prior_temp,actual_temp,following_temp
CSX,000142701,2015-03-05,12:54 AM,Other impacts,0,BREAKS,VA,34,4,Dark,Sleet,Main,Freight Train,12,25455,0,25455,M404,37.288731,-82.313474,47.8,26.5,21.3
UP,0622RM011,2022-06-07,3:15 PM,Derailment,0,MILFORD,UT,85,2,Day,Clear,Yard,Freight Train,6,74046,155923,229969,M404,38.40232,-113.004684,70.6,71.5,74.9
UP,0721HO005,2021-07-08,5:45 AM,Derailment,0,HOUSTON,TX,77,1,Dawn,Rain,Yard,Freight Train,4,18995,4720,23715,E39C,29.794969,-95.290696,79.2,77.6,75.6
UP,0620HO019,2020-06-19,9:30 PM,Other impacts,0,HOUSTON,TX,81,4,Dark,Cloudy,Yard,Cut of cars,0,18763,0,55748,S007,29.79395,-95.294393,82.5,82.3,81
UP,0723TO004,2023-07-03,11:25 AM,Other impacts,0,FORT WORTH,TX,93,2,Day,Clear,Yard,Yard/switching,3,75403,0,533168,H020,32.718526,-97.387412,82.3,87.9,86.9
CMTY,20210713,2021-07-13,12:00 AM,Other (describe in narrative),0,AUSTIN,TX,80,4,Dark,Clear,Main,,0,0,18327,18327,H702,30.497102,-97.76946,80.6,76.9,78.4
TXGN,TYSON18827,2018-08-27,11:45 PM,Derailment,0,GONZALES,TX,0,4,Dark,Clear,Industry,Cut of cars,7,167799,68171,235970,M501,29.506275,-97.452868,86,86.4,87.1
NS,156012,2024-03-12,3:30 AM,Other impacts,0,ROANOKE,VA,43,4,Dark,Clear,Yard,Yard/switching,3,60842,4420,65262,M599,37.278302,-79.977205,46.7,56.8,60
BNSF,NW0516104,2016-05-09,10:58 PM,Raking collision,0,KALAMA,WA,68,4,Dark,Clear,Yard,Freight Train,6,4119,0,15247,H307,46.019668,-122.853855,55.3,57.4,61.5
BNSF,NW0517112,2017-05-22,4:22 AM,Derailment,0,VANCOUVER,WA,54,4,Dark,Clear,Industry,Yard/switching,5,11282,1000,12282,M409,45.633512,-122.692927,69,74.3,69.6
BNSF,RD0723207,2023-07-31,11:10 AM,Hwy-rail crossing,1,SUDAN,TX,90,2,Day,Clear,Main,Freight Train,55,516223,549042,1065265,M302,34.021209,-102.461743,82.1,82.4,83.8
NS,146377,2022-09-03,3:45 PM,Other (describe in narrative),0,CHESAPEAKE,VA,72,2,Day,Clear,Yard,Freight Train,4,19704,20934,40638,H702,36.787323,-76.269799,77.6,77.3,76.4
UP,1214PC007,2014-12-12,7:30 PM,Other impacts,0,BRIGHAM CITY,UT,38,4,Dark,Clear,Yard,Single Car,0,14295,0,14295,M507,41.51361,-112.029526,42.1,51.6,39.3
UP,0319TO032,2019-03-26,4:24 AM,Derailment,0,ARLINGTON,TX,55,1,Dawn,Clear,Yard,Yard/switching,4,137749,1592,139341,H503,32.746663,-97.072993,64.6,60.6,62.7
UP,0524HO025,2024-05-16,6:30 PM,Other impacts,0,HOUSTON,TX,78,3,Dusk,Rain,Yard,Cut of cars,5,37837,0,37915,M102,29.812794,-95.288639,81.4,75.9,69.8
UP,0223HO017,2023-02-13,7:28 AM,Hwy-rail crossing,0,SPLENDORA,TX,40,2,Day,Cloudy,Main,Freight Train,59,421442,1047270,1468712,M302,30.267531,-95.139042,48.7,55.1,67.3
UP,0119GC031,2019-01-04,1:10 AM,Other impacts,0,HOUSTON,TX,41,4,Dark,Clear,Yard,Light loco(s),0,8349,0,37649,H307,29.790761,-95.305567,48.3,49.9,58.4
ATK,178917,2024-03-19,4:57 PM,Hwy-rail crossing,0,RIO VISTA,TX,65,2,Day,Cloudy,Main,Passenger Train - Pulling,79,14239,0,14239,M302,32.183617,-97.380635,53.1,51.9,58.8
CSX,000143601,2015-03-21,4:11 AM,Hwy-rail crossing,0,CHESTER,VA,37,4,Dark,Cloudy,Main,Spec. MoW Equip.,10,45516,0,45516,M399,37.380948,-77.454302,41.3,48.1,52.4
NS,139057,2020-09-03,5:40 AM,Other (describe in narrative),0,ROANOKE,VA,72,1,Dawn,Clear,Yard,Light loco(s),3,25000,0,25000,H702,37.277109,-79.982321,79.6,81.7,78.2
FWWR,23032301,2023-03-20,5:40 AM,Derailment,0,FORT WORTH,TX,36,4,Dark,Cloudy,Yard,Yard/switching,4,6940,28912,35852,T222,32.787465,-97.337902,42.7,47,58.6
UP,0819GC047,2019-08-29,5:00 PM,Hwy-rail crossing,0,TAFT,TX,94,2,Day,Clear,Main,Freight Train,40,231,18249,18480,M302,28.056156,-97.496466,85.5,86,85.5
UP,0323RM056,2023-03-29,2:37 PM,Derailment,0,PROVO,UT,54,2,Day,Clear,Yard,Yard/switching,6,18684,8154,26838,H703,40.218147,-111.647898,39.3,48,35.3
UP,0721SX005,2021-07-07,3:00 PM,Derailment,0,SAN ANTONIO,TX,82,2,Day,Clear,Yard,Yard/switching,5,44351,197440,476851,H703,29.434045,-98.468022,78.1,77.4,78.6
UP,0423TO024,2023-04-18,1:05 AM,Derailment,0,FORT WORTH,TX,66,4,Dark,Clear,Yard,Freight Train,5,3743,37495,41238,H511,32.725949,-97.37479,64.7,67.3,74.6
BNSF,RD0518112,2018-05-13,9:01 AM,Other impacts,0,DAYTON,TX,85,2,Day,Clear,Yard,Yard/switching,15,53941,0,53941,H318,30.004484,-94.905781,79.3,79.5,78.3
UP,0920TO038,2020-09-27,6:10 PM,Other impacts,0,FORT WORTH,TX,91,3,Dusk,Clear,Yard,Cut of cars,1,10508,0,30378,H310,32.724304,-97.375761,75.3,80.5,67.3
NS,153389,2023-06-18,11:49 PM,Other (describe in narrative),0,CHESAPEAKE,VA,72,4,Dark,Cloudy,Yard,Freight Train,2,0,50,50,H702,36.801387,-76.26713,72,74.6,77.4
BNSF,RD0919127,2019-09-26,2:24 AM,Side collision,0,JUSTIN,TX,79,4,Dark,Clear,Yard,Yard/switching,13,15987,0,15987,H318,33.007744,-97.354592,86.8,85.5,85.2
BNSF,RD1118125,2018-11-15,4:35 AM,Derailment,0,DAYTON,TX,34,1,Dawn,Clear,Yard,Yard/switching,5,12000,2500,14500,H318,29.996208,-94.90736,39.3,43.2,51
UP,0822SX014,2022-08-15,9:20 PM,Other impacts,0,LAREDO,TX,80,4,Dark,Rain,Yard,Yard/switching,2,601,0,21390,M105,27.664784,-99.445343,80.4,75.9,84.9
UP,0421TO013,2021-04-23,4:30 AM,Other impacts,0,FORT WORTH,TX,60,1,Dawn,Clear,Yard,Freight Train,0,107991,0,211342,H301,32.717257,-97.38948,57.6,64.1,63.1
UP,0621TO029,2021-06-29,6:41 AM,Hwy-rail crossing,0,ODESSA,TX,68,1,Dawn,Clear,Main,Freight Train,60,5910,50033,55943,M308,31.898101,-102.263009,70.8,72.8,75.7
UP,0722SX021,2022-07-22,9:30 PM,Broken train collision,0,SAN ANTONIO,TX,91,4,Dark,Cloudy,Yard,Yard/switching,6,2742,150,22281,E34C,29.373765,-98.559181,87.8,87.5,87.2
BNSF,KS0822205,2022-08-30,10:46 AM,Hwy-rail crossing,0,HEREFORD,TX,73,2,Day,Clear,Main,Freight Train,65,9039,25000,34039,M302,34.835782,-102.354043,74.2,73.6,73.4
UP,1221TO033,2021-12-22,5:00 AM,Other impacts,0,EL PASO,TX,42,1,Dawn,Clear,Yard,Single Car,5,7890,0,19607,H310,31.753551,-106.388489,45.3,51.7,55.7
UP,0521TO016,2021-05-16,5:50 PM,Other impacts,0,BIG SPRING,TX,89,2,Day,Cloudy,Yard,Single Car,0,24727,0,24838,H302,32.253545,-101.482156,72.4,72.4,71.1
UP,0919RM018,2019-09-28,3:30 AM,Other impacts,0,OGDEN,UT,56,4,Dark,Rain,Yard,Light loco(s),0,0,0,14053,H307,41.199138,-111.986901,60.8,52.4,41.7
UP,0219GC034,2019-02-14,1:08 PM,Other (describe in narrative),0,GOODRICH,TX,74,2,Day,Clear,Industry,Single Car,0,30755,0,30755,M507,30.600062,-94.947824,48.3,61.3,65.5
BNSF,RD0421115,2021-04-25,1:02 PM,Derailment,0,GALVESTON,TX,79,2,Day,Clear,Yard,Yard/switching,9,84058,214000,298058,H307,29.294813,-94.838103,78.1,71.4,73
BNSF,RD0819105,2019-08-05,1:50 AM,Derailment,0,SAGINAW,TX,80,4,Dark,Clear,Yard,Yard/switching,4,117931,85771,203918,H504,32.831308,-97.357788,83.8,86,88.6
UP,0224RM016,2024-02-20,8:20 PM,Derailment,0,OGDEN,UT,44,4,Dark,Rain,Yard,Yard/switching,5,3974,32939,36913,E33C,41.213316,-111.983614,37.7,42.2,38.9
UP,0118HO025,2018-01-17,6:10 PM,Derailment,0,ELKHART,TX,22,4,Dark,Cloudy,Main,Freight Train,23,6789,15555,22344,E53C,31.579768,-95.507827,22.1,21.5,30.4
UP,0719RM022,2019-07-22,4:50 PM,Derailment,0,OGDEN,UT,95,2,Day,Clear,Yard,Yard/switching,2,28105,2739,30844,H702,41.227698,-111.985944,80.2,84.2,83.4
UP,1119RM016,2019-11-22,8:25 AM,Derailment,0,HENEFER,UT,21,2,Day,Fog,Main,Freight Train,1,29283,33,29316,H503,41.141755,-111.161528,39.7,36.5,35.8
UP,0621TO033,2021-06-30,5:21 PM,Hwy-rail crossing,0,ABBOTT,TX,89,2,Day,Clear,Main,Freight Train,48,11911,30330,42241,M303,31.883041,-97.073086,78.5,80.8,84.5
NS,155739,2024-02-12,8:30 AM,Other impacts,0,ROANOKE,VA,54,2,Day,Cloudy,Yard,Single Car,2,20000,0,70000,H601,37.277109,-79.982324,54.8,51.6,47
BNSF,RD0222106,2022-02-07,9:10 PM,Derailment,0,WICHITA FALLS,TX,32,4,Dark,Clear,Yard,Freight Train,6,37500,4800,42300,H303,33.929626,-98.532507,36.8,41.7,49.6
UP,0622SX004,2022-06-03,6:42 PM,Derailment,0,SHINER,TX,92,3,Dusk,Clear,Main,Freight Train,36,584728,161219,745947,M204,29.42289,-97.181723,82.3,82.9,82.9
UFRC,11091801,2018-11-09,11:39 AM,Hwy-rail crossing,0,PROVO,UT,37,2,Day,Clear,Main,Commuter Train - Pushing,55,70000,0,70000,M399,40.2387,-111.68669,33.3,29.6,34.8
UP,0518HO026,2018-05-14,9:00 AM,Other impacts,0,HOUSTON,TX,80,2,Day,Clear,Yard,Single Car,0,58848,0,64383,M201,29.826483,-95.290172,81.2,80.7,81.3
UP,0422HO011,2022-04-16,7:50 PM,Other impacts,0,HOUSTON,TX,79,3,Dusk,Cloudy,Yard,Yard/switching,3,132268,200,165616,H318,29.816697,-95.289353,73.5,75.5,77
CSX,000153804,2015-10-30,7:24 PM,Side collision,0,COVINGTON,VA,43,4,Dark,Clear,Yard,Yard/switching,7,171695,1200,219470,H306,37.786656,-79.992132,54.5,42.7,41.6
BNSF,RD1020121,2020-10-28,6:50 PM,Derailment,0,BROWNWOOD,TX,40,3,Dusk,Cloudy,Yard,Freight Train,7,19500,1243,20743,H307,31.713614,-98.966952,32.9,39.9,48.7
UP,0421SX011,2021-04-13,4:58 PM,Other (describe in narrative),0,SAN ANTONIO,TX,83,2,Day,Cloudy,Yard,Single Car,0,12712,0,12712,M411,29.36743,-98.56431,77.1,77.2,78.6
UP,0722TO024,2022-07-14,9:00 AM,Derailment,0,EL PASO,TX,81,2,Day,Clear,Yard,Yard/switching,4,42194,100,42294,M401,31.753525,-106.388515,87.5,87.5,89.3
UP,0523TO008,2023-05-05,6:35 PM,Hwy-rail crossing,0,BARSTOW,TX,94,3,Dusk,Clear,Main,Freight Train,65,201753,16682,218435,M302,31.467012,-103.359849,73.5,75.9,76.2
UP,0317PD011,2017-03-05,3:08 PM,Other (describe in narrative),0,KALAMA,WA,38,2,Day,Cloudy,Industry,Freight Train,9,0,0,17551,H306,46.002804,-122.844815,40.2,39.2,37.9
UP,0123RM002,2023-01-02,7:30 PM,Derailment,0,OGDEN,UT,30,3,Dusk,Cloudy,Yard,Yard/switching,2,4680,8437,13117,H018,41.213316,-111.983614,33.9,30.5,30.3
NS,146096,2022-08-05,7:30 PM,Other impacts,0,ROANOKE,VA,72,3,Dusk,Rain,Yard,Single Car,4,30000,0,30500,H312,37.277109,-79.982323,80.8,78.9,74
UP,0921ES041,2021-09-23,4:44 PM,Obstruction,0,SAN ANTONIO,TX,87,2,Day,Clear,Main,Maint./inspect Car,35,33609,432,37941,H402,29.501841,-98.342588,78.5,72.1,73.7
UP,0223HO021,2023-02-18,1:42 AM,Other impacts,0,HOUSTON,TX,40,4,Dark,Clear,Yard,Single Car,1,0,0,25022,S007,29.796903,-95.291988,44.5,47.7,61
UP,0922TO025,2022-09-21,9:30 AM,Other (describe in narrative),0,FORT WORTH,TX,81,2,Day,Clear,Yard,Yard/switching,4,14727,0,14727,M201,32.721025,-97.381189,84.9,84.7,84.2
UP,0721HO015,2021-07-16,7:42 PM,Derailment,0,HOUSTON,TX,86,3,Dusk,Clear,Yard,Yard/switching,4,17308,3598,20906,E07C,29.829187,-95.288277,82.5,83.5,84.7
UP,0118SA019,2018-01-29,6:20 AM,Derailment,0,SAN ANTONIO,TX,40,4,Dark,Clear,Yard,Yard/switching,9,604224,129322,733546,H503,29.352703,-98.57806,59.2,55.2,51.4
PNR,PNR2333395,2023-10-27,10:05 AM,Derailment,0,PANHANDLE,TX,65,2,Day,Clear,Yard,Freight Train,8,13388,0,13388,H307,35.332406,-101.402298,68.4,49.7,40.8
UP,0122HO026,2022-01-27,1:31 PM,Other impacts,0,HOUSTON,TX,57,2,Day,Clear,Yard,Single Car,5,8276,0,20349,M404,29.786151,-95.319258,47.6,52,51.1
UP,1018LV015,2018-10-09,11:45 AM,Other impacts,0,BEAUMONT,TX,78,2,Day,Cloudy,Yard,Yard/switching,0,12143,0,159454,H702,30.07211,-94.157441,81.1,79.8,75.8
UP,0221HO005,2021-02-05,3:22 AM,Derailment,0,HOUSTON,TX,53,4,Dark,Cloudy,Yard,Yard/switching,4,285130,15845,300975,H306,29.748698,-95.281814,67.6,50.9,55.1
KCS,20073104,2020-07-31,11:25 PM,Derailment,0,LAREDO,TX,73,4,Dark,Rain,Main,Freight Train,4,143912,0,143912,M502,27.509486,-99.515539,85.1,87.5,80.7
BNSF,NW0218108,2018-02-20,5:20 PM,Head on collision,0,SUMAS,WA,28,3,Dusk,Cloudy,Industry,Yard/switching,4,112407,4000,116407,H702,48.997214,-122.276134,28.4,29.2,26.8
UP,1221HO010,2021-12-13,8:05 AM,Hwy-rail crossing,0,COLLEGE STATION,TX,51,2,Day,Cloudy,Main,Freight Train,50,6415,10986,17401,M302,30.537176,-96.301959,48.3,55.8,71.6
BNSF,RD0318101,2018-03-01,9:30 AM,Derailment,0,SILSBEE,TX,68,2,Day,Clear,Yard,Freight Train,6,12308,250,12558,H607,30.350368,-94.181558,73.8,68.7,62.8
BNSF,RD1118132,2018-11-12,2:00 PM,Other impacts,0,FORT WORTH,TX,45,2,Day,Clear,Yard,Yard/switching,4,23001,0,23001,H312,32.82021,-97.328287,47.9,40.7,33.4
UP,0321RM008,2021-03-10,9:04 AM,Derailment,0,BRIGHAM CITY,UT,32,2,Day,Cloudy,Yard,Yard/switching,0,1136,38388,39524,H018,41.521496,-112.029491,37.3,36.7,36.8
ATK,172105,2022-09-20,11:59 AM,Hwy-rail crossing,0,MISSOURI CITY,TX,87,2,Day,Clear,Main,Passenger Train - Pulling,72,18052,0,19202,M308,29.623809,-95.526185,82.3,83.4,82.4
BNSF,NW0815121,2015-08-28,10:30 AM,Side collision,0,TACOMA,WA,65,2,Day,Clear,Yard,Yard/switching,6,25000,0,120434,H607,47.246149,-122.434781,70.3,66.9,64.3
UP,0524RM025,2024-05-31,9:15 AM,Other impacts,0,RIVERDALE,UT,55,2,Day,Clear,Yard,Cut of cars,0,0,0,22743,H702,41.187722,-111.989959,61.7,65.1,71.3
NS,140393,2021-01-26,8:30 AM,Other impacts,0,SALEM,VA,55,2,Day,Clear,Yard,Single Car,0,15000,0,21840,H312,37.271994,-80.014903,36.8,37.6,43.2
BNSF,RD0122135,2022-01-31,3:30 PM,Derailment,0,HOUSTON,TX,60,2,Day,Rain,Yard,Yard/switching,3,68161,0,68161,H503,29.627419,-95.305405,56.5,58.2,61
NS,146195,2022-08-15,7:35 PM,Other impacts,0,ROANOKE,VA,64,3,Dusk,Rain,Yard,Single Car,0,10500,0,22182,H601,37.277109,-79.982323,69.6,66.6,66
CSX,000198122,2021-06-08,6:12 PM,Derailment,0,RICHMOND,VA,82,3,Dusk,Clear,Main,Freight Train,14,173467,20754,194221,E46C,37.532816,-77.456703,80.5,80.6,78.2
ATK,148201,2017-07-02,2:29 PM,Derailment,0,STEILACOOM,WA,78,2,Day,Clear,Main,Passenger Train - Pulling,32,2634879,0,2719791,H221,47.184987,-122.585612,60.9,62.4,60.5
UP,0323HO027,2023-03-30,3:50 AM,Other impacts,0,HOUSTON,TX,62,4,Dark,Cloudy,Yard,Yard/switching,2,285,0,43700,M408,29.79379,-95.300094,62.7,69.4,76.1
TMBL,11082016A,2016-11-08,1:23 AM,Side collision,0,TACOMA,WA,51,4,Dark,Clear,Yard,Yard/switching,1,985,0,11985,H310,47.251919,-122.401061,52.9,55.4,56.1
UP,0218HO032,2018-02-21,8:00 AM,Other (describe in narrative),0,HOUSTON,TX,68,2,Day,Cloudy,Yard,Single Car,0,19930,0,20342,M201,29.813514,-95.288011,73.5,65.5,61.4
UP,0121HO004,2021-01-06,8:35 PM,Other impacts,0,LA PORTE,TX,58,4,Dark,Cloudy,Yard,Cut of cars,0,1308,0,93184,S007,29.685851,-95.038835,60.2,62.6,53
UP,0921HO004,2021-09-04,11:30 AM,Other impacts,0,LA PORTE,TX,89,2,Day,Clear,Yard,Yard/switching,3,7130,200,19784,M411,29.683638,-95.038897,83.2,85.7,86.6
UP,0122SX007,2022-01-14,3:00 AM,Other impacts,0,SAN ANTONIO,TX,43,4,Dark,Clear,Yard,Yard/switching,8,12344,200,12544,H318,29.436216,-98.466513,54.3,57.8,53.7
BNSF,KS1218107,2018-12-14,9:12 PM,Derailment,0,AMARILLO,TX,36,4,Dark,Clear,Yard,Light loco(s),6,500,23000,23500,H307,35.192691,-101.830616,39.6,34.7,43.2
UP,0522SX028,2022-05-30,11:25 AM,Hwy-rail crossing,0,SABINAL,TX,82,2,Day,Clear,Main,Freight Train,44,5387,30300,35687,M303,29.319215,-99.466748,84.5,84,84.9
FWWR,19122302,2019-12-23,10:15 AM,Hwy-rail crossing,0,FORT WORTH,TX,43,2,Day,Clear,Main,Yard/switching,18,518,93042,93560,M304,32.704158,-97.350077,44.8,46.9,54.3
PTRA,2022000010,2022-03-01,12:10 PM,Other impacts,0,LA PORTE,TX,68,2,Day,Clear,Yard,Freight Train,1,15500,0,69054,H306,29.682429,-95.022366,52,56.4,59.2
NS,134873,2019-07-25,11:25 AM,Other impacts,0,SUFFOLK,VA,81,2,Day,Clear,Main,Spec. MoW Equip.,0,0,0,14000,H997,36.729496,-76.565424,72.8,74.4,74.2
UP,1216UT004,2016-12-04,2:15 PM,Derailment,0,DELTA,UT,45,2,Day,Clear,Siding,Freight Train,0,3500,112753,116253,E60C,39.388238,-112.555176,23.8,28.4,31
UP,0823SX028,2023-08-17,11:30 PM,Derailment,0,SAN ANTONIO,TX,86,4,Dark,Clear,Yard,Freight Train,4,41702,15591,57293,H704,29.35942,-98.572295,92.3,91.6,90.4
NS,144735,2022-03-18,3:30 AM,Other impacts,0,ROANOKE,VA,50,4,Dark,Cloudy,Yard,Single Car,0,37787,0,39045,H312,37.277109,-79.982323,59.5,60.5,63.7
NS,116523,2015-07-14,3:50 PM,Rear end collision,0,DUBLIN,VA,83,2,Day,Clear,Main,Freight Train,30,1161359,0,1946689,H222,37.126029,-80.648965,73.4,72,71.7
NS,156814,2024-05-23,9:48 PM,Other impacts,0,NORFOLK,VA,67,4,Dark,Clear,Yard,Single Car,0,26130,3130,55390,H302,36.871878,-76.295016,74.6,77.6,75
UP,0719TO028,2019-07-21,4:00 PM,Hwy-rail crossing,0,PECOS,TX,105,2,Day,Clear,Main,Freight Train,40,35558,300,35858,M302,31.391226,-103.602104,91.5,91.8,84.7
UP,0822TO041,2022-08-29,9:15 PM,Derailment,0,EL PASO,TX,81,4,Dark,Clear,Yard,Freight Train,5,60882,15246,76128,H305,31.742305,-106.375433,82.7,82.1,76.2
UP,0619TO016,2019-06-10,1:25 PM,Fire/violent rupture,0,STANTON,TX,63,2,Day,Cloudy,Main,Freight Train,40,43902,33,43935,E73L,32.155988,-101.715511,77.5,65.9,71.5
BNSF,RD0519106,2019-05-04,5:01 PM,Side collision,0,DAYTON,TX,62,3,Dusk,Clear,Yard,Yard/switching,0,20545,0,41295,H318,29.994236,-94.907496,72.5,74.4,73.3
UP,0421HO013,2021-04-14,7:40 PM,Derailment,0,HOUSTON,TX,68,3,Dusk,Cloudy,Main,,0,0,8140,131674,H514,29.736429,-95.340255,74.9,71.7,66.7
UP,0923TO004,2023-09-03,6:24 AM,Derailment,0,FORT WORTH,TX,80,1,Dawn,Cloudy,Yard,Yard/switching,7,31834,46908,78742,H507,32.722032,-97.376877,85.9,87.1,88.5
UP,0423TO014,2023-04-07,5:22 PM,Other impacts,0,FORT WORTH,TX,61,2,Day,Clear,Yard,Single Car,0,202,0,42269,M411,32.730168,-97.363121,53,56.7,61.4
NS,138770,2020-08-06,1:12 PM,Other impacts,0,NORFOLK,VA,90,2,Day,Clear,Yard,Single Car,4,15000,1262,31262,H020,36.871434,-76.293489,83.4,79.7,78.2
BNSF,RD0123106,2023-01-12,2:38 AM,Derailment,0,EAGLE PASS,TX,60,4,Dark,Clear,Yard,Freight Train,9,14025,0,17425,H307,28.779884,-100.470805,67.2,59.8,50.7
UP,0916UT006,2016-09-19,11:40 AM,Derailment,0,SALT LAKE CITY,UT,89,2,Day,Clear,Industry,Freight Train,4,18898,0,18898,M101,40.331415,-111.736944,71.6,75.3,76.2
UP,0520TO025,2020-05-27,3:27 PM,Hwy-rail crossing,0,ARGYLE,TX,85,2,Day,Clear,Main,Freight Train,6,3190,18588,21778,M302,33.101245,-97.190763,66.2,71.6,75.5
UP,0422TO039,2022-04-29,7:00 AM,Other (describe in narrative),0,FORT WORTH,TX,72,2,Day,Cloudy,Yard,Single Car,0,51067,0,51067,M204,32.724259,-97.377244,71.7,74.9,74.1
PTRA,2022000027,2022-06-13,12:00 PM,Hwy-rail crossing,0,PASADENA,TX,95,2,Day,Clear,Main,Freight Train,15,17076,0,17076,M302,29.720794,-95.157714,86.2,86.5,86
BNSF,NW0416101,2016-04-07,7:30 PM,Other (describe in narrative),0,EPHRATA,WA,80,3,Dusk,Clear,Main,Maint./inspect Car,5,13000,2000,15000,H402,47.369901,-119.460866,49.7,59.8,65.1
NS,137026,2020-02-02,3:00 PM,Other impacts,0,ROANOKE,VA,60,2,Day,Clear,Yard,Cut of cars,4,50000,1662,51662,H312,37.277109,-79.982321,41.4,51.4,60.2
BB,2017T103,2017-03-19,5:40 PM,Derailment,0,AFTON,VA,49,3,Dusk,Clear,Main,,0,0,51284,69803,E41C,38.03894,-78.824518,45.7,41.7,43.3
BNSF,RD0620121,2020-06-16,6:31 PM,Side collision,0,DAYTON,TX,90,3,Dusk,Clear,Yard,Yard/switching,4,11038,0,16957,H602,29.995316,-94.907369,81.1,80.9,80.3
UP,0821HO001,2021-08-01,2:12 PM,Derailment,0,BAYTOWN,TX,92,2,Day,Clear,Yard,Freight Train,4,15819,10420,26239,H307,29.765116,-94.89623,85.8,86.5,86.4
BNSF,RD0724113,2024-07-13,3:39 AM,Derailment,0,LUBBOCK,TX,74,4,Dark,Clear,Yard,Yard/switching,4,17663,200,17863,H307,33.57485,-101.828682,85.5,83.2,84.9
UP,0620ES064,2020-06-14,1:30 PM,Derailment,0,SAGINAW,TX,88,2,Day,Clear,Main,Spec. MoW Equip.,2,41506,33,41539,E99C,32.817882,-97.350263,81.4,81.8,83.6
BNSF,KS0821110,2021-08-19,2:58 PM,Derailment,0,DUMAS,TX,95,2,Day,Clear,Yard,Freight Train,9,267247,9000,276247,H307,36.038102,-102.004388,75,80.1,81.7
UP,0519RM024,2019-05-21,4:40 AM,Other impacts,0,OGDEN,UT,43,1,Dawn,Rain,Yard,Yard/switching,4,146424,10325,175165,M199,41.199116,-111.9868,49.2,44.7,47.6
NS,156725,2024-05-15,7:45 PM,Obstruction,0,SALEM,VA,68,3,Dusk,Cloudy,Yard,Freight Train,7,19000,884,19884,E79L,37.272034,-80.018499,63.2,65.7,70.4
UP,0918FW034,2018-09-25,11:27 AM,Hwy-rail crossing,0,BIG SPRING,TX,80,2,Day,Clear,Main,Freight Train,60,11700,18962,30662,M302,32.175831,-101.660505,69.4,76.6,58.2
NS,138168,2020-06-07,3:04 AM,Derailment,1,ROANOKE,VA,71,4,Dark,Clear,Yard,Cut of cars,0,1695187,81851,1777038,H021,37.277786,-79.923957,78.2,77.1,72.7
BNSF,KS0320113,2020-03-15,1:45 PM,Other impacts,0,PAMPA,TX,50,2,Day,Clear,Yard,Freight Train,5,74576,0,74576,H318,35.528745,-100.972693,43,39.4,53.6
UP,1121SX009,2021-11-11,6:15 AM,Obstruction,0,CALDWELL,TX,62,1,Dawn,Cloudy,Main,Freight Train,5,7630,69854,77484,M404,30.523504,-96.694718,69,63.9,57.7
NS,121139,2016-07-06,11:30 AM,Other impacts,0,CLOVER,VA,90,2,Day,Clear,Industry,Light loco(s),0,40968,0,41088,H017,36.855082,-78.718856,78.1,78,79
BNSF,RD1118110,2018-11-09,1:30 AM,Side collision,0,FORT WORTH,TX,45,4,Dark,Clear,Yard,Yard/switching,8,11787,6000,36787,H306,32.833065,-97.339277,55.1,48.4,43.4
BNSF,RD0324206,2024-03-19,4:57 PM,Hwy-rail crossing,0,RIO VISTA,TX,65,2,Day,Clear,Main,,0,0,0,14239,M302,32.183617,-97.380635,53.1,51.9,58.8
BNSF,KS0820101,2020-08-04,10:00 PM,Side collision,0,AMARILLO,TX,91,4,Dark,Clear,Yard,Yard/switching,0,20221,0,22929,H306,35.187282,-101.833263,76.5,79.6,78
UP,1021SX005,2021-10-05,1:11 PM,Derailment,0,SAN ANTONIO,TX,87,2,Day,Cloudy,Industry,Yard/switching,6,7926,40800,48726,H524,29.54441,-98.427483,79.7,76.1,75.9
BNSF,NW1217112,2017-12-22,4:30 AM,Side collision,0,PASCO,WA,28,1,Dawn,Cloudy,Yard,Yard/switching,10,86000,0,104600,S016,46.266369,-119.099683,29.3,31.5,26.7
BNSF,KS0518101,2018-05-04,9:00 AM,Derailment,0,AMARILLO,TX,55,2,Day,Clear,Yard,Freight Train,8,21200,1500,22700,H503,35.187072,-101.833386,66.6,60.8,66.7
CSX,000172811,2017-11-12,1:05 PM,Derailment,0,LYNCHBURG,VA,45,2,Day,Clear,Yard,Freight Train,5,24639,3930,28569,H704,37.410157,-79.135428,29.8,35.2,43.7
BNSF,RD1122121,2022-11-20,2:20 PM,Derailment,0,BROWNWOOD,TX,37,2,Day,Rain,Yard,Freight Train,4,43888,31175,75063,H703,31.714494,-98.968169,36.7,37.1,43.7
CSX,000182803,2019-05-06,11:40 AM,Hwy-rail crossing,0,SUFFOLK,VA,70,2,Day,Clear,Main,Freight Train,35,11361,0,11361,M302,36.751542,-76.521603,71.4,63.3,65.5
PTRA,2020000020,2020-10-05,10:00 PM,Raking collision,0,HOUSTON,TX,78,4,Dark,Clear,Yard,Yard/switching,11,10000,30000,40000,H318,29.76824,-95.292634,74.8,73.4,74.2