reportingrailroadcode,accidentnumber,date,time,accidenttype,hazmatreleasedcars,station,stateabbr,temperature,visibility_code,visibility,weathercondition,tracktype,equipmenttype,trainspeed,equipmentdamagecost,trackdamagecost,totaldamagecost,primaryaccidentcausecode,latitude,longitude,prior_temp,actual_temp,following_temp
ATK,164095,2020-04-12,6:33 PM,Obstruction,0,MINEOLA,TX,64,3,Dusk,Cloudy,Main,Passenger Train - Pulling,66,32511,0,32811,M404,32.639362,-95.388977,57.7,66.6,47.9
UP,0921TO013,2021-09-19,11:45 AM,Other impacts,0,FORT WORTH,TX,87,2,Day,Clear,Yard,Freight Train,0,96105,2000,119560,H310,32.730362,-97.322349,83.2,84,87.3
CWRY,CWR785815,2015-11-06,7:00 AM,Derailment,0,PORTSMOUTH,VA,60,1,Dawn,Cloudy,Yard,Freight Train,5,3753,11788,15541,H702,36.877022,-76.366332,67.9,71.5,67.1
UP,1023HO002,2023-10-03,4:40 AM,Derailment,0,LA PORTE,TX,82,1,Dawn,Cloudy,Yard,Yard/switching,5,4810,98118,102928,E09C,29.684662,-95.039411,82.8,79,81.2
NS,152658,2023-03-29,2:27 AM,Side collision,0,CREWE,VA,40,4,Dark,Rain,Yard,Work train,0,13335,0,23346,H306,37.178052,-78.131442,51.5,47.7,48.3
BNSF,NW0824124,2024-08-31,9:30 PM,Other impacts,0,ANACORTES,WA,64,4,Dark,Clear,Yard,Yard/switching,4,71315,0,71315,H302,48.471477,-122.568365,61.8,63.8,63.1
UP,0822SX020,2022-08-24,8:45 PM,Derailment,0,SAN ANTONIO,TX,80,4,Dark,Clear,Siding,Yard/switching,5,5408,432,39166,H503,29.326609,-98.622661,79.9,81.1,82.9
UP,0922HO026,2022-09-20,11:59 AM,Hwy-rail crossing,0,MISSOURI CITY,TX,80,2,Day,Clear,Main,,0,0,1150,19202,M308,29.623809,-95.526185,82.3,83.4,82.4
UP,0721GC014,2021-07-14,1:50 AM,Other impacts,0,CORPUS CHRISTI,TX,79,4,Dark,Clear,Yard,Yard/switching,4,0,198,105779,H310,27.834079,-97.510046,82.5,83.1,83.9
UP,1218TO026,2018-12-18,2:45 PM,Hwy-rail crossing,0,MIDLAND,TX,50,2,Day,Clear,Main,Freight Train,16,43998,22514,66512,M303,31.972572,-102.11882,46.9,47.1,51.8
BNSF,RD0320112,2020-03-13,1:30 PM,Side collision,0,DAYTON,TX,75,2,Day,Clear,Yard,Yard/switching,4,25782,0,26658,H318,30.01322,-94.902654,72.9,73.3,73.4
NS,142027,2019-03-03,7:55 PM,Hwy-rail crossing,0,REMINGTON,VA,34,3,Dusk,Rain,Main,,0,0,0,13400,M303,38.675186,-77.745781,40.4,39.3,36.7
UP,0520SX008,2020-05-10,2:38 AM,Other impacts,0,SAN ANTONIO,TX,63,4,Dark,Clear,Yard,Yard/switching,4,29425,99,29632,H312,29.373816,-98.559242,69.2,69.9,73.9
UP,0218UT002,2018-02-03,7:40 PM,Derailment,0,OGDEN,UT,45,4,Dark,Clear,Yard,Yard/switching,3,291747,23822,315569,M501,41.215897,-111.983751,45.6,48,47.5
UP,1122SX022,2022-11-17,3:30 PM,Derailment,0,SAN ANTONIO,TX,59,2,Day,Cloudy,Yard,Yard/switching,2,18868,56160,75028,S011,29.381666,-98.541849,48.7,51.9,52.1
BNSF,NW1215116,2015-12-28,5:15 PM,Side collision,0,SPOKANE,WA,23,3,Dusk,Cloudy,Yard,Yard/switching,0,16886,0,17186,H021,47.673697,-117.333793,26.5,26.8,24.7
NS,118546,2015-12-11,10:10 PM,Derailment,0,DANVILLE,VA,50,4,Dark,Clear,Main,Freight Train,42,35200,2500,37700,E33C,36.624358,-79.368693,52,56.8,60.7
UP,0818LK035,2018-08-18,1:10 PM,Hwy-rail crossing,0,HALLSVILLE,TX,100,2,Day,Clear,Main,,0,0,250,15880,M308,32.507338,-94.540229,86.4,86.8,86.7
DGNO,DGN428619,2019-06-17,8:00 PM,Other (describe in narrative),0,DALLAS,TX,72,3,Dusk,Clear,Yard,Yard/switching,3,380000,0,380000,E73L,32.813396,-96.873602,72.2,75.5,82.4
UP,1023HL002,2023-10-03,10:00 AM,Hwy-rail crossing,0,DALHART,TX,62,2,Day,Clear,Main,Freight Train,60,15716,630,16346,M304,36.235514,-102.238034,68.1,67.9,60.3
UP,0123TO013,2023-01-12,1:15 AM,Hwy-rail crossing,0,MILLSAP,TX,59,4,Dark,Clear,Main,Freight Train,20,1780,25300,27080,M302,32.747553,-98.009765,69.6,50.2,43.8
NS,116756,2015-07-31,2:30 AM,Derailment,0,CREWE,VA,74,4,Dark,Cloudy,Yard,Yard/switching,10,26888,100,26988,H702,37.18768,-78.145131,79.8,78.5,77.3
UP,0424TO029,2024-04-23,7:36 PM,Derailment,0,MERKEL,TX,85,3,Dusk,Rain,Main,Freight Train,61,882726,183643,1066369,M105,32.484998,-100.105642,59.3,71.5,72.1
BNSF,KS0820115,2020-08-29,8:46 PM,Obstruction,0,AMARILLO,TX,64,3,Dusk,Rain,Main,Freight Train,15,1500,0,262306,M105,35.226757,-101.738966,87.4,77.1,76.9
BNSF,RD0921128,2021-09-23,4:44 PM,Obstruction,0,SAN ANTONIO,TX,87,2,Day,Clear,Main,Freight Train,0,3900,0,37941,H997,29.501841,-98.342588,78.5,72.1,73.7
NS,137695,2020-04-09,2:40 AM,Derailment,0,ROANOKE,VA,57,4,Dark,Cloudy,Yard,Yard/switching,5,3700,7791,11491,M405,37.271098,-79.997944,66.5,61.3,45.5
BNSF,RD0420111,2020-04-22,3:19 AM,Derailment,0,HOUSTON,TX,75,4,Dark,Cloudy,Yard,Yard/switching,4,8500,12000,20500,H307,29.629684,-95.302221,75.3,77.8,81.2
NS,157697,2024-08-12,8:03 PM,Hwy-rail crossing,0,STUARTS DRAFT,VA,73,4,Dark,Clear,Main,Freight Train,50,3000,10000,13000,M303,38.023578,-79.026576,69.7,69.7,68.6
UP,0221RM024,2021-02-17,2:23 PM,Other (describe in narrative),0,GARRISON,UT,29,2,Day,Cloudy,Siding,Freight Train,1,5000,28155,33155,H008,38.71237,-112.968898,28.2,20.6,22.8
UP,0219SX020,2019-02-14,3:19 PM,Hwy-rail crossing,0,WHITSETT,TX,77,2,Day,Cloudy,Main,Work train,39,90446,99,90545,M304,28.587656,-98.219002,51.2,59.8,65.7
XAAL,2024XAAL01,2024-08-30,8:43 PM,Derailment,0,FORT WORTH,TX,90,4,Dark,Clear,Yard,Yard/switching,13,145555,22345,335800,H307,32.980841,-97.338867,85.2,83.1,84.2
BNSF,RD0522120,2022-05-18,1:15 AM,Derailment,0,HOUSTON,TX,73,4,Dark,Clear,Yard,Yard/switching,8,5400,8200,13600,H607,29.924052,-95.514614,80.6,81.2,80.9
UP,0121HO020,2021-01-15,11:00 PM,Obstruction,0,HOUSTON,TX,42,4,Dark,Clear,Yard,Yard/switching,10,871,50144,51015,M409,29.794134,-95.298783,57,51.8,50.9
UP,1022RM028,2022-10-27,1:10 AM,Derailment,0,RIVERDALE,UT,33,4,Dark,Cloudy,Yard,Yard/switching,4,34405,636,35041,H511,41.167556,-111.994656,40.9,39.3,40.9
CSX,000206082,2022-07-13,1:35 AM,Derailment,0,CLIFTON FORGE,VA,67,4,Dark,Cloudy,Yard,Freight Train,7,29244,96,29340,H305,37.811388,-79.835301,70.9,74.7,73.4
UTAX,08252015,2015-08-25,1:22 PM,Hwy-rail crossing,0,WEST JORDAN,UT,93,2,Day,Clear,Main,EMU,25,32000,0,32000,M304,40.605583,-111.93877,82.4,83.5,75.8
UTAX,3292020,2020-03-29,2:49 PM,Hwy-rail crossing,0,SOUTH SALT LAKE,UT,56,2,Day,Cloudy,Main,EMU,36,165000,0,165000,M301,40.699889,-111.896945,39.1,43.9,48.2
CSX,000209831,2023-02-15,9:46 PM,Derailment,0,RICHMOND,VA,54,4,Dark,Clear,Yard,Cut of cars,8,22142,0,57842,H312,37.569947,-77.466884,49,57,65.2
BNSF,NW1116207,2016-11-27,5:05 PM,Hwy-rail crossing,0,RIDGEFIELD,WA,45,3,Dusk,Rain,Main,,0,0,0,10573,M302,45.816864,-122.748469,47.5,44.7,45.5
BNSF,RD0718121,2018-07-18,9:00 AM,Derailment,0,FORT WORTH,TX,95,2,Day,Clear,Yard,Yard/switching,4,8000,3000,11000,H607,32.825895,-97.334021,91.1,92.7,95.1
UP,0321SX003,2021-03-04,7:41 PM,Derailment,0,SAN ANTONIO,TX,70,3,Dusk,Cloudy,Yard,Yard/switching,8,142959,59060,202019,H702,29.383934,-98.547246,54.6,59.8,66.5
UP,1222TO008,2022-12-06,1:22 AM,Derailment,0,ENNIS,TX,67,4,Dark,Cloudy,Yard,Freight Train,5,68157,227370,295527,H514,32.329677,-96.627951,63.9,69.8,70.9
BNSF,RD1222118,2022-12-15,1:15 PM,Derailment,0,DAYTON,TX,60,2,Day,Clear,Yard,Yard/switching,3,8695,2646,11341,H312,29.999854,-94.905858,61.9,52.1,51.8
UP,0721TO009,2021-07-07,6:35 PM,Derailment,0,FORT WORTH,TX,91,3,Dusk,Clear,Main,Freight Train,30,17512,22687,40199,E64C,32.756685,-97.322367,80.2,82.9,84
UP,1218RM018,2018-12-09,2:01 PM,Fire/violent rupture,0,COALVILLE,UT,30,2,Day,Clear,Main,Freight Train,32,13532,0,13532,M406,40.975658,-111.431919,30.8,28,26.6
BNSF,KS0918103,2018-09-04,12:40 PM,Derailment,0,AMARILLO,TX,81,2,Day,Clear,Yard,Freight Train,8,51000,0,51000,H503,35.212918,-101.820005,73.1,75.1,70
ATK,154488,2018-07-27,11:56 PM,Obstruction,0,BLAIRS,VA,73,4,Dark,Cloudy,Main,Passenger Train - Pulling,59,27718,0,27718,M404,36.698681,-79.389351,75.4,78.1,78.2
UP,0123RM026,2023-01-19,1:04 PM,Hwy-rail crossing,0,TRENTON,UT,25,2,Day,Snow,Main,Freight Train,39,12549,100,12649,M302,41.903129,-111.945466,22.5,22.8,22.1
BNSF,NW0724114,2024-07-15,2:49 PM,Derailment,0,VANCOUVER,WA,82,2,Day,Clear,Yard,,0,0,18153,18153,H307,45.645791,-122.687643,75.2,70.6,77.7
UP,0722HO010,2022-07-17,11:23 AM,Other impacts,0,PASADENA,TX,92,2,Day,Cloudy,Yard,Freight Train,5,318,0,52818,H307,29.716079,-95.226997,86.1,86.6,87
CCPN,CCP889621,2021-12-18,3:00 PM,Derailment,0,CORPUS CHRISTI,TX,66,2,Day,Cloudy,Yard,Yard/switching,5,9698,0,21543,T217,27.806136,-97.405868,74.7,69.1,50.8
UP,0419TO016,2019-04-10,11:38 PM,Derailment,0,CHANDLER,TX,73,4,Dark,Clear,Main,Freight Train,23,34567,5656,40223,M206,32.305045,-95.490688,69.8,75,67.6
BNSF,RD0522108,2022-05-09,5:50 AM,Derailment,0,HITCHCOCK,TX,70,1,Dawn,Clear,Yard,Yard/switching,3,29185,0,29185,H312,29.330965,-94.967947,83.2,83.6,83.1
NS,146331,2022-08-30,3:00 AM,Other impacts,0,ROANOKE,VA,75,4,Dark,Clear,Yard,Yard/switching,3,6282,0,25669,H312,37.271115,-79.997916,79.3,76,75.7
UP,0718SA008,2018-07-09,4:15 AM,Hwy-rail crossing,0,SEGUIN,TX,75,4,Dark,Clear,Main,Freight Train,30,1929,15772,17701,M303,29.586904,-97.986561,79.6,75.7,81.3
UP,0420SX004,2020-04-18,9:31 PM,Derailment,0,MCNEIL,TX,59,4,Dark,Clear,Main,,0,0,29548,29548,M101,30.453177,-97.720758,67.2,58.6,71.7
UP,0623RM023,2023-06-23,3:45 PM,Derailment,0,PROVO,UT,76,2,Day,Clear,Yard,Yard/switching,5,27054,11620,38674,H307,40.216863,-111.647068,67.1,68.4,66.6
UTAH,UTA022722D,2022-03-06,10:00 AM,Derailment,0,PROVO,UT,33,2,Day,Snow,Yard,Freight Train,5,91815,30000,121815,H704,40.222489,-111.65024,40.4,32.1,30.3
CSX,000179511,2018-10-12,1:00 AM,Other (describe in narrative),0,RICHMOND,VA,68,4,Dark,Cloudy,Yard,Cut of cars,0,33848,0,33848,M103,37.578216,-77.472965,75.5,62.4,55.7
UP,0320HO003,2020-03-03,12:15 PM,Hwy-rail crossing,0,LISSIE,TX,79,2,Day,Cloudy,Main,,0,0,610936,790576,M302,29.563894,-96.253146,70.5,72.8,67.5
UP,0521TO029,2021-05-30,3:28 PM,Derailment,0,ODESSA,TX,80,2,Day,Clear,Industry,Freight Train,4,43450,1408,44858,H303,31.840556,-102.373701,70.9,71.3,65.7
UP,1121SX012,2021-11-15,4:45 PM,Hwy-rail crossing,0,ROUND ROCK,TX,71,2,Day,Clear,Main,Light loco(s),56,9174,25000,34174,M302,30.527678,-97.624614,61.7,66,70.2
UP,0324SX019,2024-03-20,9:00 AM,Hwy-rail crossing,0,HUTTO,TX,55,2,Day,Cloudy,Main,Freight Train,52,17148,990,18138,M308,30.536801,-97.580823,53,58.7,60.7
UP,0119TO043,2019-01-31,3:57 PM,Other impacts,0,MONAHANS,TX,71,2,Day,Clear,Yard,Yard/switching,4,2594,4352,12127,H017,31.603455,-102.862623,41.8,48,52.7
BNSF,RD0524107,2024-05-06,1:00 PM,Derailment,0,PLAINVIEW,TX,80,2,Day,Clear,Yard,Freight Train,7,1000,15604,16604,M503,34.194363,-101.704134,59.9,72.1,66.5
BNSF,SW0323108,2023-03-22,12:45 PM,Derailment,0,EL PASO,TX,74,2,Day,Clear,Industry,Yard/switching,3,10472,1500,11972,H307,31.83259,-106.57115,66.6,68,61.7
UP,0718ST015,2018-07-23,7:30 AM,Hwy-rail crossing,0,VAN HORN,TX,102,2,Day,Clear,Main,Freight Train,67,72766,99,72865,M308,31.059135,-104.608664,90.1,90.4,85.2
UP,1218TO019,2018-12-12,11:15 PM,Derailment,0,DALLAS,TX,61,4,Dark,Rain,Main,,0,0,156057,160557,E59C,32.771818,-96.804058,48.9,55.9,57.9
UP,0622TO003,2022-06-06,3:40 PM,Derailment,0,EL PASO,TX,97,2,Day,Clear,Yard,Freight Train,3,20391,2112,22503,H702,31.744815,-106.377793,87.4,89.5,91.6
ATK,145261,2016-11-27,5:05 PM,Hwy-rail crossing,0,RIDGEFIELD,WA,46,4,Dark,Rain,Main,Passenger Train - Pulling,48,10573,0,10573,M302,45.816864,-122.748469,47.5,44.7,45.5
UP,1122SX001,2022-11-02,5:15 AM,Other impacts,0,SAN ANTONIO,TX,57,1,Dawn,Clear,Yard,Single Car,5,6312,0,78013,H312,29.38057,-98.554212,65.9,67.1,74.6
BNSF,KS0919103,2019-09-03,9:36 PM,Side collision,0,AMARILLO,TX,73,4,Dark,Clear,Yard,Freight Train,8,199731,0,290731,H607,35.200816,-101.828647,78.9,79.9,78.1
UP,0922HO011,2022-09-11,2:00 PM,Derailment,0,HOUSTON,TX,91,2,Day,Clear,Yard,Yard/switching,2,130857,3874,134731,M408,29.792499,-95.298482,82.5,83.6,82.1
UP,0420GC003,2020-04-01,7:46 PM,Derailment,0,CORPUS CHRISTI,TX,74,3,Dusk,Cloudy,Industry,Yard/switching,4,11994,1873,13867,T211,27.821852,-97.487779,75.6,70.6,73.4
UP,0316UT001,2016-03-06,1:30 AM,Other impacts,0,SALT LAKE CITY,UT,53,4,Dark,Clear,Yard,Cut of cars,0,32225,0,32899,H306,40.705888,-111.908697,57.9,49.6,40.4
NS,146308,2022-08-28,4:50 PM,Other impacts,0,ROANOKE,VA,85,3,Dusk,Clear,Yard,Cut of cars,0,13054,0,20851,H317,37.277024,-79.965086,77.3,78.8,79.3
UP,0619GC024,2019-06-19,2:20 AM,Derailment,0,DAYTON,TX,77,4,Dark,Clear,Main,,0,0,606484,630790,H607,30.002861,-94.904855,82,84.4,85.2
UTAX,8302023,2023-08-30,7:57 AM,RR grade crossing,0,MIDVALE,UT,67,1,Dawn,Clear,Main,EMU,36,0,0,0,M599,40.616996,-111.916007,82.1,75.8,76.7
BNSF,RD1218133,2018-12-29,12:51 AM,Derailment,0,NORTH ZULCH,TX,42,4,Dark,Cloudy,Main,Freight Train,11,14311,4500,18811,H019,30.935011,-96.109814,47.2,43.8,42.7
UP,1222HO030,2022-12-24,1:15 PM,Derailment,0,HOUSTON,TX,37,2,Day,Clear,Yard,Yard/switching,10,1253,12060,13313,S006,29.816403,-95.288915,22.6,30.7,38.4
UP,0319MA031,2019-03-21,1:20 AM,Derailment,0,MARSHALL,TX,41,4,Dark,Clear,Main,Freight Train,4,161752,3170,164922,H702,32.551457,-94.364823,54.4,54.7,57.3
UP,0524RM011,2024-05-10,4:55 PM,Other impacts,0,OGDEN,UT,70,2,Day,Cloudy,Yard,Yard/switching,5,27230,0,47747,H017,41.213316,-111.983614,52.7,60.2,61.8
BNSF,RD0722128,2022-07-30,11:59 PM,Derailment,0,HOUSTON,TX,85,4,Dark,Clear,Yard,Freight Train,5,149804,3000,152804,H307,29.906534,-95.504382,85.1,85.7,85.7
BNSF,RD1118106,2018-11-08,2:00 PM,Derailment,0,VALLEY MILLS,TX,52,2,Day,Rain,Siding,Freight Train,2,12321,0,12321,E29C,31.608905,-97.458993,66.1,55.5,50.3
BNSF,NW1217112,2017-12-22,4:30 AM,Side collision,0,PASCO,WA,28,1,Dawn,Cloudy,Yard,Yard/switching,6,18600,0,104600,S016,46.266369,-119.099683,29.3,31.5,26.7
WATX,201108003,2020-11-08,9:00 PM,Other impacts,0,DEER PARK,TX,72,4,Dark,Clear,Yard,Yard/switching,5,12000,0,12000,H702,29.722482,-95.10318,69.5,71.3,75.6
UP,0220TO003,2020-02-05,2:45 AM,Derailment,0,FORT WORTH,TX,47,4,Dark,Cloudy,Yard,Yard/switching,3,6853,65564,72417,E64C,32.727224,-97.36719,51.2,34.8,37
UP,1120HO015,2020-11-18,8:50 PM,Derailment,0,HOUSTON,TX,61,4,Dark,Cloudy,Main,Freight Train,7,335446,14106,349552,H503,29.770143,-95.447458,63.1,62.7,67.2
UP,1222TO038,2022-12-31,5:22 AM,Other impacts,0,FORT WORTH,TX,49,1,Dawn,Clear,Yard,Yard/switching,3,410,23712,24122,M411,32.731178,-97.361854,53.6,58.3,64.1
UP,0420GC025,2020-04-27,6:43 PM,Obstruction,0,BEAUMONT,TX,79,3,Dusk,Clear,Yard,Light loco(s),5,9418,30363,39781,M404,30.072163,-94.153472,70.3,70.8,73.9
UP,0122SX012,2022-01-16,6:35 PM,Derailment,0,SAN ANTONIO,TX,61,3,Dusk,Cloudy,Industry,Yard/switching,5,14388,329,14717,H505,29.544948,-98.428271,53.7,48.2,51.1
UP,0320TO024,2020-03-20,3:30 AM,Derailment,0,FORT WORTH,TX,61,4,Dark,Rain,Yard,Freight Train,5,5071,29001,34072,H702,32.729754,-97.363585,70.5,53.5,48.9
UP,1223HO037,2023-12-23,3:30 PM,Other impacts,0,LA PORTE,TX,55,2,Day,Clear,Yard,Cut of cars,5,11897,0,13139,S016,29.683788,-95.038831,64.5,67.3,64.3
UP,0422GC009,2022-04-07,4:55 PM,Other impacts,0,VICTORIA,TX,74,2,Day,Clear,Yard,Yard/switching,10,11363,0,11424,M105,28.659666,-96.874699,75.8,63.7,62.4
UP,0422GC011,2022-04-08,6:00 PM,Derailment,0,CLUTE,TX,77,3,Dusk,Clear,Yard,Yard/switching,3,35456,34772,70228,E24C,29.014439,-95.389932,64.9,61.2,63.5
UP,0923ES016,2023-09-08,11:11 AM,Obstruction,0,BIG SANDY,TX,100,2,Day,Clear,Main,Spec. MoW Equip.,4,80000,0,81906,H025,32.583174,-95.104866,89.4,86,79.9
BNSF,RD0117104,2017-01-02,8:40 AM,Side collision,0,FORT WORTH,TX,60,1,Dawn,Cloudy,Yard,Yard/switching,0,19634,0,19849,H307,32.818035,-97.326032,53.5,62,49.1
BNSF,RD1218117,2018-12-15,8:13 PM,Derailment,0,PEARLAND,TX,60,3,Dusk,Clear,Yard,Freight Train,8,25750,40000,65750,H704,29.597767,-95.297457,48.6,54.8,54.3
BNSF,NW0917200,2017-09-13,2:43 PM,Hwy-rail crossing,0,VANCOUVER,WA,73,2,Day,Clear,Main,,0,0,10000,21420,M302,45.707628,-122.720967,71.4,62.4,64.3
KCS,19040402,2019-04-04,10:50 PM,Hwy-rail crossing,0,SAN DIEGO,TX,68,4,Dark,Clear,Main,Freight Train,16,10000,1341,11341,M308,27.765035,-98.234026,66.6,72.7,73.3
BNSF,NW0417114,2017-04-22,4:35 AM,Derailment,0,VANCOUVER,WA,57,1,Dawn,Cloudy,Main,Freight Train,9,24997,107000,131997,E49C,45.632962,-122.686574,54.5,58.3,52.1
UP,0523SX023,2023-05-20,2:25 AM,Derailment,0,SAN ANTONIO,TX,73,4,Dark,Rain,Yard,Yard/switching,5,18449,4840,23289,T220,29.435946,-98.440299,78.5,74.2,70.1
UP,0623TO009,2023-06-06,4:57 PM,Derailment,0,SWEETWATER,TX,82,2,Day,Clear,Main,Freight Train,19,170477,165656,336133,H518,32.486381,-100.363318,69.2,74.1,75.8
NS,139056,2020-09-01,10:45 AM,Other impacts,0,ARRINGTON,VA,68,2,Day,Cloudy,Main,Spec. MoW Equip.,0,19341,0,19341,H997,37.637446,-78.965905,67.2,69.9,77.4
UP,1222RM016,2022-12-16,9:36 AM,Derailment,0,SOUTH SALT LAKE,UT,14,2,Day,Clear,Yard,Yard/switching,6,237160,1600,238760,H993,40.710888,-111.909233,27.8,20.6,19.9
BNSF,NW0616114,2016-06-11,7:24 PM,Obstruction,0,CASTLE ROCK,WA,68,3,Dusk,Clear,Main,,0,0,0,16931,M404,46.382345,-122.984848,54.6,56.4,58.6
NS,144557,2022-03-02,3:30 AM,Other impacts,0,ROANOKE,VA,51,4,Dark,Cloudy,Yard,Single Car,0,51634,0,207000,H318,37.277109,-79.982323,49.4,58.7,61.3
NS,138746,2020-08-03,3:00 PM,Other impacts,0,ROANOKE,VA,82,2,Day,Clear,Yard,Single Car,1,29468,0,29468,H312,37.277574,-79.978824,78.9,73.1,77.3
UP,0124HO006,2024-01-04,9:45 PM,Other impacts,0,DAYTON,TX,53,4,Dark,Cloudy,Main,Cut of cars,0,5484,0,12484,H995,29.988651,-94.908625,49.3,49.5,51.6
UP,0220HO011,2020-02-09,3:50 PM,Derailment,0,HOUSTON,TX,72,2,Day,Cloudy,Yard,Yard/switching,2,13181,1200,14381,M405,29.82577,-95.290317,61.1,68,71.5
UP,0320SX028,2020-03-20,4:26 PM,Fire/violent rupture,0,SPOFFORD,TX,65,2,Day,Cloudy,Main,,0,0,0,16288,E99L,29.182935,-100.312466,74.9,65.5,55.7
UP,0624TO006,2024-06-06,2:02 AM,Other impacts,0,DALLAS,TX,71,4,Dark,Clear,Main,Cut of cars,0,9479,0,595422,M404,32.77356,-96.841396,78.5,81.5,84.4
UP,1023TO018,2023-10-17,5:15 PM,Hwy-rail crossing,0,MIDLAND,TX,82,2,Day,Clear,Main,Freight Train,61,0,25000,25000,M304,31.944635,-102.172937,60.6,67.5,72.4
UP,0720RM031,2020-07-30,3:22 AM,Other impacts,0,SALT LAKE CITY,UT,78,4,Dark,Clear,Yard,,0,0,150,50150,H702,40.752437,-112.020281,78.7,85.6,89.3
BNSF,RD0821122,2021-08-26,12:55 PM,Derailment,0,FORT WORTH,TX,98,2,Day,Clear,Yard,Yard/switching,8,4900,6370,17310,H306,32.827349,-97.334726,87.1,87.6,84.8
KCS,21120302,2021-12-03,7:21 PM,Derailment,0,BENAVIDES,TX,75,4,Dark,Clear,Main,Freight Train,25,9200,234826,244026,E53C,27.382748,-98.583123,67.7,71.5,73
TGS,052024B,2024-05-24,10:47 PM,Derailment,0,BEACH CITY,TX,83,4,Dark,Clear,Yard,Yard/switching,4,230000,0,230000,H306,29.721675,-94.895696,83.6,83.8,84.3
BNSF,KS0823110,2023-08-16,5:18 PM,Derailment,0,AMARILLO,TX,101,3,Dusk,Clear,Yard,Yard/switching,8,813438,34969,848407,E46C,35.194786,-101.830853,76.4,83.8,87.4
UP,0722HO001,2022-07-01,3:23 AM,Derailment,0,HOUSTON,TX,76,4,Dark,Rain,Yard,Freight Train,10,72910,71800,144710,E05C,29.766146,-95.326512,77.9,80.2,83.6
NS,151889,2023-01-01,11:00 PM,Other impacts,0,ROANOKE,VA,50,4,Dark,Clear,Yard,Cut of cars,0,195342,2223,246691,H318,37.277109,-79.982324,52.2,56.1,55.1
UP,0220TO001,2020-02-02,6:50 AM,Other impacts,0,FORT WORTH,TX,48,1,Dawn,Clear,Yard,Yard/switching,0,116446,33,154469,H310,32.720824,-97.381089,50.8,63.7,61.9
NS,133104,2019-03-06,2:15 AM,Derailment,0,ROANOKE,VA,21,4,Dark,Clear,Yard,Freight Train,7,4608,27890,32498,E39C,37.273788,-79.950442,31.2,28,35.7
UP,0224HO030,2024-02-22,3:10 PM,Other impacts,0,HOUSTON,TX,76,2,Day,Clear,Yard,Single Car,2,673,0,18392,M411,29.819983,-95.288306,66.3,68.9,67.9
UP,0522HO024,2022-05-21,5:25 PM,Hwy-rail crossing,0,HOUSTON,TX,90,2,Day,Cloudy,Main,Freight Train,25,5753,11630,17383,M304,29.8682,-95.12819,82.2,83.7,76.8
UP,1018SA013,2018-10-15,7:55 AM,Hwy-rail crossing,0,DEL RIO,TX,62,2,Day,Rain,Main,Freight Train,30,724,88132,88856,M302,29.362813,-100.978318,77.9,48.6,46.5
UP,0621HO010,2021-06-13,7:06 PM,Hwy-rail crossing,0,STAFFORD,TX,92,3,Dusk,Clear,Main,Freight Train,20,0,19150,19150,M308,29.635097,-95.496916,85.5,86.3,85.3
UP,0822RM012,2022-08-16,8:55 AM,Other impacts,0,SOUTH SALT LAKE,UT,65,2,Day,Clear,Yard,Single Car,0,0,0,200698,E31C,40.704478,-111.907532,81,84.1,85.9
UP,1117ST025,2017-11-29,10:50 AM,Hwy-rail crossing,0,VAN HORN,TX,55,2,Day,Clear,Main,Freight Train,69,141035,900,141935,M308,31.059135,-104.608664,61.3,49.3,52.3
UP,0617HO025,2017-06-13,10:30 AM,Derailment,0,HOUSTON,TX,86,2,Day,Clear,Main,Spec. MoW Equip.,5,34495,0,34495,E51C,29.809146,-95.265837,83,82.7,83.2
CSX,000168283,2017-04-16,2:43 AM,Side collision,0,RICHMOND,VA,65,4,Dark,Clear,Yard,Single Car,4,51294,0,56194,H318,37.584345,-77.477281,67.3,74.7,69.3
UP,0324SX010,2024-03-09,5:20 PM,Other impacts,0,HEARNE,TX,58,2,Day,Cloudy,Yard,Yard/switching,15,258391,517,262650,H702,30.778743,-96.600318,69.5,50.9,53.7
PTRA,2020000009,2020-05-06,2:45 AM,Derailment,0,HOUSTON,TX,70,4,Dark,Cloudy,Yard,Freight Train,10,7800,65820,74420,E46C,29.771491,-95.290385,80.5,75.7,74.7
AWRR,210713006,2021-07-13,12:00 AM,Other (describe in narrative),0,AUSTIN,TX,80,4,Dark,Clear,Main,Freight Train,10,0,0,18327,H702,30.479102,-97.76946,80.6,76.9,78.4
ATK,173898,2023-02-27,11:30 AM,Hwy-rail crossing,0,SHARON,VT,30,2,Day,Clear,Main,Passenger Train - Pulling,59,63347,0,63347,M302,43.743256,-72.440037,11.9,21.7,28.3
UP,1222HO035,2022-12-30,9:08 AM,Derailment,0,CONROE,TX,60,2,Day,Clear,Industry,Freight Train,5,20694,0,20694,M101,30.18939,-95.443764,67.9,61.3,61
TGS,122023,2023-12-04,10:00 PM,Derailment,0,BEACH CITY,TX,60,4,Dark,Clear,Yard,Yard/switching,10,200000,100000,300000,H503,29.723818,-94.895718,61.3,61.7,59.3
UP,0418FW003,2018-04-02,10:45 PM,Derailment,0,ARLINGTON,TX,50,4,Dark,Clear,Yard,Yard/switching,6,11934,86277,98211,H702,32.74135,-97.059654,63.1,48.2,68.4
UP,0216UT017,2016-02-27,4:45 AM,Derailment,0,SALT LAKE CITY,UT,45,4,Dark,Clear,Yard,Yard/switching,3,255,59704,59959,H702,40.778063,-111.905309,45.4,49.2,45.1