reportingrailroadcode,accidentnumber,date,time,accidenttype,hazmatreleasedcars,station,stateabbr,temperature,visibility_code,visibility,weathercondition,tracktype,equipmenttype,trainspeed,equipmentdamagecost,trackdamagecost,totaldamagecost,primaryaccidentcausecode,latitude,longitude,prior_temp,actual_temp,following_temp
UP,0421HO024,2021-04-25,9:55 AM,Derailment,0,LA PORTE,TX,67,2,Day,Clear,Yard,Yard/switching,4,120,40852,40972,E29C,29.708466,-95.07416,78.3,71.6,72.5
NS,127463,2017-11-18,8:37 PM,Derailment,0,APPALACHIA,VA,55,4,Dark,Rain,Main,Freight Train,46,1593857,408614,2002471,M204,36.884679,-82.805773,44.8,53.4,36
TMBL,05222015A,2015-05-22,1:35 AM,Derailment,0,OLYMPIA,WA,55,4,Dark,Cloudy,Siding,Yard/switching,4,20000,0,20100,H704,46.969784,-122.83188,61.6,54.9,55.7
UP,1019SX011,2019-10-10,5:51 AM,Hwy-rail crossing,0,SAN MARCOS,TX,78,1,Dawn,Cloudy,Main,Freight Train,25,3871,19750,23621,M304,29.789758,-98.043015,78.8,84.4,60.4
UP,1123HO028,2023-11-28,12:15 PM,Derailment,0,CORPUS CHRISTI,TX,70,2,Day,Cloudy,Main,Freight Train,10,16108,49650,65758,M204,27.83637,-97.513056,54.4,57.8,65.1
UP,1121GC013,2021-11-13,6:22 AM,Hwy-rail crossing,0,PORTER,TX,47,1,Dawn,Cloudy,Main,Freight Train,44,10760,184938,195698,M302,30.078736,-95.237624,61.2,54,59.8
UP,0920TO038,2020-09-27,6:10 PM,Other impacts,0,FORT WORTH,TX,91,3,Dusk,Clear,Yard,Yard/switching,4,19870,0,30378,H310,32.724304,-97.375761,75.3,80.5,67.3
UP,1218GC048,2018-12-21,6:53 AM,Hwy-rail crossing,0,LIVINGSTON,TX,42,1,Dawn,Clear,Main,Freight Train,42,52826,0,52826,M302,30.788319,-94.894189,54.9,48.9,54.5
PTRA,2024012,2024-08-11,4:10 AM,Raking collision,0,HOUSTON,TX,80,4,Dark,Clear,Yard,Freight Train,4,40810,0,40810,H318,29.761571,-95.292969,87.6,87.4,87.4
UP,0318FW019,2018-03-14,1:50 PM,Hwy-rail crossing,0,SWEETWATER,TX,69,2,Day,Clear,Main,Freight Train,47,49734,300,50034,M302,32.525858,-100.275968,50.9,53.8,62.5
UP,0319GC058,2019-03-22,5:35 PM,Other impacts,0,LA PORTE,TX,76,2,Day,Clear,Yard,Cut of cars,3,16513,0,21838,M404,29.683921,-95.038896,65.2,65.8,66.3
BNSF,RD0119104,2019-01-05,8:40 PM,Other impacts,0,FORT WORTH,TX,50,3,Dusk,Clear,Yard,Yard/switching,4,86011,0,86011,H318,32.822682,-97.330343,45.4,51.3,56.4
NS,131885,2018-11-30,11:30 AM,Derailment,0,LYNCHBURG,VA,45,2,Day,Clear,Industry,Freight Train,7,50326,2095,52421,H307,37.362374,-79.251571,34.8,45.7,40.7
UP,1020GC026,2020-10-16,10:50 PM,Hwy-rail crossing,0,SHEPHERD,TX,58,4,Dark,Clear,Main,Freight Train,40,60,18000,18060,M301,30.445282,-95.02887,76.1,60.4,65.4
ATK,143084,2016-06-11,7:24 PM,Obstruction,0,RYDERWOOD,WA,68,3,Dusk,Clear,Main,Passenger Train - Pulling,55,16931,0,16931,M404,46.382345,-122.984848,54.4,56.4,58.2
UP,1020TO001,2020-10-03,2:40 AM,Other impacts,0,FORT WORTH,TX,63,4,Dark,Clear,Yard,Yard/switching,5,73343,5508,79076,H318,32.72452,-97.373623,65.6,69.9,69.6
UP,0423TO015,2023-04-08,4:51 PM,Other impacts,0,FORT WORTH,TX,71,2,Day,Clear,Yard,Yard/switching,5,1069,0,11791,M404,32.723411,-97.377735,56.7,61.4,62.6
BNSF,PR0222104,2022-02-05,10:30 AM,Derailment,0,PROVO,UT,45,2,Day,Clear,Yard,Freight Train,7,193518,0,393518,H607,40.213192,-111.639449,22.1,27.6,29.3
BNSF,RD0719119,2019-07-19,8:35 AM,Derailment,0,FORT WORTH,TX,84,2,Day,Clear,Yard,Light loco(s),4,6000,25000,31000,H607,32.818598,-97.326521,87,87.4,87.5
BNSF,RD0918132,2018-09-19,2:25 PM,Rear end collision,0,SAGINAW,TX,94,2,Day,Clear,Main,Spec. MoW Equip.,10,10000,0,30000,H402,32.888475,-97.387585,79.7,79.3,75.6
BNSF,KS0618105,2018-06-23,6:45 AM,Derailment,0,AMARILLO,TX,65,1,Dawn,Clear,Yard,Yard/switching,7,17401,0,17401,H318,35.194018,-101.830624,81.1,74.8,76.8
NS,151889,2023-01-01,11:00 PM,Other impacts,0,ROANOKE,VA,50,4,Dark,Clear,Yard,Freight Train,4,49126,0,246691,H318,37.277109,-79.982324,52.2,56.1,55.1
UP,1120TO024,2020-11-24,2:45 PM,Other (describe in narrative),0,BELLMEAD,TX,76,2,Day,Cloudy,Yard,Yard/switching,2,18656,0,18656,M201,31.57886,-97.103244,54.3,66.7,55.5
UP,0820GC040,2020-08-22,9:24 AM,Hwy-rail crossing,0,SPLENDORA,TX,80,2,Day,Clear,Main,Freight Train,50,360,22000,22360,M303,30.172831,-95.203116,79.9,79,81.5
UP,0820TO015,2020-08-17,3:10 PM,Derailment,0,EL PASO,TX,93,2,Day,Cloudy,Yard,Yard/switching,6,23097,133318,156415,M405,31.769644,-106.46901,88.2,84.1,83.9
UP,0422RM017,2022-04-13,9:55 AM,Derailment,0,LEWISTON,UT,23,2,Day,Cloudy,Industry,Freight Train,8,5103,8565,13668,T220,41.972467,-111.827316,29.6,28.7,38.4
UP,0424HO013,2024-04-10,1:08 AM,Derailment,0,DAYTON,TX,65,4,Dark,Rain,Siding,,0,0,4264,25775,H607,29.933747,-94.915369,75.2,69,68.8
BNSF,RD1118202,2018-11-07,1:45 PM,Hwy-rail crossing,0,FORT WORTH,TX,60,2,Day,Cloudy,Main,,0,0,30000,33566,M302,32.698669,-97.342804,63.9,61.3,55.1
UP,1217FW015,2017-12-13,8:25 AM,Hwy-rail crossing,0,DENTON,TX,62,2,Day,Clear,Main,Freight Train,29,489,22501,22990,M303,33.212391,-97.127837,46.4,50.7,45.8
UP,0116UT004,2016-01-14,7:06 PM,Fire/violent rupture,0,MOUNTAIN GREEN,UT,29,4,Dark,Clear,Main,Freight Train,30,100872,0,100872,E73L,41.138974,-111.841045,20.9,27.6,28.5
UP,0419TO046,2019-04-25,10:52 AM,Hwy-rail crossing,0,HOLLAND,TX,71,2,Day,Clear,Main,,0,0,0,16198,M302,30.911455,-97.367968,62.7,67.3,67.8
UP,1123SX002,2023-11-01,9:30 PM,Derailment,0,LOCKHART,TX,44,4,Dark,Clear,Main,,0,0,340308,1315086,H503,29.890572,-97.649605,49.7,46.8,49.5
UP,0921HO007,2021-09-07,6:58 AM,Other impacts,0,HOUSTON,TX,77,1,Dawn,Clear,Yard,Yard/switching,5,20124,0,24397,M411,29.796298,-95.292014,82.7,82.4,82.8
BNSF,RD1120110,2020-11-14,7:17 PM,Derailment,0,TOMBALL,TX,77,3,Dusk,Clear,Siding,Freight Train,10,91015,226000,317015,E64C,30.055613,-95.589337,71.1,76.5,68.5
DCTA,DCTA21001,2021-01-03,1:40 PM,Hwy-rail crossing,0,LEWISVILLE,TX,65,2,Day,Clear,Main,Maint./inspect Car,5,14000,0,14000,M302,33.0717,-97.01738,43.7,48.5,49.5
BNSF,RD1019122,2019-10-30,5:45 PM,Derailment,0,SILSBEE,TX,60,3,Dusk,Cloudy,Yard,Yard/switching,5,18000,9000,27000,H307,30.351626,-94.184977,70.1,68,48.7
UP,0422SX029,2022-04-27,8:30 PM,Other impacts,0,SAN ANTONIO,TX,78,4,Dark,Cloudy,Yard,Cut of cars,2,392,299,462110,M105,29.37242,-98.56063,66.4,72.4,77.6
UP,0922HO033,2022-09-25,2:30 PM,Other impacts,0,DAYTON,TX,96,2,Day,Clear,Yard,Light loco(s),4,7827,0,961325,H307,30.012524,-94.902256,82.8,83.4,83.4
BNSF,RD0120106,2020-01-10,5:00 AM,Derailment,0,DAYTON,TX,64,1,Dawn,Cloudy,Yard,Yard/switching,5,10416,2500,12916,H312,30.012288,-94.902513,67.4,72.5,52.7
UP,0423RM025,2023-04-26,2:40 PM,Other impacts,0,OGDEN,UT,56,2,Day,Clear,Industry,Single Car,0,11478,0,14130,H318,41.26671,-112.21373,42.8,50.7,56.9
PTRA,2019000005,2019-03-16,1:55 AM,Other impacts,0,HOUSTON,TX,48,4,Dark,Clear,Yard,Cut of cars,5,85000,3500,88500,H318,29.76175,-95.292808,58.4,56.3,57.5
TRE,20028,2022-08-05,11:50 PM,Hwy-rail crossing,0,HALTOM CITY,TX,99,4,Dark,Clear,Main,Commuter Train - Pulling,77,30000,0,30000,M301,32.780433,-97.268294,92.1,93,90.6
UP,0718ST014,2018-07-21,2:51 AM,Derailment,0,EL PASO,TX,75,4,Dark,Clear,Yard,Yard/switching,1,10724,16250,26974,E07C,31.753525,-106.388515,91.2,90.1,92.4
UP,0119RM013,2019-01-02,11:53 PM,Other impacts,0,PORTAGE,UT,10,4,Dark,Clear,Industry,Yard/switching,4,318,66,12076,H307,41.882668,-112.19309,7.9,13,13.9
KCS,23041001,2023-04-10,6:40 AM,Side collision,0,KENDLETON,TX,63,4,Dark,Clear,Siding,Yard/switching,8,23842,0,46245,H607,29.479016,-95.948595,64.5,64.9,66
BNSF,NW0119103,2019-01-11,8:42 AM,Derailment,0,SEATTLE,WA,40,1,Dawn,Clear,Yard,Light loco(s),9,6720,5150,11870,H607,47.591504,-122.330235,49.6,47.5,44.6
RLAX,RLAX62621,2021-06-26,4:30 AM,Other impacts,0,BAYTOWN,TX,82,4,Dark,Fog,Yard,,0,0,0,188372,H008,29.776367,-94.898933,86.2,84.9,83.8
UP,0821HO037,2021-08-25,7:10 PM,Derailment,0,DAYTON,TX,90,3,Dusk,Clear,Yard,Yard/switching,10,818,3820,13985,H306,30.016042,-94.901166,84.1,84.3,83.2
CSX,000208986,2022-12-26,6:08 PM,Hwy-rail crossing,0,SPOTSYLVANIA,VA,40,3,Dusk,Clear,Main,,0,0,222,22634,M302,38.240885,-77.435624,22.7,24.8,32.9
UP,0220SX015,2020-02-17,5:02 PM,Hwy-rail crossing,0,PEARSALL,TX,82,2,Day,Clear,Main,Freight Train,52,16500,0,16500,M302,28.841717,-99.11144,61.1,71.2,67.1
UP,0822SX023,2022-08-29,9:45 PM,Other impacts,0,HEARNE,TX,80,4,Dark,Cloudy,Yard,Freight Train,4,3230,1385,18347,H306,30.878938,-96.592267,85.9,82.5,76.6
UP,0317UT012,2017-03-19,10:30 AM,Derailment,0,OGDEN,UT,68,2,Day,Clear,Yard,Yard/switching,5,1534,256155,257689,M410,41.20073,-111.986024,60.8,57.9,57.7
UP,0818FW048,2018-08-31,3:08 PM,Derailment,0,FORT WORTH,TX,100,2,Day,Clear,Yard,Single Car,0,348,68647,70735,M411,32.720654,-97.381006,84.3,85.4,85.2
UP,0224TO037,2024-02-25,3:41 PM,Derailment,0,TRENT,TX,87,2,Day,Clear,Main,Freight Train,10,290124,524003,814127,M401,32.503908,-100.180297,61.1,70.9,74.4
UP,0218HO009,2018-02-05,3:15 AM,Fire/violent rupture,0,HOUSTON,TX,54,4,Dark,Cloudy,Main,Freight Train,8,100000,99,100099,E73L,29.730166,-95.293296,63.5,56.5,66.8
UP,0619SX007,2019-06-06,4:54 AM,Derailment,0,TAYLOR,TX,71,1,Dawn,Rain,Main,Freight Train,7,289450,211875,501325,M599,30.567489,-97.405886,78.1,76,80.5
PTRA,2021000010,2021-05-15,3:00 AM,Side collision,0,HOUSTON,TX,85,4,Dark,Clear,Yard,Freight Train,2,45000,1050,79800,H307,29.760882,-95.293434,72.5,73.3,73.1
BNSF,RD0819111,2019-08-09,6:35 AM,Derailment,0,PLAINVIEW,TX,81,1,Dawn,Clear,Siding,Freight Train,6,1000,20534,21534,H607,34.291118,-101.721954,80.8,82.7,83.1
UP,0424SX012,2024-04-14,9:30 AM,Obstruction,0,SAN ANTONIO,TX,70,2,Day,Clear,Yard,Yard/switching,5,32035,38346,70381,M409,29.380802,-98.55398,71.8,74.4,76.6
BNSF,KS0521106,2021-05-25,10:00 PM,Derailment,0,FRIONA,TX,65,4,Dark,Clear,Main,Freight Train,50,246756,853000,1099756,E62C,34.608273,-102.76306,73.4,72.8,74.5
NS,145227,2022-05-09,8:20 PM,Other (describe in narrative),0,SHENANDOAH,VA,55,4,Dark,Clear,Main,Freight Train,11,50563,500,51063,E21C,38.539146,-78.578097,46.2,51.1,54.9
NS,131077,2018-09-25,8:10 PM,Other (describe in narrative),0,CREWE,VA,72,4,Dark,Clear,Yard,Freight Train,0,1923,0,23884,H305,37.186981,-78.143596,64.6,72.4,73.5
UP,1122HO007,2022-11-11,3:55 AM,Other impacts,0,LA PORTE,TX,65,4,Dark,Clear,Yard,Yard/switching,4,12332,200,49588,M411,29.683777,-95.038893,72.9,69.2,50.8
UP,0919SX018,2019-09-15,10:25 PM,Fire/violent rupture,0,EAGLE PASS,TX,83,4,Dark,Cloudy,Main,Freight Train,36,973650,43323,1016973,M406,28.895933,-100.424704,83.1,83.5,84
UP,1019HO011,2019-10-24,4:30 PM,Other impacts,0,HOUSTON,TX,81,2,Day,Clear,Yard,Yard/switching,0,19412,0,19512,S007,29.793421,-95.298779,70.3,72.4,56.4
TMBL,04302016A,2016-04-30,2:30 AM,Derailment,0,TACOMA,WA,45,4,Dark,Clear,Yard,,0,0,500,41228,H503,47.260775,-122.398707,52.3,54.4,61.1
NS,133301,2019-03-21,10:47 AM,Derailment,0,ROANOKE,VA,55,2,Day,Clear,Main,Freight Train,9,29907,13486,43393,E39C,37.273607,-79.94874,43,48,47.3
UP,0620HO003,2020-06-03,11:34 AM,Other impacts,0,HOUSTON,TX,84,2,Day,Cloudy,Yard,Single Car,0,14290,3960,18559,M411,29.795813,-95.295353,81.7,80.7,82.6
NS,119667,2016-03-10,1:15 AM,Derailment,0,SALEM,VA,60,4,Dark,Clear,Yard,Freight Train,3,20403,43,20446,T221,37.272102,-80.00953,62.4,68.8,68.7
UP,0818FW029,2018-08-18,2:20 AM,Derailment,0,FORT WORTH,TX,90,4,Dark,Clear,Industry,Yard/switching,5,15879,1243,17122,M501,32.845079,-97.359087,89.5,88.5,85.8
UP,0824HO046,2024-08-24,7:50 AM,Derailment,0,ANGLETON,TX,73,2,Day,Clear,Yard,Cut of cars,6,1496,0,24409,H703,29.151675,-95.441489,85.3,81.9,81.9
UP,0721RM013,2021-07-15,9:59 PM,Derailment,0,MINERSVILLE,UT,76,4,Dark,Cloudy,Main,Freight Train,67,2239423,554670,2794093,M103,38.058948,-113.368576,74,74.4,74.5
UP,1119RM019,2019-11-24,2:30 AM,Derailment,0,OGDEN,UT,30,4,Dark,Cloudy,Yard,Yard/switching,7,667,30325,30992,M404,41.18474,-111.990432,34.4,34.5,30.7
UP,1120RM033,2020-11-27,1:35 PM,Derailment,0,OGDEN,UT,37,2,Day,Clear,Yard,Yard/switching,10,318139,2719,320858,H524,41.235942,-111.989665,32.7,29.1,30.6
UP,0119GC033,2019-01-07,10:20 AM,Other impacts,0,BEAUMONT,TX,67,2,Day,Clear,Yard,Single Car,0,9575,0,22503,S015,30.072195,-94.153437,56.3,64.4,66
UP,0719ST035,2019-07-02,8:50 AM,Other (describe in narrative),0,EL PASO,TX,74,2,Day,Clear,Yard,Passenger Train - Pulling,0,11482,0,11482,M507,31.753956,-106.388079,87.5,87.4,89
UFRC,10111801,2018-10-11,7:24 AM,Hwy-rail crossing,0,WOODS CROSS,UT,40,1,Dawn,Clear,Main,Commuter Train - Pushing,78,58120,0,58120,M302,40.841855,-111.916938,44.2,46.4,47.4
UP,0519SX011,2019-05-16,9:30 PM,Derailment,0,HARWOOD,TX,77,4,Dark,Clear,Main,Freight Train,40,18905,5555,24460,E39C,29.68933,-97.394176,75.1,75.7,79.6
UP,1121HO010,2021-11-07,6:01 PM,Other (describe in narrative),0,HOUSTON,TX,64,3,Dusk,Clear,Yard,Yard/switching,4,40381,0,40381,M411,29.82171,-95.288388,58.5,60.1,63.9
UP,0320TO031,2020-03-25,10:25 AM,Obstruction,0,NOTREES,TX,65,2,Day,Clear,Main,Freight Train,47,12030,165,12195,M402,31.648747,-102.751503,66.6,71.1,74.9
BNSF,RD0419131,2019-04-23,4:50 AM,Derailment,0,SAGINAW,TX,62,1,Dawn,Clear,Yard,Yard/switching,4,31577,20000,51577,H524,32.834361,-97.358784,70,68.5,62.2
BNSF,NW0115103,2015-01-10,12:45 AM,Other (describe in narrative),0,PASCO,WA,34,4,Dark,Cloudy,Main,Freight Train,10,0,22000,22000,H221,46.273405,-119.104915,35.4,35,36.7
NS,144557,2022-03-02,3:30 AM,Other impacts,0,ROANOKE,VA,51,4,Dark,Cloudy,Yard,Single Car,0,17000,0,207000,H318,37.277109,-79.982323,49.4,58.7,61.3
UP,0318PD010,2018-03-05,3:18 PM,Raking collision,0,CENTRALIA,WA,50,2,Day,Cloudy,Main,Freight Train,5,5236,0,970811,H221,46.719767,-122.951559,38.5,42,40.1
UP,0418FW027,2018-04-18,1:31 AM,Raking collision,0,MONAHANS,TX,68,4,Dark,Clear,Main,Freight Train,0,86926,0,3646910,M404,31.593616,-102.898368,75.1,68,65.2
SGSC,IT7233,2018-04-30,10:37 PM,Derailment,0,BAYTOWN,TX,72,4,Dark,Cloudy,Industry,Yard/switching,8,20000,13042,33042,H303,29.73361,-95.005833,70.8,70.7,73.9
TXNW,BNSF201130,2020-11-30,1:30 AM,Derailment,0,DUMAS,TX,28,4,Dark,Clear,Yard,,0,0,0,34340,H312,36.023582,-101.996023,34.4,33.7,38.8
BNSF,RD0823128,2023-08-22,3:33 PM,Obstruction,0,RIO VISTA,TX,105,2,Day,Clear,Main,Freight Train,55,0,22000,22000,M404,32.232902,-97.378253,94,92,91
UP,0523TO029,2023-05-18,11:04 PM,Other impacts,0,FORT WORTH,TX,78,4,Dark,Cloudy,Yard,Yard/switching,3,4798,0,11679,S007,32.721388,-97.381745,73.2,76.7,77.9
CSX,000176497,2018-05-19,7:02 AM,Other (describe in narrative),0,ALEXANDRIA,VA,58,1,Dawn,Rain,Main,Freight Train,37,821900,6005760,7096141,M199,38.805618,-77.087475,64.8,63,77
UP,0421MA011,2021-04-07,12:38 PM,Derailment,0,TEXARKANA,TX,67,2,Day,Cloudy,Main,Freight Train,19,7900,56866,64766,E24C,33.399184,-94.058225,70.6,69.6,65.8
UP,0117UT010,2017-01-18,10:15 AM,Derailment,0,PROVO,UT,30,2,Day,Clear,Yard,Freight Train,5,11578,0,11578,M101,40.223196,-111.651452,22.6,23.7,32.4
DGNO,DGN617020,2020-06-18,2:20 AM,Derailment,0,CARROLLTON,TX,80,4,Dark,Clear,Industry,Freight Train,5,9970,1200,11170,M203,32.98963,-96.926192,84.7,84.1,82.9
UP,0120HO002,2020-01-08,1:00 AM,Other impacts,0,HOUSTON,TX,52,4,Dark,Clear,Yard,Yard/switching,4,228792,0,238805,H307,29.816412,-95.289858,59.3,57.9,67.9
UP,0423SX019,2023-04-26,4:45 AM,Hwy-rail crossing,0,CIBOLO,TX,69,1,Dawn,Rain,Main,Freight Train,30,9293,11175,20468,M308,29.562563,-98.216143,68.1,75.5,70.9
BNSF,RD0721101,2021-07-01,8:16 AM,Derailment,0,FORT WORTH,TX,91,1,Dawn,Clear,Industry,Yard/switching,4,3250,10000,13250,H307,32.787823,-97.339149,81.6,84.8,81.3
BNSF,RD0419130,2019-04-22,9:01 PM,Other impacts,0,DAYTON,TX,70,4,Dark,Clear,Yard,Yard/switching,8,11750,0,11750,H318,30.012297,-94.90314,66.8,69.9,70.7
UP,1221GC011,2021-12-16,9:05 AM,Obstruction,0,BEAUMONT,TX,76,2,Day,Clear,Yard,Single Car,0,11316,0,11316,M501,30.073392,-94.14852,73.8,74.4,73.9
UP,0623SX023,2023-06-25,11:07 PM,Derailment,0,CAMPBELLTON,TX,86,4,Dark,Clear,Industry,Freight Train,3,11584,92471,104055,H701,28.770124,-98.316588,88.4,89.2,89.8
NECR,NEC397218A,2018-09-21,6:34 PM,Obstruction,0,HARTLAND,VT,63,2,Day,Clear,Main,,0,0,0,11437,M404,43.592525,-72.34745,59.6,62.1,60.1
BNSF,KS0324112,2024-03-27,4:09 AM,Derailment,0,AMARILLO,TX,53,1,Dawn,Clear,Yard,Yard/switching,4,27610,5000,76272,H309,35.187511,-101.833309,37.2,41.5,52.6
CSX,000193634,2020-11-02,2:49 AM,Obstruction,0,STONY CREEK,VA,39,4,Dark,Clear,Main,Freight Train,50,15276,0,15276,M404,36.878193,-77.427593,50.3,43.1,46.2
UP,0119ST061,2019-01-27,3:54 PM,Derailment,0,EL PASO,TX,58,2,Day,Clear,Yard,Yard/switching,7,140699,66760,251279,H305,31.756693,-106.392625,44.8,45.5,50.7
UP,1122TO016,2022-11-10,2:00 PM,Hwy-rail crossing,0,TORNILLO,TX,70,2,Day,Cloudy,Main,,0,0,15150,24367,M302,31.445665,-106.088261,63.7,61.3,52.6
UP,0320HO011,2020-03-14,12:55 AM,Other impacts,0,HOUSTON,TX,71,4,Dark,Cloudy,Yard,Yard/switching,5,170597,1464,216105,S007,29.793435,-95.300941,74.5,75,74.5
ATK,157869,2019-03-03,7:55 PM,Hwy-rail crossing,0,REMINGTON,VA,31,4,Dark,Rain,Main,Passenger Train - Pulling,60,13400,0,13400,M302,38.675186,-77.745781,40.4,39.3,36.7
BNSF,NW0717101,2017-07-02,2:29 PM,Derailment,0,STEILACOOM,WA,78,2,Day,Clear,Main,,0,0,84912,2719791,H221,47.184987,-122.585612,60.9,62.4,60.5
BNSF,RD0519124,2019-05-24,1:38 PM,Derailment,0,SAGINAW,TX,80,2,Day,Clear,Yard,Yard/switching,6,4524,10849,15373,H318,32.830448,-97.358138,81.9,81.6,80.4
ATK,173231,2022-12-27,11:04 AM,Derailment,0,LORTON,VA,44,2,Day,Clear,Yard,Yard/switching,3,93471,1645,95116,H704,38.711475,-77.219321,23.1,31.5,31.9
UP,0524ES035,2024-05-17,4:28 AM,Obstruction,0,GOODRICH,TX,67,1,Dawn,Cloudy,Main,Maint./inspect Car,10,5000,0,13000,H104,30.616335,-94.949104,74.7,69.8,75.9
BNSF,RD0519123,2019-05-22,5:15 AM,Derailment,0,SAGINAW,TX,72,1,Dawn,Clear,Yard,Yard/switching,5,3348,30527,33875,H703,32.830923,-97.357678,73.6,78.4,81.9
BNSF,KS0720101,2020-07-05,3:40 PM,Derailment,0,FRIONA,TX,95,2,Day,Clear,Yard,Light loco(s),10,14438,200,14638,H307,34.686804,-102.602536,79.3,74.1,76.3
UP,1223SX018,2023-12-25,4:05 AM,Other impacts,0,SAN ANTONIO,TX,67,1,Dawn,Clear,Yard,Yard/switching,7,393,528,64382,H312,29.377409,-98.555931,65.7,52.1,48.8
UP,0720TO006,2020-07-03,2:35 PM,Fire/violent rupture,0,WEATHERFORD,TX,95,2,Day,Clear,Main,Freight Train,30,326281,100,326381,E74L,32.755884,-97.790412,84.2,85.6,86.5
UP,1023ES035,2023-10-21,5:44 AM,Obstruction,0,DIBOLL,TX,51,1,Dawn,Clear,Main,Spec. MoW Equip.,0,34530,0,56363,H602,31.138002,-94.812409,70.3,70.3,73.4
BB,2017T102,2017-01-09,5:30 AM,Derailment,0,CLARKSVILLE,VA,24,4,Dark,Clear,Main,Freight Train,4,17287,28444,45731,M204,36.600725,-78.551958,17.4,16.1,30.4
NS,137570,2020-03-24,10:45 AM,Other (describe in narrative),0,LYNCHBURG,VA,50,2,Day,Clear,Yard,Yard/switching,7,5000,7604,12604,H306,37.367209,-79.171786,44.6,48.9,49.6
UP,0721TO012,2021-07-09,5:43 AM,Derailment,0,FORT WORTH,TX,75,1,Dawn,Cloudy,Yard,Yard/switching,8,7432,88473,95905,M405,32.726108,-97.368966,84,80.6,83.5
NS,157599,2024-08-03,7:00 AM,Other (describe in narrative),0,ROANOKE CITy,VA,75,1,Dawn,Clear,Yard,Yard/switching,9,24546,348,24894,H601,37.277109,-79.982324,81,77.9,79.6
UP,1219TO011,2019-12-06,8:57 PM,Hwy-rail crossing,0,KELLER,TX,49,4,Dark,Clear,Main,Freight Train,30,54315,15640,69955,M303,32.963434,-97.250702,61.5,55.7,48.5
CSX,000174162,2018-01-20,4:14 AM,Hwy-rail crossing,0,CHESAPEAKE,VA,38,4,Dark,Clear,Main,Freight Train,39,13654,0,13654,M302,36.771772,-76.457383,39.2,47.7,49.1
CSX,000166769,2017-02-13,12:15 AM,Derailment,0,RICHMOND,VA,38,4,Dark,Clear,Yard,Cut of cars,0,5614,0,166141,T220,37.581856,-77.475458,61.7,46.3,38.4
UP,0324TO030,2024-03-15,9:50 AM,Derailment,0,RICE,TX,62,2,Day,Cloudy,Main,Freight Train,6,233142,71070,304212,H503,32.219368,-96.487738,74.3,64.4,61.6
UP,0322HO001,2022-03-01,12:10 PM,Other impacts,0,LA PORTE,TX,63,2,Day,Clear,Yard,Yard/switching,5,11633,41921,69054,H306,29.686473,-95.039329,52,56.4,59.2
RLAX,RLAX51922,2022-05-19,1:15 PM,Derailment,0,BAYTOWN,TX,92,2,Day,Clear,Yard,Yard/switching,5,11300,0,11300,H309,29.76072,-94.884959,82.1,81.9,83.3
UP,0419ST016,2019-04-07,4:02 PM,Hwy-rail crossing,0,CLINT,TX,74,2,Day,Clear,Main,,0,0,300,15333,M308,31.58988,-106.226358,64.7,68.4,71.2
CSX,000219452,2024-07-20,9:00 PM,Derailment,0,FREDERICKSBURG,VA,83,3,Dusk,Clear,Yard,Freight Train,20,105978,0,105978,H008,38.29419,-77.460946,77.4,73.8,78
BNSF,KS0822206,2022-08-31,3:24 PM,Hwy-rail crossing,0,CANYON,TX,87,2,Day,Clear,Main,Freight Train,26,20017,26000,46017,M302,34.982661,-101.954628,73.9,73.3,74.1
UP,1221HO004,2021-12-08,1:30 PM,Derailment,0,HOUSTON,TX,70,2,Day,Clear,Industry,,0,0,4791,23834,H503,29.849183,-95.130211,59.1,63.1,74.2
UP,0119SX002,2019-01-04,5:20 AM,Other impacts,0,SAN ANTONIO,TX,38,1,Dawn,Clear,Yard,Light loco(s),2,88679,0,152810,H702,29.380338,-98.554445,44.9,50,52.2
UP,0122TO016,2022-01-17,3:00 PM,Fire/violent rupture,0,DALLAS,TX,62,2,Day,Clear,Main,,0,0,0,18000,E73L,32.757158,-96.782509,37.4,46.8,57.7
UP,1218GC028,2018-12-12,10:45 AM,Hwy-rail crossing,0,BISHOP,TX,65,2,Day,Cloudy,Main,Freight Train,36,71727,66,71793,M303,27.62792,-97.773902,51.7,63.7,66.6
UP,0721SX018,2021-07-17,6:20 PM,Derailment,0,LAREDO,TX,95,3,Dusk,Clear,Yard,Freight Train,3,39491,135,39626,M404,27.665081,-99.445361,85.9,86.3,86
UP,0523SX028,2023-05-16,8:44 AM,Fire/violent rupture,0,SAN ANTONIO,TX,70,2,Day,Clear,Yard,Single Car,0,12491,33,12524,M406,29.435397,-98.460489,73.4,71.5,75.3
BNSF,RD0820105,2020-08-04,6:30 AM,Derailment,0,GAINESVILLE,TX,85,1,Dawn,Clear,Yard,Light loco(s),8,10000,10000,20000,H307,33.626266,-97.140879,78,76.7,74.6
UP,0623HO043,2023-06-10,9:50 PM,Other (describe in narrative),0,HOUSTON,TX,84,4,Dark,Cloudy,Yard,Freight Train,3,0,0,65000,H702,29.71607,-95.227925,82.4,82.7,82.7
BNSF,RD0621110,2021-06-08,6:40 PM,Derailment,0,SILSBEE,TX,82,3,Dusk,Clear,Yard,Yard/switching,10,26677,1000,27677,H019,30.35152,-94.184645,83,84.1,84