reportingrailroadcode,accidentnumber,date,time,accidenttype,hazmatreleasedcars,station,stateabbr,temperature,visibility_code,visibility,weathercondition,tracktype,equipmenttype,trainspeed,equipmentdamagecost,trackdamagecost,totaldamagecost,primaryaccidentcausecode,latitude,longitude,prior_temp,actual_temp,following_temp
UP,0419GC039,2019-04-19,6:50 PM,Other impacts,0,CORPUS CHRISTI,TX,81,3,Dusk,Clear,Industry,Cut of cars,0,30435,0,35446,H307,27.815856,-97.469356,73.8,70.3,69.9
AWRR,200207002,2020-02-07,5:00 AM,Derailment,0,AUSTIN,TX,34,1,Dawn,Clear,Main,Freight Train,10,130000,10500,140500,T220,30.328856,-97.619219,41.2,53.8,56.7
UP,1122HO024,2022-11-22,8:59 AM,Hwy-rail crossing,0,DAYTON,TX,47,2,Day,Cloudy,Main,Freight Train,39,7492,153704,161196,M304,30.109056,-94.860217,46.3,51.4,59.3
BNSF,RD1221202,2021-12-14,10:10 PM,Hwy-rail crossing,0,LULING,TX,71,4,Dark,Clear,Main,Freight Train,44,101250,0,250890,M302,29.682337,-97.662923,55.4,66.9,74.1
BNSF,RD0422122,2022-04-24,11:41 AM,Derailment,0,BUCKHOLTS,TX,81,2,Day,Clear,Main,Freight Train,52,749299,110000,859299,E34C,30.911958,-97.187805,76.1,76.6,65.9
UP,1119TO011,2019-11-13,11:20 PM,Other (describe in narrative),0,DALLAS,TX,40,4,Dark,Clear,Main,Yard/switching,7,0,50692,50692,H403,32.694417,-96.738354,30.1,36.5,47.3
UP,0124TO034,2024-01-30,11:45 AM,Other impacts,0,FORT WORTH,TX,63,2,Day,Clear,Yard,Cut of cars,0,40168,0,40168,H317,32.722057,-97.324547,54.6,57.6,57.3
BNSF,RD0719104,2019-07-04,5:02 PM,Derailment,0,SHERMAN,TX,85,3,Dusk,Clear,Yard,Freight Train,20,6000,30000,36000,H606,33.648505,-96.603626,82,84.2,84.3
UP,0719HO025,2019-07-22,9:00 AM,Hwy-rail crossing,0,HOUSTON,TX,83,2,Day,Clear,Main,Freight Train,53,221,25099,25320,M304,29.631114,-95.507244,85.2,84.2,82
ATK,163245,2020-02-25,7:11 AM,Hwy-rail crossing,0,CIBOLO,TX,44,1,Dawn,Clear,Main,Passenger Train - Pulling,74,28782,0,78782,M304,29.563143,-98.208941,65.1,54.3,46.9
TEXR,2020012,2020-12-24,2:53 PM,Hwy-rail crossing,0,GRAPEVINE,TX,50,2,Day,Clear,Main,DMU,55,26200,1000,27200,M399,32.926576,-97.106847,57.3,41.7,45.5
UP,0624RM001,2024-06-01,12:21 AM,Derailment,0,OGDEN,UT,63,4,Dark,Clear,Yard,Yard/switching,5,32468,4520,36988,H607,41.213316,-111.983614,65.2,71.4,74
UP,0118SA018,2018-01-25,11:20 PM,Derailment,0,SAN ANTONIO,TX,55,4,Dark,Clear,Main,Freight Train,5,19325,2283,21608,H704,29.564869,-98.576467,47.3,47.8,58.7
UP,0722TO052,2022-07-25,5:00 AM,Other impacts,0,BELLMEAD,TX,82,1,Dawn,Clear,Yard,Yard/switching,3,41708,0,41708,H601,31.584842,-97.097819,91.2,91.7,91.4
UP,0722TO050,2022-07-25,5:53 AM,Other impacts,0,FORT WORTH,TX,84,1,Dawn,Clear,Yard,Single Car,0,1015,2280,12690,M404,32.720387,-97.382687,91.9,93,93
BNSF,RD1118124,2018-11-15,2:30 AM,Head on collision,0,DAYTON,TX,34,4,Dark,Clear,Yard,Yard/switching,7,12600,2500,15600,H306,30.012916,-94.902391,39.3,43.2,51
BNSF,RD1023116,2023-10-10,10:35 PM,Derailment,0,GALVESTON,TX,76,4,Dark,Rain,Yard,Yard/switching,5,2522,58000,60522,H307,29.291401,-94.855931,71.5,75.3,70
UP,1021RM010,2021-10-08,6:32 PM,Derailment,0,CEDAR CITY,UT,52,3,Dusk,Rain,Industry,Freight Train,1,87912,2999,90911,H524,37.755984,-113.243219,56.8,54.6,49
SL,SLC081419R,2019-06-16,11:30 AM,Derailment,0,MIDVALE,UT,82,2,Day,Clear,Yard,Freight Train,6,0,0,12688,H704,40.646831,-111.900361,69.8,69.6,68.5
UP,0319TO022,2019-03-16,6:00 AM,Other impacts,0,FORT WORTH,TX,44,1,Dawn,Clear,Yard,Yard/switching,5,188772,33,197980,S099,32.725822,-97.36976,49.5,49.4,51.9
UP,0724RM009,2024-07-09,12:38 AM,Other impacts,0,OGDEN,UT,88,4,Dark,Clear,Yard,Cut of cars,0,0,0,26860,H307,41.19898,-111.985924,80.4,83.5,87.1
CSX,000172834,2017-11-13,12:25 PM,Side collision,0,HOPEWELL,VA,54,2,Day,Clear,Industry,Yard/switching,0,60202,0,100342,H702,37.290128,-77.285395,38.6,42.2,42.1
UP,0823HO006,2023-08-04,8:15 PM,Derailment,0,HOUSTON,TX,94,4,Dark,Clear,Yard,Yard/switching,6,18630,9620,28250,H503,29.797064,-95.293449,88.1,88.4,88.3
UP,1222HO003,2022-12-03,5:15 AM,Derailment,0,HOUSTON,TX,71,1,Dawn,Clear,Main,Freight Train,3,39936,23600,63536,H514,29.766181,-95.323541,67,71.6,63.6
UP,0724RM009,2024-07-09,12:38 AM,Other impacts,0,OGDEN,UT,88,4,Dark,Clear,Yard,Freight Train,8,23704,3156,26860,H307,41.19898,-111.985924,80.4,83.5,87.1
CSX,000195026,2021-01-15,12:00 AM,Obstruction,0,CLINCHCO,VA,35,4,Dark,Rain,Main,Freight Train,24,28574,2500,31074,M404,37.156561,-82.373066,33.2,35.2,29.3
BNSF,RD0320120,2020-03-18,5:15 PM,Derailment,0,HOUSTON,TX,77,3,Dusk,Cloudy,Yard,Yard/switching,5,24064,95000,119064,H607,29.698532,-95.327118,74.7,75.5,77.6
BNSF,RD0821107,2021-08-09,12:25 PM,Side collision,0,DAYTON,TX,90,2,Day,Clear,Yard,Yard/switching,6,13200,1500,34700,H318,30.014036,-94.902191,84.8,85.6,84.7
UP,1121SX011,2021-11-13,9:30 AM,Derailment,0,SAN ANTONIO,TX,59,2,Day,Clear,Yard,Freight Train,4,415,12340,12755,S103,29.437529,-98.437462,63.2,60,63.3
UP,0621HO004,2021-06-04,10:35 AM,Other impacts,0,LA PORTE,TX,76,2,Day,Rain,Yard,Yard/switching,4,56219,0,92260,M407,29.683202,-95.038879,75.7,75.4,78.9
NS,143189,2021-10-18,6:35 AM,Other (describe in narrative),0,LYNCHBURG,VA,45,1,Dawn,Clear,Yard,Freight Train,4,13050,15706,28756,H702,37.365044,-79.173909,55.9,56,57.2
UP,0922TO015,2022-09-19,5:15 AM,Derailment,0,FORT WORTH,TX,76,1,Dawn,Clear,Main,Freight Train,20,61300,486965,548265,E51C,32.74801,-97.321345,83.9,83.8,84.9
UP,1023HO007,2023-10-04,6:45 PM,Derailment,0,HOUSTON,TX,84,3,Dusk,Cloudy,Yard,Light loco(s),7,25686,1200,26886,H704,29.812347,-95.28939,77.1,79.9,75.3
ATK,150361,2017-11-08,11:08 AM,Hwy-rail crossing,0,JARRATT,VA,43,2,Day,Rain,Main,Passenger Train - Pulling,78,28853,0,28853,M308,36.810315,-77.468257,52.5,42.7,47.7
UP,0120SX012,2020-01-28,3:38 PM,Derailment,0,LAREDO,TX,79,2,Day,Clear,Yard,Yard/switching,8,41007,24362,65369,M204,27.664501,-99.461742,68.7,69.2,59.9
CSX,000187114,2019-07-19,2:43 PM,Fire/violent rupture,0,CLIFTON FORGE,VA,85,2,Day,Clear,Main,,0,0,0,12615,M406,37.812251,-79.83193,72.1,75.1,77.4
UP,0719SX021,2019-07-25,3:26 PM,Hwy-rail crossing,0,UVALDE,TX,89,2,Day,Clear,Main,Freight Train,44,12026,3650,15676,M303,29.239789,-99.834479,79.4,76.7,78
BNSF,RD0824102,2024-08-01,10:00 PM,Derailment,0,BROWNWOOD,TX,90,4,Dark,Clear,Yard,Freight Train,9,415222,352175,767397,M410,31.705542,-98.955916,87.1,86.9,88.4
UP,0719SX019,2019-07-24,6:00 AM,Derailment,0,SAN ANTONIO,TX,75,1,Dawn,Clear,Yard,Cut of cars,0,113550,0,515588,H503,29.373809,-98.559231,84.8,82.2,79.5
UP,0821TO003,2021-08-02,6:01 PM,Other impacts,0,EL PASO,TX,88,3,Dusk,Clear,Main,Freight Train,6,7758,74490,82520,H312,31.767404,-106.478304,80.5,78.8,80.4
UP,0321HO011,2021-03-08,11:24 AM,Other impacts,0,HOUSTON,TX,64,2,Day,Cloudy,Yard,Light loco(s),5,7316,0,16161,H602,29.796055,-95.291181,56.1,59.6,65.2
BNSF,RD0321205,2021-03-15,1:24 PM,Hwy-rail crossing,0,SANGER,TX,79,2,Day,Clear,Main,Freight Train,35,1500,20000,21500,M302,33.323049,-97.167765,60.7,59.9,63.9
UP,0322TO015,2022-03-17,3:15 AM,Derailment,0,BIG SPRING,TX,59,4,Dark,Clear,Yard,Yard/switching,7,60258,1760,62018,E35C,32.257393,-101.472808,62.9,63.2,47.8
UP,1217FW002,2017-12-02,9:00 PM,Derailment,0,HUTCHINS,TX,58,4,Dark,Clear,Yard,Yard/switching,8,68118,0,68118,H307,32.639326,-96.707908,57.2,63.2,64.2
BNSF,RD1122201,2022-11-01,8:13 AM,Hwy-rail crossing,0,MANVEL,TX,64,1,Dawn,Rain,Main,Freight Train,52,8000,275000,283000,M302,29.473461,-95.38526,65.6,64.3,68.9
UP,0818SA006,2018-08-06,7:50 AM,Derailment,0,LA COSTE,TX,85,2,Day,Cloudy,Main,Freight Train,5,15000,21960,36960,E71L,29.311559,-98.809973,83.3,84.5,84.8
CSX,000209247,2023-01-10,10:35 PM,Other impacts,0,RICHMOND,VA,40,4,Dark,Clear,Main,Cut of cars,0,2000,0,59377,H995,37.552216,-77.427961,42.9,35.6,37.8
BNSF,PR0718112,2018-07-29,8:40 AM,Derailment,0,PRICE,UT,80,1,Dawn,Clear,Siding,Light loco(s),5,49069,0,52901,H607,39.524503,-110.699283,74.6,76.3,80
UP,0618HO038,2018-06-25,2:00 PM,Derailment,0,DAYTON,TX,92,2,Day,Clear,Yard,Freight Train,8,75319,53849,129168,H306,30.029822,-94.911294,84.1,82.4,83.5
UP,0922SX030,2022-09-25,1:04 PM,Derailment,0,COTULLA,TX,92,2,Day,Clear,Main,Freight Train,44,521669,403363,925032,E68C,28.381408,-99.260425,82.8,84.7,84.9
CWRY,CWR700815,2015-05-19,6:00 AM,Other (describe in narrative),0,PORTSMOUTH,VA,80,1,Dawn,Clear,Yard,Yard/switching,18,14000,0,14000,H601,36.85487,-76.354665,80.1,79.4,72.6
UFRC,0726161,2016-07-25,8:08 PM,Hwy-rail crossing,0,SALT LAKE CITY,UT,95,2,Day,Clear,Main,Commuter Train - Pushing,47,25800,0,25800,M308,40.749752,-111.908962,80.7,86.6,89.9
BNSF,NW1016109,2016-10-14,1:04 PM,Derailment,0,KENT,WA,55,2,Day,Rain,Industry,Freight Train,8,29796,2150,31946,M101,47.417082,-122.223538,54,54.5,53.4
NECR,NEC135,2014-11-27,1:30 PM,Obstruction,0,BRATTLEBORO,VT,30,2,Day,Snow,Main,,0,0,0,20000,M404,42.856195,-72.556522,32.9,28.9,25.5
UP,0218LV011,2018-02-10,10:00 PM,Other impacts,0,BEAUMONT,TX,64,4,Dark,Cloudy,Yard,Single Car,2,14785,0,19560,M411,30.073512,-94.144407,62.8,65.7,48.3
BNSF,NW0216107,2016-02-11,11:45 PM,Raking collision,0,SPOKANE,WA,39,4,Dark,Rain,Yard,Light loco(s),8,100000,2000,142000,H306,47.673584,-117.326045,35.6,37.9,43.2
UP,0219SX017,2019-02-13,8:10 AM,Hwy-rail crossing,0,ENCINAL,TX,42,2,Day,Clear,Main,Freight Train,56,39878,464,40342,M308,28.24046,-99.296944,56.8,54,61.7
UP,0823TO030,2023-08-16,6:34 PM,Derailment,0,FORT WORTH,TX,96,3,Dusk,Clear,Main,Freight Train,7,67418,118510,185928,H502,32.745111,-97.325121,84.6,84.6,92.1
BNSF,NW0518201,2018-05-09,11:55 AM,Hwy-rail crossing,0,MESA,WA,59,2,Day,Rain,Main,Freight Train,33,4500,40000,44500,M302,46.576573,-119.008585,68.5,64.9,60.2
UP,0124HO031,2024-01-25,12:28 PM,Other (describe in narrative),0,HOUSTON,TX,67,2,Day,Clear,Yard,Yard/switching,2,12344,704,13048,E21C,29.789126,-95.304772,62.6,62.5,58.3
UP,0424HO027,2024-04-20,2:05 PM,Other impacts,0,BAYTOWN,TX,80,2,Day,Cloudy,Yard,Yard/switching,0,77547,0,139411,H021,29.875671,-94.908822,77.8,74.9,63
BNSF,NW1114200,2014-11-20,6:00 PM,Hwy-rail crossing,0,NAPAVINE,WA,45,3,Dusk,Clear,Main,Freight Train,38,15000,1100,16100,M304,46.574999,-122.909461,41.5,46.6,49.4
UP,0419SX020,2019-04-23,5:30 PM,Derailment,0,SAN ANTONIO,TX,79,2,Day,Cloudy,Yard,Yard/switching,5,19543,1750,21293,H523,29.361262,-98.569681,72.6,72.9,65.4
BNSF,RD0323108,2023-03-06,10:36 PM,Derailment,0,SOMERVILLE,TX,70,4,Dark,Clear,Yard,Freight Train,4,3178,11621,14799,H702,30.348278,-96.528967,64.9,70.1,74.1
WATX,190621003,2019-06-21,12:35 AM,Derailment,0,HOUSTON,TX,80,4,Dark,Clear,Yard,Yard/switching,4,75000,11000,86000,H702,29.755385,-95.186294,85.9,86.7,86.4
EWG,EWG201707,2017-08-20,9:00 PM,Derailment,0,REARDAN,WA,78,3,Dusk,Clear,Main,Freight Train,10,0,20000,20000,E4BC,47.665259,-117.939452,66.2,66.7,69.2
UP,0718ES036,2018-07-01,6:45 AM,Obstruction,0,TOYAH,TX,85,1,Dawn,Clear,Main,Spec. MoW Equip.,10,10959,0,10959,H993,31.313217,-103.790867,84.3,88.8,83.9
UP,1022SX020,2022-10-22,9:46 PM,Other impacts,1,SAN ANTONIO,TX,77,4,Dark,Clear,Yard,Single Car,0,14158,0,29588,H312,29.375722,-98.556394,69.5,72.9,76
UP,0324ES020,2024-03-12,3:40 PM,Obstruction,0,SAN ANTONIO,TX,73,2,Day,Clear,Main,Spec. MoW Equip.,10,5000,0,40000,H025,29.492415,-98.356211,61.6,67,74.6
UP,0222SX024,2022-02-25,7:15 PM,Other impacts,0,HEARNE,TX,31,3,Dusk,Rain,Yard,Yard/switching,8,43696,43005,86801,H307,30.880781,-96.593751,31.6,33.7,38
UP,0419RM024,2019-04-19,11:22 AM,Hwy-rail crossing,0,TOOELE,UT,59,2,Day,Clear,Main,Freight Train,39,26174,400,26574,M303,40.635399,-112.275857,50.6,56.3,62.3
CSX,000138816,2014-12-12,6:00 PM,Side collision,0,RICHMOND,VA,44,4,Dark,Cloudy,Yard,Yard/switching,4,18695,50,20023,H306,37.509596,-77.408015,38.5,40.8,38
DGNO,732918R,2018-05-25,1:00 PM,Derailment,0,DALLAS,TX,91,2,Day,Clear,Yard,Freight Train,4,4500,0,25763,M599,32.856794,-96.672081,81.3,81.1,83.3
UP,0918FW030,2018-09-22,10:57 PM,Derailment,0,MESQUITE,TX,70,4,Dark,Cloudy,Siding,Freight Train,4,28556,6065,34621,M405,32.777076,-96.647468,77.6,75.1,70.3
UP,0123RM047,2023-01-03,11:28 PM,Obstruction,0,FAIRVIEW,UT,30,4,Dark,Cloudy,Main,,0,0,0,0,M403,39.993937,-111.470019,30.8,28,24.7
UP,0822HO003,2022-08-02,4:50 PM,Derailment,0,HOUSTON,TX,99,2,Day,Clear,Yard,Yard/switching,18,136731,2706,139437,M407,29.796524,-95.292988,84.2,86.4,86.3
BNSF,KS0521107,2021-05-27,12:20 PM,Derailment,0,AMARILLO,TX,80,2,Day,Clear,Yard,Yard/switching,6,15113,2000,17113,H312,35.197878,-101.829438,73.7,72.7,65.9
UP,0420HO005,2020-04-05,2:06 PM,Other impacts,0,HOUSTON,TX,69,2,Day,Cloudy,Yard,Yard/switching,3,11081,198,12568,M101,29.79604,-95.291863,61,66.3,71
UP,0717FW028,2017-07-25,1:19 AM,Obstruction,0,LONGVIEW,TX,80,4,Dark,Clear,Main,Freight Train,40,47035,0,47035,M404,32.50699,-94.875599,79.5,83.8,84.5
BNSF,KS0419103,2019-04-10,12:46 AM,Derailment,0,AMARILLO,TX,47,4,Dark,Clear,Yard,Yard/switching,4,23371,2500,25871,H318,35.210858,-101.816737,67.9,67.7,41.1
UP,0218SA011,2018-02-21,8:00 PM,Other (describe in narrative),0,SAN ANTONIO,TX,45,4,Dark,Fog,Main,Yard/switching,5,16198,150,16348,E39C,29.374078,-98.559572,72.4,54.6,46.6
BNSF,NW1214105,2014-12-09,10:00 AM,Other (describe in narrative),0,VANCOUVER,WA,58,2,Day,Clear,Yard,Light loco(s),2,0,40945,40945,H702,45.628338,-122.68244,46.4,47.9,51.4
UP,0723TO016,2023-07-10,11:30 PM,Other impacts,0,FORT WORTH,TX,88,4,Dark,Cloudy,Yard,Yard/switching,5,37778,1599,41017,S016,32.724748,-97.373738,84.4,87,88.7
ATK,172958,2022-12-04,10:36 AM,Obstruction,0,CISCO,UT,42,2,Day,Cloudy,Main,Passenger Train - Pulling,68,12151,0,12151,M403,39.024742,-109.219154,31.7,33.6,35
UP,1023HO029,2023-10-20,11:10 AM,Derailment,0,BAYTOWN,TX,82,2,Day,Clear,Main,Freight Train,5,1840,19794,21634,H702,29.799231,-95.016898,74.8,76.6,77.4
UP,1123TO018,2023-11-10,3:45 AM,Other impacts,0,FORT WORTH,TX,52,4,Dark,Rain,Yard,Cut of cars,3,100,1420,53316,S007,32.724981,-97.372579,59.2,53.6,58.4
UP,1119HO010,2019-11-07,3:30 PM,Derailment,0,NEW WAVERLY,TX,68,2,Day,Cloudy,Industry,Freight Train,5,18620,132,18752,M101,30.492262,-95.478242,67.6,58.7,49.5
UP,0718FW044,2018-07-26,9:00 AM,Hwy-rail crossing,0,PECOS,TX,90,2,Day,Clear,Main,Freight Train,70,61253,99,61352,M304,31.373858,-103.652319,88.5,87.5,85.8
UP,0724TO017,2024-07-14,5:25 AM,Obstruction,0,FORT WORTH,TX,78,1,Dawn,Clear,Yard,Yard/switching,4,13578,137260,183090,M404,32.723183,-97.375933,84.5,87.3,88.8
UP,0319GC004,2019-03-02,6:30 AM,Other impacts,0,HOUSTON,TX,57,1,Dawn,Cloudy,Yard,Yard/switching,4,24726,66,24951,S007,29.792576,-95.298006,55.5,65.3,55.5
BNSF,NW1215112,2015-12-24,8:50 PM,Derailment,0,PASCO,WA,26,3,Dusk,Clear,Yard,Light loco(s),3,0,18000,18000,H307,46.230167,-119.083303,40.2,36.9,28.9
TMBL,04052017A,2017-04-05,9:20 AM,Side collision,0,TACOMA,WA,48,2,Day,Rain,Yard,Yard/switching,2,45000,0,50000,H210,47.252817,-122.402084,48.6,48.8,51.1
BNSF,NW0318117,2018-03-24,9:30 AM,Derailment,0,VANCOUVER,WA,41,2,Day,Rain,Yard,Cut of cars,0,4203,0,43148,H702,45.650873,-122.688455,40.8,40.4,44.5
UP,0620TO027,2020-06-14,7:25 AM,Derailment,0,DALLAS,TX,73,2,Day,Clear,Yard,Light loco(s),2,37241,273,37514,H017,32.713689,-96.750262,82.3,83.2,85
BNSF,KS0718110,2018-07-17,3:53 PM,Derailment,1,PANHANDLE,TX,95,2,Day,Clear,Siding,Freight Train,4,463403,90000,553403,H306,35.331589,-101.398009,81.2,85,86.1
WATX,190827006,2019-08-27,11:00 PM,Other impacts,0,HOUSTON,TX,90,4,Dark,Clear,Industry,Single Car,5,52000,0,52000,M504,29.755385,-95.186294,86.8,86.2,83.3
NS,138948,2020-08-24,12:35 PM,Derailment,0,RILEYVILLE,VA,82,2,Day,Clear,Main,Freight Train,32,179022,94738,273760,E33C,38.765398,-78.387195,74.3,76.7,76.7
NS,143069,2021-10-05,4:32 PM,Obstruction,0,SALEM,VA,80,3,Dusk,Clear,Yard,Yard/switching,5,3266,0,59976,H306,37.271994,-80.014903,70.3,69.8,70
UP,1122TO025,2022-11-23,8:23 AM,Obstruction,0,ARLINGTON,TX,53,2,Day,Cloudy,Main,Freight Train,8,0,18066,18066,M404,32.736936,-97.097484,50.9,54.5,55.9
NS,155712,2024-02-07,9:41 AM,Derailment,0,NORFOLK,VA,48,2,Day,Cloudy,Yard,Cut of cars,4,32248,0,32248,H307,36.871878,-76.295016,41.4,40.8,40.5
FWWR,23053101,2023-05-31,2:20 PM,Hwy-rail crossing,0,DUBLIN,TX,57,2,Day,Clear,Main,Light loco(s),41,15062,32992,48054,M308,32.12118,-98.27411,74.3,76.3,76.5
UP,0918HO043,2018-09-21,1:33 PM,Hwy-rail crossing,0,MISSOURI CITY,TX,78,2,Day,Cloudy,Main,,0,0,16732,55448,M302,29.623809,-95.526185,81.5,82.2,79.1
UP,0322SX025,2022-03-30,9:34 AM,Derailment,0,MARATHON,TX,51,2,Day,Clear,Main,Freight Train,28,11319,74452,85771,M405,30.203138,-103.091615,70.2,56.4,57.1
UP,0820GC003,2020-08-01,3:45 AM,Derailment,0,FREEPORT,TX,81,4,Dark,Clear,Yard,Yard/switching,4,9435,7650,17085,H318,28.960229,-95.351025,84,79.1,82
UP,0923TO021,2023-09-14,10:14 AM,Hwy-rail crossing,0,STANTON,TX,73,2,Day,Cloudy,Main,Freight Train,15,4473,27970,32443,M302,32.127618,-101.793221,67.9,74,74.4
UP,1221TO030,2021-12-16,5:00 AM,Other (describe in narrative),0,FORT WORTH,TX,43,1,Dawn,Clear,Yard,Yard/switching,5,16852,0,16852,M201,32.724259,-97.377244,72.9,66.7,68.9
UP,1017HO012,2017-10-12,11:00 AM,Hwy-rail crossing,0,BAY CITY,TX,84,2,Day,Clear,Main,Spec. MoW Equip.,7,82160,99,82259,M302,28.978123,-95.953054,71.9,76.7,77.8
BNSF,RD1022121,2022-10-20,5:28 AM,Other impacts,0,BROWNWOOD,TX,68,1,Dawn,Clear,Yard,Freight Train,5,12493,0,12493,H307,31.716885,-98.973032,59.7,68.6,72
BNSF,RD0123204,2023-01-24,11:25 AM,Hwy-rail crossing,0,ROSENBERG,TX,61,2,Day,Clear,Main,Maint./inspect Car,20,15000,0,15000,M302,29.54339,-95.742437,49.9,54.6,46.8
UP,0523HO038,2023-05-29,6:01 PM,Derailment,0,BAYTOWN,TX,86,3,Dusk,Cloudy,Main,,0,0,38220,65951,H307,29.813177,-94.919606,79.5,79.4,79.6
UFRC,08271801,2018-08-27,1:20 PM,Obstruction,0,FARMINGTON,UT,80,2,Day,Clear,Main,Commuter Train - Pushing,55,21600,0,21600,M402,40.974629,-111.894597,74,68.5,63
TCT,580305,2021-03-16,1:45 PM,Raking collision,0,TEXAS CITY,TX,75,2,Day,Clear,Yard,Yard/switching,4,18000,0,18000,H310,29.355408,-94.931848,69.2,71.3,72.4
UP,0620TO045,2020-06-30,6:59 PM,Derailment,0,COLORADO CITY,TX,93,3,Dusk,Rain,Main,Freight Train,47,2700878,163504,2864382,M105,32.387578,-100.822233,88.1,85.9,85.3
NS,142145,2021-07-09,3:00 AM,Other (describe in narrative),0,HURLEY,VA,70,4,Dark,Rain,Industry,Freight Train,2,20500,0,20500,H702,37.443046,-82.048404,69.2,70.7,68.4
BNSF,RD0520121,2020-05-24,3:50 AM,Derailment,0,SWEETWATER,TX,64,4,Dark,Clear,Yard,Freight Train,5,17716,5784,23500,H307,32.504627,-100.397768,80,73.7,67.7
UP,1020SX001,2020-10-01,3:24 AM,Derailment,0,QUEMADO,TX,59,4,Dark,Clear,Main,,0,0,116145,750263,T220,29.197261,-100.296086,68.5,71.8,73
UP,0521TO016,2021-05-16,5:50 PM,Other impacts,0,BIG SPRING,TX,89,2,Day,Cloudy,Yard,Yard/switching,5,111,0,24838,H302,32.253545,-101.482156,72.4,72.4,71.1
BNSF,RD0522201,2022-05-01,8:34 PM,Hwy-rail crossing,0,MARKHAM,TX,75,3,Dusk,Clear,Main,Freight Train,47,20000,0,20132,M302,29.02673,-95.785171,77.9,77.3,78.8
NS,128710,2018-03-05,2:25 AM,Other impacts,0,NORFOLK,VA,37,4,Dark,Clear,Yard,Cut of cars,3,0,26942,26942,M411,36.873777,-76.301703,44.1,41.7,40.9
BNSF,NW0515116,2015-05-27,12:10 PM,Raking collision,0,SEATTLE,WA,75,2,Day,Clear,Industry,Yard/switching,10,1000,10000,34001,H022,47.575092,-122.331758,62.6,66.1,69.4
TMBL,03142016A,2016-03-14,1:45 AM,Side collision,0,TACOMA,WA,50,4,Dark,Rain,Industry,Cut of cars,0,12191,0,39902,H306,47.273439,-122.390253,43.9,41.1,42
BNSF,RD1122128,2022-11-27,4:30 PM,Derailment,0,SOMERVILLE,TX,60,2,Day,Clear,Yard,Freight Train,2,18748,141254,160002,H019,30.356343,-96.536117,56,57,58.9
UP,0324HO007,2024-03-04,8:36 AM,Derailment,0,DEER PARK,TX,67,2,Day,Cloudy,Siding,Freight Train,4,27667,264,27931,H306,29.706629,-95.102665,69.1,73.2,73.8
TCT,580294,2019-11-11,5:40 PM,Raking collision,0,TEXAS CITY,TX,45,3,Dusk,Rain,Yard,Yard/switching,4,91000,0,91000,H310,29.355408,-94.931848,63.9,66.5,43.3
KCS,21032602,2021-03-26,11:20 AM,Other impacts,0,KENDELTON,TX,72,2,Day,Clear,Yard,Single Car,0,18000,0,18000,M208,29.467409,-95.968823,68.8,67.5,74.4
UP,1218RM045,2018-12-27,7:30 AM,Derailment,0,OGDEN,UT,22,2,Day,Snow,Yard,Yard/switching,4,754,10197,10951,H702,41.22496,-111.98583,29.6,23.5,23.8
UP,1021HO025,2021-10-28,9:30 PM,Other impacts,0,HOUSTON,TX,70,4,Dark,Cloudy,Yard,Single Car,5,351,0,31125,M411,29.814529,-95.288926,73.3,68.3,64.7
WACR,1226,2015-10-23,11:19 AM,Obstruction,0,BARNET,VT,50,2,Day,Cloudy,Main,Spec. MoW Equip.,8,2500,0,42345,H607,44.320366,-72.033202,55.7,39.5,36.1
UP,1119HO002,2019-11-01,2:35 PM,Other (describe in narrative),0,HOUSTON,TX,61,2,Day,Clear,Yard,Single Car,0,21062,0,21062,M507,29.796381,-95.288568,46.9,50.1,57.5
UP,0520HO020,2020-05-25,9:17 PM,Derailment,0,GALENA PARK,TX,78,4,Dark,Cloudy,Industry,Freight Train,8,24030,496,24526,M101,29.723339,-95.241234,81,76.2,78.3
UP,0923TO029,2023-09-17,10:20 PM,Derailment,0,FORT WORTH,TX,75,4,Dark,Clear,Yard,,0,0,19148,29058,H702,32.771497,-97.326736,74.9,78.1,79.6
UP,0824SX033,2024-08-29,4:15 PM,Derailment,0,SAN ANTONIO,TX,93,2,Day,Cloudy,Yard,Yard/switching,3,11308,795,12103,M505,29.464402,-98.398156,80.7,82.9,85.9
TXGN,TXGN190926,2019-09-26,11:05 AM,Derailment,0,HARWOOD,TX,90,2,Day,Clear,Yard,Freight Train,5,18000,2900,20900,E46C,29.610987,-97.464299,82.7,82.7,82.9
NS,138193,2020-06-09,5:40 PM,Derailment,0,MARTINSVILLE,VA,88,3,Dusk,Cloudy,Main,Freight Train,11,41416,10401,51817,H508,36.67727,-79.889433,71.9,77.9,76.6
UP,0917FW010,2017-09-16,8:30 AM,Derailment,0,FORT WORTH,TX,80,2,Day,Clear,Yard,Yard/switching,2,75907,100,79331,E43C,32.722623,-97.378375,83.9,84.9,85
BNSF,RD0322118,2022-03-19,6:25 PM,Derailment,0,HOUSTON,TX,67,3,Dusk,Clear,Yard,Freight Train,5,201823,8265,210088,M503,29.911895,-95.507251,65.7,63.2,62.7