reportingrailroadcode,accidentnumber,date,time,accidenttype,hazmatreleasedcars,station,stateabbr,temperature,visibility_code,visibility,weathercondition,tracktype,equipmenttype,trainspeed,equipmentdamagecost,trackdamagecost,totaldamagecost,primaryaccidentcausecode,latitude,longitude,prior_temp,actual_temp,following_temp
BNSF,KS0419108,2019-04-22,2:00 AM,Derailment,0,AMARILLO,TX,50,4,Dark,Clear,Yard,Freight Train,5,62500,60000,122500,H307,35.213708,-101.834566,71,56.1,51.6
BNSF,KS1119101,2019-11-02,5:47 AM,Derailment,0,AMARILLO,TX,25,1,Dawn,Clear,Yard,Yard/switching,8,776,15802,16578,H309,35.187864,-101.832978,41.7,39.8,48.9
UP,1020TO001,2020-10-03,2:40 AM,Other impacts,0,FORT WORTH,TX,63,4,Dark,Clear,Yard,Single Car,3,225,0,79076,H318,32.72452,-97.373623,65.6,69.9,69.6
CCPN,CCP510219,2019-08-30,4:00 PM,Derailment,0,CORPUS CHRISTI,TX,93,2,Day,Clear,Yard,,0,0,8000,189899,H702,27.8457,-97.524835,85.7,85.4,85.7
NS,136294,2019-11-23,12:00 PM,Derailment,0,STANLEY,VA,34,2,Day,Cloudy,Main,Freight Train,3,180000,8013,188013,H506,38.559962,-78.546156,48.4,34.7,42.4
UP,0823RM008,2023-08-08,4:00 PM,Derailment,0,OGDEN,UT,79,2,Day,Clear,Yard,Yard/switching,8,7416,5093,12509,H704,41.200387,-111.986033,76.3,73.1,74
NS,144557,2022-03-02,3:30 AM,Other impacts,0,ROANOKE,VA,51,4,Dark,Cloudy,Yard,Single Car,0,12150,0,207000,H318,37.277109,-79.982323,49.4,58.7,61.3
PTRA,2022000028,2022-06-22,3:00 AM,Raking collision,0,HOUSTON,TX,75,4,Dark,Clear,Yard,Freight Train,8,50000,0,67076,H401,29.71614,-95.26462,85.8,86.2,87
UP,0918SA007,2018-09-15,2:15 PM,Hwy-rail crossing,0,DEL RIO,TX,84,2,Day,Cloudy,Main,Freight Train,24,45006,48485,93491,M302,29.355836,-100.930517,79.2,76.9,73.9
NS,151273,2022-10-25,4:45 PM,Other (describe in narrative),0,ROANOKE,VA,68,3,Dusk,Clear,Yard,Freight Train,5,13289,10705,23994,H702,37.271116,-79.997916,57.4,57.2,60.9
PTRA,2021000003,2021-02-07,4:55 PM,Other (describe in narrative),0,PASADENA,TX,70,2,Day,Clear,Main,Light loco(s),20,0,54000,54000,H702,29.720441,-95.152961,56.7,52.5,61.3
FWWR,20122301,2020-12-23,8:30 PM,Derailment,0,GRANBURY,TX,46,4,Dark,Cloudy,Siding,Cut of cars,0,12767,0,13947,H099,32.478472,-97.721179,55.5,58.1,41.5
TRE,20023,2021-04-16,10:15 AM,Other (describe in narrative),0,DALLAS,TX,55,2,Day,Cloudy,Main,,0,0,52000,52500,E6AL,32.814077,-96.897655,59.2,58.4,54.6
CSX,000205868,2022-06-29,11:30 AM,Derailment,0,HARPSTER,OH,77,2,Day,Clear,Industry,Freight Train,3,37963,112800,150763,M204,40.72108,-83.237672,67.1,71.7,76.6
UP,0624TO027,2024-06-19,2:10 PM,Hwy-rail crossing,0,TYE,TX,83,2,Day,Cloudy,Main,Freight Train,50,12529,0,12529,M302,32.457333,-99.866038,83.6,79.5,78
BNSF,RD0221204,2021-02-23,6:44 AM,Hwy-rail crossing,5,CAMERON,TX,61,1,Dawn,Clear,Main,Freight Train,31,656132,505000,1161132,M302,30.830491,-96.930277,56.6,61.1,68.8
UP,1021GC006,2021-10-05,8:06 AM,Derailment,0,BEAUMONT,TX,66,1,Dawn,Clear,Yard,,0,0,155760,281793,E40C,30.077338,-94.111633,76.8,74,73.2
UP,0420HO005,2020-04-05,2:06 PM,Other impacts,0,HOUSTON,TX,69,2,Day,Cloudy,Yard,Single Car,0,1289,0,12568,M101,29.79604,-95.291863,61,66.3,71
BNSF,RD0718117,2018-07-17,5:01 AM,Derailment,0,BROWNWOOD,TX,74,1,Dawn,Clear,Yard,Freight Train,2,6000,23000,29000,H514,31.713485,-98.98883,87.5,88.9,90.3
UP,0619TO006,2019-06-01,1:28 PM,Fire/violent rupture,0,FORT WORTH,TX,72,2,Day,Clear,Main,Freight Train,20,43687,0,43687,E73L,32.681557,-97.546773,74.6,77.2,75.9
BNSF,RD0921132,2021-09-30,7:04 PM,Derailment,0,DAYTON,TX,73,3,Dusk,Cloudy,Yard,Freight Train,7,17823,13153,30976,H019,30.00225,-94.907183,75.4,76.4,74.7
BNSF,RD0923120,2023-09-13,3:17 PM,Derailment,0,QUANAH,TX,94,2,Day,Clear,Yard,Light loco(s),3,2000,11269,13269,H306,34.307739,-99.731574,69.2,70.9,71.3
UP,0720HO009,2020-07-12,6:45 PM,Other impacts,0,LA PORTE,TX,95,3,Dusk,Clear,Yard,Single Car,1,28268,0,39628,S016,29.688837,-95.043737,87.6,86.2,87.3
RVSC,RV22018,2022-11-28,1:43 PM,Derailment,0,HARLINGEN,TX,78,2,Day,Clear,Yard,Freight Train,2,13000,3546,16546,E64C,26.128497,-97.524724,64.9,70.8,77.5
UP,0922TO021,2022-09-21,11:30 AM,Hwy-rail crossing,0,MESQUITE,TX,90,2,Day,Clear,Main,,0,0,19100,19181,M303,32.768951,-96.612797,82.4,82.2,82.2
UP,1219GC009,2019-12-11,11:35 PM,Derailment,0,BEAUMONT,TX,44,4,Dark,Clear,Yard,Light loco(s),2,977,0,74376,H607,30.072176,-94.156954,56.4,50,51.9
XAAL,2024XAAL01,2024-08-30,8:43 PM,,0,,,0,,,,,,0,145555,22345,335800,,0,0,82.3,81.4,81.3
UP,1018HO016,2018-10-09,9:30 AM,Other impacts,0,LA PORTE,TX,82,2,Day,Clear,Yard,Freight Train,1,13504,0,15300,M408,29.683777,-95.038893,81.4,82.4,78.4
NS,131077,2018-09-25,8:10 PM,Other (describe in narrative),0,CREWE,VA,72,4,Dark,Clear,Yard,Yard/switching,7,4442,17519,23884,H305,37.186981,-78.143596,64.6,72.4,73.5
CSX,000200984,2021-10-28,2:52 PM,Hwy-rail crossing,0,RUTHER GLEN,VA,70,2,Day,Cloudy,Main,Freight Train,58,144000,24077,168077,M303,37.957312,-77.370644,59.4,57.7,62.1
UP,0123SX022,2023-01-26,6:30 AM,Other impacts,0,SAN ANTONIO,TX,33,1,Dawn,Clear,Yard,Single Car,5,31488,0,40548,H602,29.379859,-98.553773,48.2,46,47.1
UP,1122RM008,2022-11-05,4:41 AM,Derailment,0,SALT LAKE CITY,UT,42,1,Dawn,Cloudy,Yard,Yard/switching,1,6127,5969,12096,H307,40.726045,-111.908623,36.4,44.4,44.2
UP,0822SX023,2022-08-29,9:45 PM,Other impacts,0,HEARNE,TX,80,4,Dark,Cloudy,Yard,Cut of cars,2,13732,0,18347,H306,30.878938,-96.592267,85.9,82.5,76.6
BNSF,RD0320112,2020-03-13,1:30 PM,Side collision,0,DAYTON,TX,75,2,Day,Clear,Yard,Yard/switching,0,876,0,26658,H318,30.01322,-94.902654,72.9,73.3,73.4
UP,0718LV025,2018-07-31,8:00 AM,Obstruction,0,LUFKIN,TX,88,2,Day,Cloudy,Main,Freight Train,30,12923,132,13055,M404,31.395701,-94.701768,82.8,76.5,79.3
UP,0324SX010,2024-03-09,5:20 PM,Other impacts,0,HEARNE,TX,58,2,Day,Cloudy,Yard,Cut of cars,0,3742,0,262650,H702,30.778743,-96.600318,69.5,50.9,53.7
UP,1121TO012,2021-11-12,8:50 PM,Other impacts,0,DALLAS,TX,52,4,Dark,Clear,Yard,Cut of cars,7,28905,0,37714,H318,32.709086,-96.747285,57.3,55.3,50.2
BNSF,RD0618103,2018-06-04,5:35 AM,Derailment,0,TEMPLE,TX,80,1,Dawn,Clear,Yard,Yard/switching,10,0,17750,17750,H318,31.105236,-97.348898,85.2,78.4,84.9
UP,0721GC014,2021-07-14,1:50 AM,Other impacts,0,CORPUS CHRISTI,TX,79,4,Dark,Clear,Yard,Single Car,3,105581,0,105779,H310,27.834079,-97.510046,82.5,83.1,83.9
UP,0818UT045,2018-08-31,4:15 PM,Derailment,0,GARRISON,UT,86,2,Day,Clear,Main,Freight Train,36,841697,170620,1012317,M105,38.642853,-112.982661,73.1,70.9,67.8
BB,2019T0304,2019-03-04,12:15 AM,Derailment,0,GOSHEN,VA,32,4,Dark,Rain,Industry,Cut of cars,7,76000,18000,94000,H318,37.97146,-79.507331,33.7,25.7,20.8
UP,0321RM004,2021-03-03,11:28 PM,Derailment,0,TRENTON,UT,26,4,Dark,Clear,Main,Freight Train,25,1933,34989,36922,E53C,41.9437,-111.9493,30.7,33.6,36
UP,1218TO018,2018-12-12,11:20 AM,Hwy-rail crossing,0,MONAHANS,TX,55,2,Day,Clear,Main,Freight Train,58,49420,16940,66360,M303,31.588462,-102.917274,43,51.3,45.8
UP,1023RM018,2023-10-22,3:45 PM,Other impacts,0,OGDEN,UT,73,2,Day,Clear,Yard,Yard/switching,5,100,300,13789,H310,41.200897,-111.985986,60.7,62.3,60.7
UP,0317UT020,2017-03-25,12:00 PM,Other (describe in narrative),0,SALT LAKE CITY,UT,37,2,Day,Clear,Yard,Single Car,0,71599,0,71599,H312,40.789692,-111.908973,46.1,45.7,45
BNSF,RD0818117,2018-08-10,10:04 PM,Other (describe in narrative),0,SWEENY,TX,87,4,Dark,Clear,Main,Light loco(s),3,0,0,13930,H607,29.030887,-95.761095,82,82.4,79.8
BNSF,NW1215116,2015-12-28,5:15 PM,Side collision,0,SPOKANE,WA,23,3,Dusk,Cloudy,Yard,Cut of cars,3,300,0,17186,H021,47.673697,-117.333793,26.5,26.8,24.7
BNSF,RD0223102,2023-02-01,6:00 PM,Derailment,0,TEMPLE,TX,30,3,Dusk,Sleet,Yard,Light loco(s),3,250,39963,40213,H307,31.095838,-97.349523,27.9,29.3,33.2
KFR,KFR151142,2015-05-30,2:00 PM,Derailment,0,KETTLE FALLS,WA,85,2,Day,Clear,Main,Freight Train,9,28705,31300,60005,E46C,48.402881,-118.065856,59.5,58.2,63.4
UP,0123SX006,2023-01-06,9:50 AM,Hwy-rail crossing,0,KNIPPA,TX,57,2,Day,Cloudy,Main,Freight Train,29,0,28000,28000,M302,29.294857,-99.638104,58.2,62.4,65.2
UP,0423TO022,2023-04-16,7:00 PM,Other impacts,0,BRIDGEPORT,TX,68,3,Dusk,Clear,Industry,Freight Train,37,2207254,70461,2305757,H702,33.282184,-97.800185,67,55.4,61.5
UP,0621RM015,2021-06-15,6:20 AM,Derailment,0,OGDEN,UT,75,1,Dawn,Clear,Yard,Freight Train,9,20640,99,20739,H601,41.213316,-111.983614,85.8,89.1,82.4
UP,0722SX021,2022-07-22,9:30 PM,Broken train collision,0,SAN ANTONIO,TX,91,4,Dark,Cloudy,Yard,Cut of cars,0,19389,0,22281,E34C,29.373765,-98.559181,87.8,87.5,87.2
UP,0619TO032,2019-06-16,1:30 PM,Hwy-rail crossing,0,STANTON,TX,87,2,Day,Clear,Main,Freight Train,50,100,17323,17423,M304,32.124609,-101.801448,85.5,80.4,78.8
BNSF,NW1216112,2016-12-20,9:00 AM,Side collision,0,SPOKANE,WA,38,2,Day,Snow,Yard,Cut of cars,0,38207,0,39398,H318,47.67284,-117.321344,29,34.9,28.4
UP,0723TO012,2023-07-09,12:42 AM,Derailment,0,GRAND PRAIRIE,TX,82,4,Dark,Clear,Main,Freight Train,10,3200,20400,23600,H702,32.739791,-97.032935,87.6,84,85.4
UP,0219ST010,2019-02-09,10:30 AM,Other (describe in narrative),0,EL PASO,TX,39,2,Day,Cloudy,Yard,Yard/switching,4,35979,0,35979,E21C,31.75358,-106.388462,40.5,45.5,49.5
UP,0819HO020,2019-08-15,11:28 PM,Hwy-rail crossing,0,BAYTOWN,TX,83,4,Dark,Cloudy,Main,Freight Train,0,15015,19500,34515,M303,29.78072,-95.016697,87.4,85.9,86.6
UP,0620RM037,2020-06-26,9:20 PM,Derailment,0,OGDEN,UT,87,4,Dark,Clear,Yard,Yard/switching,6,50069,101470,151539,H702,41.222117,-111.985315,77.8,76.8,79.2
UP,0820HO001,2020-08-04,2:51 PM,Derailment,0,LA PORTE,TX,92,2,Day,Clear,Yard,Yard/switching,3,15962,13293,29255,H318,29.676436,-95.038824,85.5,85.2,85.6
UP,0423ES020,2023-04-13,11:00 AM,Obstruction,0,BUFFALO,TX,70,2,Day,Clear,Main,Maint./inspect Car,0,26587,232,27019,H403,31.485609,-96.018348,64.7,65.6,68
UP,0917PD031,2017-09-24,9:00 AM,Other impacts,0,TOUCHET,WA,65,2,Day,Clear,Yard,Single Car,4,42834,348,43182,E20C,46.096321,-118.913435,57.1,59.4,63.2
UP,0622GC010,2022-06-15,7:15 AM,Hwy-rail crossing,0,BEAUMONT,TX,78,1,Dawn,Clear,Main,Freight Train,35,9204,125800,135004,M302,30.041078,-94.386129,85.5,85.5,84.5
BNSF,NW0518114,2018-05-19,6:30 PM,Derailment,0,EVERETT,WA,48,3,Dusk,Clear,Yard,Yard/switching,3,12000,1000,13000,H312,48.011496,-122.188185,55.4,58.1,54
ATK,172125,2022-09-21,11:08 AM,Hwy-rail crossing,0,MESQUITE,TX,91,2,Day,Clear,Main,Passenger Train - Pulling,53,81,0,19181,M303,32.768951,-96.612797,82.4,82.2,82.2
UP,0424TO033,2024-04-29,3:40 AM,Derailment,0,EL PASO,TX,69,4,Dark,Clear,Industry,Yard/switching,5,12973,3520,16493,H306,31.778227,-106.396816,67.7,71.6,75.7
NS,141882,2021-06-14,4:00 PM,Derailment,0,ROANOKE,VA,72,3,Dusk,Clear,Yard,Yard/switching,4,68150,1070,69220,H399,37.278301,-79.977205,73.5,76,73.8
BNSF,RD0421105,2021-04-14,7:40 PM,Derailment,0,HOUSTON,TX,65,3,Dusk,Clear,Yard,Yard/switching,5,81534,42000,131674,H514,29.735498,-95.339851,74.9,71.7,66.7
UP,1217UT004,2017-12-04,1:30 PM,Hwy-rail crossing,0,LYNNDYL,UT,34,2,Day,Clear,Main,Freight Train,17,140005,348,140353,M304,39.522082,-112.375728,44.1,25.9,23
BNSF,RD0123111,2023-01-14,6:12 PM,Other impacts,0,LUBBOCK,TX,60,3,Dusk,Clear,Yard,Yard/switching,5,24390,0,24390,H318,33.585024,-101.83856,44.1,52.1,56.2
BNSF,NW0515116,2015-05-27,12:10 PM,Raking collision,0,SEATTLE,WA,75,2,Day,Clear,Industry,Single Car,5,23001,0,34001,H022,47.575092,-122.331758,62.6,66.1,69.4
BNSF,RD0419103,2019-04-03,4:15 AM,Derailment,0,WEATHERFORD,TX,51,1,Dawn,Clear,Main,Freight Train,28,1380000,0,1648151,H519,32.783178,-97.900207,56.8,59.8,71.4
UP,0119RM013,2019-01-02,11:53 PM,Other impacts,0,PORTAGE,UT,10,4,Dark,Clear,Industry,Single Car,0,11692,0,12076,H307,41.882668,-112.19309,7.9,13,13.9
UP,0922SX015,2022-09-17,12:20 AM,Derailment,0,HEARNE,TX,78,4,Dark,Cloudy,Yard,Freight Train,7,20130,352,20482,H503,30.757581,-96.588259,80.9,82.8,82.7
CSX,000210105,2023-03-01,5:25 AM,Other impacts,0,RICHMOND,VA,44,4,Dark,Clear,Yard,Cut of cars,0,55777,0,56576,H306,37.57583,-77.471319,52.6,48.9,57.6
ATK,160048,2019-07-14,1:00 PM,Obstruction,0,BRATTLEBORO,VT,74,2,Day,Cloudy,Main,Passenger Train - Pulling,52,25421,0,25421,M404,42.863767,-72.554792,74.1,74.4,69
NS,145857,2022-07-15,8:15 PM,Derailment,0,ROANOKE,VA,80,4,Dark,Cloudy,Yard,Yard/switching,4,16000,9706,25706,H506,37.278301,-79.977205,77.1,77.3,77.3
XTGS,F222019,2019-09-05,3:47 AM,Derailment,0,ANAHUAC,TX,80,4,Dark,Clear,Yard,Yard/switching,4,11893,24674,36567,E4BC,29.699088,-94.897499,87.6,86.6,86.1
CSX,000209247,2023-01-10,10:35 PM,Other impacts,0,RICHMOND,VA,40,4,Dark,Clear,Main,Single Car,4,57377,0,59377,H995,37.552216,-77.427961,42.9,35.6,37.8
UP,0122TO010,2022-01-09,5:08 PM,Derailment,0,EL PASO,TX,53,2,Day,Clear,Main,Freight Train,5,164358,121850,286208,H702,31.770094,-106.474311,59.5,48.6,42.4
ATK,177951,2024-01-11,11:38 AM,Hwy-rail crossing,0,VALENTINE,TX,5,2,Day,Clear,Main,Passenger Train - Pulling,79,21153,0,21153,M302,30.890785,-104.782211,39.8,43.6,38.1
SCR,SCR171218,2017-12-18,7:33 AM,Derailment,0,DU PONT,WA,48,1,Dawn,Rain,Main,,0,0,425000,25831000,H604,47.082418,-122.675154,34.4,35.1,36.9
UP,0119TO037,2019-01-27,6:07 PM,Derailment,0,FORT WORTH,TX,58,3,Dusk,Clear,Yard,Single Car,0,634,0,83519,H993,32.721477,-97.38143,44.4,46.9,48.2
NS,146331,2022-08-30,3:00 AM,Other impacts,0,ROANOKE,VA,75,4,Dark,Clear,Yard,Single Car,3,14676,4711,25669,H312,37.271115,-79.997916,79.3,76,75.7
ATK,149461,2017-09-13,2:43 PM,Hwy-rail crossing,0,VANCOUVER,WA,72,2,Day,Clear,Main,Passenger Train - Pushing,79,11420,0,21420,M302,45.707628,-122.720967,71.4,62.4,64.3
BB,2022C1027,2022-10-27,10:20 AM,Derailment,0,ORANGE,VA,35,2,Day,Clear,Main,Spec. MoW Equip.,9,20000,0,20000,H607,38.219796,-78.121136,57.5,51.8,49.5
UP,0921SX002,2021-09-02,10:20 AM,Hwy-rail crossing,0,SAN ANTONIO,TX,85,2,Day,Clear,Main,Freight Train,21,0,14699,14699,M303,29.436498,-98.473215,87.6,87.2,86.5
NPB,AR20167,2016-11-23,1:06 AM,Derailment,0,CHESAPEAKE,VA,34,4,Dark,Clear,Yard,Yard/switching,4,31025,5000,36025,H506,36.822786,-76.280974,41.6,42.8,51.5
TRE,20005,2020-05-07,5:00 PM,Hwy-rail crossing,0,FORT WORTH,TX,77,2,Day,Clear,Main,Commuter Train - Pushing,15,60000,3000,63000,M302,32.778301,-97.273283,70.1,73,68.3
UP,0623TO022,2023-06-21,5:17 PM,Derailment,0,CORSICANA,TX,90,2,Day,Rain,Main,Freight Train,16,1151217,429104,1580321,M105,32.107658,-96.36924,88.2,84.8,83
UP,0524ES035,2024-05-17,4:28 AM,Obstruction,0,GOODRICH,TX,67,1,Dawn,Cloudy,Main,Maint./inspect Car,10,8000,0,13000,H104,30.616335,-94.949104,74.7,69.8,75.9
IHTR,2,2022-07-26,8:00 PM,Rear end collision,0,BEAUMONT,TX,91,3,Dusk,Clear,Yard,Yard/switching,5,0,0,0,H307,30.06,-94.24,85.3,85.1,85.5
UP,0224HO024,2024-02-18,10:00 AM,Other impacts,0,HOUSTON,TX,42,2,Day,Clear,Yard,Yard/switching,7,44586,200,87477,M408,29.815826,-95.289237,48,45.4,53.7
UP,0820HO003,2020-08-05,1:30 AM,Derailment,0,GALENA PARK,TX,82,4,Dark,Cloudy,Yard,Yard/switching,4,7143,14200,21343,M101,29.730215,-95.252142,85.2,85.6,85.7
NS,140393,2021-01-26,8:30 AM,Other impacts,0,SALEM,VA,55,2,Day,Clear,Yard,Single Car,2,6840,0,21840,H312,37.271994,-80.014903,36.8,37.6,43.2
ATK,173668,2023-02-06,9:04 PM,Derailment,0,ST. ALBANS,VT,16,4,Dark,Cloudy,Yard,Passenger Train - Pulling,4,34536,0,34536,M101,44.81,-73.09,24.9,26.6,24.3
CSX,000168283,2017-04-16,2:43 AM,Side collision,0,RICHMOND,VA,65,4,Dark,Clear,Yard,Cut of cars,3,4900,0,56194,H318,37.584345,-77.477281,67.3,74.7,69.3
NS,144528,2022-02-26,10:00 AM,Other impacts,0,ROANOKE,VA,42,2,Day,Clear,Yard,Single Car,2,29787,0,29787,E27C,37.271115,-79.997916,43.6,40.5,45.5
UP,0123SX012,2023-01-12,2:38 AM,Derailment,0,EAGLE PASS,TX,66,4,Dark,Clear,Yard,,0,0,3400,17425,H307,28.839634,-100.433873,67.2,59.8,50.7
UP,0323HO027,2023-03-30,3:50 AM,Other impacts,0,HOUSTON,TX,62,4,Dark,Cloudy,Yard,Yard/switching,4,43217,198,43700,M408,29.79379,-95.300094,62.7,69.4,76.1
UP,0321TO002,2021-03-02,10:15 PM,Other impacts,0,FORT WORTH,TX,51,4,Dark,Clear,Yard,Yard/switching,5,102221,0,120014,H602,32.727714,-97.36616,51,50.9,55.3
UP,0118HO012,2018-01-11,8:47 AM,Hwy-rail crossing,0,GALENA PARK,TX,72,2,Day,Cloudy,Yard,Light loco(s),9,1617,12912,14529,M302,29.73025,-95.243796,58.8,60.8,40.1
UP,0822HO017,2022-08-12,5:01 PM,Derailment,0,LA PORTE,TX,83,2,Day,Clear,Yard,Yard/switching,6,42931,33340,76271,H993,29.661246,-95.039084,83.9,84.5,83.9
ATK,147750,2017-06-02,10:34 AM,Hwy-rail crossing,0,CULPEPER,VA,77,2,Day,Clear,Main,Passenger Train - Pulling,79,26011,0,26011,M302,38.493681,-77.920571,69.7,67.2,68.5
UP,0518SA017,2018-05-19,1:05 PM,Hwy-rail crossing,0,COOKS POINT,TX,91,2,Day,Clear,Main,Freight Train,51,10899,200,11099,M304,30.577725,-96.613732,80.5,81,74.1
UP,0220SX019,2020-02-25,7:11 AM,Hwy-rail crossing,0,CIBOLO,TX,43,1,Dawn,Clear,Main,,0,0,50000,78782,M304,29.563157,-98.208865,65.1,54.3,46.9
UP,1118LK026,2018-11-16,3:15 PM,Other (describe in narrative),0,LONGVIEW,TX,65,2,Day,Clear,Yard,Single Car,0,32974,396,33370,M501,32.495324,-94.724478,41.1,51.7,53.9
UP,1122RM011,2022-11-07,4:50 AM,Derailment,0,SALT LAKE CITY,UT,55,1,Dawn,Cloudy,Yard,Yard/switching,7,114262,11931,126193,H306,40.787746,-111.90789,44.2,54.8,45.3
BNSF,RD0919127,2019-09-26,2:24 AM,Side collision,0,JUSTIN,TX,79,4,Dark,Clear,Yard,Yard/switching,7,0,0,15987,H318,33.007744,-97.354592,86.8,85.5,85.2
UP,1222HO022,2022-12-16,10:50 PM,Other impacts,0,HOUSTON,TX,44,4,Dark,Clear,Yard,Single Car,0,78457,0,130270,M407,29.796574,-95.291673,54.6,54.2,48.3
UP,1220HO015,2020-12-21,3:45 AM,Derailment,0,HOUSTON,TX,46,4,Dark,Clear,Yard,Cut of cars,3,3323,10854,14177,S007,29.796424,-95.292579,56.8,60.7,61.1
UP,0218ST013,2018-02-28,3:39 PM,Hwy-rail crossing,0,VAN HORN,TX,55,2,Day,Cloudy,Main,Freight Train,68,51193,900,52093,M304,31.059135,-104.608664,59.7,57.2,47.4
UP,0319MA050,2019-03-31,7:19 PM,Other impacts,0,LONGVIEW,TX,54,3,Dusk,Cloudy,Yard,Yard/switching,1,645989,0,720280,H309,32.493324,-94.734123,59,48.2,42.2
NS,155739,2024-02-12,8:30 AM,Other impacts,0,ROANOKE,VA,54,2,Day,Cloudy,Yard,Single Car,0,50000,0,70000,H601,37.277109,-79.982324,54.8,51.6,47
UP,1119SX001,2019-11-01,12:30 AM,Derailment,0,UVALDE,TX,38,4,Dark,Clear,Main,Freight Train,37,27429,280772,308201,E62C,29.238511,-99.978394,43.9,46.8,53.9
UP,0419RM018,2019-04-15,6:00 AM,Derailment,0,OGDEN,UT,47,1,Dawn,Rain,Yard,Yard/switching,4,10751,1089,11840,E25C,41.210569,-111.990256,48.3,46.9,43.9
KCS,21102201,2021-10-22,1:00 AM,Derailment,0,PORT ARTHUR,TX,75,4,Dark,Cloudy,Yard,Freight Train,7,9130,32705,41835,M409,29.887914,-93.944907,76.3,74.9,75.9
UP,0819TO022,2019-08-16,8:34 AM,Other impacts,0,FORT WORTH,TX,81,2,Day,Clear,Yard,Yard/switching,10,144667,18286,402920,H316,32.721025,-97.381189,87.8,89.3,89.6
UP,0922TO014,2022-09-19,8:35 AM,Other impacts,0,FORT WORTH,TX,74,2,Day,Clear,Yard,Single Car,2,3391,66,73242,M407,32.724286,-97.373509,83.9,83.8,84.9
UP,0218FW030,2018-02-27,4:14 PM,Hwy-rail crossing,0,ODESSA,TX,65,2,Day,Clear,Main,Freight Train,59,73990,2065,76055,M302,31.898854,-102.261553,50,62.6,63.2
NS,140989,2021-03-10,5:30 AM,Other (describe in narrative),0,SALEM,VA,72,1,Dawn,Clear,Yard,Yard/switching,5,22000,0,22000,H317,37.271994,-80.014903,53,56.7,63.1
BNSF,RD0920202,2020-09-24,4:31 PM,Hwy-rail crossing,0,CORSICANA,TX,70,2,Day,Cloudy,Main,Spec. MoW Equip.,3,40000,0,40000,M302,32.088614,-96.454496,68.9,68,69.4
UP,0719RM039,2019-07-20,9:32 AM,Derailment,0,WELLINGTON,UT,85,2,Day,Clear,Industry,,0,0,0,11000,H303,39.529494,-110.705661,78.7,80.6,79.7
NS,144557,2022-03-02,3:30 AM,Other impacts,0,ROANOKE,VA,51,4,Dark,Cloudy,Yard,Single Car,0,3000,0,207000,H318,37.277109,-79.982323,49.4,58.7,61.3
UP,1119ST002,2019-11-02,3:33 AM,Fire/violent rupture,0,VAN HORN,TX,41,4,Dark,Clear,Main,Freight Train,30,281641,0,281641,E73L,31.097548,-104.118797,52.4,48.1,59.2
UP,0919HO014,2019-09-12,4:10 PM,Derailment,0,DAYTON,TX,91,2,Day,Clear,Main,,0,0,98774,175295,H303,29.995177,-94.906859,80.3,80.7,81.3
UP,1019RM030,2019-10-26,2:00 PM,Derailment,0,DELTA,UT,64,2,Day,Clear,Siding,Freight Train,14,2943,136873,139816,E60C,39.339876,-112.59577,41.6,47.1,32.5
UP,0324RM028,2024-03-28,9:54 PM,Derailment,0,MIDVALE,UT,37,4,Dark,Clear,Yard,Freight Train,2,500,23338,23838,H607,40.617101,-111.906421,43.5,44.7,43.5
UP,0624HO028,2024-06-23,12:45 AM,Derailment,0,HOUSTON,TX,82,4,Dark,Cloudy,Main,Yard/switching,5,19963,86769,106732,H221,29.786601,-95.440239,84.5,84.8,85.6
UP,0221HO017,2021-02-11,8:00 AM,Other impacts,0,HOUSTON,TX,39,2,Day,Rain,Yard,Yard/switching,4,18263,4280,74702,S007,29.796631,-95.291505,59,40.5,35.3
BNSF,KS0120102,2020-01-06,4:17 AM,Derailment,0,AMARILLO,TX,34,1,Dawn,Clear,Yard,Yard/switching,4,24097,25000,49097,H306,35.210959,-101.817131,44,39,40.5
UP,0522GC005,2022-05-01,8:34 PM,Hwy-rail crossing,0,VAN VLECK,TX,78,4,Dark,Clear,Main,,0,0,132,20132,M302,29.026734,-95.785182,77.8,77.2,78.6
RLAX,RLAX52220,2020-05-20,2:15 PM,Raking collision,0,BAYTOWN,TX,92,2,Day,Clear,Yard,Yard/switching,3,10700,0,10700,H021,29.764462,-94.884247,81.7,83,82.1
CGIV,20190313,2019-03-13,9:05 PM,Derailment,0,CHANNELVIEW,TX,55,3,Dusk,Clear,Industry,,0,0,125000,145000,H699,29.747215,-95.116625,67.9,72.4,71.5
BNSF,NW0516104,2016-05-09,10:58 PM,Raking collision,0,KALAMA,WA,68,4,Dark,Clear,Yard,Single Car,0,11128,0,15247,H307,46.019668,-122.853855,55.3,57.4,61.5
CSX,000145084,2015-03-15,7:10 PM,Obstruction,0,EMPORIA,VA,58,3,Dusk,Cloudy,Main,,0,0,0,12945,M402,36.748608,-77.493869,52.7,56,50.9
UP,1222TO003,2022-12-03,6:10 AM,Other impacts,0,DALLAS,TX,50,1,Dawn,Cloudy,Yard,Yard/switching,4,150000,0,151315,H318,32.708482,-96.746824,56.6,53.5,51.1
BNSF,RD0118204,2018-01-16,7:00 PM,Hwy-rail crossing,0,SANGER,TX,22,3,Dusk,Clear,Main,Freight Train,43,25000,25000,50000,M302,33.420169,-97.162969,38.5,19.9,18.5
NS,121139,2016-07-06,11:30 AM,Other impacts,0,CLOVER,VA,90,2,Day,Clear,Industry,Light loco(s),10,120,0,41088,H017,36.855082,-78.718856,78.1,78,79