reportingrailroadcode,accidentnumber,date,time,accidenttype,hazmatreleasedcars,station,stateabbr,temperature,visibility_code,visibility,weathercondition,tracktype,equipmenttype,trainspeed,equipmentdamagecost,trackdamagecost,totaldamagecost,primaryaccidentcausecode,latitude,longitude,prior_temp,actual_temp,following_temp
CSX,000178527,2018-09-02,6:40 PM,Derailment,0,NEWPORT NEWS,VA,90,2,Day,Clear,Yard,Freight Train,6,721705,49721,771426,E09L,37.008687,-76.443027,77.6,79.2,81.7
UP,0317UT009,2017-03-17,9:15 AM,Derailment,0,OGDEN,UT,48,2,Day,Clear,Yard,Freight Train,5,23203,338858,362061,E69C,41.202595,-111.985832,58.9,55.9,60.8
UP,1119HO022,2019-11-19,11:58 PM,Other impacts,0,HOUSTON,TX,63,4,Dark,Clear,Yard,Yard/switching,4,250,1816,20732,H306,29.794097,-95.294457,63.2,66.3,70.9
UP,0317PD020,2017-03-13,11:10 AM,Derailment,0,KENNEWICK,WA,53,2,Day,Cloudy,Yard,Freight Train,2,47670,622,48292,H310,46.175952,-119.03448,52.5,49.3,53
UP,0421GC001,2021-04-02,3:15 PM,Hwy-rail crossing,0,ORANGE,TX,66,2,Day,Cloudy,Main,,0,0,25150,25572,M308,30.111521,-93.744078,58.6,53.2,55.9
UP,0621RM024,2021-06-20,7:30 AM,Derailment,0,SALT LAKE CITY,UT,71,1,Dawn,Clear,Yard,Freight Train,9,102992,246555,349547,E64C,40.75253,-112.00195,90.2,83.2,80.8
UFRC,05161901,2019-05-16,8:35 AM,Hwy-rail crossing,0,OREM,UT,70,2,Day,Clear,Main,Commuter Train - Pushing,62,50000,0,50000,M302,40.289844,-111.73277,67.9,62.7,46.7
BB,2019T0226,2019-02-26,8:45 AM,Raking collision,0,DOSWELL,VA,45,2,Day,Clear,Industry,Freight Train,5,22000,0,22000,H307,37.88662,-77.513964,46.9,45.3,40.4
UTAX,1092020,2020-10-09,7:21 PM,Hwy-rail crossing,0,WEST JORDAN,UT,71,3,Dusk,Clear,Main,EMU,44,1861903,0,1861903,M399,40.590278,-111.986402,69.3,69.6,69.3
BNSF,RD0118112,2018-01-19,5:30 PM,Derailment,0,SILSBEE,TX,50,3,Dusk,Clear,Yard,Yard/switching,3,19523,250,19773,H018,30.351406,-94.183705,32.4,45.7,59
BNSF,RD0521127,2021-05-04,10:25 AM,Derailment,0,GARY,TX,60,2,Day,Rain,Main,Maint./inspect Car,18,20000,0,20000,H997,32.059217,-94.382854,78.3,72.5,64
UP,1023RM018,2023-10-22,3:45 PM,Other impacts,0,OGDEN,UT,73,2,Day,Clear,Yard,Single Car,5,11443,0,13789,H310,41.200897,-111.985986,60.7,62.3,60.7
BNSF,RD1121117,2021-11-26,4:14 AM,Derailment,0,BROWNWOOD,TX,49,1,Dawn,Clear,Yard,Freight Train,7,293838,1000,294838,H307,31.716884,-98.972717,50,45.8,50.7
BNSF,RD0719108,2019-07-07,1:17 AM,Derailment,0,SILSBEE,TX,85,4,Dark,Clear,Yard,Yard/switching,5,43921,14000,57921,H318,30.358101,-94.199241,82.2,84.1,83.9
UP,0617HO024,2017-06-12,10:36 AM,Other impacts,0,HOUSTON,TX,85,2,Day,Clear,Yard,Yard/switching,2,5062,132,13957,S016,29.79544,-95.29432,81.6,83,82.7
CSX,000203121,2022-02-16,8:30 AM,Other impacts,0,NEWPORT NEWS,VA,40,2,Day,Clear,Industry,Freight Train,2,7581,96,60095,H302,37.017219,-76.448281,30.1,44.1,61.3
BNSF,RD0624114,2024-06-15,12:30 AM,Derailment,0,SILSBEE,TX,85,4,Dark,Clear,Yard,Yard/switching,4,92520,249986,342506,H020,30.352336,-94.186588,82.2,83.4,84.5
UP,1023TO016,2023-10-15,11:09 AM,Other impacts,0,FORT WORTH,TX,61,2,Day,Clear,Yard,Yard/switching,2,4114,85026,92314,E30C,32.732095,-97.360155,61.5,58.1,55.5
BNSF,RD0218102,2018-02-06,6:00 AM,Derailment,0,DAYTON,TX,60,1,Dawn,Fog,Yard,Yard/switching,4,16548,2000,18548,H312,30.004962,-94.907293,55.1,64.7,45.2
UP,0320TO006,2020-03-04,6:45 PM,Derailment,0,FORT WORTH,TX,55,3,Dusk,Rain,Yard,Yard/switching,3,46852,11793,58645,H503,32.72541,-97.371701,60.8,54.5,58
NS,157479,2024-07-25,4:45 AM,Side collision,0,CREWE,VA,72,1,Dawn,Rain,Yard,Cut of cars,0,800,0,164030,H309,37.178052,-78.131442,76.8,74.7,73.4
UP,0724HO050,2024-07-27,11:20 AM,Other impacts,0,HOUSTON,TX,88,2,Day,Clear,Yard,Single Car,0,45146,0,45146,M411,29.814373,-95.288166,76.9,77.4,81
CWRY,CWR877221,2021-11-28,6:30 PM,Derailment,0,PORTSMOUTH,VA,52,4,Dark,Clear,Yard,Yard/switching,7,270000,1500,271500,H525,36.872484,-76.3687,37.8,49,44.2
UP,0719SX016,2019-07-20,6:30 PM,Derailment,0,SAN ANTONIO,TX,98,3,Dusk,Clear,Yard,Yard/switching,4,12576,4914,17490,H704,29.373816,-98.559242,85.8,86.1,85.9
UP,0917HO029,2017-09-29,7:10 AM,Hwy-rail crossing,0,MISSOURI CITY,TX,82,2,Day,Clear,Main,Freight Train,40,2988,23158,26146,M302,29.623809,-95.526185,79.6,80.7,78.7
UP,0621HO008,2021-06-07,5:00 PM,Derailment,0,LA PORTE,TX,87,2,Day,Clear,Yard,Yard/switching,5,28928,14400,43328,H704,29.703418,-95.074009,81.7,84,85.1
UP,0522SX025,2022-05-27,1:19 PM,Hwy-rail crossing,0,NEW BRAUNFELS,TX,91,2,Day,Clear,Main,Freight Train,39,482487,183500,665987,M308,29.660544,-98.196637,76.6,81.4,83
TGS,092023,2023-09-04,1:41 AM,Derailment,0,BEACH CITY,TX,87,4,Dark,Clear,Yard,Yard/switching,6,15000,0,15000,S012,29.711575,-94.891598,87.3,86.9,87.9
CSX,000148641,2015-07-01,5:05 PM,Derailment,0,HAMLET,NC,93,2,Day,Cloudy,Yard,Freight Train,5,12821,500,13321,E25C,34.91463,-79.670657,76.9,75.9,77.5
UP,0620HO003,2020-06-03,11:34 AM,Other impacts,0,HOUSTON,TX,84,2,Day,Cloudy,Yard,Yard/switching,7,309,0,18559,M411,29.795813,-95.295353,81.7,80.7,82.6
UP,0318ST002,2018-03-05,6:05 PM,Hwy-rail crossing,0,PECOS,TX,60,2,Day,Cloudy,Main,Freight Train,49,51636,900,52536,M304,31.373858,-103.652319,65.1,55.3,50.7
ATK,162381,2019-12-17,1:20 PM,Hwy-rail crossing,0,DAYTON,TX,48,2,Day,Clear,Main,Passenger Train - Pulling,58,45062,0,45311,M302,30.059172,-94.992737,62.5,44,42.2
UP,1122SX001,2022-11-02,5:15 AM,Other impacts,0,SAN ANTONIO,TX,57,1,Dawn,Clear,Yard,Yard/switching,8,17877,53824,78013,H312,29.38057,-98.554212,65.9,67.1,74.6
UP,1123HO025,2023-11-28,11:21 AM,Hwy-rail crossing,0,HOUSTON,TX,56,2,Day,Clear,Main,Freight Train,39,14459,28000,42459,M304,29.889836,-95.307167,48.7,53,57.9
UP,0818FW020,2018-08-13,1:15 AM,Derailment,0,FORT WORTH,TX,75,4,Dark,Cloudy,Yard,Yard/switching,7,24974,19499,44473,S011,32.719798,-97.385303,77.3,75.7,79.6
NS,127398,2017-11-13,12:25 PM,Side collision,0,HOPEWELL,VA,50,2,Day,Clear,Industry,Freight Train,6,2500,0,100342,H607,37.302848,-77.284508,38.6,42.2,42.1
UTAX,09132023,2023-09-13,6:12 PM,Other impacts,0,SOUTH SALT LAKE,UT,79,2,Day,Clear,Main,EMU,35,0,0,0,M599,40.690394,-111.896952,73.6,70.8,68.1
BNSF,KS0722113,2022-07-30,10:59 PM,Derailment,0,AMARILLO,TX,85,4,Dark,Clear,Yard,Freight Train,5,22262,60000,82262,E64L,35.198498,-101.829228,74.9,73.2,83.1
UP,0219ST031,2019-02-26,4:50 AM,Derailment,0,EL PASO,TX,48,1,Dawn,Clear,Yard,Light loco(s),9,73409,1688,75097,H607,31.771159,-106.473062,52.6,56.8,59.3
NS,144735,2022-03-18,3:30 AM,Other impacts,0,ROANOKE,VA,50,4,Dark,Cloudy,Yard,Single Car,4,250,1008,39045,H312,37.277109,-79.982323,59.5,60.5,63.7
UP,0119RM042,2019-01-15,11:50 PM,Side collision,0,OGDEN,UT,28,4,Dark,Snow,Yard,Freight Train,0,430,0,14600,H020,41.227195,-111.985771,18.3,23.1,31.9
BNSF,NW0416106,2016-04-08,1:45 AM,Other impacts,0,SPOKANE,WA,45,4,Dark,Clear,Yard,Cut of cars,0,10448,0,24298,H318,47.673844,-117.333436,56.3,61,60
BNSF,NW1017107,2017-10-15,7:50 PM,Derailment,0,ODESSA,WA,32,3,Dusk,Clear,Main,Spec. MoW Equip.,40,60000,19000,79000,H997,47.359664,-118.483414,41.9,43.8,44.5
UP,0418UT018,2018-04-21,4:40 PM,Other impacts,0,OGDEN,UT,70,2,Day,Clear,Yard,Yard/switching,2,3242,13617,16859,H312,41.204492,-111.984655,55.8,53.9,59.2
UP,1222TO009,2022-12-06,2:48 AM,Other impacts,0,BELLMEAD,TX,63,4,Dark,Clear,Yard,Yard/switching,5,27874,4454,32328,H601,31.584485,-97.098114,64.9,68.7,71.4
BNSF,RD0522131,2022-05-27,4:58 PM,Other impacts,0,SOMERVILLE,TX,90,2,Day,Clear,Yard,Yard/switching,10,60617,0,60617,H318,30.34855,-96.529302,76.6,81.4,81.2
UP,1218GC084,2018-12-31,1:20 AM,Derailment,0,DEER PARK,TX,53,4,Dark,Fog,Yard,Yard/switching,4,14883,8387,23270,S007,29.707436,-95.105327,47.5,51.4,55.2
UP,0323ES054,2023-03-25,2:40 PM,Obstruction,0,SALT LAKE CITY,UT,33,2,Day,Clear,Main,Spec. MoW Equip.,5,5000,0,14000,H995,40.709375,-111.907423,35.2,32.5,28.8
FWWR,22102201,2022-10-22,2:20 AM,Derailment,0,BLUFF DALE,TX,68,4,Dark,Clear,Main,Freight Train,36,667000,45800,712800,H993,32.313114,-98.120236,68.7,74.2,76.1
UP,0222HO030,2022-02-22,1:10 PM,Other impacts,0,GALENA PARK,TX,78,2,Day,Cloudy,Industry,Freight Train,2,71392,132,76792,H302,29.729402,-95.236559,72.1,72.8,51.2
BNSF,NW0917202,2017-09-25,4:05 AM,Hwy-rail crossing,0,SEATTLE,WA,57,1,Dawn,Cloudy,Yard,Freight Train,5,1501,9200,10701,M302,47.57445,-122.33678,60.1,61.3,63
UP,0422GC009,2022-04-07,4:55 PM,Other impacts,0,VICTORIA,TX,74,2,Day,Clear,Yard,Cut of cars,1,61,0,11424,M105,28.659666,-96.874699,75.8,63.7,62.4
BNSF,RD0117104,2017-01-02,8:40 AM,Side collision,0,FORT WORTH,TX,60,1,Dawn,Cloudy,Yard,Freight Train,5,215,0,19849,H307,32.818035,-97.326032,53.5,62,49.1
UP,0521TO005,2021-05-08,9:20 AM,Derailment,0,FORT WORTH,TX,70,2,Day,Clear,Yard,Light loco(s),4,250,120420,120670,M404,32.717421,-97.390579,72.3,75.3,75.4
BNSF,SW0623106,2023-06-16,4:48 AM,Derailment,0,EL PASO,TX,75,1,Dawn,Clear,Yard,Freight Train,0,30450,0,47730,H702,31.75536,-106.495723,88.3,89.9,88.1
UP,1018SA025,2018-10-24,10:36 PM,Obstruction,0,DILLEY,TX,68,4,Dark,Cloudy,Main,Freight Train,59,47673,165,47838,M402,28.59616,-99.191458,55.3,58.5,64.4
NS,144237,2022-01-31,1:37 AM,Derailment,0,BLUEFIELD,VA,19,4,Dark,Clear,Main,Freight Train,1,359454,5013,364467,H514,37.25988,-81.283262,23.2,32.6,34
UP,0919RM018,2019-09-28,3:30 AM,Other impacts,0,OGDEN,UT,56,4,Dark,Rain,Yard,Yard/switching,0,9892,0,14053,H307,41.199138,-111.986901,60.8,52.4,41.7
UP,0622MA007,2022-06-01,10:10 AM,Other (describe in narrative),0,LONGVIEW,TX,69,2,Day,Cloudy,Yard,Yard/switching,1,12340,33,12373,E29C,32.494423,-94.728948,82.8,80.8,75.8
ATK,177442,2023-12-04,6:06 PM,Hwy-rail crossing,0,ROUND ROCK,TX,57,4,Dark,Clear,Main,Passenger Train - Pulling,61,29622,0,54622,M302,30.502626,-97.68248,58.4,55.9,54.4
BNSF,RD0721119,2021-07-15,6:20 PM,Other impacts,0,SWEETWATER,TX,88,3,Dusk,Clear,Yard,Freight Train,8,17496,0,17496,H020,32.502239,-100.381152,79.2,81.5,82.1
UP,0922SX012,2022-09-13,7:40 AM,Other impacts,0,SAN ANTONIO,TX,74,2,Day,Clear,Yard,Yard/switching,4,2957,3840,47317,H312,29.380072,-98.554627,82.1,82.6,81
UP,0223SX003,2023-02-04,6:25 AM,Other impacts,0,SAN ANTONIO,TX,32,1,Dawn,Clear,Yard,Cut of cars,5,488,0,32723,E27C,29.375779,-98.55647,44.7,47.7,56
NS,138746,2020-08-03,3:00 PM,Other impacts,0,ROANOKE,VA,82,2,Day,Clear,Yard,Single Car,0,0,0,29468,H312,37.277574,-79.978824,78.9,73.1,77.3
BNSF,NW0616107,2016-06-24,5:45 PM,Derailment,0,SPOKANE,WA,62,3,Dusk,Cloudy,Yard,Yard/switching,7,13270,4000,17270,H704,47.705308,-117.363133,66.4,54.6,60.1
UP,0422HO011,2022-04-16,7:50 PM,Other impacts,0,HOUSTON,TX,79,3,Dusk,Cloudy,Yard,Single Car,1,33148,0,165616,H318,29.816697,-95.289353,73.5,75.5,77
LBWR,190514001,2019-05-14,2:55 AM,Hwy-rail crossing,0,LUBBOCK,TX,55,4,Dark,Clear,Main,Freight Train,0,20000,0,20000,M302,33.558889,-101.974444,67.6,67.1,71.9
BNSF,RD1023206,2023-10-18,3:10 PM,Hwy-rail crossing,0,CLARENDON,TX,76,2,Day,Clear,Main,Freight Train,60,0,25000,25000,M308,34.93946,-100.887247,63.4,63.6,66.2
BNSF,NW0615116,2015-06-15,7:00 PM,Obstruction,0,TENINO,WA,60,3,Dusk,Clear,Main,,0,0,0,52917,M503,46.852245,-122.860965,63.9,67.3,60.9
ATK,146422,2017-02-09,2:56 PM,Obstruction,0,VANCOUVER,WA,59,2,Day,Clear,Main,Passenger Train - Pulling,33,22397,0,22397,M404,45.6153,-122.614507,36.5,47,45.7
UP,0722TO028,2022-07-14,6:21 PM,Other impacts,0,DALLAS,TX,90,3,Dusk,Clear,Main,Yard/switching,14,220964,133870,471341,M501,32.694678,-96.738506,93.4,86.5,87.3
UP,0519TO022,2019-05-20,5:52 PM,Hwy-rail crossing,0,MIDLAND,TX,79,2,Day,Rain,Main,Freight Train,49,15883,66,15949,M303,31.944635,-102.172937,71.5,77.2,67.3
BNSF,KS0720112,2020-07-15,10:20 AM,Obstruction,0,MIAMI,TX,85,2,Day,Clear,Main,Spec. MoW Equip.,10,5000,0,17000,H997,35.649673,-100.697158,91.6,80,81.5
NS,127398,2017-11-13,12:25 PM,Side collision,0,HOPEWELL,VA,50,2,Day,Clear,Main,Freight Train,0,37640,0,100342,H607,37.302848,-77.284508,38.6,42.2,42.1
FWWR,23091701,2023-09-17,10:20 PM,Derailment,0,FORT WORTH,TX,71,4,Dark,Clear,Yard,Yard/switching,6,9910,0,29058,H704,32.771497,-97.326736,74.9,78.1,79.6
BNSF,NW0616109,2016-06-26,11:59 AM,Derailment,0,RENTON,WA,73,2,Day,Clear,Main,,0,0,1500,61300,H705,47.467572,-122.243421,63.3,67.3,72.2
BNSF,NW0824122,2024-08-31,4:40 AM,Derailment,0,SEATTLE,WA,65,1,Dawn,Clear,Yard,Yard/switching,4,39232,27042,66274,H607,47.589362,-122.337169,69.8,71.8,71.9
UP,0821HO040,2021-08-30,7:35 PM,Derailment,0,HOUSTON,TX,93,3,Dusk,Clear,Main,Freight Train,7,385647,2805,388452,H503,29.782304,-95.328192,83.6,86.8,85.9
BNSF,RD0623133,2023-06-26,1:44 PM,Other (describe in narrative),0,TEMPLE,TX,98,2,Day,Clear,Yard,Yard/switching,3,12571,0,12571,H020,31.116374,-97.350234,89.1,89.2,89.1
NS,155808,2024-02-19,3:15 PM,Other impacts,0,ROANOKE,VA,53,2,Day,Clear,Yard,Single Car,4,45000,0,45000,H602,37.277109,-79.982324,36.1,43.8,40.2
UP,0223GC006,2023-02-07,1:00 PM,Hwy-rail crossing,0,GRAYBURG,TX,71,2,Day,Clear,Main,Freight Train,20,6645,15764,22409,M302,30.115132,-94.352527,63.1,66.8,66.7
NS,117348,2015-09-13,4:25 PM,Derailment,0,CREWE,VA,70,3,Dusk,Clear,Yard,Yard/switching,6,24600,1000,25600,H702,37.178052,-78.131442,70.3,65,60.6
UP,0121HO036,2021-01-31,4:17 AM,Other impacts,0,HOUSTON,TX,61,1,Dawn,Clear,Yard,Yard/switching,5,45904,282,95007,M411,29.79675,-95.290954,65.6,61.3,52.7
KCS,18061701,2018-06-17,10:45 AM,Derailment,0,PLANO,TX,82,2,Day,Clear,Main,Spec. MoW Equip.,0,12988,0,12988,H999,33.009798,-96.706479,86.1,84.7,82.4
ATK,151771,2018-01-31,11:16 AM,Hwy-rail crossing,0,CROZET,VA,33,2,Day,Clear,Main,Passenger Train - Pulling,61,40491,0,284491,M308,38.077334,-78.716741,28.9,30.3,43.9
UP,0420TO011,2020-04-08,6:10 AM,Derailment,0,FORT WORTH,TX,73,1,Dawn,Cloudy,Yard,Light loco(s),3,55841,728,56569,M507,32.728907,-97.367135,74.1,79.5,69.5
BNSF,RD0217113,2017-02-19,5:30 AM,Derailment,0,GALVESTON,TX,75,1,Dawn,Clear,Main,Freight Train,24,11847,235205,247052,E59C,29.296731,-94.884659,69,71.3,66.7
UP,0721TO021,2021-07-18,4:30 PM,Hwy-rail crossing,0,MONAHANS,TX,94,2,Day,Clear,Main,Work train,46,6383,13883,20266,M308,31.64505,-102.757823,86.2,82.6,80.6
UP,1222HL004,2022-12-04,11:00 AM,Derailment,0,DALHART,TX,54,2,Day,Clear,Yard,Freight Train,10,330876,112995,444707,H523,36.080031,-102.499355,34,47.9,54.8
UP,0224HO030,2024-02-22,3:10 PM,Other impacts,0,HOUSTON,TX,76,2,Day,Clear,Yard,Yard/switching,0,5619,12100,18392,M411,29.819983,-95.288306,66.3,68.9,67.9
UP,0323SX004,2023-03-05,10:30 PM,Other impacts,0,SAN ANTONIO,TX,67,4,Dark,Clear,Yard,Yard/switching,5,11355,132,50838,H602,29.375918,-98.55665,64.2,65.3,71.2
UP,1220HO004,2020-12-07,4:15 AM,Other impacts,0,HOUSTON,TX,46,1,Dawn,Clear,Yard,Cut of cars,5,5194,0,273149,M411,29.802689,-95.280469,54.3,55.4,60.6
NS,146259,2022-08-20,6:28 PM,Other impacts,0,ROANOKE,VA,78,3,Dusk,Clear,Yard,Single Car,4,20000,0,20000,H601,37.277109,-79.982323,72.6,74,73.2
UP,0119TO030,2019-01-25,4:00 PM,Hwy-rail crossing,0,ATHENS,TX,54,2,Day,Clear,Main,Freight Train,40,45424,269,45693,M302,32.212721,-95.843706,40.7,43.5,46.7
AWRR,221120001,2022-11-20,11:21 PM,Derailment,0,MANOR,TX,46,4,Dark,Rain,Main,Freight Train,15,238955,40000,278955,H699,30.338984,-97.580226,40,41.4,42.9
ATK,146415,2017-02-09,11:10 AM,Obstruction,0,SANDSTON,VA,45,2,Day,Rain,Main,Passenger Train - Pulling,70,13000,0,13000,M404,37.485291,-77.27836,63.3,43.3,32.4
UP,0522TO001,2022-05-01,4:40 AM,Derailment,0,FORT WORTH,TX,55,1,Dawn,Clear,Yard,Yard/switching,8,42760,66,42826,H318,32.722577,-97.38051,74.1,70.6,75.8
UP,0219GC050,2019-02-24,3:58 AM,Derailment,0,HOUSTON,TX,57,4,Dark,Clear,Main,Yard/switching,6,261776,75311,337087,M599,29.80144,-95.28373,70.9,59.6,54.6
UP,0518HO012,2018-05-05,11:54 PM,Other impacts,0,HOUSTON,TX,70,4,Dark,Clear,Yard,Yard/switching,4,10873,6014,16887,M411,29.805432,-95.288404,75.6,73.9,77.3
UP,0423TO015,2023-04-08,4:51 PM,Other impacts,0,FORT WORTH,TX,71,2,Day,Clear,Yard,Yard/switching,1,10722,0,11791,M404,32.723411,-97.377735,56.7,61.4,62.6
UP,0321HO028,2021-03-24,10:19 AM,Other impacts,0,HOUSTON,TX,66,2,Day,Rain,Yard,Yard/switching,4,46963,0,69575,M407,29.791692,-95.301811,71.1,66.2,70.5
BNSF,NW1116105,2016-11-07,1:00 PM,Other (describe in narrative),0,LONGVIEW,WA,63,2,Day,Clear,Main,Maint./inspect Car,3,45000,0,45000,H997,46.07832,-122.86803,55.2,55.9,54.9
UP,0518HO016,2018-05-10,2:45 AM,Other impacts,0,LA PORTE,TX,71,4,Dark,Clear,Yard,Single Car,0,10214,0,35970,H702,29.68329,-95.0388,76.5,76.9,78.5
BNSF,RD0521102,2021-05-02,11:50 AM,Derailment,0,SWEETWATER,TX,91,2,Day,Clear,Yard,Freight Train,7,95663,111322,206985,E64C,32.497922,-100.400722,64.4,70.5,70.3
BNSF,RD1022127,2022-10-27,9:48 PM,Derailment,0,TEMPLE,TX,70,4,Dark,Cloudy,Main,Freight Train,4,6170,17300,23470,M599,31.087506,-97.338023,58.2,64,59.9
UP,0123RM001,2023-01-01,5:46 PM,Obstruction,0,COALVILLE,UT,30,2,Day,Cloudy,Main,Freight Train,26,12981,0,19632,M402,41.039178,-111.328053,37.3,30.5,27.1
BNSF,RD0921111,2021-09-10,9:31 PM,Derailment,0,DAYTON,TX,90,4,Dark,Clear,Main,Yard/switching,8,37015,0,40515,H518,29.993758,-94.90724,79.3,76.2,74.8
UP,0322HO020,2022-03-14,8:57 PM,Other impacts,0,HOUSTON,TX,68,4,Dark,Cloudy,Yard,Light loco(s),5,6381,0,40625,H607,29.831347,-95.288582,52.5,64.7,64.1
BNSF,RD0519115,2019-05-16,4:00 PM,Derailment,0,CONROE,TX,81,2,Day,Clear,Yard,Freight Train,5,15587,5000,20587,H702,30.313457,-95.445989,74.5,73.4,74.9
BNSF,KS0820116,2020-08-29,9:20 PM,Derailment,0,PANHANDLE,TX,64,4,Dark,Rain,Main,Freight Train,0,793460,3900,797360,M105,35.271466,-101.591193,89,77.9,78.1
ATK,165904,2020-11-25,5:02 PM,Hwy-rail crossing,0,HOUSTON,TX,72,3,Dusk,Clear,Main,Passenger Train - Pulling,30,20127,0,20677,M304,29.8682,-95.12819,70.8,68.1,65.9
NS,156814,2024-05-23,9:48 PM,Other impacts,0,NORFOLK,VA,67,4,Dark,Clear,Yard,Single Car,7,26130,0,55390,H302,36.871878,-76.295016,74.6,77.6,75
TIBR,181128003,2018-11-28,10:00 AM,Derailment,0,BON WEIR,TX,65,2,Day,Clear,Main,Freight Train,8,24000,3500,27500,T221,30.442496,-93.652544,42.7,51.6,66
BNSF,RD0724126,2024-07-25,3:27 AM,Derailment,0,BEAUMONT,TX,82,4,Dark,Cloudy,Yard,Yard/switching,7,8952,10983,19935,H703,30.090085,-94.11308,77.1,75.5,76.9
ATK,158360,2019-04-07,4:02 PM,Hwy-rail crossing,0,CLINT,TX,75,2,Day,Clear,Main,Passenger Train - Pulling,70,15033,0,15333,M308,31.58988,-106.226358,64.7,68.4,71.2
UP,0521SX016,2021-05-19,7:17 PM,Derailment,0,EAGLE PASS,TX,75,3,Dusk,Cloudy,Yard,Yard/switching,3,22011,11127,33138,H504,28.762431,-100.483517,75.6,72.6,75.4
UP,0617UT002,2017-06-02,5:10 PM,Other impacts,0,SALT LAKE CITY,UT,78,2,Day,Clear,Yard,Cut of cars,3,159,0,32250,H021,40.788637,-111.909316,74.8,70.4,75
UP,0721TO037,2021-07-30,2:00 AM,Derailment,0,EL PASO,TX,75,4,Dark,Clear,Main,,0,0,148317,183317,E64C,31.758044,-106.496454,80.5,80.9,81.4
UP,0922HO020,2022-09-17,8:00 AM,Other impacts,0,HOUSTON,TX,76,2,Day,Clear,Yard,Cut of cars,2,25961,0,35059,M408,29.795155,-95.295892,80.7,83,83.3
UP,0322HO020,2022-03-14,8:57 PM,Other impacts,0,HOUSTON,TX,68,4,Dark,Cloudy,Yard,Yard/switching,4,33244,1000,40625,H607,29.831347,-95.288582,52.5,64.7,64.1
UP,0218HO031,2018-02-18,7:00 AM,Other (describe in narrative),0,HOUSTON,TX,61,2,Day,Cloudy,Yard,Single Car,0,312,0,43189,M201,29.805879,-95.288442,69.3,68,72.6
BNSF,NW1216124,2016-12-28,1:04 AM,Derailment,0,CAMAS,WA,32,4,Dark,Clear,Main,Freight Train,46,7945,650000,657945,E51C,45.605895,-122.579936,42.9,40.7,40.8
UP,0918HO010,2018-09-05,5:20 PM,Hwy-rail crossing,0,BAYTOWN,TX,90,2,Day,Clear,Main,Freight Train,10,22198,99,22297,M304,29.857747,-94.907298,80.7,82.9,82.3
UP,1022HO003,2022-10-04,8:30 AM,Derailment,0,PASADENA,TX,66,2,Day,Clear,Yard,Yard/switching,5,147557,16080,163637,H702,29.637153,-95.058687,75.4,75.8,75.3
UP,0918FW032,2018-09-24,7:30 PM,Derailment,0,GRAND PRAIRIE,TX,78,3,Dusk,Cloudy,Yard,Work train,3,1453,9925,11378,M404,32.746231,-96.971512,69.3,73.8,78.7
NS,135345,2019-09-01,4:24 PM,Other (describe in narrative),0,ROANOKE,VA,82,3,Dusk,Cloudy,Main,Freight Train,10,28,15000,15028,S005,37.277574,-79.978824,77,75.6,75.4
BNSF,NW0416120,2016-04-30,2:30 AM,Derailment,0,TACOMA,WA,45,4,Dark,Clear,Yard,Freight Train,5,40728,0,41228,H503,47.260775,-122.398707,52.3,54.4,61.1
UP,1015UT008,2015-10-27,8:50 AM,Derailment,0,PROVO,UT,45,2,Day,Clear,Yard,Freight Train,4,37260,100,37360,M404,40.207543,-111.648643,56.2,47.2,43.8
WACR,1552,2019-11-29,6:00 PM,Derailment,0,BERLIN,VT,27,4,Dark,Clear,Yard,Freight Train,10,27920,3375,31295,E46C,44.225326,-72.549847,30.4,24,14.5
NS,113749,2015-01-09,4:45 PM,Derailment,0,CHESAPEAKE,VA,45,3,Dusk,Clear,Yard,Yard/switching,3,21850,100,21950,H020,36.801393,-76.267132,21.2,35.2,31.4
UP,0318PD016,2018-03-13,8:45 PM,Derailment,0,CHEHALIS,WA,43,4,Dark,Clear,Industry,Freight Train,5,123320,1256,124576,H303,46.574303,-122.910046,50.7,47.2,45
BNSF,RD0620113,2020-06-15,6:02 PM,Derailment,0,HOUSTON,TX,90,3,Dusk,Clear,Yard,Yard/switching,8,20678,7000,27678,H503,29.709467,-95.331206,82.1,83.9,83.6
CSX,000153804,2015-10-30,7:24 PM,Side collision,0,COVINGTON,VA,43,4,Dark,Clear,Yard,Single Car,7,31903,0,219470,H306,37.786656,-79.992132,54.5,42.7,41.6
BNSF,RD1119101,2019-11-01,3:30 AM,Derailment,0,TEAGUE,TX,45,4,Dark,Cloudy,Main,Light loco(s),0,15000,0,185893,H607,31.627244,-96.285931,40.5,44.2,51.9
UP,0322SX022,2022-03-26,3:30 PM,Other impacts,0,SAN ANTONIO,TX,90,2,Day,Clear,Yard,Yard/switching,3,40067,1306,53018,H306,29.382309,-98.552471,65.9,70.7,70
UP,0624HO012,2024-06-10,3:05 AM,Derailment,0,HOUSTON,TX,80,4,Dark,Cloudy,Main,Freight Train,20,13006,20076,33082,H503,29.766179,-95.324036,83.7,83.8,82
UTAX,04102023,2023-04-10,8:53 PM,Fire/violent rupture,0,SOUTH SALT LAKE,UT,65,4,Dark,Clear,Main,EMU,0,20000,0,20000,E71L,40.724412,-111.896876,55.6,61.1,69.3