reportingrailroadcode,accidentnumber,date,time,accidenttype,hazmatreleasedcars,station,stateabbr,temperature,visibility_code,visibility,weathercondition,tracktype,equipmenttype,trainspeed,equipmentdamagecost,trackdamagecost,totaldamagecost,primaryaccidentcausecode,latitude,longitude,prior_temp,actual_temp,following_temp
BNSF,RD0819138,2019-08-30,4:00 PM,Derailment,0,CORPUS CHRISTI,TX,93,2,Day,Clear,Yard,Freight Train,4,181899,0,189899,H702,27.806023,-97.405567,85.7,85.4,85.7
NS,152914,2023-04-25,12:10 AM,Other impacts,0,PORTSMOUTH,OH,32,4,Dark,Clear,Yard,Single Car,0,11577,0,11577,H312,38.735206,-82.967056,45.5,46.1,52.8
BNSF,HL0723119,2023-07-27,11:00 AM,Derailment,0,MEMPHIS,TN,90,2,Day,Clear,Yard,Yard/switching,7,16190,30500,46690,M101,35.022836,-89.887685,80.7,85.2,85.3
NS,123181,2016-12-15,2:20 PM,Derailment,0,WESLEYVILLE,PA,12,2,Day,Snow,Main,Freight Train,3,18310,8382,106692,M105,42.135153,-80.038719,22.7,16.4,15.2
CSX,000198428,2021-06-23,10:00 AM,Derailment,0,LAKE CITY,SC,80,2,Day,Clear,Industry,Freight Train,6,18927,961,19888,H511,33.831642,-79.768314,77.1,74.4,71.5
KCS,15111705,2015-11-17,6:50 PM,Obstruction,0,BOLTON,MS,0,4,Dark,Cloudy,Main,Freight Train,40,15500,0,15500,M404,32.358932,-90.389018,65.8,74.2,57.5
BNSF,GC0315105,2015-03-17,6:30 PM,Derailment,0,HOUSTON,TX,74,3,Dusk,Clear,Yard,Yard/switching,8,20301,44500,64801,H704,29.635712,-95.308725,66.7,71.4,69.9
CSX,000160634,2016-06-15,2:27 AM,Other (describe in narrative),0,CHATTANOOGA,TN,72,4,Dark,Clear,Yard,Single Car,4,18000,0,34230,M204,35.006723,-85.376506,79.9,79.2,80.6
NS,152666,2023-03-30,2:15 AM,Other (describe in narrative),0,CHATTANOOGA,TN,40,4,Dark,Clear,Yard,Light loco(s),0,10000,0,15174,M503,35.007198,-85.375514,52.5,56,62.1
UP,0617UT013,2017-06-15,5:15 PM,Other impacts,0,POCATELLO,ID,76,2,Day,Clear,Yard,Cut of cars,0,3026,0,16267,H306,42.862689,-112.447621,59.1,64,66.2
BNSF,RD0917118,2017-09-22,11:25 AM,Rear end collision,0,HEIDENHEIMER,TX,91,2,Day,Clear,Main,Freight Train,0,13000,0,179319,H605,30.986681,-97.273469,82.7,80.6,79.9
UP,0916HO018,2016-09-13,1:05 AM,Hwy-rail crossing,0,EAST BERNARD,TX,73,4,Dark,Clear,Main,Freight Train,46,91,89665,89756,M308,29.540489,-95.989313,80.1,79.9,80.9
CSX,000185047,2019-08-30,9:53 AM,Other impacts,0,NASHVILLE,TN,81,2,Day,Clear,Yard,Cut of cars,4,21112,0,21612,M408,36.112142,-86.770737,71.8,75.8,77.6
UP,0915KC017,2015-09-26,1:40 PM,Hwy-rail crossing,0,DALHART,TX,85,2,Day,Clear,Main,Freight Train,58,15000,33,15033,M302,36.210288,-102.28057,68.4,65.8,66.8
BNSF,PR0718102,2018-07-03,7:10 PM,Derailment,0,ALLIANCE,NE,80,3,Dusk,Cloudy,Yard,Yard/switching,5,360,18860,19220,H607,42.092093,-102.869933,74.2,77.5,71.1
RCPE,RCP999419D,2019-03-25,12:30 PM,Derailment,0,CHADRON,NE,40,2,Day,Cloudy,Main,Freight Train,10,227436,8733,236169,T220,42.909544,-103.170608,39.7,39.4,45.5
ATK,174126,2023-03-15,4:35 AM,Obstruction,0,MIDDLETOWN,PA,34,4,Dark,Clear,Main,Spec. MoW Equip.,7,0,0,16206,H607,40.139199,-76.595069,35.8,39.4,46.7
UP,1116ST007,2016-11-22,6:45 AM,Derailment,0,SANTA ROSA,NM,31,1,Dawn,Clear,Main,Freight Train,44,764998,467406,1232404,E60C,35.004463,-104.523203,53,48.4,43.8
NS,138351,2020-06-26,7:50 PM,Derailment,0,ECONOMY,PA,72,3,Dusk,Cloudy,Yard,Freight Train,8,6100,25500,31600,H524,40.65311,-80.238613,66.7,71.5,72.2
NS,145298,2022-05-18,10:05 PM,Other (describe in narrative),0,GRACEWOOD,GA,75,4,Dark,Clear,Yard,Freight Train,5,1000,14090,15090,H702,33.350953,-81.964026,75,73.3,80.5
CSX,000175443,2018-03-25,5:13 PM,Other impacts,0,WILLARD,OH,35,2,Day,Cloudy,Yard,Cut of cars,4,39111,32,39143,H318,41.059857,-82.723964,30.8,31,42.2
CSX,000176554,2018-05-20,4:38 AM,Other impacts,0,SELKIRK,NY,57,1,Dawn,Cloudy,Yard,Cut of cars,18,36651,0,36651,S016,42.565903,-73.854184,53.1,64.1,63.1
BNSF,TC0520109,2020-05-16,4:00 AM,Derailment,0,STANTON,ND,52,1,Dawn,Clear,Main,Freight Train,20,7007,54000,61007,E53C,47.301798,-101.385,50.7,53.2,54.6
BNSF,RD0417114,2017-04-15,4:00 AM,Other impacts,0,FORT WORTH,TX,70,1,Dawn,Clear,Industry,Yard/switching,5,4465,0,26921,H307,32.819729,-97.33085,72.4,72.9,73.5
CSX,000205417,2022-06-07,1:05 PM,Derailment,0,DEFIANCE,OH,72,2,Day,Clear,Yard,Yard/switching,5,36349,390,36739,H702,41.279302,-84.308889,72.8,69.4,62.2
BNSF,MT0816101,2016-08-17,5:50 AM,Derailment,0,GLENDIVE,MT,89,2,Day,Clear,Yard,Freight Train,9,246970,112000,358970,T212,47.110976,-104.705949,73.5,79,69.2
UP,0715HO030,2015-07-18,10:40 AM,Other impacts,0,HOUSTON,TX,86,2,Day,Cloudy,Yard,Single Car,0,11590,0,11590,H317,29.807805,-95.292335,86.5,87,87
UP,1115SA010,2015-11-16,6:35 PM,Derailment,0,KIRBY,TX,77,4,Dark,Cloudy,Industry,Yard/switching,10,4091,2135,13867,H306,29.470909,-98.39277,64,72,64.7
TXN,D470715,2015-08-01,4:14 AM,Derailment,0,MONAHANS,TX,82,4,Dark,Clear,Main,Cut of cars,25,350000,92000,442000,H018,31.355866,-102.892174,88,87.8,86.7
TRE,16010,2016-09-08,2:18 PM,Hwy-rail crossing,0,DALLAS,TX,95,2,Day,Clear,Main,,0,0,6300,25368,M302,32.805619,-96.829774,85.8,86.2,85.6
ATK,163211,2020-02-23,1:12 AM,Hwy-rail crossing,0,COLUMBIANA,OH,36,4,Dark,Clear,Main,Passenger Train - Pulling,62,10856,0,10856,M302,40.883004,-80.693845,33,39.3,44.2
SEPA,SEPA083023,2023-08-30,11:53 AM,Other (describe in narrative),0,MEDIA,PA,80,2,Day,Clear,Main,EMU,0,15140,0,15140,E71L,39.914197,-75.394795,74.3,76.8,70.8
UP,0322GL006,2022-03-05,5:15 AM,Other impacts,0,CEDAR RAPIDS,IA,45,1,Dawn,Cloudy,Yard,Cut of cars,0,179145,0,306840,H307,41.919799,-91.767628,34,50.7,32.1
BNSF,RD1218106,2018-12-07,4:05 AM,Derailment,0,AVONDALE,LA,45,1,Dawn,Clear,Yard,Freight Train,10,16357,0,40159,H501,29.916347,-90.17941,52.9,62.3,61.7
NS,130546,2018-08-10,8:00 PM,Raking collision,0,BELLEVUE,OH,72,4,Dark,Clear,Yard,Yard/switching,5,4761,0,293143,H306,41.274423,-82.83357,73.9,73.3,71.5
HESR,HES061019D,2019-05-29,4:30 PM,Derailment,0,DURAND,MI,67,2,Day,Cloudy,Yard,Yard/switching,9,29916,31914,61830,E23C,42.920475,-84.004383,60.6,58.5,61.2
UP,0317HO024,2017-03-08,9:47 AM,Other impacts,0,LA PORTE,TX,65,2,Day,Cloudy,Yard,Cut of cars,0,18207,0,68387,M411,29.680771,-95.039088,71.6,64.8,71
UP,1015FW013,2015-10-19,10:30 AM,Hwy-rail crossing,0,FORT WORTH,TX,75,2,Day,Clear,Main,Freight Train,12,1680,18990,20670,M303,32.718132,-97.328835,67.9,70.4,72.8
UP,0721MA031,2021-07-26,2:09 AM,Other impacts,0,SHREVEPORT,LA,78,4,Dark,Clear,Yard,Yard/switching,8,61951,0,68754,H318,32.430236,-93.905594,87,87.1,85.4
UP,0824ME033,2024-08-23,1:30 PM,Derailment,0,SAN ANTONIO,TX,96,2,Day,Clear,Yard,Light loco(s),5,250,21674,21924,H702,29.37131,-98.561332,93.9,90.1,88.5
UP,0617ES023,2017-06-06,5:26 PM,Other (describe in narrative),0,HOUSTON,TX,88,2,Day,Cloudy,Industry,Spec. MoW Equip.,0,25278,0,25278,H997,29.684418,-95.35111,75.6,79.2,82.6
EJR,725191,2019-07-25,7:15 AM,Derailment,0,BAYONNE,NJ,70,4,Dark,Clear,Industry,Yard/switching,5,20000,0,21000,H704,40.656058,-74.11108,75.9,78.1,78.2
UP,0717PD003,2017-07-03,9:00 AM,Fire/violent rupture,0,STANFIELD,OR,70,2,Day,Clear,Yard,Light loco(s),0,378824,0,378824,E79L,45.794748,-119.302048,78.8,78.4,75.5
CSX,000157120,2016-02-16,6:30 PM,Derailment,0,NASHVILLE,TN,45,3,Dusk,Rain,Yard,Yard/switching,8,23217,1200,24417,E04C,36.09217,-86.760617,39.4,40.8,36.9
BNSF,TC0519111,2019-05-20,2:20 PM,Side collision,0,GRAND FORKS,ND,70,2,Day,Clear,Yard,Light loco(s),8,20000,0,94756,H607,47.918032,-97.054531,50.9,53.7,56.8
BNSF,RD0118118,2018-01-26,3:00 PM,Derailment,0,TENAHA,TX,68,2,Day,Cloudy,Yard,Freight Train,5,18759,900,19659,H511,31.945201,-94.252493,42,49.4,59.4
SLWC,200102003,2020-01-02,9:15 AM,Side collision,0,OKLAHOMA CITY,OK,50,2,Day,Clear,Yard,Yard/switching,5,66300,0,132600,H306,35.454941,-97.496655,45,49.7,43.9
UP,0220TO010,2020-02-10,1:45 AM,Other impacts,0,FORT WORTH,TX,56,4,Dark,Cloudy,Yard,Yard/switching,1,19634,33,27085,H310,32.724768,-97.373197,65.1,45,41.6
BNSF,SW0417201,2017-04-05,9:48 AM,Hwy-rail crossing,0,MELROSE,NM,52,2,Day,Clear,Main,Freight Train,65,3935093,1001058,4936151,M302,34.422826,-103.616728,46.9,46.2,55.4
UP,0115HO015,2015-01-10,12:21 PM,Derailment,0,HUNTSVILLE,TX,38,2,Day,Rain,Industry,Yard/switching,6,3094,10328,13422,M501,30.705411,-95.494823,34.9,37.1,40.3
BNSF,KS0316109,2016-03-25,1:50 PM,Derailment,0,AMARILLO,TX,70,2,Day,Clear,Yard,Freight Train,5,29736,0,29736,H503,35.180166,-101.836496,44,54.4,47.2
UP,1114FW034,2014-11-25,12:48 PM,Hwy-rail crossing,0,TAYLOR,TX,60,2,Day,Clear,Main,,0,0,800,200800,M302,30.771091,-97.435783,52.4,50.1,55.2
UP,0918NP019,2018-09-20,1:00 AM,Derailment,0,GRAND ISLAND,NE,75,4,Dark,Clear,Yard,Yard/switching,5,26489,6410,32899,H306,40.935103,-98.318404,78.4,77.1,57.7
UP,1117HO010,2017-11-09,2:26 AM,Obstruction,0,HOUSTON,TX,65,4,Dark,Clear,Yard,Yard/switching,6,13561,0,13561,M404,29.795139,-95.295023,59.7,57.2,60.3
BNSF,GC0515102,2015-05-03,6:45 PM,Derailment,0,BEAUMONT,TX,82,3,Dusk,Clear,Yard,Freight Train,5,74862,0,115859,H607,30.076043,-94.107324,70.5,69.9,71.4
CSX,000171065,2017-08-20,8:30 AM,Derailment,0,NASHVILLE,TN,88,2,Day,Clear,Yard,Yard/switching,4,152089,5050,157139,H702,36.112142,-86.770737,79,81.9,82
MRL,2019012,2019-01-29,12:50 PM,Derailment,0,BOZEMAN,MT,24,2,Day,Cloudy,Main,Freight Train,30,2100000,275000,2375000,H604,45.646434,-110.875152,19.1,9.4,15.6
UP,1017KC024,2017-10-31,2:50 AM,Derailment,0,WICHITA,KS,30,4,Dark,Clear,Yard,,0,0,18594,28534,M503,37.71452,-97.33046,48.6,35.8,47.6
BNSF,RD0817106,2017-08-04,9:55 AM,Derailment,0,SHERMAN,TX,90,2,Day,Clear,Yard,Single Car,10,7415,500,20450,H018,33.649102,-96.603336,78.2,81,84.1
NS,133160,2019-03-10,5:45 PM,Derailment,0,CONWAY,PA,72,3,Dusk,Clear,Yard,Light loco(s),5,9945,1791,11736,H306,40.672356,-80.251823,34.8,48.6,38.8
UP,1120GC016,2020-11-14,8:25 AM,Other impacts,0,MARINGOUIN,LA,60,2,Day,Clear,Yard,Freight Train,12,17551,0,56506,H312,30.54159,-91.566947,63.2,67.1,64
CSX,000191293,2020-07-10,10:04 PM,Other impacts,0,CUMBERLAND,MD,72,4,Dark,Cloudy,Yard,Cut of cars,0,250017,0,250517,H307,39.644504,-78.760839,78.6,77.9,75.3
CSX,000204447,2022-04-23,6:35 AM,Derailment,0,FLORENCE,SC,80,2,Day,Clear,Yard,Yard/switching,5,20535,1950,22485,H702,34.19827,-79.762485,67.7,68.9,70.2
NS,146161,2022-08-12,2:30 PM,Other impacts,0,SAVANNAH,GA,88,2,Day,Clear,Yard,Yard/switching,5,1000,22042,23042,M411,32.083673,-81.136552,77,78.2,78.1
BNSF,RD0819117,2019-08-14,5:40 PM,Side collision,0,TULSA,OK,87,3,Dusk,Clear,Yard,Yard/switching,0,9764,0,20319,S016,36.1194,-96.011652,81.1,82.4,82.8
GRS,20161101L1,2016-11-01,7:15 PM,Derailment,0,WESTFORD,MA,45,4,Dark,Clear,Main,Freight Train,10,40100,19324,59424,M201,42.599424,-71.427258,42.4,39.1,54.6
ALS,201031,2020-10-31,1:30 PM,Derailment,0,EAST ST LOUIS,IL,58,2,Day,Clear,Yard,Yard/switching,7,177597,48875,226472,T220,38.584207,-90.133406,42.7,48.9,47.2
GRLW,240725,2024-07-25,11:30 AM,Derailment,0,BELTON,SC,76,2,Day,Clear,Yard,Freight Train,8,90000,35000,125000,E64C,34.50299,-82.467268,78.3,76.5,79.1
LRWY,15040601,2015-04-06,11:56 AM,Derailment,0,NORTH TOWANDA,PA,68,2,Day,Clear,Main,Freight Train,9,57000,75000,132000,M203,41.81474,-76.5029,33.3,45,44.1
BNSF,GC0515114,2015-05-19,12:35 PM,Other impacts,0,DAYTON,TX,82,2,Day,Cloudy,Yard,Yard/switching,7,27430,0,27430,H318,29.997197,-94.907396,77.5,77.3,78
CSX,000163582,2016-10-16,4:40 PM,Derailment,0,NASHVILLE,TN,80,2,Day,Clear,Yard,Freight Train,4,31750,8900,40650,H518,36.112142,-86.770737,70.4,71.4,73
UP,1214KC001,2014-12-01,8:38 PM,Derailment,0,KANSAS CITY,MO,19,4,Dark,Cloudy,Yard,Yard/switching,4,16658,600,17258,H303,39.104434,-94.596963,35.9,22.4,29.6
BNSF,HL1022108,2022-10-15,2:10 PM,Derailment,0,LINCOLN,NE,72,2,Day,Cloudy,Yard,Freight Train,5,36648,75000,111648,E69C,40.807307,-96.754359,51.8,51.9,49.4
CSX,000210233,2023-03-08,2:30 PM,Derailment,0,WALBRIDGE,OH,33,2,Day,Clear,Yard,Yard/switching,6,36218,2499,38717,M405,41.589934,-83.496944,38.3,38,36.7
BNSF,GC0415107,2015-04-21,10:40 PM,Derailment,0,LONGVIEW,TX,68,4,Dark,Clear,Yard,Freight Train,5,131835,526144,657979,H307,32.492811,-94.716266,61.2,60.9,69.9
BNSF,RD1116108,2016-11-13,1:01 AM,Other (describe in narrative),0,MOODY,TX,52,4,Dark,Clear,Main,Light loco(s),5,0,21000,21000,H307,31.338264,-97.363041,60.5,60.1,65.5
NS,136861,2020-01-16,9:09 PM,Derailment,0,ALLENTOWN,PA,30,4,Dark,Cloudy,Yard,Yard/switching,2,11270,1007,12277,M101,40.61193,-75.426706,42.8,42,26.2
UP,0418NP017,2018-04-18,7:45 PM,Other impacts,0,GRAND ISLAND,NE,36,3,Dusk,Clear,Yard,Cut of cars,0,284,0,38227,M411,40.932179,-98.327409,43,37.6,41.8
NS,129271,2018-04-26,12:18 PM,Derailment,0,MARTINS CREEK,PA,62,2,Day,Clear,Industry,Freight Train,9,34359,0,34359,H704,40.78279,-75.184767,56.6,57,51.7
CSX,000166603,2017-02-07,1:50 PM,Obstruction,0,SOUTH PITTSBURG,TN,60,2,Day,Rain,Main,Freight Train,0,0,0,54950,H993,34.995425,-85.620934,47.3,56.2,58
BNSF,GC0215113,2015-02-20,11:50 AM,Derailment,0,CHRIESMAN,TX,70,2,Day,Clear,Main,Spec. MoW Equip.,20,500,0,24500,H997,30.627629,-96.789934,50.6,62.4,65.6
ATK,149068,2017-08-18,12:05 AM,Hwy-rail crossing,0,WAYNE,MI,70,4,Dark,Clear,Main,Passenger Train - Pulling,52,1500,15000,16500,M301,42.279002,-83.380626,76,74,71.8
UP,1215LK017,2015-12-30,5:53 AM,Derailment,0,MARSHALL,TX,40,4,Dark,Cloudy,Main,Freight Train,23,1419,75826,77245,M103,32.552911,-94.367452,39.9,43.7,41.9
KCS,19051701,2019-05-17,5:20 AM,Derailment,0,HEAVENER,OK,72,4,Dark,Clear,Yard,Freight Train,4,20015,86011,109058,H306,34.898903,-94.601402,73.4,73.4,70.5
CSX,000212668,2023-08-02,11:20 PM,Derailment,0,PHILADELPHIA,PA,68,4,Dark,Clear,Yard,Yard/switching,9,19968,250,20218,E22C,39.898701,-75.16696,73.4,72.2,72.6
UP,1116FW005,2016-11-08,10:28 AM,Obstruction,0,MANSFIELD,TX,64,2,Day,Rain,Main,Spec. MoW Equip.,21,33594,0,53107,H605,32.585534,-97.183387,64.6,63,62.6
NS,140956,2021-03-18,9:40 AM,Other (describe in narrative),0,MARYSVILLE,PA,72,2,Day,Rain,Main,Single Car,6,0,20000,20000,H318,40.332534,-76.920496,41.9,46.3,41.3
NS,151621,2022-12-03,2:05 PM,Other impacts,0,COLUMBIA,SC,72,2,Day,Cloudy,Yard,Single Car,0,1000,0,30416,H312,33.985296,-81.039107,46.2,59.7,57.6
CSX,000213315,2023-09-07,4:00 AM,Side collision,0,CONNELLSVILLE,PA,70,4,Dark,Cloudy,Yard,Yard/switching,0,13418,464,166624,H307,40.015481,-79.591584,76.1,72.3,71.4
YVRR,0662016,2016-06-03,2:27 PM,Other impacts,0,ELKIN,NC,87,2,Day,Clear,Siding,Yard/switching,2,120000,0,120000,H302,36.255264,-80.783022,70.7,73.5,75
KCS,17070701,2017-07-07,10:49 AM,RR grade crossing,0,JEFFERSON,TX,90,2,Day,Clear,Main,Cut of cars,15,703161,106653,1240304,H008,32.764811,-94.35513,79.6,80.7,78.5
NS,127621,2017-12-03,10:01 AM,Derailment,0,ALTOONA,PA,40,2,Day,Clear,Yard,Yard/switching,7,3484,19427,22911,H702,40.542028,-78.375784,34.2,38.6,40.7
ATK,163276,2020-02-27,10:40 AM,Other (describe in narrative),0,PAOLI,PA,35,2,Day,Clear,Siding,Light loco(s),8,18351,0,18351,H699,40.042955,-75.484725,46.2,37.3,33.6
BNSF,HL1218121,2018-12-23,10:30 PM,Derailment,0,MEMPHIS,TN,36,4,Dark,Clear,Yard,Yard/switching,4,12750,6000,18750,E32C,35.030162,-89.900122,45,46.3,41.7
BNSF,KS0224118,2024-02-25,8:49 PM,Derailment,0,KANSAS CITY,KS,36,3,Dusk,Clear,Yard,Yard/switching,8,8000,44047,243976,H306,39.087234,-94.695497,47.2,56.3,59.1
CSX,000189922,2020-04-28,11:00 PM,Derailment,0,WEST SPRINGFIELD,MA,43,4,Dark,Clear,Yard,Yard/switching,4,72963,1000,73963,H704,42.098671,-72.620755,40.2,48.1,48.5
CSX,000211355,2023-05-17,5:38 AM,Other impacts,0,CLEVELAND,OH,45,4,Dark,Clear,Industry,Single Car,0,54119,0,104009,H302,41.557718,-81.58725,59.9,50.6,50
NS,153907,2023-08-12,3:20 AM,Derailment,0,DUQUESNE,PA,69,4,Dark,Rain,Main,Freight Train,8,346645,5255,351900,E00C,40.384117,-79.854593,73.1,74,74.1
BNSF,SW0517203,2017-05-16,3:30 PM,Hwy-rail crossing,0,DONA ANA,NM,86,2,Day,Rain,Main,Maint./inspect Car,44,11000,0,11000,M302,32.38423,-106.82612,73.8,65.3,64.4
NS,152173,2023-01-31,7:50 PM,Derailment,0,MONTPELIER,OH,12,3,Dusk,Clear,Yard,,0,0,3409,26920,H702,41.577541,-84.620045,22.7,12.6,14.1
UP,1215HO045,2015-12-28,3:53 PM,Derailment,0,HOUSTON,TX,50,2,Day,Clear,Siding,Freight Train,6,3815,22581,26396,E04C,29.78535,-95.321035,67.6,44.4,47.3
SKOL,160429001,2016-04-29,10:25 AM,Derailment,0,OWASSO,OK,72,2,Day,Clear,Yard,Freight Train,10,15927,6800,22727,M503,36.25686,-95.855196,62.5,64.2,63
PNR,PNR161373,2016-01-16,1:30 AM,Other impacts,0,BORGER,TX,40,4,Dark,Sleet,Industry,Freight Train,5,61796,0,61796,M501,35.665674,-101.434269,40.7,36.9,27.7
CSX,000170238,2017-07-15,10:30 AM,Derailment,0,NASHVILLE,TN,85,2,Day,Clear,Main,Freight Train,8,11350,200,11550,H503,36.17095,-86.777578,80.3,77.5,80.3
BNSF,PR0918108,2018-09-14,12:30 AM,Derailment,0,BEATRICE,NE,80,4,Dark,Clear,Industry,Freight Train,3,13049,500,13549,H307,40.269437,-96.752934,74.6,78.5,79.3
IORY,IOR554618D,2018-01-21,1:30 PM,Derailment,0,TREMONT CITY,OH,47,2,Day,Clear,Siding,Freight Train,7,8372,6842,15214,M199,40.000703,-83.833803,37.3,45.6,51.3
NS,144725,2022-03-17,6:50 PM,Derailment,0,CHATTANOOGA,TN,72,3,Dusk,Clear,Yard,Light loco(s),3,12000,500,12500,H303,35.072249,-85.255534,57.4,59,55
UP,1214HO008,2014-12-03,7:15 PM,Derailment,0,HOUSTON,TX,54,3,Dusk,Cloudy,Main,,0,0,59981,67981,E40C,29.76187,-95.34685,49.8,59.3,63.1
CSX,000196720,2021-04-01,10:30 AM,Derailment,0,FAIRHOPE,PA,20,2,Day,Snow,Main,Freight Train,12,93193,576,93769,H508,39.832374,-78.771508,50.1,33.1,28.9
CSX,000150787,2015-08-17,3:30 PM,Derailment,0,CHICAGO,IL,81,2,Day,Cloudy,Yard,Yard/switching,10,23192,1000,24192,H306,41.793943,-87.67969,81,79.1,74.8
UP,0423GP011,2023-04-10,2:37 PM,Other impacts,0,NORTH PLATTE,NE,72,2,Day,Clear,Yard,Cut of cars,15,0,0,323657,M407,41.146889,-100.837752,57.7,56,66.9
BNSF,HL0318111,2018-03-14,2:49 AM,Derailment,0,MEMPHIS,TN,36,4,Dark,Clear,Yard,Yard/switching,6,8000,70636,78636,H999,35.02655,-89.890709,43.3,44.4,54.1
BNSF,KS0515117,2015-05-28,8:00 AM,Derailment,0,AMARILLO,TX,75,1,Dawn,Clear,Yard,Yard/switching,7,18826,1000,19826,H505,35.212707,-101.830417,69.9,64.8,66.1
ATK,165861,2020-11-17,4:20 PM,Other (describe in narrative),0,NEW YORK,NY,40,3,Dusk,Cloudy,Yard,Yard/switching,5,26157,8482,34639,E78L,40.749337,-73.93081,50.8,44.3,34.2
BNSF,RD0422111,2022-04-15,2:49 PM,Derailment,0,HENRYETTA,OK,76,2,Day,Clear,Siding,Freight Train,8,17000,3500,20500,H503,35.440639,-95.981815,52.6,66.7,55.9
UP,0218HO023,2018-02-14,1:20 AM,Other impacts,0,HOUSTON,TX,65,4,Dark,Fog,Yard,Yard/switching,4,35211,165,68513,S007,29.795673,-95.295284,48.8,67,72.1
CRSH,145100,2022-04-28,6:30 AM,Derailment,0,CAMDEN,NJ,38,1,Dawn,Clear,Yard,Yard/switching,3,66723,9991,76714,H505,39.947148,-75.098447,52.6,48.4,52.9
UP,0919PN011,2019-09-05,7:57 AM,Fire/violent rupture,0,PORTLAND,OR,62,2,Day,Clear,Yard,Light loco(s),0,10818,150,10968,E74L,45.605417,-122.75036,69.6,71.9,71.1
UP,0516ES008,2016-05-29,10:50 AM,Obstruction,0,WOODLAWN,TX,68,2,Day,Clear,Main,Spec. MoW Equip.,15,0,99,10599,H212,32.644124,-94.354925,74.6,76.1,75.8
CSX,000171536,2017-09-09,3:20 AM,Derailment,0,KEARNY,NJ,50,4,Dark,Clear,Yard,Yard/switching,4,23061,4152,27213,H702,40.74302,-74.100028,64.3,62.4,64.4
PTRA,2017000010,2017-04-17,6:15 PM,Raking collision,0,PASADENA,TX,80,3,Dusk,Cloudy,Siding,Freight Train,10,30000,0,30000,H302,29.720689,-95.126431,75,73.9,70.3
IC,1015546,2019-10-11,5:30 PM,Side collision,0,BATON ROUGE,LA,70,2,Day,Rain,Yard,Yard/switching,3,10600,0,106680,H306,30.477346,-91.187652,77.6,76.8,62.4
UP,0315HO020,2015-03-07,11:13 PM,Derailment,0,GALVESTON,TX,42,4,Dark,Cloudy,Industry,Freight Train,8,29701,111063,141576,H509,29.303529,-94.898546,42.8,51.4,54
UP,0918LV002,2018-09-04,10:28 PM,Other impacts,0,BEAUMONT,TX,84,4,Dark,Cloudy,Yard,Yard/switching,2,116,99,11761,M411,30.072281,-94.150844,76.4,80.2,82.4
UP,0916HO042,2016-09-28,4:48 PM,Other impacts,0,ANGLETON,TX,84,2,Day,Clear,Yard,Light loco(s),5,15730,0,20958,H307,29.154457,-95.437835,78.2,78.1,76.8
RAJX,8272015,2015-08-27,2:30 PM,Derailment,0,ELMENDORF,TX,93,2,Day,Clear,Yard,Yard/switching,2,3890,9472,13362,H307,29.258878,-98.205018,84.7,84.5,82.7
KCS,17121601,2017-12-16,4:00 AM,Derailment,0,SHREVEPORT,LA,37,4,Dark,Clear,Yard,Light loco(s),3,0,17329,17329,H702,32.541859,-93.844083,43.8,44.9,47.1
UP,1114TC011,2014-11-27,2:30 AM,Side collision,0,SKYLINE,MN,0,4,Dark,Cloudy,Main,Freight Train,25,160205,210567,409305,H603,44.15572,-94.039818,22.4,-1.3,17.2
NS,144392,2022-02-14,2:45 PM,Other impacts,0,PAINESVILLE,OH,72,2,Day,Cloudy,Industry,Cut of cars,3,0,300,30828,H018,41.753123,-81.224172,18.2,12.3,18.5
FWWR,117120601,2017-12-06,1:30 AM,Derailment,0,FORT WORTH,TX,45,4,Dark,Clear,Yard,Freight Train,5,1000,21750,22750,E4BC,32.760712,-97.32022,51,48.9,40.6
CSX,000205732,2022-06-22,1:00 PM,Derailment,0,CHATTANOOGA,TN,93,2,Day,Clear,Yard,Yard/switching,4,23766,0,23766,H306,35.012657,-85.371486,79.8,84.4,85.8
BRS,171003004,2017-10-03,9:15 PM,Derailment,0,BATON ROUGE,LA,75,3,Dusk,Clear,Yard,Yard/switching,5,64000,8500,72500,E46C,30.4583,-91.1403,74.1,77.4,74.9
NS,123871,2017-02-06,7:58 PM,Derailment,0,CONWAY,PA,40,3,Dusk,Clear,Yard,Light loco(s),5,11729,5405,17134,H702,40.672356,-80.251823,36.1,39.5,53.4
BNSF,TC1222114,2022-12-20,8:45 AM,Other impacts,0,MARION,SD,5,1,Dawn,Clear,Industry,Freight Train,5,24900,0,24900,H307,43.443661,-97.295941,4,-2.8,-0.1
UP,1015HO012,2015-10-14,10:55 AM,Other impacts,0,HOUSTON,TX,90,2,Day,Cloudy,Yard,Yard/switching,4,12978,2497,30436,M404,29.807805,-95.292335,81.3,74.8,74.7
CSX,000153187,2015-10-13,7:16 AM,Raking collision,0,NORTH BALTIMORE,OH,46,1,Dawn,Cloudy,Yard,Yard/switching,3,14154,0,14154,H399,41.182022,-83.684399,66.3,57.5,53.7
UP,1216HO001,2016-12-02,9:15 PM,Other impacts,0,HOUSTON,TX,55,4,Dark,Rain,Yard,Cut of cars,0,0,0,20347,M407,29.795899,-95.291102,56.8,58,54.5