reportingrailroadcode,accidentnumber,date,time,accidenttype,hazmatreleasedcars,station,stateabbr,temperature,visibility_code,visibility,weathercondition,tracktype,equipmenttype,trainspeed,equipmentdamagecost,trackdamagecost,totaldamagecost,primaryaccidentcausecode,latitude,longitude,prior_temp,actual_temp,following_temp
DGNO,DGN282717D,2017-04-29,1:55 PM,Derailment,0,CARROLLTON,TX,78,2,Day,Clear,Industry,Freight Train,2,50000,500,50500,M503,32.960702,-96.875115,77,76.1,58.9
CSX,000159582,2016-05-06,7:48 AM,Hwy-rail crossing,0,EDISON,OH,55,2,Day,Clear,Main,Freight Train,59,28713,0,28713,M304,40.589077,-82.849188,49,55.8,58.6
BNSF,RD0718139,2018-07-30,4:02 AM,Derailment,0,SAGINAW,TX,82,1,Dawn,Clear,Yard,Yard/switching,4,10500,2300,12800,H702,32.833731,-97.358602,89.5,82.1,81.4
ATK,146573,2017-03-02,7:05 AM,Other (describe in narrative),0,DAVISVILLE,RI,50,4,Dark,Clear,Main,Passenger Train - Pulling,0,34759,0,34759,E78L,41.635648,-71.463605,51.5,45.4,30.8
CSX,000161032,2016-07-04,3:00 PM,Derailment,0,MONCKS CORNER,SC,93,2,Day,Clear,Yard,Freight Train,6,22311,1756,24067,T217,33.05648,-79.982644,80.8,81.3,81.7
CSX,000171416,2017-09-03,6:02 AM,Derailment,0,SELKIRK,NY,51,1,Dawn,Rain,Yard,Freight Train,4,27225,1152,28377,H702,42.565903,-73.854184,54.4,53.9,66.3
NS,137692,2020-04-08,11:39 AM,Other impacts,0,WEST FAIRVIEW,PA,70,2,Day,Clear,Yard,Single Car,2,28000,0,28000,M101,40.279807,-76.922451,57.8,64.2,52.9
IC,1130337,2023-04-04,1:50 PM,Hwy-rail crossing,0,HAMMOND,LA,85,2,Day,Cloudy,Main,Freight Train,38,0,31327,31327,M308,30.49371,-90.45789,77.7,76.9,78.5
IC,1108635,2022-07-16,8:30 PM,Derailment,0,JACKSON,MS,90,4,Dark,Clear,Yard,Freight Train,7,0,37113,37113,H511,32.315136,-90.190201,82.8,83.3,82
UP,0819PN017,2019-08-16,2:00 AM,Derailment,0,EUGENE,OR,66,4,Dark,Clear,Yard,Freight Train,5,8775,7490,16265,H503,44.075401,-123.137798,70.9,67.3,66.6
CSX,000218753,2024-06-19,12:00 PM,Hwy-rail crossing,0,MOUNT VICTORY,OH,84,2,Day,Clear,Main,Freight Train,32,15576,11276,26852,M304,40.533885,-83.561222,82,81.6,82.1
UP,0223GP033,2023-02-21,12:45 AM,Derailment,0,GOTHENBURG,NE,30,4,Dark,Clear,Main,Freight Train,39,1190111,702065,1892176,T215,40.923748,-100.157483,38.7,37,10.9
BNSF,KS1214108,2014-12-16,4:20 AM,Derailment,0,AMARILLO,TX,24,1,Dawn,Clear,Industry,,0,0,97011,112150,H702,35.135793,-101.852921,39.5,36.8,38.4
NS,128222,2018-01-20,4:30 AM,Derailment,0,BELLEVUE,OH,32,1,Dawn,Clear,Yard,Yard/switching,6,10344,2215,12559,E89C,41.296571,-82.766995,29,36.3,40.5
UP,0421PN029,2021-04-21,10:47 PM,Other impacts,0,HERMISTON,OR,61,4,Dark,Clear,Yard,Yard/switching,4,29500,0,46563,H318,45.796329,-119.268716,49.6,52.8,61
UP,0317HO070,2017-03-31,10:15 AM,Derailment,0,SPRING,TX,85,2,Day,Clear,Yard,Freight Train,7,24688,16852,41540,M101,30.061664,-95.412613,66.2,69.5,70.2
NS,152826,2023-04-14,4:30 PM,Other impacts,0,ENOLA,PA,75,3,Dusk,Clear,Yard,Single Car,0,150,0,16522,H312,40.306424,-76.920706,75.3,72.8,69.8
BNSF,HL0317119,2017-03-28,7:30 PM,Derailment,0,MEMPHIS,TN,70,3,Dusk,Clear,Yard,Yard/switching,5,13500,500,14000,H307,35.023806,-89.890502,69.7,67,71
CSX,000217353,2024-04-11,9:00 PM,Other impacts,0,FLORENCE,SC,60,4,Dark,Clear,Yard,Yard/switching,10,1431,0,13940,M201,34.19827,-79.762485,67.7,69.3,65.8
UP,1116HO011,2016-11-04,5:15 PM,Derailment,0,BAYTOWN,TX,76,2,Day,Clear,Yard,Yard/switching,5,278,56329,56607,H704,29.752607,-95.016932,77.6,77.2,74.1
UP,0515LV012,2015-05-21,4:30 PM,Hwy-rail crossing,0,CORRIGAN,TX,70,2,Day,Cloudy,Main,Freight Train,44,121,81950,82071,M303,30.996953,-94.827774,80,71.4,69.5
IC,919733,2017-04-18,11:44 AM,Derailment,0,MEMPHIS,TN,80,2,Day,Cloudy,Yard,,0,0,11143,11620,H524,35.072928,-90.051756,68.1,69.2,73.6
UP,0915KC015,2015-09-24,2:52 AM,Fire/violent rupture,0,TEXHOMA,OK,65,4,Dark,Clear,Main,Freight Train,50,57349,33,57382,E79L,36.756683,-101.362649,72.1,69.4,69.9
IC,985620,2019-01-26,2:20 PM,Hwy-rail crossing,0,KENNER,LA,60,2,Day,Cloudy,Main,,0,0,356,11820,M302,29.9741,-90.215904,48.1,49.6,52.8
CSX,000152135,2015-05-19,3:40 PM,Head on collision,0,BENTON,TN,84,2,Day,Cloudy,Main,Maint./inspect Car,5,25500,5000,30500,H993,35.22747,-84.627038,71.2,73.8,72.5
BNSF,HL1120104,2020-11-08,11:15 AM,Derailment,0,ST LOUIS,MO,73,2,Day,Clear,Yard,Freight Train,4,57302,168277,225579,H607,38.613223,-90.302955,59,65.3,68.3
NS,155328,2024-01-12,11:30 PM,Other (describe in narrative),0,CHATTANOOGA,TN,36,4,Dark,Cloudy,Yard,Freight Train,5,1500,13500,15000,H702,35.049322,-85.278485,42.4,45.2,38.1
BNSF,CH0818202,2018-08-14,1:35 PM,Hwy-rail crossing,0,SMITHBORO,IL,85,2,Day,Cloudy,Main,Maint./inspect Car,25,60000,0,60000,M302,38.807451,-89.305393,75,74.6,73.3
CSX,000193817,2020-11-13,9:30 PM,Side collision,0,SELKIRK,NY,45,4,Dark,Clear,Yard,Single Car,10,65960,0,206614,S014,42.565903,-73.854184,46.3,37.6,38.7
NS,143916,2022-01-03,9:40 PM,Derailment,0,BALTIMORE,MD,18,4,Dark,Clear,Yard,Freight Train,8,7831,11944,19775,M101,39.292316,-76.557144,56.9,31.8,26.4
NS,153249,2023-06-01,2:40 PM,Derailment,0,ORRVILLE,OH,82,2,Day,Clear,Yard,Freight Train,4,44065,380,44445,H303,40.839882,-81.766519,71.4,69.1,73.1
ATK,165591,2020-10-13,8:30 PM,Derailment,0,CHICAGO,IL,56,4,Dark,Clear,Yard,Light loco(s),2,14384,0,14384,H702,41.863695,-87.636188,59.8,57.7,62.2
UP,0615HO015,2015-06-07,10:21 AM,Other (describe in narrative),0,HOUSTON,TX,80,2,Day,Clear,Yard,Single Car,0,19803,0,19803,M507,29.803412,-95.300268,82.8,82.6,82.1
UP,0921GC023,2021-09-16,3:45 PM,Other impacts,0,MARINGOUIN,LA,87,2,Day,Clear,Yard,Freight Train,0,0,0,15351,H523,30.524317,-91.551376,75.1,77,79.3
CRSH,129230,2018-04-20,10:35 AM,Raking collision,0,CAMDEN,NJ,48,2,Day,Clear,Yard,Yard/switching,0,6000,550,16275,H305,39.945514,-75.102443,47.1,44.7,49
MBTA,YR202235,2022-03-03,1:38 PM,Obstruction,0,LINCOLN,MA,35,2,Day,Clear,Main,Passenger Train - Pushing,55,20865,0,20865,M404,42.399969,-71.318332,37.3,31.7,22.6
UP,0416TC008,2016-04-28,2:30 AM,Derailment,0,HERON LAKE,MN,38,4,Dark,Rain,Industry,Freight Train,1,3587,30896,34483,H307,43.767632,-95.36438,41.3,38.9,43.4
BLR,11092015,2015-11-09,9:30 PM,Derailment,0,SULPHUR SPRINGS,TX,56,4,Dark,Clear,Siding,Yard/switching,0,111788,500000,611788,E08C,33.145904,-95.514688,55,56.7,64.4
CSX,000174206,2017-03-05,3:10 AM,Fire/violent rupture,0,STANTON,TN,40,4,Dark,Clear,Main,Freight Train,45,21655,32,21687,E74L,35.462591,-89.399326,51.7,53.1,63.2
IC,1131116,2022-07-05,11:00 AM,Fire/violent rupture,0,MEMPHIS,TN,99,2,Day,Clear,Yard,Single Car,0,14857,0,14857,M406,35.068502,-90.124283,86.3,89.9,89.1
BNSF,RD0918205,2018-09-25,6:10 PM,Hwy-rail crossing,0,KRUM,TX,85,3,Dusk,Cloudy,Main,Freight Train,53,32000,18011,50011,M302,33.285835,-97.220874,72.2,76.9,65.6
NS,142164,2021-07-12,9:49 AM,Other impacts,0,ALLENTOWN,PA,90,2,Day,Clear,Yard,Cut of cars,7,0,0,41176,H601,40.611934,-75.426704,73.8,77.2,74.1
CSX,000202254,2022-01-05,11:15 PM,Derailment,0,ROCKY MOUNT,NC,48,4,Dark,Cloudy,Yard,Yard/switching,8,50873,3030,53903,E24C,35.917687,-77.805567,33.6,42.8,46
UP,0815FW019,2015-08-15,6:45 PM,Derailment,0,CALVERT,TX,95,2,Day,Clear,Main,Freight Train,49,286654,197244,483898,E21C,31.074688,-96.701861,86.7,86.4,82.1
BNSF,KS0715105,2015-07-13,10:00 AM,Rear end collision,0,AMARILLO,TX,65,2,Day,Clear,Yard,Yard/switching,2,13100,0,14753,H306,35.186991,-101.833438,82.6,83.9,82.2
TCT,580254,2015-07-12,12:55 PM,Raking collision,0,TEXAS CITY,TX,90,2,Day,Clear,Industry,Yard/switching,3,25000,0,25000,H309,29.222968,-94.540016,85.1,84.4,81
UP,0415HO052,2015-04-29,5:45 PM,Derailment,0,HOUSTON,TX,75,2,Day,Clear,Yard,Yard/switching,9,19335,18189,37524,S007,29.80306,-95.288628,65.3,64.7,68.9
BNSF,CH0522201,2022-05-11,8:16 AM,Hwy-rail crossing,0,CLARENDON HILLS,IL,82,1,Dawn,Clear,Main,,0,0,100000,250000,M302,41.797006,-87.954674,79.3,82.1,83.5
NS,153859,2023-08-09,6:00 AM,Derailment,0,EDGEWORTH,PA,65,1,Dawn,Clear,Industry,Freight Train,4,43000,0,43000,H306,40.553168,-80.202253,71.4,73.5,72.7
UP,1217SA016,2017-12-18,7:46 PM,Hwy-rail crossing,0,SAN MARCOS,TX,56,4,Dark,Fog,Main,,0,0,850,20305,M302,29.859254,-97.957223,48.7,53.6,63.6
RWRR,220621001,2022-06-21,2:20 AM,Derailment,0,RELIANCE,SD,62,4,Dark,Clear,Main,Freight Train,10,298268,96005,394273,T221,43.877798,-99.620774,80.9,69,72.1
ATK,174126,2023-03-15,4:35 AM,Obstruction,0,MIDDLETOWN,PA,34,4,Dark,Clear,Main,Spec. MoW Equip.,0,16206,0,16206,H607,40.139199,-76.595069,35.8,39.4,46.7
CSX,000169689,2017-06-18,12:10 PM,Other impacts,0,EVANSVILLE,IN,78,2,Day,Cloudy,Yard,Yard/switching,4,27570,200,28270,H318,37.962372,-87.609363,79.8,75.3,75.5
UP,0223GP005,2023-02-03,4:10 PM,Other impacts,0,NORTH PLATTE,NE,38,2,Day,Clear,Yard,Cut of cars,0,1172,0,39891,M411,41.1528,-100.822907,13.3,21.3,27.6
BNSF,RD0517105,2017-05-06,5:45 AM,Derailment,0,TEMPLE,TX,70,4,Dark,Clear,Yard,Yard/switching,0,2645,0,24536,H018,31.104674,-97.348995,65,69.4,72.5
CSX,000213965,2023-10-10,5:30 AM,Derailment,0,NORTH VERSAILLES,PA,50,1,Dawn,Clear,Yard,Yard/switching,7,207514,4649,212163,H702,40.386139,-79.846696,49.8,53.4,55.2
UP,0417SA013,2017-04-11,3:45 PM,Hwy-rail crossing,0,SAN ANTONIO,TX,74,2,Day,Rain,Main,Freight Train,38,3128,15500,18628,M304,29.477444,-98.405223,75.4,70.4,69.6
NS,139316,2020-09-30,3:30 PM,Other (describe in narrative),0,WEST BUECHEL,KY,72,2,Day,Clear,Siding,Freight Train,4,14610,24981,39591,H702,38.189913,-85.67234,55.6,62.9,60.1
UP,0215SA025,2015-02-24,5:49 AM,Other (describe in narrative),0,WAELDER,TX,33,4,Dark,Cloudy,Main,Freight Train,38,9554,14058,23612,E34C,29.679239,-97.221274,35.7,34.7,45.4
NS,139089,2020-09-07,12:45 PM,Derailment,0,BELLEVUE,OH,70,2,Day,Rain,Yard,Freight Train,6,85300,27520,112820,S006,41.29231,-82.784212,66.1,69.4,71.9
UP,0423GP011,2023-04-10,2:37 PM,Other impacts,0,NORTH PLATTE,NE,72,2,Day,Clear,Yard,Yard/switching,0,321137,2520,323657,M407,41.146889,-100.837752,57.7,56,66.9
CSX,000194231,2020-12-03,2:32 AM,Derailment,0,WINCHESTER,TN,45,4,Dark,Clear,Main,Freight Train,17,58322,25298,83620,M101,35.152384,-85.975328,30.6,42.1,43.6
CSX,000145006,2015-04-19,12:35 AM,Side collision,0,NASHVILLE,TN,72,4,Dark,Clear,Yard,Freight Train,8,32039,0,39139,H607,36.169386,-86.785302,67.1,66.9,58.9
NJTR,202405251,2024-05-13,6:31 AM,Obstruction,0,LONG BRANCH,NJ,40,1,Dawn,Clear,Yard,Passenger Train - Pulling,15,30893,9498,40391,H104,40.29562,-73.98837,49.4,54.6,62.5
CSX,000203650,2022-03-17,8:25 AM,Derailment,0,ETOWAH,TN,54,2,Day,Clear,Yard,Light loco(s),3,34598,195,34793,H702,35.314204,-84.528354,57.2,56.7,53.7
NS,152654,2023-03-28,12:00 AM,Side collision,0,MACON,GA,60,4,Dark,Fog,Yard,Yard/switching,2,152007,9589,271596,H702,32.81373,-83.622794,67.1,65.8,57.8
UP,0715SA008,2015-07-13,1:20 PM,Obstruction,0,ATASCOSA,TX,97,2,Day,Clear,Main,Spec. MoW Equip.,5,0,0,13853,E99C,29.255946,-98.752754,83.5,84.2,83.1
UP,0717NP017,2017-07-17,6:30 PM,Fire/violent rupture,0,HARRISON,NE,90,2,Day,Clear,Main,Freight Train,30,41099,0,41099,E74L,42.031313,-104.04317,79.6,81.3,77.8
NS,128316,2018-01-28,8:48 AM,Obstruction,0,WEST FAIRVIEW,PA,48,2,Day,Cloudy,Yard,Yard/switching,7,11370,0,11370,S016,40.279807,-76.922451,42.4,45.5,38.7
CSX,000150129,2015-08-03,2:14 AM,Derailment,0,CONNELLSVILLE,PA,69,4,Dark,Clear,Yard,Cut of cars,4,9527,0,16510,H020,40.017944,-79.592194,73.8,73.3,73.9
XTGS,F0102015,2015-09-02,9:15 AM,Derailment,0,ANAHUAC,TX,80,2,Day,Cloudy,Industry,Yard/switching,9,145000,76843,221843,E46C,29.713945,-94.896251,78,79.5,82.1
TIBR,IN20160111,2016-01-11,9:00 PM,Side collision,0,SILSBEE,TX,30,4,Dark,Clear,Yard,Cut of cars,5,11588,0,28004,H020,30.210572,-94.110229,42.9,42,44.6
CSX,000219377,2024-07-16,10:26 PM,Other impacts,0,NORTH CHARLESTON,SC,79,4,Dark,Rain,Yard,Cut of cars,0,226451,0,239634,M204,32.856925,-80.022907,85.4,84.3,85.6
TRE,TRE15001,2015-03-02,10:15 PM,Hwy-rail crossing,0,IRVING,TX,40,4,Dark,Fog,Main,Commuter Train - Pushing,43,20000,0,20000,M302,32.815205,-96.968149,35,37.6,46.7
BNSF,CH1016203,2016-10-25,1:00 PM,Hwy-rail crossing,0,PLYMOUTH,IL,65,2,Day,Clear,Main,Maint./inspect Car,5,80000,0,80000,M302,40.309218,-90.907459,51.4,51.2,55.6
NS,143813,2021-12-21,11:00 AM,Derailment,0,PORTSMOUTH,OH,42,2,Day,Cloudy,Yard,Yard/switching,6,12507,13962,26469,H504,38.737209,-82.973107,31.9,31.7,32.1
SEPA,18099,2015-04-20,8:04 AM,Other impacts,0,GWYNEDD,PA,58,2,Day,Rain,Main,EMU,70,22500,3635,26135,M101,40.184722,-75.256944,56.9,59.5,58.3
UP,0818TC007,2018-08-08,1:45 AM,Derailment,0,SOUTH ST PAUL,MN,64,4,Dark,Clear,Main,Yard/switching,5,3564,30348,33912,H993,44.91952,-93.049043,71.1,75.5,78.9
SNJX,20211023,2021-10-23,2:52 PM,Hwy-rail crossing,0,TRENTON,NJ,62,2,Day,Cloudy,Main,DMU,40,16000,0,16000,M308,40.209543,-74.755205,60.9,52.8,50.8
UP,0617PD008,2017-06-07,8:36 PM,Derailment,0,STANFIELD,OR,74,2,Day,Clear,Yard,Light loco(s),7,36659,5290,41949,H702,45.792911,-119.253241,69.7,73,65.6
NS,154094,2023-09-01,12:30 PM,Other impacts,0,WEST FAIRVIEW,PA,80,2,Day,Clear,Yard,Yard/switching,5,8000,4675,36825,E21C,40.279833,-76.922472,72.1,68.2,72.3
ATK,137116,2015-04-18,11:05 PM,Obstruction,0,KINGSTON,RI,45,4,Dark,Clear,Main,Passenger Train - Pulling,92,477617,0,477617,M402,41.485064,-71.559234,51.1,56,47
NS,156455,2024-04-23,1:15 PM,Hwy-rail crossing,0,WAVERLY,NY,65,2,Day,Cloudy,Main,Light loco(s),46,4830,3387,8217,M304,42.003698,-76.516216,43.1,51.6,47.3
HESR,HES866124G,2024-07-15,12:15 PM,Hwy-rail crossing,0,BRIDGEPORT,MI,85,2,Day,Clear,Main,Freight Train,20,140,104083,104223,M304,43.32208,-83.91989,78.2,77.4,76.2
BNSF,TC0123109,2023-01-17,5:30 PM,Derailment,0,DILWORTH,MN,15,3,Dusk,Clear,Yard,Light loco(s),5,1000,18000,19000,H307,46.873964,-96.687819,25,15.6,17.1
CSX,000140155,2015-01-16,2:43 AM,Other impacts,0,NASHVILLE,TN,30,4,Dark,Clear,Yard,Cut of cars,12,15000,100,15100,M407,36.169386,-86.785302,32.6,37,43.6
CSX,000173022,2017-11-22,3:23 PM,Other impacts,0,COVINGTON,KY,37,2,Day,Cloudy,Siding,Yard/switching,3,0,0,21433,H018,39.041379,-84.51542,44,33.4,32.3
CSX,000162452,2016-08-26,8:23 AM,Derailment,0,WARREN,OH,90,2,Day,Clear,Yard,Freight Train,2,29533,2504,42037,E24C,41.176048,-80.843547,77.3,75.4,74.1
UP,1222GP039,2022-12-23,12:00 PM,Other (describe in narrative),0,NORTH PLATTE,NE,5,2,Day,Clear,Yard,Single Car,0,13657,0,13657,M507,41.151429,-100.871932,-8.8,-1.4,11.4
CSX,000215782,2024-01-26,12:40 AM,Derailment,0,DETROIT,MI,38,4,Dark,Rain,Yard,,0,0,382,25223,H704,42.318204,-83.069185,38.4,39.6,38.1
CSX,000207729,2022-10-10,4:05 PM,Rear end collision,0,BATAVIA,NY,55,3,Dusk,Clear,Main,Spec. MoW Equip.,0,18300,0,33900,H997,42.984493,-78.24915,50.5,49.5,55.5
RBMN,R09172301,2023-09-17,12:50 PM,Derailment,0,GIRARDVILLE,PA,65,2,Day,Cloudy,Main,Cut of cars,0,6469,26967,33436,H022,40.800322,-76.266322,60.1,56.1,62.4
UP,0615FW034,2015-06-25,9:25 AM,Hwy-rail crossing,0,ODESSA,TX,85,2,Day,Clear,Main,Freight Train,53,29526,0,29526,M303,31.656906,-102.737516,79.8,82.1,81.3
UP,0415KC003,2015-04-11,6:32 AM,Fire/violent rupture,0,GUYMON,OK,46,1,Dawn,Cloudy,Main,Freight Train,50,98005,33,98038,E74L,36.536075,-101.72669,49.2,57.6,68.2
NS,145093,2022-04-27,2:08 AM,Derailment,0,COLUMBIANA,OH,39,4,Dark,Cloudy,Industry,Freight Train,3,3800,12581,16381,H306,40.883719,-80.698913,49.1,36.4,38.8
CSX,000202273,2022-01-06,1:00 PM,Derailment,0,NORTH CHARLESTON,SC,60,2,Day,Clear,Yard,Cut of cars,0,36121,0,144354,M204,32.856925,-80.022907,51.4,51.1,49.8
CSX,000185047,2019-08-30,9:53 AM,Other impacts,0,NASHVILLE,TN,81,2,Day,Clear,Yard,Single Car,8,500,0,21612,M408,36.112142,-86.770737,71.8,75.8,77.6
ATK,165852,2020-10-29,12:00 PM,Derailment,0,ABERDEEN,MD,55,2,Day,Rain,Main,,0,0,23500,23500,E07C,39.489404,-76.176794,62,55.1,46.8
CRSH,138342,2020-06-25,3:00 PM,Derailment,0,PHILADELPHIA,PA,80,2,Day,Cloudy,Main,Freight Train,8,59122,105602,164724,H519,40.003576,-75.114788,80,77.1,77.2
ATK,174246,2023-03-31,9:39 AM,Hwy-rail crossing,0,BATTLE CREEK,MI,41,2,Day,Rain,Main,Passenger Train - Pulling,63,14243,0,14243,M308,42.37262,-85.10267,33.3,52.2,42.4
KCS,15061904,2015-06-19,5:00 PM,Obstruction,0,WYLIE,TX,95,2,Day,Cloudy,Yard,Spec. MoW Equip.,0,15000,0,15000,H999,33.031589,-96.500792,82.1,82.9,79.8
IC,885966,2016-03-13,5:38 AM,Obstruction,0,DYERSBURG,TN,60,4,Dark,Cloudy,Main,,0,0,0,20389,M404,35.97495,-89.386482,59.6,63.6,60.9
CSX,000181156,2019-02-03,12:45 PM,Hwy-rail crossing,0,FRANKLIN,TN,60,2,Day,Clear,Main,Freight Train,43,95335,19960,115295,M302,35.905378,-86.744236,50.5,52.4,57.2
UP,0921GP001,2021-09-02,2:25 PM,Other impacts,0,NORTH PLATTE,NE,75,2,Day,Clear,Yard,Single Car,0,28460,0,28659,M411,41.148749,-100.848502,71.2,75.1,67.9
NS,155981,2024-03-08,2:30 AM,Other impacts,0,BELLEVUE,OH,48,4,Dark,Cloudy,Yard,Single Car,8,1000,0,16020,M411,41.28826,-82.800414,41.6,50.2,47
UP,1022GP021,2022-10-21,5:06 PM,Derailment,0,NORTH PLATTE,NE,78,2,Day,Clear,Yard,Cut of cars,4,85163,0,96775,S016,41.150279,-100.811993,51.9,53.6,57.2
NS,136167,2019-11-12,1:05 PM,Derailment,0,HARRIMAN,TN,28,2,Day,Clear,Industry,Freight Train,1,100,0,100,M101,35.901465,-84.520438,51.9,30,27.6
UP,0218HO037,2018-02-21,3:58 PM,Other impacts,0,HOUSTON,TX,75,2,Day,Cloudy,Yard,Yard/switching,4,9224,66,28682,S006,29.793203,-95.297479,73.5,65.5,61.4
UP,1217SA001,2017-12-01,7:15 PM,Derailment,0,SAN ANTONIO,TX,70,3,Dusk,Clear,Yard,Yard/switching,6,167748,297370,465118,H522,29.436459,-98.471738,62.3,66.8,65.1
ATK,144149,2016-09-08,2:18 PM,Hwy-rail crossing,0,DALLAS,TX,95,2,Day,Clear,Main,Passenger Train - Pulling,57,19068,0,25368,M302,32.805619,-96.829774,85.8,86.2,85.6
UP,0615FW019,2015-06-13,3:30 AM,Derailment,0,ODESSA,TX,70,4,Dark,Clear,Main,Freight Train,45,290121,407071,697192,E51C,31.90799,-102.243862,80.1,78,77.2
BNSF,TC0515104,2015-05-09,11:46 PM,Derailment,0,JAMESTOWN,ND,40,4,Dark,Rain,Industry,Freight Train,10,15000,5000,20000,T221,46.9056,-98.7031,42.2,39.2,38.2
BNSF,RD1019103,2019-10-03,12:21 PM,Head on collision,0,ROFF,OK,85,2,Day,Clear,Industry,Light loco(s),0,21412,0,21612,H307,34.636895,-96.832431,79.4,75,69.2
MRL,2018144,2018-11-04,6:55 AM,Other impacts,0,LAUREL,MT,37,4,Dark,Clear,Yard,Cut of cars,1,80000,35000,155000,H020,45.681326,-108.719739,40,43.8,40
BNSF,SW0517111,2017-05-26,5:34 PM,Derailment,0,BELEN,NM,80,3,Dusk,Clear,Yard,Yard/switching,3,6000,6800,12800,H312,34.652675,-106.768399,77.2,72.1,70.4
NJTR,201903154,2019-03-16,10:40 AM,Derailment,0,PATERSON,NJ,39,2,Day,Cloudy,Main,,0,0,20732,21698,H306,40.910268,-74.167403,59.4,47.1,37.3
NS,146554,2022-09-21,10:30 PM,Other impacts,0,MACON,GA,70,4,Dark,Clear,Yard,Single Car,3,300,10968,11468,H312,32.813729,-83.622793,76.1,78.4,79.1
BNSF,HL0618114,2018-06-26,11:45 PM,Derailment,0,MEMPHIS,TN,82,4,Dark,Clear,Yard,Light loco(s),0,9500,0,207895,H607,35.029178,-89.898817,82.8,86,84.6
NS,132234,2018-12-30,6:30 PM,Derailment,0,TOLEDO,OH,32,3,Dusk,Clear,Yard,Yard/switching,5,21010,3547,24557,H020,41.638049,-83.554031,33.9,32.1,39.3
UP,0817HO016,2017-08-08,6:45 PM,Derailment,0,HOUSTON,TX,75,2,Day,Clear,Yard,Yard/switching,7,73609,7600,81209,M411,29.796068,-95.295487,81.3,79.3,83.9
BNSF,HL0623112,2023-06-12,12:05 PM,Derailment,0,OMAHA,NE,82,2,Day,Clear,Yard,Freight Train,5,23556,42000,65556,E69C,41.227005,-95.917561,64.7,63.9,72.8
KCS,14120901,2014-12-09,5:06 AM,Derailment,0,KARNACK,TX,48,4,Dark,Fog,Main,Freight Train,19,191654,70384,262038,H605,32.662596,-94.165404,50.2,49.9,47.8
UP,1214SA014,2014-12-29,11:20 PM,Hwy-rail crossing,0,COTULLA,TX,49,4,Dark,Cloudy,Main,Freight Train,51,21475,264,21739,M308,28.602179,-99.189637,44.8,46,48.8
PTRA,2015000024,2015-07-19,8:00 PM,Derailment,0,GALENA PARK,TX,88,2,Day,Clear,Industry,Yard/switching,7,18500,30000,48500,H702,29.746218,-95.267188,86.5,85.9,86
CSX,000150147,2015-08-03,7:57 AM,Hwy-rail crossing,0,CHAPIN,SC,78,1,Dawn,Clear,Main,Freight Train,44,13134,0,13134,M304,34.17433,-81.366914,82.7,81.2,85.2
CSX,000188986,2020-03-09,3:43 AM,Other impacts,0,NORTH BALTIMORE,OH,50,4,Dark,Cloudy,Yard,Cut of cars,0,0,0,45499,H307,41.182016,-83.684342,47.2,56.6,49.3
BNSF,GC0215113,2015-02-20,11:50 AM,Derailment,0,CHRIESMAN,TX,70,2,Day,Clear,Main,Spec. MoW Equip.,0,24000,0,24500,H997,30.627629,-96.789934,50.6,62.4,65.6
PTRA,2015000015,2015-05-09,11:45 AM,Other (describe in narrative),0,HOUSTON,TX,85,2,Day,Cloudy,Industry,Cut of cars,3,500,16000,16500,H307,29.742388,-95.11503,79.9,80.4,79.7
MNJ,MNJ1601,2016-05-02,3:15 PM,Derailment,0,MONTGOMERY,NY,75,2,Day,Clear,Main,Freight Train,17,150000,5000,155000,H607,41.313462,-74.13575,47.1,49.2,51.1
ATK,137520,2015-05-21,9:35 AM,Obstruction,0,JEFFERSON,TX,75,2,Day,Cloudy,Main,Passenger Train - Pulling,69,22000,0,22600,M404,32.787882,-94.334025,79.1,66.5,66.5
CSX,000202626,2022-01-23,12:30 AM,Derailment,0,SPARTANBURG,SC,36,4,Dark,Clear,Yard,Freight Train,4,103887,0,103887,H514,34.949146,-81.936776,31.4,36,41.1
UP,0218LV015,2018-02-11,5:50 AM,Derailment,0,JOAQUIN,TX,41,4,Dark,Rain,Main,Freight Train,5,14123,15480,29603,H701,31.958654,-94.166758,58.3,33.8,35.1
NIRC,2020071857,2020-03-22,12:34 AM,Derailment,0,ELGIN,IL,30,4,Dark,Clear,Main,,0,0,218912,272734,E52C,42.021488,-88.276188,29.1,29.5,35.1
UP,1218TO032,2018-12-24,10:14 PM,Fire/violent rupture,0,OKTAHA,OK,46,4,Dark,Clear,Main,Freight Train,25,220319,0,220319,E73L,35.602784,-95.463753,42.5,40.8,50.8
BNSF,RD0817121,2017-08-23,3:50 AM,Derailment,0,NAVASOTA,TX,77,4,Dark,Clear,Siding,Freight Train,9,11727,4500,16227,H503,30.347979,-96.017261,86.1,84.8,81.4
CSX,000200807,2021-09-30,11:48 AM,Other (describe in narrative),0,NASHVILLE,TN,81,2,Day,Cloudy,Yard,Cut of cars,14,10427,0,10427,M407,36.112142,-86.770737,73.4,74,75.8
BNSF,RD0218126,2018-02-26,11:48 AM,Other impacts,0,TEMPLE,TX,75,2,Day,Clear,Yard,Yard/switching,0,10667,0,47424,H020,31.1062,-97.348889,54.6,53.9,62.5