reportingrailroadcode,accidentnumber,date,time,accidenttype,hazmatreleasedcars,station,stateabbr,temperature,visibility_code,visibility,weathercondition,tracktype,equipmenttype,trainspeed,equipmentdamagecost,trackdamagecost,totaldamagecost,primaryaccidentcausecode,latitude,longitude,prior_temp,actual_temp,following_temp
NS,124554,2017-04-01,3:53 AM,Rear end collision,0,DEPAUW,IN,42,4,Dark,Cloudy,Main,Freight Train,0,60000,0,67973,H222,38.336355,-86.243072,53.6,47.7,55.2
UP,0521PN027,2021-05-29,5:05 PM,Derailment,0,PORTLAND,OR,77,2,Day,Clear,Yard,Freight Train,4,19337,2718,22055,H503,45.547643,-122.687911,59.1,64.4,68.9
IC,1130095,2023-04-02,8:00 AM,Derailment,0,MEMPHIS,TN,70,2,Day,Clear,Main,,0,0,34038,36208,M201,35.166044,-89.966354,64.6,60.1,65.2
BNSF,SF1015112,2015-10-31,3:45 AM,Derailment,0,TULSA,OK,57,4,Dark,Rain,Yard,Yard/switching,10,14467,0,14467,H316,36.118559,-96.012616,49.1,57.1,55.7
UP,0215SA026,2015-02-25,6:00 AM,Derailment,0,SAN ANTONIO,TX,40,4,Dark,Cloudy,Main,Freight Train,6,43767,27800,71567,H704,29.408019,-98.510775,36.1,48.5,46.3
NS,135411,2019-09-07,10:30 AM,Other (describe in narrative),0,CHARLOTTE,NC,86,2,Day,Clear,Yard,Yard/switching,3,26220,2427,28647,H306,35.228142,-80.852528,80.5,79.5,80.7
URR,8104,2018-02-10,2:24 AM,Derailment,0,DUQUESNE,PA,34,4,Dark,Cloudy,Main,Freight Train,7,4847,7270,12117,H503,40.374715,-79.860253,28.2,42.6,43.1
BNSF,PR0118115,2018-01-22,5:50 PM,Derailment,0,UPTON,WY,23,3,Dusk,Cloudy,Main,Freight Train,10,410951,230000,640951,E53C,44.08119,-104.603768,25.8,22.7,25.8
UP,0616PR011,2016-06-21,7:45 PM,Hwy-rail crossing,0,UNION,IL,76,4,Dark,Clear,Main,Freight Train,48,39130,0,39130,M308,42.230576,-88.53066,55.5,56.9,56.5
IHB,2142,2015-09-06,4:00 AM,Other impacts,0,HAMMOND,IN,70,4,Dark,Clear,Yard,Yard/switching,4,26041,0,26041,H302,41.612181,-87.498636,73,79.1,78.8
CRSH,145927,2022-07-25,12:45 PM,Other impacts,0,NEW YORK  RICHMOND,NY,92,2,Day,Clear,Industry,Yard/switching,6,9936,0,17373,H302,40.581007,-74.200434,85.5,81.6,76.6
BNSF,RD0220105,2020-02-07,10:59 PM,Derailment,0,SAGINAW,TX,50,4,Dark,Clear,Industry,Yard/switching,5,38000,0,38000,H307,32.867773,-97.369135,35.6,44.9,50.9
UP,0818NP013,2018-08-06,8:35 PM,Fire/violent rupture,0,DOUGLAS,WY,65,4,Dark,Clear,Yard,Freight Train,0,19768,0,19768,E99L,43.226704,-105.262466,66.4,64.2,67.4
UP,0422SX015,2022-04-17,2:00 PM,Derailment,0,GEORGE WEST,TX,87,2,Day,Cloudy,Industry,Freight Train,2,35836,66,35902,H306,28.335798,-98.111502,78.5,78.8,76.5
BNSF,KS0917200,2017-09-06,2:00 PM,Hwy-rail crossing,0,MIAMI,TX,80,2,Day,Clear,Main,Freight Train,54,36113,0,36113,M302,35.739372,-100.566321,68.9,65.6,72.6
NS,144587,2022-03-03,8:50 AM,Derailment,0,DUNKIRK,NY,24,2,Day,Clear,Main,Freight Train,38,24250,750,25000,E34C,42.490206,-79.305933,32.5,23.1,22.3
CP,1000689500,2018-01-22,3:00 AM,Other impacts,0,KANSAS CITY,MO,44,4,Dark,Rain,Yard,Cut of cars,0,67476,0,185251,H307,39.129761,-94.540198,54,40.2,32.3
CSX,000196037,2021-03-01,10:15 PM,Side collision,0,SELKIRK,NY,12,4,Dark,Cloudy,Yard,Single Car,0,5514,400,110214,H316,42.565903,-73.854184,36.1,33.8,16
NS,117429,2015-09-18,10:40 AM,Other impacts,0,GLENFIELD,PA,80,2,Day,Clear,Main,Spec. MoW Equip.,0,0,105844,105844,H997,40.515532,-80.121685,69.2,69.9,71.5
BNSF,RD0817205,2017-08-21,10:35 AM,Hwy-rail crossing,1,SAN AUGUSTINE,TX,88,2,Day,Cloudy,Main,Freight Train,21,1289638,76304,1365942,M308,31.588315,-94.112408,83.9,83.4,83.3
SEPA,28639,2018-06-23,8:10 AM,Other (describe in narrative),0,PHILADELPHIA,PA,64,2,Day,Rain,Main,EMU,50,21190,10000,31190,E99L,39.94784,-75.19034,69.3,66.9,77.4
PATH,I08142019,2019-08-14,4:30 PM,Derailment,0,JERSEY CITY,NJ,78,2,Day,Cloudy,Yard,EMU,2,8616,18692,27308,H605,40.725,-74.0561,76.2,76.5,75.7
BNSF,RD0517105,2017-05-06,5:45 AM,Derailment,0,TEMPLE,TX,70,4,Dark,Clear,Yard,Yard/switching,5,21891,0,24536,H018,31.104674,-97.348995,65,69.4,72.5
BNSF,RD0717119,2017-07-29,7:15 PM,Derailment,0,SAN ANTONIO,TX,99,3,Dusk,Clear,Yard,Yard/switching,7,32826,0,32826,H307,29.326278,-98.621601,87.9,89.4,89.5
XTGS,F0152018,2018-08-09,12:00 PM,Raking collision,0,BEAUMONT,TX,90,2,Day,Cloudy,Industry,Yard/switching,4,25000,0,25000,H996,30.078081,-94.09009,81.6,82.4,81.2
CSX,000173310,2017-12-10,2:30 PM,Derailment,0,NEWARK,NJ,35,2,Day,Cloudy,Yard,Freight Train,4,13589,0,17589,H704,40.708117,-74.13553,32.7,33.7,36.8
UP,0519TO020,2019-05-19,2:30 PM,Derailment,0,VIAN,OK,77,2,Day,Clear,Main,Freight Train,33,39660,64728,104388,E35C,35.471249,-94.923578,69.3,68.7,69.6
WC,1059266,2021-01-20,2:12 AM,Side collision,0,GARY,IN,15,4,Dark,Clear,Yard,Yard/switching,10,31600,0,63200,E29C,41.621884,-87.381215,25,24.1,34.9
NS,153963,2023-08-11,3:15 AM,Other impacts,0,CONWAY,PA,78,4,Dark,Clear,Yard,Light loco(s),2,17269,0,17308,H302,40.672362,-80.251826,71.9,72.8,72.9
UP,0220HO008,2020-02-08,12:45 AM,Derailment,0,HOUSTON,TX,54,4,Dark,Clear,Main,Freight Train,4,8079,7736,15815,M409,29.783484,-95.325655,56.1,61.1,68
CSX,000211941,2023-06-24,9:02 AM,Derailment,0,MARION,OH,70,2,Day,Clear,Main,Freight Train,8,10000,101557,111557,E29C,40.58821,-83.151771,67,72.2,74.3
UP,0915FW013,2015-09-08,11:40 PM,Derailment,0,ANGUS,TX,79,4,Dark,Cloudy,Main,Freight Train,31,2329,796094,798423,E69C,31.986199,-96.425488,87,86.5,79.9
UP,0518KC020,2018-05-25,5:00 PM,Obstruction,0,NEBRASKA CITY,NE,91,2,Day,Clear,Main,Freight Train,15,0,33,21484,H402,40.656422,-95.876257,77.5,78.3,85.1
BNSF,GC0315110,2015-03-31,6:05 PM,Derailment,0,TEMPLE,TX,70,3,Dusk,Clear,Yard,Light loco(s),10,30000,0,30000,H306,31.102633,-97.34918,68.9,70.9,71.6
BNSF,SF0715104,2015-07-15,10:30 PM,Derailment,0,MEMPHIS,TN,85,4,Dark,Clear,Yard,Yard/switching,7,22911,2000,24911,H312,35.027698,-89.896264,82.6,85.4,85.6
NJTR,202405229,2024-04-03,8:02 PM,Derailment,0,KEARNY,NJ,45,4,Dark,Rain,Yard,Yard/switching,5,33000,5000,38000,H704,40.744561,-74.105782,47,43.1,43.2
NS,146482,2022-09-14,9:14 PM,Derailment,0,CONWAY,PA,72,4,Dark,Clear,Yard,Yard/switching,3,65714,115838,181552,H505,40.672361,-80.251826,59.6,62.5,64.1
UP,0915WH006,2015-09-20,8:01 PM,Derailment,0,YUKON,OK,65,4,Dark,Cloudy,Main,Freight Train,48,195547,44084,239631,M503,35.481737,-97.715293,69,66.6,73.3
NS,153912,2023-08-12,10:15 PM,Derailment,0,HARRISBURG,PA,71,4,Dark,Rain,Yard,Light loco(s),5,48858,0,48858,H303,40.294961,-76.891716,78.5,79.7,80
AZER,AZE726021A,2021-03-18,4:30 AM,Fire/violent rupture,0,LORDSBURG,NM,60,1,Dawn,Clear,Main,Freight Train,0,65000,0,65000,E72L,32.378778,-108.780806,41.9,47.7,49.6
PMSW,PSC0431683,2017-08-04,10:00 AM,Derailment,0,LUBBOCK,TX,90,2,Day,Clear,Yard,Yard/switching,2,50000,0,50000,E08C,33.565618,-101.824163,75,76.1,82.1
BNSF,KS0919205,2019-09-30,2:55 PM,Hwy-rail crossing,0,WOODWARD,OK,80,2,Day,Clear,Main,Freight Train,23,195376,10000,205376,M308,36.440343,-99.407425,79.3,79.2,74.2
UP,0723RM021,2023-07-16,9:30 AM,Other impacts,0,POCATELLO,ID,67,2,Day,Clear,Yard,Cut of cars,3,14361,0,16976,H018,42.842474,-112.425419,69.3,73.2,71.7
KCS,18021201,2018-02-12,3:00 AM,Side collision,0,MOSSVILLE,LA,38,4,Dark,Clear,Yard,Cut of cars,3,15038,0,22062,H318,30.259581,-93.306702,52.9,43.8,51.7
HRRC,0616,2016-08-10,12:58 PM,Derailment,0,LEE,MA,84,2,Day,Cloudy,Main,Freight Train,24,5000,17000,22000,E4BC,42.306836,-73.250736,63,63.2,61.7
UP,0415HO053,2015-04-29,9:15 PM,Derailment,0,HOUSTON,TX,75,4,Dark,Cloudy,Yard,Light loco(s),0,29438,0,30901,M404,29.790758,-95.295465,65.3,64.7,68.9
CSX,000189998,2020-05-02,2:38 AM,Broken train collision,0,CUMBERLAND,MD,48,4,Dark,Cloudy,Yard,Single Car,4,0,0,383999,E30C,39.644504,-78.760839,52.7,58.7,64.9
UP,0216WH009,2016-02-26,7:34 AM,Fire/violent rupture,0,EL RENO,OK,52,2,Day,Clear,Yard,Light loco(s),0,26246,0,26246,E74L,35.525875,-97.955988,39.1,42.2,52.7
BNSF,RD0522112,2022-05-13,12:51 AM,Derailment,0,TULSA,OK,80,4,Dark,Cloudy,Yard,Yard/switching,2,40000,1300,41300,H503,36.120849,-96.009896,81.1,74.4,78.5
CSX,000205509,2022-06-12,12:30 PM,Derailment,0,WALBRIDGE,OH,81,2,Day,Clear,Main,Yard/switching,10,40520,8099,48619,E49C,41.589911,-83.496929,70.9,74.8,73.5
UP,0417SA002,2017-04-01,9:15 PM,Derailment,0,SAN ANTONIO,TX,72,4,Dark,Cloudy,Siding,Freight Train,6,12771,27000,39771,M204,29.327853,-98.671526,68.9,72.6,70.9
CSX,000172731,2017-11-06,11:45 PM,Derailment,0,MEMPHIS,TN,65,4,Dark,Cloudy,Main,Freight Train,8,140191,73748,213939,H503,35.180835,-89.921891,72.2,60.2,53.4
PAL,2017APR1X,2017-04-12,11:02 AM,Hwy-rail crossing,0,CLARKSON,KY,70,2,Day,Clear,Main,Light loco(s),35,30000,59000,89000,M308,37.496154,-86.223061,61.5,59.3,63.9
CSX,000194409,2020-12-13,7:10 AM,Raking collision,0,LOUISVILLE,KY,48,1,Dawn,Cloudy,Yard,Yard/switching,4,8875,0,22456,H306,38.160709,-85.749174,56.2,44.8,36.7
MRL,2020013,2020-02-06,10:40 AM,Derailment,0,LIVINGSTON,MT,28,2,Day,Snow,Main,Freight Train,11,12340,20000,32340,E53C,45.661977,-110.789885,25.6,31.3,32.6
NS,120792,2016-06-08,6:30 PM,Other impacts,0,PACOLET,SC,90,3,Dusk,Clear,Industry,Freight Train,7,12000,0,12000,H307,34.903384,-81.810618,77.1,73,71.1
KCS,15082901,2015-08-29,9:26 AM,Derailment,0,LASSATER,TX,85,2,Day,Clear,Siding,Freight Train,10,2000,10153,12153,E64C,32.829227,-94.495767,77.2,79.3,81.2
BNSF,RD1117115,2017-11-20,5:20 AM,Other impacts,0,HOUSTON,TX,47,1,Dawn,Cloudy,Yard,Yard/switching,5,11915,0,11915,H318,29.707828,-95.330363,57,58.1,66.4
BNSF,KS0215201,2015-02-10,8:35 AM,Hwy-rail crossing,0,LUBBOCK,TX,69,1,Dawn,Clear,Main,Freight Train,12,700,150000,150700,M302,33.559962,-101.814398,56.3,61.6,43.6
BNSF,RD0917109,2017-09-02,7:30 PM,Other impacts,0,FORT WORTH,TX,87,3,Dusk,Clear,Yard,Yard/switching,12,23128,0,23128,H601,32.824901,-97.332197,78.5,82.8,84.1
UP,0915SA006,2015-09-10,9:30 PM,Derailment,0,SAN ANTONIO,TX,75,4,Dark,Cloudy,Yard,Yard/switching,15,30083,9715,39798,H318,29.37402,-98.559161,84.1,82.1,81.8
UP,0315HO057,2015-03-28,6:51 PM,Fire/violent rupture,0,JACKSONVILLE,TX,72,2,Day,Cloudy,Main,Freight Train,35,32830,0,32830,E73L,32.019546,-95.208305,57.8,62.9,68.1
ATK,157343,2019-01-25,9:30 AM,Hwy-rail crossing,0,THREE OAKS,MI,-3,2,Day,Clear,Main,Passenger Train - Pulling,110,39621,4279,43900,M308,41.80085,-86.610427,21.3,5.8,11.6
BNSF,CH0818123,2018-08-30,5:51 AM,Derailment,0,CHICAGO,IL,67,1,Dawn,Clear,Yard,Freight Train,1,8773,66600,76714,H503,41.813887,-87.716841,70.6,67.6,73.3
NS,151491,2022-11-17,1:30 AM,Derailment,0,MEMPHIS,TN,29,4,Dark,Clear,Main,,0,0,5909,130246,H599,35.123103,-90.022936,40.8,34.7,36.6
BNSF,PR0619101,2019-06-02,7:15 AM,Derailment,0,BILL,WY,56,1,Dawn,Clear,Main,Freight Train,23,340000,2482113,2822113,E61C,43.26158,-105.288503,59.6,62.7,64.4
UP,1116FW005,2016-11-08,10:28 AM,Obstruction,0,MANSFIELD,TX,64,2,Day,Rain,Main,Spec. MoW Equip.,0,19513,0,53107,H605,32.585534,-97.183387,64.6,63,62.6
UP,0318SA015,2018-03-25,4:43 AM,Other impacts,0,SAN ANTONIO,TX,50,4,Dark,Clear,Industry,Yard/switching,12,4592,600,15940,H607,29.321805,-98.644118,73.1,72.6,75.7
MRL,2018144,2018-11-04,6:55 AM,Other impacts,0,LAUREL,MT,37,4,Dark,Clear,Yard,Freight Train,9,40000,0,155000,H020,45.681326,-108.719739,40,43.8,40
PRSX,7252021002,2021-07-28,7:45 AM,Derailment,0,CHAMBERSBURG,PA,78,1,Dawn,Rain,Yard,Freight Train,5,15000,25000,40000,H702,39.9051,-77.65336,79.5,77.6,75.2
UP,1018LV025,2018-10-21,10:08 AM,Derailment,0,LOTTIE,LA,76,2,Day,Cloudy,Yard,Yard/switching,7,200,63487,63687,E67C,30.534483,-91.563215,71.5,61.3,58.8
CSX,000178018,2018-08-06,1:22 AM,Derailment,0,NEW CASTLE,PA,72,4,Dark,Fog,Yard,Yard/switching,5,14860,500,15360,E69C,40.972428,-80.375781,75.5,77.9,75.8
ATK,135480,2014-12-09,4:30 AM,Other (describe in narrative),0,LANCASTER,PA,33,4,Dark,Rain,Main,,0,0,32000,32000,H221,40.0561,-76.316743,28,37.4,38.1
BNSF,TC0920101,2020-09-10,3:20 PM,Derailment,0,MANDAN,ND,70,2,Day,Clear,Yard,Light loco(s),3,14452,500,14952,H303,46.825732,-100.884144,44,52.9,50.6
CSX,000170586,2017-07-31,7:25 PM,Derailment,0,NASHVILLE,TN,80,3,Dusk,Clear,Yard,Yard/switching,4,78012,6135,84147,M405,36.095156,-86.761107,75.4,77,76.8
BNSF,RD1216109,2016-12-15,10:16 PM,Derailment,0,DAYTON,TX,48,4,Dark,Clear,Yard,Yard/switching,6,22000,19100,41100,H702,30.003799,-94.907877,59.6,50,59
KCS,15011603,2015-01-16,3:15 PM,Derailment,0,PORT ARTHUR,TX,59,2,Day,Clear,Industry,Freight Train,7,4128,15470,19598,M599,29.879467,-93.953183,42,43.9,50.6
NS,138507,2020-07-13,4:00 AM,Side collision,0,CONWAY,PA,72,1,Dawn,Clear,Yard,Freight Train,5,221309,1426,223750,H305,40.672361,-80.251826,71.8,70.8,70.8
UP,0221HL006,2021-02-08,4:00 PM,Hwy-rail crossing,0,OKARCHE,OK,19,2,Day,Cloudy,Main,Freight Train,45,1531,50000,51531,M306,35.769693,-97.955903,31,25.2,17.6
BNSF,HL0323114,2023-03-13,8:24 PM,Derailment,0,LINCOLN,NE,37,3,Dusk,Clear,Yard,Light loco(s),5,31000,1000,32000,H307,40.807548,-96.765101,29.9,26.1,34.6
UP,0616FW010,2016-06-12,2:25 AM,Derailment,0,MESQUITE,TX,77,4,Dark,Clear,Siding,Freight Train,1,1584,12516,14100,M103,32.771638,-96.622748,80.4,80.5,76.8
NS,144960,2022-04-12,8:40 PM,Other (describe in narrative),0,CHATTANOOGA,TN,72,4,Dark,Clear,Yard,Light loco(s),1,12819,82,12901,H706,35.060735,-85.266799,59.3,67.9,72.6
TXPF,04022015,2015-04-02,8:00 PM,Derailment,0,SAN ANGELO,TX,65,3,Dusk,Clear,Yard,Yard/switching,5,2000,13150,15150,H702,31.492615,-100.413586,74,77.6,69.1
BNSF,RD0524116,2024-05-18,10:29 PM,Derailment,0,TULSA,OK,71,4,Dark,Clear,Yard,Freight Train,7,6876,35798,42674,M505,36.11507,-96.011452,70.8,75.3,78.1
NS,151621,2022-12-03,2:05 PM,Other impacts,0,COLUMBIA,SC,72,2,Day,Cloudy,Yard,Single Car,0,1000,0,30416,H312,33.985296,-81.039107,46.2,59.7,57.6
UP,0117FW008,2017-01-09,1:17 PM,Other (describe in narrative),0,MIDLAND,TX,60,2,Day,Clear,Main,Freight Train,0,31924,0,31924,M501,31.958631,-102.145821,41.3,54.8,60.6
PTRA,2015000021,2015-06-27,3:00 AM,Raking collision,0,HOUSTON,TX,78,4,Dark,Clear,Yard,Single Car,1,41000,300,41300,M599,29.761548,-95.292909,84.9,85.4,81.1
UP,0818LV007,2018-08-03,9:50 PM,Derailment,0,WESTWEGO,LA,90,4,Dark,Clear,Yard,Yard/switching,7,13161,2402,15563,H307,29.918621,-90.208067,81.7,81.4,79.4
WE,230013,2023-02-09,6:25 PM,Fire/violent rupture,0,BLOOMINGDALE,OH,67,3,Dusk,Cloudy,Main,Freight Train,24,39171,0,39171,E74L,40.300859,-80.79149,43.3,58.1,40.6
BNSF,SW0517101,2017-05-01,4:35 PM,Derailment,0,YESO,NM,75,2,Day,Clear,Main,Maint./inspect Car,6,34700,0,34700,H402,34.43741,-104.61251,45.8,58.8,66.1
UP,1214HO014,2014-12-03,10:38 AM,Hwy-rail crossing,0,BISHOP,TX,60,2,Day,Cloudy,Main,,0,0,35231,36631,M304,27.564295,-97.82506,50.5,60.9,68.4
UP,0921GP001,2021-09-02,2:25 PM,Other impacts,0,NORTH PLATTE,NE,75,2,Day,Clear,Yard,Yard/switching,4,100,99,28659,M411,41.148749,-100.848502,71.2,75.1,67.9
CRSH,131495,2018-10-30,9:40 AM,Raking collision,0,DETROIT,MI,49,2,Day,Cloudy,Yard,Yard/switching,2,53957,0,57544,H702,42.383796,-82.974525,45,45.6,53.3
IHB,2632,2020-10-19,2:55 PM,Other impacts,0,BENSENVILLE,IL,55,2,Day,Clear,Yard,Yard/switching,0,205634,0,413415,H306,41.950569,-87.915062,48.8,41.7,45.3
BNSF,SF0415119,2015-04-25,3:40 AM,Derailment,0,MEMPHIS,TN,62,4,Dark,Rain,Yard,Yard/switching,2,12000,5215,17215,E07C,35.022296,-89.886821,58.2,69.3,61.7
BNSF,PR0922107,2022-09-20,3:55 AM,Obstruction,0,MCCOOK,NE,61,4,Dark,Cloudy,Main,,0,0,0,15015,M402,40.196541,-100.601675,76.7,79.2,59.1
UP,0318HO020,2018-03-11,3:30 PM,Derailment,0,HOUSTON,TX,70,2,Day,Clear,Yard,Yard/switching,4,159,49250,49409,S006,29.793672,-95.296864,73.9,71.3,57.9
BNSF,KS0815112,2015-08-27,5:59 PM,Derailment,0,BOVINA,TX,90,3,Dusk,Clear,Main,,0,0,148000,148000,H022,34.506834,-102.898588,77.8,76.3,77.6
UP,0715HO031,2015-07-17,4:30 PM,Other (describe in narrative),0,HOUSTON,TX,85,4,Dark,Cloudy,Yard,Yard/switching,4,10848,0,10848,M201,29.825335,-95.288417,86.2,86.5,87
WATX,171230001,2017-12-30,2:00 AM,Derailment,0,HOUSTON,TX,41,4,Dark,Fog,Yard,Yard/switching,4,15000,0,15000,H302,29.758733,-95.212078,48.1,55.2,47.4
BNSF,CH0115103,2015-01-04,1:45 AM,Raking collision,0,GALESBURG,IL,10,4,Dark,Snow,Yard,Yard/switching,4,17135,250,17385,M411,40.939138,-90.365223,32.7,16.8,5
CP,1000148704,2014-11-27,2:31 AM,Side collision,0,SKYLINE,MN,0,4,Dark,Clear,Main,Freight Train,8,38533,0,409305,H603,44.154631,-94.042973,22.4,-1.3,17.2
CSX,000218104,2024-05-16,6:15 PM,Other impacts,0,CINCINNATI,OH,70,3,Dusk,Clear,Yard,Cut of cars,0,10166,1340,132671,H306,39.169004,-84.512104,67.4,67.7,68
UP,0415HO053,2015-04-29,9:15 PM,Derailment,0,HOUSTON,TX,75,4,Dark,Cloudy,Yard,Yard/switching,10,151,238,30901,M404,29.790758,-95.295465,65.3,64.7,68.9
URR,5110,2015-08-17,6:56 PM,Derailment,0,BRADDOCK,PA,86,2,Day,Clear,Main,Freight Train,6,4000,43695,47695,M405,40.4036,-79.8686,76.9,78.7,72.3
NJTR,201909519,2019-09-19,7:30 AM,Hwy-rail crossing,0,RIVER EDGE,NJ,48,2,Day,Clear,Main,Commuter Train - Pushing,40,12957,16531,29488,M304,40.912709,-74.034412,63.3,60.8,66.3
UP,0917HO009,2017-09-13,6:55 AM,Hwy-rail crossing,0,MISSOURI CITY,TX,82,1,Dawn,Clear,Main,Freight Train,33,200,67602,67802,M304,29.619012,-95.538618,71.9,75.6,78
GNBC,11032017,2017-11-03,5:34 PM,Hwy-rail crossing,0,CLINTON SHERMAN AFB,OK,60,3,Dusk,Clear,Industry,Yard/switching,4,50000,0,50000,M302,35.455953,-98.981542,54.9,52.5,58.2
CSX,000152135,2015-05-19,3:40 PM,Head on collision,0,BENTON,TN,84,2,Day,Cloudy,Main,Freight Train,8,0,0,30500,H993,35.22747,-84.627038,71.2,73.8,72.5
UP,0618HO009,2018-06-04,11:30 PM,Derailment,0,GALENA PARK,TX,75,4,Dark,Clear,Industry,Yard/switching,4,48734,7160,55894,H307,29.729513,-95.235002,83.7,82.7,84.1
CSX,000154853,2015-12-03,2:00 PM,Other impacts,0,WARSAW,NC,49,2,Day,Clear,Yard,Single Car,3,0,250,18074,H318,34.994463,-78.092122,61.7,50.3,43.3
UP,0124HL037,2024-01-30,2:52 AM,Derailment,0,KANSAS CITY,KS,44,4,Dark,Cloudy,Yard,Freight Train,4,5615,65589,71204,T221,39.095303,-94.614152,43.4,44.7,45.2
UP,0415SA007,2015-04-08,9:50 PM,Hwy-rail crossing,0,ROCKDALE,TX,70,4,Dark,Clear,Main,Freight Train,52,14452,0,14452,M302,30.635276,-97.080884,74.5,73.4,75.4
UP,0215LV006,2015-02-16,5:35 AM,Raking collision,0,BEAUMONT,TX,55,4,Dark,Cloudy,Yard,Single Car,1,788,0,16315,M507,30.073242,-94.149314,61.4,54.9,40.2
UP,0622GP015,2022-06-15,12:00 PM,Other impacts,0,NORTH PLATTE,NE,78,2,Day,Clear,Yard,Single Car,0,254,0,51681,H707,41.143964,-100.785995,76.5,72.9,75.4
UP,0617LK019,2017-06-14,10:30 AM,Fire/violent rupture,0,TEXARKANA,TX,82,2,Day,Cloudy,Main,Freight Train,30,19418,0,19418,E73L,33.405956,-94.086687,79.5,81.3,81.8
UP,0416HO024,2016-04-17,8:20 AM,Derailment,0,HOUSTON,TX,60,2,Day,Cloudy,Main,Freight Train,3,35782,17534,53316,M405,29.819938,-95.336881,71.8,73,68.9
UP,0618HO020,2018-06-15,8:20 AM,Hwy-rail crossing,0,KILGORE,TX,90,2,Day,Cloudy,Main,Freight Train,30,463,46984,47447,M303,32.35288,-94.91964,84.1,83.9,84.3
BNSF,HL1120120,2020-11-30,1:09 AM,Derailment,0,ST LOUIS,MO,35,4,Dark,Cloudy,Yard,Yard/switching,5,11517,9283,20800,H607,38.613224,-90.302952,40.4,32.8,30.2
BNSF,MT0718106,2018-07-21,5:00 PM,Derailment,0,BAINVILLE,MT,69,3,Dusk,Rain,Main,Freight Train,0,175000,0,175000,M105,48.154894,-104.275344,71.5,73.8,71.6
UP,0615HO018,2015-06-11,8:45 AM,Hwy-rail crossing,0,COMBES,TX,83,2,Day,Cloudy,Main,Freight Train,38,17587,0,17587,M303,26.295752,-97.765302,82.7,84.3,85
NS,138235,2020-06-15,4:30 AM,Other (describe in narrative),0,NORTH KANSAS CITY,MO,72,1,Dawn,Cloudy,Yard,Freight Train,6,7395,31829,39224,H702,39.146343,-94.550766,83.2,83.4,81.9
UP,0418FW039,2018-04-24,5:00 PM,Hwy-rail crossing,0,PECOS,TX,90,2,Day,Clear,Main,Freight Train,15,0,15510,15510,M304,31.410665,-103.545899,67.4,74.9,54.6
CSX,000218524,2024-06-02,10:30 PM,Derailment,0,FLORENCE,SC,75,4,Dark,Clear,Yard,Cut of cars,3,15378,274,15652,M599,34.19827,-79.762485,68.6,74.8,77.6
BNSF,NE1214200,2014-12-08,11:11 PM,Hwy-rail crossing,0,GARRISON,NE,28,4,Dark,Clear,Main,Freight Train,20,15000,0,15000,M302,41.205275,-97.14762,35.3,38.4,23.8
UP,0320GC002,2020-03-05,4:09 AM,Derailment,0,LIVONIA,LA,56,1,Dawn,Cloudy,Yard,Yard/switching,5,12228,5741,32349,S006,30.530118,-91.558875,64.1,57.3,56.6
UP,1217FW023,2017-12-18,6:40 PM,Obstruction,0,ALEDO,TX,55,3,Dusk,Rain,Main,Light loco(s),45,500,95169,95669,M402,32.719423,-97.676123,48.1,50.2,58.1
UP,0615KC017,2015-06-20,5:17 AM,Derailment,0,POLO,MO,80,1,Dawn,Clear,Main,Work train,6,27081,0,27081,M506,39.63006,-93.965946,74.7,81.9,76.7
NS,137701,2020-04-09,2:45 PM,Derailment,0,WEST FAIRVIEW,PA,62,2,Day,Clear,Main,Freight Train,5,22000,216,22216,M405,40.279807,-76.922451,64.2,52.9,43
CSX,000162533,2016-08-30,10:09 PM,Derailment,0,MOUNTVILLE,SC,72,4,Dark,Clear,Main,Freight Train,12,15000,9966,24966,H305,34.428397,-81.922955,78.6,77.9,78.6
UP,0518KC020,2018-05-25,5:00 PM,Obstruction,0,NEBRASKA CITY,NE,91,2,Day,Clear,Main,Maint./inspect Car,20,21451,0,21484,H402,40.656422,-95.876257,77.5,78.3,85.1
CSX,000171053,2017-08-17,7:33 PM,Other impacts,0,ETOWAH,TN,88,2,Day,Clear,Yard,Yard/switching,1,15986,0,16152,H302,35.328132,-84.521392,77.1,78.7,78.1
UP,0715HO017,2015-07-10,8:20 PM,Derailment,0,HOUSTON,TX,77,4,Dark,Clear,Siding,,0,0,800,18518,H525,29.7378,-95.340702,84.8,85.1,85.7
CSX,000150129,2015-08-03,2:14 AM,Derailment,0,CONNELLSVILLE,PA,69,4,Dark,Clear,Yard,Freight Train,4,6783,200,16510,H020,40.017944,-79.592194,73.8,73.3,73.9
UP,1216HO001,2016-12-02,9:15 PM,Other impacts,0,HOUSTON,TX,55,4,Dark,Rain,Yard,Single Car,4,17903,0,20347,M407,29.795899,-95.291102,56.8,58,54.5
ATK,151649,2018-01-23,1:30 AM,Derailment,0,BEECH GROVE,IN,38,4,Dark,Rain,Yard,Light loco(s),5,21664,0,21664,H303,39.719528,-86.078521,50.4,36.3,30.6
BNSF,TX0315107,2015-03-21,5:04 PM,Derailment,1,VALLEY MILLS,TX,59,3,Dusk,Clear,Main,Freight Train,40,745992,3561534,4307526,M201,31.654779,-97.474668,59.9,56.5,60
BNSF,KS1117105,2017-11-12,1:00 PM,Derailment,0,PAMPA,TX,45,2,Day,Cloudy,Yard,Light loco(s),4,40575,10500,51075,H703,35.528742,-100.972701,56.5,46.7,52.8