reportingrailroadcode,accidentnumber,date,time,accidenttype,hazmatreleasedcars,station,stateabbr,temperature,visibility_code,visibility,weathercondition,tracktype,equipmenttype,trainspeed,equipmentdamagecost,trackdamagecost,totaldamagecost,primaryaccidentcausecode,latitude,longitude,prior_temp,actual_temp,following_temp
PW,150201,2015-02-02,1:05 AM,Raking collision,0,WARWICK,RI,19,4,Dark,Cloudy,Main,Freight Train,25,25000,0,25000,E80C,41.726426,-71.442818,22.1,19.5,14.8
CSX,000210823,2023-04-16,8:15 AM,Other impacts,0,NASHVILLE,TN,73,2,Day,Cloudy,Yard,Cut of cars,5,40477,0,40477,H316,36.112157,-86.770728,67.3,59.6,57
NS,136917,2020-01-23,9:50 AM,Derailment,0,FRANKLIN,PA,20,2,Day,Clear,Main,Freight Train,27,34284,5736,40020,E29C,40.377584,-78.848974,19.8,28.4,36.7
BNSF,GC0515116,2015-05-22,5:50 AM,Derailment,0,HOUSTON,TX,68,1,Dawn,Clear,Yard,Yard/switching,9,120000,0,181652,T212,29.807848,-95.268569,76.1,73.1,79.3
BNSF,KS0715100,2015-07-03,9:45 AM,Derailment,0,LUBBOCK,TX,85,2,Day,Clear,Yard,Yard/switching,5,121471,0,121471,H020,33.57028,-101.82422,79.8,78.3,80.2
NS,144658,2022-03-10,5:43 AM,Other (describe in narrative),0,MEMPHIS,TN,48,1,Dawn,Clear,Yard,,0,0,29621,72028,H704,35.115377,-89.965245,46.3,50.7,41
CSX,000199752,2021-08-28,4:30 PM,Derailment,0,CINCINNATI,OH,85,2,Day,Cloudy,Main,Freight Train,1,7973,3952,11925,H503,39.097689,-84.529052,76.6,78.5,79.9
BNSF,GC0415109,2015-04-26,3:00 PM,Derailment,0,BEAUMONT,TX,82,2,Day,Clear,Main,Yard/switching,10,55000,271424,326424,H607,30.100413,-94.120684,74.7,74,70.9
BNSF,PR1117201,2017-11-09,7:00 PM,Hwy-rail crossing,0,HASTINGS,NE,22,3,Dusk,Cloudy,Industry,Yard/switching,4,15519,0,15519,M302,40.589716,-98.336272,35.4,28.9,29.7
NS,153319,2023-06-10,3:20 AM,Other impacts,0,BELLEVUE,OH,59,4,Dark,Clear,Yard,Yard/switching,4,10500,17494,27994,M411,41.288345,-82.801972,64.9,69.4,67.5
IC,1121834,2022-12-31,10:46 PM,Derailment,0,NEW ORLEANS,LA,49,4,Dark,Clear,Yard,Freight Train,9,10000,10000,20000,E46C,29.97397,-90.192604,62.8,63.6,63
NS,128515,2018-02-12,2:38 AM,Other impacts,0,CHATTANOOGA,TN,50,4,Dark,Clear,Yard,Yard/switching,16,74970,0,74970,H318,35.109783,-85.233854,63.5,45.7,47.2
NS,130418,2018-08-01,12:30 AM,Other (describe in narrative),0,NEW BOSTON,OH,70,4,Dark,Cloudy,Yard,Freight Train,2,13138,11500,24638,H702,38.746477,-82.938605,72.7,71.5,73.5
BNSF,HL0318109,2018-03-12,1:00 PM,Side collision,0,MEMPHIS,TN,43,2,Day,Clear,Yard,Cut of cars,8,500,0,11000,H018,35.09926,-89.99379,50.7,43.2,43.3
UP,0418DV015,2018-04-13,7:00 AM,Fire/violent rupture,0,ROCK SPRINGS,WY,40,2,Day,Cloudy,Main,Freight Train,40,180000,150,180150,M406,41.570613,-109.246395,40.6,30.9,36.7
CSX,000200209,2021-09-20,1:30 AM,Derailment,0,MCKEESPORT,PA,63,4,Dark,Clear,Yard,Yard/switching,7,17560,500,18060,H702,40.384783,-79.845755,71.1,71,70.7
IC,1143141,2024-01-07,3:10 PM,Side collision,0,MEMPHIS,TN,46,2,Day,Clear,Yard,Freight Train,10,67849,0,283174,E35C,35.072208,-90.077465,41,41.1,41.8
NCT,000000001,2015-06-30,5:30 PM,Derailment,0,NORTH CHARLESTON,SC,85,2,Day,Clear,Industry,,0,0,3500,62232,M501,32.873853,-79.980185,81,80.4,78.5
KCS,17091404,2017-09-14,6:30 AM,Rear end collision,0,LAREDO,TX,75,4,Dark,Clear,Main,Freight Train,0,123751,0,433256,H221,27.494316,-99.345661,86.2,90,86.7
UP,0320GC008,2020-03-07,6:10 PM,Derailment,0,SULPHUR,LA,59,3,Dusk,Clear,Yard,Freight Train,4,31018,0,31018,H303,30.237198,-93.438884,58.2,54,59.2
BNSF,RD0817100,2017-08-01,3:01 AM,Derailment,0,TEMPLE,TX,80,4,Dark,Clear,Yard,Yard/switching,3,5753,5350,11103,H318,31.107998,-97.348649,83.2,83.2,77.1
UP,1017SA002,2017-10-01,2:50 PM,Derailment,0,VON ORMY,TX,90,2,Day,Clear,Yard,Freight Train,8,82791,35573,118364,H702,29.323765,-98.639866,76.3,76,78.6
BNSF,TX0615109,2015-06-13,10:52 AM,Raking collision,0,VENUS,TX,83,2,Day,Clear,Industry,Freight Train,3,100520,0,100520,H306,32.427087,-97.130376,83.9,81.1,81.1
MBTA,YR202181,2021-10-27,5:32 AM,Other (describe in narrative),0,SCITUATE,MA,51,4,Dark,Rain,Main,Passenger Train - Pushing,45,86819,0,86819,M404,42.215229,-70.769331,59.4,51.2,49.3
NS,156471,2024-04-24,5:50 PM,Other (describe in narrative),0,FAIRH SCAN,OH,40,3,Dusk,Cloudy,Yard,Yard/switching,2,56,1200,1256,H702,40.81893,-81.313846,52.1,43.8,42.9
UP,0317HO052,2017-03-21,10:20 AM,Derailment,0,SPRING,TX,80,2,Day,Clear,Yard,Light loco(s),4,55861,4896,60757,S011,30.06456,-95.413339,74.5,72.7,72.9
TRE,TRE15003,2015-06-06,11:20 PM,Hwy-rail crossing,0,IRVING,TX,80,4,Dark,Clear,Main,Commuter Train - Pulling,60,15000,0,15000,M302,32.814706,-96.934342,82.2,83.5,84.2
ATK,168851,2021-10-30,2:36 AM,Hwy-rail crossing,0,NORTH CHARLESTON,SC,50,4,Dark,Clear,Main,Passenger Train - Pulling,69,39901,0,48581,M308,32.899892,-80.011778,64.7,57.1,60
YRC,YRC989117,2017-01-17,11:00 AM,Side collision,0,YORK,PA,42,2,Day,Cloudy,Yard,Cut of cars,2,2883,0,22115,H018,39.969191,-76.723468,29.3,38.4,43.9
NS,131385,2018-10-20,11:55 AM,Other (describe in narrative),0,ELIZABETH,NJ,62,2,Day,Clear,Yard,Cut of cars,0,6465,0,23177,H306,40.661291,-74.180401,49.1,56.5,46
UP,1118TO001,2018-11-30,7:56 PM,Derailment,0,FORT WORTH,TX,69,3,Dusk,Cloudy,Main,Yard/switching,15,355451,200,355651,M507,32.743111,-97.312174,63.8,67.6,62.8
CSX,000173853,2018-01-08,3:20 AM,Derailment,0,PHILADELPHIA,PA,12,4,Dark,Snow,Yard,,0,0,300,17729,H703,39.898065,-75.17282,12.4,25.3,35.3
UP,0315HU002,2015-03-03,10:05 AM,Raking collision,0,HOUSTON,TX,70,2,Day,Cloudy,Yard,Light loco(s),0,10000,0,134354,E99L,29.824722,-95.290816,54.2,66.3,70.1
NS,132285,2019-01-03,10:15 PM,Other (describe in narrative),0,FOSTORIA,OH,32,4,Dark,Clear,Main,Freight Train,6,9400,1393,10793,H702,41.171685,-83.356644,35.3,33.1,37.9
KCS,17082302,2017-08-23,4:57 PM,Hwy-rail crossing,0,MANY,LA,95,2,Day,Clear,Main,Freight Train,43,6093,23432,29525,M303,31.565712,-93.491005,68,70.2,69.1
BNSF,RD1217119,2017-12-29,1:15 AM,Derailment,0,LAFAYETTE,LA,35,4,Dark,Clear,Yard,Yard/switching,6,46000,3000,49000,H503,30.234789,-92.051822,38.3,46.5,54.6
BNSF,TC0123116,2023-01-27,6:19 PM,Derailment,0,ALBERTA,MN,-5,3,Dusk,Cloudy,Industry,Freight Train,4,27000,0,27000,M101,45.574774,-96.04919,10.6,17.8,-4.2
UP,0615HO051,2015-06-26,8:08 AM,Other impacts,0,LA PORTE,TX,80,2,Day,Cloudy,Yard,Yard/switching,2,10118,0,28723,M404,29.690912,-95.050439,84.2,84.9,85
UP,0215LV006,2015-02-16,5:35 AM,Raking collision,0,BEAUMONT,TX,55,4,Dark,Cloudy,Yard,Yard/switching,2,15527,0,16315,M507,30.073242,-94.149314,61.4,54.9,40.2
FWWR,16012101,2016-01-21,4:00 PM,Derailment,0,DUBLIN,TX,45,2,Day,Clear,Siding,Freight Train,4,185214,22971,208185,E64C,32.098998,-98.318012,41.3,44.5,37.8
CSX,000211355,2023-05-17,5:38 AM,Other impacts,0,CLEVELAND,OH,45,4,Dark,Clear,Industry,Yard/switching,5,49890,0,104009,H302,41.557718,-81.58725,59.9,50.6,50
NS,143407,2021-11-08,7:25 PM,Derailment,0,KNOXVILLE,TN,56,3,Dusk,Clear,Main,Freight Train,6,13325,151662,164987,H518,36.015725,-83.866031,45.6,49,51.5
UP,0215HO030,2015-02-20,11:00 AM,Derailment,0,HOUSTON,TX,65,2,Day,Clear,Industry,Yard/switching,5,48564,3196,51760,T212,29.787491,-95.442519,54.2,64.1,67.9
BNSF,RD0417126,2017-04-29,6:34 PM,Derailment,0,EL DORADO AFS,TX,45,3,Dusk,Rain,Yard,Yard/switching,5,37508,2932,40440,H702,33.448488,-101.648155,59.3,45.2,43.9
NS,114731,2015-03-08,1:55 PM,Other impacts,0,CONWAY,PA,39,2,Day,Clear,Yard,Yard/switching,6,10400,1111,13665,H702,40.672361,-80.251826,27.8,39.2,42.6
RBMN,R01182301,2023-01-18,3:45 AM,Derailment,0,HAZLETON,PA,41,4,Dark,Cloudy,Yard,Freight Train,10,9646,0,37415,T221,40.931212,-76.002743,36.6,40.9,35.9
UP,0118DV019,2018-01-28,4:55 AM,Derailment,0,CHEYENNE,WY,31,4,Dark,Cloudy,Industry,Yard/switching,4,24419,21000,45419,H702,41.126462,-104.791849,28.5,31.6,39.3
BNSF,RD1019103,2019-10-03,12:21 PM,Head on collision,0,ROFF,OK,85,2,Day,Clear,Industry,Light loco(s),4,200,0,21612,H307,34.636895,-96.832431,79.4,75,69.2
UP,0215FW001,2015-02-01,1:59 AM,Derailment,0,CORSICANA,TX,55,4,Dark,Rain,Siding,Freight Train,9,11435,59321,70756,T220,32.073221,-96.463132,51.9,56.2,35.5
KCS,17091404,2017-09-14,6:30 AM,Rear end collision,0,LAREDO,TX,75,4,Dark,Clear,Main,Freight Train,14,272967,36538,433256,H221,27.494316,-99.345661,86.2,90,86.7
UP,0317FW040,2017-03-29,4:20 PM,Derailment,0,ODESSA,TX,70,2,Day,Clear,Yard,Yard/switching,5,14042,3860,17902,H704,31.870092,-102.317177,69.8,54.7,61.7
ATK,137241,2015-02-02,1:05 AM,Raking collision,0,WARWICK,RI,19,4,Dark,Cloudy,Main,,0,0,0,25000,E80C,41.726426,-71.442818,22.1,19.5,14.8
MNCW,82364,2024-04-22,4:16 PM,Derailment,0,NEW YORK -BRONX,NY,55,2,Day,Clear,Yard,EMU,10,36463,0,36463,H702,40.832266,-73.932733,47.4,50.6,52.4
CRSH,145927,2022-07-25,12:45 PM,Other impacts,0,NEW YORK  RICHMOND,NY,92,2,Day,Clear,Industry,Cut of cars,0,7437,0,17373,H302,40.581007,-74.200434,85.5,81.6,76.6
CSX,000171053,2017-08-17,7:33 PM,Other impacts,0,ETOWAH,TN,88,2,Day,Clear,Yard,Single Car,0,166,0,16152,H302,35.328132,-84.521392,77.1,78.7,78.1
UP,0715LV005,2015-07-09,11:30 AM,Other impacts,0,BEAUMONT,TX,93,2,Day,Cloudy,Yard,Yard/switching,3,6090,0,27622,H602,30.074373,-94.141208,83.8,83.4,82.7
UP,0916HO002,2016-09-01,7:19 AM,Hwy-rail crossing,0,JEWETT,TX,79,2,Day,Cloudy,Main,Freight Train,38,32427,250,32677,M304,31.291019,-96.226795,82.5,81.2,78
NS,154554,2023-10-21,3:31 PM,Other (describe in narrative),0,ALLENTOWN,PA,57,2,Day,Clear,Yard,Freight Train,6,1152,11949,13101,H702,40.611935,-75.426704,59.5,56.6,51.4
UP,1115HO006,2015-11-02,3:20 PM,Derailment,0,ANGLETON,TX,68,2,Day,Clear,Yard,Freight Train,3,10250,2600,12850,H702,29.156475,-95.435191,68.7,66.1,67.9
CSX,000171438,2017-09-04,12:53 AM,Hwy-rail crossing,0,DAYTON,KY,65,4,Dark,Clear,Main,,0,0,0,14256,M302,39.108019,-84.476711,66.7,72.2,71.1
BNSF,SW1020106,2020-10-08,3:20 PM,Side collision,0,GALLUP,NM,70,2,Day,Clear,Yard,Yard/switching,5,85943,25000,308679,H318,35.519371,-108.772114,55.6,56.7,57.2
UP,0916FW001,2016-09-03,7:00 AM,Derailment,0,FORT WORTH,TX,80,2,Day,Clear,Yard,,0,0,59513,111513,M409,32.744037,-97.31729,79.8,81.2,82.7
CSX,000210394,2023-03-20,8:53 PM,Side collision,0,CHATTANOOGA,TN,54,4,Dark,Clear,Yard,Freight Train,3,2000,0,20000,H210,35.012679,-85.371499,34.3,38.7,47.5
CSX,000158094,2016-03-14,11:30 PM,Derailment,0,HAMLET,NC,55,4,Dark,Clear,Yard,Freight Train,4,83460,0,123925,E29C,34.914629,-79.670656,69.2,70.5,66.5
NS,122992,2016-12-03,7:45 PM,Derailment,0,BELLWOOD,PA,40,3,Dusk,Clear,Main,Freight Train,17,17181,141013,158194,E67C,40.56531,-78.360137,36.8,36.8,36
UP,0218PD019,2018-02-17,11:15 PM,Derailment,0,BLISS,ID,34,4,Dark,Cloudy,Main,Freight Train,15,7743,11398,19141,E21C,42.924864,-115.0833,30.1,40.8,34.1
UP,0216FW009,2016-02-13,1:06 PM,Fire/violent rupture,0,STRAWN,TX,70,2,Day,Clear,Main,Freight Train,60,119545,0,119545,E73L,32.550808,-98.493687,54.6,56,59.3
NS,144512,2022-02-23,2:00 AM,Raking collision,0,PORTSMOUTH,OH,30,4,Dark,Clear,Yard,Cut of cars,4,39459,0,41459,H302,38.736825,-82.957246,57,41.2,35.4
CRSH,146826,2024-02-06,7:30 PM,Derailment,0,NEWARK,NJ,35,3,Dusk,Clear,Yard,Yard/switching,5,1176,18574,19750,T221,40.725256,-74.130585,37.6,35.2,39.4
NS,151071,2022-10-06,9:45 AM,Raking collision,0,WEST FAIRVIEW,PA,63,2,Day,Clear,Yard,Cut of cars,0,227361,0,242521,H018,40.279833,-76.922472,56.2,62,63
UP,0715FW016,2015-07-16,2:50 AM,Derailment,0,FORT WORTH,TX,82,4,Dark,Clear,Yard,Light loco(s),0,84539,0,137209,M411,32.722494,-97.375433,87.1,87.2,88.1
RLAX,RLA3302017,2017-03-30,11:29 PM,Derailment,0,BAYTOWN,TX,65,4,Dark,Clear,Yard,Yard/switching,8,16078,0,16078,H104,29.758907,-94.895277,73.8,68,70.5
BNSF,CH0221121,2021-02-26,2:30 AM,Derailment,0,BARSTOW,IL,29,4,Dark,Clear,Yard,Freight Train,5,17000,7500,24500,T220,41.519761,-90.351525,29.4,31.5,38.8
BNSF,RD1216200,2016-12-15,6:59 PM,Hwy-rail crossing,0,DAVIS,OK,38,3,Dusk,Rain,Main,Freight Train,48,200,114783,114983,M302,34.46713,-97.108398,35.2,31.9,48.6
ATK,143994,2016-08-22,8:48 AM,Other (describe in narrative),0,MARCUS HOOK,PA,85,2,Day,Clear,Main,Passenger Train - Pulling,90,18056,4396,22452,E78L,39.82299,-75.417307,77.7,74.4,71.7
UP,0720HL018,2020-07-16,6:00 PM,Side collision,0,TOPEKA,KS,82,3,Dusk,Clear,Yard,Freight Train,0,35184,0,102686,H307,39.072841,-95.685403,77.5,76.2,83.3
UP,0817FW023,2017-08-14,7:35 AM,Hwy-rail crossing,0,WILLS POINT,TX,91,2,Day,Rain,Main,Freight Train,48,1324,12508,13832,M303,32.708986,-96.023311,79.5,82.2,84.7
UP,0715SA008,2015-07-13,1:20 PM,Obstruction,0,ATASCOSA,TX,97,2,Day,Clear,Main,Spec. MoW Equip.,12,13853,0,13853,E99C,29.255946,-98.752754,83.5,84.2,83.1
KCS,15061904,2015-06-19,5:00 PM,Obstruction,0,WYLIE,TX,95,2,Day,Cloudy,Yard,Spec. MoW Equip.,5,0,0,15000,H999,33.031589,-96.500792,82.1,82.9,79.8
UP,1214FW033,2014-12-29,8:37 PM,Side collision,0,DALLAS,TX,41,4,Dark,Clear,Yard,Freight Train,1,2408,0,17671,H991,32.695677,-96.739146,39.6,40.7,42.7
UP,0223GP001,2023-02-01,1:30 AM,Other impacts,0,NORTH PLATTE,NE,3,4,Dark,Clear,Yard,Yard/switching,2,116623,7664,284022,M407,41.147176,-100.832213,3.2,11.4,13.3
UP,0315SA005,2015-03-09,5:55 PM,Derailment,0,SAN ANTONIO,TX,55,2,Day,Cloudy,Yard,Yard/switching,6,3257,11038,14295,M409,29.367778,-98.564788,53.7,55.3,58.8
UP,0115HO030,2015-01-23,1:15 PM,Derailment,0,GALVESTON,TX,45,2,Day,Cloudy,Yard,Yard/switching,8,58553,2539,61092,M204,29.298432,-94.827558,54.6,44.6,48.2
UP,0715FW017,2015-07-17,12:45 AM,Derailment,0,SAGINAW,TX,85,4,Dark,Clear,Main,Freight Train,25,15806,194407,210213,E53C,32.840176,-97.358426,87,88.1,89.3
WTNN,320,2020-07-09,10:30 AM,Other (describe in narrative),0,SELMER,TN,90,2,Day,Clear,Main,Maint./inspect Car,27,250000,0,250000,H104,35.126929,-88.609911,79.9,80.4,80.5
IC,844355,2015-03-21,4:55 AM,Derailment,0,MEMPHIS,TN,55,4,Dark,Cloudy,Main,Freight Train,10,32800,318,33118,M201,35.069133,-90.123933,52.9,53.6,54.7
WC,1106366,2022-06-22,5:30 PM,Derailment,0,PROCTOR,MN,75,2,Day,Clear,Yard,Freight Train,5,8956,184406,193362,H704,46.742841,-92.227821,74.4,68.2,74.6
BNSF,SF0216108,2016-02-11,5:30 PM,Derailment,0,MEMPHIS,TN,45,3,Dusk,Clear,Yard,Yard/switching,10,20000,4000,24000,M201,35.023594,-89.889139,32.5,39.9,42.1
BNSF,CH0522116,2022-05-31,9:05 PM,Side collision,0,CHICAGO,IL,80,4,Dark,Clear,Yard,Light loco(s),5,5000,0,13000,H307,41.809785,-87.714728,81.4,82.1,69.7
CSX,000207393,2022-09-21,11:08 AM,Side collision,0,CARLISLE,SC,92,2,Day,Clear,Industry,Single Car,6,50,0,12351,H018,34.634891,-81.389338,74.6,75.6,77
UP,0815HO027,2015-08-22,12:30 AM,Derailment,0,DAYTON,TX,80,4,Dark,Cloudy,Yard,Yard/switching,4,6103,15381,21484,H312,30.011496,-94.901988,78.1,82.7,84.8
UP,0319PN003,2019-03-03,11:05 AM,Derailment,0,EUGENE,OR,30,2,Day,Clear,Yard,Yard/switching,3,9210,21938,31148,H019,44.069573,-123.130497,36.1,35.2,32.1
UP,0719PN008,2019-07-11,12:56 AM,Other impacts,0,HERMISTON,OR,76,4,Dark,Cloudy,Yard,Yard/switching,0,159,0,47479,H312,45.797603,-119.299522,77.3,78.1,77.9
KCS,17122302,2017-12-23,5:35 AM,Derailment,0,ROBSTOWN,TX,48,4,Dark,Clear,Siding,Freight Train,2,0,0,13090,S104,27.782356,-97.666447,72.8,52.9,55.4
BNSF,RD1120201,2020-11-03,5:42 PM,Hwy-rail crossing,0,DUSON,LA,69,3,Dusk,Clear,Main,,0,0,0,82059,M302,30.235233,-92.150476,55.4,55.5,58.6
CSX,000145037,2015-04-19,6:29 PM,Derailment,0,SELKIRK,NY,53,3,Dusk,Clear,Yard,Freight Train,8,167590,32512,200102,T221,42.566588,-73.852296,56.6,50.7,48.3
CRSH,146821,2024-01-26,12:40 AM,Derailment,0,DEARBORN,MI,38,4,Dark,Rain,Yard,Freight Train,5,24841,0,25223,H704,42.301966,-83.148509,38.1,39.2,37.8
CSX,000141991,2015-02-22,6:45 AM,Derailment,0,NASHVILLE,TN,24,4,Dark,Cloudy,Yard,Yard/switching,7,2464,29100,31564,E07C,36.169386,-86.785302,37.6,35.1,26.1
NS,142105,2021-07-05,8:00 PM,Other (describe in narrative),0,MASCOT,TN,82,4,Dark,Clear,Yard,Yard/switching,3,3452,10486,13938,H306,36.033044,-83.817204,72.3,78.2,79.9
BNSF,KS0624106,2024-06-14,6:46 PM,Derailment,0,BOISE CITY,OK,86,3,Dusk,Rain,Main,Freight Train,0,3780619,0,3780619,M105,36.63087,-102.393149,82.3,70.4,74.6
CSX,000196037,2021-03-01,10:15 PM,Side collision,0,SELKIRK,NY,12,4,Dark,Cloudy,Yard,Yard/switching,10,104300,0,110214,H316,42.565903,-73.854184,36.1,33.8,16
UP,1117HO012,2017-11-13,8:00 PM,Derailment,0,HOUSTON,TX,75,4,Dark,Clear,Yard,Yard/switching,7,2317,21600,23917,M411,29.823574,-95.288198,70.5,70.2,69
NS,133972,2019-05-17,2:30 AM,Derailment,0,PAW CREEK,NC,64,4,Dark,Clear,Yard,Freight Train,15,121396,0,121396,H210,35.230222,-80.967484,67.4,74.3,79.3
NS,141261,2021-04-17,5:50 AM,Other impacts,0,BELLEVUE,OH,39,1,Dawn,Clear,Yard,Yard/switching,1,24732,50,25382,H312,41.29034,-82.788151,45.6,46,48.5
BNSF,RD0817104,2017-08-05,1:00 PM,Other impacts,0,SILSBEE,TX,91,2,Day,Clear,Yard,Yard/switching,8,58670,0,58670,H318,30.351422,-94.184331,80.4,80.4,82.2
UP,0817HO001,2017-08-02,11:00 AM,Hwy-rail crossing,0,DANBURY,TX,89,2,Day,Clear,Main,Freight Train,30,3962,16191,20153,M303,29.214576,-95.360485,82.7,79.5,79.9
UP,0115HO029,2015-01-21,11:50 AM,Derailment,0,CORPUS CHRISTI,TX,70,2,Day,Cloudy,Yard,Yard/switching,4,15297,883,16180,H607,27.82589,-97.497255,58.6,64,58.7
UP,1216FW015,2016-12-12,3:45 AM,Fire/violent rupture,0,GROESBECK,TX,54,4,Dark,Cloudy,Main,Freight Train,35,27707,0,27707,E73L,31.54734,-96.51501,59.1,49.6,53.1
CSX,000210559,2023-03-31,3:20 AM,Derailment,0,WAPPINGERS FALLS,NY,44,4,Dark,Clear,Main,Freight Train,40,3211,0,1608211,E54C,41.555723,-73.967515,36.5,38.2,56.2
BNSF,RD1118131,2018-11-26,4:20 AM,Derailment,0,PERRY,OK,23,1,Dawn,Clear,Main,Freight Train,24,5000,25000,30000,E62C,36.340245,-97.214391,41.6,32.7,35.5
CSX,000206038,2022-07-10,11:30 PM,Derailment,0,CINCINNATI,OH,83,4,Dark,Clear,Yard,Yard/switching,3,42409,7780,50189,H702,39.136408,-84.542399,73,74.6,76.4
BNSF,GC0515120,2015-05-31,4:00 PM,Side collision,0,BEAUMONT,TX,85,2,Day,Clear,Yard,Yard/switching,0,15400,0,21400,E35C,30.094057,-94.116154,77.2,75.2,76.8
NS,130488,2018-08-07,3:00 AM,Other impacts,0,TOLEDO,OH,78,4,Dark,Cloudy,Yard,Yard/switching,7,453,150,39583,H312,41.640174,-83.575265,79.3,74.2,76
CSX,000211533,2023-05-28,3:46 AM,Other impacts,0,ATLANTA,GA,70,4,Dark,Cloudy,Yard,Cut of cars,0,225,0,199658,H307,33.793898,-84.416751,66.5,67.1,66.9
CSX,000145006,2015-04-19,12:35 AM,Side collision,0,NASHVILLE,TN,72,4,Dark,Clear,Yard,Light loco(s),4,7000,100,39139,H607,36.169386,-86.785302,67.1,66.9,58.9
UP,1022GP021,2022-10-21,5:06 PM,Derailment,0,NORTH PLATTE,NE,78,2,Day,Clear,Yard,Yard/switching,4,1552,10060,96775,S016,41.150279,-100.811993,51.9,53.6,57.2
CSX,000207261,2022-09-13,7:35 PM,Derailment,0,HAMLET,NC,80,3,Dusk,Clear,Yard,Freight Train,1,147925,31308,179233,M405,34.925465,-79.646591,78.4,74.7,69.9
UP,0122GP031,2022-01-20,1:06 PM,Other impacts,0,NORTH PLATTE,NE,13,2,Day,Cloudy,Yard,Yard/switching,5,41399,0,41399,E49C,41.146686,-100.837987,16.5,10.3,20.1
CSX,000152743,2015-10-03,6:10 AM,Other impacts,0,GREENWOOD,SC,55,4,Dark,Rain,Yard,Cut of cars,0,0,0,35293,H301,34.176627,-82.187181,58.8,57.3,63.7
BNSF,NW1022102,2022-10-04,3:45 PM,Derailment,0,KLAMATH FALLS,OR,70,2,Day,Clear,Main,Freight Train,8,31000,0,632383,E45C,42.24049,-121.781573,56.3,56.6,57.9
KO,IN210517,2021-05-17,3:30 PM,Other impacts,0,GREAT BEND,KS,70,2,Day,Clear,Main,Cut of cars,0,24000,0,24600,H302,38.364363,-98.663408,68.1,64.9,63.2
NS,151432,2022-11-11,1:45 AM,Derailment,0,TOLEDO,OH,59,4,Dark,Rain,Main,,0,0,22935,198815,M204,41.668553,-83.478081,60,54.5,37.2
CP,1001643235,2022-02-08,2:45 PM,Other impacts,0,CLINTON,IA,47,2,Day,Clear,Yard,Yard/switching,4,227849,0,235845,H302,41.82866,-90.19955,15.9,29.8,33.9
NS,154201,2023-09-12,9:50 AM,Other impacts,0,WAYNESBURG,PA,70,2,Day,Clear,Main,Spec. MoW Equip.,18,41000,0,41000,H402,39.913725,-80.227268,68.1,65.6,65.1
BNSF,TX0515101,2015-05-10,6:50 AM,Derailment,0,FORT WORTH,TX,50,1,Dawn,Rain,Main,Freight Train,24,1017493,190448,1207941,M105,32.921943,-97.361386,76.7,72,67
UP,0623TO012,2023-06-06,9:00 AM,Other (describe in narrative),0,FORT WORTH,TX,74,2,Day,Clear,Yard,Single Car,0,73392,0,73392,E21C,32.720956,-97.381153,75.8,77.1,77.2
CSX,000173334,2017-12-08,2:07 PM,Derailment,0,UNION,NJ,36,2,Day,Clear,Main,Freight Train,34,1117478,0,2047522,T220,40.681102,-74.242783,39.4,35.6,32.5
BNSF,MT0918103,2018-09-07,4:30 AM,Other impacts,0,GREAT FALLS,MT,55,1,Dawn,Clear,Yard,Yard/switching,4,40222,0,40222,H021,47.503296,-111.328423,63.7,70.8,70.9
SRN,SRN112015,2015-11-24,3:00 AM,Derailment,0,EVADALE,TX,42,4,Dark,Clear,Industry,Light loco(s),0,33000,7000,85000,H702,30.355697,-94.045876,45.8,55.6,63.8
UP,0218HO037,2018-02-21,3:58 PM,Other impacts,0,HOUSTON,TX,75,2,Day,Cloudy,Yard,Single Car,0,19392,0,28682,S006,29.793203,-95.297479,73.5,65.5,61.4
IC,907798,2016-12-02,2:57 PM,Hwy-rail crossing,0,INDEPENDENCE,LA,65,2,Day,Clear,Main,Freight Train,40,0,10900,10900,M399,30.562841,-90.478775,48.5,53.7,55.7
UP,0715HO030,2015-07-18,10:40 AM,Other impacts,0,HOUSTON,TX,86,2,Day,Cloudy,Yard,Yard/switching,10,0,0,11590,H317,29.807805,-95.292335,86.5,87,87
NS,144134,2022-01-25,8:30 AM,Derailment,0,NEWARK,NJ,39,2,Day,Clear,Yard,Freight Train,5,12160,0,23128,T213,40.70988,-74.14317,29.4,34.7,23.1
SEPA,19138,2015-08-22,6:03 AM,Other (describe in narrative),0,CHESTER,PA,73,1,Dawn,Clear,Main,Passenger Train - Pulling,30,11127,0,25362,E78L,39.842072,-75.375609,79.9,76.3,75.5
UP,0915FW001,2015-09-02,8:00 AM,Other (describe in narrative),0,FORT WORTH,TX,73,2,Day,Cloudy,Yard,Single Car,0,34094,0,34094,E29C,32.724333,-97.377708,85.3,84.3,85.2
BNSF,TX0615100,2015-06-03,2:05 PM,Derailment,0,ARDMORE,OK,90,2,Day,Clear,Main,Freight Train,21,3057,7500,10557,E46C,34.166861,-97.128789,73.2,77.3,78.1
UP,1116FW001,2016-11-06,6:50 PM,Other impacts,0,FORT WORTH,TX,63,3,Dusk,Cloudy,Yard,Yard/switching,4,284398,0,582137,H706,32.726404,-97.368016,65.8,63.6,65.6