reportingrailroadcode,accidentnumber,date,time,accidenttype,hazmatreleasedcars,station,stateabbr,temperature,visibility_code,visibility,weathercondition,tracktype,equipmenttype,trainspeed,equipmentdamagecost,trackdamagecost,totaldamagecost,primaryaccidentcausecode,latitude,longitude,prior_temp,actual_temp,following_temp
BNSF,SW0717201,2017-07-24,2:38 PM,Hwy-rail crossing,0,ROSWELL,NM,92,2,Day,Clear,Main,Freight Train,41,22000,0,22000,M302,33.559997,-104.383797,80.6,83.7,87
CSX,000186494,2019-11-08,5:35 PM,Other impacts,0,NASHVILLE,TN,45,2,Day,Clear,Yard,Cut of cars,4,0,548,20083,M408,36.112142,-86.770737,49.7,35.4,40.1
IC,918883,2017-04-10,9:15 AM,Derailment,0,MEMPHIS,TN,70,2,Day,Clear,Yard,Yard/switching,6,31609,250,31859,H318,35.17893,-89.964815,68,69.1,65.7
UP,0317HO024,2017-03-08,9:47 AM,Other impacts,0,LA PORTE,TX,65,2,Day,Cloudy,Yard,Yard/switching,3,0,50018,68387,M411,29.680771,-95.039088,71.6,64.8,71
BNSF,RD0817118,2017-08-12,1:28 PM,Other impacts,0,FORT WORTH,TX,93,2,Day,Rain,Yard,Yard/switching,10,11538,0,11538,H601,32.819631,-97.327729,87.3,85.1,81.6
NS,139201,2020-09-19,3:30 PM,Derailment,0,CORINTH,MS,70,2,Day,Clear,Main,,0,0,1502,1502,H704,34.931006,-88.502853,69.4,63.2,67.4
NS,140792,2021-03-02,4:00 AM,Other impacts,0,WEST FAIRVIEW,PA,21,1,Dawn,Clear,Yard,Cut of cars,6,46906,0,185222,M404,40.279807,-76.922451,41.4,32.1,41.6
CSX,000168733,2017-05-06,6:17 PM,Hwy-rail crossing,0,ORLANDO,KY,70,2,Day,Clear,Main,Freight Train,41,0,25092,25092,M302,37.433625,-84.312199,51.2,45.8,50.7
BNSF,PR0417100,2017-04-01,1:45 PM,Derailment,0,WYOLA,MT,53,2,Day,Clear,Main,Freight Train,43,54621,1650000,1704621,E60C,45.179104,-107.390233,42.9,46.9,44.2
BNSF,RD1022116,2022-10-17,10:00 AM,Fire/violent rupture,0,TULSA,OK,55,2,Day,Clear,Yard,Single Car,0,13847,0,13847,M406,36.127381,-96.010135,63.1,52,42.9
UP,0421PN019,2021-04-15,9:45 PM,Other impacts,0,PORTLAND,OR,47,4,Dark,Clear,Yard,Single Car,2,42190,0,56866,H018,45.605911,-122.775779,56.9,59.3,62.3
CSX,000158094,2016-03-14,11:30 PM,Derailment,0,HAMLET,NC,55,4,Dark,Clear,Yard,Freight Train,0,39537,928,123925,E29C,34.914629,-79.670656,69.2,70.5,66.5
BNSF,RD0618206,2018-06-30,3:58 PM,Hwy-rail crossing,0,LELIA LAKE,TX,88,2,Day,Clear,Main,Freight Train,41,8500,30000,38500,M302,34.916326,-100.829832,88.5,79.9,82.9
NS,121823,2016-08-25,7:30 PM,Derailment,0,ANNVILLE,PA,82,3,Dusk,Clear,Industry,Light loco(s),6,25970,0,25970,M101,40.328126,-76.546922,71.5,74.1,79.2
UP,0318SA015,2018-03-25,4:43 AM,Other impacts,0,SAN ANTONIO,TX,50,4,Dark,Clear,Industry,Light loco(s),0,10748,0,15940,H607,29.321805,-98.644118,73.1,72.6,75.7
NS,141012,2021-03-23,12:18 PM,Other (describe in narrative),0,HAZLETON,PA,58,2,Day,Clear,Yard,Freight Train,1,25880,851,26731,H702,40.952582,-75.968571,45.9,47.6,49.6
UP,0616HO017,2016-06-08,11:30 AM,Other impacts,0,HOUSTON,TX,90,2,Day,Cloudy,Yard,Yard/switching,4,0,0,11790,M411,29.804317,-95.30502,82.1,83.5,82.7
UP,0921GC023,2021-09-16,3:45 PM,Other impacts,0,MARINGOUIN,LA,87,2,Day,Clear,Yard,Yard/switching,6,791,14560,15351,H523,30.524317,-91.551376,75.1,77,79.3
BNSF,GC0115111,2015-01-28,9:55 PM,Derailment,0,TEAGUE,TX,54,4,Dark,Clear,Yard,Freight Train,3,8601,7200,15801,H307,31.6294,-96.286581,60.5,63.5,60.2
CSX,000207868,2022-10-17,9:52 PM,Derailment,0,WALBRIDGE,OH,40,4,Dark,Cloudy,Yard,Yard/switching,7,39274,18804,58078,T222,41.589911,-83.496929,52.3,43.9,41.3
AWRR,180922001,2018-09-22,4:00 AM,Derailment,0,LIBERTY HILL,TX,75,4,Dark,Clear,Main,Freight Train,33,1108839,110000,1218839,M103,30.70101,-97.951833,79.9,71.1,70
UP,0418NP012,2018-04-16,5:09 PM,Other impacts,0,NORTH PLATTE,NE,52,2,Day,Clear,Yard,Yard/switching,7,12354,15200,33303,M411,41.146788,-100.833913,26.2,34.5,44.6
GTW,1129785,2023-03-31,9:30 AM,Hwy-rail crossing,0,BATTLE CREEK,MI,52,2,Day,Cloudy,Main,,0,0,0,14243,M308,42.37262,-85.10267,33.3,52.2,42.4
UP,0619GP014,2019-06-09,3:26 PM,Other impacts,0,NORTH PLATTE,NE,67,2,Day,Clear,Yard,Single Car,0,6262,0,24676,M411,41.148524,-100.842691,72.1,58.8,60.8
UP,1217SA003,2017-12-05,1:30 AM,Derailment,0,THREE RIVERS,TX,70,4,Dark,Cloudy,Industry,Yard/switching,4,11995,165,12160,H307,28.46479,-98.185194,74.7,64.7,45.9
CSX,000181586,2019-02-27,3:15 PM,Derailment,0,NASHVILLE,TN,68,2,Day,Clear,Main,Freight Train,24,221763,135820,357583,E40C,36.146926,-86.77183,47.7,54.2,45.4
BNSF,SF0416108,2016-04-20,6:47 PM,Other impacts,0,TULSA,OK,67,3,Dusk,Clear,Yard,Yard/switching,8,12918,0,12918,H316,36.117958,-96.012434,62.2,62.7,63.6
CSX,000210346,2023-03-16,2:10 PM,Derailment,0,COLUMBUS,OH,61,2,Day,Clear,Yard,Cut of cars,4,54305,542,54847,M599,39.899996,-82.967933,34.4,45.9,43.5
NS,141778,2021-06-05,1:08 AM,Other impacts,0,WEST FAIRVIEW,PA,72,4,Dark,Clear,Yard,Yard/switching,0,85973,8005,153550,E30C,40.279807,-76.922451,73.8,79.1,80.8
UP,0915SA009,2015-09-13,12:10 AM,Derailment,0,SAN ANTONIO,TX,85,4,Dark,Cloudy,Yard,Yard/switching,4,30083,0,30083,H308,29.361363,-98.569568,81,78.7,77.3
NS,152267,2023-02-11,1:25 AM,Other impacts,0,BELLEVUE,OH,23,4,Dark,Clear,Yard,Freight Train,3,32753,17701,303030,M408,41.295824,-82.770527,37.9,31.2,36.8
UP,1214KC016,2014-12-31,11:15 PM,Other impacts,0,KANSAS CITY,MO,20,4,Dark,Cloudy,Yard,Yard/switching,7,20156,1392,43073,H307,39.120125,-94.534952,18.5,14.6,27.2
UP,0917SA008,2017-09-11,12:30 PM,Hwy-rail crossing,0,CAMPBELLTON,TX,88,2,Day,Clear,Main,Freight Train,40,256361,72256,328617,M303,28.751347,-98.308393,74.5,73.7,75.8
CSX,000211322,2023-05-15,4:30 PM,Derailment,0,STERLING,OH,67,3,Dusk,Clear,Main,Freight Train,56,80912,166745,247657,E07C,40.968858,-81.845276,62.1,60.3,58.9
BNSF,TC0415104,2015-04-01,11:59 PM,Side collision,0,MANDAN,ND,30,4,Dark,Clear,Yard,Yard/switching,4,6766,0,15884,H318,46.824248,-100.899229,52.2,52.5,36.2
CSX,000201365,2021-11-17,6:10 AM,Hwy-rail crossing,0,DUNN,NC,45,1,Dawn,Clear,Main,Freight Train,20,26449,95,84572,M302,35.309155,-78.609677,47,56.9,62.1
BNSF,SW1217100,2017-12-01,7:55 AM,Derailment,0,ELIDA,NM,40,1,Dawn,Clear,Main,Freight Train,44,206346,60800,267146,T215,33.987106,-103.612291,48.4,51.9,54.2
NS,139259,2020-09-25,6:38 PM,Hwy-rail crossing,0,DECATUR,IL,78,3,Dusk,Clear,Yard,Yard/switching,4,32000,0,32000,M302,39.863309,-88.900325,65.1,64.1,70.1
BNSF,RD1117113,2017-11-17,5:45 PM,Side collision,0,TEMPLE,TX,70,3,Dusk,Clear,Yard,Freight Train,0,1964,0,19276,H318,31.106227,-97.348966,69.2,74.1,67.8
CSX,000176903,2018-06-10,10:25 PM,Other impacts,0,NASHVILLE,TN,81,4,Dark,Cloudy,Yard,Cut of cars,10,0,16640,55534,H995,36.112142,-86.770737,80.8,75.7,80.3
CSX,000189059,2020-03-11,9:29 PM,Side collision,0,INDIANAPOLIS,IN,49,4,Dark,Cloudy,Yard,Yard/switching,2,129723,0,141301,H702,39.759791,-86.327526,47.7,42.1,50.3
UP,0215HO027,2015-02-16,7:14 PM,Derailment,0,DAYTON,TX,50,4,Dark,Clear,Main,,0,0,5814,75915,H607,29.99093,-94.908058,61.4,52.6,40.6
UP,0915HO024,2015-09-17,10:48 AM,Derailment,0,HOUSTON,TX,80,2,Day,Clear,Yard,Yard/switching,6,194,12153,12347,S007,29.825884,-95.289484,81.7,82.3,81.7
BNSF,SF1114117,2014-11-26,2:00 PM,Derailment,0,TULSA,OK,45,2,Day,Clear,Yard,Yard/switching,6,313297,39000,352297,H312,36.13052,-96.01028,39.8,45.1,37.1
BNSF,CH0818123,2018-08-30,5:51 AM,Derailment,0,CHICAGO,IL,67,1,Dawn,Clear,Yard,Cut of cars,0,1341,0,76714,H503,41.813887,-87.716841,70.6,67.6,73.3
UP,0615HO051,2015-06-26,8:08 AM,Other impacts,0,LA PORTE,TX,80,2,Day,Cloudy,Yard,Single Car,0,18605,0,28723,M404,29.690912,-95.050439,84.2,84.9,85
UP,0515HO006,2015-05-03,8:05 AM,Other impacts,0,HOUSTON,TX,72,2,Day,Clear,Yard,Single Car,0,301,0,12847,M411,29.81641,-95.290373,70.8,71.2,73.3
WC,912121,2017-01-26,11:44 AM,Hwy-rail crossing,0,STEPHENSON,MI,35,2,Day,Clear,Main,Freight Train,39,12350,0,12350,M304,45.492593,-87.602084,33.6,32.5,28.4
CRSH,138138,2020-06-03,11:12 PM,Derailment,0,MARCUS HOOK,PA,70,4,Dark,Cloudy,Yard,Yard/switching,2,102575,3500,106075,H018,39.808136,-75.430148,65.6,73.9,77.5
UP,0415FW018,2015-04-20,2:15 PM,Obstruction,0,BENBROOK,TX,75,2,Day,Clear,Yard,Spec. MoW Equip.,25,7023,152,34982,H997,32.689762,-97.456301,66.7,60.9,64.6
UP,0917LK009,2017-09-12,4:45 AM,Derailment,0,TEXARKANA,TX,59,1,Dawn,Clear,Siding,Freight Train,8,20507,3192,23699,H526,33.393375,-94.126533,66.6,66.2,70.6
BNSF,GC1214105,2014-12-22,2:32 AM,Raking collision,0,TEMPLE,TX,54,4,Dark,Cloudy,Yard,Freight Train,6,4879,0,25879,H307,31.09531,-97.345347,50.6,59.9,48.2
UP,1216HO014,2016-12-08,1:05 AM,Derailment,0,DAYTON,TX,55,4,Dark,Rain,Yard,Yard/switching,10,440387,57,743411,H306,30.00066,-94.905068,53.2,48.2,42.9
UP,0315HU002,2015-03-03,10:05 AM,Raking collision,0,HOUSTON,TX,70,2,Day,Cloudy,Yard,Light loco(s),13,28039,16753,134354,E99L,29.824722,-95.290816,54.2,66.3,70.1
CSX,000201927,2021-12-17,4:21 PM,Other impacts,0,OREGON,OH,37,3,Dusk,Clear,Yard,Cut of cars,5,13518,0,13518,E99C,41.589911,-83.496929,54.8,37.2,36.4
CMTY,20230224A,2023-02-24,5:42 PM,Hwy-rail crossing,0,LEANDER,TX,45,2,Day,Clear,Main,DMU,55,384279,3000,387279,M302,30.574829,-97.851132,65.2,50.9,51.1
CP,1001643235,2022-02-08,2:45 PM,Other impacts,0,CLINTON,IA,47,2,Day,Clear,Yard,Cut of cars,0,7996,0,235845,H302,41.82866,-90.19955,15.9,29.8,33.9
KCS,16123101,2016-12-31,3:13 AM,Derailment,0,WYLIE,TX,49,4,Dark,Clear,Yard,Freight Train,18,28318,115767,144085,H703,33.030124,-96.491904,46.4,55.8,56.8
ATK,163392,2020-03-07,1:19 PM,Derailment,0,CHICAGO RIDGE,IL,51,2,Day,Clear,Main,Passenger Train - Pulling,12,219968,104500,324468,T222,41.878648,-87.642595,33.9,37.6,51.8
CSX,000162410,2016-06-21,12:30 AM,Raking collision,0,MANVILLE,NJ,71,4,Dark,Clear,Yard,,0,0,0,33300,E39C,40.547831,-74.574547,76,77.6,72.4
CSX,000154548,2015-11-22,7:30 AM,Derailment,0,YOUNGSTOWN,OH,31,1,Dawn,Clear,Yard,Freight Train,9,4000,7000,11000,H993,41.138514,-80.702714,40.5,31.6,29.7
ATK,171642,2022-07-06,6:43 AM,Hwy-rail crossing,0,SUTTON,NE,70,1,Dawn,Cloudy,Main,Passenger Train - Pulling,76,22004,0,22004,M303,40.62263,-97.8245,82.1,76.6,75.2
CSX,000160976,2016-06-30,5:11 PM,Hwy-rail crossing,0,CHESTER,SC,88,2,Day,Clear,Main,Freight Train,35,42980,627,43607,M303,34.739363,-81.131681,77.2,75,77.4
UP,0515HO034,2015-05-22,11:00 PM,Derailment,0,HOUSTON,TX,82,4,Dark,Clear,Yard,Freight Train,3,1759,72504,74263,T211,29.810558,-95.262275,76.1,73.1,79.3
WRRC,2015002,2015-07-11,10:30 PM,Other impacts,0,NEW BRAUNFELS,TX,80,4,Dark,Clear,Yard,Yard/switching,14,381000,36000,417000,E06L,29.675,-98.1032,82.5,82,82.8
CSX,000200303,2021-09-24,8:43 PM,Derailment,0,CONNELLSVILLE,PA,66,3,Dusk,Clear,Yard,Freight Train,8,12477,754,13231,H605,40.015496,-79.591663,56.5,57.6,57.3
BNSF,PR0920105,2020-09-14,6:11 PM,Derailment,0,BILL,WY,80,3,Dusk,Clear,Main,,0,0,671519,2425109,E53C,42.849095,-105.207978,60.6,64,64.1
UP,1117HO005,2017-11-03,3:51 PM,Hwy-rail crossing,0,HOUSTON,TX,85,2,Day,Cloudy,Main,Freight Train,17,250,90446,90696,M304,29.679545,-95.367366,78.7,78.6,77.9
CSX,000203060,2022-02-13,7:45 AM,Derailment,0,NASHVILLE,TN,23,1,Dawn,Clear,Yard,Cut of cars,6,27418,111,27529,M411,36.112136,-86.770713,37,30,36
IC,1121101,2022-12-20,10:45 AM,Derailment,0,FLORA,MS,46,2,Day,Rain,Main,Maint./inspect Car,19,16000,0,16000,M599,32.47955,-90.288048,39.9,44.1,46.8
NS,156351,2024-04-14,3:18 AM,Side collision,0,BUFFALO,NY,45,4,Dark,Rain,Yard,Freight Train,7,8500,0,49051,H305,42.901926,-78.773366,43.5,52.5,50.9
CSX,000181714,2019-03-06,4:11 PM,Derailment,0,STOYSTOWN,PA,10,3,Dusk,Snow,Industry,Freight Train,8,39484,30000,69484,T221,40.065382,-78.936975,11.6,11.5,19.3
BNSF,RD1216119,2016-12-28,8:30 AM,Derailment,0,HOUSTON,TX,79,1,Dawn,Cloudy,Yard,Freight Train,4,9000,9500,18500,H525,29.698538,-95.327586,74.4,74.1,65.1
CRSH,144032,2022-01-14,9:40 PM,Derailment,0,NEWARK,NJ,25,4,Dark,Clear,Yard,,0,0,9428,14578,H704,40.686535,-74.162575,36.9,36.8,15.9
UP,0417FW017,2017-04-15,5:40 AM,Other impacts,0,MONAHANS,TX,60,4,Dark,Clear,Yard,Freight Train,5,82441,0,82441,H318,31.603348,-102.862576,70,73.3,73.4
NS,154448,2023-10-09,1:36 PM,Other (describe in narrative),0,COLUMBIA,SC,88,2,Day,Clear,Yard,Yard/switching,5,4768,22960,27728,H702,33.985296,-81.039107,57.3,57.9,64.8
UP,0223GP005,2023-02-03,4:10 PM,Other impacts,0,NORTH PLATTE,NE,38,2,Day,Clear,Yard,Yard/switching,4,38719,0,39891,M411,41.1528,-100.822907,13.3,21.3,27.6
NS,152765,2023-04-09,11:30 PM,Derailment,0,BELLEVUE,OH,35,4,Dark,Clear,Yard,Yard/switching,4,45025,46791,91816,H504,41.294313,-82.777839,40,45.4,50.1
CSX,000179517,2018-10-26,2:15 AM,Derailment,0,MEMPHIS,TN,48,4,Dark,Clear,Industry,Freight Train,7,18062,1768,127382,H702,35.1495,-90.049,54.7,54.5,56.2
CSX,000205218,2022-05-28,2:40 PM,Side collision,0,CHATTANOOGA,TN,66,2,Day,Clear,Yard,Freight Train,0,42905,0,107662,H702,35.012657,-85.371486,70,70.1,73
CSX,000159414,2016-04-30,8:20 PM,Side collision,0,SELKIRK,NY,55,4,Dark,Clear,Yard,Yard/switching,0,13966,0,69232,H306,42.565903,-73.854184,48.7,54,47.1
BNSF,RD0624117,2024-06-16,6:44 AM,Derailment,0,TULSA,OK,80,1,Dawn,Clear,Yard,Yard/switching,9,9498,51690,61188,E09C,36.125522,-96.011909,84.5,85,84.7
NS,152265,2023-02-10,9:38 AM,Derailment,0,PORTSMOUTH,OH,48,2,Day,Cloudy,Yard,Yard/switching,5,11000,8535,19535,H508,38.736826,-82.957246,60.8,44.6,34.9
UP,0616FW006,2016-06-08,10:30 AM,Derailment,0,BAIRD,TX,83,2,Day,Clear,Main,Work train,4,140395,25421,165816,M103,32.390308,-99.365103,74.6,76.8,79.4
NS,124878,2017-05-01,2:41 AM,Derailment,0,MASCOT,TN,66,4,Dark,Clear,Yard,Freight Train,7,3325,48374,51699,E42C,36.033005,-83.817278,76.3,69.1,64.3
NS,153963,2023-08-11,3:15 AM,Other impacts,0,CONWAY,PA,78,4,Dark,Clear,Yard,Light loco(s),0,39,0,17308,H302,40.672362,-80.251826,71.9,72.8,72.9
BNSF,GC0215104,2015-02-10,11:55 PM,Derailment,0,HOUSTON,TX,51,4,Dark,Clear,Yard,Yard/switching,6,12500,2500,15000,H703,29.719116,-95.333915,69.6,63.3,62.4
UP,1216FW003,2016-12-02,5:58 PM,Hwy-rail crossing,0,ODESSA,TX,48,3,Dusk,Rain,Main,Freight Train,60,27906,2500,30406,M304,31.8981,-102.263008,49.4,48.8,43.5
UP,0715FW015,2015-07-16,1:30 PM,Hwy-rail crossing,0,BIG SPRING,TX,100,2,Day,Clear,Main,Freight Train,54,51278,14658,65936,M308,32.176312,-101.659072,85.4,86.3,86.5
NS,137722,2020-04-13,7:53 AM,Other (describe in narrative),0,ALLENTOWN,PA,62,1,Dawn,Rain,Yard,Yard/switching,2,66887,5425,72312,H306,40.601252,-75.441088,51.4,62.1,48.9
CSX,000196792,2021-04-03,8:41 AM,Fire/violent rupture,0,TIFFIN,OH,36,2,Day,Cloudy,Main,Freight Train,25,26016,0,26016,E99L,41.115664,-83.134998,33.7,45.9,54.8
UP,0417SA006,2017-04-03,7:30 PM,Other (describe in narrative),0,SAN ANTONIO,TX,80,3,Dusk,Clear,Yard,Yard/switching,7,0,15051,15051,H303,29.359114,-98.571424,70.9,67,71.3
UP,0617LV018,2017-06-21,2:00 AM,Derailment,0,VIDOR,TX,84,4,Dark,Cloudy,Industry,Yard/switching,3,15016,8985,24001,H508,30.097444,-94.00614,81.8,76,79.5
ATK,155880,2018-02-20,9:16 PM,Fire/violent rupture,0,CANASTOTA,NY,45,4,Dark,Cloudy,Main,Passenger Train - Pulling,75,19246,0,19246,E49L,43.078511,-75.735482,36.8,52.6,51.2
CSX,000167922,2017-04-01,6:30 PM,Derailment,0,LOUISVILLE,KY,60,3,Dusk,Clear,Yard,Freight Train,4,58038,13200,71238,H525,38.279951,-85.516779,54.5,48.2,55.6
CSX,000157985,2016-03-11,9:40 AM,Derailment,0,AVON,IN,40,2,Day,Cloudy,Industry,Yard/switching,2,12631,9850,22481,E76L,39.758381,-86.390743,53.1,48.2,54.3
TXN,181020001,2018-10-20,1:40 AM,Derailment,0,WINK,TX,47,4,Dark,Clear,Main,Freight Train,9,587398,5000,592398,T211,31.730082,-103.088658,55,60.8,57.7
MBTA,YR202227,2022-02-25,3:30 PM,Hwy-rail crossing,0,LITTLETON,MA,20,2,Day,Snow,Main,Commuter Train - Pulling,51,5472,10230,15702,M302,42.53819,-71.512353,25,21.8,20
BNSF,PR0423202,2023-04-07,9:00 AM,Hwy-rail crossing,0,MORRILL,NE,65,2,Day,Clear,Main,Freight Train,40,14421,0,14421,M302,41.96064,-103.91,40.1,47.4,52.7
UP,0316FW012,2016-03-16,9:27 AM,Fire/violent rupture,0,WILLS POINT,TX,69,2,Day,Clear,Main,Freight Train,30,62610,0,62610,E73L,32.712808,-96.076499,71.5,62.3,59.8
CSX,000188986,2020-03-09,3:43 AM,Other impacts,0,NORTH BALTIMORE,OH,50,4,Dark,Cloudy,Yard,Yard/switching,15,45499,0,45499,H307,41.182016,-83.684342,47.2,56.6,49.3
UP,0616LV005,2016-06-02,9:01 AM,Obstruction,0,LIVINGSTON,TX,73,2,Day,Cloudy,Main,Freight Train,50,12275,2297,14572,M503,30.706231,-94.938183,75,71.5,71.4
UP,1117KC003,2017-11-03,4:52 PM,Derailment,0,KANSAS CITY,MO,50,2,Day,Clear,Yard,Yard/switching,5,5858,4884,10742,E07C,39.122331,-94.514646,52.9,47.3,51.1
NS,154308,2023-08-20,5:20 PM,Other impacts,0,LANCASTER,PA,85,3,Dusk,Clear,Yard,Cut of cars,2,25000,0,25000,E29C,40.057578,-76.331147,70.5,73.7,78.4
UP,0418SA005,2018-04-04,2:00 PM,Derailment,0,SAN ANTONIO,TX,75,2,Day,Clear,Industry,Freight Train,3,17160,157,17317,M101,29.591777,-98.587809,74.8,63.2,68.6
KCS,22110802,2022-11-08,9:10 PM,Derailment,0,SHADY POINT,OK,70,4,Dark,Clear,Industry,Freight Train,2,2130,27760,29890,H306,35.20311,-94.653785,63.4,66,69.4
UP,0817SA020,2017-08-15,8:35 AM,Derailment,0,HEARNE,TX,81,2,Day,Clear,Main,Freight Train,5,10000,8521,18521,H702,30.883005,-96.595482,86.2,85.9,85.7
INRD,644270,2020-10-30,12:13 PM,Derailment,0,TERRE HAUTE,IN,55,2,Day,Clear,Siding,,0,0,2500,133484,E4BC,39.410787,-87.381777,49.3,42.2,44.6
NS,115400,2015-04-25,5:45 AM,Other impacts,0,BELLEVUE,OH,41,1,Dawn,Rain,Yard,Yard/switching,4,57345,0,64977,H306,41.288346,-82.803539,42,43.3,45.2
PBVR,080818,2018-08-08,8:52 AM,Other impacts,0,PEARLINGTON,MS,87,2,Day,Clear,Siding,Yard/switching,3,12410,0,12410,E08C,30.222038,-89.575351,82.8,81.3,82.5
BNSF,HL0118117,2018-01-19,1:10 AM,Derailment,0,SIKESTON,MO,12,4,Dark,Clear,Industry,Freight Train,3,14108,0,14108,M101,36.880087,-89.619249,19.5,28.7,39.6
CSX,000178365,2018-08-23,4:20 PM,Derailment,0,PHILADELPHIA,PA,83,2,Day,Clear,Main,Freight Train,8,15678,2157,17835,M404,39.947616,-75.184668,76.7,72.1,72.8
KCS,20021402,2020-02-14,4:45 PM,Derailment,0,HEAVENER,OK,48,2,Day,Clear,Main,Freight Train,8,4399,15937,20336,H306,34.888449,-94.602991,34.5,34.2,41.4
DCTA,DCTA15001,2015-08-06,8:40 AM,Hwy-rail crossing,0,LAKE DALLAS,TX,88,2,Day,Clear,Main,DMU,52,316000,176514,492514,M302,33.122588,-97.032478,90.5,91.8,91.3
UP,0418FW036,2018-04-23,5:10 PM,Derailment,0,FORT WORTH,TX,76,2,Day,Clear,Yard,Yard/switching,7,10788,300,11088,H522,32.72486,-97.371261,59.3,63.9,70.7
UP,0220HL029,2020-02-28,8:10 PM,Derailment,0,SMITHTON,MO,33,4,Dark,Clear,Main,Freight Train,2,291977,249791,541768,H518,38.684113,-93.112385,34.3,38.6,43.3
KCS,15101602,2015-10-16,5:25 PM,Other impacts,0,ARTESIA,MS,85,2,Day,Clear,Yard,Yard/switching,3,7014,0,10828,H503,33.415481,-88.643279,69.7,65.4,55.6
BNSF,HL0822204,2022-08-29,4:05 PM,Hwy-rail crossing,0,WESTALTON,MO,90,2,Day,Clear,Main,Freight Train,51,500,30000,30500,M302,38.90561,-90.314165,78.5,80.8,76.3
BNSF,TC0719202,2019-07-24,4:51 PM,Hwy-rail crossing,0,RUTHTON,MN,85,2,Day,Clear,Main,Freight Train,26,15000,500,15500,M302,44.138868,-96.120611,67.8,69.9,69.1
BNSF,PR0918206,2018-09-27,10:19 AM,Hwy-rail crossing,0,INLAND,NE,65,2,Day,Clear,Main,Freight Train,56,10000,60000,70000,M302,40.596848,-98.212857,54.7,61.4,49.7
BNSF,CH0622101,2022-06-05,11:05 AM,Derailment,0,CHANNAHON,IL,74,2,Day,Clear,Yard,Yard/switching,4,33151,40000,73151,H403,41.418278,-88.171334,62.7,71.5,69
UP,0415SA008,2015-04-12,9:15 AM,Derailment,0,SAN ANTONIO,TX,68,2,Day,Rain,Industry,Yard/switching,3,15809,1400,17209,H307,29.347301,-98.461477,66,72.1,71.1
ATK,164495,2020-05-29,10:45 AM,Hwy-rail crossing,0,BAINVILLE,MT,63,2,Day,Clear,Main,Passenger Train - Pulling,77,100000,0,126000,M302,48.140267,-104.336345,57.3,56.1,61.6
CSX,000217353,2024-04-11,9:00 PM,Other impacts,0,FLORENCE,SC,60,4,Dark,Clear,Yard,Cut of cars,0,11615,0,13940,M201,34.19827,-79.762485,67.7,69.3,65.8
BNSF,HL0618114,2018-06-26,11:45 PM,Derailment,0,MEMPHIS,TN,82,4,Dark,Clear,Yard,Yard/switching,10,42395,156000,207895,H607,35.029178,-89.898817,82.8,86,84.6
UP,0221TO003,2021-02-05,6:55 AM,Other (describe in narrative),0,LA MESA,NM,36,1,Dawn,Clear,Main,Freight Train,19,0,28000,28000,H607,31.954909,-106.800402,60.8,52.8,51.1
BNSF,MT0718107,2018-07-21,11:30 AM,Derailment,0,HARDIN,MT,85,2,Day,Clear,Siding,,0,0,159753,159753,H510,45.826787,-107.099517,76.3,76,73.1
CSX,000189998,2020-05-02,2:38 AM,Broken train collision,0,CUMBERLAND,MD,48,4,Dark,Cloudy,Yard,Yard/switching,7,0,0,383999,E30C,39.644504,-78.760839,52.7,58.7,64.9
CRSH,131495,2018-10-30,9:40 AM,Raking collision,0,DETROIT,MI,49,2,Day,Cloudy,Yard,Yard/switching,5,3387,200,57544,H702,42.383796,-82.974525,45,45.6,53.3
CSX,000189137,2020-03-16,7:15 AM,Side collision,0,CINCINNATI,OH,40,4,Dark,Clear,Yard,Single Car,0,0,0,14572,S014,39.124551,-84.542521,39.3,43.4,45.5
UP,0320GC002,2020-03-05,4:09 AM,Derailment,0,LIVONIA,LA,56,1,Dawn,Cloudy,Yard,Single Car,4,14380,0,32349,S006,30.530118,-91.558875,64.1,57.3,56.6
UP,0916PR009,2016-09-15,12:30 PM,Other impacts,0,NORTHLAKE,IL,87,2,Day,Clear,Yard,Single Car,0,0,0,75912,M411,41.90945,-87.915287,68.6,68.9,73.7
CSX,000201519,2021-11-24,10:35 PM,Derailment,0,NASHVILLE,TN,51,4,Dark,Clear,Yard,Yard/switching,5,422529,40082,462611,H317,36.112142,-86.770737,35.7,46.3,47.7
BNSF,RD0819125,2019-08-18,6:15 PM,Side collision,0,TULSA,OK,85,3,Dusk,Clear,Yard,Yard/switching,0,21001,2000,33996,M407,36.123045,-96.010921,87.4,84.7,88.3
UP,1022PN017,2022-10-16,9:20 AM,Other (describe in narrative),0,STANFIELD,OR,58,2,Day,Clear,Yard,Light loco(s),4,0,13900,13900,H307,45.791644,-119.242909,56.2,55.8,53.7
UP,0815SA012,2015-08-14,5:50 AM,Raking collision,0,SAN ANTONIO,TX,79,4,Dark,Clear,Yard,Yard/switching,6,7794,0,11017,H509,29.436455,-98.468057,87.9,88.4,86
CSX,000210583,2023-04-02,8:00 AM,Derailment,0,MEMPHIS,TN,70,2,Day,Clear,Main,Freight Train,5,2170,0,36208,M201,35.166044,-89.966354,64.6,60.1,65.2