reportingrailroadcode,accidentnumber,date,time,accidenttype,hazmatreleasedcars,station,stateabbr,temperature,visibility_code,visibility,weathercondition,tracktype,equipmenttype,trainspeed,equipmentdamagecost,trackdamagecost,totaldamagecost,primaryaccidentcausecode,latitude,longitude,prior_temp,actual_temp,following_temp
UP,0115HO009,2015-01-08,8:15 PM,Derailment,0,HOUSTON,TX,35,4,Dark,Cloudy,Yard,Yard/switching,4,9798,1729,11527,M404,29.826693,-95.288404,52,37.4,38.4
CSX,000213315,2023-09-07,4:00 AM,Side collision,0,CONNELLSVILLE,PA,70,4,Dark,Cloudy,Yard,Yard/switching,7,152742,0,166624,H307,40.015481,-79.591584,76.1,72.3,71.4
NS,125145,2017-05-21,7:50 AM,Side collision,0,SHELOCTA,PA,60,1,Dawn,Clear,Industry,Cut of cars,2,70238,0,146285,H022,40.649421,-79.283207,59.5,61.1,60.9
PTRA,2017000047,2017-10-25,10:00 AM,Derailment,0,HOUSTON,TX,75,2,Day,Clear,Yard,Single Car,0,20000,0,20000,H318,29.763018,-95.294186,68.2,64.9,70.3
UP,0918NP021,2018-09-23,5:30 AM,Derailment,0,NORTH PLATTE,NE,60,1,Dawn,Clear,Yard,Yard/switching,2,28399,2620,31019,H704,41.151328,-100.81827,61.8,67,61.2
UP,0815SA023,2015-08-30,7:38 PM,Derailment,0,EAGLE PASS,TX,95,2,Day,Clear,Yard,Work train,5,18969,1158,20127,H303,28.839007,-100.434043,83.5,83.5,84.8
BNSF,PR0115123,2015-01-24,11:15 PM,Derailment,0,CHANNING,TX,39,4,Dark,Clear,Main,Freight Train,8,1500,28500,30000,H702,35.685771,-102.330961,22.3,32.3,37.8
UP,0119RM020,2019-01-04,8:30 AM,Other (describe in narrative),0,RAWLINS,WY,30,2,Day,Clear,Main,Freight Train,30,9984,8226,18210,E22C,41.755538,-107.459279,17,31.5,35
UP,0915LK040,2015-09-27,12:30 PM,Fire/violent rupture,0,QUEEN CITY,TX,90,2,Day,Clear,Main,Freight Train,40,707971,0,707971,E73L,33.233337,-94.134717,74.2,75,77
UP,0717LK009,2017-07-07,10:49 AM,RR grade crossing,0,JEFFERSON,TX,80,2,Day,Clear,Main,Freight Train,24,298671,131819,1240304,H008,32.764587,-94.355417,79.6,80.7,78.5
CRSH,124882,2017-04-30,9:13 AM,Derailment,0,STERLING,MI,47,2,Day,Cloudy,Yard,Yard/switching,6,9455,3800,13255,H702,42.578727,-83.039847,45.9,40.3,49.3
BNSF,RD0419111,2019-04-08,5:19 PM,Derailment,0,TULSA,OK,78,3,Dusk,Clear,Yard,Yard/switching,1,12534,6600,19134,H507,36.130697,-96.010354,67.9,69.7,71
NS,116639,2015-07-22,6:00 PM,Derailment,0,NORTH CHARLESTON,SC,91,3,Dusk,Clear,Yard,Yard/switching,7,150,17576,17726,H318,32.867704,-79.999531,85.4,85.3,84.6
NS,118001,2015-10-30,5:28 PM,Derailment,0,CHOCOWINITY,NC,72,3,Dusk,Clear,Yard,Freight Train,6,25100,7500,32600,H306,35.516218,-77.106934,70.8,61.8,53.3
CSX,000218104,2024-05-16,6:15 PM,Other impacts,0,CINCINNATI,OH,70,3,Dusk,Clear,Yard,Yard/switching,6,121165,0,132671,H306,39.169004,-84.512104,67.4,67.7,68
CSX,000212726,2023-08-05,10:55 PM,Other impacts,0,PHILADELPHIA,PA,80,4,Dark,Cloudy,Yard,Yard/switching,9,9114,0,133716,H318,39.898701,-75.16696,72.1,77.1,79
UP,0215FW019,2015-02-24,2:30 AM,Derailment,0,FORT WORTH,TX,26,4,Dark,Cloudy,Yard,Yard/switching,3,6638,10028,16666,H701,32.717515,-97.324699,27.6,31.9,41.6
CSX,000201079,2021-11-03,7:30 AM,Derailment,0,BELLE MEAD,NJ,39,1,Dawn,Clear,Industry,Freight Train,2,800,49930,50730,H307,40.465867,-74.663549,45.5,40.6,38.6
CSX,000191326,2020-07-13,11:48 AM,Hwy-rail crossing,0,ERIE,PA,73,2,Day,Clear,Main,Spec. MoW Equip.,25,67000,0,67000,M304,42.11338,-80.10346,72.8,71.7,71.2
BNSF,RD0124201,2024-01-11,10:54 AM,Hwy-rail crossing,0,SEWARD,OK,63,2,Day,Clear,Main,Freight Train,55,21974,0,21974,M302,35.798065,-97.490292,32.4,31.2,34
UP,0623GP022,2023-06-17,3:27 PM,Derailment,0,NORTH PLATTE,NE,73,2,Day,Clear,Yard,Yard/switching,7,41875,119160,161035,H607,41.1473,-100.830796,65.2,63.9,71.1
BNSF,GC1214105,2014-12-22,2:32 AM,Raking collision,0,TEMPLE,TX,54,4,Dark,Cloudy,Yard,Yard/switching,7,21000,0,25879,H307,31.09531,-97.345347,50.6,59.9,48.2
NS,146611,2022-09-27,7:26 PM,Derailment,0,BETHLEHEM,PA,59,3,Dusk,Clear,Main,Freight Train,6,4178,10000,14178,H525,40.614229,-75.381489,60.3,56.2,56
UP,0915LK010,2015-09-08,12:34 AM,RR grade crossing,0,TEXARKANA,TX,82,4,Dark,Cloudy,Main,Freight Train,19,2639858,1572511,4664073,H401,33.415589,-94.051147,83,85,77.1
BNSF,SF0516106,2016-05-09,5:35 PM,Derailment,0,MEMPHIS,TN,73,3,Dusk,Cloudy,Main,Yard/switching,5,5000,26500,31500,H501,35.126873,-90.059809,72.9,70.5,73.9
UP,0217LK008,2017-02-07,8:28 PM,Derailment,0,SHREVEPORT,LA,64,4,Dark,Clear,Yard,Cut of cars,0,16303,0,16856,H307,32.431128,-93.906396,66.7,71.8,63.7
UP,0215HO033,2015-02-21,6:26 AM,Other impacts,0,HOUSTON,TX,50,4,Dark,Cloudy,Yard,Single Car,4,23008,0,23008,M411,29.81572,-95.288298,64.1,67.9,66.1
ATK,139182,2015-09-11,5:43 AM,Other (describe in narrative),0,PHILADELPHIA,PA,75,1,Dawn,Clear,Main,Passenger Train - Pulling,30,8278,3513,11791,E78L,39.968323,-75.194979,74.8,73.3,72.4
UP,0519GP035,2019-05-15,9:28 PM,Other (describe in narrative),0,NORTH PLATTE,NE,75,4,Dark,Cloudy,Yard,Single Car,0,45338,0,45338,M411,41.14932,-100.852771,67.4,71.2,70.3
UP,0315NP038,2015-03-31,5:30 AM,Derailment,0,NORTH PLATTE,NE,50,4,Dark,Clear,Yard,Freight Train,7,7686,4814,12500,H303,41.15313,-100.870713,54.5,55.2,64.2
UP,0218KC024,2018-02-25,7:00 PM,Derailment,0,KANSAS CITY,KS,38,4,Dark,Clear,Main,Freight Train,29,174004,56933,230937,M201,39.111498,-94.612024,37.6,38.8,45.8
UP,1214HO021,2014-12-11,10:17 AM,Obstruction,0,HOUSTON,TX,68,2,Day,Clear,Yard,Yard/switching,5,1929,57,13151,M202,29.816562,-95.287975,58.3,63.8,65.6
BNSF,PR0818101,2018-08-03,8:30 PM,Derailment,0,ALLIANCE,NE,74,3,Dusk,Clear,Yard,Yard/switching,5,50000,0,50000,M101,42.090933,-102.873759,72.8,68.5,69.9
NS,153382,2023-06-17,1:40 PM,Derailment,0,BELLEVUE,OH,75,2,Day,Clear,Yard,Cut of cars,4,17000,3669,20669,H506,41.288344,-82.803529,62.8,66.8,67.7
NJTR,201605250,2016-05-05,9:40 PM,Derailment,0,GLADSTONE,NJ,55,4,Dark,Clear,Yard,EMU,3,6600,4000,10600,H704,40.719617,-74.665525,50.9,53,51.3
CSX,000207835,2022-10-16,3:00 PM,Derailment,0,CINCINNATI,OH,70,2,Day,Clear,Yard,Yard/switching,3,36351,2004,38355,M503,39.169004,-84.512104,55.3,54.4,46.9
KRR,KRR295117A,2017-05-05,8:30 PM,Other (describe in narrative),0,VALLIANT,OK,70,3,Dusk,Clear,Yard,Light loco(s),5,14000,0,14000,E71L,34.003391,-95.099744,57.9,60.7,62.4
CP,1000438442,2016-08-19,6:20 AM,Derailment,0,ST PAUL,MN,65,1,Dawn,Cloudy,Yard,Cut of cars,0,356,122319,371040,H523,44.924666,-93.020521,74.1,70.3,64.1
UP,0715SA001,2015-07-01,11:15 PM,Derailment,0,MAXWELL,TX,78,4,Dark,Clear,Main,Freight Train,36,371506,267143,638649,T220,29.88117,-97.789063,79.7,76.9,78.2
UP,0715FW016,2015-07-16,2:50 AM,Derailment,0,FORT WORTH,TX,82,4,Dark,Clear,Yard,Yard/switching,7,26679,25991,137209,M411,32.722494,-97.375433,87.1,87.2,88.1
BNSF,PR1016108,2016-10-19,11:15 AM,Rear end collision,0,BALLANTINE,MT,61,2,Day,Clear,Main,Spec. MoW Equip.,0,14800,0,15300,H997,45.937754,-108.17468,48.7,45.9,47.8
NS,139689,2020-11-09,10:00 PM,Other impacts,0,CONWAY,PA,48,4,Dark,Clear,Yard,Single Car,3,0,11562,44065,M411,40.672356,-80.251823,54.5,56.6,63.6
CSX,000192186,2020-08-23,3:52 AM,Rear end collision,0,ELLICOTT CITY,MD,72,4,Dark,Clear,Main,Freight Train,0,27740,0,33455,H605,39.256658,-76.78015,77.7,79.6,79.8
PTRA,2017000014,2017-05-30,12:05 PM,Derailment,0,LA PORTE,TX,80,2,Day,Cloudy,Siding,Freight Train,6,9600,7500,17100,M501,29.725723,-95.080864,75.9,78.8,79.4
BNSF,GC0815116,2015-08-14,12:30 PM,Derailment,0,BEAUMONT,TX,90,2,Day,Clear,Yard,Freight Train,0,24000,0,24000,H505,30.090894,-94.100171,84.1,84.5,81.2
NS,129934,2018-06-23,10:15 AM,Derailment,0,ALLENTOWN,PA,68,2,Day,Cloudy,Yard,Yard/switching,4,142113,49528,191641,E33C,40.61193,-75.426706,69.6,66.1,75.6
CSX,000151446,2015-08-30,4:30 AM,Other impacts,0,PHILADELPHIA,PA,89,2,Day,Clear,Yard,Yard/switching,4,13402,0,21944,H318,39.898852,-75.167386,75.4,79.2,81.8
UP,0721GC036,2021-07-30,2:55 PM,Derailment,0,AVONDALE,LA,95,2,Day,Clear,Main,,0,0,61232,192873,H518,29.916694,-90.17763,86.3,87,84.3
BNSF,RD0417111,2017-04-13,2:53 PM,Derailment,0,IOWA PARK,TX,71,2,Day,Cloudy,Industry,Yard/switching,7,16607,0,16607,M204,33.953987,-98.686883,64.7,65,68.9
UP,0218HO014,2018-02-10,7:32 PM,Derailment,0,ELKHART,TX,47,4,Dark,Cloudy,Main,Work train,15,17720,114024,131744,H019,31.670099,-95.616586,56.2,51.5,31.6
BNSF,RD0917114,2017-09-18,1:10 AM,Derailment,0,DAYTON,TX,76,4,Dark,Cloudy,Yard,Yard/switching,7,23884,4000,27884,H318,30.008951,-94.905034,79.3,79.8,82
BNSF,TC0415104,2015-04-01,11:59 PM,Side collision,0,MANDAN,ND,30,4,Dark,Clear,Yard,Yard/switching,4,9118,0,15884,H318,46.824248,-100.899229,52.2,52.5,36.2
UP,1020PR026,2020-10-25,12:00 PM,Other (describe in narrative),0,GURNEE,IL,45,2,Day,Cloudy,Industry,Single Car,0,36722,0,36722,E29C,42.383826,-87.898909,37.2,39.7,35.5
CSX,000170884,2017-08-12,2:35 AM,Derailment,0,NASHVILLE,TN,73,4,Dark,Cloudy,Yard,Cut of cars,4,27650,870,28520,H310,36.087476,-86.753944,78.4,78.4,76.8
BNSF,MT0520101,2020-05-19,9:35 AM,Derailment,0,MINOT,ND,78,2,Day,Clear,Yard,Light loco(s),4,12811,0,12811,H607,48.237596,-101.197893,63.4,68.5,66.5
NS,154209,2023-09-13,10:45 AM,Derailment,0,READING,PA,75,2,Day,Clear,Siding,Freight Train,5,8823,15562,24385,E27C,40.345503,-75.923143,72.9,72.2,66.8
UP,0920HL017,2020-09-21,7:49 PM,Hwy-rail crossing,0,TIPTON,MO,69,3,Dusk,Clear,Main,,0,0,878,107983,M302,38.663056,-92.815786,60.2,63.4,65.3
BNSF,RD0818127,2018-08-19,11:22 AM,Other impacts,0,SILSBEE,TX,95,2,Day,Clear,Yard,Yard/switching,3,29063,0,29063,H318,30.352074,-94.184785,84.9,84.5,84.6
UP,0717SA008,2017-07-10,6:00 PM,Obstruction,0,SAN MARCOS,TX,100,2,Day,Cloudy,Main,Freight Train,26,0,13033,13033,M404,29.822026,-98.003348,86,85,85.3
ATK,158159,2019-03-22,11:30 PM,Derailment,0,NEW YORK,NY,39,4,Dark,Clear,Main,Work train,8,110000,1000,111000,M404,40.75058,-73.993584,43.5,44,40.8
UP,1017SA005,2017-10-07,3:43 AM,Derailment,0,SAN ANTONIO,TX,68,4,Dark,Clear,Yard,Yard/switching,7,21890,14796,36686,M503,29.471996,-98.386474,77.4,77,80.4
PTRA,2015000025,2015-07-23,10:00 AM,Derailment,0,PASADENA,TX,98,2,Day,Clear,Yard,Cut of cars,0,28500,1500,30000,H020,29.726501,-95.19122,85.7,86,86.1
CSX,000186494,2019-11-08,5:35 PM,Other impacts,0,NASHVILLE,TN,45,2,Day,Clear,Yard,Yard/switching,8,19535,0,20083,M408,36.112142,-86.770737,49.7,35.4,40.1
CSX,000171674,2017-09-16,9:56 AM,Derailment,0,ANDERSON,IN,70,2,Day,Cloudy,Siding,Cut of cars,0,14493,784,35469,H503,40.083527,-85.679372,66.9,71.7,74.4
CP,1000689500,2018-01-22,3:00 AM,Other impacts,0,KANSAS CITY,MO,44,4,Dark,Rain,Yard,Yard/switching,9,110064,0,185251,H307,39.129761,-94.540198,54,40.2,32.3
ATK,149819,2017-10-05,7:45 PM,Obstruction,0,VALMORA,NM,60,4,Dark,Rain,Main,Passenger Train - Pulling,44,50000,0,55000,M404,35.814214,-104.911051,57.7,56.3,58.2
UP,0916ST008,2016-09-03,2:10 AM,Fire/violent rupture,0,VALENTINE,TX,67,4,Dark,Clear,Siding,Freight Train,5,36644,0,36644,E73L,30.433741,-104.303229,71.8,74.1,75.1
PNR,PNR182019,2018-03-02,12:30 PM,Derailment,0,BORGER,TX,68,2,Day,Clear,Yard,Yard/switching,6,151326,6622,157948,H522,35.66795,-101.3904,44.5,54,61.8
CSX,000170858,2017-08-10,11:30 AM,Side collision,0,RUSSELL,KY,67,2,Day,Rain,Yard,Yard/switching,3,312930,0,672930,H399,38.532124,-82.697651,65.6,69.5,73.8
KCS,22052202,2022-05-22,8:30 PM,Derailment,0,MERIDIAN,MS,80,3,Dusk,Clear,Yard,Yard/switching,4,14055,0,14055,H306,32.361527,-88.698887,79.1,77.7,76.6
BNSF,MT0718103,2018-07-12,1:55 PM,Obstruction,0,POMPEYS PILLAR,MT,92,2,Day,Clear,Main,Spec. MoW Equip.,5,20000,0,20000,H402,46.046076,-107.79517,73.6,75.1,79.6
UP,0418HO022,2018-04-13,4:00 AM,Side collision,0,SWEENY,TX,73,4,Dark,Cloudy,Industry,Freight Train,6,7503,0,132663,H307,29.034559,-95.737728,71.1,76.4,61.6
UP,0622GP019,2022-06-18,3:45 PM,Other impacts,0,NORTH PLATTE,NE,100,2,Day,Clear,Yard,Single Car,0,54978,4720,131925,M411,41.152975,-100.823883,81.6,89.2,89.1
UP,0216FW008,2016-02-11,11:20 PM,Fire/violent rupture,0,ARLINGTON,TX,54,4,Dark,Clear,Yard,Light loco(s),0,122532,0,122532,E74L,32.742339,-97.061687,53.5,59.5,56.7
UP,0815SA003,2015-08-05,2:50 AM,Derailment,0,SAN ANTONIO,TX,80,4,Dark,Cloudy,Yard,Yard/switching,3,34238,0,34238,E22C,29.435763,-98.454862,87.3,87.4,87.2
NJTR,202202072,2022-01-03,1:16 AM,Derailment,0,RARITAN,NJ,19,4,Dark,Clear,Yard,Yard/switching,2,10277,1234,11511,H018,40.570457,-74.643427,51,30.5,24.5
CSX,000211533,2023-05-28,3:46 AM,Other impacts,0,ATLANTA,GA,70,4,Dark,Cloudy,Yard,Freight Train,6,199433,0,199658,H307,33.793898,-84.416751,66.5,67.1,66.9
BNSF,GC0715103,2015-07-10,8:20 PM,Derailment,0,HOUSTON,TX,87,3,Dusk,Clear,Yard,Freight Train,5,12718,5000,18518,H525,29.725042,-95.336262,84.8,85.1,85.7
NS,113469,2014-12-17,12:30 AM,Other impacts,0,CHATTANOOGA,TN,47,4,Dark,Clear,Yard,Yard/switching,10,25000,0,25000,M407,35.060736,-85.266798,50.5,43.4,41.1
UP,1216LV001,2016-12-03,2:30 PM,Other impacts,0,BEAUMONT,TX,42,2,Day,Rain,Yard,Light loco(s),0,9882,0,11793,H307,30.074262,-94.141196,56.9,55,53.2
NS,145376,2022-05-26,3:45 PM,Hwy-rail crossing,4,HARMER,PA,72,2,Day,Clear,Main,Freight Train,35,1133948,278925,1412873,M302,40.531669,-79.847364,63.8,67.6,65.6
UP,1023RM011,2023-10-17,6:31 PM,Other impacts,0,POCATELLO,ID,68,3,Dusk,Clear,Yard,Yard/switching,0,17232,0,17467,H318,42.866084,-112.452293,51.2,53.4,53.7
UP,0215LK022,2015-02-23,4:00 AM,Other (describe in narrative),0,LONGVIEW,TX,34,4,Dark,Cloudy,Yard,Yard/switching,4,24352,20,24372,E29C,32.496069,-94.723085,42.6,31.6,30.9
CSX,000162750,2016-09-08,12:48 PM,Derailment,0,WALBRIDGE,OH,82,2,Day,Cloudy,Yard,Yard/switching,3,14544,500,15044,E36C,41.581061,-83.514222,82.5,79.1,75.5
UP,0921GP017,2021-09-20,4:30 AM,Other impacts,0,NORTH PLATTE,NE,60,1,Dawn,Cloudy,Yard,Cut of cars,0,424,12435,12959,E09C,41.152641,-100.824932,77,63.7,56.7
BNSF,KS0215107,2015-02-20,3:50 AM,Side collision,0,AMARILLO,TX,27,4,Dark,Clear,Industry,Yard/switching,0,20225,0,70525,H307,35.226439,-101.740386,47.3,50.8,42
NS,139178,2020-09-17,5:05 AM,Other (describe in narrative),0,SECAUCUS,NJ,62,1,Dawn,Cloudy,Yard,Yard/switching,7,14060,1729,15789,H306,40.764746,-74.071339,63,68.6,65.3
BNSF,TX0715109,2015-07-28,7:55 PM,Derailment,0,CLEBURNE,TX,100,3,Dusk,Clear,Yard,Freight Train,6,85000,461274,546274,H503,32.354011,-97.38265,87.3,86.7,87.5
CSX,000189114,2020-03-14,7:45 PM,Derailment,0,CONNELLSVILLE,PA,37,3,Dusk,Snow,Yard,Freight Train,7,13117,200,13317,H702,40.015496,-79.591663,53.5,37.5,36.9
UP,0115HO032,2015-01-25,5:30 PM,Raking collision,0,HOUSTON,TX,60,2,Day,Cloudy,Yard,Yard/switching,4,77036,1412,79354,M404,29.815709,-95.287997,49.2,57.2,58.9
UP,0315HU002,2015-03-03,10:05 AM,Raking collision,0,HOUSTON,TX,70,2,Day,Cloudy,Yard,Light loco(s),0,33784,0,134354,E99L,29.824722,-95.290816,54.2,66.3,70.1
CSX,000151688,2015-09-02,3:30 PM,Derailment,0,FARMLAND,IN,84,2,Day,Clear,Main,Freight Train,46,220498,24804,245302,E07C,40.188989,-85.167025,73.3,76.1,76.9
UP,0921HL016,2021-09-18,2:51 PM,Derailment,0,WICHITA,KS,89,2,Day,Clear,Yard,Yard/switching,6,10188,1923,12111,E39C,37.73222,-97.322607,78.2,77.1,78.1
UP,0123GL015,2023-01-05,2:45 PM,Derailment,0,SOUTH ST PAUL,MN,27,2,Day,Cloudy,Main,Freight Train,10,51204,0,62924,H503,44.95312,-93.077286,32.5,26.2,14.9
CSX,000143434,2015-03-22,2:00 AM,Derailment,0,NASHVILLE,TN,50,4,Dark,Clear,Yard,Yard/switching,4,16000,500,16500,E04C,36.112148,-86.770741,54.3,56.5,57.9
NS,154094,2023-09-01,12:30 PM,Other impacts,0,WEST FAIRVIEW,PA,80,2,Day,Clear,Yard,Single Car,0,15000,0,36825,E21C,40.279833,-76.922472,72.1,68.2,72.3
UP,0415HO038,2015-04-14,10:46 AM,Fire/violent rupture,0,LA WARD,TX,75,2,Day,Cloudy,Main,Freight Train,45,331568,0,331568,E73L,28.844882,-96.418261,74.7,71.5,69.8
KCS,15031002,2015-03-10,2:00 PM,Obstruction,0,AGUILARES,TX,70,2,Day,Cloudy,Siding,Spec. MoW Equip.,0,12000,0,12000,H997,27.464167,-99.123611,61.1,60.7,57.3
UP,0420HL015,2020-04-20,12:50 PM,Obstruction,0,KANSAS CITY,MO,52,2,Day,Cloudy,Main,Freight Train,10,30660,0,30660,M404,39.088298,-94.561152,56.1,55.7,58.5
NJTR,201611559,2016-11-05,9:15 AM,Other impacts,0,KEARNY,NJ,55,2,Day,Clear,Yard,Yard/switching,11,55703,8100,63803,H702,40.743527,-74.107967,55.9,51.8,52.9
KCS,19092901,2019-09-29,1:37 AM,Derailment,0,HEAVENER,OK,72,4,Dark,Clear,Yard,Freight Train,10,8344,13897,22241,H519,34.886959,-94.603338,79.4,80.3,78
BNSF,KS1217200,2017-12-03,12:30 PM,Hwy-rail crossing,0,AMARILLO,TX,73,2,Day,Clear,Main,Freight Train,56,1000,112000,113000,M308,35.218204,-101.777756,48.6,59,51.5
RCRY,201801,2018-05-29,5:00 PM,Raking collision,0,EDISON,NJ,81,2,Day,Clear,Yard,Yard/switching,5,36000,40000,76000,H018,40.50635,-74.339035,61.7,75.3,66.4
LI,73341,2020-10-19,10:15 PM,Other (describe in narrative),0,HICKSVILLE,NY,54,4,Dark,Clear,Siding,Light loco(s),8,0,44107,44107,H702,40.76372,-73.542808,53.2,57.2,62.5
YRC,YRC756615,2015-09-12,10:30 PM,Derailment,0,YORK,PA,70,4,Dark,Clear,Industry,Freight Train,9,15000,77350,92350,M101,39.869463,-76.87372,68.4,62.6,62.5
MNCW,79494,2023-04-12,1:50 AM,Derailment,0,TARRYTOWN,NY,66,4,Dark,Clear,Main,Spec. MoW Equip.,2,175000,0,175000,H999,41.072381,-73.865761,59.7,71.1,74.1
CSX,000210394,2023-03-20,8:53 PM,Side collision,0,CHATTANOOGA,TN,54,4,Dark,Clear,Yard,Freight Train,3,18000,0,20000,H210,35.012679,-85.371499,34.3,38.7,47.5
UP,0117ST020,2017-01-30,6:19 AM,Derailment,0,VAN HORN,TX,28,1,Dawn,Clear,Main,Freight Train,40,964542,496100,1460642,H503,31.067517,-104.213288,41.7,45.1,48.9
CRSH,144141,2022-01-25,8:30 AM,Derailment,0,NEWARK,NJ,39,2,Day,Clear,Yard,,0,0,10968,23128,T213,40.713407,-74.149072,29.4,34.7,23.1
BNSF,GC0515120,2015-05-31,4:00 PM,Side collision,0,BEAUMONT,TX,85,2,Day,Clear,Yard,Yard/switching,3,6000,0,21400,E35C,30.094057,-94.116154,77.2,75.2,76.8
CSX,000205821,2022-06-27,11:31 AM,Derailment,0,EAST SYRACUSE,NY,80,2,Day,Clear,Yard,Yard/switching,4,47367,96,47463,H312,43.067062,-76.048431,75.9,69.4,64
UP,0317HO012,2017-03-07,10:30 AM,Other impacts,0,HOUSTON,TX,70,2,Day,Cloudy,Yard,Cut of cars,0,30494,0,50901,M411,29.816387,-95.288287,71.4,71.7,64.6
NS,134298,2019-06-12,1:10 AM,Derailment,0,CRAMERTON,NC,63,4,Dark,Clear,Main,Freight Train,41,5000,18489,23489,E39C,35.239384,-81.077071,76.1,66.1,69.7
NS,114839,2015-03-15,6:42 AM,Derailment,0,WEST FAIRVIEW,PA,40,1,Dawn,Cloudy,Yard,Freight Train,7,37905,0,104002,H306,40.279833,-76.922471,38.8,41.8,41.4
BNSF,RD0819117,2019-08-14,5:40 PM,Side collision,0,TULSA,OK,87,3,Dusk,Clear,Yard,Yard/switching,10,10555,0,20319,S016,36.1194,-96.011652,81.1,82.4,82.8
FMRC,G02282022,2022-02-28,3:28 PM,Fire/violent rupture,0,HOBART,OK,70,2,Day,Cloudy,Main,Freight Train,22,20000,0,20000,E74L,35.062403,-99.075146,36.3,44.6,50.1
NS,140792,2021-03-02,4:00 AM,Other impacts,0,WEST FAIRVIEW,PA,21,1,Dawn,Clear,Yard,Yard/switching,7,136294,2022,185222,M404,40.279807,-76.922451,41.4,32.1,41.6
CSX,000177148,2018-06-22,12:15 PM,Derailment,0,CLEVELAND,OH,70,2,Day,Cloudy,Yard,Yard/switching,4,10669,1488,12157,H702,41.571338,-81.55684,67.6,69.6,70.4
CSX,000218983,2024-06-29,3:09 PM,Derailment,0,WALBRIDGE,OH,80,2,Day,Clear,Yard,Yard/switching,5,57828,36986,94814,T216,41.589911,-83.496929,71.2,79.6,72.3
UP,1215HO049,2015-12-30,2:28 PM,Hwy-rail crossing,0,EAGLE LAKE,TX,58,2,Day,Cloudy,Main,Freight Train,44,7239,25250,32489,M304,29.580085,-96.321059,45.4,50.5,50.1
NS,144512,2022-02-23,2:00 AM,Raking collision,0,PORTSMOUTH,OH,30,4,Dark,Clear,Yard,Single Car,0,2000,0,41459,H302,38.736825,-82.957246,57,41.2,35.4
UP,0816LK033,2016-08-28,4:00 AM,Other impacts,0,LONGVIEW,TX,75,4,Dark,Clear,Yard,Single Car,0,0,0,95500,H318,32.495954,-94.722309,79.5,76.5,77.8
UP,0218HO023,2018-02-14,1:20 AM,Other impacts,0,HOUSTON,TX,65,4,Dark,Fog,Yard,Yard/switching,3,0,0,68513,S007,29.795673,-95.295284,48.8,67,72.1
CSX,000192186,2020-08-23,3:52 AM,Rear end collision,0,ELLICOTT CITY,MD,72,4,Dark,Clear,Main,Freight Train,10,5715,0,33455,H605,39.256658,-76.78015,77.7,79.6,79.8
BNSF,TX0515100,2015-05-08,1:15 AM,Derailment,0,VALLEY VIEW,TX,64,4,Dark,Clear,Main,Freight Train,34,5592849,2176946,7769795,M103,33.456774,-97.154731,68.9,73.1,72.5
BNSF,KS0118107,2018-01-12,10:30 AM,Derailment,0,KANSAS CITY,KS,11,2,Day,Clear,Yard,Light loco(s),4,12500,500,13000,M101,39.074865,-94.650108,29.2,14.1,17.6
UP,0418FW049,2018-04-29,11:22 PM,Derailment,0,FORT WORTH,TX,72,4,Dark,Clear,Main,Freight Train,8,262861,1700,264561,H501,32.708212,-97.417206,70.1,74.1,72.2
CRSH,146843,2024-03-15,12:20 PM,Derailment,0,NEWARK,NJ,68,2,Day,Cloudy,Yard,Cut of cars,0,49543,0,103905,M409,40.693089,-74.159008,56.8,60.8,53.6
UP,0419HL010,2019-04-08,10:15 PM,Derailment,0,PRYOR,OK,63,4,Dark,Clear,Yard,Yard/switching,3,57147,102198,159345,H702,36.237489,-95.33869,64.8,66.2,66.8
CSX,000172986,2017-11-20,8:00 PM,Derailment,0,NASHVILLE,TN,45,4,Dark,Clear,Yard,Yard/switching,5,300709,9476,310185,M409,36.112142,-86.770737,41.4,38.3,46.3
UP,0622GP019,2022-06-18,3:45 PM,Other impacts,0,NORTH PLATTE,NE,100,2,Day,Clear,Yard,Cut of cars,13,72227,0,131925,M411,41.152975,-100.823883,81.6,89.2,89.1
BNSF,MT0818106,2018-08-31,4:39 PM,Other (describe in narrative),0,WHITEFISH,MT,78,2,Day,Clear,Yard,Yard/switching,5,0,26000,26000,H307,48.40976,-114.303711,65.1,60.3,59.5
CSX,000181610,2019-02-28,5:45 AM,Derailment,0,NASHVILLE,TN,49,4,Dark,Clear,Yard,Freight Train,5,13758,6560,20318,M405,36.112142,-86.770737,54.2,45.4,40.6
UP,1214HO006,2014-12-01,7:10 AM,Other impacts,0,BAYTOWN,TX,72,2,Day,Rain,Yard,Single Car,0,185,0,12930,H318,29.784562,-95.016731,69.7,59,49.9
UP,0915PR008,2015-09-05,9:53 AM,Other (describe in narrative),0,NORTHLAKE,IL,70,2,Day,Clear,Yard,Single Car,10,54747,0,54747,H601,41.895953,-87.907423,74.3,76.5,81.5
NS,151657,2022-12-08,2:30 PM,Derailment,0,ENON,OH,53,2,Day,Rain,Main,Freight Train,7,0,23524,40524,E53C,39.870225,-83.958459,48.2,43.2,41.7