reportingrailroadcode,accidentnumber,date,time,accidenttype,hazmatreleasedcars,station,stateabbr,temperature,visibility_code,visibility,weathercondition,tracktype,equipmenttype,trainspeed,equipmentdamagecost,trackdamagecost,totaldamagecost,primaryaccidentcausecode,latitude,longitude,prior_temp,actual_temp,following_temp
MBTA,YR202132,2021-05-08,5:20 AM,Fire/violent rupture,0,SOMERVILLE,MA,45,1,Dawn,Cloudy,Industry,Passenger Train - Pushing,0,209967,0,209967,E79L,42.376044,-71.07624,52.1,50.6,58.8
NS,118679,2015-12-24,1:45 AM,Derailment,0,LEXINGTON,NC,60,4,Dark,Rain,Yard,Yard/switching,8,28430,2500,30930,E30C,35.750594,-80.318289,61.6,68.1,67
UP,0218HO042,2018-02-25,9:25 PM,Derailment,0,BAYTOWN,TX,60,4,Dark,Clear,Main,Yard/switching,5,10912,2612,13524,H703,29.766461,-95.017406,74.8,62.1,62.3
CSX,000163949,2016-10-30,10:28 AM,Derailment,0,NASHVILLE,TN,81,2,Day,Clear,Yard,Yard/switching,4,57949,8900,66849,H503,36.09217,-86.760617,67.5,69.2,70.9
NS,146630,2022-09-29,3:00 PM,Derailment,0,WEST FAIRVIEW,PA,72,2,Day,Clear,Yard,Yard/switching,3,59621,12590,72211,H504,40.279832,-76.922472,58.3,59.3,55.3
CRSH,134853,2019-07-25,7:15 AM,Derailment,0,BAYONNE,NJ,81,1,Dawn,Clear,Industry,,0,0,1000,21000,H704,40.656058,-74.111082,75.9,78.1,78.2
DGNO,DGN482917S,2017-11-08,10:15 AM,Other impacts,0,DALLAS,TX,43,2,Day,Cloudy,Yard,Light loco(s),8,400,0,25000,H302,32.832945,-96.8364,55.9,47.4,48.8
BNSF,TC0615105,2015-06-16,5:55 PM,Other impacts,0,MANDAN,ND,55,3,Dusk,Rain,Yard,Yard/switching,4,23500,0,23500,H318,46.828069,-100.872821,60.4,53.7,60.7
CSX,000169689,2017-06-18,12:10 PM,Other impacts,0,EVANSVILLE,IN,78,2,Day,Cloudy,Yard,Single Car,4,500,0,28270,H318,37.962372,-87.609363,79.8,75.3,75.5
IC,974900,2018-10-04,1:30 AM,Other impacts,0,BATON ROUGE,LA,80,4,Dark,Clear,Yard,Yard/switching,5,27300,35,27335,H318,30.483334,-91.187094,79.7,80,79.2
ATK,138095,2015-07-04,10:15 PM,Hwy-rail crossing,0,HARWOOD,TX,80,4,Dark,Clear,Main,Passenger Train - Pulling,74,27454,0,27454,M308,29.665719,-97.505224,82.4,82.3,82.6
UP,0715FW018,2015-07-18,5:20 PM,Hwy-rail crossing,0,MIDLAND,TX,104,2,Day,Clear,Main,Freight Train,47,0,14291,14291,M302,32.002497,-102.060784,87.3,87.8,88
UP,0916LK002,2016-09-03,2:50 AM,Derailment,0,LONGVIEW,TX,65,4,Dark,Clear,Yard,Light loco(s),1,17353,300,17653,T221,32.49633,-94.718761,77.3,74.9,76.9
UP,1214FW033,2014-12-29,8:37 PM,Side collision,0,DALLAS,TX,41,4,Dark,Clear,Yard,Freight Train,2,15263,0,17671,H991,32.695677,-96.739146,39.6,40.7,42.7
UP,1117SA018,2017-11-17,10:10 AM,Derailment,0,EAGLE PASS,TX,80,2,Day,Cloudy,Yard,,0,0,9648,11148,H607,28.779359,-100.47076,66.4,69.6,69.4
ISRR,ISR814624A,2024-05-26,10:15 PM,Other (describe in narrative),0,PETERSBURG,IN,64,4,Dark,Rain,Main,Freight Train,0,125000,0,125000,M105,38.540351,-87.223379,70.1,69.5,67.8
BNSF,RD0717202,2017-07-18,7:40 PM,Hwy-rail crossing,0,SANGER,TX,90,3,Dusk,Clear,Main,Freight Train,52,500,30000,30500,M302,33.437372,-97.159094,84.5,85.9,86.6
NS,116283,2015-06-28,1:55 AM,Derailment,0,FOUNTAIN HILL,PA,58,4,Dark,Rain,Yard,Yard/switching,4,7703,13295,20998,M201,40.611937,-75.426702,64.4,65.1,68.2
BNSF,KS0715105,2015-07-13,10:00 AM,Rear end collision,0,AMARILLO,TX,65,2,Day,Clear,Yard,Yard/switching,2,1653,0,14753,H306,35.186991,-101.833438,82.6,83.9,82.2
AWRR,D690615,2015-03-05,1:45 AM,Derailment,0,BURNET,TX,29,4,Dark,Snow,Main,Freight Train,7,13000,56000,69000,M101,30.716389,-98.232778,52.4,33.1,38.6
NIRC,2021072026,2021-01-07,12:38 PM,Other (describe in narrative),0,CHICAGO,IL,38,2,Day,Cloudy,Yard,Single Car,5,19000,0,19000,H305,41.670021,-87.616323,34.4,36.6,33.8
UP,0421PN019,2021-04-15,9:45 PM,Other impacts,0,PORTLAND,OR,47,4,Dark,Clear,Yard,Yard/switching,7,14676,0,56866,H018,45.605911,-122.775779,56.9,59.3,62.3
PTRA,PTRA00022F,2023-06-10,9:50 PM,Other (describe in narrative),0,HOUSTON,TX,84,4,Dark,Cloudy,Yard,,0,0,65000,65000,H702,29.71607,-95.227925,82.4,82.7,82.7
BNSF,RD0618108,2018-06-10,12:37 PM,Derailment,0,DAYTON,TX,90,2,Day,Clear,Yard,Yard/switching,4,363978,32000,395978,H607,30.012198,-94.903116,80.3,83.7,84.1
BNSF,RD0817116,2017-08-13,6:45 PM,Derailment,0,SAGINAW,TX,84,2,Day,Clear,Yard,Yard/switching,3,13722,13700,27422,H318,32.830028,-97.357406,85.2,81.4,84
BNSF,GC0415105,2015-04-11,6:05 PM,Other (describe in narrative),0,DAYTON,TX,75,2,Day,Cloudy,Yard,Freight Train,4,18000,0,18000,H318,30.004875,-94.905555,67.4,68.7,71.9
TXPF,06222015,2015-06-22,12:52 AM,Derailment,0,COLEMAN,TX,75,4,Dark,Clear,Yard,Yard/switching,5,160000,1900,161900,H303,31.772081,-99.398881,79.8,79.4,80.4
UP,0316FW007,2016-03-10,6:30 AM,Hwy-rail crossing,0,WILMER,TX,61,1,Dawn,Rain,Main,Freight Train,55,0,14669,14669,M303,32.59903,-96.691715,58.9,59.8,59.5
ATK,181316,2024-07-26,1:09 PM,Hwy-rail crossing,0,PEE DEE,SC,89,2,Day,Clear,Main,Passenger Train - Pulling,76,21303,0,21419,M302,34.251486,-79.497811,77.3,76.3,77.7
DGNO,DGN803215D,2015-09-11,3:15 AM,Derailment,0,VAN ALSTYNE,TX,73,4,Dark,Clear,Yard,Freight Train,6,45000,61500,106500,T221,33.441814,-96.583678,80.2,79.2,72.8
FGLK,12302016,2015-12-30,8:22 PM,Raking collision,0,AUBURN,NY,39,4,Dark,Cloudy,Main,Freight Train,6,13436,0,13436,H306,42.95836,-76.545955,32,38.3,35.2
UP,0715SA004,2015-07-04,10:14 PM,Hwy-rail crossing,0,HARWOOD,TX,80,4,Dark,Clear,Main,,0,0,0,27454,M308,29.665719,-97.505224,82.4,82.3,82.6
NS,114731,2015-03-08,1:55 PM,Other impacts,0,CONWAY,PA,39,2,Day,Clear,Yard,Yard/switching,4,2154,0,13665,H702,40.672361,-80.251826,27.8,39.2,42.6
UP,0619GP014,2019-06-09,3:26 PM,Other impacts,0,NORTH PLATTE,NE,67,2,Day,Clear,Yard,Yard/switching,4,6146,12268,24676,M411,41.148524,-100.842691,72.1,58.8,60.8
PATH,I042919,2019-04-29,8:13 AM,Other impacts,0,JERSEY CITY,NJ,47,2,Day,Clear,Yard,EMU,9,3095,14201,17296,H699,40.7322,-74.0629,49.8,49.6,53.4
DL,180601,2018-06-13,8:30 AM,Derailment,0,SCRANTON,PA,65,2,Day,Cloudy,Siding,Freight Train,5,9000,17463,26463,E64L,41.427839,-75.654319,63.7,67.7,69.6
UP,1117SL009,2017-11-13,10:58 AM,Hwy-rail crossing,0,LEVASY,MO,50,2,Day,Cloudy,Main,Freight Train,30,152001,20592,172593,M302,39.135384,-94.133065,46,46.9,52.4
BNSF,CH0818122,2018-08-28,12:44 PM,Other impacts,0,GALESBURG,IL,90,2,Day,Clear,Yard,Yard/switching,3,15000,3000,18000,E22C,40.912195,-90.381281,81.9,77.5,67.5
LI,77477,2022-07-01,5:51 PM,Derailment,0,HOLLIS,NY,79,2,Day,Cloudy,Yard,EMU,4,15000,4000,19000,H303,40.706667,-73.775139,76.3,79.2,80
BNSF,GC0515109,2015-05-16,11:00 AM,Derailment,0,GALVESTON,TX,80,2,Day,Clear,Yard,Yard/switching,5,600,17500,18100,H702,29.294613,-94.839284,79,80.9,80.1
UP,1214KC016,2014-12-31,11:15 PM,Other impacts,0,KANSAS CITY,MO,20,4,Dark,Cloudy,Yard,Cut of cars,0,2549,0,43073,H307,39.120125,-94.534952,18.5,14.6,27.2
BNSF,TC0718112,2018-07-22,12:01 AM,Derailment,0,HALLOCK,MN,70,4,Dark,Clear,Industry,Freight Train,7,40787,1500,42287,H306,48.702576,-96.92092,67.7,72.1,67.6
CSX,000211085,2023-04-30,6:05 PM,Side collision,0,WALBRIDGE,OH,55,2,Day,Clear,Yard,Yard/switching,4,16807,0,147749,H306,41.589934,-83.496944,56.5,49.6,43.2
UP,0419PN001,2019-04-04,2:27 AM,Derailment,0,LA GRANDE,OR,45,4,Dark,Cloudy,Main,Freight Train,23,6071,25749,31820,E67C,45.35502,-118.187278,50.5,47.4,48.3
TXR,TXR170618,2017-06-18,4:40 PM,Derailment,0,BROWNWOOD,TX,97,2,Day,Clear,Industry,Yard/switching,3,21580,10271,31851,H702,31.682763,-98.986357,86,85.3,79.3
NS,144510,2022-02-25,12:20 AM,Other (describe in narrative),0,TOLEDO,OH,21,4,Dark,Snow,Yard,Freight Train,4,24965,266,25231,H702,41.640696,-83.578766,24.6,25,25.2
BNSF,RD0918123,2018-09-13,11:45 PM,Derailment,0,FARMERS BRANCH,TX,70,4,Dark,Cloudy,Industry,Freight Train,4,5000,12000,17000,H306,32.890134,-96.911913,77.1,79.7,78.6
IHB,2736,2022-02-12,9:46 AM,Derailment,0,RIVERDALE,IL,16,2,Day,Snow,Yard,Cut of cars,0,389641,0,630369,M407,41.639261,-87.652638,36.3,19.6,15
BNSF,SF0615105,2015-06-09,11:50 PM,Derailment,0,TULSA,OK,80,4,Dark,Clear,Yard,Yard/switching,9,181048,526717,707765,H507,36.132199,-96.009904,82.3,82.1,85.5
FEC,X04012319,2019-01-23,2:17 PM,Hwy-rail crossing,0,OAKLAND PARK,FL,77,2,Day,Clear,Main,,0,0,1134,16604,M303,26.174178,-80.13187,70.7,74.1,74.4
UP,1116FW001,2016-11-06,6:50 PM,Other impacts,0,FORT WORTH,TX,63,3,Dusk,Cloudy,Yard,Yard/switching,4,273052,24687,582137,H706,32.726404,-97.368016,65.8,63.6,65.6
CSX,000207489,2022-09-26,12:15 PM,Obstruction,0,CARLISLE,SC,80,2,Day,Clear,Main,Maint./inspect Car,0,13000,0,13000,H997,34.630393,-81.396306,67.6,70.1,63.9
LI,73744,2021-01-08,11:14 AM,Derailment,0,JAMAICA,NY,35,2,Day,Clear,Yard,Yard/switching,3,75784,1973,77757,H703,40.697103,-73.822319,36,32.8,32.5
SKOL,D523415,2015-10-29,2:30 PM,Derailment,0,OWASSO,OK,70,2,Day,Clear,Main,Freight Train,9,2800,24000,26800,T222,36.250688,-95.833857,59.4,53.8,48.4
CSX,000153144,2015-10-12,1:45 PM,Side collision,0,LELAND,NC,71,2,Day,Cloudy,Yard,Cut of cars,3,0,0,11887,H018,34.255867,-77.942985,65.4,63.3,70.6
CSX,000213671,2023-09-21,5:28 AM,Hwy-rail crossing,0,MIDDLETOWN,PA,56,4,Dark,Clear,Main,Freight Train,47,5216,138040,143256,M303,40.201556,-74.877753,63.8,63.8,63.2
IHB,2736,2022-02-12,9:46 AM,Derailment,0,RIVERDALE,IL,16,2,Day,Snow,Yard,Yard/switching,7,223933,16795,630369,M407,41.639261,-87.652638,36.3,19.6,15
BNSF,RD0718206,2018-07-10,4:35 PM,Hwy-rail crossing,0,STREETMAN,TX,90,2,Day,Cloudy,Main,Freight Train,28,30000,1000,31000,M308,31.995626,-96.378804,78.5,79,82.7
UP,0916HO011,2016-09-06,12:15 PM,Derailment,0,SPRING,TX,91,2,Day,Cloudy,Yard,Freight Train,3,10802,3600,14402,M501,30.047431,-95.409006,81.2,83,82.4
LVRR,LVRR012521,2021-01-25,12:30 PM,Derailment,0,MUNCY,PA,22,2,Day,Clear,Industry,Freight Train,8,19056,0,19056,H303,41.216631,-76.803429,26.3,28.8,32
UP,0817FW013,2017-08-10,11:32 PM,Obstruction,0,MIDLAND,TX,90,4,Dark,Clear,Main,Freight Train,42,24675,66,24741,M402,32.062793,-101.943658,81.5,85.3,85.6
UP,0615HO032,2015-06-19,3:03 PM,Obstruction,0,TRINITY,TX,92,2,Day,Cloudy,Main,Freight Train,28,452,25033,25485,M402,30.952772,-95.37541,76.8,80,79.5
UP,0415HO053,2015-04-29,9:15 PM,Derailment,0,HOUSTON,TX,75,4,Dark,Cloudy,Yard,Cut of cars,10,1074,0,30901,M404,29.790758,-95.295465,65.3,64.7,68.9
UP,1216HO024,2016-12-12,9:15 PM,Derailment,0,HOUSTON,TX,60,3,Dusk,Cloudy,Yard,Yard/switching,4,12899,1350,14249,E67C,29.793305,-95.293998,67.7,68.4,69.8
ATK,150548,2017-11-18,7:48 PM,Obstruction,0,NEW BUFFALO,MI,41,3,Dusk,Cloudy,Main,Passenger Train - Pulling,63,20653,0,20653,M404,41.809947,-86.703373,39.3,42.7,33.3
NS,144673,2022-03-12,6:05 AM,Derailment,0,MASCOT,TN,27,1,Dawn,Snow,Main,Freight Train,5,51307,589356,640663,H519,36.029219,-83.824602,51.9,28.4,31.2
IC,1086933,2021-10-30,8:30 AM,Derailment,0,RESERVE,LA,63,2,Day,Cloudy,Yard,Freight Train,4,102091,200504,302595,H307,30.059289,-90.600729,62.8,59.7,63.1
CSX,000201365,2021-11-17,6:10 AM,Hwy-rail crossing,0,DUNN,NC,45,1,Dawn,Clear,Main,Passenger Train - Pulling,60,58028,0,84572,M302,35.309155,-78.609677,47,56.9,62.1
CSX,000205832,2022-06-28,7:11 PM,Side collision,0,CLEVELAND,OH,72,3,Dusk,Clear,Yard,Yard/switching,5,87229,17990,164825,H318,41.570296,-81.556448,71.7,68.3,72
BNSF,HL1019116,2019-10-17,11:30 PM,Derailment,0,LINCOLN,NE,64,4,Dark,Clear,Yard,Freight Train,10,16400,0,16400,H704,40.807497,-96.755159,47.4,53.6,64.1
NS,154201,2023-09-12,9:50 AM,Other impacts,0,WAYNESBURG,PA,70,2,Day,Clear,Main,Spec. MoW Equip.,0,0,0,41000,H402,39.913725,-80.227268,68.1,65.6,65.1
CSX,000211682,2023-06-05,5:47 AM,Hwy-rail crossing,0,RUSSIA,OH,58,1,Dawn,Clear,Main,Freight Train,48,12258,0,12258,M304,40.244583,-84.368717,68.6,64.2,66.2
NS,127953,2018-01-01,4:49 AM,Derailment,0,ALLIANCE,OH,-4,1,Dawn,Snow,Main,Freight Train,5,9600,2817,12417,E53C,40.930109,-81.106278,8.8,5.3,7.7
UP,0317HO024,2017-03-08,9:47 AM,Other impacts,0,LA PORTE,TX,65,2,Day,Cloudy,Yard,Cut of cars,0,162,0,68387,M411,29.680771,-95.039088,71.6,64.8,71
RVT,RVT2019001,2019-07-15,12:43 PM,Other impacts,0,WHITE CITY,OR,80,2,Day,Clear,Yard,Light loco(s),2,100,25000,25100,E99L,42.434442,-122.854231,75.6,73.9,74.4
CSX,000191272,2020-07-10,9:05 AM,Derailment,0,LOUISVILLE,KY,90,2,Day,Cloudy,Yard,Freight Train,6,35483,12400,47883,H702,38.160709,-85.749174,82,82,79
BNSF,RD0818102,2018-08-02,4:50 PM,Derailment,0,SAGINAW,TX,102,2,Day,Clear,Yard,Yard/switching,8,24592,2300,26892,H607,32.836224,-97.341976,80.8,84,86
UP,0721MA031,2021-07-26,2:09 AM,Other impacts,0,SHREVEPORT,LA,78,4,Dark,Clear,Yard,Single Car,0,6803,0,68754,H318,32.430236,-93.905594,87,87.1,85.4
BNSF,GC0315103,2015-03-12,4:05 AM,Side collision,0,TEMPLE,TX,48,4,Dark,Clear,Yard,Freight Train,0,20625,0,28700,H607,31.107842,-97.348787,54.6,57.2,61.4
SLWC,210311001,2021-03-11,12:30 PM,Fire/violent rupture,0,CYRIL,OK,50,2,Day,Rain,Main,Light loco(s),10,30000,0,30000,M406,34.884048,-98.20699,69.4,57.3,61
CSX,000205115,2022-05-23,1:45 PM,Derailment,0,NASHVILLE,TN,68,2,Day,Clear,Yard,Freight Train,5,40059,2512,42571,E40C,36.112136,-86.770713,68.8,63.8,67.4
URR,4319,2014-11-22,3:05 PM,Derailment,0,BRADDOCK,PA,50,2,Day,Clear,Industry,Yard/switching,4,15000,2400,17400,H704,40.392723,-79.846647,22.1,32.9,53.9
BNSF,HL0717100,2017-07-01,10:52 AM,Derailment,0,MEMPHIS,TN,93,2,Day,Clear,Yard,Light loco(s),4,26000,0,26000,H607,35.028693,-89.899642,78.7,81,79.3
BNSF,RD0919129,2019-09-28,5:41 AM,Side collision,0,OKLAHOMA CITY,OK,75,1,Dawn,Clear,Yard,Freight Train,10,53860,0,72362,H318,35.386323,-97.484,80.9,79.1,79.6
CSX,000160634,2016-06-15,2:27 AM,Other (describe in narrative),0,CHATTANOOGA,TN,72,4,Dark,Clear,Yard,Cut of cars,0,16230,0,34230,M204,35.006723,-85.376506,79.9,79.2,80.6
BNSF,RD1117113,2017-11-17,5:45 PM,Side collision,0,TEMPLE,TX,70,3,Dusk,Clear,Yard,Yard/switching,6,1812,15500,19276,H318,31.106227,-97.348966,69.2,74.1,67.8
PW,PWR240117R,2017-03-08,1:30 AM,Derailment,0,PROVIDENCE,RI,48,4,Dark,Rain,Industry,Yard/switching,3,58000,4000,62000,H306,41.798985,-71.399884,39.5,50.4,47.5
NS,141247,2021-04-15,5:50 PM,Other impacts,0,BELLEVUE,OH,55,3,Dusk,Clear,Yard,Yard/switching,4,39855,0,40455,M408,41.289368,-82.79273,51.8,42.3,45.6
BNSF,PR1016108,2016-10-19,11:15 AM,Rear end collision,0,BALLANTINE,MT,61,2,Day,Clear,Main,Spec. MoW Equip.,5,500,0,15300,H997,45.937754,-108.17468,48.7,45.9,47.8
CSX,000188427,2020-02-13,8:47 AM,Derailment,0,CINCINNATI,OH,33,2,Day,Cloudy,Yard,Yard/switching,6,147004,3000,150004,E40C,39.124551,-84.542521,34,34,19.3
NS,130546,2018-08-10,8:00 PM,Raking collision,0,BELLEVUE,OH,72,4,Dark,Clear,Yard,Yard/switching,4,287882,500,293143,H306,41.274423,-82.83357,73.9,73.3,71.5
UP,0418NP017,2018-04-18,7:45 PM,Other impacts,0,GRAND ISLAND,NE,36,3,Dusk,Clear,Yard,Yard/switching,2,284,37659,38227,M411,40.932179,-98.327409,43,37.6,41.8
FWWR,15052901,2015-05-29,1:00 PM,Derailment,0,COPPELL,TX,77,2,Day,Cloudy,Main,Freight Train,23,60630,141845,202475,M103,32.97654,-96.99181,78.1,70.7,70.5
UP,0518NP040,2018-05-28,3:54 PM,Fire/violent rupture,0,COLUMBUS,NE,93,2,Day,Clear,Main,Freight Train,35,269718,0,269718,E74L,41.429073,-97.342,84.5,78.4,71.6
UP,0219PN029,2019-02-12,1:19 PM,Other (describe in narrative),0,STANFIELD,OR,42,2,Day,Cloudy,Yard,Single Car,0,62153,33,62186,S007,45.796329,-119.268716,25.9,32,30.3
CSX,000205832,2022-06-28,7:11 PM,Side collision,0,CLEVELAND,OH,72,3,Dusk,Clear,Yard,Single Car,5,59606,0,164825,H318,41.570296,-81.556448,71.7,68.3,72
BNSF,RD0917118,2017-09-22,11:25 AM,Rear end collision,0,HEIDENHEIMER,TX,91,2,Day,Clear,Main,Freight Train,14,143819,22500,179319,H605,30.986681,-97.273469,82.7,80.6,79.9
LSRC,M170731,2017-07-31,10:00 PM,Obstruction,0,ROSCOMMON,MI,80,4,Dark,Cloudy,Siding,Spec. MoW Equip.,0,66390,0,227477,H702,44.500865,-84.595274,67.8,72.2,72.8
BNSF,RD1117114,2017-11-17,7:45 PM,Obstruction,0,HOUSTON,TX,70,3,Dusk,Clear,Yard,Yard/switching,5,17575,0,17575,M404,29.704948,-95.328698,72.7,75.2,73
NS,115400,2015-04-25,5:45 AM,Other impacts,0,BELLEVUE,OH,41,1,Dawn,Rain,Yard,Yard/switching,3,7632,0,64977,H306,41.288346,-82.803539,42,43.3,45.2
IC,926165,2017-06-16,3:20 AM,Derailment,0,MEMPHIS,TN,75,4,Dark,Clear,Yard,Yard/switching,5,13670,2000,15670,E04C,35.072421,-90.071423,80.6,75.8,77.7
BNSF,TC0519111,2019-05-20,2:20 PM,Side collision,0,GRAND FORKS,ND,70,2,Day,Clear,Yard,Freight Train,10,74756,0,94756,H607,47.918032,-97.054531,50.9,53.7,56.8
NS,151621,2022-12-03,2:05 PM,Other impacts,0,COLUMBIA,SC,72,2,Day,Cloudy,Yard,Single Car,5,25539,2877,30416,H312,33.985296,-81.039107,46.2,59.7,57.6
ATK,162339,2019-12-15,2:26 AM,Obstruction,0,NEW YORK,NY,37,4,Dark,Clear,Main,Passenger Train - Pushing,15,0,9649,9649,H307,40.75058,-73.993584,50.5,43.5,35.2
UP,1119HL004,2019-11-04,1:50 AM,Other (describe in narrative),0,SEDALIA,MO,48,4,Dark,Clear,Main,Work train,40,100,107651,107751,E44C,38.712514,-93.234984,47.2,48.4,46.6
UP,0817HO023,2017-08-12,1:14 PM,Hwy-rail crossing,0,HOUSTON,TX,97,2,Day,Clear,Main,Freight Train,41,250,17033,17283,M304,30.022887,-95.402917,87.3,87.9,87.3
UP,0919PN034,2019-09-27,4:49 PM,Derailment,0,HERMISTON,OR,69,2,Day,Clear,Yard,Freight Train,2,14224,5850,20074,H303,45.794866,-119.291125,66.1,59.7,50.5
UP,0215FW023,2015-02-25,7:40 AM,Side collision,0,DALLAS,TX,34,2,Day,Snow,Yard,Yard/switching,7,36123,1617,96320,H306,32.717814,-96.751964,30.5,38,34.7
SLWC,190314001,2019-03-14,6:30 AM,Derailment,0,CYRIL,OK,55,1,Dawn,Clear,Industry,Freight Train,5,40000,1652,41652,T220,34.896889,-98.196,62.6,49.6,45.2
CSX,000205218,2022-05-28,2:40 PM,Side collision,0,CHATTANOOGA,TN,66,2,Day,Clear,Yard,Yard/switching,7,62980,1777,107662,H702,35.012657,-85.371486,70,70.1,73
NS,123181,2016-12-15,2:20 PM,Derailment,0,WESLEYVILLE,PA,12,2,Day,Snow,Siding,Single Car,1,80000,0,106692,M105,42.135153,-80.038719,22.7,16.4,15.2
ATK,155431,2018-09-21,1:33 PM,Hwy-rail crossing,0,MISSOURI CITY,TX,93,2,Day,Cloudy,Main,Passenger Train - Pulling,57,38716,0,55448,M302,29.623828,-95.526253,81.5,82.2,79.1
BNSF,RD0624124,2024-06-24,4:45 AM,Derailment,0,TULSA,OK,81,1,Dawn,Clear,Yard,Yard/switching,9,33470,19107,52577,M505,36.131242,-96.010171,89,90,89.7
GNBC,G06042018,2018-06-04,3:30 AM,Derailment,0,ENID,OK,60,4,Dark,Clear,Yard,Light loco(s),8,3750,0,68750,E64L,36.401428,-97.897695,73.6,74,77.7
UP,0315HU002,2015-03-03,10:05 AM,Raking collision,0,HOUSTON,TX,70,2,Day,Cloudy,Yard,Light loco(s),0,12173,0,134354,E99L,29.824722,-95.290816,54.2,66.3,70.1
MNCW,2016052819,2016-05-28,2:05 PM,Other (describe in narrative),0,NORWALK,CT,90,2,Day,Clear,Main,Commuter Train - Pushing,7,25000,2500,27500,H999,41.100175,-73.416705,70.9,75.4,74.3
UP,0918DV026,2018-09-15,2:00 PM,Other (describe in narrative),0,WAMSUTTER,WY,70,2,Day,Clear,Yard,Single Car,0,11729,0,11729,M299,41.555309,-108.547828,65.6,67.9,71.8
CSX,000176903,2018-06-10,10:25 PM,Other impacts,0,NASHVILLE,TN,81,4,Dark,Cloudy,Yard,Freight Train,10,38894,0,55534,H995,36.112142,-86.770737,80.8,75.7,80.3
XTGS,F0052018,2018-03-17,5:00 PM,Derailment,0,ANAHUAC,TX,80,2,Day,Clear,Industry,Yard/switching,6,1100,13776,14876,H503,29.699088,-94.897499,71.7,72.7,74.3
BNSF,GC0215111,2015-02-16,7:14 PM,Derailment,0,DAYTON,TX,37,3,Dusk,Rain,Main,Yard/switching,7,70101,0,75915,H607,29.99093,-94.908058,61.4,52.6,40.6
BNSF,RD1116121,2016-11-27,2:45 AM,Derailment,0,COLEMAN,TX,51,4,Dark,Clear,Yard,Freight Train,10,86398,0,89215,H307,31.776702,-99.374189,53.1,62.7,62
UP,0115SA001,2015-01-01,11:30 PM,Derailment,0,SMITHVILLE,TX,40,4,Dark,Rain,Yard,Work train,5,1348,66787,68135,T215,30.0018,-97.150144,40.4,39.6,42.5
IC,940496,2017-10-30,10:05 PM,Other impacts,0,GEISMAR,LA,54,4,Dark,Clear,Industry,Freight Train,5,21000,25,21025,H318,30.186945,-90.995668,48.6,56.7,62.2
NJTR,201904186,2018-07-16,7:00 AM,Other (describe in narrative),0,BAY HEAD,NJ,75,2,Day,Cloudy,Yard,Cut of cars,0,19149,0,19149,M502,40.075373,-74.049217,74.4,81,77.5
BNSF,CH1015200,2015-10-13,1:40 PM,Hwy-rail crossing,0,SOMONAUK,IL,65,2,Day,Clear,Main,,0,0,30000,30000,M302,41.62999,-88.7071,64.8,54.8,49.3
UP,0618KC020,2018-06-19,1:30 AM,Derailment,0,KANSAS CITY,MO,92,4,Dark,Clear,Yard,Yard/switching,1,11781,4492,16273,M405,39.11683,-94.499472,86.7,81,79.6
BNSF,KS0317101,2017-03-07,2:20 PM,Other impacts,0,AMARILLO,TX,62,2,Day,Clear,Yard,Yard/switching,4,250,0,41250,H702,35.212918,-101.827224,61.6,45.6,55.6
UP,0717HO030,2017-07-16,5:45 PM,Other impacts,0,HOUSTON,TX,82,2,Day,Clear,Yard,Single Car,0,11320,0,11320,M411,29.795173,-95.29504,81.4,81.8,83.7
ATK,166702,2021-03-25,12:40 AM,Obstruction,0,NEWARK,NJ,57,4,Dark,Rain,Main,Spec. MoW Equip.,0,16003,0,32006,H607,40.715136,-74.177267,52,57.1,64.2
GVSR,GVS955116,2016-10-20,10:45 AM,Derailment,0,GALVESTON,TX,84,2,Day,Cloudy,Yard,Yard/switching,5,24700,72434,97134,T220,29.303053,-94.813275,82.5,77.9,69.8
MNCW,82863,2024-06-26,9:40 PM,Obstruction,0,DOVER PLAINS,NY,83,4,Dark,Cloudy,Main,Commuter Train - Pushing,70,35000,0,35000,M404,41.699046,-73.588066,74.5,78.4,72.1
KCS,17020901,2017-02-09,3:25 PM,Derailment,0,LAREDO,TX,76,2,Day,Clear,Main,Freight Train,7,6385,11762,18147,H799,27.51059,-99.250446,73.8,66.6,68.5
SLWC,180202001,2018-02-02,1:04 PM,Hwy-rail crossing,0,ELGIN,OK,50,2,Day,Clear,Main,Freight Train,25,41700,0,41700,M302,34.781458,-98.293653,45,38.4,43.4
UP,1117HO029,2017-11-24,3:30 PM,Derailment,0,TEXAS CITY,TX,62,2,Day,Clear,Yard,Freight Train,5,267126,3290,270416,T221,29.34745,-94.939972,55.6,60.3,67.9
BNSF,NW1017116,2017-10-25,1:41 AM,Obstruction,0,OAKBROOK,OR,42,4,Dark,Clear,Main,Freight Train,35,22264,1490,23754,M404,45.331753,-120.950188,74.1,65.1,61.8
UP,0522HL022,2022-05-28,12:15 AM,Obstruction,0,KANSAS CITY,MO,69,4,Dark,Cloudy,Main,Freight Train,18,17135,0,869635,H499,39.091972,-94.544566,64.4,74.5,79.1
UP,1216HO014,2016-12-08,1:05 AM,Derailment,0,DAYTON,TX,55,4,Dark,Rain,Yard,Cut of cars,0,302967,0,743411,H306,30.00066,-94.905068,53.2,48.2,42.9