reportingrailroadcode,accidentnumber,date,time,accidenttype,hazmatreleasedcars,station,stateabbr,temperature,visibility_code,visibility,weathercondition,tracktype,equipmenttype,trainspeed,equipmentdamagecost,trackdamagecost,totaldamagecost,primaryaccidentcausecode,latitude,longitude,prior_temp,actual_temp,following_temp
UP,0515HO006,2015-05-03,8:05 AM,Other impacts,0,HOUSTON,TX,72,2,Day,Clear,Yard,Yard/switching,4,191,12355,12847,M411,29.81641,-95.290373,70.8,71.2,73.3
UP,1115HO019,2015-11-08,12:00 AM,Derailment,0,DAYTON,TX,60,4,Dark,Cloudy,Yard,Single Car,0,14268,1219,16448,H302,30.004833,-94.903778,65.1,59.9,60.2
UP,0318SL006,2018-03-24,12:52 PM,Fire/violent rupture,0,WAVERLY,MO,48,2,Day,Cloudy,Main,Light loco(s),0,326281,0,326281,E72L,39.213155,-93.521506,49.5,45.7,39.1
NS,152666,2023-03-30,2:15 AM,Other (describe in narrative),0,CHATTANOOGA,TN,40,4,Dark,Clear,Yard,Freight Train,3,3800,1374,15174,M503,35.007198,-85.375514,52.5,56,62.1
UP,0421PN029,2021-04-21,10:47 PM,Other impacts,0,HERMISTON,OR,61,4,Dark,Clear,Yard,Yard/switching,4,16598,465,46563,H318,45.796329,-119.268716,49.6,52.8,61
BNSF,NW1216116,2016-12-25,1:44 AM,Obstruction,0,ATHOL,ID,27,4,Dark,Snow,Main,Freight Train,0,1165,0,76165,M402,47.972133,-116.702669,29.4,25.8,25
UP,0915LK010,2015-09-08,12:34 AM,RR grade crossing,0,TEXARKANA,TX,82,4,Dark,Cloudy,Main,Freight Train,26,451704,0,4664073,H401,33.415589,-94.051147,83,85,77.1
UP,0215SA013,2015-02-10,3:00 AM,Derailment,0,SAN ANTONIO,TX,48,4,Dark,Clear,Yard,Yard/switching,5,15895,3600,19495,H524,29.435864,-98.456548,63.5,62.6,60.6
SEPA,Y221,2022-09-06,9:24 PM,Head on collision,0,CHALFONT,PA,70,4,Dark,Clear,Main,EMU,50,30000,0,30000,M510,40.280708,-75.237467,76.5,71,68
NJTR,201607352,2016-06-06,10:43 PM,Derailment,0,GREAT NOTCH,NJ,80,4,Dark,Clear,Yard,Commuter Train - Pushing,3,15000,500,15500,H303,40.874488,-74.202936,67.7,75,73.1
UP,0916HO013,2016-09-06,10:02 AM,Derailment,0,PALESTINE,TX,78,2,Day,Cloudy,Yard,Yard/switching,4,14111,4000,18111,M507,31.7614,-95.632671,79.4,80.9,81.6
NKCR,NKCR182279,2018-10-22,9:30 PM,Hwy-rail crossing,0,WALLACE,NE,50,4,Dark,Clear,Main,Freight Train,0,18000,250,18250,M302,40.828903,-101.139844,54.5,51,47.5
UP,0315HU002,2015-03-03,10:05 AM,Raking collision,0,HOUSTON,TX,70,2,Day,Cloudy,Yard,Light loco(s),0,15175,0,134354,E99L,29.824722,-95.290816,54.2,66.3,70.1
NS,119990,2016-04-04,6:20 AM,Derailment,0,RIDGEVILLE,SC,68,1,Dawn,Clear,Siding,Freight Train,12,400,14956,15356,H701,33.097826,-80.319446,60.1,60.3,59.1
BNSF,NE1214100,2014-12-02,7:15 PM,Derailment,0,WATERBURY,NE,20,3,Dusk,Clear,Main,Freight Train,9,248926,110000,358926,T221,42.262999,-96.421113,14.1,25.4,27.9
BNSF,TC0123117,2023-01-28,12:23 PM,Derailment,0,ELK POINT,SD,24,2,Day,Clear,Main,Freight Train,10,10404,73537,83941,E53C,42.683272,-96.674498,28,10.8,0.3
CSX,000170899,2017-08-13,3:27 PM,Other impacts,0,NASHVILLE,TN,89,2,Day,Cloudy,Yard,Cut of cars,4,14925,0,15629,H018,36.100736,-86.75124,78.4,76.8,75.5
UP,0315HO020,2015-03-07,11:13 PM,Derailment,0,GALVESTON,TX,42,4,Dark,Cloudy,Industry,Single Car,0,812,0,141576,H509,29.303529,-94.898546,42.8,51.4,54
CSX,000163594,2016-10-17,12:56 AM,Derailment,0,FRAMINGHAM,MA,50,4,Dark,Clear,Yard,Freight Train,7,37213,901,38114,H503,42.278197,-71.411043,54.4,66.6,62.3
CSX,000191425,2020-07-17,10:05 AM,Hwy-rail crossing,0,TIFFIN,OH,78,2,Day,Clear,Main,Freight Train,48,6394,8941,15335,M303,41.120437,-83.187745,78.8,78.1,81.4
BNSF,RD0819125,2019-08-18,6:15 PM,Side collision,0,TULSA,OK,85,3,Dusk,Clear,Yard,Yard/switching,2,10995,0,33996,M407,36.123045,-96.010921,87.4,84.7,88.3
UP,0717FW017,2017-07-14,9:35 PM,Fire/violent rupture,0,ALEDO,TX,92,4,Dark,Clear,Main,Freight Train,40,23994,0,23994,E73L,32.696454,-97.60327,87.2,88.4,86.8
LI,69317,2019-02-19,4:15 PM,Derailment,0,RICHMOND HILL,NY,40,2,Day,Clear,Industry,,0,0,10000,23954,M101,40.698547,-73.829443,35,29.3,28.8
CSX,000172888,2017-11-15,10:20 AM,Derailment,0,CHATTANOOGA,TN,77,2,Day,Clear,Yard,Yard/switching,5,56330,48,56378,M204,35.012658,-85.371483,47.7,48.9,54.8
NJTR,202009304,2020-09-02,5:50 PM,Derailment,0,MORRISVILLE,PA,67,2,Day,Clear,Yard,Yard/switching,5,99252,1572,100824,H704,40.195125,-74.791871,71.3,76.1,78.1
NS,124590,2017-04-04,12:11 PM,Derailment,0,DANVILLE,KY,70,2,Day,Clear,Main,Freight Train,13,82330,9352,91682,H524,37.620948,-84.788665,61.8,61.7,61.5
NS,139689,2020-11-09,10:00 PM,Other impacts,0,CONWAY,PA,48,4,Dark,Clear,Yard,Cut of cars,0,32503,0,44065,M411,40.672356,-80.251823,54.5,56.6,63.6
UP,0615FW001,2015-06-02,4:16 PM,Obstruction,0,ODESSA,TX,90,2,Day,Clear,Main,Freight Train,68,2956,72604,75560,M402,31.843261,-102.369039,76,78,79.8
CSX,000164903,2016-12-04,8:50 PM,Derailment,0,NASHVILLE,TN,45,4,Dark,Clear,Yard,Yard/switching,6,46798,360,47158,H306,36.112142,-86.770737,40.8,44.4,44.8
MBTA,YR202228,2022-02-25,8:35 AM,Obstruction,0,WALTHAM,MA,29,2,Day,Snow,Main,Passenger Train - Pushing,32,14564,0,14564,M402,42.361989,-71.261863,26.6,24.5,20.3
UP,1015FW009,2015-10-15,4:12 AM,Derailment,0,BIG SANDY,TX,52,4,Dark,Clear,Yard,Freight Train,14,176556,101510,278066,T220,32.581328,-95.1091,71.2,74.4,70.3
UP,1214HO006,2014-12-01,7:10 AM,Other impacts,0,BAYTOWN,TX,72,2,Day,Rain,Yard,Freight Train,3,12745,0,12930,H318,29.784562,-95.016731,69.7,59,49.9
BNSF,RD1218106,2018-12-07,4:05 AM,Derailment,0,AVONDALE,LA,45,1,Dawn,Clear,Yard,Cut of cars,0,5802,18000,40159,H501,29.916347,-90.17941,52.9,62.3,61.7
UP,1015FW016,2015-10-24,3:05 AM,Derailment,0,CORSICANA,TX,65,4,Dark,Rain,Main,Freight Train,20,3755057,486124,4241181,M103,32.150404,-96.477455,71,66.4,60.5
NS,143021,2021-10-01,4:05 PM,Other impacts,0,GREENSBORO,NC,80,3,Dusk,Clear,Yard,Yard/switching,8,20626,0,29126,H318,36.062079,-79.821037,67.9,65.2,68.9
CSX,000171722,2017-09-19,7:15 AM,Derailment,0,EAST SYRACUSE,NY,75,2,Day,Clear,Yard,Freight Train,4,47024,7312,54336,E21C,43.067112,-76.048421,71.5,69.4,68.1
PNR,PNR151337,2015-12-03,11:48 PM,Derailment,0,BORGER,TX,40,4,Dark,Clear,Main,Freight Train,10,128607,8612,137219,H020,35.661369,-101.388232,40.4,42.7,46.2
BNSF,RD0422110,2022-04-15,2:30 AM,Derailment,0,TULSA,OK,60,4,Dark,Clear,Yard,Yard/switching,5,17000,7300,24300,H307,36.127013,-96.011037,53.8,67.9,54.6
NS,121485,2016-07-31,1:00 PM,Other (describe in narrative),0,BELLEVUE,OH,85,2,Day,Clear,Yard,Yard/switching,1,0,15754,15754,M407,41.273354,-82.834598,74.8,75.9,76
UP,0223GP027,2023-02-12,12:00 PM,Other (describe in narrative),0,NORTH PLATTE,NE,41,2,Day,Cloudy,Yard,Single Car,0,25974,0,25974,M411,41.150619,-100.81347,28.1,31.2,35.1
UP,0717SA012,2017-07-20,5:20 PM,Derailment,0,KNIPPA,TX,99,2,Day,Clear,Main,,0,0,203099,205099,E51C,29.276396,-99.703948,85.6,86.8,87.5
NS,152826,2023-04-14,4:30 PM,Other impacts,0,ENOLA,PA,75,3,Dusk,Clear,Yard,Single Car,4,0,16372,16522,H312,40.306424,-76.920706,75.3,72.8,69.8
UP,0218HO023,2018-02-14,1:20 AM,Other impacts,0,HOUSTON,TX,65,4,Dark,Fog,Yard,Cut of cars,0,33137,0,68513,S007,29.795673,-95.295284,48.8,67,72.1
KCS,15031002,2015-03-10,2:00 PM,Obstruction,0,AGUILARES,TX,70,2,Day,Cloudy,Siding,Spec. MoW Equip.,2,0,0,12000,H997,27.464167,-99.123611,61.1,60.7,57.3
CP,1000689500,2018-01-22,3:00 AM,Other impacts,0,KANSAS CITY,MO,44,4,Dark,Rain,Yard,Single Car,0,106,0,185251,H307,39.129761,-94.540198,54,40.2,32.3
BNSF,PR0520107,2020-05-11,3:00 PM,Broken train collision,0,GILLETTE,WY,45,2,Day,Clear,Main,Spec. MoW Equip.,0,203417,0,243667,H008,44.216404,-105.293504,37.6,36.5,42.2
LI,79698,2023-05-11,2:23 AM,Derailment,0,LONG ISLAND CITY,NY,61,4,Dark,Clear,Yard,Spec. MoW Equip.,5,52320,38004,90324,M405,40.740574,-73.951891,61.2,70,76.4
CRSH,146837,2024-03-01,7:50 AM,Derailment,0,WOODBRIDGE,NJ,38,1,Dawn,Clear,Yard,Yard/switching,5,39122,10647,49769,T220,40.567988,-74.248719,36.8,37.9,46.5
KCS,16042302,2016-04-23,6:50 AM,Derailment,0,DOMINO,TX,70,1,Dawn,Clear,Industry,Yard/switching,8,0,19675,19675,H702,33.25178,-94.110019,67.3,68.4,70.5
UP,0119GP061,2019-01-30,8:50 PM,Derailment,0,ALEXANDRIA,NE,6,4,Dark,Clear,Main,Freight Train,10,72504,1792,74296,E71L,40.242507,-97.388959,18.2,3.5,18.5
CSX,000211131,2023-05-03,5:05 AM,Other impacts,0,WAYCROSS,GA,73,1,Dawn,Clear,Yard,Single Car,9,10432,0,38681,S016,31.21353,-82.353568,68.3,66.6,64.2
UP,0415LV026,2015-04-26,8:00 AM,Derailment,0,PORT ARTHUR,TX,76,2,Day,Cloudy,Industry,Freight Train,5,12138,4864,17002,T216,29.835168,-93.968162,75.2,74.3,71.3
ALS,201024,2020-10-24,6:36 AM,Derailment,0,EAST ST LOUIS,IL,48,1,Dawn,Clear,Yard,,0,0,3450,19723,H210,38.584207,-90.133406,55.1,46.2,48.1
KCS,18052503,2018-05-25,1:00 PM,Derailment,0,DALLAS,TX,91,2,Day,Clear,Yard,,0,0,21263,25763,H399,32.856794,-96.672081,81.3,81.1,83.3
CSX,000142845,2015-03-11,2:23 PM,Derailment,0,SELKIRK,NY,50,2,Day,Clear,Yard,Single Car,7,322,12686,13008,S016,42.566588,-73.852296,35.3,41.9,34.6
CP,1000438442,2016-08-19,6:20 AM,Derailment,0,ST PAUL,MN,65,1,Dawn,Cloudy,Yard,Yard/switching,4,90518,41583,371040,H523,44.924666,-93.020521,74.1,70.3,64.1
UP,0517SA007,2017-05-10,11:50 PM,Hwy-rail crossing,0,HONDO,TX,70,4,Dark,Clear,Main,Freight Train,38,0,70000,70000,M308,29.347024,-99.150368,74.8,77.6,74.8
UP,0121TO035,2021-01-30,6:00 AM,Derailment,0,MUSKOGEE,OK,47,1,Dawn,Rain,Yard,Freight Train,6,386585,18200,404785,H702,35.744201,-95.370013,42.3,53.9,40.3
BNSF,RD0218103,2018-02-01,1:45 AM,Derailment,0,MORGAN,TX,47,4,Dark,Clear,Main,Freight Train,21,38000,568918,606918,E61C,32.015438,-97.592225,57.6,54.4,44.7
BNSF,SW1020106,2020-10-08,3:20 PM,Side collision,0,GALLUP,NM,70,2,Day,Clear,Yard,Freight Train,0,197736,0,308679,H318,35.519371,-108.772114,55.6,56.7,57.2
CSX,000191293,2020-07-10,10:04 PM,Other impacts,0,CUMBERLAND,MD,72,4,Dark,Cloudy,Yard,Yard/switching,10,0,500,250517,H307,39.644504,-78.760839,78.6,77.9,75.3
BNSF,PR1218109,2018-12-14,3:48 PM,Derailment,0,GREYBULL,WY,25,2,Day,Clear,Yard,Yard/switching,4,11600,5000,16600,H607,44.493747,-108.057614,20,19.3,28.1
UP,0217FW043,2017-02-15,3:39 PM,Hwy-rail crossing,0,CALVERT,TX,60,2,Day,Clear,Main,Freight Train,22,3117,47035,50152,M303,30.977682,-96.672486,53.3,49.1,49.8
KCS,22082404,2022-08-24,12:30 PM,Derailment,0,BRANDON,MS,85,2,Day,Cloudy,Main,Freight Train,25,103773,464443,568216,M103,32.291333,-89.984641,72.8,73,75.2
NJTR,202204189,2022-04-13,8:15 PM,Derailment,0,KEARNY,NJ,55,4,Dark,Clear,Yard,Yard/switching,5,24831,1362,26193,H704,40.743539,-74.111817,59.5,61.2,69.2
CSX,000210397,2022-09-02,2:29 AM,Other impacts,0,NASHVILLE,TN,62,4,Dark,Clear,Industry,Yard/switching,2,0,24000,24000,M599,36.112157,-86.770728,75.8,77.4,76.1
NS,137694,2020-04-08,3:00 PM,Other (describe in narrative),0,VENICE,MO,75,2,Day,Clear,Yard,Freight Train,3,26186,0,31001,H399,38.688211,-90.212971,70.6,73.7,56.6
CSX,000212726,2023-08-05,10:55 PM,Other impacts,0,PHILADELPHIA,PA,80,4,Dark,Cloudy,Yard,Cut of cars,0,124490,112,133716,H318,39.898701,-75.16696,72.1,77.1,79
CSX,000154156,2015-11-10,11:40 PM,Derailment,0,NAHUNTA,NC,60,4,Dark,Rain,Main,Freight Train,17,143185,9680,152865,E30C,35.619503,-78.070867,58.3,60.9,54.7
IC,1010946,2019-08-29,3:00 AM,Side collision,0,ST GABRIEL,LA,80,4,Dark,Rain,Yard,Yard/switching,3,600,0,16600,H301,30.175869,-90.986413,82.7,82.3,82.5
UP,0117SA007,2017-01-07,5:11 AM,Derailment,0,MATHIS,TX,28,4,Dark,Clear,Main,Freight Train,31,1472005,33000,1505005,T221,28.208738,-97.902211,37.8,33.5,41.6
KCS,15101602,2015-10-16,5:25 PM,Other impacts,0,ARTESIA,MS,85,2,Day,Clear,Yard,Yard/switching,0,3814,0,10828,H503,33.415481,-88.643279,69.7,65.4,55.6
NS,152850,2023-04-18,7:40 PM,Other (describe in narrative),0,TOLEDO,OH,48,3,Dusk,Clear,Yard,Freight Train,5,15779,13980,29759,H306,41.638469,-83.573328,40.3,43,45.4
BNSF,CH0522116,2022-05-31,9:05 PM,Side collision,0,CHICAGO,IL,80,4,Dark,Clear,Yard,Cut of cars,0,8000,0,13000,H307,41.809785,-87.714728,81.4,82.1,69.7
KCS,16040602,2016-04-06,11:20 PM,Derailment,0,BEAUMONT,TX,71,4,Dark,Clear,Main,,0,0,0,16104,H518,30.081228,-94.093184,66,67.2,66.4
NS,143911,2022-01-03,6:44 AM,Derailment,0,CONWAY,PA,22,1,Dawn,Clear,Yard,Yard/switching,3,63446,6200,69646,M101,40.672361,-80.251826,35.4,23.7,27.7
ATR,ATR151257,2015-09-21,5:30 AM,Side collision,0,HASLET,TX,67,4,Dark,Cloudy,Yard,Freight Train,7,45000,0,96000,H607,33.009828,-97.353229,75.8,78,81.1
NS,142031,2021-06-28,2:36 PM,Derailment,0,ROYALTON,PA,92,2,Day,Clear,Main,Freight Train,41,2227361,558307,2785668,H501,40.175692,-76.754421,82.9,85.6,87.4
UP,1115FW013,2015-11-13,8:00 PM,Derailment,0,DENISON,TX,45,4,Dark,Clear,Yard,Yard/switching,8,20953,87,21040,M507,33.771191,-96.596763,54.7,54.6,54.7
UP,0418NP012,2018-04-16,5:09 PM,Other impacts,0,NORTH PLATTE,NE,52,2,Day,Clear,Yard,Single Car,0,5749,0,33303,M411,41.146788,-100.833913,26.2,34.5,44.6
UP,0415FW018,2015-04-20,2:15 PM,Obstruction,0,BENBROOK,TX,75,2,Day,Clear,Yard,Spec. MoW Equip.,0,8399,0,34982,H997,32.689762,-97.456301,66.7,60.9,64.6
UP,0715FW027,2015-07-26,3:17 PM,Derailment,0,MANSFIELD,TX,100,2,Day,Clear,Main,,0,0,327770,1593656,H599,32.549464,-97.066846,88.2,88.2,88.6
BNSF,MT1118102,2018-11-05,12:02 AM,Derailment,0,GLENDIVE,MT,43,4,Dark,Clear,Yard,Freight Train,10,110000,11000,121000,T221,47.115634,-104.701689,35.3,32.1,19.7
CSX,000189137,2020-03-16,7:15 AM,Side collision,0,CINCINNATI,OH,40,4,Dark,Clear,Yard,Yard/switching,9,14572,0,14572,S014,39.124551,-84.542521,39.3,43.4,45.5
CRSH,146843,2024-03-15,12:20 PM,Derailment,0,NEWARK,NJ,68,2,Day,Cloudy,Yard,Yard/switching,9,44195,10167,103905,M409,40.693089,-74.159008,56.8,60.8,53.6
CSX,000213053,2023-08-23,10:12 AM,Hwy-rail crossing,0,WINDBER,PA,67,2,Day,Clear,Main,Freight Train,23,109251,0,109251,M302,40.243384,-78.88221,66.5,62.6,70.3
UP,1220GC031,2020-12-22,10:10 AM,Derailment,0,LAKE CHARLES,LA,57,2,Day,Cloudy,Yard,Freight Train,10,1206,12082,13288,H704,30.22009,-93.142674,52,52.6,63.4
NS,146343,2022-08-31,12:01 AM,Derailment,0,LEWISTOWN,PA,68,4,Dark,Clear,Main,Freight Train,41,92,58970,59062,E62C,40.575909,-77.543539,73,70.2,70.3
BNSF,KS0218107,2018-02-20,11:15 PM,Derailment,0,KANSAS CITY,KS,32,4,Dark,Rain,Yard,Yard/switching,4,0,12000,12000,M411,39.084614,-94.689822,48.1,28.5,24
CSX,000176553,2018-05-19,9:22 PM,Other impacts,0,SELKIRK,NY,55,4,Dark,Cloudy,Yard,Cut of cars,18,44459,0,44459,M203,42.565903,-73.854184,61.4,53.1,64.1
CWRO,201660,2016-09-07,11:00 AM,Derailment,0,CLEVELAND,OH,85,2,Day,Clear,Industry,Yard/switching,8,5000,25000,30000,M204,41.275924,-81.401627,80,83.2,81.4
UP,0117SA008,2017-01-10,4:00 PM,Derailment,0,SAN ANTONIO,TX,75,2,Day,Cloudy,Yard,Yard/switching,9,6204,33600,39804,H703,29.383256,-98.551371,57.6,63.7,67.7
UP,0917SA005,2017-09-08,5:07 AM,Derailment,0,SAN ANTONIO,TX,60,4,Dark,Clear,Yard,Yard/switching,7,179468,26744,206212,H518,29.358565,-98.571825,73.1,73.4,75.7
NS,121676,2016-08-15,11:56 AM,Derailment,0,MELVINDALE,MI,75,2,Day,Cloudy,Yard,Freight Train,8,530,10322,10852,E65C,42.273274,-83.193521,75.1,73.7,75.5
UP,0217FW006,2017-02-05,5:00 AM,Other impacts,0,FORT WORTH,TX,52,4,Dark,Clear,Yard,Freight Train,1,8805,2292,13764,M408,32.728093,-97.366263,49.7,61.7,72.1
CSX,000200106,2021-09-14,9:20 AM,Other impacts,0,CINCINNATI,OH,72,2,Day,Clear,Yard,Cut of cars,4,67113,3006,285980,H318,39.4405,-84.5222,75.4,76.2,72.9
MNCW,79492,2023-03-31,3:20 AM,Derailment,0,WAPPINGERS FALLS,NY,44,4,Dark,Clear,Main,,0,0,1605000,1608211,E54C,41.555723,-73.967515,36.5,38.2,56.2
UP,0619GP037,2019-06-27,2:15 AM,Derailment,0,NORTH PLATTE,NE,73,4,Dark,Clear,Yard,Yard/switching,4,20970,34020,54990,M411,41.145564,-100.793332,74.3,78.5,79.7
UP,0223GP001,2023-02-01,1:30 AM,Other impacts,0,NORTH PLATTE,NE,3,4,Dark,Clear,Yard,Yard/switching,0,159735,0,284022,M407,41.147176,-100.832213,3.2,11.4,13.3
CSX,000201050,2021-11-02,7:15 AM,Derailment,0,NASHVILLE,TN,58,1,Dawn,Cloudy,Yard,Yard/switching,10,558900,0,845367,M411,36.112142,-86.770737,52.5,47.3,43.2
BNSF,PR0917101,2017-09-05,12:54 PM,Derailment,0,SENECA,NE,74,2,Day,Clear,Main,Freight Train,47,1771,338418,340189,E54C,42.032504,-100.767354,65.3,56.9,56.6
CSX,000210576,2023-04-01,2:40 AM,Other (describe in narrative),0,CHAPEL HILL,TN,45,4,Dark,Rain,Main,Freight Train,0,149559,116,149675,M102,35.660495,-86.692833,65.9,64.2,52.2
UP,0715LV005,2015-07-09,11:30 AM,Other impacts,0,BEAUMONT,TX,93,2,Day,Cloudy,Yard,Yard/switching,9,21418,114,27622,H602,30.074373,-94.141208,83.8,83.4,82.7
NS,141905,2021-06-16,2:08 PM,Derailment,0,BATH,PA,74,2,Day,Clear,Main,Spec. MoW Equip.,10,30000,450,30450,H997,40.72676,-75.354507,66.8,65.5,63.9
BNSF,TC0718101,2018-07-03,12:05 PM,Derailment,0,MINNEAPOLIS,MN,85,2,Day,Clear,Yard,Light loco(s),4,12000,1000,13000,H607,45.044445,-93.272321,76.4,75.7,76.4
ATK,167839,2021-07-24,6:36 AM,Obstruction,0,MANSFIELD,MA,65,1,Dawn,Clear,Main,Passenger Train - Pulling,100,28897,0,28897,M509,42.01031,-71.235963,70.2,69.2,69
UP,1217SA019,2017-12-20,7:42 AM,Hwy-rail crossing,0,SAN ANTONIO,TX,50,2,Day,Clear,Main,,0,0,216,24036,M302,29.503212,-98.399914,62.5,58.4,60.8
MNCW,2015031404,2015-03-14,2:08 AM,Derailment,0,BEACON,NY,43,4,Dark,Cloudy,Main,,0,0,450000,457414,E65C,41.493459,-73.982104,32.1,37.9,40.1
BNSF,TC0123107,2023-01-13,4:01 PM,Derailment,0,FRIDLEY,MN,19,2,Day,Cloudy,Yard,Freight Train,8,22627,6000,28627,H519,45.049242,-93.272972,24.1,18.6,23.3
BNSF,TC0515101,2015-05-06,7:30 AM,Derailment,5,HEIMDAL,ND,40,1,Dawn,Cloudy,Main,Freight Train,24,476670,2993814,3470484,E61C,47.793096,-99.642249,63.3,59.3,49.4
BNSF,TX0615118,2015-06-15,8:00 AM,Other (describe in narrative),0,FRISCO,TX,95,1,Dawn,Cloudy,Main,Spec. MoW Equip.,10,41347,0,41347,H997,33.1373,-96.836195,81.3,81.7,77.7
XTGS,F0142018,2018-08-08,8:00 PM,Other impacts,0,ANAHUAC,TX,85,3,Dusk,Clear,Industry,Yard/switching,8,31723,0,31723,H601,29.699088,-94.897499,83.2,83.7,84.1
BNSF,RD0918110,2018-09-07,8:50 AM,Derailment,0,SAN AUGUSTINE,TX,90,1,Dawn,Clear,Main,Freight Train,22,320226,48253,368479,M405,31.483258,-94.114628,81.5,80.3,77.7
UP,1214HO021,2014-12-11,10:17 AM,Obstruction,0,HOUSTON,TX,68,2,Day,Clear,Yard,Single Car,0,10144,0,13151,M202,29.816562,-95.287975,58.3,63.8,65.6
BNSF,MT0818103,2018-08-08,5:40 PM,Derailment,0,GREAT FALLS,MT,95,3,Dusk,Clear,Yard,Yard/switching,5,12483,2000,14483,H503,47.503133,-111.307723,74.8,75.5,78.6
NS,130718,2018-08-24,10:00 PM,Derailment,0,HARRISBURG,PA,72,4,Dark,Clear,Yard,Light loco(s),4,11782,10372,22154,H306,40.294946,-76.891711,72.3,71.4,72.4
BNSF,CH0918101,2018-09-02,2:07 PM,Derailment,0,CHICAGO,IL,80,2,Day,Clear,Yard,Freight Train,10,17986,0,17986,H503,41.811856,-87.716726,77.5,81.7,76.3
BNSF,RD0218126,2018-02-26,11:48 AM,Other impacts,0,TEMPLE,TX,75,2,Day,Clear,Yard,Yard/switching,10,10667,26090,47424,H020,31.1062,-97.348889,54.6,53.9,62.5
NIRC,2020071848,2020-03-10,9:17 PM,Hwy-rail crossing,0,CHICAGO,IL,35,4,Dark,Clear,Main,EMU,30,16474,9175,25649,M308,41.766202,-87.57261,53.8,40.9,40.2
UP,1215WH007,2015-12-24,3:35 PM,Other (describe in narrative),0,CHOUTEAU,OK,60,2,Day,Cloudy,Main,Freight Train,25,34278,150,34428,E53C,36.160071,-95.347472,56.1,47.2,48.5
LAS,190313002,2019-03-13,11:45 AM,Other (describe in narrative),0,COTTON VALLEY,LA,62,2,Day,Rain,Main,Freight Train,0,20000,0,20000,H018,32.800516,-93.409845,61,61.7,64.1
NS,121780,2016-08-22,4:10 AM,Derailment,0,KIMBALL,OH,62,1,Dawn,Clear,Yard,Yard/switching,8,12220,8915,21135,E34C,41.300093,-82.751346,72.5,68.5,69.9
NS,154364,2023-09-29,8:32 PM,Derailment,0,GREENCASTLE,PA,62,4,Dark,Cloudy,Yard,Work train,8,135472,34575,170047,H702,39.794193,-77.728119,59.6,62.2,67.2
CSX,000193817,2020-11-13,9:30 PM,Side collision,0,SELKIRK,NY,45,4,Dark,Clear,Yard,Single Car,10,140654,0,206614,S014,42.565903,-73.854184,46.3,37.6,38.7
UP,1121PN006,2021-11-06,12:15 AM,Derailment,0,ADAMS,OR,36,4,Dark,Cloudy,Main,Freight Train,20,4080,46160,50240,E53C,45.606372,-118.347399,42.7,39,38.5
NRTX,12120,2020-12-01,4:42 PM,Hwy-rail crossing,0,NASHVILLE,TN,40,3,Dusk,Clear,Main,Commuter Train - Pulling,50,75000,0,75000,M302,36.17747,-86.63036,35.3,32.5,32.9
CRSH,128035,2018-01-08,3:00 AM,Derailment,0,PHILADELPHIA,PA,12,4,Dark,Clear,Yard,Yard/switching,10,17429,0,17729,H703,39.898078,-75.172908,12.4,25.3,35.3
NS,114640,2015-03-03,1:15 AM,Derailment,0,PIONEER,TN,42,4,Dark,Cloudy,Industry,Freight Train,7,14600,4757,19357,M101,36.393958,-84.281702,41,44.1,53
UP,1216HO001,2016-12-02,9:15 PM,Other impacts,0,HOUSTON,TX,55,4,Dark,Rain,Yard,Yard/switching,6,520,1924,20347,M407,29.795899,-95.291102,56.8,58,54.5
NJTR,202405275,2024-05-24,12:50 AM,Derailment,0,KEARNY,NJ,65,4,Dark,Clear,Yard,Yard/switching,7,26623,0,26623,H607,40.743945,-74.109849,74.9,77.5,72.3
NS,122536,2016-10-26,2:15 AM,Derailment,0,BELLEVILLE,IL,49,4,Dark,Clear,Main,Freight Train,27,616384,261104,877488,E53C,38.549255,-90.037182,55.2,59.6,55.3
IORY,IOR488223R,2023-07-26,3:30 AM,Derailment,0,BLOOMINGBURG,OH,70,4,Dark,Clear,Industry,Freight Train,6,20000,0,20000,H210,39.59328,-83.396768,72.1,77.9,79.4
NS,152654,2023-03-28,12:00 AM,Side collision,0,MACON,GA,60,4,Dark,Fog,Yard,Yard/switching,2,110000,0,271596,H702,32.81373,-83.622794,67.1,65.8,57.8
UP,0215FW023,2015-02-25,7:40 AM,Side collision,0,DALLAS,TX,34,2,Day,Snow,Yard,Freight Train,5,58580,0,96320,H306,32.717814,-96.751964,30.5,38,34.7
UP,0815HO037,2015-08-27,9:10 AM,Derailment,0,HOUSTON,TX,81,2,Day,Cloudy,Yard,Yard/switching,5,3410,30412,33822,T221,29.794361,-95.291921,81,82.3,82.8
UP,1217NP014,2017-12-23,5:14 PM,Fire/violent rupture,0,PINE BLUFFS,WY,5,4,Dark,Snow,Main,Freight Train,35,59223,0,59223,E74L,41.148648,-104.17618,16.3,13.3,6.9
CSX,000154853,2015-12-03,2:00 PM,Other impacts,0,WARSAW,NC,49,2,Day,Clear,Yard,Cut of cars,4,17824,0,18074,H318,34.994463,-78.092122,61.7,50.3,43.3
BNSF,TX0815200,2015-08-07,4:40 PM,Hwy-rail crossing,0,SANGER,TX,100,2,Day,Clear,Main,Freight Train,54,20000,104634,124634,M302,33.362136,-97.169237,90.8,90.2,89