reportingrailroadcode,accidentnumber,date,time,accidenttype,hazmatreleasedcars,station,stateabbr,temperature,visibility_code,visibility,weathercondition,tracktype,equipmenttype,trainspeed,equipmentdamagecost,trackdamagecost,totaldamagecost,primaryaccidentcausecode,latitude,longitude,prior_temp,actual_temp,following_temp
PW,150707,2015-07-29,9:50 PM,Hwy-rail crossing,0,WOONSOCKET,RI,64,4,Dark,Clear,Main,Freight Train,24,21250,0,21250,M304,42.004246,-71.521985,73.4,77.5,76.2
SEPA,SEPA080723,2023-08-07,7:08 PM,Other (describe in narrative),0,LANGHORNE,PA,85,2,Day,Clear,Main,EMU,0,0,27588,27588,M199,40.190854,-74.890934,76.9,74.9,73.5
UP,0917PD021,2017-09-16,3:55 PM,Derailment,0,BOARDMAN,OR,75,2,Day,Cloudy,Industry,Freight Train,7,17574,32608,50182,M404,45.842464,-119.61965,57.7,55.9,61.3
NS,154094,2023-09-01,12:30 PM,Other impacts,0,WEST FAIRVIEW,PA,80,2,Day,Clear,Yard,Single Car,0,9150,0,36825,E21C,40.279833,-76.922472,72.1,68.2,72.3
NJTR,201903122,2019-03-11,12:20 PM,Other (describe in narrative),0,KEARNY,NJ,37,2,Day,Cloudy,Yard,Commuter Train - Pulling,5,13471,0,13471,H599,40.743744,-74.1097,39.3,47.1,38.7
BNSF,GC0315103,2015-03-12,4:05 AM,Side collision,0,TEMPLE,TX,48,4,Dark,Clear,Yard,Yard/switching,10,6875,1200,28700,H607,31.107842,-97.348787,54.6,57.2,61.4
FEC,X01010119,2019-01-01,4:23 PM,Hwy-rail crossing,0,LANTANA,FL,84,2,Day,Clear,Main,,0,0,443,130889,M303,26.576413,-80.053752,75.8,75.8,73.4
BNSF,SF0316118,2016-03-25,12:50 AM,Derailment,0,MEMPHIS,TN,52,4,Dark,Clear,Yard,Yard/switching,10,25459,0,25459,H316,35.024095,-89.88837,61.7,48.5,57.3
KCS,19051701,2019-05-17,5:20 AM,Derailment,0,HEAVENER,OK,72,4,Dark,Clear,Yard,Cut of cars,0,3032,0,109058,H306,34.898903,-94.601402,73.4,73.4,70.5
NICD,N2000025,2020-10-25,8:45 AM,Other impacts,0,MICHIGAN CITY,IN,48,2,Day,Cloudy,Yard,Freight Train,5,400,20087,20487,H307,41.713516,-86.862091,41.4,42,41.3
BNSF,RD0318103,2018-03-03,12:06 AM,Derailment,0,GALVESTON,TX,78,4,Dark,Clear,Yard,Yard/switching,5,6134,75000,81134,H701,29.294813,-94.838102,67.8,69.3,71.4
CSX,000194524,2020-12-17,1:51 AM,Derailment,0,WALLINS CREEK,KY,41,4,Dark,Cloudy,Main,Freight Train,18,540946,49030,589976,M199,36.825089,-83.416181,39.9,32.8,31.4
IC,1014890,2019-10-06,9:00 PM,Fire/violent rupture,0,TIPTON,TN,68,4,Dark,Rain,Main,Freight Train,7,72960,0,72960,E73L,35.496867,-89.720583,71.3,73,62.1
UP,1115HO019,2015-11-08,12:00 AM,Derailment,0,DAYTON,TX,60,4,Dark,Cloudy,Yard,Freight Train,4,961,0,16448,H302,30.004833,-94.903778,65.1,59.9,60.2
CSX,000217353,2024-04-11,9:00 PM,Other impacts,0,FLORENCE,SC,60,4,Dark,Clear,Yard,Cut of cars,0,894,0,13940,M201,34.19827,-79.762485,67.7,69.3,65.8
UP,1116HO014,2016-11-11,10:50 PM,Hwy-rail crossing,0,MISSOURI CITY,TX,80,4,Dark,Clear,Main,Freight Train,43,4766,23442,28208,M302,29.623806,-95.526193,63.8,63.8,66
UP,0317HO012,2017-03-07,10:30 AM,Other impacts,0,HOUSTON,TX,70,2,Day,Cloudy,Yard,Cut of cars,0,19192,0,50901,M411,29.816387,-95.288287,71.4,71.7,64.6
CSX,000170894,2017-08-12,3:29 PM,Other impacts,0,KINGSPORT,TN,85,2,Day,Clear,Yard,Single Car,0,17201,0,17201,H318,36.54275,-82.559676,72,74.1,74.6
BNSF,SF0615102,2015-06-03,8:15 AM,Obstruction,0,MANNFORD,OK,74,1,Dawn,Clear,Main,Freight Train,56,11189,5000,16189,M402,36.138879,-96.397979,75.5,78.9,80.2
BNSF,RD0220123,2020-02-23,8:51 AM,Derailment,1,SPOFFORD,TX,44,2,Day,Cloudy,Main,Freight Train,7,200000,0,463235,E79L,29.163014,-100.395556,54.2,62.5,65.4
NIRC,2020072020,2020-12-17,5:11 PM,Other (describe in narrative),0,CHICAGO,IL,28,4,Dark,Clear,Main,EMU,5,18926,6193,25119,E78L,41.884375,-87.624735,31.7,33,31
BNSF,HL0917200,2017-09-20,3:49 PM,Hwy-rail crossing,0,TULSA,OK,94,2,Day,Clear,Main,Freight Train,28,5000,80000,85000,M302,36.179884,-95.922514,79.6,85.1,84.9
UP,0315HO015,2015-03-07,2:30 AM,Derailment,0,LA PORTE,TX,49,4,Dark,Cloudy,Siding,Freight Train,2,37219,3540,40759,H607,29.725253,-95.068881,43.3,51.8,51.3
CSX,000153144,2015-10-12,1:45 PM,Side collision,0,LELAND,NC,71,2,Day,Cloudy,Yard,Cut of cars,2,11887,0,11887,H018,34.255867,-77.942985,65.4,63.3,70.6
UP,0418HO025,2018-04-18,7:00 PM,Derailment,0,LA PORTE,TX,75,2,Day,Cloudy,Yard,Freight Train,3,323609,55937,379546,M101,29.675856,-95.038931,70.1,73.9,70.7
UP,0718NP031,2018-07-23,12:24 PM,Derailment,0,VAN TASSELL,WY,76,2,Day,Cloudy,Main,Freight Train,39,24999,63205,88204,H401,42.614825,-104.124902,73.6,70.3,73.3
UP,1023RM011,2023-10-17,6:31 PM,Other impacts,0,POCATELLO,ID,68,3,Dusk,Clear,Yard,Cut of cars,2,235,0,17467,H318,42.866084,-112.452293,51.2,53.4,53.7
UP,1216LV001,2016-12-03,2:30 PM,Other impacts,0,BEAUMONT,TX,42,2,Day,Rain,Yard,Freight Train,8,1111,800,11793,H307,30.074262,-94.141196,56.9,55,53.2
CRSH,146832,2024-02-24,7:50 PM,Other impacts,0,CAMDEN,NJ,27,3,Dusk,Clear,Yard,Yard/switching,5,24230,3082,40312,H401,39.953888,-75.087222,44.1,38.9,31.8
BNSF,GC0715111,2015-07-29,12:45 AM,Derailment,0,BELLVILLE,TX,86,4,Dark,Clear,Main,Freight Train,28,2600,1607401,1610001,E61C,30.054628,-96.334316,86.8,86.2,88.2
UP,0515SA004,2015-05-10,7:25 PM,Derailment,0,KIRBY,TX,85,3,Dusk,Cloudy,Yard,Yard/switching,6,3169,8176,11345,E39C,29.464833,-98.397651,79.3,78.5,75.7
UP,1214CB015,2014-12-26,4:40 AM,Derailment,0,NORTH BEND,NE,32,4,Dark,Cloudy,Main,Freight Train,45,1017504,819229,1836733,E53C,41.462677,-96.862406,36.1,31.6,21.1
UP,1020PR022,2020-10-25,5:47 PM,Side collision,0,GURNEE,IL,42,2,Day,Cloudy,Industry,Freight Train,7,21130,0,36634,M501,42.379325,-87.896954,37.2,39.7,35.5
UP,0318FW004,2018-03-03,4:48 AM,Hwy-rail crossing,0,MIDLAND,TX,57,4,Dark,Clear,Main,Freight Train,63,95449,73201,168650,M302,32.03177,-102.003982,56.1,63,70.8
CSX,000153187,2015-10-13,7:16 AM,Raking collision,0,NORTH BALTIMORE,OH,46,1,Dawn,Cloudy,Yard,Light loco(s),6,0,0,14154,H399,41.182022,-83.684399,66.3,57.5,53.7
NS,128314,2018-01-29,4:50 AM,Other (describe in narrative),0,OBERLIN,PA,36,1,Dawn,Clear,Yard,Light loco(s),6,12495,150,12645,H702,40.256386,-76.802178,45.6,38.7,28.6
NS,139138,2020-09-13,2:14 AM,Derailment,0,ELIZABETH,NJ,63,4,Dark,Clear,Yard,Freight Train,4,99038,2500,119041,H702,40.65743,-74.173545,66.7,69.9,71.3
UP,0718KC016,2018-07-19,4:20 PM,Derailment,0,OSAWATOMIE,KS,83,2,Day,Rain,Main,Freight Train,40,471895,55720,527615,M105,38.489632,-94.923584,77.9,79.4,78.8
BNSF,TX0615103,2015-06-09,5:00 PM,Other (describe in narrative),0,HASLET,TX,90,3,Dusk,Clear,Yard,Yard/switching,10,466408,6800,473208,E33C,32.973846,-97.348162,83.1,84.1,85.1
UP,0115SA002,2015-01-02,9:50 PM,Derailment,0,NEW BRAUNFELS,TX,55,4,Dark,Rain,Industry,Freight Train,8,31899,2150,34049,T211,29.626244,-98.268881,38.2,41.6,47.9
UP,0318HO009,2018-03-04,11:53 PM,Fire/violent rupture,0,SPRING,TX,65,4,Dark,Clear,Main,Freight Train,20,15587,66,15653,E73L,30.076146,-95.416232,63.3,69.7,73.3
WATX,180904002,2018-09-04,6:06 PM,Derailment,0,HOUSTON,TX,88,2,Day,Clear,Yard,Yard/switching,6,335000,11000,346000,H702,29.699153,-95.252118,77.1,80.8,82.5
BNSF,GC0615105,2015-06-10,9:55 PM,Derailment,0,SOMERVILLE,TX,88,4,Dark,Clear,Yard,Yard/switching,4,5800,5500,11300,H310,30.348026,-96.528834,82.9,83.1,83.3
ATK,156181,2018-11-07,1:45 PM,Hwy-rail crossing,0,FORT WORTH,TX,60,2,Day,Cloudy,Main,Passenger Train - Pulling,40,3566,0,33566,M308,32.698669,-97.342804,63.9,61.3,55.1
CSX,000144233,2015-04-05,2:50 AM,Derailment,0,GALLATIN,TN,34,4,Dark,Clear,Main,Freight Train,32,3165,254489,257654,E53C,36.379103,-86.479771,50.7,52.3,60.2
CSX,000181920,2019-03-21,2:58 PM,Derailment,0,HAMLET,NC,45,2,Day,Clear,Yard,Yard/switching,15,47488,11860,59348,H602,34.925491,-79.646587,42.1,49.8,51.6
UP,0115HO032,2015-01-25,5:30 PM,Raking collision,0,HOUSTON,TX,60,2,Day,Cloudy,Yard,Yard/switching,4,906,0,79354,M404,29.815709,-95.287997,49.2,57.2,58.9
BNSF,PR0520107,2020-05-11,3:00 PM,Broken train collision,0,GILLETTE,WY,45,2,Day,Clear,Main,Spec. MoW Equip.,0,250,0,243667,H008,44.216404,-105.293504,37.6,36.5,42.2
CSX,000210474,2023-03-26,8:40 AM,Hwy-rail crossing,0,WAVERLY,TN,65,2,Day,Clear,Main,Freight Train,45,13612,0,13612,M304,36.088169,-87.741519,58.5,58.2,55.2
MNCW,2016011231,2016-01-12,7:15 PM,Derailment,0,NEW HAVEN,CT,23,4,Dark,Clear,Main,EMU,7,300000,102000,402000,H221,41.294955,-72.9284,34.4,30.6,27
NS,157102,2024-06-20,9:14 AM,Derailment,0,MIDDLETOWN,OH,96,2,Day,Clear,Siding,,0,0,30107,33852,H702,39.488505,-84.406011,83.4,82.6,82.6
BNSF,PR0323102,2023-03-02,11:05 PM,Derailment,0,ALLIANCE,NE,30,4,Dark,Clear,Yard,Yard/switching,6,18929,0,18929,H702,42.069361,-102.895742,29.4,31.8,31.9
BNSF,HL0518111,2018-05-25,9:30 AM,Derailment,0,MEMPHIS,TN,85,2,Day,Clear,Yard,Yard/switching,4,208516,250,208766,S007,35.026062,-89.89065,76.5,76.5,77.1
AA,190315002,2019-03-15,3:00 AM,Derailment,0,MILAN,MI,40,4,Dark,Clear,Yard,Freight Train,5,20489,5977,26466,H704,42.074918,-83.68526,53,40.9,33.7
UP,0615HO012,2015-06-07,11:15 AM,Derailment,0,HOUSTON,TX,91,2,Day,Clear,Main,,0,0,151130,595250,H524,29.74807,-95.293586,82.8,82.6,82.1
UP,0617HO053,2017-06-24,8:50 PM,Hwy-rail crossing,0,HOUSTON,TX,75,4,Dark,Clear,Main,Freight Train,45,3047,24735,27782,M308,29.631117,-95.507245,85.3,80.7,79.8
UP,1218RM046,2018-12-28,7:25 AM,Derailment,0,SINCLAIR,WY,4,2,Day,Clear,Main,Freight Train,36,10271,2830,13101,S013,41.780747,-106.998525,13.2,6.2,13.6
UP,0419PN023,2019-04-12,10:00 AM,Derailment,0,PORTLAND,OR,49,2,Day,Rain,Yard,Yard/switching,3,12126,5680,17806,H702,45.54409,-122.684556,51.3,52.9,49
UP,0116FW005,2016-01-11,1:00 PM,Derailment,0,BELLMEAD,TX,50,2,Day,Clear,Yard,Yard/switching,3,81259,1297,82556,H303,31.585316,-97.097401,35.7,38.2,44
UP,1217HO024,2017-12-28,3:00 PM,Derailment,0,HOUSTON,TX,48,2,Day,Cloudy,Yard,Light loco(s),4,250,34865,35115,M404,29.796349,-95.295631,42.5,41.6,48.1
KCS,14120301,2014-12-03,10:38 AM,Hwy-rail crossing,0,BISHOP,TX,60,2,Day,Cloudy,Main,Freight Train,43,1400,0,36631,M304,27.571722,-97.816543,50.5,60.9,68.4
NS,115650,2015-05-14,9:45 AM,Hwy-rail crossing,0,JOHNSTON,SC,78,2,Day,Clear,Main,Freight Train,44,75416,109493,184909,M303,33.832099,-81.800585,73.1,68.7,71.8
NS,114839,2015-03-15,6:42 AM,Derailment,0,WEST FAIRVIEW,PA,40,1,Dawn,Cloudy,Yard,Cut of cars,0,63218,2879,104002,H306,40.279833,-76.922471,38.8,41.8,41.4
DGNO,DGN482917S,2017-11-08,10:15 AM,Other impacts,0,DALLAS,TX,43,2,Day,Cloudy,Yard,Cut of cars,0,24600,0,25000,H302,32.832945,-96.8364,55.9,47.4,48.8
UP,1022GP019,2022-10-17,2:00 PM,Derailment,0,NORTH PLATTE,NE,54,2,Day,Clear,Yard,Yard/switching,4,75997,188675,264672,E35C,41.157261,-100.862839,47.9,41.2,41.7
NJTR,201412719,2014-12-16,12:00 PM,Derailment,0,MORRISVILLE,PA,40,2,Day,Cloudy,Yard,Yard/switching,5,15000,22000,37000,H303,40.19536,-74.789946,40.7,40.6,45.1
NS,120740,2016-06-04,9:30 PM,Derailment,0,FOUNTAIN HILL,PA,68,4,Dark,Clear,Yard,Yard/switching,2,855,11246,12101,E04C,40.611937,-75.426702,68.8,75.1,70.5
SCIH,20230818,2023-08-18,1:30 PM,Derailment,0,WHITING,IN,75,2,Day,Clear,Main,Freight Train,6,8,0,27360,,41.402,-87.2818,70,66.7,69.8
UP,1115SA010,2015-11-16,6:35 PM,Derailment,0,KIRBY,TX,77,4,Dark,Cloudy,Industry,Cut of cars,0,7641,0,13867,H306,29.470909,-98.39277,64,72,64.7
UP,0415FW021,2015-04-29,3:45 AM,Derailment,0,FORT WORTH,TX,48,4,Dark,Cloudy,Yard,Light loco(s),3,20576,152,20728,H303,32.727491,-97.365984,54.8,61.8,67.9
KCS,22012901,2022-01-29,7:30 PM,Derailment,0,EAST ST LOUIS,IL,19,4,Dark,Clear,Yard,Yard/switching,7,33764,17587,51351,E33C,38.58862,-90.147863,25.4,24.3,31.2
ATK,135389,2014-11-25,12:48 PM,Hwy-rail crossing,0,TAYLOR,TX,60,2,Day,Clear,Main,Passenger Train - Pulling,67,200000,0,200800,M302,30.771091,-97.435783,52.4,50.1,55.2
CWRO,201925,2019-05-22,11:50 AM,Derailment,0,CLEVELAND,OH,72,2,Day,Cloudy,Industry,Yard/switching,5,11500,8500,20000,H704,41.4667,-81.6758,52.3,64.1,68.9
ATK,141551,2016-03-13,5:38 AM,Obstruction,0,NEWBERN,TN,60,4,Dark,Cloudy,Main,Passenger Train - Pulling,70,20389,0,20389,M404,35.97495,-89.386482,60.3,63.8,61.3
CSX,000170490,2017-07-25,10:15 AM,Derailment,0,GIRARD,OH,75,2,Day,Clear,Yard,Yard/switching,10,3931,6805,10736,H704,41.138513,-80.702714,69,66.4,67.2
BNSF,KS0515202,2015-05-24,3:16 AM,Hwy-rail crossing,0,LEVELLAND,TX,60,4,Dark,Cloudy,Main,Freight Train,43,250,16865,17115,M303,33.80744,-102.165607,68.1,67.9,64.2
ATK,158189,2019-03-25,9:50 PM,Obstruction,0,BOWIE,MD,45,4,Dark,Clear,Main,Passenger Train - Pulling,115,29644,0,29644,M509,39.003438,-76.786803,49.3,51.7,43.7
UP,0315HO026,2015-03-11,1:30 PM,Derailment,0,HOUSTON,TX,62,2,Day,Cloudy,Yard,Yard/switching,2,15073,2010,17083,H702,29.794834,-95.290539,55.6,55.8,57
CSX,000205233,2022-05-30,4:00 PM,Derailment,0,BRUCETON,TN,86,2,Day,Clear,Yard,Yard/switching,6,25409,1000,26409,H702,36.038923,-88.253792,71.1,75.8,78
CSX,000219582,2024-07-26,1:17 PM,Hwy-rail crossing,0,MARION,SC,84,2,Day,Cloudy,Main,,0,0,116,21419,M302,34.251486,-79.497811,76.5,75,77.2
CRSH,129230,2018-04-20,10:35 AM,Raking collision,0,CAMDEN,NJ,48,2,Day,Clear,Yard,Cut of cars,0,9725,0,16275,H305,39.945514,-75.102443,47.1,44.7,49
NS,138792,2020-08-08,6:00 PM,Other (describe in narrative),0,KNOXVILLE,TN,88,3,Dusk,Clear,Yard,Freight Train,2,4300,12370,16670,H306,36.023169,-83.849213,76.6,77.4,77.7
LIRC,0508201701,2017-05-08,11:45 PM,Other (describe in narrative),0,JEFFERSONVILLE,IN,60,4,Dark,Cloudy,Main,Freight Train,1,0,13000,13000,H702,38.317764,-85.751277,55.8,57.1,69.9
BNSF,HL0122113,2022-01-25,3:30 AM,Derailment,0,LINCOLN,NE,7,4,Dark,Clear,Yard,Freight Train,4,9624,40500,50124,H307,40.808207,-96.777795,35.6,12,20.7
CSX,000173696,2017-12-29,7:14 PM,Derailment,0,HYNDMAN,PA,18,3,Dusk,Cloudy,Main,Freight Train,21,276486,67516,344002,E67C,39.796278,-78.719835,8.7,13.7,18
IHB,2165,2015-12-10,5:00 PM,Side collision,0,EAST CHICAGO,IN,53,4,Dark,Clear,Yard,Yard/switching,4,0,0,540865,H318,41.632777,-87.457777,46.3,48.8,48
BNSF,HL0323120,2023-03-19,4:30 PM,Derailment,0,MEMPHIS,TN,40,2,Day,Clear,Yard,Light loco(s),7,25000,45000,70000,H306,35.022442,-89.88759,40.8,33,39.9
NS,140931,2021-03-15,3:04 PM,Hwy-rail crossing,0,MOBERLY,MO,45,2,Day,Fog,Main,Freight Train,17,8192,252777,260969,M303,39.387237,-92.43727,46.9,43.4,42
NJTR,202405231,2024-04-29,3:38 PM,Obstruction,0,LONG ISLAND CITY,NY,55,2,Day,Clear,Yard,Commuter Train - Pushing,5,40701,0,40701,M404,40.749704,-73.92885,62,71.5,57.2
UP,0218LV034,2018-02-22,7:25 PM,Derailment,0,BEAUMONT,TX,78,4,Dark,Cloudy,Yard,Yard/switching,5,41212,3365,44577,H702,30.073737,-94.143611,72.8,71.5,73.7
CSX,000207711,2022-10-08,10:00 PM,Obstruction,0,EAST SYRACUSE,NY,55,4,Dark,Cloudy,Yard,Yard/switching,4,22952,0,22952,H309,43.067062,-76.048431,55.3,46.5,52.5
UP,0315HU002,2015-03-03,10:05 AM,Raking collision,0,HOUSTON,TX,70,2,Day,Cloudy,Yard,Light loco(s),0,18430,0,134354,E99L,29.824722,-95.290816,54.2,66.3,70.1
GVSR,GVS252818,2018-08-08,9:50 AM,Derailment,0,GALVESTON,TX,94,2,Day,Cloudy,Yard,Freight Train,3,15816,500,16316,E4BC,29.182359,-94.480326,84.9,85.8,85.2
CRSH,127720,2017-12-10,2:30 PM,Derailment,0,NEWARK,NJ,35,2,Day,Clear,Yard,,0,0,4000,17589,H702,40.712538,-74.149051,32.7,33.7,36.8
BNSF,RD0919129,2019-09-28,5:41 AM,Side collision,0,OKLAHOMA CITY,OK,75,1,Dawn,Clear,Yard,Yard/switching,3,3502,15000,72362,H318,35.386323,-97.484,80.9,79.1,79.6
NS,130746,2018-08-28,2:15 AM,Other impacts,0,BELLEVUE,OH,77,4,Dark,Clear,Yard,Freight Train,4,3533,0,19086,H607,41.270728,-82.841615,80.7,80.9,78
NS,144095,2022-01-21,9:00 AM,Derailment,0,SOUTHERN VIEW,IL,5,2,Day,Clear,Main,Freight Train,46,676254,196231,872485,T220,39.749671,-89.662937,10.2,13.4,26
NS,154308,2023-08-20,5:20 PM,Other impacts,0,LANCASTER,PA,85,3,Dusk,Clear,Yard,Cut of cars,0,0,0,25000,E29C,40.057578,-76.331147,70.5,73.7,78.4
POHC,POH822215D,2015-10-16,10:15 AM,Derailment,0,CARNEGIE,PA,55,2,Day,Cloudy,Main,Freight Train,12,6800,12000,18800,E40C,40.429327,-80.086416,52.2,49.1,40.7
BNSF,PR0722202,2022-07-06,6:48 AM,Hwy-rail crossing,0,SUTTON,NE,80,1,Dawn,Clear,Main,,0,0,0,22004,M302,40.62263,-97.8245,82.1,76.6,75.2
NS,130746,2018-08-28,2:15 AM,Other impacts,0,BELLEVUE,OH,77,4,Dark,Clear,Yard,Freight Train,1,15153,400,19086,H607,41.270728,-82.841615,80.7,80.9,78
MRL,2014174,2014-12-16,4:05 AM,Other impacts,0,MISSOULA,MT,18,4,Dark,Cloudy,Yard,Yard/switching,4,500000,0,500000,H020,46.888454,-114.015872,29.2,26.9,29.7
CSX,000215541,2024-01-13,3:45 AM,Derailment,0,GRAND RAPIDS,MI,20,4,Dark,Snow,Yard,Freight Train,7,14375,2192,16567,E33C,42.952632,-85.684163,32.1,27.7,10.4
BNSF,RD0417114,2017-04-15,4:00 AM,Other impacts,0,FORT WORTH,TX,70,1,Dawn,Clear,Industry,Cut of cars,0,21956,500,26921,H307,32.819729,-97.33085,72.4,72.9,73.5
BNSF,KS1114112,2014-11-20,2:18 PM,Derailment,0,LUBBOCK,TX,58,2,Day,Clear,Main,Freight Train,46,51474,184472,235946,E51C,33.520877,-101.775584,42.9,47.3,45.2
MRL,2014181,2014-12-31,7:45 PM,Derailment,0,COLUMBUS,MT,8,4,Dark,Clear,Siding,Freight Train,7,8600,4000,12600,H306,45.636108,-109.250408,-0.8,7.9,19.4
CSX,000214853,2023-12-01,6:05 PM,Derailment,0,WICKLIFFE,OH,45,3,Dusk,Rain,Main,,0,0,0,86330,E79L,41.611751,-81.477118,43.6,47.1,47.3
UP,0515LK033,2015-05-21,9:35 AM,Obstruction,0,JEFFERSON,TX,75,2,Day,Cloudy,Main,,0,0,600,22600,M404,32.787882,-94.334025,79.1,66.5,66.5
ATK,149471,2017-09-04,12:53 AM,Hwy-rail crossing,0,DAYTON,KY,65,4,Dark,Clear,Main,Passenger Train - Pulling,34,14256,0,14256,M302,39.107775,-84.476889,66.7,72.2,71.1
BNSF,HL1018107,2018-10-13,10:00 AM,Derailment,0,ST JOSEPH,MO,60,2,Day,Clear,Yard,Freight Train,8,47491,61000,108491,M503,39.722751,-94.865277,44.3,48.2,42.1
UP,1214KC007,2014-12-16,4:40 AM,Derailment,0,AMARILLO,TX,20,4,Dark,Clear,Industry,Freight Train,7,15139,0,112150,H306,35.135793,-101.852921,39.5,36.8,38.4
CSX,000160988,2016-07-01,2:47 AM,Derailment,0,SELKIRK,NY,65,4,Dark,Clear,Yard,Yard/switching,4,14508,1060,24706,E21C,42.565903,-73.854184,70.7,69.4,65.9
BNSF,GC0816101,2016-08-03,4:30 PM,Derailment,0,TEMPLE,TX,99,2,Day,Clear,Yard,Yard/switching,7,11519,172440,183959,H607,31.118041,-97.349802,86.6,88.4,88.2
CSX,000202273,2022-01-06,1:00 PM,Derailment,0,NORTH CHARLESTON,SC,60,2,Day,Clear,Yard,Freight Train,8,72399,35834,144354,M204,32.856925,-80.022907,51.4,51.1,49.8
NS,144713,2022-03-16,8:00 PM,Other impacts,0,BELLEVUE,OH,55,4,Dark,Clear,Yard,Yard/switching,4,12600,465,13065,H312,41.288344,-82.801972,46.7,49.8,55
CSX,000162452,2016-08-26,8:23 AM,Derailment,0,WARREN,OH,90,2,Day,Clear,Yard,Freight Train,0,10000,0,42037,E24C,41.176048,-80.843547,77.3,75.4,74.1
UP,1015HO012,2015-10-14,10:55 AM,Other impacts,0,HOUSTON,TX,90,2,Day,Cloudy,Yard,Yard/switching,2,14961,0,30436,M404,29.807805,-95.292335,81.3,74.8,74.7
BNSF,RD0817109,2017-08-07,4:29 AM,Derailment,0,DAYTON,TX,84,1,Dawn,Cloudy,Yard,Yard/switching,10,30500,9994,40494,E64L,30.013512,-94.902417,82.3,79.3,78.1
UP,0117WH003,2017-01-06,5:38 PM,Hwy-rail crossing,0,DUNCAN,OK,16,2,Day,Clear,Main,Freight Train,37,24522,0,24522,M306,34.448961,-97.958353,26.2,17.6,19.3
BNSF,KS0215106,2015-02-18,9:30 PM,Derailment,0,AMARILLO,TX,39,4,Dark,Clear,Yard,Yard/switching,10,11684,11000,22684,H312,35.195517,-101.831005,34.8,36.5,47.3
RSR,RSR327517O,2017-06-10,6:12 AM,Derailment,0,SILVER SPRINGS,NY,65,1,Dawn,Clear,Main,,0,0,57111,60551,H702,42.663055,-78.08444,67,72.5,77.3
AB,DR18005,2018-11-19,3:00 PM,Head on collision,0,AKRON,OH,37,2,Day,Rain,Main,Freight Train,0,290000,0,982876,E39C,41.063376,-81.433501,37.4,37.5,34.1
UP,0715LV006,2015-07-10,5:15 AM,Other impacts,0,BEAUMONT,TX,80,4,Dark,Cloudy,Yard,Single Car,0,8561,0,14518,M407,30.074373,-94.141208,83.4,82.7,83.1
CSX,000171674,2017-09-16,9:56 AM,Derailment,0,ANDERSON,IN,70,2,Day,Cloudy,Siding,Freight Train,3,20192,0,35469,H503,40.083527,-85.679372,66.9,71.7,74.4
CSX,000185306,2019-09-11,7:30 PM,Derailment,0,ROCKINGHAM,NC,80,3,Dusk,Cloudy,Industry,Freight Train,5,38374,85097,123471,M501,34.921757,-79.813601,79.9,80,79.6
CSX,000180439,2018-12-20,6:45 PM,Fire/violent rupture,0,MARK CENTER,OH,38,3,Dusk,Rain,Main,Freight Train,41,155000,0,155000,E74L,41.288899,-84.62177,34.3,41.4,38.3
NS,142583,2021-08-11,6:30 PM,Other impacts,0,OSCEOLA,IN,72,3,Dusk,Clear,Yard,Light loco(s),5,10000,894,17894,H305,41.666583,-86.033424,80.9,76.7,77.7
UP,0824GP008,2024-08-06,2:20 AM,Other (describe in narrative),0,NORTH PLATTE,NE,64,4,Dark,Clear,Yard,Yard/switching,4,59941,0,59941,E29C,41.146504,-100.836862,84.3,67.9,72.6
UP,1122HL027,2022-11-29,10:30 AM,Other impacts,0,OKLAHOMA CITY,OK,61,2,Day,Clear,Yard,Cut of cars,0,0,0,11704,E21C,35.468124,-97.495302,47.2,49.7,33.1
BNSF,PR1220110,2020-12-31,4:50 PM,Derailment,0,SCOTTSBLUFF,NE,33,2,Day,Clear,Main,Freight Train,45,57000,80200,137200,E51C,41.844405,-103.621672,15.8,26,28.5
UP,0720PR020,2020-07-19,12:25 AM,Other impacts,0,NORTHLAKE,IL,82,4,Dark,Clear,Yard,Cut of cars,1,4903,0,20682,M105,41.926835,-87.915205,84.1,79.5,77.3
LI,70992,2019-11-22,9:27 PM,Derailment,0,JAMAICA,NY,42,4,Dark,Clear,Main,EMU,13,300000,96769,396769,T211,40.700733,-73.804126,45.5,47.5,40.4
BNSF,RD0123114,2023-01-20,3:06 AM,Derailment,0,TULSA,OK,30,4,Dark,Clear,Yard,Yard/switching,9,425137,0,990636,H307,36.132242,-96.009902,39.6,38.4,41.9
CSX,000183970,2019-07-07,4:48 PM,Obstruction,0,SAVANNAH,NY,86,3,Dusk,Cloudy,Main,,0,0,0,12875,M402,43.066452,-76.802252,76.4,70,67.1
ATK,164550,2020-06-05,1:16 PM,Obstruction,0,KENTWOOD,LA,86,2,Day,Rain,Main,Passenger Train - Pulling,79,12721,0,12721,M404,30.976055,-90.485512,78.3,80.1,76.8
CSX,000199787,2021-08-31,12:35 AM,Other impacts,0,INDIANAPOLIS,IN,72,4,Dark,Clear,Yard,Yard/switching,0,125618,500,132991,H020,39.762938,-86.106987,74.8,73.8,72.9
UP,0420GC008,2020-04-08,12:28 AM,Other impacts,0,LIVONIA,LA,73,4,Dark,Cloudy,Yard,Yard/switching,3,38788,3327,42874,E06C,30.531829,-91.560668,74.4,77,75.7