reportingrailroadcode,accidentnumber,date,time,accidenttype,hazmatreleasedcars,station,stateabbr,temperature,visibility_code,visibility,weathercondition,tracktype,equipmenttype,trainspeed,equipmentdamagecost,trackdamagecost,totaldamagecost,primaryaccidentcausecode,latitude,longitude,prior_temp,actual_temp,following_temp
CRSH,127709,2017-12-08,2:07 PM,Derailment,0,UNION,NJ,36,2,Day,Clear,Main,,0,0,930044,2047522,T220,40.681343,-74.242454,39.4,35.6,32.5
CRSH,132769,2019-01-15,11:31 AM,Raking collision,0,NEWARK,NJ,36,2,Day,Clear,Yard,Cut of cars,3,56481,0,56481,S016,40.706612,-74.134558,26.1,29.5,32.3
BRS,210928004,2021-09-28,4:45 PM,Other impacts,0,BATON ROUGE,LA,80,2,Day,Clear,Yard,Cut of cars,5,77685,0,77685,H018,30.577766,-91.223411,73.6,74.2,73.5
GTW,1134842,2023-06-27,12:30 PM,Side collision,0,BATTLE CREEK,MI,72,2,Day,Cloudy,Yard,Yard/switching,2,224,0,27866,H301,42.335284,-85.143471,66.2,65.1,68.5
CSX,000180431,2018-12-20,10:27 PM,Derailment,0,BUFFALO,NY,41,4,Dark,Rain,Yard,Yard/switching,9,8417,2500,10917,E86C,42.901973,-78.773441,32.7,38.9,39.6
AGR,AGR148217,2017-12-28,4:00 PM,Head on collision,0,PICKENSVILLE,AL,40,2,Day,Cloudy,Main,Light loco(s),24,65000,0,140000,H607,33.213881,-88.273623,36.1,32.3,33.9
NIRC,9419001921,2023-12-28,3:13 PM,Hwy-rail crossing,0,HAINESVILLE,IL,41,2,Day,Cloudy,Main,Commuter Train - Pushing,60,18415,0,18415,M308,42.339162,-88.058366,34.7,38.6,36.7
UP,0219MA011,2019-02-07,9:04 AM,Derailment,0,DEXTER,MO,66,2,Day,Rain,Main,Freight Train,20,610116,183870,793986,M105,36.794431,-89.961852,56.7,51,26.2
NS,119484,2015-05-30,3:20 AM,Other (describe in narrative),0,BRADY LAKE,OH,63,4,Dark,Clear,Main,Passenger Train - Pulling,50,20480,0,20480,M208,41.177507,-81.326805,73.4,73.5,65.4
CSX,000162810,2016-09-09,2:15 AM,Derailment,0,ROSE HILL,NC,70,4,Dark,Clear,Industry,Freight Train,6,15879,328,16207,H303,34.804103,-78.021557,80.8,79.3,79.3
CSX,000187621,2020-01-01,9:30 AM,Side collision,0,NORTH BALTIMORE,OH,31,2,Day,Cloudy,Yard,Light loco(s),8,53430,12100,135451,H306,41.182016,-83.684342,31.9,34.2,43.9
KCS,20042906,2020-04-29,11:05 AM,Derailment,0,SHREVEPORT,LA,75,2,Day,Clear,Yard,Light loco(s),4,11208,276634,377313,H607,32.542838,-93.845761,69.7,67.8,66.2
LI,GR20170802,2017-08-30,9:01 AM,Hwy-rail crossing,0,CENTRAL ISLIP,NY,68,2,Day,Clear,Main,EMU,40,22000,0,22000,M302,40.790324,-73.201772,63.7,66.8,71
BNSF,SW1215103,2015-12-27,1:38 AM,Derailment,0,MELROSE,NM,27,4,Dark,Snow,Main,Freight Train,0,34992,60000,94992,M105,34.420594,-103.579633,32.9,21.8,26.8
BNSF,RD0124108,2024-01-11,3:19 AM,Derailment,0,ENID,OK,25,4,Dark,Clear,Yard,Yard/switching,9,343831,97999,441830,T220,36.412242,-97.857033,35.4,40,23.2
ATK,144521,2016-10-05,9:31 AM,Hwy-rail crossing,0,CRUGER,MS,70,2,Day,Clear,Main,Passenger Train - Pulling,79,120613,0,120638,M302,33.278488,-90.222153,73.6,77.9,73.1
MQT,MQT178516A,2016-12-19,10:00 PM,Other (describe in narrative),0,STRONACH,MI,19,4,Dark,Clear,Main,Freight Train,19,24166,0,24166,E74L,44.210289,-86.26791,14.1,16.8,31.3
UP,0119ST045,2019-01-20,8:35 AM,Other impacts,0,LA MESA,NM,30,2,Day,Clear,Yard,Freight Train,16,2500,100,56800,H702,31.913216,-106.758476,44.8,45.1,54.2
UP,0417KC024,2017-04-30,5:30 AM,Other impacts,0,KANSAS CITY,MO,50,1,Dawn,Rain,Yard,Yard/switching,4,15416,0,41626,S012,39.123172,-94.512679,47.4,48.7,48.5
BRC,14752,2024-02-28,12:23 AM,Derailment,0,CHICAGO,IL,23,4,Dark,Cloudy,Yard,Yard/switching,7,15464,0,15464,T221,41.76758,-87.74278,62.8,32,32.5
BNSF,HL0724102,2024-07-02,10:15 AM,Derailment,0,LINCOLN,NE,85,2,Day,Clear,Yard,Yard/switching,4,310,18686,18996,H312,40.861761,-96.635669,71,75.8,72.2
BNSF,HL0918119,2018-09-22,2:45 AM,Derailment,0,SPRINGFIELD,MO,72,4,Dark,Cloudy,Yard,Yard/switching,4,23147,0,23147,E30C,37.226794,-93.328641,72.7,62.4,67
BNSF,TC1223203,2023-12-18,3:08 PM,Hwy-rail crossing,0,ASHLAND,NE,40,2,Day,Clear,Main,Freight Train,45,15000,0,15000,M302,41.074162,-96.355383,36.5,29.2,34.8
UP,0424HL019,2024-04-17,12:15 AM,Derailment,0,NORTH KANSAS CITY,MO,65,4,Dark,Clear,Yard,Freight Train,4,14480,0,23459,H702,39.146342,-94.550787,73.6,68.1,55.8
NICD,N1500026,2015-10-13,5:15 PM,Hwy-rail crossing,0,MICHIGAN CITY,IN,60,2,Day,Clear,Main,Passenger Train - Pulling,40,12723,0,12723,M308,41.713154,-86.87764,64.6,52.5,50.4
BNSF,HL0524116,2024-05-21,9:07 AM,Derailment,0,CHEROKEE,KS,80,2,Day,Cloudy,Main,Spec. MoW Equip.,0,500000,0,500000,H993,37.336354,-94.820657,73.5,74.7,63.3
BNSF,KS0515101,2015-05-01,12:30 PM,Derailment,0,KANSAS CITY,KS,75,2,Day,Cloudy,Yard,Yard/switching,4,45304,0,45304,H702,39.084333,-94.678272,62.8,65.1,67.2
UP,0316WH005,2016-03-10,7:21 PM,Derailment,0,SALLISAW,OK,60,4,Dark,Cloudy,Main,Freight Train,39,3408,13150,16558,M404,35.482234,-94.885004,58.9,59.9,54.5
NS,137193,2020-02-16,6:45 AM,Other impacts,0,CHICAGO,IL,23,1,Dawn,Cloudy,Industry,Freight Train,3,35000,0,35000,H302,41.82222,-87.654618,23.5,30.2,35.3
NS,141484,2021-05-08,8:56 AM,Other impacts,0,BELLEVUE,OH,45,2,Day,Clear,Yard,Single Car,0,2000,0,12618,H312,41.29034,-82.788151,47.9,46.6,42.6
UP,0724GP002,2024-07-03,4:30 AM,Other impacts,0,NORTH PLATTE,NE,57,1,Dawn,Clear,Yard,Cut of cars,9,994,0,18522,E06C,41.15213,-100.825032,70.8,67.8,66.7
UP,0218LK007,2018-02-03,2:20 PM,Other impacts,0,SHREVEPORT,LA,64,2,Day,Cloudy,Yard,Yard/switching,6,45311,0,47925,H020,32.424775,-93.889394,43.8,41.7,53.1
UP,0818KC023,2018-08-28,5:20 PM,Other impacts,0,KANSAS CITY,KS,78,2,Day,Rain,Yard,Cut of cars,7,414,0,92236,H607,39.145309,-94.603319,86.4,84.7,70.2
NS,146213,2022-08-17,7:00 AM,Other (describe in narrative),0,PETAL,MS,80,1,Dawn,Clear,Siding,Freight Train,6,11821,2438,14259,H702,31.373624,-89.267509,83.3,79.1,76.8
NS,155720,2024-02-09,4:30 PM,Raking collision,0,ELKHART,IN,60,3,Dusk,Clear,Yard,Yard/switching,7,771,0,22769,M408,41.677392,-85.978437,50.1,53.5,35
BNSF,RD0618120,2018-06-27,9:45 AM,Derailment,0,TULSA,OK,95,2,Day,Clear,Yard,Yard/switching,9,159208,359739,518947,M409,36.130694,-96.010356,85.1,88.8,88.7
BNSF,HL0123113,2023-01-18,3:28 AM,Derailment,0,SPRINGFIELD,MO,37,4,Dark,Rain,Yard,Yard/switching,4,37241,94168,131409,H021,37.227244,-93.329736,48.8,48.7,36.1
MCER,20220609,2022-06-09,12:50 PM,Derailment,0,PALMER,MA,79,2,Day,Cloudy,Main,Freight Train,22,20000,17513,37513,M405,42.209372,-72.31313,68.9,68.1,67.1
IC,902836,2016-10-05,9:31 AM,Hwy-rail crossing,0,CRUGER,MS,70,2,Day,Clear,Main,,0,0,25,120638,M302,33.278488,-90.222153,73.6,77.9,73.1
RSR,RSR511220A,2020-08-05,10:10 AM,Other (describe in narrative),0,ROCHESTER,NY,73,2,Day,Clear,Yard,Single Car,0,38442,0,38442,M599,43.135996,-77.6696,69.8,67.4,64.9
BNSF,RD0520104,2020-05-04,8:03 PM,Derailment,0,ENID,OK,85,3,Dusk,Clear,Yard,Cut of cars,0,2025,0,32900,H307,36.412428,-97.852115,71.9,73.2,64.1
NYA,072018,2018-07-20,3:30 PM,Derailment,0,NEW YORK -QUEENS,NY,80,2,Day,Clear,Yard,Yard/switching,2,39894,71127,111021,H506,40.707968,-73.889501,74.8,75.5,72.3
UP,0818ES008,2018-08-06,11:30 AM,Obstruction,0,ARKADELPHIA,AR,100,2,Day,Clear,Main,Spec. MoW Equip.,0,40000,0,40000,H997,34.060165,-93.089249,81.5,81.9,82.7
ATK,156136,2018-11-05,4:40 PM,Hwy-rail crossing,0,GAITHERSBURG,MD,54,3,Dusk,Rain,Main,Passenger Train - Pulling,53,19265,0,27490,M308,39.142195,-77.20323,45.1,50.3,54.1
IC,1043646,2020-08-03,1:19 PM,Hwy-rail crossing,0,TICKFAW,LA,93,2,Day,Clear,Main,,0,0,0,77386,M302,30.557091,-90.477028,80.2,80.1,80
BNSF,RD0218114,2018-02-15,3:10 PM,Other impacts,0,TULSA,OK,69,2,Day,Clear,Yard,Yard/switching,8,34168,0,34168,M407,36.119475,-96.011831,54.3,70.4,43.9
NS,145042,2022-02-26,8:15 PM,Hwy-rail crossing,0,THOMASVILLE,NC,41,4,Dark,Rain,Main,,0,0,12000,23778,M302,35.889852,-80.066649,48.2,42.9,41.7
NS,133381,2019-03-28,2:45 PM,Derailment,0,MINGO JUNCTION,OH,58,2,Day,Clear,Industry,Freight Train,4,32861,0,32861,M404,40.310679,-80.610466,41.3,51.6,55.1
NECR,NEC152322A,2022-08-01,5:00 PM,Raking collision,0,THREE RIVERS,MA,87,2,Day,Clear,Main,Spec. MoW Equip.,10,71677,0,71677,H997,42.1806,-72.365136,71.5,73.4,75.7
NMRX,24072022,2022-07-24,10:52 AM,Hwy-rail crossing,0,ALGODONES,NM,80,2,Day,Clear,Main,Commuter Train - Pulling,76,21076,0,21076,M308,35.388383,-106.466263,80.4,77.1,75.2
UP,0322GL024,2022-03-23,7:44 PM,Other impacts,0,ST PAUL,MN,36,3,Dusk,Cloudy,Yard,Yard/switching,1,8453,99,30889,H318,44.907968,-93.04714,40.9,35,38.1
LSI,67748,2017-10-30,6:00 PM,Derailment,0,PALMER,MI,36,3,Dusk,Cloudy,Main,Freight Train,16,189000,56821,245821,T220,46.502998,-87.562822,33.7,35.8,32.8
PNWR,PNW964816G,2016-05-05,8:39 AM,Hwy-rail crossing,0,SCAPPOOSE,OR,59,2,Day,Clear,Main,Freight Train,10,463,11120,11583,M302,45.780235,-122.873619,56.4,60.5,68.1
NS,141479,2021-05-07,7:45 AM,Derailment,0,BROOKLYN,MO,58,1,Dawn,Clear,Main,Freight Train,5,1500,0,18182,H503,38.654377,-90.187217,57.5,54.8,69.3
UP,1223HL017,2023-12-20,2:00 PM,Derailment,0,KANSAS CITY,KS,55,2,Day,Cloudy,Industry,Yard/switching,4,7994,10867,18861,H306,39.142792,-94.603589,38.7,48.9,55.2
NS,124273,2017-03-11,1:30 AM,Derailment,0,VANCE,AL,50,4,Dark,Clear,Industry,Freight Train,2,4862,29742,34604,H306,33.17284,-87.255281,62.2,44.9,45.8
CSX,000173605,2017-12-21,2:47 PM,Hwy-rail crossing,0,AUBURNDALE,FL,81,2,Day,Cloudy,Main,,0,0,4483,28031,M303,28.05417,-81.8176,70.4,72.5,64.9
IC,1097598,2022-03-21,3:03 PM,Hwy-rail crossing,0,TICKFAW,LA,77,2,Day,Clear,Main,,0,0,0,29362,M302,30.557091,-90.477028,58,62.5,72.1
NJTR,202104139,2021-03-26,10:35 AM,Other (describe in narrative),0,HOBOKEN,NJ,50,2,Day,Clear,Yard,Commuter Train - Pulling,5,12734,0,12734,H599,40.734125,-74.031737,56.8,63,57.4
BNSF,TC0616111,2016-06-14,9:45 PM,Derailment,0,FRIDLEY,MN,75,4,Dark,Rain,Yard,Light loco(s),5,500,12844,13344,S104,45.043033,-93.271994,69.4,67.3,68.6
NJTR,201801018,2017-12-04,3:48 AM,Derailment,0,PORT JERVIS,NY,32,4,Dark,Clear,Yard,Commuter Train - Pulling,7,19947,0,20766,H607,41.37511,-74.69498,33.2,32,49.9
CSX,000142524,2015-03-05,9:53 PM,Derailment,0,AVON,IN,9,4,Dark,Clear,Yard,Cut of cars,18,0,0,14812,M407,39.759342,-86.347116,27.2,17,16.5
UP,1015SL004,2015-10-06,9:40 PM,Derailment,0,SALEM,IL,65,4,Dark,Clear,Yard,Freight Train,3,11000,528,11528,H607,38.648698,-88.919119,66.5,67.8,66.7
BNSF,RD0123114,2023-01-20,3:06 AM,Derailment,0,TULSA,OK,30,4,Dark,Clear,Yard,Light loco(s),5,529999,35500,990636,H307,36.132242,-96.009902,39.6,38.4,41.9
UP,1023PR015,2023-10-22,7:45 PM,Other impacts,0,BELLWOOD,IL,50,3,Dusk,Clear,Yard,Freight Train,0,9389,0,11841,H307,41.891332,-87.871814,53.5,50,55.1
GTW,956107,2018-04-18,8:20 PM,Derailment,0,DETROIT,MI,41,4,Dark,Clear,Main,Freight Train,10,32680,0,33680,E00C,42.327039,-83.098266,32.3,35.3,40.5
CSX,000217175,2024-03-17,3:00 PM,Other impacts,0,INDIANAPOLIS,IN,60,2,Day,Clear,Yard,Cut of cars,18,31627,0,31627,M407,39.759798,-86.327516,50.3,41.5,32.9
CSX,000147274,2015-06-04,10:20 PM,Derailment,0,AVON,IN,78,4,Dark,Clear,Yard,Light loco(s),4,27557,500,28057,H701,39.759222,-86.353899,61.4,69,75.4
UP,0224HL011,2024-02-17,5:40 AM,Other impacts,0,KANSAS CITY,KS,12,1,Dawn,Clear,Yard,Yard/switching,5,31603,83100,114703,H312,39.094802,-94.653233,32.6,22.9,37.4
CSX,000196473,2021-03-19,8:30 PM,Derailment,0,LOUISVILLE,KY,49,4,Dark,Clear,Yard,Yard/switching,10,12330,1224,13554,M405,38.160709,-85.749174,58.6,45.6,47.5
LI,80249,2023-07-19,6:30 PM,Derailment,0,FAR ROCKAWAY,NY,81,3,Dusk,Cloudy,Main,EMU,9,160062,0,160062,M599,40.610061,-73.749378,76.3,74.5,76.4
KCS,21020802,2021-02-08,8:30 PM,Derailment,0,EAST ST LOUIS,IL,20,4,Dark,Snow,Main,Freight Train,7,1892,191,2083,T212,38.597397,-90.158261,12.7,20.5,17
NYSW,200521A,2020-05-21,1:10 PM,Side collision,0,KIRKWOOD,NY,64,2,Day,Clear,Yard,Freight Train,0,60410,2249,83847,H210,42.103895,-75.88981,56.3,57.7,62.8
NS,156020,2024-03-12,5:45 PM,Derailment,0,CINCINNATI,OH,65,3,Dusk,Clear,Yard,Freight Train,4,3750,13875,17625,H507,39.169243,-84.474701,41.9,51.7,56.2
NS,153897,2023-08-11,9:15 PM,Other (describe in narrative),0,MELVINDALE,MI,72,4,Dark,Cloudy,Yard,Yard/switching,5,1680,33270,34950,H702,42.273905,-83.191024,73.8,69.6,75.9
ATK,166693,2021-03-24,1:30 AM,Derailment,0,RENSSELAER,NY,52,4,Dark,Clear,Yard,Yard/switching,5,10913,13768,24681,H702,42.64405,-73.74208,50,48.8,56.7
UP,0417PD005,2017-04-05,7:15 PM,Derailment,0,PORTLAND,OR,48,2,Day,Clear,Yard,Yard/switching,4,37241,500,37741,E64L,45.606708,-122.764098,51.4,53.4,53.1
BNSF,CH0721113,2021-07-24,11:49 PM,Derailment,0,CICERO,IL,80,4,Dark,Clear,Yard,Freight Train,6,52600,16000,68600,H607,41.840962,-87.754967,82.2,82.7,82.1
LI,EQ20170903,2017-09-18,8:00 AM,Obstruction,0,LONG ISLAND CITY,NY,69,2,Day,Rain,Yard,EMU,3,64887,0,64887,M199,40.741321,-73.958475,72.9,70.9,72.4
UP,1117NP037,2017-11-22,7:18 PM,Other impacts,0,NORTH PLATTE,NE,38,4,Dark,Clear,Yard,Single Car,0,100,0,27477,M411,41.146756,-100.835845,34.9,40.4,46.2
CSX,000199472,2021-08-12,9:32 PM,Other impacts,0,CLEVELAND,OH,81,4,Dark,Cloudy,Industry,Cut of cars,2,32988,0,42588,H020,41.472879,-81.679302,78.7,79.9,79.1
NS,120712,2016-06-01,2:05 PM,Derailment,0,MIDDLETOWN,OH,92,2,Day,Clear,Yard,Freight Train,12,22209,1729,23938,H210,39.513085,-84.392493,75.3,76.2,72.6
CSX,000193992,2020-11-22,10:20 AM,Other impacts,0,SELKIRK,NY,35,2,Day,Cloudy,Yard,Single Car,2,995,0,12356,E99C,42.565903,-73.854184,42.9,32.7,38
UP,1121HL007,2021-11-14,8:11 AM,Other impacts,0,PARSONS,KS,39,2,Day,Clear,Yard,Freight Train,5,30714,0,59960,H306,37.362987,-95.275673,39.1,45.4,53.5
OSRR,OSR824521D,2021-07-07,7:50 PM,Derailment,0,ZANESVILLE,OH,85,3,Dusk,Cloudy,Main,Freight Train,10,17237,114891,132128,M204,39.941194,-82.010194,80.4,77.9,73.6
NS,129148,2018-04-13,4:15 PM,Other impacts,0,BELLEVUE,OH,78,3,Dusk,Clear,Yard,Single Car,0,1862,0,10862,M411,41.274423,-82.83357,60.2,54.4,43
MDS,040623MEWA,2023-04-06,11:10 AM,Derailment,0,SHUBUTA,MS,76,2,Day,Clear,Main,Freight Train,8,104849,81000,185849,T222,31.9337,-88.71244,77.4,69.8,60.3
NIRC,MRI108,2015-12-23,9:15 AM,Derailment,0,CHICAGO,IL,0,2,Day,Rain,Yard,Light loco(s),3,15000,0,15000,H303,41.893915,-87.696867,39.2,53,40
NS,141840,2021-06-09,5:10 PM,Raking collision,0,EVENDALE,OH,82,3,Dusk,Rain,Yard,Cut of cars,0,60000,802,82135,H309,39.264109,-84.420352,74.2,71.8,75.4
NS,129148,2018-04-13,4:15 PM,Other impacts,0,BELLEVUE,OH,78,3,Dusk,Clear,Yard,Single Car,3,9000,0,10862,M411,41.274423,-82.83357,60.2,54.4,43
UP,1016PD022,2016-10-15,2:47 PM,Obstruction,0,SALEM,OR,61,2,Day,Clear,Main,,0,0,150,23433,M404,44.859095,-122.9654,57.7,56.1,53.3
BNSF,RD0318104,2018-03-03,1:15 PM,Derailment,0,TULSA,OK,60,2,Day,Clear,Yard,Yard/switching,7,26034,18000,44034,H308,36.121075,-96.010391,50.2,56.5,56.1
BNSF,CH0318109,2018-02-25,5:30 AM,Obstruction,0,PEKIN,IL,38,1,Dawn,Clear,Main,Freight Train,10,500,0,11180,M404,40.621985,-89.626413,40.5,38.7,42.6
BNSF,KS0115102,2015-01-04,6:05 AM,Derailment,0,KANSAS CITY,KS,10,1,Dawn,Snow,Yard,Yard/switching,4,10695,12000,22695,M411,39.082295,-94.69106,36.7,14.5,17.8
BNSF,HL1218122,2018-12-26,12:15 AM,Derailment,0,ST LOUIS,MO,37,4,Dark,Clear,Yard,Freight Train,6,11000,800,16800,H607,38.602702,-90.312251,40.5,41.2,51.6
CSX,000156961,2016-02-09,9:54 AM,Other impacts,0,MARYSVILLE,OH,25,2,Day,Snow,Industry,Cut of cars,0,0,189045,648905,M501,40.201848,-83.31618,36.9,25.7,17.4
UP,0515NP015,2015-05-13,5:45 PM,Other impacts,0,NORTH PLATTE,NE,60,2,Day,Rain,Yard,Cut of cars,0,4452,0,12319,S007,41.150601,-100.845587,52.1,59.3,61.9
UP,0120HL037,2020-01-24,3:41 AM,Fire/violent rupture,0,WHITEWATER,KS,27,4,Dark,Cloudy,Main,Freight Train,30,17570,0,17570,E74L,37.928571,-97.178128,35.7,31.1,33.5
UP,0219HL034,2019-02-26,3:59 AM,Derailment,0,KANSAS CITY,MO,24,4,Dark,Cloudy,Yard,Yard/switching,2,10907,34911,45818,E06C,39.114005,-94.481487,27,30.2,23.1
CP,1001279933,2020-07-13,10:10 AM,Hwy-rail crossing,0,ROCHESTER,MN,73,2,Day,Clear,Main,Spec. MoW Equip.,5,60000,0,60000,M399,44.033242,-92.558265,72.1,73.7,70
MNCW,2017112411,2017-11-24,9:45 AM,Obstruction,0,NEW HAVEN,CT,42,2,Day,Clear,Yard,Yard/switching,1,19000,1000,20000,H999,41.29663,-72.92569,37.1,37.8,46.3
LI,74125,2021-02-18,11:45 PM,Derailment,0,RICHMOND HILL,NY,28,4,Dark,Clear,Yard,Yard/switching,3,18779,0,18779,H702,40.697098,-73.822025,29.4,27.7,30.8
BNSF,SW1115104,2015-11-27,10:15 AM,Derailment,0,SOCORRO,NM,64,2,Day,Cloudy,Main,Freight Train,17,450000,5000,455000,M105,34.450268,-106.501891,54.2,42.9,39.5
BNSF,KS1217100,2017-12-07,5:15 AM,Side collision,0,KANSAS CITY,KS,15,1,Dawn,Clear,Yard,Yard/switching,6,340689,0,388193,H307,39.087248,-94.69777,39.4,24.5,30.8
UP,0721HL008,2021-07-13,9:17 PM,Derailment,0,VINITA,OK,82,4,Dark,Clear,Main,Freight Train,43,3434,171600,175034,E62C,36.728721,-95.094078,71.4,75.9,80
BNSF,SW0724112,2024-07-23,8:32 AM,Derailment,0,BELEN,NM,80,1,Dawn,Clear,Main,Freight Train,20,3500,15868,19368,H705,34.520959,-106.64404,71.6,76.1,78.8
NS,122147,2016-09-22,1:30 PM,Other impacts,0,BROOK PARK,OH,86,2,Day,Clear,Yard,Yard/switching,2,21500,0,21500,H601,41.423471,-81.807459,71,74.2,74.9
CSX,000139829,2015-01-11,2:05 AM,Other (describe in narrative),0,WALBRIDGE,OH,17,4,Dark,Clear,Yard,Yard/switching,5,13157,250,13407,H702,41.586402,-83.538082,6.4,27.1,27.3
WC,1071147,2021-05-21,5:48 PM,Derailment,0,GARY,IN,82,2,Day,Clear,Yard,Yard/switching,3,3656,28000,31656,H702,41.629555,-87.406437,74.5,74.3,75.2
FEC,D59112320,2020-11-23,7:43 AM,Derailment,0,NEW SMYRNA BEACH,FL,70,1,Dawn,Clear,Yard,Yard/switching,10,1250,10209,11459,E4BC,29.015088,-80.923726,69.4,68.8,68.6
NS,144227,2022-02-01,8:48 AM,Other impacts,0,BELLEVUE,OH,37,2,Day,Clear,Yard,Cut of cars,0,400,0,89707,H312,41.29292,-82.783218,19.2,35,37.5
SLWC,200102003,2020-01-02,9:15 AM,Side collision,0,OKLAHOMA CITY,OK,50,2,Day,Clear,Yard,Yard/switching,5,66300,0,132600,H306,35.454941,-97.496655,45,49.7,43.9
CSX,000216302,2024-02-20,3:56 PM,Hwy-rail crossing,0,GULFPORT,MS,66,2,Day,Clear,Main,Freight Train,44,2347,60144,62491,M302,30.36716,-89.101506,46.1,52.1,57.3
IHB,2126,2015-08-05,9:08 AM,Side collision,0,HAMMOND,IN,85,2,Day,Clear,Yard,Yard/switching,9,106722,2863,219170,H306,41.611977,-87.499147,70.9,70.5,72.4
UP,0417KC024,2017-04-30,5:30 AM,Other impacts,0,KANSAS CITY,MO,50,1,Dawn,Rain,Yard,Single Car,4,26210,0,41626,S012,39.123172,-94.512679,47.4,48.7,48.5
NS,155733,2024-02-11,10:00 AM,Derailment,0,BELLEVUE,OH,37,2,Day,Cloudy,Yard,Yard/switching,7,33500,1400,46900,H504,41.288376,-82.803219,47.2,33.3,31.5
BRC,14452,2021-05-07,8:45 PM,Derailment,0,BEDFORD PARK,IL,50,4,Dark,Clear,Yard,,0,0,4750,5277,H702,41.766433,-87.774707,50.2,49,45.3
BNSF,CH1018117,2018-10-25,4:15 AM,Obstruction,0,CICERO,IL,45,1,Dawn,Clear,Main,Freight Train,10,0,30000,30000,M404,41.836291,-87.780452,44.2,45.3,49.3
UP,0321GP006,2021-03-05,11:00 AM,Other impacts,0,NORTH PLATTE,NE,52,2,Day,Clear,Yard,Single Car,0,603,1976,114882,M407,41.1437,-100.795497,44.9,46,51.3
ATK,166660,2021-03-19,4:46 PM,Hwy-rail crossing,0,ELKHART,IL,51,2,Day,Clear,Main,Passenger Train - Pulling,77,14039,0,29124,M303,40.020899,-89.483379,41.6,39.2,41.8
NIRC,2020071966,2020-09-14,6:58 AM,Other (describe in narrative),0,CHICAGO,IL,65,1,Dawn,Cloudy,Main,EMU,65,15534,1953,17487,M404,41.75873,-87.589571,67,65.6,68.5
WE,150013,2015-01-30,10:20 AM,Rear end collision,0,JEWETT,OH,25,2,Day,Snow,Main,Freight Train,0,30000,0,307126,H607,40.349337,-80.964623,31.1,21.3,16.8
BNSF,RD0423207,2023-04-29,12:35 PM,Hwy-rail crossing,0,PERRY,OK,62,2,Day,Clear,Main,Freight Train,50,1200,12000,13200,M302,36.297072,-97.273913,53,58.9,58.7
NJTR,202310419,2023-09-25,2:50 AM,Derailment,0,KEARNY,NJ,59,4,Dark,Rain,Yard,Light loco(s),3,48000,0,48000,H704,40.743786,-74.103796,63.4,61.1,59.7
NJTR,201708324,2017-08-03,11:25 AM,Other (describe in narrative),0,KEARNY,NJ,78,2,Day,Clear,Yard,Yard/switching,5,17521,0,17521,H599,40.744519,-74.106428,76.3,76.6,77.7
BNSF,KS1015203,2015-10-20,12:30 PM,Hwy-rail crossing,0,STAFFORD,KS,91,2,Day,Clear,Main,Freight Train,41,20000,0,20000,M302,37.968688,-98.582073,66.8,70.9,64
UP,0515NP015,2015-05-13,5:45 PM,Other impacts,0,NORTH PLATTE,NE,60,2,Day,Rain,Yard,Single Car,0,313,0,12319,S007,41.150601,-100.845587,52.1,59.3,61.9
CSX,000209882,2023-02-18,4:16 AM,Side collision,0,WILLARD,OH,23,1,Dawn,Clear,Yard,Light loco(s),8,11392,0,55449,H607,41.0599,-82.724084,27.5,31.5,44.3
NYA,NYA00088F,2023-02-07,8:37 PM,Derailment,0,BAY SHORE,NY,45,4,Dark,Rain,Yard,Freight Train,6,0,36455,36455,M507,40.773618,-73.275888,41.6,35.7,43
BNSF,TC0522102,2022-05-05,2:30 AM,Derailment,0,FRIDLEY,MN,47,4,Dark,Clear,Yard,Yard/switching,10,750,21217,21967,M411,45.039074,-93.272895,52.1,54.9,58.3
BNSF,SF0316100,2016-03-01,9:40 AM,Other impacts,0,HOLLY SPRINGS,MS,39,2,Day,Rain,Main,Freight Train,10,11264,0,11264,H307,34.775478,-89.4349,57.2,54.2,43.4
BNSF,RD1220113,2020-12-21,4:45 AM,Derailment,0,TULSA,OK,40,1,Dawn,Clear,Yard,Yard/switching,7,46329,465000,511329,S011,36.130323,-96.010231,41.5,48.5,51.8
UP,0716PC009,2016-07-12,10:30 AM,Obstruction,0,FORT HALL,ID,70,2,Day,Clear,Main,Freight Train,60,532,0,13032,H997,42.880157,-112.658811,57.5,63.7,64.6
NS,140085,2020-12-22,6:18 PM,Derailment,0,ST LOUIS,MO,72,3,Dusk,Clear,Yard,Freight Train,9,46882,10878,57760,H503,38.685945,-90.210692,48.5,43,49.7
UP,0724GP002,2024-07-03,4:30 AM,Other impacts,0,NORTH PLATTE,NE,57,1,Dawn,Clear,Yard,Yard/switching,9,4030,0,18522,E06C,41.15213,-100.825032,70.8,67.8,66.7
NS,138108,2020-05-31,10:27 PM,Other (describe in narrative),0,CHARLOTTE,NC,78,4,Dark,Clear,Yard,Cut of cars,10,12351,2405,14756,H018,35.228142,-80.852528,77.2,72.9,68.3
CSX,000142084,2015-02-25,7:30 PM,Derailment,0,TONAWANDA,NY,8,4,Dark,Snow,Yard,Yard/switching,7,15105,212,15317,M101,42.98534,-78.925717,8.1,13.9,11.2