reportingrailroadcode,accidentnumber,date,time,accidenttype,hazmatreleasedcars,station,stateabbr,temperature,visibility_code,visibility,weathercondition,tracktype,equipmenttype,trainspeed,equipmentdamagecost,trackdamagecost,totaldamagecost,primaryaccidentcausecode,latitude,longitude,prior_temp,actual_temp,following_temp
LI,75516,2021-09-01,11:50 PM,Obstruction,0,COLD SPRING HARBOR,NY,65,4,Dark,Rain,Main,Passenger Train - Pulling,40,53455,0,53455,M404,40.837717,-73.449304,77.6,71.3,68.1
CSX,000218605,2024-06-10,11:24 PM,Hwy-rail crossing,0,CARTERSVILLE,GA,72,4,Dark,Clear,Main,Freight Train,39,20558,55392,75950,M303,34.113392,-84.731439,77,73.6,71.4
BNSF,RD0217200,2017-02-02,4:30 PM,Hwy-rail crossing,0,MADILL,OK,46,2,Day,Clear,Main,Maint./inspect Car,2,11000,0,11000,M302,33.972886,-96.663006,55.2,39.7,40.1
CSX,000166274,2017-01-25,11:06 AM,Derailment,0,SELKIRK,NY,36,2,Day,Cloudy,Yard,Cut of cars,19,29771,314,30085,M407,42.565903,-73.854184,32.9,33.5,38.3
CRSH,146716,2023-01-31,11:35 PM,Derailment,0,DETROIT,MI,14,4,Dark,Cloudy,Main,,0,0,5215,241247,E00C,42.326845,-83.097548,25.6,13.6,17.8
IC,1108121,2022-06-22,7:00 AM,Other (describe in narrative),0,MCCOMB,MS,95,1,Dawn,Clear,Yard,Cut of cars,0,43434,0,43434,H399,31.246269,-90.451126,82.4,82.2,84.9
BNSF,SW1218104,2018-12-08,2:26 PM,Head on collision,0,BELEN,NM,53,2,Day,Clear,Yard,Yard/switching,0,66000,0,401094,H221,34.661608,-106.766901,41.7,40.7,35.6
UP,0420GC008,2020-04-08,12:28 AM,Other impacts,0,LIVONIA,LA,73,4,Dark,Cloudy,Yard,Single Car,0,759,0,42874,E06C,30.531829,-91.560668,74.4,77,75.7
UP,0824PN012,2024-08-12,6:50 PM,Derailment,0,KLAMATH FALLS,OR,84,3,Dusk,Clear,Yard,Freight Train,4,6681,256332,263013,M501,42.229605,-121.774074,69.1,67.3,63
CP,1000997254,2019-05-22,5:20 PM,Derailment,0,KANSAS CITY,MO,75,2,Day,Cloudy,Yard,Yard/switching,6,9538,0,18745,H702,39.125687,-94.502068,56.9,66.3,67.3
PCIR,PCR233298,2023-04-07,6:30 PM,Derailment,0,CATOOSA,OK,50,3,Dusk,Clear,Industry,Freight Train,7,6000,0,6000,H503,36.22674,-95.75786,50.1,53.2,56
ATK,177173,2023-11-16,10:03 PM,Hwy-rail crossing,0,THREE OAKS,MI,60,4,Dark,Clear,Main,Passenger Train - Pulling,86,772665,250000,1022665,M302,41.799989,-86.668474,47.1,52.2,49.1
WATX,240123004,2024-01-23,3:20 PM,Other impacts,0,PLAQUEMINE,LA,61,2,Day,Clear,Yard,Yard/switching,3,22832,0,26153,H302,30.332062,-91.246156,52.9,63.4,66.4
NS,130787,2018-08-31,11:30 PM,Other (describe in narrative),0,PAINTED POST,NY,72,4,Dark,Clear,Yard,Freight Train,6,50987,91706,145510,H702,42.147629,-77.106746,70.7,66.7,71.4
LI,72701,2020-07-31,12:40 PM,Obstruction,0,WOODSIDE,NY,73,2,Day,Clear,Main,EMU,23,32113,0,52113,H402,40.73798,-73.892872,86.2,76.9,80.9
BNSF,KS1019101,2019-10-04,2:56 PM,Derailment,0,CLAYTON,NM,65,2,Day,Clear,Siding,Freight Train,10,15127,0,15127,H503,36.485062,-103.302351,50.6,57.3,58
NJTR,201707225,2017-06-16,11:10 PM,Other impacts,0,KEARNY,NJ,75,4,Dark,Clear,Yard,Yard/switching,2,10900,448,26595,H212,40.744292,-74.101748,69.4,66.2,68.3
SLWC,190923002,2019-09-23,10:50 AM,Derailment,0,LAWTON,OK,80,2,Day,Clear,Yard,Freight Train,5,0,20005,20005,H704,34.607591,-98.529271,79,77.4,78.4
UP,0419MA001,2019-04-01,1:45 PM,Derailment,0,LITTLE ROCK,AR,51,2,Day,Clear,Siding,Yard/switching,8,34100,17220,51320,H702,34.71389,-92.283749,45.8,44.2,50.8
SKOL,IN200625,2020-06-24,6:00 PM,Fire/violent rupture,0,INDEPENDENCE,KS,95,2,Day,Clear,Main,Freight Train,10,0,3500000,3500000,M406,37.237973,-95.687402,75.3,75.3,80.2
ATK,169376,2022-01-02,10:36 AM,Rear end collision,0,BOSTON,MA,30,4,Dark,Clear,Yard,Passenger Train - Pulling,6,29457,0,29899,H605,42.33303,-71.059984,46.9,43,26.9
KCS,20081201,2020-08-12,2:00 AM,Derailment,0,WESTLAKE,LA,85,4,Dark,Clear,Yard,Yard/switching,10,8543,36015,44558,H607,30.250875,-93.303248,83.4,83.6,84.9
BRC,014527,2022-03-21,5:35 PM,Other impacts,0,BEDFORD PARK,IL,65,2,Day,Cloudy,Yard,Cut of cars,6,558,0,15690,H019,41.7679,-87.75699,49.3,60.9,55.5
UP,0817KC018,2017-08-16,7:11 PM,Derailment,0,EL RENO,OK,88,2,Day,Clear,Yard,Cut of cars,0,10536,0,133037,H303,35.549302,-97.964968,77.7,80.4,77.6
BNSF,HL0118200,2018-01-02,3:36 PM,Hwy-rail crossing,0,ST JOSEPH,MO,24,2,Day,Cloudy,Main,Freight Train,44,10000,300068,310068,M308,39.71223,-94.874848,-5.5,6.3,17.5
NS,151180,2022-10-16,4:40 PM,Derailment,0,LIMAVILLE,OH,61,3,Dusk,Cloudy,Main,Freight Train,20,3648,12488,16136,H518,40.956888,-81.12798,51.9,52.7,45.4
BNSF,RD0722224,2022-07-28,9:10 AM,Hwy-rail crossing,0,YEAGER,OK,90,2,Day,Cloudy,Main,Freight Train,50,15000,0,15000,M302,35.198081,-96.300252,91.1,86.3,79.2
ATK,155203,2018-09-10,2:10 AM,Derailment,0,LONG ISLAND CITY,NY,53,4,Dark,Rain,Yard,Yard/switching,5,40080,740,40820,H399,40.745158,-73.939067,60.1,60.6,68.4
UP,0117NP008,2017-01-10,2:30 AM,Derailment,0,KIMBALL,NE,29,4,Dark,Cloudy,Industry,Freight Train,5,16219,38527,54746,H702,41.240628,-103.682757,40.2,37.7,22.1
NS,142455,2021-08-06,8:37 AM,Other impacts,0,BELLEVUE,OH,78,2,Day,Clear,Yard,Single Car,3,16610,0,18110,M411,41.288344,-82.803529,70.8,75.1,73.9
BNSF,NW1115103,2015-11-07,7:00 PM,Derailment,0,RATHDRUM,ID,46,3,Dusk,Rain,Main,Freight Train,3,13741,35000,48741,H702,47.762412,-116.981956,38.4,45,44
BNSF,HL1220111,2020-12-17,9:54 AM,Side collision,0,SPRINGFIELD,MO,40,2,Day,Clear,Yard,Freight Train,0,16445,500,26945,H607,37.226888,-93.33132,28.4,34.7,41.5
UP,1018LV011,2018-10-07,5:00 PM,Hwy-rail crossing,0,BUNKIE,LA,82,2,Day,Clear,Main,Freight Train,17,24942,600,25542,M302,30.95276,-92.182094,76.3,77.7,77.3
NS,124717,2017-04-14,4:19 PM,Derailment,0,ELKHART,IN,70,3,Dusk,Clear,Siding,Freight Train,15,13328,103968,117296,S011,41.680904,-85.970584,49,54.2,67.4
CSX,000162507,2016-08-30,1:00 PM,Derailment,0,EAST ST LOUIS,IL,90,2,Day,Clear,Yard,Yard/switching,4,21939,2586,24525,H306,38.642253,-90.098853,82.5,77.6,75.9
BNSF,RD0724125,2024-07-24,2:12 AM,Derailment,0,TULSA,OK,90,4,Dark,Cloudy,Yard,Freight Train,4,9286,14044,23330,H514,36.124017,-96.012451,78.8,81.1,81.4
CSX,000181740,2019-03-09,5:53 AM,Side collision,0,WILLARD,OH,30,1,Dawn,Cloudy,Yard,Light loco(s),5,31391,0,79682,H017,41.059857,-82.723964,27.9,34.8,41
BNSF,HL0119129,2019-01-23,2:35 AM,Derailment,0,LINCOLN,NE,15,4,Dark,Snow,Yard,Freight Train,5,12123,7500,19623,H307,40.80778,-96.778103,22.6,18.2,16.3
LSRC,D160712,2016-07-12,2:10 PM,Derailment,0,SAGINAW,MI,90,2,Day,Clear,Yard,Freight Train,5,68296,3500,71796,H702,43.443408,-83.91427,75.3,78.8,76.6
NS,124854,2017-04-27,8:35 PM,Other impacts,0,HATTIESBURG,MS,72,4,Dark,Clear,Yard,Cut of cars,0,702,0,26908,H018,31.330837,-89.282983,70,69.6,76.9
CRSH,132085,2018-12-16,12:34 PM,Broken train collision,0,CAMDEN,NJ,41,2,Day,Cloudy,Yard,Freight Train,0,9792,0,28092,M507,39.945131,-75.103401,49.6,42.3,43.3
CSX,000172350,2017-10-22,9:40 AM,Derailment,0,SELKIRK,NY,70,2,Day,Clear,Yard,Freight Train,5,60152,697,60849,M405,42.565903,-73.854184,53.9,55.9,59.9
CSX,000168588,2017-04-29,11:09 AM,Derailment,0,BIRMINGHAM,AL,80,2,Day,Clear,Yard,Freight Train,8,127398,20978,148376,E35C,33.543607,-86.790089,76,79.2,72.9
NS,139696,2020-11-10,1:45 PM,Other impacts,0,SHELBYVILLE,KY,72,2,Day,Clear,Yard,Single Car,0,27997,0,28847,H318,38.209811,-85.289676,64,68.6,58.5
BNSF,CH1115106,2015-11-11,1:10 AM,Derailment,0,BEDFORD PARK,IL,45,4,Dark,Clear,Yard,Freight Train,8,11112,0,11112,H307,41.767021,-87.794007,47.9,53.3,47.1
NS,137263,2020-02-23,1:12 AM,Hwy-rail crossing,0,COLUMBIANA,OH,26,4,Dark,Clear,Main,,0,0,0,10856,M302,40.882832,-80.692072,33,39.3,44.2
UP,0121PN019,2021-01-19,7:42 PM,Hwy-rail crossing,0,TURNER,OR,47,3,Dusk,Cloudy,Main,,0,0,150,25150,M303,44.748383,-122.941736,40.3,39.5,37.3
NS,120942,2016-06-20,7:20 AM,Other (describe in narrative),0,FREMONT,OH,75,1,Dawn,Clear,Main,Freight Train,11,13386,14081,27467,E29C,41.348488,-83.11322,79.9,83.2,76.4
LI,EQ20160702,2016-07-17,3:13 PM,Derailment,0,NEW YORK -QUEENS,NY,85,2,Day,Clear,Main,Freight Train,10,0,29280,29280,M201,40.699868,-73.806673,82.3,83,83.9
CSX,000170237,2017-07-15,10:55 PM,Derailment,0,SELKIRK,NY,75,4,Dark,Clear,Yard,Yard/switching,2,24000,40896,64896,M405,42.565903,-73.854184,64.2,70.7,72.1
BNSF,RD0523114,2023-05-20,9:47 AM,Derailment,0,SAPULPA,OK,74,2,Day,Clear,Main,Freight Train,20,46719,156956,203675,E33C,36.005457,-96.100865,64.6,61.8,64.7
BNSF,HL0524110,2024-05-15,6:30 AM,Derailment,0,SPRINGFIELD,MO,70,1,Dawn,Clear,Industry,Single Car,4,15209,1760,16969,M504,37.233692,-93.224044,61.9,66.1,66.7
CSX,000176024,2018-04-25,9:45 PM,Derailment,0,SELKIRK,NY,55,4,Dark,Rain,Yard,Single Car,11,25896,0,194744,M407,42.565903,-73.854184,56.5,52.8,51.6
UP,1214PD014,2014-12-22,11:20 PM,Derailment,0,PORTLAND,OR,50,4,Dark,Cloudy,Industry,Yard/switching,2,13258,81434,94692,H523,45.604875,-122.743671,54.5,49,47.4
KCS,19022802,2019-02-28,10:00 AM,Other impacts,0,KANSAS CITY,MO,23,2,Day,Cloudy,Yard,,0,0,0,36000,H020,39.128761,-94.517204,23.1,22.6,31
CORP,COR786615G,2015-08-13,1:25 AM,Hwy-rail crossing,0,RIDDLE,OR,60,4,Dark,Clear,Main,Freight Train,23,10000,2350,12350,M302,42.940681,-123.38649,72.1,70,65.7
CSX,000212286,2023-07-13,9:10 AM,Derailment,0,CLEVELAND,OH,72,2,Day,Cloudy,Yard,Freight Train,10,7742,100447,108189,E4BC,41.556216,-81.590608,74.3,72.1,73.6
CRSH,132349,2019-01-08,4:50 AM,Raking collision,0,NEWARK,NJ,31,1,Dawn,Sleet,Yard,Yard/switching,8,29453,0,30157,M204,40.709578,-74.141095,29.8,39.3,41.3
BNSF,HL0523109,2023-05-17,2:00 PM,Derailment,0,LINCOLN,NE,83,2,Day,Clear,Yard,Freight Train,4,35234,15000,50234,H504,40.808871,-96.744126,65.6,67.1,71.1
BNSF,SF0816115,2016-08-30,11:31 AM,Derailment,0,TULSA,OK,94,2,Day,Clear,Yard,Yard/switching,10,636958,28000,664958,H018,36.13045,-96.010103,79.5,80.1,77.3
BNSF,SF0415120,2015-04-28,1:00 PM,Other impacts,0,TULSA,OK,70,2,Day,Clear,Yard,Yard/switching,10,19361,0,19361,S016,36.124946,-96.01141,56.3,55.9,61.4
ARR,2021177,2021-12-13,1:00 PM,Obstruction,0,SEWARD,AK,-3,2,Day,Clear,Main,Spec. MoW Equip.,15,11000,0,11000,E04C,60.6285,-149.2472,10.8,6,10.5
BNSF,TC0815113,2015-08-11,3:00 AM,Derailment,0,FRIDLEY,MN,65,4,Dark,Clear,Yard,Light loco(s),5,12500,42471,54971,H704,45.048129,-93.273561,73.7,72.2,74.2
BNSF,HL1019123,2019-10-28,2:10 AM,Derailment,0,HANNIBAL,MO,45,4,Dark,Clear,Yard,Freight Train,10,19500,500,20000,M599,39.906572,-91.445983,50.7,44.8,37
UP,0721TO004,2021-07-04,9:40 AM,Other impacts,0,MUSKOGEE,OK,74,2,Day,Cloudy,Yard,Yard/switching,5,36923,0,69248,E30C,35.765313,-95.354482,74.3,75.9,75.5
KAW,190830006,2019-08-30,11:10 PM,Derailment,0,NORTH KANSAS CITY,MO,68,4,Dark,Clear,Industry,Freight Train,8,16845,0,16845,H306,39.133641,-94.557519,79.2,72.2,69.6
BNSF,SF0516100,2016-05-02,7:30 PM,Other impacts,0,TULSA,OK,55,3,Dusk,Clear,Yard,Yard/switching,4,9600,0,10700,M408,36.122693,-96.011908,57.5,55,58.5
IR,IR151327,2015-11-25,9:17 PM,Other impacts,0,OTTAWA,IL,35,4,Dark,Clear,Industry,Yard/switching,6,51521,0,51521,H302,41.346388,-88.874722,33,43.3,55.4
NJTR,201708275,2017-07-13,2:14 AM,Other (describe in narrative),0,KEARNY,NJ,82,4,Dark,Cloudy,Yard,Light loco(s),2,17514,0,17514,H999,40.743863,-74.101276,82.6,82.9,68.9
UP,0118PR011,2018-01-15,3:00 PM,Other (describe in narrative),0,MELROSE PARK,IL,5,2,Day,Snow,Yard,Single Car,0,12902,0,12902,M411,41.898852,-87.907897,13.8,17.4,16.6
NMRX,01242016,2016-01-24,6:30 AM,Other impacts,0,ALGODONES,NM,30,1,Dawn,Clear,Main,Spec. MoW Equip.,12,57000,0,57000,M599,35.370815,-106.495231,37.1,38.6,32.7
CSX,000194370,2020-12-10,8:08 PM,Derailment,0,CLEVELAND,OH,34,4,Dark,Cloudy,Yard,Freight Train,5,14407,400,14807,E34C,41.563675,-81.573653,39,45,48.5
ATK,150338,2017-10-26,2:05 PM,Obstruction,0,SOUTH SCHODACK,NY,56,2,Day,Rain,Main,Spec. MoW Equip.,0,30335,0,58225,H605,42.502157,-73.700385,59.1,49.6,49.9
BNSF,RD0618109,2018-06-04,3:30 AM,Derailment,0,ENID,OK,85,4,Dark,Clear,Yard,,0,0,65000,68750,E64L,36.4046,-97.892428,73.6,74,77.7
BNSF,HL1123115,2023-11-23,6:30 AM,Other (describe in narrative),0,OMAHA,NE,22,1,Dawn,Clear,Yard,Freight Train,0,20308,0,23703,H307,41.229946,-95.914634,38.6,33.8,25.5
NS,136407,2019-12-04,5:20 AM,Hwy-rail crossing,0,BELLEVUE,OH,35,1,Dawn,Cloudy,Main,Spec. MoW Equip.,0,25000,0,25000,M302,41.282962,-82.887928,32,34.9,36
UP,0422GC002,2022-04-02,8:00 AM,Other impacts,0,LOTTIE,LA,59,2,Day,Clear,Yard,Single Car,5,16317,0,16317,M201,30.517556,-91.5452,58.4,65.4,66.3
UP,0121PN003,2021-01-04,9:19 PM,Derailment,0,DURKEE,OR,39,4,Dark,Cloudy,Main,Freight Train,19,492436,214896,707332,H503,44.633657,-117.524475,41.3,40,36.6
NJTR,202303083,2023-02-22,10:02 PM,Derailment,0,RARITAN,NJ,37,4,Dark,Cloudy,Yard,Commuter Train - Pushing,6,16554,939,17493,H303,40.570514,-74.64229,40.3,33.9,41.7
CSX,000206536,2022-08-05,3:43 AM,Derailment,0,CLEVELAND,OH,80,4,Dark,Clear,Yard,Yard/switching,4,10131,10752,20883,M204,41.556216,-81.590608,78.3,79.1,79.3
CSX,000212341,2023-07-15,1:15 PM,Derailment,0,EAST CHICAGO,IN,85,2,Day,Cloudy,Yard,Yard/switching,4,6022,6554,12576,E64C,41.630629,-87.466931,76.2,74.4,72.2
CSX,000152411,2015-09-25,4:00 PM,Other impacts,0,WILLARD,OH,70,2,Day,Cloudy,Yard,Single Car,4,13440,0,13589,S099,41.058951,-82.718557,65.3,65.1,65.7
NS,153477,2023-06-29,4:30 PM,Derailment,0,ALBION,MI,80,2,Day,Clear,Industry,Freight Train,10,151,0,16401,H303,42.257904,-84.785442,67.2,74.5,77.2
UP,0316ES017,2016-03-31,4:00 PM,Other (describe in narrative),0,AMERICAN FALLS,ID,56,2,Day,Cloudy,Main,Spec. MoW Equip.,10,100000,0,100000,E99C,42.774057,-112.881582,41.2,44.4,43.5
NIRC,9419000163,2021-03-28,4:11 PM,Other (describe in narrative),0,UNIVERSITY PARK,IL,40,2,Day,Cloudy,Yard,EMU,0,20905,17001,37906,M105,41.45768,-87.72435,51.3,43.4,44.2
UP,1121GC007,2021-11-04,1:07 AM,Other (describe in narrative),0,LENA,LA,65,4,Dark,Clear,Industry,Single Car,1,34069,0,34069,M299,31.405503,-92.714001,52.7,49.7,49.5
UP,0922HL016,2022-09-16,9:39 PM,Obstruction,0,SANTA ROSA,NM,75,4,Dark,Clear,Main,Freight Train,43,11353,0,11353,M501,34.996061,-104.54076,72.5,73.4,75.2
LI,80124,2023-07-03,9:13 AM,Other (describe in narrative),0,NEW HYDE PARK,NY,79,2,Day,Clear,Main,EMU,65,12346,0,12346,M509,40.730242,-73.682892,75.6,79.7,76.6
BRC,14134,2018-06-26,11:00 PM,Derailment,0,BEDFORD PARK,IL,70,4,Dark,Clear,Industry,Freight Train,4,27181,0,27181,M405,41.761826,-87.728899,71.4,74.5,72.9
CRSH,135850,2019-10-16,2:55 AM,Raking collision,0,NEWARK,NJ,55,4,Dark,Clear,Yard,Yard/switching,0,1588,0,13872,S016,40.706396,-74.133991,57.9,60,54.8
CSX,000169025,2017-05-21,3:07 PM,Other impacts,0,HAMLET,NC,79,2,Day,Cloudy,Yard,Yard/switching,7,33846,0,33968,H601,34.925491,-79.646587,78.7,75.4,75.2
KCS,16032803,2016-03-28,9:05 AM,Hwy-rail crossing,0,CALHOUN,LA,53,2,Day,Clear,Main,Freight Train,42,11318,877,12195,M302,32.50411,-92.28352,66.2,57.9,61.7
LI,EQ20161007,2016-10-31,10:00 AM,Obstruction,0,NEW YORK-KINGS,NY,59,2,Day,Clear,Yard,EMU,5,0,13962,13962,M402,40.682214,-73.972318,65.5,51,50.7
CSX,000160297,2016-06-05,9:24 AM,Side collision,0,CINCINNATI,OH,82,2,Day,Cloudy,Yard,Yard/switching,0,55076,0,131576,H607,39.104289,-84.538797,71,72.4,72.6
CSX,000182476,2019-04-19,12:30 PM,Other impacts,0,CUMBERLAND,MD,70,2,Day,Rain,Yard,Cut of cars,4,3431,0,15811,H018,39.644504,-78.760839,63.1,66.5,64.4
NS,142683,2021-08-28,6:15 AM,Other (describe in narrative),1,DANVILLE,KY,72,1,Dawn,Clear,Yard,Freight Train,5,60636,0,85235,H702,37.641092,-84.783207,74,76.9,76.2
NS,121283,2016-07-16,2:15 AM,Derailment,0,PORT DICKINSON,NY,62,4,Dark,Cloudy,Yard,Cut of cars,0,50200,0,51800,H306,42.098659,-75.856665,75.4,69.6,70.1
NJTR,201912652,2019-11-28,9:25 PM,Derailment,0,RARITAN,NJ,40,4,Dark,Clear,Yard,Light loco(s),10,19215,0,19215,H017,40.570202,-74.64472,47,45.6,35.8
NS,152791,2023-04-11,10:15 PM,Other impacts,0,SOUTHMONT,NC,58,4,Dark,Clear,Yard,Single Car,0,8800,0,52275,H312,35.738906,-80.33295,50,56.1,64
UP,0422GL009,2022-04-06,8:00 AM,Derailment,0,CLINTON,IA,44,2,Day,Cloudy,Main,Freight Train,32,93648,443000,919032,E61C,41.800108,-90.333527,45.1,46,39.6
IAIS,2022034,2022-08-29,1:50 PM,Hwy-rail crossing,0,MENLO,IA,84,2,Day,Clear,Main,Light loco(s),38,5000,0,5000,M308,41.524701,-94.414074,76.2,73.2,67.1
CSX,000205288,2022-05-31,7:25 PM,Other impacts,0,CLEVELAND,OH,80,3,Dusk,Clear,Yard,Cut of cars,12,60000,0,246000,H318,41.563361,-81.573775,79.7,83.1,77.4
UP,0321HL015,2021-03-24,1:05 AM,Derailment,0,INDEPENDENCE,MO,51,4,Dark,Rain,Main,Freight Train,4,30677,0,66938,M203,39.076093,-94.603321,53.3,47.8,43.7
CSX,000175144,2018-03-07,2:35 AM,Other impacts,0,SELKIRK,NY,30,4,Dark,Snow,Yard,Cut of cars,18,0,0,57350,S016,42.565903,-73.854184,33.7,31.5,31.5
MBTA,YR2022102,2022-08-25,3:32 PM,Fire/violent rupture,0,LINCOLN,MA,84,2,Day,Clear,Main,Passenger Train - Pulling,27,20513,0,20513,E71L,42.414093,-71.325689,74.6,76.5,73.3
UP,0815PD015,2015-08-24,1:40 PM,Derailment,0,STANFIELD,OR,87,2,Day,Clear,Yard,Light loco(s),10,56165,0,56165,H303,45.793623,-119.251014,66.6,75.8,76.1
AA,D451215,2015-05-01,7:47 AM,Derailment,0,TOLEDO,OH,65,1,Dawn,Cloudy,Main,,0,0,1336,91336,H503,41.679968,-83.502189,49.2,58,61.5
CSX,000162962,2016-09-18,10:35 AM,Derailment,0,RIVERDALE,IL,79,2,Day,Clear,Yard,Yard/switching,4,12304,11508,23812,H523,41.649266,-87.62405,71.8,68.7,72.1
MBTA,YR2022161,2022-12-23,7:11 PM,Obstruction,0,BRIDGEWATER,MA,34,4,Dark,Clear,Main,Passenger Train - Pushing,57,14847,0,14847,M404,42.001492,-70.979829,35.5,47.8,15.2
CSX,000206782,2022-08-20,1:25 AM,Other impacts,0,CINCINNATI,OH,70,4,Dark,Clear,Yard,Single Car,2,28086,0,28086,M204,39.137604,-84.543604,72.3,71.9,71.4
UP,0522GP025,2022-05-30,9:00 AM,Other impacts,0,NORTH PLATTE,NE,59,2,Day,Cloudy,Yard,Single Car,4,53719,150,55130,M411,41.150885,-100.823291,70.8,61,59.8
UP,0520PR012,2020-05-20,2:00 AM,Other (describe in narrative),0,MELROSE PARK,IL,55,4,Dark,Cloudy,Yard,Yard/switching,5,40880,0,40880,H318,41.895747,-87.888903,54.9,58.9,61.6
BNSF,CH0116105,2016-01-16,6:28 PM,Rear end collision,0,LISLE,IL,5,3,Dusk,Clear,Main,Maint./inspect Car,0,50000,0,81000,H402,41.795068,-88.088562,36.5,25.4,3.2
CSX,000164041,2016-11-01,4:48 PM,Other impacts,0,HAMLET,NC,70,2,Day,Clear,Yard,Single Car,5,0,0,24000,S016,34.925491,-79.646587,65.8,62,62.6
UP,1216PD009,2016-12-21,5:00 AM,Derailment,0,HERMISTON,OR,19,4,Dark,Clear,Main,Freight Train,20,18644,300,18944,H503,45.815102,-119.293962,40.4,30.6,24.3
MBTA,7072,2017-11-20,8:22 AM,Derailment,0,WILMINGTON,MA,38,2,Day,Clear,Main,Passenger Train - Pushing,12,42696,1657,44353,H605,42.581217,-71.168538,49,37.2,46.1
ATK,162564,2019-12-30,7:35 PM,Hwy-rail crossing,0,WILLOW SPRINGS,IL,31,4,Dark,Cloudy,Main,Passenger Train - Pulling,79,243612,0,244105,M302,41.733115,-87.878701,54.5,33.8,27.3
BNSF,RD0723103,2023-07-06,4:15 AM,Other (describe in narrative),0,TULSA,OK,70,1,Dawn,Rain,Yard,Yard/switching,5,12940,0,23780,M408,36.122317,-96.01094,76.5,74.4,74.5
BNSF,HL0118116,2018-01-20,1:27 AM,Derailment,0,NORTH KANSAS CITY,MO,40,4,Dark,Clear,Yard,Yard/switching,5,13093,3000,16093,H703,39.135358,-94.585069,41.9,48.1,54
BNSF,RD0917112,2017-09-17,1:19 AM,Other impacts,0,TULSA,OK,84,4,Dark,Clear,Yard,Yard/switching,4,54503,0,54503,H316,36.125804,-96.011345,82.5,74.4,74.3
NJTR,202310410,2023-09-30,1:20 AM,Derailment,0,BAY HEAD,NJ,63,4,Dark,Cloudy,Yard,Work train,3,11100,1065,12165,H704,40.076012,-74.046874,60.9,60.8,65.4
UP,0615PD021,2015-06-27,3:00 PM,Derailment,0,HERMISTON,OR,111,2,Day,Clear,Yard,Light loco(s),2,54167,0,54167,H303,45.79497,-119.294433,83.2,89.3,88.9
BNSF,HL0918108,2018-09-12,3:34 AM,Derailment,0,ST LOUIS,MO,68,4,Dark,Cloudy,Yard,,0,0,6500,12090,M204,38.629669,-90.237553,69.1,69,73.1
MNCW,73250,2020-09-30,3:08 AM,Other impacts,0,BREWSTER,NY,58,4,Dark,Rain,Yard,EMU,2,0,0,10789,H018,41.408221,-73.621851,68.2,64.3,62
CRSH,131914,2018-12-02,10:50 AM,Raking collision,0,NEWARK,NJ,55,2,Day,Rain,Yard,Yard/switching,2,37094,4500,41594,S016,40.706515,-74.134021,40.9,49.2,51.7
BNSF,HL0123123,2023-01-28,2:44 AM,Derailment,0,MANSFIELD,MO,40,4,Dark,Clear,Main,Freight Train,25,16762,70000,86762,E53C,37.096283,-92.538709,38.8,44.1,31.1
CRSH,127026,2017-10-16,12:15 AM,Derailment,0,CAMDEN,NJ,65,4,Dark,Clear,Yard,Yard/switching,3,17716,0,17716,H021,39.94764,-75.097252,68.3,59.6,50.6
BNSF,TX1114111,2014-11-24,1:00 PM,Other (describe in narrative),0,MOORE,OK,50,2,Day,Clear,Yard,Maint./inspect Car,7,15000,1000,16000,H997,35.376252,-97.480851,53.3,45.9,42.5
LI,68134,2018-06-22,2:10 PM,Other impacts,0,RICHMOND HILL,NY,69,2,Day,Clear,Yard,Yard/switching,5,15349,0,43991,H307,40.697334,-73.823729,73.4,68.8,64.7
CCET,042301,2023-04-04,3:30 PM,Derailment,0,SARDINIA,OH,63,2,Day,Cloudy,Main,Freight Train,10,250000,250000,500000,T221,39.01315,-83.83204,54.6,63.3,69.9
CSX,000175538,2018-03-29,9:15 PM,Derailment,0,BUFFALO,NY,40,4,Dark,Rain,Yard,Freight Train,12,8253,9619,17872,H503,42.901973,-78.773441,42.5,44.1,38.7
UP,0216PR013,2016-02-21,4:30 AM,Derailment,0,NORTHLAKE,IL,30,4,Dark,Clear,Yard,Yard/switching,4,159564,73962,233526,H703,41.894929,-87.898258,48.1,37.4,35.4
BNSF,HL0721104,2021-07-06,9:32 PM,Obstruction,0,SPRINGFIELD,MO,72,4,Dark,Clear,Yard,Freight Train,10,225044,870500,1182100,M402,37.230254,-93.294042,74.6,76.6,77.8
NS,144822,2022-03-29,3:27 AM,Other impacts,0,BELLEVUE,OH,19,4,Dark,Clear,Yard,Single Car,0,7650,1249,59156,H312,41.291944,-82.784808,24.6,29,51.7
UP,0120HL030,2020-01-21,7:29 AM,Derailment,0,NORTH ENID,OK,20,2,Day,Cloudy,Yard,Cut of cars,0,0,0,326274,H503,36.433915,-97.862847,31.3,31.1,38
CSX,000191266,2020-07-10,1:25 AM,Side collision,0,SELKIRK,NY,79,4,Dark,Clear,Yard,Freight Train,0,84213,112,89574,H607,42.565903,-73.854184,80.1,78,79.6
UP,0918KC014,2018-09-21,4:31 AM,Derailment,0,LIBERAL,KS,64,1,Dawn,Clear,Siding,Freight Train,4,41142,13581,54723,H702,37.039392,-100.919758,75.7,66.7,57.9