reportingrailroadcode,accidentnumber,date,time,accidenttype,hazmatreleasedcars,station,stateabbr,temperature,visibility_code,visibility,weathercondition,tracktype,equipmenttype,trainspeed,equipmentdamagecost,trackdamagecost,totaldamagecost,primaryaccidentcausecode,latitude,longitude,prior_temp,actual_temp,following_temp
BNSF,MT1219103,2019-12-08,1:19 PM,Derailment,0,STANLEY,ND,5,2,Day,Snow,Yard,Freight Train,10,115971,7800,123771,H307,48.318957,-102.393066,31.4,8.1,2.6
UP,0822GC022,2022-08-27,11:30 PM,Other impacts,0,MARINGOUIN,LA,74,4,Dark,Clear,Yard,Light loco(s),0,51384,0,51384,H702,30.519816,-91.548197,78.9,79.8,80.5
BNSF,TX0615101,2015-06-05,11:20 AM,Derailment,0,ARKANSAS CITY,KS,87,2,Day,Clear,Yard,,0,0,239454,239732,H307,37.052879,-97.032871,79.1,78.8,80.4
WC,1700952,2024-08-05,5:24 PM,Hwy-rail crossing,0,PLAINFIELD,IL,82,2,Day,Rain,Main,Freight Train,15,0,40000,40000,M308,41.61388,-88.2,78.7,78.6,71.7
CSX,000185538,2019-09-25,4:48 AM,Other impacts,0,SELKIRK,NY,70,1,Dawn,Clear,Yard,Cut of cars,14,60022,0,60022,M407,42.565903,-73.854184,63.6,60.9,60.3
NS,154800,2023-11-17,6:00 AM,Derailment,0,IUKA,MS,60,1,Dawn,Cloudy,Industry,Freight Train,4,4800,15768,20568,M204,34.826229,-88.228522,63.2,62.7,52.1
NS,151477,2022-11-15,9:00 PM,Hwy-rail crossing,0,MIDDLESEX,NJ,51,4,Dark,Rain,Main,Freight Train,40,300,0,300,M303,40.579959,-74.478372,38.9,36.3,43.4
CSX,000161469,2016-07-21,4:30 AM,Other impacts,0,SELKIRK,NY,58,1,Dawn,Clear,Yard,Single Car,7,100,0,24000,S014,42.565903,-73.854184,66.7,71.7,79.3
IC,895343,2016-07-21,8:58 AM,Hwy-rail crossing,0,GLENDORA,MS,94,2,Day,Clear,Main,,0,0,25,46056,M302,33.91824,-90.286125,84.6,85.7,86.2
UP,0322PR026,2022-03-31,12:40 AM,Derailment,0,NORTHLAKE,IL,45,4,Dark,Rain,Yard,Freight Train,9,127843,70617,198460,E63C,41.929534,-87.914252,53.4,39.4,36.8
NS,116480,2015-07-12,3:32 PM,Derailment,0,NORTH KANSAS CITY,MO,93,2,Day,Clear,Yard,,0,0,5399,34714,H607,39.133916,-94.566568,82.2,85.4,88.1
NS,143513,2021-11-19,2:40 PM,Other impacts,0,DECATUR,IL,40,2,Day,Clear,Yard,Single Car,3,2072,7649,11356,H312,39.852182,-88.918343,37.8,32,43.5
CSX,000138698,2014-12-10,11:28 AM,Derailment,0,CINCINNATI,OH,41,2,Day,Cloudy,Yard,Yard/switching,7,50055,12000,62055,E07C,39.102276,-84.542438,40,35.3,33.6
BNSF,RD0219126,2019-02-26,10:00 PM,Derailment,0,TULSA,OK,36,4,Dark,Clear,Yard,Yard/switching,8,11078,0,11078,M411,36.118442,-96.011808,46.7,47.9,31.3
UP,0916PD012,2016-09-25,4:51 PM,Derailment,0,EUGENE,OR,81,2,Day,Clear,Yard,Yard/switching,10,481566,36200,517766,E76L,44.060386,-123.113809,59.2,63,68.3
CSX,000155246,2015-12-16,2:32 PM,Derailment,0,CLEVELAND,OH,58,2,Day,Cloudy,Yard,Freight Train,8,15899,1050,16949,H702,41.571339,-81.556841,46.2,49.4,44.3
BNSF,NW1216113,2016-12-22,2:10 AM,Other (describe in narrative),0,PORTLAND,OR,34,4,Dark,Fog,Yard,Freight Train,8,21044,0,21044,H310,45.624707,-122.729928,33.8,35.9,39.6
CSX,000212423,2023-07-20,9:10 AM,Derailment,0,WALBRIDGE,OH,75,2,Day,Clear,Yard,Yard/switching,10,15297,464,15761,E07C,41.558327,-83.489124,74,75.8,72.5
NS,133848,2019-05-06,6:35 PM,Derailment,0,CINCINNATI,OH,69,3,Dusk,Clear,Yard,Yard/switching,3,12855,0,12855,H021,39.102493,-84.540065,59.8,61.2,65.1
LI,69734,2019-05-08,5:44 PM,Hwy-rail crossing,0,FARMINGDALE,NY,64,2,Day,Clear,Main,EMU,60,88965,40358,129323,M304,40.731759,-73.45942,55.8,58.5,52.3
KO,180915,2018-09-15,3:00 PM,Hwy-rail crossing,0,HAVEN,KS,70,2,Day,Clear,Main,Freight Train,20,139206,60000,199206,M302,37.891982,-97.756425,77.3,76.6,77.3
MSE,2401DERAIL,2024-03-12,8:00 AM,Derailment,0,MOSS POINT,MS,45,2,Day,Clear,Industry,Freight Train,2,45000,43869,88869,M101,30.531944,-88.559167,54.2,55.6,61.3
CSX,000195435,2021-02-01,8:00 PM,Raking collision,0,FLATWOODS,KY,28,4,Dark,Snow,Yard,Cut of cars,4,9000,196,15993,H318,38.540046,-82.712369,38.1,31.3,28.1
BNSF,RD0923128,2023-09-17,6:45 PM,Derailment,0,OKLAHOMA CITY,OK,78,3,Dusk,Clear,Yard,Freight Train,8,3270,42585,45855,H307,35.387314,-97.484352,71.6,72.5,75.5
NS,142860,2021-09-16,1:40 AM,Rear end collision,0,TOLEDO,OH,64,4,Dark,Clear,Yard,Work train,6,21210,0,23784,H307,41.638048,-83.553992,70.4,67.2,73.3
CIND,CIN359017D,2017-07-12,8:15 AM,Derailment,0,CINCINNATI,OH,90,2,Day,Clear,Main,Freight Train,5,20758,1300,22058,H704,39.088436,-84.565052,75,78.5,78.8
UP,0424MA026,2024-04-16,6:04 AM,Derailment,0,ST LOUIS,MO,66,1,Dawn,Cloudy,Yard,Freight Train,4,83683,60542,144225,H306,38.612297,-90.190641,75,74,72.7
NS,142583,2021-08-11,6:30 PM,Other impacts,0,OSCEOLA,IN,72,3,Dusk,Clear,Yard,Light loco(s),2,7000,0,17894,H305,41.666583,-86.033424,80.9,76.7,77.7
UP,0119GP017,2019-01-08,6:32 AM,Derailment,0,FREMONT,NE,36,1,Dawn,Clear,Main,Freight Train,40,1018913,1080780,2099693,E53C,41.38178,-96.432135,45,39.2,28.3
BNSF,SW0920102,2020-09-08,11:47 PM,Derailment,0,BELEN,NM,43,4,Dark,Rain,Main,Freight Train,17,1325120,122604,1447724,M105,34.463626,-106.506689,78.7,69.5,44.9
NS,156302,2024-04-08,10:00 PM,Other impacts,0,PORTSMOUTH,OH,50,4,Dark,Clear,Yard,Yard/switching,4,38000,585,46585,H306,38.736826,-82.957246,48.2,64.4,61.7
CSX,000199176,2021-07-30,11:39 AM,Rear end collision,0,RUSSIA,OH,75,2,Day,Clear,Main,Freight Train,0,0,0,66166,H993,40.240517,-84.382739,76.7,70.6,68.5
IC,949113,2018-02-05,2:55 AM,Derailment,0,CONVENT,LA,46,4,Dark,Clear,Industry,Freight Train,0,34700,0,96541,H703,30.048077,-90.829602,64.4,56.3,64.3
BNSF,SF0815111,2015-08-27,3:00 AM,Derailment,0,SPRINGFIELD,MO,70,4,Dark,Clear,Yard,Cut of cars,0,97765,0,131945,T220,37.227632,-93.328078,71,69.4,71.2
NS,137460,2020-03-11,5:34 PM,Other impacts,0,DECATUR,IL,45,3,Dusk,Clear,Yard,Cut of cars,2,21052,0,66088,H309,39.848104,-88.939046,42.4,42.2,48
UP,0721TO004,2021-07-04,9:40 AM,Other impacts,0,MUSKOGEE,OK,74,2,Day,Cloudy,Yard,Freight Train,8,32325,0,69248,E30C,35.765313,-95.354482,74.3,75.9,75.5
CSX,000194613,2020-12-18,7:00 AM,Other impacts,0,FEURA BUSH,NY,12,1,Dawn,Cloudy,Yard,Single Car,8,585,0,18776,S015,42.565903,-73.854184,17.3,13,9.2
BNSF,HL1118125,2018-11-26,7:25 AM,Derailment,0,LINCOLN,NE,23,1,Dawn,Snow,Yard,Light loco(s),5,16004,3300,19304,H704,40.809287,-96.73452,27.3,24.2,19.2
MNCW,68416,2018-09-05,9:15 PM,Obstruction,0,NEW YORK -BRONX,NY,76,4,Dark,Clear,Yard,Maint./inspect Car,0,18000,0,18000,H607,40.838115,-73.930605,85.2,82.9,83.1
CSX,000217225,2024-04-05,8:00 PM,Side collision,0,AUGUSTA,GA,62,3,Dusk,Clear,Yard,Yard/switching,4,37,0,60068,H306,33.455455,-81.952475,56.4,55.7,53.7
CSX,000153084,2015-10-11,1:50 AM,Other impacts,0,SENECA,IL,55,4,Dark,Clear,Yard,Cut of cars,0,9539,0,89878,H302,41.319101,-88.611721,52.4,63.2,66
NS,133236,2019-03-16,10:40 AM,Derailment,0,PATERSON,NJ,51,2,Day,Cloudy,Main,Freight Train,5,966,0,21698,H306,40.910268,-74.167403,59.4,47.1,37.3
NS,142250,2021-07-18,7:40 PM,Other impacts,0,BELLEVUE,OH,76,3,Dusk,Clear,Yard,Yard/switching,3,20341,0,20341,M408,41.288344,-82.801972,70.9,72.3,74.4
IC,1116190,2022-10-13,6:50 PM,Derailment,0,CONVENT,LA,85,4,Dark,Clear,Industry,Freight Train,3,36000,0,36000,S011,30.042845,-90.827293,76.3,76.6,70.6
NS,153704,2023-07-24,9:00 AM,Other (describe in narrative),0,PRINCETON,IN,76,2,Day,Clear,Yard,Freight Train,5,43970,4000,47970,H702,38.342158,-87.556993,75.5,79.8,81.1
IC,1033723,2020-04-28,1:00 PM,Side collision,0,HARAHAN,LA,78,2,Day,Cloudy,Yard,Single Car,3,9500,0,11000,H302,29.973643,-90.208871,71.6,72.2,69.2
BNSF,MT0824101,2024-08-01,10:30 PM,Other impacts,0,LAUREL,MT,74,4,Dark,Clear,Yard,Yard/switching,4,39017,0,39017,H317,45.67672,-108.736985,75.1,80,84.2
KCS,20042906,2020-04-29,11:05 AM,Derailment,0,SHREVEPORT,LA,75,2,Day,Clear,Yard,Yard/switching,4,89471,0,377313,H607,32.542838,-93.845761,69.7,67.8,66.2
BNSF,HL0721104,2021-07-06,9:32 PM,Obstruction,0,SPRINGFIELD,MO,72,4,Dark,Clear,Yard,Freight Train,10,86556,0,1182100,M402,37.230254,-93.294042,74.6,76.6,77.8
CSX,000203198,2022-02-20,12:18 AM,Obstruction,0,SPENCER,MA,25,4,Dark,Clear,Main,Freight Train,0,9597,0,946604,M501,42.200337,-71.994189,22.3,20.1,38.7
NS,152305,2023-02-16,8:35 AM,Derailment,0,BELLEVILLE,MI,35,2,Day,Cloudy,Main,Freight Train,29,216811,94240,311051,H519,42.208275,-83.459186,51.5,35.6,22.9
BNSF,RD0718204,2018-07-05,5:17 PM,Hwy-rail crossing,0,EDMOND,OK,93,3,Dusk,Clear,Main,Freight Train,54,11000,0,11000,M302,35.614707,-97.495946,81.9,83.5,83.5
UP,0515NP015,2015-05-13,5:45 PM,Other impacts,0,NORTH PLATTE,NE,60,2,Day,Rain,Yard,Single Car,0,1605,0,12319,S007,41.150601,-100.845587,52.1,59.3,61.9
NS,138641,2020-07-25,7:30 AM,Other impacts,0,BELLEVUE,OH,75,1,Dawn,Clear,Yard,Single Car,2,10468,0,20356,H312,41.288298,-82.79778,74.4,74.7,79.1
KCS,17111902,2017-11-19,11:20 AM,Derailment,0,LAKE CHARLES,LA,65,2,Day,Clear,Yard,Yard/switching,10,180192,1745,181937,H306,30.247957,-93.301861,74.2,54.7,49
BNSF,CH1215106,2015-12-10,1:07 AM,Derailment,0,EOLA,IL,42,4,Dark,Clear,Yard,Freight Train,7,16403,500,16903,E03C,41.772063,-88.267,43.5,47.1,45.9
UP,1116PD016,2016-11-30,5:06 AM,Fire/violent rupture,0,HERMISTON,OR,36,4,Dark,Cloudy,Main,Freight Train,20,26987,0,26987,E73L,45.878825,-119.165568,42.5,43.9,42.6
NICD,N1500029,2015-10-26,4:07 PM,Other impacts,0,MICHIGAN CITY,IN,55,2,Day,Clear,Yard,Cut of cars,5,14077,0,14077,H399,41.713205,-86.864495,51.3,48.6,51.6
BNSF,SW0122105,2022-01-11,12:50 PM,Derailment,0,RINCON,NM,68,2,Day,Clear,Yard,Freight Train,10,150,11389,11539,H307,32.672355,-107.064198,39.3,41.2,43
NS,137694,2020-04-08,3:00 PM,Other (describe in narrative),0,VENICE,MO,75,2,Day,Clear,Yard,Freight Train,0,900,3915,31001,H399,38.688211,-90.212971,70.6,73.7,56.6
UP,0721HL009,2021-07-14,9:50 AM,Derailment,0,HERINGTON,KS,77,2,Day,Cloudy,Yard,Yard/switching,1,26676,920,27596,E21C,38.679227,-96.949085,79.1,85,73.9
BNSF,CH0916111,2016-09-18,10:05 AM,Other impacts,0,HODGKINS,IL,78,2,Day,Clear,Yard,Yard/switching,10,25091,0,25091,H318,41.761896,-87.862381,73.8,71.1,75.5
BNSF,CH0120114,2020-01-26,6:23 PM,Derailment,0,AURORA,IL,30,3,Dusk,Snow,Yard,Light loco(s),6,17500,0,17500,M101,41.729974,-88.345098,32.7,29.5,30.1
MNCW,2019169,2019-11-13,3:58 AM,Other impacts,0,CROTON ON HUDSON,NY,22,4,Dark,Clear,Yard,EMU,0,1000,0,25000,E31C,41.195724,-73.886481,38.5,25.2,31.6
UP,0516PR013,2016-05-14,3:15 AM,Derailment,0,CHICAGO,IL,45,4,Dark,Cloudy,Yard,Yard/switching,3,258,18238,18496,H303,41.862673,-87.675254,57.8,45.3,47.7
BNSF,HL1222105,2022-12-08,5:13 PM,Side collision,0,LINCOLN,NE,25,3,Dusk,Sleet,Yard,Cut of cars,0,62669,0,75733,M408,40.808083,-96.742537,26.9,26.6,34.3
IC,1113504,2022-09-09,11:16 AM,Obstruction,0,KENTWOOD,LA,88,2,Day,Clear,Main,Spec. MoW Equip.,18,25000,0,25000,E04C,30.880717,-90.510864,75.2,72.4,74.2
NJTR,201911592,2019-10-29,12:45 PM,Rear end collision,0,HOBOKEN,NJ,59,2,Day,Clear,Yard,Commuter Train - Pushing,0,164190,0,173829,H306,40.734451,-74.035336,58.8,56.8,60.3
BNSF,SW0215112,2015-02-27,11:13 PM,Other impacts,0,CLOVIS,NM,22,4,Dark,Snow,Yard,Yard/switching,10,13356,0,13356,H307,34.398587,-103.223522,24.4,13.2,18.8
NS,135750,2019-10-08,1:30 AM,Rear end collision,0,HAMILTON,OH,48,4,Dark,Clear,Main,Freight Train,2,53154,0,188196,H221,39.356991,-84.517223,57.9,54.2,57.2
BNSF,KS0724201,2024-07-01,10:51 AM,Hwy-rail crossing,0,RATON,NM,81,2,Day,Clear,Main,,0,0,0,12464,M302,36.862206,-104.457373,71.2,75.2,73.4
LI,EQ20170602,2017-06-10,10:12 AM,Other (describe in narrative),0,QUEENS VILLAGE,NY,81,2,Day,Clear,Main,EMU,78,29129,1138,30267,M599,40.71797,-73.734519,69.1,74.2,78.3
UP,0715DV003,2015-07-04,2:38 AM,Derailment,0,SALINA,KS,70,4,Dark,Cloudy,Yard,Yard/switching,6,55791,66,55857,H702,38.851557,-97.604484,75.7,78.5,87.9
BNSF,SW0718107,2018-07-18,12:29 AM,Other (describe in narrative),0,FORT SUMNER,NM,75,4,Dark,Clear,Siding,Light loco(s),8,0,17000,17000,H605,34.400736,-104.307011,82,87.2,89.1
IC,1022564,2019-12-30,7:37 PM,Hwy-rail crossing,0,WILLOW SPRINGS,IL,28,4,Dark,Snow,Main,,0,0,493,244105,M302,41.733115,-87.878701,54.5,33.8,27.3
BNSF,TC0222205,2022-02-22,3:40 PM,Hwy-rail crossing,0,NASHUA,MN,-10,2,Day,Snow,Main,Freight Train,25,5000,50000,55000,M305,46.035937,-96.346407,6.6,-4,-10.1
BNSF,TC0222103,2022-02-12,2:37 AM,Derailment,0,MINNEAPOLIS,MN,-7,4,Dark,Cloudy,Yard,Yard/switching,6,68022,55490,123512,S016,45.028702,-93.269231,22.8,0.1,2.1
NYSW,20062402,2020-06-24,8:35 AM,Derailment,0,SPARTA,NJ,73,2,Day,Clear,Main,Spec. MoW Equip.,0,84710,0,84710,H993,41.11125,-74.630738,77.3,74.7,71.8
BNSF,KS0624105,2024-06-14,10:52 AM,Other (describe in narrative),0,KANSAS CITY,KS,74,2,Day,Clear,Yard,Yard/switching,12,66838,0,66838,M407,39.084053,-94.685555,84.6,82.1,81.3
IHB,2105,2015-05-29,8:58 AM,Side collision,0,HAMMOND,IN,82,2,Day,Clear,Yard,Yard/switching,5,15186,0,33403,H305,41.612787,-87.499555,69,73.9,59.3
NS,144150,2022-01-25,4:30 AM,Other impacts,0,PORTSMOUTH,OH,25,1,Dawn,Clear,Yard,Single Car,0,32393,0,54684,H312,38.736825,-82.957246,29.7,30.2,18.7
EVWR,E2020OCT1D,2020-10-11,5:30 PM,Derailment,0,CARMI,IL,82,2,Day,Clear,Main,Freight Train,25,10000,196575,206575,E53C,38.09111,-88.217682,67.1,69.7,60
LI,68246,2018-08-01,12:40 PM,Derailment,0,WOODSIDE,NY,83,2,Day,Clear,Main,EMU,13,162153,6195,168348,H705,40.750304,-73.916493,75.9,81.2,83.1
CSX,000138974,2014-12-16,4:41 AM,Side collision,0,WILLARD,OH,46,4,Dark,Rain,Yard,Freight Train,0,0,0,50402,H307,41.065438,-82.756545,43.3,44,31.1
NS,136451,2019-12-09,5:13 AM,Derailment,0,SALEM,OH,46,1,Dawn,Rain,Industry,Freight Train,4,13482,0,13482,H303,40.892107,-80.8563,38.1,49.1,37
NJTR,202007237,2020-07-03,7:25 AM,Other (describe in narrative),0,JERSEY CITY,NJ,80,2,Day,Clear,Main,Commuter Train - Pushing,19,13928,0,13928,H599,40.741627,-74.066677,80.3,82.1,76
SLWC,IN16083100,2016-08-31,12:25 AM,Derailment,0,OKLAHOMA CITY,OK,73,4,Dark,Clear,Yard,Yard/switching,9,9663,15500,25163,T220,35.47695,-97.521625,81.9,77.2,75.9
NS,139860,2020-11-30,8:10 AM,Other (describe in narrative),0,HICKORY,NC,48,2,Day,Clear,Yard,Freight Train,2,13826,100,13926,H702,35.729543,-81.281826,47.5,47.6,35.3
CSX,000161051,2016-07-05,1:50 AM,Side collision,0,SELKIRK,NY,68,4,Dark,Rain,Yard,Freight Train,5,0,0,404079,H020,42.565903,-73.854184,71.5,76,76.9
BNSF,RD0119110,2019-01-11,11:00 AM,Other impacts,0,TULSA,OK,35,2,Day,Rain,Yard,Yard/switching,3,11635,1500,13135,S016,36.117788,-96.011632,37.1,38.9,38
BNSF,RD0118124,2018-01-31,8:30 PM,Derailment,0,MOORE,OK,45,3,Dusk,Clear,Yard,Yard/switching,3,21751,55000,76751,S011,35.36436,-97.484391,40.5,54.1,42.3
ARR,2021118,2021-08-16,1:15 PM,Obstruction,0,WILLOW,AK,60,2,Day,Clear,Main,Spec. MoW Equip.,0,9949,0,15675,H102,62.0506,-150.0763,54.9,55.4,54.4
HESR,HES869518D,2018-11-29,1:00 AM,Derailment,0,DURAND,MI,28,4,Dark,Cloudy,Yard,Yard/switching,6,6090,75000,81090,T221,42.916594,-83.997033,26,26.8,31.1
IORY,IOR942021D,2021-11-25,5:10 AM,Derailment,0,WASHINGTON COURT HOU,OH,50,4,Dark,Cloudy,Main,Freight Train,3,115865,51336,167201,H505,39.537019,-83.445725,38.4,45.2,30.4
PATH,I06202104,2021-06-14,5:30 AM,Other impacts,0,NEW YORK NEW YORK,NY,67,1,Dawn,Clear,Main,EMU,40,15238,14582,29820,M599,40.71509,-74.01826,67.9,68.7,72.7
BNSF,SF1214105,2014-12-05,1:17 AM,Raking collision,0,TULSA,OK,55,4,Dark,Fog,Yard,Light loco(s),6,4000,0,11946,H607,36.116365,-96.010568,47.3,54.5,45.7
BNSF,RD0220204,2020-02-15,12:20 AM,Hwy-rail crossing,0,FRANCIS,OK,36,4,Dark,Cloudy,Main,Freight Train,27,1000,10000,11000,M302,34.832357,-96.622358,33.2,45.3,49.1
BNSF,SW0623107,2023-06-18,4:33 AM,Derailment,0,VAUGHN,NM,60,1,Dawn,Clear,Yard,Single Car,0,24944,0,38756,H307,34.600958,-105.197281,63.5,65.9,71
GTW,1079509,2021-08-11,3:30 PM,Derailment,0,WOODHAVEN,MI,80,2,Day,Rain,Yard,Single Car,0,48264,0,48264,M105,42.120386,-83.248103,80.4,76.3,76.8
WE,220012,2022-02-08,7:30 PM,Derailment,0,AKRON,OH,24,4,Dark,Clear,Yard,Yard/switching,7,12687,10965,23652,H702,41.065087,-81.443819,30.8,25.8,40.1
NS,151962,2023-01-09,12:15 PM,Broken train collision,0,NEW BOSTON,OH,45,2,Day,Clear,Yard,Freight Train,5,28087,29026,57113,H008,38.746477,-82.938605,35,34.4,35.6
BNSF,RD0621106,2021-06-06,8:45 PM,Derailment,0,TULSA,OK,74,3,Dusk,Clear,Yard,Freight Train,5,1500,41591,43091,E64L,36.136211,-96.008799,73.7,74.6,72.9
CSX,000217438,2024-04-15,1:20 PM,Head on collision,0,FOLKSTON,GA,82,2,Day,Clear,Main,Freight Train,29,223763,49732,413708,H702,30.849229,-82.020654,67.7,71.8,70.2
CP,1001839480,2023-01-31,7:50 PM,Derailment,0,MONTPELIER,OH,12,3,Dusk,Clear,Main,Freight Train,4,23511,0,26920,H307,41.577541,-84.620045,22.7,12.6,14.1
BNSF,RD1023114,2023-10-08,5:55 PM,Derailment,0,TULSA,OK,76,3,Dusk,Clear,Yard,Yard/switching,8,61293,6506,67799,H307,36.108314,-96.019343,52.6,60.4,64.7
BNSF,RD0319119,2019-03-25,5:50 AM,Derailment,0,MOORE,OK,57,1,Dawn,Clear,Yard,Yard/switching,6,17358,1500,18858,E40C,35.374645,-97.483134,58.7,51.7,53.4
BNSF,KS0315110,2015-03-20,10:30 AM,Derailment,0,TOPEKA,KS,70,2,Day,Clear,Yard,Light loco(s),3,79122,50000,129122,H995,39.054435,-95.643293,39.7,47.9,57.4
BNSF,RD0623110,2023-06-11,2:33 AM,Derailment,0,TULSA,OK,73,4,Dark,Clear,Yard,Yard/switching,10,284259,187365,471624,M409,36.12879,-96.010509,72.5,76.1,68.1
AGR,AGR148217,2017-12-28,4:00 PM,Head on collision,0,PICKENSVILLE,AL,40,2,Day,Cloudy,Main,Light loco(s),18,75000,0,140000,H607,33.213881,-88.273623,36.1,32.3,33.9
WE,210064,2021-09-14,8:10 PM,Derailment,0,BREWSTER,OH,80,3,Dusk,Clear,Yard,Yard/switching,7,15556,405,15961,H702,40.707003,-81.598179,74.6,76,69
IC,988606,2019-02-21,6:20 PM,Other impacts,0,EAST HAZELCREST,IL,30,4,Dark,Cloudy,Yard,Freight Train,5,15500,585,43685,H020,41.581991,-87.6577,32.6,31,31.3
CSX,000173473,2017-12-16,1:30 AM,Derailment,0,SELKIRK,NY,10,4,Dark,Clear,Yard,Yard/switching,6,6800,5000,11800,M405,42.565903,-73.854184,15.9,21.8,17.4
NIRC,9419001953,2024-01-16,6:42 AM,Hwy-rail crossing,0,CHICAGO,IL,-5,1,Dawn,Cloudy,Main,Commuter Train - Pushing,63,20671,0,20671,M308,41.69214,-87.66113,-3.8,0.7,12.4
LI,GR20160102,2016-01-21,6:35 AM,Hwy-rail crossing,0,WYANDANCH,NY,28,4,Dark,Clear,Main,EMU,60,193309,0,193309,M303,40.749513,-73.381323,32.9,31.6,26.8
LI,68495,2018-09-24,11:13 AM,Obstruction,0,HOLLIS,NY,62,2,Day,Clear,Yard,EMU,0,49744,0,60744,H607,40.70949,-73.768991,63.5,63.3,67.1
UP,0823GP025,2023-08-11,12:30 PM,Other impacts,0,NORTH PLATTE,NE,82,2,Day,Clear,Yard,Single Car,6,14229,0,31467,M411,41.145922,-100.836026,73.4,76,72.6
UP,1015PR017,2015-10-18,6:21 AM,Hwy-rail crossing,0,ELWOOD,IL,32,1,Dawn,Clear,Main,Freight Train,62,14851,0,43251,M309,41.325185,-88.237438,41.2,43.6,59
LI,EQ20161001,2016-10-08,9:00 PM,Derailment,0,NEW HYDE PARK,NY,67,4,Dark,Rain,Main,EMU,50,6000000,1465437,9665437,H702,40.733466,-73.669544,62.4,63.9,58.5
CSX,000182476,2019-04-19,12:30 PM,Other impacts,0,CUMBERLAND,MD,70,2,Day,Rain,Yard,Yard/switching,4,12380,0,15811,H018,39.644504,-78.760839,63.1,66.5,64.4
ATK,176988,2023-10-30,11:49 AM,Hwy-rail crossing,0,PETAL,MS,62,2,Day,Clear,Main,Passenger Train - Pulling,79,19516,0,19516,M308,31.395586,-89.271788,71.6,62.5,51.1
UP,0921HL022,2021-09-28,2:02 AM,Derailment,0,KANSAS CITY,MO,69,4,Dark,Clear,Main,Freight Train,9,11202,63834,75036,H501,39.10947,-94.50243,79.9,78.3,75.2
UP,1220HL020,2020-12-27,3:30 PM,Derailment,0,PRYOR,OK,60,2,Day,Clear,Yard,Yard/switching,10,26722,44700,71422,E49C,36.243083,-95.337703,45.4,51,36.6
CSX,000168230,2017-04-12,7:58 AM,Derailment,0,ROCKY MOUNT,NC,70,2,Day,Clear,Yard,Freight Train,0,70815,7120,77935,H599,35.918853,-77.804447,67.6,69.3,67.5
BNSF,RD0517108,2017-05-12,9:50 AM,Derailment,0,TULSA,OK,62,2,Day,Cloudy,Yard,Yard/switching,10,30000,4200,34200,E64L,36.114602,-96.011725,67.5,66.3,67.1
CSX,000155656,2015-12-29,11:15 PM,Side collision,0,NEW ORLEANS,LA,55,4,Dark,Clear,Yard,Freight Train,3,2000,0,13041,H995,30.005989,-90.019452,64,57,59.3
CSX,000191443,2020-07-17,9:20 AM,Derailment,0,RIVERDALE,IL,81,2,Day,Clear,Yard,Yard/switching,8,29708,800,30508,M405,41.643124,-87.615775,73.3,76.3,81.2
UP,1121GC025,2021-11-20,2:20 PM,Other impacts,0,MARINGOUIN,LA,73,2,Day,Clear,Yard,Freight Train,6,269373,1630,311029,H306,30.542002,-91.567116,51.4,56.2,65.4
ATK,171795,2022-08-24,10:24 AM,Hwy-rail crossing,0,WAYNE,MI,80,2,Day,Clear,Main,Passenger Train - Pulling,70,12799,0,12799,M308,42.284396,-83.348661,72.5,74.8,74.9
ATK,156403,2018-11-21,7:25 PM,Other (describe in narrative),0,STUYVESANT,NY,29,4,Dark,Snow,Main,Passenger Train - Pulling,100,19575,0,19575,E33C,42.384403,-73.785473,34,29.2,11.3
NS,143295,2021-10-27,11:55 PM,Side collision,0,EAST CANTON,OH,63,4,Dark,Cloudy,Yard,Freight Train,4,5000,0,66101,H020,40.818929,-81.313846,48.7,51.2,55.9
UP,0418KC003,2018-04-06,5:45 PM,Derailment,0,OKARCHE,OK,42,2,Day,Cloudy,Industry,Yard/switching,7,43383,17600,60983,M506,35.779161,-97.952142,56.8,49.2,32.1
CSX,000176021,2018-04-23,5:50 PM,Derailment,0,SELKIRK,NY,60,2,Day,Clear,Yard,Yard/switching,5,168042,46030,214072,M405,42.565903,-73.854184,47,50.9,56.5
SLWC,230430002,2023-04-30,11:20 PM,Derailment,0,FLETCHER,OK,55,4,Dark,Clear,Industry,Freight Train,5,10000,40000,50000,H306,34.83329,-98.240437,59.2,62.1,59.3
UP,0318LK024,2018-03-13,7:47 AM,Hwy-rail crossing,0,BERNIE,MO,62,2,Day,Cloudy,Main,Freight Train,38,72009,396,72405,M302,36.658383,-89.966793,39.3,41.1,41.5
MNCW,2017082203,2017-08-22,12:45 AM,Derailment,0,PORT JERVIS,NY,78,4,Dark,Clear,Yard,,0,0,75875,128299,H704,41.378465,-74.698399,71.7,76.8,70.8
AOK,050420,2020-05-04,3:40 PM,Derailment,0,NICOMA PARK,OK,78,2,Day,Clear,Main,,0,0,164258,165794,E4BC,35.486559,-97.352166,72.4,77.6,66.3
BNSF,HL0119116,2019-01-16,3:06 AM,Derailment,0,LINCOLN,NE,15,4,Dark,Clear,Yard,Freight Train,10,6129,9150,15279,H995,40.807119,-96.73681,31.1,26.5,27.5
SLWC,210118003,2021-01-18,8:30 AM,Derailment,0,OKLAHOMA CITY,OK,55,2,Day,Clear,Yard,,0,0,20579,41158,H702,35.471535,-97.445336,43.2,43.9,41.5