reportingrailroadcode,accidentnumber,date,time,accidenttype,hazmatreleasedcars,station,stateabbr,temperature,visibility_code,visibility,weathercondition,tracktype,equipmenttype,trainspeed,equipmentdamagecost,trackdamagecost,totaldamagecost,primaryaccidentcausecode,latitude,longitude,prior_temp,actual_temp,following_temp
UP,0417KC018,2017-04-03,9:00 PM,Other impacts,0,KANSAS CITY,MO,50,4,Dark,Clear,Yard,Yard/switching,3,15794,0,16918,S012,39.121903,-94.506475,56.8,56.8,50.9
CSX,000189868,2020-04-26,11:15 PM,Side collision,0,HAMILTON,OH,39,4,Dark,Clear,Yard,Yard/switching,3,14811,25552,46908,H302,37.850351,-84.256836,56.5,48.9,50.9
CSX,000200005,2021-09-11,1:20 AM,Hwy-rail crossing,0,INDIANAPOLIS,IN,64,4,Dark,Clear,Main,Yard/switching,3,11608,0,11608,M302,39.896693,-86.242767,67.3,72.3,77.4
SNJX,20190201,2019-02-01,11:36 AM,Other (describe in narrative),0,TRENTON,NJ,22,2,Day,Clear,Main,EMU,0,40000,0,40000,M406,40.255268,-74.703926,9.2,13.2,21.4
IMRR,IMR559823A,2023-10-04,11:20 AM,Other impacts,0,PETERSBURG,IL,76,2,Day,Clear,Main,Freight Train,23,14000,0,14000,M404,40.01811,-89.862364,73.3,72.5,67
BNSF,KS0315107,2015-03-08,11:30 PM,Derailment,0,KANSAS CITY,KS,44,4,Dark,Clear,Yard,Yard/switching,8,35000,500,35500,H305,39.084491,-94.685148,53.4,54.8,49.3
UP,0918LK002,2018-09-02,9:21 AM,Hwy-rail crossing,0,BOSSIER CITY,LA,86,2,Day,Cloudy,Main,Freight Train,34,144241,33,144274,M302,32.602692,-93.735282,83.1,80.6,78
LI,80146,2023-07-08,11:20 PM,Other (describe in narrative),0,LINDENHURST,NY,78,4,Dark,Clear,Main,EMU,55,23696,0,23696,M599,40.688289,-73.369288,78.5,78.2,77.5
UP,1023HL016,2023-10-18,8:36 AM,Derailment,0,BUCYRUS,KS,50,2,Day,Clear,Main,Freight Train,16,11482,2795,14277,E27C,38.763067,-94.65773,53.8,57.4,59.1
BNSF,RD0119129,2019-01-26,8:30 AM,Derailment,0,TULSA,OK,34,1,Dawn,Clear,Yard,Yard/switching,10,11609,0,11609,H316,36.117825,-96.012048,23.7,37.8,42.2
NS,155811,2024-02-20,3:10 PM,Hwy-rail crossing,0,,IN,50,2,Day,Clear,Main,Freight Train,34,795,35000,35795,M302,39.905044,-85.162545,49.8,49.6,45.4
NS,140864,2021-03-08,3:25 PM,Side collision,0,BUFFALO,NY,45,2,Day,Clear,Yard,Freight Train,0,24500,0,24500,H306,42.876892,-78.832408,25.1,34.7,41
CIC,GCA202203,2022-08-21,1:36 AM,Hwy-rail crossing,0,CEDAR RAPIDS,IA,65,4,Dark,Clear,Yard,,0,0,0,0,M301,41.972668,-91.660696,68.3,68.4,69.6
BNSF,TC0119110,2019-01-14,2:56 PM,Derailment,0,MANDAN,ND,25,2,Day,Clear,Yard,Light loco(s),4,15000,1500,16500,H307,46.82805,-100.872803,22.6,19,19.6
LI,69826,2019-05-25,3:02 AM,Side collision,0,SPEONK,NY,56,4,Dark,Clear,Siding,Passenger Train - Pulling,0,100000,72033,450301,S009,40.820376,-72.698667,67.9,57.6,68.8
BNSF,RD0418109,2018-04-09,6:49 AM,Derailment,0,DAVIS,OK,50,1,Dawn,Clear,Main,Freight Train,31,2290,21500,23790,E09C,34.48948,-97.11535,39.9,53.7,54.4
NS,142418,2021-08-02,9:44 AM,Other impacts,0,BELLEVUE,OH,75,2,Day,Clear,Yard,Yard/switching,4,70326,328,70654,H504,41.288344,-82.803529,68.4,68.4,68.2
LI,74509,2021-04-24,11:00 AM,Raking collision,0,ELMONT,NY,66,2,Day,Clear,Main,Work train,1,0,140686,140686,M204,40.720466,-73.724633,51.3,57.2,54.8
GSM,08222017,2017-08-22,11:48 AM,RR grade crossing,0,BRYSON CITY,NC,80,2,Day,Cloudy,Main,Passenger Train - Pulling,9,24000,0,24000,M304,35.332939,-83.591271,79.6,80.4,78.3
BNSF,HL0818125,2018-08-30,10:35 PM,Derailment,0,COLUMBUS,KS,70,4,Dark,Clear,Yard,Freight Train,7,24000,15000,39000,H307,37.177671,-94.836475,77.4,71.1,78.9
WE,210055,2021-08-23,2:30 PM,Raking collision,0,BREWSTER,OH,85,2,Day,Clear,Yard,Yard/switching,8,51464,0,51464,H310,40.714458,-81.608528,74.7,76,76.6
NS,156061,2024-03-16,4:15 AM,Derailment,0,BELLEVUE,OH,48,1,Dawn,Fog,Yard,Single Car,4,500,18000,18500,M101,41.288345,-82.801972,45.5,46.9,39.4
MNCW,73705,2020-12-04,11:45 AM,Other impacts,0,CROTON ON HUDSON,NY,45,2,Day,Cloudy,Yard,EMU,2,24969,0,49938,H399,41.195398,-73.885922,39.4,45.2,40.5
CTHS,20220222,2022-02-22,9:45 PM,Obstruction,0,LONGMEADOW,MA,28,4,Dark,Rain,Main,Passenger Train - Pulling,58,14212,0,14212,M404,42.066033,-72.589244,38.2,37.2,50
NS,133432,2019-03-29,5:50 PM,Other (describe in narrative),0,PAINTED POST,NY,72,3,Dusk,Clear,Yard,Freight Train,4,65000,407,65407,E21C,42.149504,-77.101923,44.9,46,53.7
BNSF,KS1223120,2023-12-29,8:39 AM,Derailment,0,KANSAS CITY,KS,33,1,Dawn,Clear,Yard,Yard/switching,6,20345,45514,65859,M411,39.083588,-94.680971,37.2,37.9,36.9
NJTR,202310416,2023-09-08,10:00 AM,Other impacts,0,KEARNY,NJ,90,2,Day,Clear,Yard,Commuter Train - Pulling,0,59732,0,59732,H607,40.743786,-74.103796,85.3,77.5,76.3
WE,160009,2016-02-01,5:10 PM,Derailment,1,BREWSTER,OH,41,2,Day,Clear,Yard,Yard/switching,12,404000,26010,430010,H702,40.714825,-81.619458,52.6,41.1,38.3
KCT,UP121222,2022-12-12,7:08 PM,Derailment,0,KANSAS CITY,MO,46,3,Dusk,Rain,Main,,0,0,0,98455,H503,39.081983,-94.606614,32,39.8,47
PW,PWR859221A,2021-08-19,1:00 PM,Other (describe in narrative),0,WORCESTER,MA,82,2,Day,Rain,Industry,Cut of cars,0,20000,0,20000,M103,42.24976,-71.808817,73.1,72.4,73.7
WE,230036,2023-05-16,11:50 PM,Derailment,0,SPENCER,OH,57,4,Dark,Cloudy,Yard,Yard/switching,7,24580,4135,28715,H503,41.099326,-82.123306,58.8,59.4,50.9
BNSF,PR1021106,2021-10-14,10:04 AM,Derailment,0,ALLIANCE,NE,50,2,Day,Clear,Yard,Freight Train,3,24750,20325,45075,H601,42.083057,-102.887871,38.5,37.1,38
NJTR,201702039,2017-01-31,8:30 PM,Other impacts,0,KEARNY,NJ,32,4,Dark,Cloudy,Yard,Yard/switching,9,36142,718,73002,H306,40.744315,-74.107928,33.8,29.3,40
CSX,000140370,2015-01-21,5:37 PM,Side collision,0,SELKIRK,NY,17,3,Dusk,Cloudy,Yard,Light loco(s),0,325,0,62974,H607,42.566588,-73.852296,24.5,16,22.9
CSX,000181006,2019-01-27,9:00 AM,Side collision,0,CURTIS BAY,MD,39,2,Day,Clear,Yard,Cut of cars,0,812,0,14267,H307,39.233062,-76.58872,29.1,35.8,31.3
NS,142472,2021-08-08,5:15 PM,Derailment,0,CINCINNATI,OH,90,3,Dusk,Clear,Yard,Single Car,0,0,0,13336,H503,39.105834,-84.539912,76,76.8,74
CSX,000170319,2017-07-18,6:28 PM,Derailment,0,BIRMINGHAM,AL,88,2,Day,Clear,Yard,Yard/switching,8,2000,0,19820,H607,33.543607,-86.790089,79.6,80.7,83.4
CSX,000210273,2023-03-12,11:00 AM,Side collision,0,WAYCROSS,GA,75,2,Day,Clear,Yard,Yard/switching,6,763,0,44362,H306,31.21353,-82.353568,58.8,62.8,61.4
CFE,CFE618623D,2023-11-27,10:15 PM,Derailment,0,LIMA,OH,25,4,Dark,Clear,Yard,Yard/switching,2,15961,250,16211,H306,40.75326,-84.13158,34.9,28.8,21.5
SNJX,20190131,2019-01-31,5:38 AM,Fire/violent rupture,0,PENNSAUKEN,NJ,15,4,Dark,Clear,Main,DMU,0,100000,0,100000,M406,39.97779,-75.061977,21.6,11.3,14.7
BNSF,SW0119107,2019-01-06,1:41 AM,Side collision,0,GALLUP,NM,23,4,Dark,Cloudy,Yard,Freight Train,0,55446,0,82625,H306,35.525798,-108.752418,20.6,33.6,30.3
MNCW,2017021329,2017-02-13,11:58 AM,Obstruction,0,HAWTHORNE,NY,32,2,Day,Clear,Main,EMU,55,92500,24235,116735,M404,41.115045,-73.790368,31.7,33.7,30.3
LI,EQ20180302,2018-03-23,7:50 PM,Obstruction,0,MINEOLA,NY,45,4,Dark,Clear,Main,EMU,80,212636,39168,251804,M402,40.741264,-73.63702,39.6,41.2,42.4
INRD,644281,2021-10-07,8:25 AM,Derailment,0,CARLISLE,IN,75,2,Day,Clear,Industry,Freight Train,7,26000,30235,56235,M599,39.003098,-87.277643,68.3,67.1,67.2
CSX,000187621,2020-01-01,9:30 AM,Side collision,0,NORTH BALTIMORE,OH,31,2,Day,Cloudy,Yard,Freight Train,5,69921,0,135451,H306,41.182016,-83.684342,31.9,34.2,43.9
BNSF,SF0115101,2015-01-01,1:57 PM,Derailment,0,TULSA,OK,33,2,Day,Rain,Yard,Yard/switching,10,16380,250,16630,M411,36.116365,-96.010568,23,28.8,34.8
BNSF,HL0320103,2020-03-03,6:26 PM,Derailment,0,THAYER,MO,45,3,Dusk,Clear,Yard,Work train,8,5919,30000,35919,E64C,36.526278,-91.538637,58,52.4,49.8
BNSF,RD0217122,2017-02-28,10:40 PM,Derailment,0,TULSA,OK,52,4,Dark,Clear,Yard,Yard/switching,4,33842,36123,69965,S104,36.116365,-96.010568,52.6,69.3,51.6
NS,140840,2021-03-05,6:45 PM,Side collision,0,GREENSBORO,NC,45,3,Dusk,Clear,Yard,Freight Train,0,25000,0,25000,H018,36.079922,-79.785819,53.1,43.8,43.6
CP,1000152790,2014-12-13,5:55 AM,Derailment,0,ALBANY,NY,28,4,Dark,Clear,Industry,Single Car,4,28000,0,58540,H020,42.665981,-73.740041,29.4,30.8,36.6
TXN,220328003,2022-03-28,4:50 PM,Other (describe in narrative),0,LOVINGTON,NM,88,2,Day,Clear,Main,Freight Train,0,11561,0,11561,M402,32.898496,-103.316526,69.9,70.4,69.8
LI,GR20150601,2015-06-18,1:44 PM,Hwy-rail crossing,0,RIVERHEAD,NY,70,2,Day,Clear,Main,DMU,37,14922,26284,41206,M303,40.917924,-72.689812,68,63.3,73.9
UP,0516PR001,2016-05-02,2:45 AM,Derailment,0,NORTHLAKE,IL,40,4,Dark,Clear,Yard,Yard/switching,7,18452,3490,21942,E40C,41.909337,-87.915129,45.6,50.2,55.4
CSX,000170600,2017-08-01,2:27 AM,Derailment,0,ELIZABETH,NJ,75,4,Dark,Clear,Industry,Yard/switching,5,26441,1780,28221,H210,40.663405,-74.179808,77.6,81,76.1
UP,0119ST045,2019-01-20,8:35 AM,Other impacts,0,LA MESA,NM,30,2,Day,Clear,Yard,Cut of cars,0,54200,0,56800,H702,31.913216,-106.758476,44.8,45.1,54.2
BRC,14410,2021-01-07,3:55 PM,Derailment,0,CHICAGO,IL,35,2,Day,Clear,Yard,,0,0,25000,41040,H702,41.762462,-87.726247,34.4,36.6,33.8
NS,156302,2024-04-08,10:00 PM,Other impacts,0,PORTSMOUTH,OH,50,4,Dark,Clear,Yard,Cut of cars,0,8000,0,46585,H306,38.736826,-82.957246,48.2,64.4,61.7
CSX,000186505,2019-11-09,1:03 AM,Other impacts,0,RIVERDALE,IL,30,4,Dark,Clear,Yard,Cut of cars,2,19926,50,19976,E35C,41.649836,-87.634368,24.9,37.1,39.8
CSX,000170848,2017-08-10,6:30 PM,Raking collision,0,SELKIRK,NY,74,3,Dusk,Clear,Yard,Cut of cars,0,884,2776,16860,S014,42.565903,-73.854184,67.5,71.9,71.2
BNSF,PR0319114,2019-03-19,6:15 PM,Obstruction,0,EDGAR,MT,42,3,Dusk,Clear,Main,Freight Train,22,220000,0,220000,M404,45.486636,-108.849789,33.2,35.9,41.3
CSX,000186347,2019-10-31,9:30 PM,Other impacts,0,CLEVELAND,OH,37,4,Dark,Sleet,Yard,Yard/switching,0,10719,0,11141,M105,41.571338,-81.55684,56,55.8,38.3
CSX,000191296,2020-07-11,1:04 PM,Side collision,0,NORTH BERGEN,NJ,85,2,Day,Cloudy,Yard,Single Car,2,11512,0,11562,H318,40.806954,-74.021372,75.1,77.4,79.3
BNSF,HL0415100,2015-04-04,5:10 PM,Other (describe in narrative),0,EUREKA,MO,54,3,Dusk,Clear,Main,Freight Train,25,42467,5000,47467,E29C,38.502572,-90.623339,52.1,46.1,54
CSX,000204715,2022-05-05,2:15 AM,Derailment,0,SELKIRK,NY,50,4,Dark,Clear,Yard,Yard/switching,6,20500,2262,22762,E34C,42.566078,-73.854463,53.1,57.2,55.7
UP,0323RM050,2023-03-27,6:00 AM,Derailment,0,POCATELLO,ID,20,1,Dawn,Snow,Main,Freight Train,4,166158,35806,403558,M405,42.896561,-112.493171,25.7,22.9,27.9
CRSH,146813,2023-12-22,10:46 AM,Other impacts,0,NEWARK,NJ,34,2,Day,Clear,Yard,Single Car,5,2114,0,128166,M407,40.706501,-74.133751,37.8,32,37.6
MNCW,79810,2023-05-24,11:10 AM,Other impacts,0,CROTON ON HUDSON,NY,70,2,Day,Clear,Yard,EMU,2,14034,0,14034,M507,41.19457,-73.885356,59,60,56.7
GTW,957273,2018-04-28,1:00 PM,Derailment,0,FLAT ROCK,MI,47,2,Day,Clear,Yard,Freight Train,10,41729,11637,53366,M409,42.116207,-83.256504,51.8,43,43.5
KCS,17111502,2017-11-15,1:32 PM,Hwy-rail crossing,0,SINGER,LA,74,2,Day,Clear,Main,Freight Train,44,106173,712,106885,M308,30.715192,-93.353542,61,62.2,63.5
UP,1221GP011,2021-12-15,2:30 AM,Derailment,0,GIBBON,NE,42,4,Dark,Cloudy,Main,Freight Train,50,4041,136800,140841,E86C,40.724745,-98.949267,37.8,46,31.1
BNSF,TC0915111,2015-09-20,9:00 PM,Other impacts,0,FRIDLEY,MN,64,4,Dark,Clear,Yard,Yard/switching,8,30500,0,30500,M411,45.040304,-93.273555,58.9,60.2,68.8
NS,130825,2018-09-05,4:27 AM,Hwy-rail crossing,0,OSCEOLA,IN,73,1,Dawn,Clear,Main,Freight Train,55,1890,23505,25395,M308,41.663747,-86.061073,78.8,79.3,69.6
UP,1223PN003,2023-12-02,9:30 AM,Derailment,0,NAMPA,ID,36,2,Day,Cloudy,Yard,Freight Train,3,7395,80610,88005,H702,43.583785,-116.564572,30,36.1,39
NS,152671,2023-03-29,6:15 AM,Derailment,0,PORTSMOUTH,OH,35,1,Dawn,Clear,Yard,Yard/switching,4,11450,797,12247,E32C,38.73721,-82.973108,45.7,43.9,46.5
NS,142911,2021-09-22,12:57 AM,Hwy-rail crossing,0,ARCHBOLD,OH,72,4,Dark,Rain,Main,Freight Train,55,2140,36292,38432,M303,41.528682,-84.258074,71,56,52.1
BRC,13745,2016-07-02,8:45 AM,Derailment,0,BEDFORD PARK,IL,70,2,Day,Cloudy,Yard,Cut of cars,0,13429,0,13429,M411,41.767234,-87.753124,68.1,68.2,70.3
CSX,000210735,2023-04-10,6:38 PM,Derailment,0,GRAND RAPIDS,MI,50,2,Day,Clear,Yard,Yard/switching,9,25293,7180,32473,M405,42.952655,-85.684179,50.3,54.5,61
BNSF,HL0123115,2023-01-22,5:33 AM,Derailment,0,KANSAS CITY,MO,36,1,Dawn,Sleet,Yard,Freight Train,5,13933,0,13933,M101,39.133744,-94.567319,32.5,31.2,31.6
UP,0117CB002,2017-01-07,4:56 PM,Derailment,0,COLUMBUS,NE,9,2,Day,Clear,Yard,Freight Train,3,35994,18641,54635,E48C,41.427644,-97.363699,5.1,9.1,18.3
BNSF,PR0119116,2019-01-17,10:34 PM,Derailment,0,ALLIANCE,NE,35,4,Dark,Clear,Yard,Yard/switching,5,63029,0,63029,H307,42.091327,-102.873247,27.6,30.8,22.9
NJTR,202007231,2020-07-07,5:25 AM,Other (describe in narrative),0,KEARNY,NJ,75,1,Dawn,Clear,Main,Commuter Train - Pulling,25,13150,0,13150,E78L,40.743127,-74.12874,80,76.5,78.1
UP,0115WH008,2015-01-15,10:30 AM,Hwy-rail crossing,0,BENEDICT,KS,50,2,Day,Clear,Main,Freight Train,40,3771894,97686,3869580,M308,37.631779,-95.746783,29.9,35.1,41.3
UP,0221GP005,2021-02-04,9:00 AM,Other impacts,0,NORTH PLATTE,NE,27,2,Day,Clear,Yard,Single Car,0,54723,0,56555,M407,41.146542,-100.834532,39.9,33.5,32.7
CRSH,131635,2018-11-12,12:44 AM,Derailment,0,JERSEY CITY,NJ,30,4,Dark,Clear,Main,,0,0,2000,94484,E00C,40.729233,-74.051564,39.4,43,46
UP,0820HL009,2020-08-06,5:16 PM,Derailment,0,WICHITA,KS,79,2,Day,Cloudy,Main,Freight Train,7,290644,125940,416584,E07C,37.750313,-97.309608,73.2,74,80.5
CRSH,146801,2023-10-16,8:15 AM,Other impacts,0,DETROIT,MI,50,2,Day,Clear,Industry,Cut of cars,5,28544,0,49750,M501,42.384461,-83.033671,50.8,50.8,50.6
KCS,17061203,2017-06-12,12:00 PM,Derailment,0,PEARL,MS,80,2,Day,Clear,Yard,Yard/switching,4,6764,8293,15057,H702,32.25756,-90.149283,76.9,77.5,77.5
NS,132261,2019-01-02,7:20 PM,Side collision,0,BELLEVUE,OH,32,3,Dusk,Clear,Yard,Yard/switching,2,3376,0,15678,H607,41.288306,-82.801342,37.6,34.3,31.4
CSX,000205204,2022-05-27,7:59 AM,Derailment,0,HAMILTON,OH,62,1,Dawn,Clear,Main,Freight Train,13,94686,14399,109085,H518,39.397112,-84.55575,70.4,62.8,63.5
UP,1215PD014,2015-12-29,11:53 AM,Derailment,0,KLAMATH FALLS,OR,25,2,Day,Cloudy,Yard,Light loco(s),5,38468,7833,46301,E59L,42.205577,-121.771033,22.1,16.1,21
NS,136165,2019-11-12,5:15 AM,Other (describe in narrative),0,CHICAGO,IL,11,1,Dawn,Clear,Yard,Freight Train,6,9004,4179,13183,M101,41.702707,-87.568866,25.3,13.4,20
NS,121213,2016-07-11,9:30 AM,Obstruction,0,HARRISBURG,NC,84,2,Day,Clear,Main,Work train,4,3200,0,63200,H306,35.314253,-80.696142,81.1,78.8,80.4
UP,1222ES018,2022-12-09,2:00 PM,Obstruction,0,CANEY,OK,63,2,Day,Cloudy,Main,Spec. MoW Equip.,10,3485,0,22579,H402,34.236794,-96.209884,58.8,59.2,57.7
UP,1021GC025,2021-10-10,8:16 PM,Fire/violent rupture,0,CHENEYVILLE,LA,75,4,Dark,Cloudy,Main,Freight Train,20,13588,0,13588,E74L,31.015912,-92.301783,72.9,74.5,77.6
BNSF,CH0721116,2021-07-28,10:14 AM,Derailment,0,CHICAGO,IL,90,2,Day,Clear,Yard,Yard/switching,4,7000,6000,13000,H306,41.820392,-87.715618,80.5,82.2,79.5
NJTR,201703105,2017-03-24,9:00 AM,Derailment,0,NEW YORK NEW YORK,NY,42,2,Day,Clear,Main,Commuter Train - Pulling,5,53271,0,342031,T217,40.751731,-73.996882,32.6,45.4,52.7
ATK,160104,2019-07-16,2:49 PM,Other (describe in narrative),0,EDGEWOOD,MD,94,2,Day,Clear,Main,Passenger Train - Pulling,124,10409,4406,14815,E78L,39.421208,-76.28017,79.6,82.6,83.4
UP,1022GP029,2022-10-18,4:32 AM,Other (describe in narrative),0,NORTH PLATTE,NE,38,1,Dawn,Cloudy,Yard,Single Car,0,13129,0,13129,M411,41.151429,-100.871932,41.2,41.7,46.3
WC,851526,2015-05-28,7:20 PM,Derailment,0,GARY,IN,65,2,Day,Clear,Yard,Yard/switching,2,30469,11300,41769,H306,41.609224,-87.35108,69.3,69.3,74
BNSF,SW0919110,2019-09-13,9:10 AM,Obstruction,0,LAGUNA,NM,77,2,Day,Clear,Main,,0,0,0,16246,M404,35.045154,-107.394235,71.3,71.6,71.4
MBTA,7031,2016-11-04,1:00 AM,Obstruction,0,BOSTON,MA,45,4,Dark,Clear,Main,Passenger Train - Pushing,6,32704,0,32704,H222,42.35153,-71.054994,56,50.8,45.8
UP,0321PN025,2021-03-30,12:36 PM,Fire/violent rupture,0,CRESCENT,OR,22,2,Day,Clear,Main,Freight Train,35,14464,0,14464,M406,43.512473,-121.973066,31.8,31.7,41.4
CSX,000196697,2021-03-30,12:00 PM,Hwy-rail crossing,0,COLUMBIA STATION,OH,60,2,Day,Clear,Main,Freight Train,40,14897,10018,24915,M304,41.313582,-81.983704,41.5,58.8,49.8
CWRO,201514,2015-02-10,11:13 AM,Derailment,0,CLEVELAND,OH,20,2,Day,Cloudy,Industry,Yard/switching,2,7500,6000,13500,H701,41.28,-81.8,19.1,19.9,27.5
UP,0818PD027,2018-08-24,5:30 PM,Other impacts,0,EUGENE,OR,76,2,Day,Clear,Yard,Single Car,1,14461,0,14461,H318,44.070461,-123.13207,62.1,64.6,61.5
CSX,000146138,2015-05-13,8:50 AM,Hwy-rail crossing,0,DEFIANCE,OH,50,2,Day,Clear,Main,Light loco(s),47,37111,0,37111,M304,41.278631,-84.474307,55.2,52.6,53.3
CSX,000197988,2021-06-02,2:00 AM,Other impacts,0,CINCINNATI,OH,63,4,Dark,Rain,Yard,Cut of cars,13,69004,0,69004,M407,39.13756,-84.54361,64.6,64.3,66
NS,145701,2022-06-29,10:05 AM,Derailment,0,NEW LONDON,NC,80,2,Day,Clear,Siding,Freight Train,0,65241,1552,66793,H020,35.42122,-80.211062,75.9,75.7,77.1
NS,116437,2015-07-09,12:48 PM,Hwy-rail crossing,0,SANDUSKY,OH,72,2,Day,Rain,Main,Freight Train,51,10193,4800,14993,M303,41.436267,-82.674369,63.8,67,68
NJTR,201911640,2019-11-20,12:50 AM,Derailment,0,RARITAN,NJ,43,4,Dark,Cloudy,Yard,Yard/switching,5,18550,42634,61184,H704,40.570362,-74.646319,41.7,41.7,44
CSX,000194493,2020-12-16,4:00 AM,Hwy-rail crossing,0,PEWEE VALLEY,KY,31,4,Dark,Sleet,Main,Freight Train,18,15651,2356,18007,M308,38.302408,-85.496619,32.3,36.2,33.6
NMRX,01042016,2016-04-01,4:30 AM,Rear end collision,0,SANTO DOMINGO PUEBLO,NM,39,4,Dark,Cloudy,Main,Spec. MoW Equip.,0,0,0,59442,M599,35.511364,-106.325735,39.4,38.1,42.7
ATK,171032,2022-06-12,3:15 AM,Obstruction,0,SHARON,MA,60,4,Dark,Clear,Main,Spec. MoW Equip.,0,125000,0,425000,H607,42.138668,-71.171135,67.3,67.1,74
NS,142455,2021-08-06,8:37 AM,Other impacts,0,BELLEVUE,OH,78,2,Day,Clear,Yard,Single Car,0,1500,0,18110,M411,41.288344,-82.803529,70.8,75.1,73.9
CDOT,157688,2019-02-19,8:40 PM,Derailment,0,NEW HAVEN,CT,26,4,Dark,Clear,Yard,Commuter Train - Pulling,1,18580,0,18580,H992,41.294008,-72.927844,33.6,28.3,27.3
UP,0319GC050,2019-03-20,10:03 PM,Derailment,0,MANSFIELD,LA,56,4,Dark,Cloudy,Main,Freight Train,0,110852,0,406974,E64C,32.136164,-93.479861,57.2,56.6,57.8
LI,68712,2018-11-07,10:35 AM,Derailment,0,RICHMOND HILL,NY,57,2,Day,Clear,Yard,Yard/switching,5,22802,0,22802,M507,40.703339,-73.800194,54.7,57.8,51.2
BNSF,RD0418108,2018-04-09,12:45 AM,Derailment,0,TULSA,OK,65,4,Dark,Clear,Yard,Light loco(s),4,15000,2000,17000,H607,36.127481,-96.012452,41.5,48.7,51.2
BNSF,HL0522202,2022-05-20,2:20 PM,Hwy-rail crossing,0,OLIVE BRANCH,MS,87,2,Day,Clear,Main,Freight Train,42,20000,1500,21500,M302,34.962166,-89.824743,79.7,79.9,76.7
UP,0817KC018,2017-08-16,7:11 PM,Derailment,0,EL RENO,OK,88,2,Day,Clear,Yard,Freight Train,3,112463,10038,133037,H303,35.549302,-97.964968,77.7,80.4,77.6
BNSF,RD1223121,2023-12-22,11:55 PM,Derailment,0,MADILL,OK,55,4,Dark,Rain,Yard,Freight Train,5,17448,7813,25261,H307,34.08639,-96.762896,55.9,57.2,59.8
UP,0520PR011,2020-05-20,3:20 PM,Derailment,0,MELROSE PARK,IL,63,2,Day,Cloudy,Yard,Yard/switching,5,114859,1190,116049,H318,41.895747,-87.888903,54.9,58.9,61.6
BNSF,HL1216114,2016-12-31,9:05 PM,Derailment,0,ADAMS,NE,21,4,Dark,Clear,Main,Freight Train,30,13874,3200513,3214387,E62C,40.504845,-96.567713,34.1,28.6,30.6
BNSF,SW0719105,2019-07-25,5:04 AM,Derailment,0,CLOVIS,NM,68,1,Dawn,Clear,Yard,Yard/switching,7,21000,82000,103000,H607,34.396688,-103.195564,74.7,77.4,77.9
BNSF,KS0524104,2024-05-14,8:40 PM,Derailment,0,DODGE CITY,KS,71,3,Dusk,Clear,Main,Freight Train,4,256290,331302,587592,H503,37.752246,-100.01662,59.5,66.5,67.5
BNSF,KS0715101,2015-07-04,10:15 PM,Rear end collision,0,WELLINGTON,KS,88,4,Dark,Clear,Yard,Freight Train,6,24620,0,68674,H307,37.261181,-97.389681,75.9,78.4,84.5
CSX,000140370,2015-01-21,5:37 PM,Side collision,0,SELKIRK,NY,17,3,Dusk,Cloudy,Yard,Yard/switching,4,59461,3188,62974,H607,42.566588,-73.852296,24.5,16,22.9
CSX,000170528,2017-07-27,4:00 AM,Other impacts,0,ALBANY,NY,68,1,Dawn,Cloudy,Yard,Single Car,10,21200,0,47730,M407,42.565903,-73.854184,66.9,66.9,69.3
UP,0420GC010,2020-04-10,12:22 PM,Other impacts,0,LAKE CHARLES,LA,70,2,Day,Clear,Yard,Yard/switching,8,7658,99,134460,H510,30.23833,-93.198887,76.1,66,66.5
CSX,000164041,2016-11-01,4:48 PM,Other impacts,0,HAMLET,NC,70,2,Day,Clear,Yard,Single Car,9,24000,0,24000,S016,34.925491,-79.646587,65.8,62,62.6
NS,154997,2023-12-08,10:20 PM,Derailment,0,MINGO JUNCTION,OH,45,4,Dark,Clear,Main,Yard/switching,3,42000,15804,57804,M204,40.309626,-80.610952,39,49.9,55.7
BNSF,RD0617118,2017-06-16,3:30 PM,Derailment,0,TULSA,OK,96,2,Day,Clear,Yard,Freight Train,8,6786,16500,23286,S011,36.125784,-96.010746,84.6,81.6,83.6
UP,0517PD023,2017-05-23,2:15 PM,Hwy-rail crossing,0,ALBANY,OR,82,2,Day,Clear,Main,,0,0,264,24308,M302,44.577615,-123.108357,72.4,69.6,55.9
BNSF,SF0716106,2016-07-10,6:00 AM,Derailment,0,TULSA,OK,73,1,Dawn,Clear,Yard,,0,0,85000,119341,E40C,36.125703,-96.012043,82.8,84.5,85.5
LI,72462,2020-06-23,1:59 PM,Derailment,0,RICHMOND HILL,NY,80,2,Day,Clear,Yard,Light loco(s),5,10648,300,10948,H303,40.697472,-73.819559,78.9,77.3,80.1
KCS,21122202,2021-12-22,2:14 PM,Hwy-rail crossing,0,POTEAU,OK,60,2,Day,Clear,Main,Freight Train,40,3044,69597,72641,M308,35.040692,-94.622164,38.2,41.9,52.5
NJTR,201708329,2017-08-23,4:10 AM,Raking collision,0,LONG ISLAND CITY,NY,72,4,Dark,Clear,Yard,Commuter Train - Pushing,5,7291,0,17291,H220,40.748151,-73.932486,81.4,76.1,73.4
NS,153080,2023-05-12,7:35 PM,Other (describe in narrative),0,SHARONVILLE,OH,65,3,Dusk,Clear,Yard,Yard/switching,6,1993,14934,16927,E30C,39.276508,-84.410708,65.3,68,71.1