reportingrailroadcode,accidentnumber,date,time,accidenttype,hazmatreleasedcars,station,stateabbr,temperature,visibility_code,visibility,weathercondition,tracktype,equipmenttype,trainspeed,equipmentdamagecost,trackdamagecost,totaldamagecost,primaryaccidentcausecode,latitude,longitude,prior_temp,actual_temp,following_temp
CSX,000171060,2017-08-19,10:30 AM,Other impacts,0,CUMBERLAND,MD,75,2,Day,Clear,Main,Freight Train,10,23132,0,23132,H508,39.65203,-78.770942,77.3,73.4,71.8
UP,0419MA021,2019-04-11,2:45 AM,Other impacts,0,PINE BLUFF,AR,70,4,Dark,Cloudy,Yard,Yard/switching,6,12584,33,19070,H702,34.252159,-91.937699,71.8,70.6,59.9
NJTR,201708274,2017-07-18,8:30 PM,Other (describe in narrative),0,KEARNY,NJ,75,2,Day,Clear,Yard,Light loco(s),4,17666,0,17666,H999,40.743298,-74.10632,78.4,80.4,84.9
IMRR,IMR028622D,2022-03-08,1:45 PM,Derailment,0,PEKIN,IL,33,2,Day,Clear,Main,Freight Train,5,14000,0,14000,M299,40.54313,-89.67379,31.4,30.2,34
BNSF,HL0320115,2020-03-23,2:03 AM,Derailment,0,MONETT,MO,48,4,Dark,Cloudy,Main,Freight Train,21,858742,436000,1294742,H519,36.920874,-93.947665,42.9,50.7,51.1
BNSF,RD0223115,2023-02-17,10:30 PM,Derailment,0,ENID,OK,25,4,Dark,Clear,Main,Yard/switching,8,55298,0,698633,H318,36.41112,-97.845017,29.7,32.2,37.7
NS,138676,2020-07-28,7:59 AM,Derailment,0,DURHAM,NC,88,1,Dawn,Clear,Yard,Freight Train,2,36600,16415,53015,H306,35.956563,-78.853431,84.3,81.4,77.8
NS,138744,2020-08-04,7:00 AM,Other impacts,0,BELLEVUE,OH,72,1,Dawn,Rain,Yard,Single Car,4,50000,0,165636,H312,41.29231,-82.784212,70.9,69.3,65
NS,123977,2017-02-15,1:41 AM,Derailment,0,ROSSFORD,OH,31,4,Dark,Clear,Yard,Yard/switching,4,1200,13494,14694,H702,41.63694,-83.588411,39.4,31.9,28.9
UP,0118LK043,2018-01-24,11:13 AM,Fire/violent rupture,0,NORTH LITTLE ROCK,AR,50,2,Day,Clear,Main,Freight Train,45,26125,33,26158,E71L,34.808548,-92.307002,44.4,41.5,44.4
IHB,2126,2015-08-05,9:08 AM,Side collision,0,HAMMOND,IN,85,2,Day,Clear,Yard,Yard/switching,9,106722,2863,219170,H306,41.611977,-87.499147,70.9,70.5,72.4
CSX,000161469,2016-07-21,4:30 AM,Other impacts,0,SELKIRK,NY,58,1,Dawn,Clear,Yard,Single Car,11,23900,0,24000,S014,42.565903,-73.854184,66.7,71.7,79.3
BNSF,RD0915200,2015-09-09,1:00 PM,Hwy-rail crossing,0,MARIETTA,OK,80,2,Day,Clear,Main,Maint./inspect Car,8,58500,0,58500,M302,34.064654,-97.138,85.8,76.4,78.4
NS,121213,2016-07-11,9:30 AM,Obstruction,0,HARRISBURG,NC,84,2,Day,Clear,Main,Spec. MoW Equip.,0,60000,0,63200,H306,35.314253,-80.696142,81.1,78.8,80.4
BNSF,PR0816114,2016-08-11,12:26 PM,Obstruction,0,WATROUS,NM,90,2,Day,Clear,Main,,0,0,0,16600,M404,35.819292,-104.861635,69,70.4,63.5
KYLE,KYL795821L,2021-06-08,5:30 PM,Obstruction,0,SIMPSON,KS,85,2,Day,Clear,Main,Spec. MoW Equip.,10,25000,0,25000,H402,39.393896,-97.950173,76.1,76.1,78.9
IHB,2153,2015-10-11,1:30 AM,Side collision,0,HAMMOND,IN,48,4,Dark,Clear,Yard,Yard/switching,3,36588,1313,37901,H702,41.611446,-87.497606,52.2,62.4,65.2
NS,152128,2023-01-27,10:52 AM,Derailment,0,DELAWARE,OH,37,2,Day,Clear,Main,Freight Train,4,1188629,96685,1285314,H503,40.262518,-83.035287,30.7,28.2,37
UP,1018NP013,2018-10-13,9:10 PM,Derailment,0,NORTH PLATTE,NE,42,4,Dark,Cloudy,Yard,Yard/switching,4,2094,10494,12588,M409,41.148109,-100.837537,44.6,47.7,30.8
GU,1224221,2022-12-24,1:26 AM,Derailment,0,NORTH GRAFTON,MA,10,4,Dark,Cloudy,Yard,,0,0,21474,1028374,H303,42.239796,-71.712891,43,9.8,15.9
NS,144822,2022-03-29,3:27 AM,Other impacts,0,BELLEVUE,OH,19,4,Dark,Clear,Yard,Single Car,10,200,0,59156,H312,41.291944,-82.784808,24.6,29,51.7
ATK,174612,2023-05-04,11:57 AM,Hwy-rail crossing,0,PICAYUNE,MS,81,2,Day,Clear,Main,Passenger Train - Pulling,76,0,0,0,M303,30.510863,-89.684412,70.3,70.8,73.9
NS,152875,2023-04-21,1:00 AM,Derailment,0,BELLEVUE,OH,60,4,Dark,Cloudy,Yard,Yard/switching,5,7081,18650,25731,E04C,41.27584,-82.832225,59.7,58.9,48
TSWS,287202301,2023-01-31,11:30 PM,Derailment,0,KANSAS CITY,MO,26,4,Dark,Clear,Yard,Freight Train,3,10000,25000,35000,H503,38.833488,-94.565327,15.8,16.7,25
UP,0117WH010,2017-01-19,5:00 PM,Derailment,0,PONDCREEK,OK,53,2,Day,Clear,Main,Freight Train,49,3744,28869,32613,E53C,36.714801,-97.790396,45.1,47.6,45.8
HESR,HES319823O,2023-02-03,7:50 AM,Derailment,0,KAWKAWLIN,MI,6,4,Dark,Clear,Main,,0,0,28824,94738,M204,43.650911,-83.93771,22.8,7.7,18.5
BNSF,TC1019116,2019-10-25,9:33 AM,Derailment,0,FRIDLEY,MN,50,2,Day,Clear,Yard,Yard/switching,5,14540,3500,18040,M411,45.038903,-93.272255,37.4,41.4,46.5
BNSF,TC1016111,2016-10-18,1:55 AM,Other impacts,0,MINNEAPOLIS,MN,60,4,Dark,Rain,Yard,Yard/switching,10,0,10723,10723,M407,45.03455,-93.270571,63.4,56.8,48.3
UP,0421PR009,2021-04-29,6:15 PM,Derailment,0,DOLTON,IL,62,3,Dusk,Cloudy,Yard,Yard/switching,5,3434,20008,23442,H307,41.62004,-87.611971,49.7,51.8,47.8
UP,1120GC039,2020-11-26,6:40 PM,Other impacts,0,LAKE CHARLES,LA,64,3,Dusk,Cloudy,Yard,Yard/switching,4,33224,150,33540,H318,30.238329,-93.198387,69.8,62.4,69.3
CSX,000169025,2017-05-21,3:07 PM,Other impacts,0,HAMLET,NC,79,2,Day,Cloudy,Yard,Yard/switching,4,122,0,33968,H601,34.925491,-79.646587,78.7,75.4,75.2
CSX,000181740,2019-03-09,5:53 AM,Side collision,0,WILLARD,OH,30,1,Dawn,Cloudy,Yard,Freight Train,5,47891,400,79682,H017,41.059857,-82.723964,27.9,34.8,41
NS,122894,2016-11-26,5:25 PM,Hwy-rail crossing,0,DUNKIRK,NY,36,3,Dusk,Sleet,Main,Freight Train,45,12257,760,13017,M303,42.496805,-79.285562,41.9,38.8,39.5
UP,1017LV003,2017-10-03,5:40 AM,Side collision,0,PORT ALLEN,LA,70,1,Dawn,Cloudy,Industry,Yard/switching,7,3154,0,41154,H605,30.485242,-91.211775,74.1,77.4,74.9
BNSF,SW0118102,2018-01-07,5:16 PM,Side collision,0,CLOVIS,NM,48,3,Dusk,Clear,Main,Freight Train,18,108,0,43108,H220,34.398606,-103.223721,42.1,47.1,42.6
LI,EQ20180104,2018-01-29,8:30 PM,Derailment,0,HOLLIS,NY,41,4,Dark,Cloudy,Yard,EMU,5,337583,0,337583,H303,40.718014,-73.771011,47.8,41.1,31.3
CSX,000219704,2024-08-01,10:24 AM,Derailment,0,LOUISVILLE,KY,84,2,Day,Clear,Yard,Freight Train,4,17681,43564,61245,H525,38.16074,-85.749136,75.9,78.3,76.5
BNSF,TC0622105,2022-06-23,1:00 AM,Other (describe in narrative),0,DILWORTH,MN,75,4,Dark,Clear,Main,Light loco(s),6,0,27000,27000,H702,46.874001,-96.650592,72.5,80.4,80.5
CRSH,136525,2019-12-13,4:00 PM,Other impacts,0,STATEN ISLAND,NY,45,3,Dusk,Rain,Yard,Cut of cars,5,15017,0,49672,H008,40.633216,-74.181525,31.4,39.6,50.5
GRYR,GR161028A,2016-10-28,4:20 PM,Derailment,0,GRENADA,MS,84,2,Day,Clear,Industry,Freight Train,5,184128,35300,219428,E04C,33.835238,-89.817501,67.7,67.6,66.9
CSX,000195435,2021-02-01,8:00 PM,Raking collision,0,FLATWOODS,KY,28,4,Dark,Snow,Yard,Single Car,0,6797,0,15993,H318,38.540046,-82.712369,38.1,31.3,28.1
ALS,20160117,2016-01-17,2:45 PM,Derailment,0,EAST ST LOUIS,IL,18,2,Day,Clear,Yard,Cut of cars,6,4050,8427,12477,M411,38.589614,-90.140266,29.9,17.7,11.6
LI,EQ20150101,2015-01-27,12:20 PM,Derailment,0,JAMAICA,NY,25,2,Day,Snow,Yard,EMU,9,331533,22675,354208,M101,40.699655,-73.809804,26.2,24.1,24.3
LSRC,D240616,2024-06-16,7:04 AM,Derailment,0,FLINT,MI,65,1,Dawn,Cloudy,Yard,Yard/switching,7,9206,56025,65231,H306,43.080992,-83.676983,65.3,71.5,79.7
CSX,000196145,2021-03-07,9:10 PM,Derailment,0,EAST SYRACUSE,NY,8,4,Dark,Cloudy,Yard,Yard/switching,7,36479,500,36979,T221,43.067112,-76.048421,21,20.7,24.7
NS,141499,2021-05-10,2:16 AM,Other (describe in narrative),0,CLEVELAND,OH,36,4,Dark,Cloudy,Yard,Freight Train,5,16694,74078,90772,H704,41.428567,-81.816167,44.3,50.2,49.8
CSX,000161321,2016-07-14,9:40 AM,Derailment,0,WAXHAW,NC,90,2,Day,Clear,Main,Freight Train,24,95710,44914,140624,E54C,34.921403,-80.790453,82.9,84.5,80.6
WE,180093,2018-10-04,8:30 PM,Derailment,0,MINGO JUNCTION,OH,70,2,Day,Clear,Yard,Yard/switching,5,76221,8693,84914,H704,40.303487,-80.612034,69.2,69.8,59.9
CP,1000298233,2015-11-06,10:45 PM,Other impacts,0,ST PAUL,MN,35,4,Dark,Clear,Yard,Yard/switching,2,6200,0,17534,H212,44.926569,-93.022442,56.4,43.2,41
ATK,138587,2015-08-04,12:00 PM,Derailment,0,NEW YORK -QUEENS,NY,84,2,Day,Clear,Yard,Yard/switching,5,13000,0,13000,H303,40.741177,-73.955755,82.7,82.2,79.8
NS,120856,2016-06-13,9:35 PM,Derailment,0,CAMDEN,OH,72,4,Dark,Clear,Siding,Freight Train,6,20329,4348,24677,H702,39.648849,-84.630517,79.1,69.6,73.5
UP,1018PR008,2018-10-06,2:28 AM,Derailment,0,MELROSE PARK,IL,61,4,Dark,Rain,Yard,Yard/switching,5,12922,22000,34922,T220,41.896958,-87.916068,59.7,62.8,58.8
UP,0819ST006,2019-08-05,1:45 PM,Derailment,0,LORDSBURG,NM,89,2,Day,Cloudy,Siding,Light loco(s),4,60811,22002,82813,H702,32.344325,-108.684173,73.1,77.6,75.8
CSX,000211509,2023-05-24,5:40 PM,Derailment,0,GRAND RAPIDS,MI,60,2,Day,Clear,Yard,Yard/switching,5,22302,1727,24029,M405,42.952632,-85.684163,66.4,59.7,53.2
UP,0524GP003,2024-05-02,8:23 PM,Derailment,0,BREMEN,KS,61,4,Dark,Cloudy,Main,Freight Train,32,681,1057500,1058181,E62L,39.895921,-96.752631,58.9,57.4,58.8
MNCW,74933,2021-06-04,6:40 AM,Other impacts,0,SOUTHEAST,NY,67,2,Day,Cloudy,Yard,EMU,1,1436,0,15954,H399,41.40782,-73.622622,64.7,71.3,76.7
CSX,000215542,2024-01-14,1:30 AM,Derailment,0,NEW ORLEANS,LA,37,4,Dark,Clear,Main,Freight Train,4,369372,59853,429225,H524,30.005993,-90.019455,47.2,53,54.5
LI,EQ20150704,2015-07-17,6:03 PM,Side collision,0,JAMAICA,NY,73,2,Day,Clear,Main,EMU,13,25000,0,75789,H221,40.70031,-73.806025,72,73.1,76.9
NS,141840,2021-06-09,5:10 PM,Raking collision,0,EVENDALE,OH,82,3,Dusk,Rain,Yard,Light loco(s),6,21333,0,82135,H309,39.264109,-84.420352,74.2,71.8,75.4
CUOH,CUO471423G,2023-07-11,11:40 AM,Hwy-rail crossing,0,HANOVER,OH,80,2,Day,Clear,Main,Freight Train,30,13847,2262,16109,M303,40.086108,-82.214942,71,73.2,76.8
CRSH,132349,2019-01-08,4:50 AM,Raking collision,0,NEWARK,NJ,31,1,Dawn,Sleet,Yard,Cut of cars,0,704,0,30157,M204,40.709578,-74.141095,29.8,39.3,41.3
UP,0120GP053,2020-01-27,3:50 AM,Derailment,0,NORTH PLATTE,NE,25,4,Dark,Clear,Yard,Yard/switching,4,10738,10892,21630,E69L,41.153065,-100.871942,35.2,31.3,33.8
UP,0420GC010,2020-04-10,12:22 PM,Other impacts,0,LAKE CHARLES,LA,70,2,Day,Clear,Yard,Yard/switching,3,126703,0,134460,H510,30.23833,-93.198887,76.1,66,66.5
WC,1077357,2021-07-21,12:37 AM,Derailment,0,GARY,IN,67,4,Dark,Clear,Yard,Yard/switching,5,38694,26509,331493,H399,41.629507,-87.406373,73.3,69.4,73.1
ATK,175871,2023-08-10,2:15 AM,Side collision,0,NEW YORK,NY,60,4,Dark,Clear,Yard,Yard/switching,3,16000,0,16944,H702,40.74895,-73.93147,77.8,74.4,76.2
NS,124949,2017-05-05,1:39 AM,Hwy-rail crossing,0,CHINA GROVE,NC,70,4,Dark,Rain,Main,,0,0,0,25370,M302,35.601716,-80.542248,64.9,62.4,55.3
IC,903217,2016-10-09,6:15 PM,Hwy-rail crossing,0,WESSON,MS,80,2,Day,Clear,Main,Freight Train,35,30,19357,19387,M308,31.70052,-90.396584,73,67.4,70.3
UP,0417PR016,2017-04-17,12:00 PM,Other (describe in narrative),0,NORTHLAKE,IL,75,2,Day,Clear,Yard,Single Car,0,35431,0,35431,M411,41.899778,-87.907617,65,55.1,61
BLU,170417001,2017-04-17,5:30 AM,Derailment,0,CANTON,NC,51,4,Dark,Clear,Yard,Yard/switching,3,10503,5578,16081,E85C,35.315906,-82.502715,64.6,62.2,59.4
BNSF,PR0723102,2023-07-17,11:52 PM,Derailment,0,BRIDGEPORT,NE,69,4,Dark,Clear,Yard,Light loco(s),5,12000,0,12000,H607,41.66362,-103.100007,73.3,74.7,75.5
KCS,16031901,2016-03-19,11:50 AM,Other impacts,0,MONROE,LA,58,2,Day,Clear,Yard,Single Car,0,84135,9298,130989,H318,32.497775,-92.094517,59.5,54.1,47.4
GRS,20161206X1,2016-12-06,3:40 PM,Derailment,0,NEW BRITAIN,CT,56,2,Day,Clear,Main,Freight Train,10,79500,104614,184114,M203,41.668841,-72.771431,35.6,37.3,38.4
BNSF,TC0620107,2020-06-30,10:37 AM,Rear end collision,0,HAWLEY,MN,80,2,Day,Clear,Main,Spec. MoW Equip.,25,230000,0,680000,H402,46.90297,-96.216583,75.6,79.3,76.2
NJTR,201707224,2017-06-17,8:30 PM,Derailment,0,KEARNY,NJ,70,3,Dusk,Clear,Yard,Light loco(s),9,34479,300,34779,H704,40.744358,-74.102376,66.2,68.3,77.9
UP,0121HL026,2021-01-31,4:40 PM,Derailment,0,LOGAN,NM,55,2,Day,Clear,Main,Freight Train,50,58122,2790,60912,E33C,35.386144,-103.394614,49.6,40.3,45.4
UP,0720GC014,2020-07-03,12:30 AM,Derailment,0,AVONDALE,LA,85,4,Dark,Rain,Yard,Yard/switching,3,4013,9660,13673,H703,29.918249,-90.192983,83.9,81.4,81.7
BRC,14441,2021-03-17,12:20 PM,Other impacts,0,BEDFORD PARK,IL,39,2,Day,Cloudy,Yard,Cut of cars,0,9132,0,12116,H702,41.767983,-87.777623,35.3,36.8,39.1
CSX,000179025,2018-09-29,2:13 AM,Other impacts,0,JACKSONVILLE,FL,80,4,Dark,Clear,Industry,Freight Train,4,15650,97,15747,H996,30.430058,-81.554907,83.6,81.3,80.9
GTW,908807,2016-12-14,10:15 PM,Obstruction,0,FERNDALE,MI,11,4,Dark,Snow,Main,Freight Train,40,30,33815,33845,M402,42.46539,-83.128005,21.9,14.9,11.1
UP,1215ST006,2015-12-11,7:20 PM,Derailment,0,SANTA TERESA,NM,59,4,Dark,Clear,Yard,Yard/switching,4,500,32369,32869,H995,31.891016,-106.730635,55.7,62.5,48.8
BNSF,TX0215200,2015-02-02,9:20 PM,Hwy-rail crossing,0,OKLAHOMA CITY,OK,33,4,Dark,Clear,Main,,0,0,20000,20000,M302,35.580154,-97.523911,37.4,25.8,40.9
LI,EQ20150503,2015-05-13,11:51 PM,Derailment,0,RONKONKOMA,NY,55,4,Dark,Clear,Yard,EMU,5,151958,4000,155958,M507,40.808474,-73.096587,71.5,61.7,58.1
UP,0121PN009,2021-01-13,1:59 AM,Obstruction,0,CLACKAMAS,OR,57,4,Dark,Rain,Main,Freight Train,35,0,82640,82640,M404,45.422542,-122.571298,54.3,49.8,46.8
BNSF,HL1023122,2023-10-28,11:00 PM,Derailment,0,LINCOLN,NE,31,4,Dark,Clear,Industry,Yard/switching,5,28395,1500,29895,H703,40.867063,-96.614527,38.4,31.4,32.2
UP,1117KC005,2017-11-07,6:32 PM,Derailment,0,ST JOSEPH,MO,36,4,Dark,Cloudy,Yard,Yard/switching,5,14476,3098,17574,T212,39.736736,-94.863555,36.3,38,34.8
UP,1116PD002,2016-11-07,7:24 AM,Hwy-rail crossing,0,AURORA,OR,65,2,Day,Clear,Main,,0,0,31404,85066,M302,45.23272,-122.756036,55.6,55.5,52.4
MNNR,0615001,2015-06-04,9:05 AM,Derailment,0,MINNEAPOLIS,MN,70,2,Day,Cloudy,Industry,Single Car,10,56319,1707,58026,E0HC,44.98049,-93.230286,65.1,66.7,67.2
WC,856683,2015-06-25,5:20 PM,Other impacts,0,GARY,IN,78,2,Day,Cloudy,Yard,Yard/switching,4,125444,0,140598,H310,41.62645,-87.39405,69.7,70.6,64.4
BNSF,TC1117106,2017-11-20,4:30 PM,Side collision,0,MINNEAPOLIS,MN,30,2,Day,Clear,Yard,Yard/switching,4,40881,0,60258,H307,45.031164,-93.272144,27.8,38.3,27
BNSF,PR0620201,2020-06-06,7:05 AM,Hwy-rail crossing,0,ALLIANCE,NE,83,1,Dawn,Clear,Main,Freight Train,50,18588,500,19088,M302,42.13329,-102.912,72.5,73.6,71.7
UP,0922GL007,2022-09-05,2:40 AM,Derailment,5,SHEFFIELD,IA,61,4,Dark,Clear,Main,Freight Train,45,1880851,532200,2413051,H504,42.815163,-93.231745,63.7,64.3,66.7
UPME,0224CM004,2024-02-24,9:53 AM,Derailment,0,CRYSTAL LAKE,IL,21,2,Day,Clear,Main,Commuter Train - Pulling,12,250,47032,47282,H702,42.240735,-88.310581,38.3,26.9,44.2
CPKC,1002093201,2024-05-04,12:53 PM,Derailment,0,CHILLICOTHE,MO,67,2,Day,Cloudy,Main,Freight Train,20,6275,101220,107495,T214,39.728503,-93.584481,62.4,61.5,56.5
UP,0421GL021,2021-04-30,7:15 PM,Derailment,0,DES MOINES,IA,72,3,Dusk,Cloudy,Industry,Yard/switching,1,17758,150,17908,S012,41.590803,-93.554447,62.3,62,73.4
UP,1019PR012,2019-10-08,3:06 PM,Derailment,0,MORRISON,IL,73,2,Day,Clear,Main,Freight Train,12,41119,62726,103845,H519,41.860691,-90.067541,53.8,54.7,56.6
BRC,13794,2016-11-19,3:14 AM,Derailment,0,BEDFORD PARK,IL,45,4,Dark,Clear,Yard,Freight Train,7,108060,100542,208602,E30C,41.768788,-87.753854,57.8,36.4,30
UP,0717NP037,2017-07-09,12:30 PM,Other (describe in narrative),0,NORTH PLATTE,NE,98,2,Day,Clear,Yard,Single Car,0,43799,0,43799,E29C,41.147438,-100.804256,79,80,81.4
UP,0322GL016,2022-03-10,1:29 PM,Hwy-rail crossing,0,DENISON,IA,23,2,Day,Cloudy,Main,Freight Train,67,1651816,1297959,2949775,M303,42.010553,-95.355366,22,21.3,16.4
BNSF,KS0617116,2017-06-30,12:50 AM,Derailment,0,CAPRON,OK,75,4,Dark,Rain,Main,Freight Train,0,64593,1500,66093,M105,36.869179,-98.592917,86.4,76.4,76.4
NS,143611,2021-12-01,3:00 AM,Side collision,0,DANVILLE,KY,34,4,Dark,Clear,Yard,Freight Train,0,39775,800,41575,H021,37.625456,-84.784591,43.2,46.1,58.1
NS,152584,2023-03-19,9:37 PM,Hwy-rail crossing,0,MAPLE HEIGHTS,OH,30,4,Dark,Cloudy,Main,Freight Train,50,19658,13652,33310,M303,41.42376,-81.585104,29.2,27.5,38.6
NS,135644,2019-09-27,10:00 AM,Other impacts,0,EVENDALE,OH,85,2,Day,Clear,Main,Freight Train,0,6211,0,11004,H306,39.264559,-84.433217,69.8,67.8,79.2
NS,145532,2022-06-13,9:40 AM,Other impacts,0,LEXINGTON,NC,72,2,Day,Clear,Yard,Single Car,0,260,10857,11377,H312,35.750594,-80.318289,79.1,82.2,80.3
NS,151658,2022-12-07,8:30 PM,Other impacts,0,GREENSBORO,NC,56,4,Dark,Fog,Yard,Single Car,3,1500,0,31500,H312,36.059928,-79.842014,45.5,53.3,55.8
UP,0422GL009,2022-04-06,8:00 AM,Derailment,0,CLINTON,IA,44,2,Day,Cloudy,Main,Freight Train,0,382384,0,919032,E61C,41.800108,-90.333527,45.1,46,39.6
ATK,157344,2019-01-27,1:04 AM,Derailment,0,ROSEDALE,MD,21,4,Dark,Clear,Main,,0,0,215330,492905,E69C,39.305139,-76.508416,29.8,35.3,31.8
KCS,21030502,2021-03-05,9:05 PM,Other (describe in narrative),0,KANSAS CITY,MO,40,4,Dark,Clear,Yard,,0,0,2990,39617,H702,39.128879,-94.521244,52.2,47.4,51
UP,0623HL024,2023-06-28,12:15 AM,Derailment,0,HIAWATHA,KS,68,4,Dark,Cloudy,Main,Freight Train,40,202464,230894,433358,H513,39.880344,-95.564953,72.1,81.1,77.5
CSX,000159846,2016-05-18,7:23 AM,Raking collision,0,SELKIRK,NY,55,1,Dawn,Cloudy,Yard,Cut of cars,0,12642,0,14642,H607,42.565903,-73.854184,53.9,54.2,58.3
BNSF,NW0715103,2015-07-08,6:40 AM,Derailment,0,CULVER,OR,50,1,Dawn,Clear,Main,Freight Train,50,5000,490962,495962,E61C,44.5169,-121.21604,73.5,72.4,71.1
BNSF,KS0715101,2015-07-04,10:15 PM,Rear end collision,0,WELLINGTON,KS,88,4,Dark,Clear,Yard,Cut of cars,0,44054,0,68674,H307,37.261181,-97.389681,75.9,78.4,84.5
UP,0120HL030,2020-01-21,7:29 AM,Derailment,0,NORTH ENID,OK,20,2,Day,Cloudy,Yard,Freight Train,2,260168,66106,326274,H503,36.433915,-97.862847,31.3,31.1,38
GDLK,231206005,2023-12-06,11:15 PM,Derailment,0,WHITE PIGEON,MI,37,4,Dark,Clear,Industry,Yard/switching,5,35000,24000,59000,H702,41.767273,-85.689219,36.3,36,41.3
UP,0817PD012,2017-08-16,3:20 AM,Derailment,0,STANFIELD,OR,61,4,Dark,Clear,Yard,Single Car,1,19592,0,33500,S007,45.797636,-119.315633,68.1,74.5,76.1
IHB,2046,2014-12-18,1:30 AM,Other (describe in narrative),0,HAMMOND,IN,18,4,Dark,Clear,Yard,Cut of cars,0,49159,0,49159,M507,41.612363,-87.498521,27,26,30.4
UP,0515NP015,2015-05-13,5:45 PM,Other impacts,0,NORTH PLATTE,NE,60,2,Day,Rain,Yard,Cut of cars,0,3784,0,12319,S007,41.150601,-100.845587,52.1,59.3,61.9
ATK,147712,2017-05-31,7:07 PM,Hwy-rail crossing,0,HUBBARD,OR,69,2,Day,Clear,Main,Passenger Train - Pulling,20,0,0,20150,M302,45.193601,-122.792798,57.9,63.4,63.6
BNSF,RD0723104,2023-07-06,4:45 AM,Derailment,0,TULSA,OK,70,1,Dawn,Rain,Yard,Light loco(s),7,14754,1000,15754,M409,36.116116,-96.012558,76.5,74.4,74.5
BNSF,KS0818108,2018-08-23,7:00 PM,Other impacts,0,DODGE CITY,KS,91,3,Dusk,Clear,Yard,Yard/switching,3,10900,0,10900,H318,37.750776,-99.995129,65.5,78.2,79.1
UP,1222HL009,2022-12-12,7:15 PM,Derailment,0,KANSAS CITY,MO,42,3,Dusk,Cloudy,Main,Freight Train,5,98455,0,98455,H503,39.082234,-94.601575,32,39.8,47
WE,150013,2015-01-30,10:20 AM,Rear end collision,0,JEWETT,OH,25,2,Day,Snow,Main,Freight Train,16,268847,8279,307126,H607,40.349337,-80.964623,31.1,21.3,16.8
NS,127460,2017-11-18,8:45 AM,Derailment,0,BELLEVUE,OH,44,2,Day,Rain,Yard,Yard/switching,9,27355,3761,31116,E04C,41.288306,-82.801342,39.6,45.8,35.6
CSX,000161862,2016-08-03,1:45 PM,Other impacts,0,LANSING,MI,90,2,Day,Clear,Yard,Single Car,0,14107,0,14207,M599,42.728708,-84.540647,74.2,78.2,80.7
NYSW,08012301,2018-01-23,9:30 AM,Derailment,0,NORTH BERGEN,NJ,54,2,Day,Clear,Siding,Freight Train,9,10000,55000,65000,H306,40.819119,-74.014871,42.9,48.5,38.5
BNSF,SF0815106,2015-08-10,7:30 PM,Derailment,0,TULSA,OK,92,3,Dusk,Clear,Yard,Cut of cars,0,30200,0,31377,M408,36.122738,-96.01094,89.3,83.4,82.1
UP,1223HL001,2023-12-03,1:46 AM,Other impacts,0,WICHITA,KS,29,4,Dark,Fog,Yard,Yard/switching,3,45710,1707,53098,E22C,37.726643,-97.325102,34,38.7,41.4
CSX,000166099,2017-01-18,4:20 AM,Derailment,0,WALBRIDGE,OH,35,1,Dawn,Cloudy,Yard,Single Car,4,611,196,18303,M411,41.57373,-83.513594,44.1,37.9,36.6
LSRC,D230706,2023-07-06,10:20 PM,Derailment,0,BAY CITY,MI,69,4,Dark,Cloudy,Yard,Freight Train,3,20389,34110,54499,M405,43.614344,-83.857287,79.6,73.6,68.6
UP,0515SL011,2015-05-26,10:12 AM,Hwy-rail crossing,0,GOODWINE,IL,67,2,Day,Rain,Main,Freight Train,49,19112,5022,24134,M304,40.560015,-87.790185,75.4,70.7,71.4
WE,240004,2024-01-05,12:50 AM,Derailment,0,LODI,OH,14,4,Dark,Cloudy,Main,Freight Train,29,3800,210321,214121,E62C,41.037865,-82.034379,28.9,24.8,31.8
NYA,122619,2019-12-26,7:35 PM,Derailment,0,NEW YORK -QUEENS,NY,40,4,Dark,Clear,Yard,Yard/switching,5,31083,4630,35713,T220,40.710204,-73.894884,37.7,39.9,49.9
UP,0922MA001,2022-09-01,1:45 PM,Derailment,0,SHREVEPORT,LA,88,2,Day,Cloudy,Yard,Freight Train,1,22523,0,22523,H503,32.426648,-93.894309,83.3,82.1,79.3
BNSF,TC1219205,2019-12-18,11:11 AM,Hwy-rail crossing,0,BUXTON,ND,15,2,Day,Clear,Main,Freight Train,48,25000,0,25000,M302,47.57064,-97.09117,1.8,3.6,11.8
CSX,000155556,2015-12-28,2:05 PM,Derailment,0,CLEVELAND,OH,37,2,Day,Rain,Yard,Freight Train,8,213642,5060,218702,T220,41.575262,-81.548488,46.6,37.4,45.2
ATK,177431,2023-12-02,4:49 AM,Hwy-rail crossing,0,NORTHWOOD,OH,44,4,Dark,Rain,Main,Passenger Train - Pulling,78,14075,0,14075,M308,41.587994,-83.461199,46.5,44,43.1
IC,1148654,2024-03-25,4:12 PM,Obstruction,0,BENTON,MS,13,2,Day,Clear,Main,,0,0,0,0,M404,32.649952,-90.371823,56.6,64.7,60.2
BPRR,BPR015919D,2019-04-08,8:30 PM,Derailment,0,MACHIAS,NY,59,3,Dusk,Clear,Main,Freight Train,10,15000,500,15500,E53C,42.408056,-78.483056,53.6,55.7,48
BNSF,SW0824109,2024-08-29,3:00 PM,Derailment,0,BELEN,NM,71,2,Day,Clear,Main,Freight Train,30,167677,160000,327677,M505,34.679118,-106.774837,67.6,73.9,72.8