reportingrailroadcode,accidentnumber,date,time,accidenttype,hazmatreleasedcars,station,stateabbr,temperature,visibility_code,visibility,weathercondition,tracktype,equipmenttype,trainspeed,equipmentdamagecost,trackdamagecost,totaldamagecost,primaryaccidentcausecode,latitude,longitude,prior_temp,actual_temp,following_temp
UP,0718LV015,2018-07-19,9:50 AM,Other impacts,0,ALEXANDRIA,LA,93,2,Day,Clear,Yard,Yard/switching,7,19038,0,25150,H318,31.260908,-92.437174,81.7,84.6,85.9
NJTR,202302044,2023-01-18,12:26 AM,Derailment,0,DOVER,NJ,28,4,Dark,Clear,Yard,Yard/switching,5,53247,25976,79223,H704,40.883627,-74.548901,37.9,46,38.9
NS,151513,2022-11-20,6:04 AM,Other (describe in narrative),0,CINCINNATI,OH,24,1,Dawn,Clear,Yard,Freight Train,5,5588,23245,45184,H702,39.106123,-84.539969,27.4,26,31.2
CSX,000201631,2021-12-03,2:51 AM,Derailment,0,ROCKY MOUNT,NC,45,4,Dark,Clear,Yard,Yard/switching,7,22124,5708,27832,E39C,35.918853,-77.804447,56.5,58,52.6
NS,155728,2024-02-10,12:22 PM,Other impacts,0,EVENDALE,OH,50,2,Day,Cloudy,Yard,Yard/switching,5,11800,350,12150,H318,39.26411,-84.420353,57.3,54.2,41.2
BNSF,SW0522102,2022-05-21,8:45 AM,Derailment,0,CLOVIS,NM,75,1,Dawn,Clear,Yard,Light loco(s),10,300,12580,12880,H607,34.395655,-103.215556,72.7,54.3,53.6
NIRC,2020071964,2020-09-09,8:08 PM,Derailment,0,JOLIET,IL,63,4,Dark,Clear,Yard,Yard/switching,11,14000,0,14000,H602,41.525074,-88.071998,63.1,63.2,62
ATK,143737,2016-08-11,12:26 PM,Obstruction,0,VALMORA,NM,90,2,Day,Clear,Main,Passenger Train - Pulling,70,16600,0,16600,M404,35.819292,-104.86163,68.6,70,63.2
CUOH,CUO681315D,2015-01-15,3:13 AM,Derailment,0,NEWCOMERSTOWN,OH,10,4,Dark,Clear,Main,Freight Train,32,40500,14000,54500,E52C,40.279184,-81.585613,17.2,22.8,30.2
NS,135729,2019-10-05,2:35 AM,Other impacts,0,COLUMBUS,OH,64,4,Dark,Clear,Yard,Cut of cars,3,0,2000,41297,H399,39.916496,-82.946988,59,58.3,66
BLF,20180420,2018-12-26,8:42 PM,Obstruction,0,FORT LAUDERDALE,FL,70,4,Dark,Clear,Main,Passenger Train - Pulling,40,22332,0,22455,M402,26.11316,-80.145216,71.2,73.8,76.7
IC,1022239,2019-12-27,7:44 PM,Hwy-rail crossing,0,ROMEOVILLE,IL,28,4,Dark,Cloudy,Main,,0,0,18624,67330,M308,41.66335,-88.033886,51.4,32.8,38.7
EIRR,160110003,2016-01-10,12:05 PM,Derailment,0,BURLEY,ID,25,2,Day,Clear,Industry,Freight Train,4,17000,0,17000,H307,42.32479,-113.481404,28.1,25.2,22.2
GRW,23,2016-07-08,11:00 AM,Derailment,0,GARY,IN,88,2,Day,Clear,Industry,Yard/switching,2,357,10810,11167,E68C,41.621326,-87.329338,75.5,77.6,70.9
UP,1121GC025,2021-11-20,2:20 PM,Other impacts,0,MARINGOUIN,LA,73,2,Day,Clear,Yard,Yard/switching,6,40026,0,311029,H306,30.542002,-91.567116,51.4,56.2,65.4
MNCW,79256,2023-02-28,6:30 PM,Raking collision,0,NEW YORK -QUEENS,NY,37,2,Day,Cloudy,Yard,EMU,2,236047,0,236047,M599,40.743259,-73.948871,37.8,35.3,39.4
UP,0820GC045,2020-08-30,10:20 PM,Derailment,0,KINDER,LA,78,4,Dark,Clear,Main,Freight Train,2,114199,20544,134743,H701,30.490986,-92.836838,82.1,82.6,84.5
MNCW,2015012852,2015-01-28,5:20 PM,Derailment,0,NEW YORK NEW YORK,NY,30,4,Dark,Clear,Yard,Commuter Train - Pulling,11,149178,146736,295914,T220,40.752998,-73.997056,24.2,24.4,27.3
NS,137460,2020-03-11,5:34 PM,Other impacts,0,DECATUR,IL,45,3,Dusk,Clear,Yard,Cut of cars,0,45036,0,66088,H309,39.848104,-88.939046,42.4,42.2,48
ATK,144059,2016-08-31,9:30 PM,Hwy-rail crossing,0,GILMAN,IL,65,4,Dark,Clear,Main,Passenger Train - Pulling,73,10542,0,12964,M308,40.737068,-88.001491,75.6,73,66.6
BNSF,MT1115103,2015-11-17,6:00 AM,Obstruction,0,TROY,MT,30,1,Dawn,Clear,Main,Freight Train,0,11000,0,11000,M404,48.570079,-115.98179,36.1,38.4,36.8
CRSH,138545,2020-07-15,6:00 PM,Derailment,0,JERSEY CITY,NJ,80,3,Dusk,Clear,Yard,Yard/switching,5,38380,1200,39580,H306,40.677351,-74.077608,78.6,75.1,72.9
CSX,000166694,2017-02-10,4:46 PM,Derailment,0,SELKIRK,NY,24,3,Dusk,Clear,Yard,Yard/switching,4,31431,0,31431,E44C,42.565903,-73.854184,19.1,15.5,27.4
CFE,CFE853018D,2018-11-14,7:24 AM,Derailment,0,HAMLET,IN,20,1,Dawn,Clear,Siding,Freight Train,14,448489,140000,588489,H699,41.378246,-86.555012,26.7,26.4,30.3
UP,1223HL008,2023-12-09,9:04 AM,Derailment,0,SALINA,KS,40,2,Day,Cloudy,Yard,Single Car,0,9535,0,172707,H318,38.851913,-97.603502,46.7,40.3,35.2
NS,138685,2020-07-29,9:12 AM,Derailment,0,EVENDALE,OH,81,2,Day,Clear,Yard,Freight Train,3,2368,12802,15170,H525,39.264114,-84.420348,77.8,76.3,71.9
CSX,000199472,2021-08-12,9:32 PM,Other impacts,0,CLEVELAND,OH,81,4,Dark,Cloudy,Industry,Single Car,2,9600,0,42588,H020,41.472879,-81.679302,78.7,79.9,79.1
UP,0323GC003,2023-03-07,1:02 AM,Other impacts,0,MARINGOUIN,LA,70,4,Dark,Clear,Yard,Light loco(s),0,21126,0,49908,H306,30.519816,-91.548197,71.9,75,74.6
CSX,000203187,2022-02-18,9:46 PM,Other (describe in narrative),0,COLUMBUS,OH,28,4,Dark,Cloudy,Yard,Yard/switching,7,23378,2996,26374,M599,39.972311,-83.021134,49.5,26.5,25.8
MNCW,71668,2020-01-21,6:04 PM,Hwy-rail crossing,0,SLOATSBURG,NY,21,4,Dark,Clear,Main,,0,0,31995,829899,M304,41.167998,-74.191415,24.9,25,26.7
UP,0120HL013,2020-01-01,4:20 PM,Fire/violent rupture,0,RENICK,MO,53,2,Day,Clear,Main,Freight Train,41,20343,66,20409,E73L,39.131775,-94.106741,34.9,41.4,45.2
CSX,000217384,2024-04-15,7:00 AM,Hwy-rail crossing,0,GARY,IN,58,1,Dawn,Clear,Main,Freight Train,35,5604,10747,16351,M302,41.62422,-87.39399,66.7,60.2,64.9
UP,0420PR015,2020-04-23,10:02 AM,Hwy-rail crossing,0,NORTHLAKE,IL,55,2,Day,Cloudy,Industry,Yard/switching,10,14274,0,14274,M303,41.916623,-87.912914,47.3,49.1,44.4
ATK,151971,2018-02-09,7:41 AM,Other (describe in narrative),0,LONG ISLAND CITY,NY,29,2,Day,Clear,Yard,Light loco(s),5,0,16437,16437,H305,40.751809,-73.926905,29.8,31.7,43.7
BNSF,TC0615201,2015-06-07,12:05 PM,Hwy-rail crossing,0,ST PAUL PARK,MN,77,2,Day,Clear,Main,Freight Train,23,7700,6000,13700,M302,44.855148,-92.996634,68.8,71.9,70.9
CSX,000217438,2024-04-15,1:20 PM,Head on collision,0,FOLKSTON,GA,82,2,Day,Clear,Main,Freight Train,0,140213,0,413708,H702,30.849229,-82.020654,67.7,71.8,70.2
UP,0319ST030,2019-03-13,12:01 PM,Derailment,0,LOGAN,NM,54,2,Day,Cloudy,Main,Freight Train,35,1338424,36446,1374870,M105,35.332775,-103.415174,53.6,49.8,40.9
BNSF,CH0322109,2022-03-14,8:32 AM,Derailment,0,GALESBURG,IL,45,1,Dawn,Clear,Yard,Yard/switching,4,400,14392,14792,M411,40.928195,-90.37303,39,46.9,47.7
CSX,000206874,2022-08-25,4:46 PM,Derailment,0,CINCINNATI,OH,80,3,Dusk,Clear,Main,,0,0,1884,13830,E46C,39.150736,-84.542575,70,72.4,73.8
CSX,000176766,2018-06-03,11:30 PM,Derailment,0,EAST SYRACUSE,NY,59,4,Dark,Cloudy,Yard,Freight Train,10,27551,7324,34875,E46C,43.067112,-76.048421,66.1,60.6,60
UP,0120GP014,2020-01-01,10:35 AM,Other impacts,0,CHAPPELL,NE,30,2,Day,Sleet,Industry,Freight Train,2,12075,0,32302,H302,41.092944,-102.475969,23.1,31.9,34.1
BNSF,TC1217101,2017-12-04,5:30 PM,Obstruction,0,COON RAPIDS,MN,35,3,Dusk,Cloudy,Main,,0,0,0,30000,M402,45.156683,-93.302998,38.9,48.2,19.8
NS,135892,2019-10-20,9:30 AM,Other impacts,0,HAMMOND,IL,62,2,Day,Cloudy,Main,Freight Train,3,1450,0,1450,H307,41.612081,-87.498283,54.6,56,59.8
CSX,000216641,2024-03-09,3:53 AM,Hwy-rail crossing,0,MCCORDSVILLE,IN,47,4,Dark,Rain,Main,Freight Train,30,28198,0,28198,M301,39.909047,-85.895948,52.6,45,38.3
BNSF,RD0319115,2019-03-14,2:40 PM,Derailment,0,OKLAHOMA CITY,OK,55,2,Day,Cloudy,Yard,Freight Train,6,24994,40000,64994,H607,35.386523,-97.48434,61.7,47.8,44.4
CSX,000196280,2021-03-13,11:49 PM,Derailment,0,CHANNAHON,IL,41,4,Dark,Cloudy,Yard,Yard/switching,2,13692,204,13896,M203,41.445238,-88.181096,43,43.9,41.8
BNSF,KS0224106,2024-02-12,5:05 AM,Derailment,0,HAZELTON,KS,27,1,Dawn,Clear,Main,Freight Train,59,1431861,95839,1527700,T213,37.111583,-98.384485,36.3,39.2,44
CSX,000212280,2023-07-08,5:56 AM,Hwy-rail crossing,0,CLEVELAND,OH,65,1,Dawn,Clear,Main,,0,0,0,15185,M308,41.519808,-81.667144,73.5,71.7,71.6
MQT,MQT598018D,2018-03-06,12:45 PM,Derailment,0,LUDINGTON,MI,32,2,Day,Snow,Yard,Yard/switching,7,26273,15379,41652,T220,43.949607,-86.421566,33.6,29.8,26.7
FEC,X20060719,2019-06-07,9:54 PM,Hwy-rail crossing,0,BOCA RATON,FL,80,4,Dark,Clear,Main,,0,0,14061,43086,M303,26.330134,-80.092852,84.7,83.1,80.9
CSX,000209357,2023-01-19,7:04 PM,Other impacts,0,WILLARD,OH,40,3,Dusk,Rain,Yard,Yard/switching,1,17888,0,17888,M105,41.059877,-82.72407,37.8,44.6,34.2
BNSF,CH0521105,2021-05-08,10:50 PM,Derailment,0,CICERO,IL,39,4,Dark,Rain,Yard,Freight Train,4,20582,20000,45572,H704,41.837174,-87.776391,49,45.4,46
BNSF,CH0424107,2024-04-11,4:30 PM,Derailment,0,CARROLLTON,MO,65,2,Day,Clear,Industry,Freight Train,4,1492,12700,14192,H607,39.367735,-93.455421,56.3,56.4,55.3
KCT,UP220411,2022-04-11,7:53 AM,Derailment,0,KANSAS CITY,MO,55,1,Dawn,Clear,Main,Freight Train,10,180279,151722,771921,M204,39.109,-94.504,64.9,57.7,67.2
BNSF,TC0220105,2020-02-05,12:30 PM,Other impacts,0,VIRGINIA,MN,15,2,Day,Clear,Industry,Freight Train,5,100000,0,100000,H607,47.494119,-92.552973,-0.7,7.9,10.7
PATH,I120118,2018-12-01,1:47 PM,Other impacts,0,JERSEY CITY,NJ,45,2,Day,Clear,Yard,EMU,6,6802,18427,25229,H199,40.7322,-74.0629,39.7,41.3,49.4
UP,0716PC009,2016-07-12,10:30 AM,Obstruction,0,FORT HALL,ID,70,2,Day,Clear,Main,Spec. MoW Equip.,0,12500,0,13032,H997,42.880157,-112.658811,57.5,63.7,64.6
SKOL,D521415,2015-04-07,1:08 PM,Derailment,0,THAYER,KS,80,2,Day,Clear,Main,Freight Train,13,475838,14000,489838,H599,37.440884,-95.300612,59.4,74.5,71.1
BNSF,TC0919110,2019-09-20,1:01 AM,Derailment,0,FALCON HEIGHTS,MN,65,4,Dark,Clear,Yard,Freight Train,10,103062,490781,593843,H607,44.972043,-93.185926,72,74.1,74.9
UP,0217LV032,2017-02-15,2:00 PM,Other impacts,0,LIVONIA,LA,55,2,Day,Clear,Yard,Single Car,0,48,0,15810,S006,30.523977,-91.55285,64.8,50.4,50.8
UP,0522GP015,2022-05-20,4:58 PM,Other impacts,0,NORTH PLATTE,NE,54,2,Day,Cloudy,Yard,Cut of cars,0,0,0,16606,M411,41.152913,-100.824316,72,50.7,48.2
NS,139293,2020-09-29,2:35 AM,Side collision,0,BELLEVUE,OH,45,4,Dark,Cloudy,Yard,Yard/switching,7,1850,0,12600,H302,41.288306,-82.801342,63.9,55.5,54.7
BNSF,RD0423122,2023-04-25,5:45 PM,Other (describe in narrative),0,TULSA,OK,56,3,Dusk,Rain,Yard,Yard/switching,4,16790,0,18965,M408,36.124839,-96.011038,55.4,51.3,52.7
CSX,000191266,2020-07-10,1:25 AM,Side collision,0,SELKIRK,NY,79,4,Dark,Clear,Yard,Light loco(s),10,5249,0,89574,H607,42.565903,-73.854184,80.1,78,79.6
UP,0817FW017,2017-08-12,10:00 PM,Fire/violent rupture,0,MUSKOGEE,OK,79,4,Dark,Cloudy,Main,Freight Train,10,232920,0,232920,E73L,35.697051,-95.398082,78.7,75.9,73
UP,0720GP006,2020-07-03,3:15 PM,Derailment,0,NORTH PLATTE,NE,93,2,Day,Clear,Yard,Freight Train,13,61325,1032,62357,H605,41.154313,-100.832511,74.9,77.5,78.1
UP,1218HL022,2018-12-31,12:38 PM,Derailment,0,GUYMON,OK,36,2,Day,Cloudy,Industry,Freight Train,2,419,97325,97744,M101,36.703889,-101.451419,23,26.1,15
BNSF,HL1222105,2022-12-08,5:13 PM,Side collision,0,LINCOLN,NE,25,3,Dusk,Sleet,Yard,Yard/switching,5,13064,0,75733,M408,40.808083,-96.742537,26.9,26.6,34.3
UP,0615KC016,2015-06-15,5:24 PM,Fire/violent rupture,0,TOPEKA,KS,82,2,Day,Clear,Main,Freight Train,60,47895,0,47895,E79L,39.09111,-95.756397,74.5,75.1,72.4
BNSF,SF0915116,2015-09-30,1:00 PM,Derailment,0,FAIRLAND,OK,80,2,Day,Clear,Main,Spec. MoW Equip.,10,11000,0,11000,H402,36.746065,-94.855123,70.6,64.9,60.1
CRSH,146743,2023-04-18,12:14 AM,Derailment,0,DETROIT,MI,35,4,Dark,Snow,Yard,Freight Train,5,3347,14672,18019,H702,42.323709,-83.116347,40.7,40.4,44.1
NYA,021919,2019-02-19,4:15 PM,Derailment,0,NEW YORK -QUEENS,NY,40,2,Day,Clear,Industry,Freight Train,4,13954,0,23954,M101,40.698547,-73.829443,34.7,29.3,28.5
UP,1221GL005,2021-12-05,1:30 AM,Derailment,0,ST. PAUL,MN,31,4,Dark,Cloudy,Yard,Yard/switching,4,14700,1300,16000,H307,44.932065,-93.044761,33.4,33.7,15.9
NS,135316,2019-08-29,3:42 PM,Derailment,0,WENTZVILLE,MO,86,2,Day,Cloudy,Yard,Freight Train,4,18666,3683,22349,M405,38.809845,-90.810653,71.9,75.7,73.3
BNSF,RD0221118,2021-02-20,12:27 AM,Derailment,0,TULSA,OK,10,4,Dark,Clear,Yard,Yard/switching,6,15284,63757,79041,S011,36.107977,-96.019672,20.7,33.7,44.5
BNSF,KS0124111,2024-01-23,3:09 AM,Derailment,0,KANSAS CITY,KS,32,4,Dark,Rain,Main,Freight Train,10,49373,5000,54373,E06L,39.070717,-94.736497,33.3,35.9,37.3
BNSF,SW0718112,2018-07-22,7:03 PM,Derailment,0,ARTESIA,NM,105,3,Dusk,Clear,Siding,Freight Train,8,301897,115000,416897,T216,32.916321,-104.391017,87.7,87.9,87.9
BNSF,HL0317104,2017-03-03,4:48 PM,Derailment,0,LINCOLN,NE,50,2,Day,Clear,Yard,Light loco(s),0,23300,0,23300,H017,40.80941,-96.73031,32.3,36.1,48.5
ATK,155182,2018-09-07,11:30 PM,Other (describe in narrative),0,NEW YORK NEW YORK,NY,50,4,Dark,Clear,Main,,0,0,198415,540835,E78L,40.757562,-74.009283,82.7,74,67.9
CSX,000142524,2015-03-05,9:53 PM,Derailment,0,AVON,IN,9,4,Dark,Clear,Yard,Cut of cars,18,14712,100,14812,M407,39.759342,-86.347116,27.2,17,16.5
BNSF,SF1214105,2014-12-05,1:17 AM,Raking collision,0,TULSA,OK,55,4,Dark,Fog,Yard,Freight Train,6,7946,0,11946,H607,36.116365,-96.010568,47.3,54.5,45.7
UP,0618PR012,2018-06-06,3:45 PM,Other impacts,0,JOLIET,IL,65,2,Day,Clear,Yard,Cut of cars,0,0,0,109139,H601,41.479806,-88.102279,66.6,67.1,74.1
LI,EQ20170403,2017-04-07,7:42 PM,Obstruction,0,RICHMOND HILL,NY,44,4,Dark,Rain,Yard,Passenger Train - Pulling,5,26597,0,26597,M402,40.697893,-73.825212,46.3,47.5,48.4
ATK,149132,2017-08-23,4:10 AM,Raking collision,0,LONG ISLAND CITY,NY,72,4,Dark,Clear,Yard,Light loco(s),5,10000,0,17291,H220,40.748151,-73.932486,81.4,76.1,73.4
UP,0923RM010,2023-09-09,1:30 AM,Derailment,0,IDAHO FALLS,ID,63,4,Dark,Clear,Yard,Freight Train,3,17398,2400,19798,H307,43.447863,-112.071663,68.7,64.5,64.4
NS,134492,2019-06-22,9:10 PM,Other (describe in narrative),0,NEW HOPE,OH,70,4,Dark,Clear,Main,Freight Train,48,50000,0,50000,E73L,39.798203,-84.790232,70.4,69,69.5
MNBR,MNB098617,2017-09-02,1:20 AM,Derailment,0,LINDEN,AL,67,4,Dark,Clear,Main,Freight Train,2,7624,44208,51832,T222,32.292922,-87.83784,75.3,73.5,72.3
CUOH,CUO456620R,2020-06-17,6:15 AM,Derailment,0,AMSTERDAM,OH,69,1,Dawn,Clear,Industry,Yard/switching,5,107141,16700,123841,E64C,40.428097,-80.904447,68.3,67.6,69.5
CSX,000194161,2020-11-28,7:15 AM,Other impacts,0,COLUMBUS,OH,50,1,Dawn,Clear,Yard,Cut of cars,0,37247,0,40747,M599,39.972333,-83.021122,47.5,39.7,40.2
CSX,000152411,2015-09-25,4:00 PM,Other impacts,0,WILLARD,OH,70,2,Day,Cloudy,Yard,Single Car,4,0,149,13589,S099,41.058951,-82.718557,65.3,65.1,65.7
CSX,000179805,2018-11-12,12:44 AM,Derailment,0,JERSEY CITY,NJ,30,4,Dark,Clear,Main,Freight Train,7,92484,0,94484,E00C,40.729233,-74.051564,39.4,43,46
BNSF,MT0824203,2024-08-31,5:13 PM,Hwy-rail crossing,0,SPRINGDALE,MT,90,3,Dusk,Clear,Main,Freight Train,55,12500,500,13000,M302,45.701155,-110.262003,65.7,66.8,69.7
NS,142556,2021-08-17,2:20 AM,Side collision,0,BELLEVUE,OH,64,4,Dark,Clear,Yard,Yard/switching,0,99,11190,12442,M408,41.288344,-82.803529,69.6,72.7,74.4
ATK,150338,2017-10-26,2:05 PM,Obstruction,0,SOUTH SCHODACK,NY,56,2,Day,Rain,Main,Spec. MoW Equip.,6,27890,0,58225,H605,42.502157,-73.700385,59.1,49.6,49.9
BNSF,SW1220203,2020-12-12,10:00 AM,Hwy-rail crossing,0,ARTESIA,NM,66,2,Day,Clear,Main,Freight Train,14,3500,24400,27900,M302,32.83606,-104.3961,51.7,46.2,38.6
UP,1123GP037,2023-11-29,8:30 AM,Derailment,0,SIDNEY,NE,16,2,Day,Clear,Yard,Yard/switching,6,44796,4208,49004,H306,41.146375,-102.968766,30,31.9,25.6
IC,1116262,2022-10-14,2:12 PM,Hwy-rail crossing,0,INDEPENDENCE,LA,87,2,Day,Clear,Main,,0,0,0,583668,M302,30.692493,-90.508114,73.8,67.1,68.3
BNSF,SW0623107,2023-06-18,4:33 AM,Derailment,0,VAUGHN,NM,60,1,Dawn,Clear,Yard,Freight Train,9,9962,3850,38756,H307,34.600958,-105.197281,63.5,65.9,71
KCS,22092002,2022-09-20,6:20 PM,Derailment,0,WATTS,OK,85,2,Day,Clear,Siding,Freight Train,5,137631,35016,172647,H306,36.09975,-94.584796,80.8,80.8,81
MNCW,69634,2019-03-16,5:11 AM,Rear end collision,0,NEW YORK -BRONX,NY,33,4,Dark,Clear,Main,Maint./inspect Car,16,50000,0,50000,H607,40.82617,-73.914505,58.4,48.1,38.4
BNSF,TC0320106,2020-03-12,4:30 AM,Other (describe in narrative),0,BROOKSTON,MN,30,1,Dawn,Rain,Main,Freight Train,30,2000,23800,25800,E07C,47.01603,-92.590487,31.5,34.6,25.3
UP,0816PD006,2016-08-11,4:23 PM,Fire/violent rupture,0,BONNERS FERRY,ID,75,2,Day,Cloudy,Main,Freight Train,25,32254,0,32254,E73L,48.532082,-116.405833,59.4,64.2,68.4
KCS,16061002,2016-06-10,3:00 PM,Derailment,0,JACKSON,MS,95,2,Day,Clear,Yard,Yard/switching,2,65453,35297,100750,H702,32.257664,-90.151547,79.4,80.5,80
NS,132026,2018-12-11,5:40 PM,Hwy-rail crossing,0,WHITING,IN,25,3,Dusk,Clear,Main,,0,0,0,24770,M304,41.679816,-87.4858,24.6,29.8,35.9
CSX,000209925,2023-02-20,1:15 PM,Other impacts,0,COLUMBUS,OH,55,2,Day,Clear,Yard,Cut of cars,5,25544,0,32792,M204,39.972334,-83.021147,46,47.6,44.4
NS,124375,2017-03-17,6:15 PM,Derailment,0,PORT DICKINSON,NY,30,3,Dusk,Clear,Yard,Freight Train,7,15000,0,15000,H702,42.098659,-75.856665,21.3,27,26.1
CSX,000209925,2023-02-20,1:15 PM,Other impacts,0,COLUMBUS,OH,55,2,Day,Clear,Yard,Cut of cars,2,7248,0,32792,M204,39.972334,-83.021147,46,47.6,44.4
BNSF,RD0223101,2023-02-01,1:12 PM,Derailment,0,TULSA,OK,30,2,Day,Cloudy,Yard,Light loco(s),5,2500,14000,16500,M404,36.11792,-96.012848,22.5,25.3,33.4
RALI,RAI540420,2020-01-14,7:45 PM,Derailment,0,MARINGOUIN,LA,74,4,Dark,Clear,Yard,Freight Train,3,15220,0,15220,H307,30.500549,-91.562978,60.3,70.8,70.8
IORY,IOR044122R,2022-03-28,9:35 PM,Derailment,0,SOUTH CHARLESTON,OH,25,4,Dark,Clear,Industry,Freight Train,5,95868,25224,121092,E4BC,39.818622,-83.636006,30.1,27.9,32.8
LI,70255,2019-08-07,2:35 AM,Other impacts,0,NEW YORK NEW YORK,NY,72,4,Dark,Cloudy,Yard,EMU,5,4793,17986,22779,H607,40.754344,-74.001163,75.4,75.6,75.4
GTW,1108173,2022-04-11,3:40 PM,Other impacts,0,KALAMAZOO,MI,45,2,Day,Clear,Industry,,0,0,0,170500,H021,42.272279,-85.548652,44.5,56.1,54
IC,1033723,2020-04-28,1:00 PM,Side collision,0,HARAHAN,LA,78,2,Day,Cloudy,Yard,Yard/switching,4,1500,0,11000,H302,29.973643,-90.208871,71.6,72.2,69.2
ATN,ATN171790,2017-07-12,4:50 PM,Derailment,0,GADSDEN,AL,0,2,Day,Clear,Main,Freight Train,3,40500,1500,42000,H506,34.005375,-85.987867,77.4,79.7,79.3
ATK,157895,2019-03-05,7:50 AM,Other (describe in narrative),0,RHINECLIFF,NY,25,2,Day,Clear,Main,Passenger Train - Pulling,52,107610,0,107610,E59C,41.741814,-73.935786,30.9,23,19.8
NS,134299,2019-06-12,3:19 AM,Side collision,0,EVENDALE,OH,57,4,Dark,Cloudy,Yard,Freight Train,0,98440,1418,314007,H702,39.261472,-84.422822,63.4,64.4,60.9
CSX,000182501,2019-04-21,9:00 PM,Derailment,1,BALTIMORE,MD,68,4,Dark,Clear,Yard,Yard/switching,2,142020,750,142770,M502,39.264326,-76.644661,66.7,61.1,63.2
BNSF,RD0320101,2020-03-02,1:45 PM,Derailment,0,TULSA,OK,60,2,Day,Clear,Yard,Yard/switching,2,1000,12912,13912,M411,36.119823,-96.012381,64.8,52.6,51.2
MRL,2015153,2015-11-19,3:55 AM,Derailment,0,MISSOULA,MT,38,4,Dark,Clear,Main,Freight Train,1,19795,10900,30695,H503,46.88184,-114.004181,34.2,31.2,28.1
GDLK,230407001,2023-04-07,8:15 AM,Hwy-rail crossing,0,WHITE PIGEON,MI,40,2,Day,Clear,Main,Freight Train,35,350,35000,35350,M302,41.797384,-85.657564,41.2,41.7,45.6
BNSF,TC0919106,2019-09-14,6:19 AM,Derailment,0,FRIDLEY,MN,60,1,Dawn,Clear,Yard,Freight Train,4,9266,32972,42238,H599,45.043898,-93.272659,58.8,61.4,68.2
UP,0216PC007,2016-02-19,3:27 AM,Derailment,0,WEISER,ID,48,4,Dark,Cloudy,Siding,Freight Train,15,71355,323608,394963,E61C,44.319796,-117.197259,49.9,46.6,41.5
BNSF,TC0415106,2015-04-07,5:00 AM,Derailment,0,MINNEAPOLIS,MN,45,1,Dawn,Clear,Yard,Light loco(s),5,7449,3600,11049,H307,45.045244,-93.273837,40.1,39.9,42.5
CSX,000178763,2018-09-12,3:01 AM,Other impacts,0,SELKIRK,NY,59,4,Dark,Cloudy,Yard,Single Car,25,27445,96,27541,M407,42.565903,-73.854184,63.5,68.7,72.3
SEPA,SEPA121720,2020-12-17,1:40 AM,Other (describe in narrative),0,EWING TOWNSHIP,NJ,26,4,Dark,Snow,Yard,EMU,0,21116,5948,27064,E78L,40.25975,-74.814068,65.8,65.9,67.8
CSX,000175624,2018-04-01,5:30 AM,Raking collision,0,SELKIRK,NY,35,4,Dark,Clear,Yard,Single Car,0,15562,50,15612,S016,42.575131,-73.862528,43,40.9,34.7
NS,142200,2021-07-11,6:00 PM,Other impacts,0,NEW ORLEANS,LA,72,3,Dusk,Rain,Yard,Single Car,0,0,0,126000,H312,29.975954,-90.044582,83.6,80.9,80.9
BNSF,CH0816119,2016-08-28,4:52 PM,Derailment,0,GALESBURG,IL,78,2,Day,Clear,Yard,Freight Train,6,88114,80718,168832,S011,40.933139,-90.371463,75.3,74.5,75.5
LI,EQ20170202,2017-02-08,3:51 AM,Derailment,0,JAMAICA,NY,41,4,Dark,Rain,Main,EMU,14,11000,300000,311000,H999,40.698647,-73.811252,39.4,48.9,29.9
HESR,HES603018G,2018-03-13,2:30 AM,Hwy-rail crossing,0,SAGINAW,MI,31,4,Dark,Cloudy,Main,Freight Train,8,14000,0,14000,M301,43.437154,-83.94172,27.5,28.8,29.1
LSRC,D230211,2023-02-11,6:00 AM,Derailment,0,ESSEXVILLE,MI,21,1,Dawn,Cloudy,Industry,Freight Train,8,11474,6860,18334,H524,43.618839,-83.837989,32.9,31.9,37.5
BNSF,HL1021123,2021-10-29,11:20 AM,Derailment,0,NORWOOD,MO,40,2,Day,Rain,Main,Freight Train,1,178316,0,178316,M101,37.104064,-92.440301,51.3,48.7,52
BNSF,SF0815111,2015-08-27,3:00 AM,Derailment,0,SPRINGFIELD,MO,70,4,Dark,Clear,Yard,Yard/switching,10,14180,20000,131945,T220,37.227632,-93.328078,71,69.4,71.2
BNSF,CH0420116,2020-04-30,9:45 AM,Derailment,0,CICERO,IL,50,2,Day,Clear,Yard,Light loco(s),5,765,15154,15919,H704,41.836916,-87.774446,53.1,46.6,53.6
UP,0617LV005,2017-06-04,4:20 AM,Other impacts,0,SHREVEPORT,LA,80,4,Dark,Clear,Yard,Yard/switching,4,30895,264,55197,H306,32.366488,-93.643588,77.5,75.6,77.3
CSX,000186347,2019-10-31,9:30 PM,Other impacts,0,CLEVELAND,OH,37,4,Dark,Sleet,Yard,Single Car,3,397,25,11141,M105,41.571338,-81.55684,56,55.8,38.3
CSX,000211864,2023-06-19,11:50 AM,Derailment,0,CORFU,NY,80,2,Day,Clear,Main,Freight Train,55,88446,100,88546,H993,42.950068,-78.444878,65.5,69.3,72.3