reportingrailroadcode,accidentnumber,date,time,accidenttype,hazmatreleasedcars,station,stateabbr,temperature,visibility_code,visibility,weathercondition,tracktype,equipmenttype,trainspeed,equipmentdamagecost,trackdamagecost,totaldamagecost,primaryaccidentcausecode,latitude,longitude,prior_temp,actual_temp,following_temp
NS,144150,2022-01-25,4:30 AM,Other impacts,0,PORTSMOUTH,OH,25,1,Dawn,Clear,Yard,Single Car,4,21805,486,54684,H312,38.736825,-82.957246,29.7,30.2,18.7
BNSF,RD1116103,2016-11-07,5:05 PM,Derailment,0,TULSA,OK,60,2,Day,Rain,Yard,Yard/switching,5,7400,5000,12400,H607,36.116117,-96.012566,59,63,60.8
CSX,000198066,2021-06-07,8:40 AM,Other impacts,0,CINCINNATI,OH,78,2,Day,Rain,Yard,Single Car,19,30721,0,60653,M407,39.136434,-84.542418,71.6,73.7,73.7
UP,1217KC012,2017-12-11,11:00 PM,Derailment,0,HOOKER,OK,30,4,Dark,Clear,Industry,Freight Train,9,15813,99,15912,H306,36.807915,-101.288574,43.3,43.3,40.5
SLWC,191030001,2019-10-30,12:15 AM,Derailment,0,OKLAHOMA CITY,OK,36,4,Dark,Sleet,Industry,Freight Train,6,48000,11993,59993,M404,35.473561,-97.440654,35,34.6,33.6
UP,0415PD004,2015-04-02,12:30 PM,Derailment,0,OAKRIDGE,OR,65,2,Day,Clear,Siding,Maint./inspect Car,3,8463,3148,11611,H702,43.746963,-122.45271,45.5,46.1,44.3
MNCW,69480,2019-03-25,12:48 PM,Hwy-rail crossing,0,PAWLING,NY,55,2,Day,Clear,Main,Commuter Train - Pushing,57,550000,31267,581267,M304,41.574815,-73.594428,42.1,45.3,35.6
BRC,014527,2022-03-21,5:35 PM,Other impacts,0,BEDFORD PARK,IL,65,2,Day,Cloudy,Yard,Cut of cars,6,15132,0,15690,H019,41.7679,-87.75699,49.3,60.9,55.5
CSX,000175144,2018-03-07,2:35 AM,Other impacts,0,SELKIRK,NY,30,4,Dark,Snow,Yard,Single Car,0,57300,50,57350,S016,42.565903,-73.854184,33.7,31.5,31.5
NS,137357,2020-03-02,8:00 PM,Other impacts,0,DECATUR,IL,45,4,Dark,Clear,Yard,Yard/switching,4,174213,1427,278603,H018,39.862598,-88.881305,48.3,46.4,44.8
CSX,000217650,2024-04-25,11:01 AM,Hwy-rail crossing,0,HAMLER,OH,62,2,Day,Clear,Main,Freight Train,29,400,13976,14376,M302,41.225415,-84.007241,45.6,43.2,50.7
UP,0919MA033,2019-09-17,12:50 PM,Derailment,0,NORTH LITTLE ROCK,AR,93,2,Day,Clear,Yard,Freight Train,4,262,11173,11435,T221,34.770088,-92.235353,82.6,83.3,83
MCCP,3202020,2020-03-20,7:45 AM,Derailment,0,MUSKOGEE,OK,45,2,Day,Clear,Industry,Yard/switching,5,0,21000,21000,H703,35.471011,-95.180861,65,47.9,44.6
MNCW,72767,2020-08-08,1:45 PM,Obstruction,0,PATTERSON,NY,78,2,Day,Cloudy,Main,Spec. MoW Equip.,0,20000,0,23495,H607,41.484691,-73.610991,71.5,74.1,76.5
GTW,1099934,2022-04-15,8:30 PM,Derailment,0,TOLEDO,OH,46,4,Dark,Cloudy,Yard,Freight Train,5,84512,12755,97267,H307,41.73049,-83.503901,54,51.9,46.2
WE,230024,2023-04-01,2:55 PM,Obstruction,0,CHATFIELD,OH,59,2,Day,Rain,Main,Freight Train,36,89748,16588,106336,M102,40.964879,-83.01681,50.4,48.4,38.5
NS,126733,2017-09-22,7:40 AM,Derailment,0,MELVINDALE,MI,72,1,Dawn,Clear,Yard,Work train,4,12310,0,12310,E39C,42.273714,-83.191677,75.4,76,75.7
BNSO,CH1115105,2015-11-13,8:32 AM,Derailment,0,CHICAGO,IL,47,1,Dawn,Clear,Yard,Light loco(s),5,50000,0,180500,H307,41.871897,-87.638174,46.7,41.4,44.2
UP,0220HL001,2020-02-02,6:23 PM,Hwy-rail crossing,0,KINGFISHER,OK,64,3,Dusk,Clear,Main,Freight Train,40,13195,0,13195,M302,35.798714,-97.944594,45.1,56.6,50.8
ATK,161078,2019-09-13,9:10 AM,Obstruction,0,LAGUNA,NM,77,2,Day,Clear,Main,Passenger Train - Pulling,58,16246,0,16246,M404,35.0451,-107.3935,71.3,71.6,71.4
BNSF,NW0516112,2016-05-29,2:15 AM,Derailment,0,PORTLAND,OR,60,4,Dark,Clear,Yard,Yard/switching,3,385,20000,20385,H702,45.560021,-122.740569,59.6,61.6,62.3
NS,135326,2019-08-30,3:10 PM,Other impacts,0,BALTIMORE,MD,72,2,Day,Clear,Yard,Freight Train,6,70011,0,70011,H996,39.286565,-76.559737,73.4,75.6,77.3
NS,151858,2022-12-29,12:00 AM,Other impacts,0,DES MOINES,MO,38,4,Dark,Clear,Yard,Single Car,0,11558,0,16043,H302,39.446489,-92.435279,47.1,34.4,32.2
ARR,2021075,2021-04-26,3:00 PM,Raking collision,0,FAIRBANKS,AK,50,2,Day,Clear,Industry,Yard/switching,5,60000,0,60000,H307,64.75,-147.36,45.7,43.6,40.7
LI,74126,2021-02-20,2:50 PM,Derailment,0,JAMAICA,NY,34,2,Day,Clear,Yard,Single Car,3,15814,13365,29179,M507,40.698028,-73.81588,30.7,31.5,30.1
UP,0820GC027,2020-08-14,3:10 PM,Derailment,0,WESTLAKE,LA,93,2,Day,Clear,Industry,Freight Train,6,18053,92594,110647,T221,30.238054,-93.27088,84.9,86,86.6
CSX,000170507,2017-07-25,11:33 PM,Derailment,0,BIRMINGHAM,AL,74,4,Dark,Cloudy,Yard,Yard/switching,3,122462,13553,136015,H999,33.543607,-86.790089,78.1,81.3,80.5
BNSF,CH0521114,2021-05-28,4:10 AM,Derailment,0,HARDIN,MO,55,1,Dawn,Cloudy,Main,Freight Train,50,1000,50000,51000,E60C,39.287104,-93.760035,68.1,54.8,54.5
BLF,20190198,2019-05-18,3:10 PM,Other (describe in narrative),0,LAKE WORTH,FL,80,2,Day,Clear,Main,Passenger Train - Pulling,79,11632,0,11632,M599,26.506196,-80.054772,78.6,79.5,81.3
BNSF,SW0119107,2019-01-06,1:41 AM,Side collision,0,GALLUP,NM,23,4,Dark,Cloudy,Yard,Yard/switching,10,22179,5000,82625,H306,35.525798,-108.752418,20.6,33.6,30.3
NS,121560,2016-08-04,10:30 PM,Derailment,0,CHICAGO,IL,78,4,Dark,Clear,Yard,Freight Train,5,60000,38552,98552,H702,41.772867,-87.617149,81.4,83.1,78.5
UP,0515NP015,2015-05-13,5:45 PM,Other impacts,0,NORTH PLATTE,NE,60,2,Day,Rain,Yard,Cut of cars,0,0,0,12319,S007,41.150601,-100.845587,52.1,59.3,61.9
CSX,000173652,2017-12-26,8:40 PM,Derailment,0,UTICA,NY,12,4,Dark,Clear,Yard,Freight Train,7,26310,0,78286,H702,43.106118,-75.227386,25.8,14.7,7.3
CSX,000198066,2021-06-07,8:40 AM,Other impacts,0,CINCINNATI,OH,78,2,Day,Rain,Yard,Single Car,18,29932,0,60653,M407,39.136434,-84.542418,71.6,73.7,73.7
NS,113940,2015-01-21,1:45 AM,Derailment,0,MORAINE,OH,38,4,Dark,Clear,Yard,Freight Train,4,31649,6133,37782,H302,39.706191,-84.218683,40.1,39,33.4
GRW,57,2014-12-12,12:30 AM,Derailment,0,GARY,IN,27,4,Dark,Cloudy,Yard,Freight Train,2,5795,5174,16143,E34C,41.612595,-87.354414,28.5,29.3,41.8
CSX,000169140,2017-05-24,8:20 PM,Derailment,0,CUMBERLAND,MD,59,4,Dark,Rain,Yard,Yard/switching,5,24390,0,24390,E34C,39.638815,-78.766831,58.1,59,60
UP,1216WH005,2016-12-15,5:39 PM,Fire/violent rupture,0,ROLAND,OK,37,2,Day,Cloudy,Main,Freight Train,40,20264,0,20264,E79L,35.415833,-94.543697,38.1,34,40.4
CSX,000166658,2017-02-09,3:45 AM,Other impacts,0,SELKIRK,NY,24,4,Dark,Snow,Yard,Yard/switching,1,55772,0,68910,H607,42.565903,-73.854184,36.3,19.1,15.5
NS,140289,2021-01-18,12:15 AM,Other (describe in narrative),0,BELLEVUE,OH,27,4,Dark,Clear,Yard,Cut of cars,5,0,13782,20066,E30C,41.29034,-82.788151,33.5,30.4,30.3
BNSF,CH0618120,2018-06-02,12:15 PM,Fire/violent rupture,0,LA PLATA,MO,78,2,Day,Clear,Main,,0,0,0,326281,E79L,40.012371,-92.561923,81.4,73.3,69.3
ATK,180943,2024-07-01,10:51 AM,Hwy-rail crossing,0,RATON,NM,78,2,Day,Clear,Main,Passenger Train - Pulling,74,12464,0,12464,M302,36.862491,-104.45735,71.2,75.2,73.4
NJTR,201806316,2018-01-31,6:15 AM,Obstruction,0,NEW BRUNSWICK,NJ,35,1,Dawn,Clear,Yard,EMU,5,13609,0,13609,M507,0,0,31.6,24.8,36.6
CRSH,128011,2018-01-04,7:52 PM,Derailment,0,CAMDEN,NJ,15,3,Dusk,Cloudy,Yard,Yard/switching,8,61554,1500,63054,M101,39.950659,-75.092428,22.3,24.2,14.1
UP,0323GC003,2023-03-07,1:02 AM,Other impacts,0,MARINGOUIN,LA,70,4,Dark,Clear,Yard,Light loco(s),5,28782,0,49908,H306,30.519816,-91.548197,71.9,75,74.6
NS,129146,2018-04-13,10:20 AM,Derailment,0,PORTAGE,IN,57,2,Day,Clear,Main,Freight Train,43,775,15881,16656,E53C,41.610666,-87.221325,60,52.3,44.2
ATK,155211,2018-09-09,8:30 AM,Hwy-rail crossing,0,OKLAHOMA CITY,OK,63,2,Day,Rain,Main,Passenger Train - Pulling,40,30,0,200030,M304,35.435297,-97.508767,70.1,66.4,66
UP,0815KC003,2015-08-04,6:04 AM,Hwy-rail crossing,0,LEAVENWORTH,KS,75,1,Dawn,Cloudy,Main,Freight Train,38,11397,50,11447,M303,39.355991,-94.91349,79.2,76,72.5
CRSH,146694,2022-12-18,9:15 PM,Derailment,0,NEWARK,NJ,30,4,Dark,Clear,Siding,Freight Train,9,6346,75025,81371,T211,40.712091,-74.185763,40.8,36.3,34.3
MNCW,74933,2021-06-04,6:40 AM,Other impacts,0,SOUTHEAST,NY,67,2,Day,Cloudy,Yard,EMU,0,14518,0,15954,H399,41.40782,-73.622622,64.7,71.3,76.7
KCS,16062402,2016-06-24,12:49 PM,Hwy-rail crossing,0,WESTVILLE,OK,75,2,Day,Clear,Main,Freight Train,36,24815,10001,34816,M303,36.04584,-94.58023,84.3,81.3,81.9
CRSH,138524,2020-07-13,10:36 PM,Derailment,0,CAMDEN,NJ,79,4,Dark,Clear,Yard,Yard/switching,3,22900,1000,23900,E30C,39.9507,-75.093515,81.3,78.5,78.5
CSX,000170820,2017-08-09,6:20 PM,Derailment,0,SELKIRK,NY,73,3,Dusk,Cloudy,Yard,Freight Train,1,9889,948,10837,E23C,42.565903,-73.854184,67.4,67.5,71.9
UP,1215WH002,2015-12-02,9:40 AM,Hwy-rail crossing,0,LENAPAH,OK,50,2,Day,Clear,Main,Freight Train,41,13396,600,13996,M308,36.901847,-95.637095,38.3,38.8,36.4
BNSF,CH0818107,2018-08-14,2:30 PM,Derailment,0,HODGKINS,IL,83,2,Day,Clear,Yard,Freight Train,2,15264,1500,16764,H704,41.753951,-87.870482,78.1,80.1,78.7
BNSF,CH1015202,2015-10-18,6:21 AM,Hwy-rail crossing,0,ELWOOD,IL,32,1,Dawn,Clear,Main,,0,0,28400,43251,M302,41.325185,-88.237438,41.2,43.6,59
CSX,000191296,2020-07-11,1:04 PM,Side collision,0,NORTH BERGEN,NJ,85,2,Day,Cloudy,Yard,Yard/switching,6,50,0,11562,H318,40.806954,-74.021372,75.1,77.4,79.3
NJTR,201708331,2017-08-22,12:45 AM,Derailment,0,PORT JERVIS,NY,78,4,Dark,Clear,Yard,Yard/switching,4,52424,0,128299,H704,41.378465,-74.698399,71.7,76.8,70.8
MNCW,69390,2018-11-16,5:30 PM,Obstruction,0,NEW YORK NEW YORK,NY,39,2,Day,Cloudy,Main,EMU,3,43999,0,43999,H025,40.751366,-73.973174,32.4,40.4,43.1
BNSF,TC0222108,2022-02-17,8:55 AM,Derailment,0,FRAZEE,MN,-15,1,Dawn,Cloudy,Main,Freight Train,59,1603343,347989,2317435,T221,46.745069,-95.749155,8.9,-7.8,5.1
IHB,2340,2017-08-20,2:30 AM,Other impacts,0,HAMMOND,IN,62,4,Dark,Clear,Yard,Cut of cars,4,24250,0,24250,H316,41.604595,-87.508921,72.8,74.1,77
WE,210059,2021-08-27,9:30 PM,Derailment,0,LEESVILLE,OH,90,2,Day,Clear,Industry,Freight Train,5,31250,0,31250,M101,40.350472,-80.91243,77.3,77.4,78.6
NS,156490,2024-04-25,5:24 PM,Other (describe in narrative),0,HATTIESBURG,MS,70,3,Dusk,Clear,Siding,Freight Train,25,3200,284000,287200,E89C,31.330838,-89.282983,67.3,71.6,71.6
BNSF,CH0224106,2024-02-13,10:50 PM,Derailment,0,GALESBURG,IL,48,4,Dark,Clear,Yard,Yard/switching,5,14900,24982,39882,E36C,40.902574,-90.3864,32.4,34,39.8
NS,142313,2021-07-22,5:05 PM,Derailment,0,HARRODSBURG,KY,75,3,Dusk,Clear,Main,Freight Train,2,253668,2984,256652,H505,37.746727,-84.82193,74.8,72.9,72.1
ATK,178974,2024-03-25,4:12 PM,Obstruction,0,BENTONIA,MS,13,2,Day,Clear,Main,Passenger Train - Pulling,64,26870,0,26870,M404,32.649952,-90.05974,56.5,64.7,60
WC,1075097,2021-06-28,5:57 PM,Other impacts,0,GARY,IN,81,2,Day,Cloudy,Yard,Single Car,3,11960,0,11996,S016,41.629483,-87.406394,76.7,73.8,75.6
BNSF,HL0724124,2024-07-31,5:29 PM,Derailment,0,LINCOLN,NE,80,3,Dusk,Rain,Yard,Cut of cars,8,34491,2000,36491,M105,40.864433,-96.628372,84.9,81.4,76.5
UP,0316WH007,2016-03-17,2:15 PM,Fire/violent rupture,0,FORT GIBSON,OK,65,2,Day,Cloudy,Main,Freight Train,30,39604,0,39604,E73L,35.739074,-95.215174,54.1,54.9,47.4
ATK,152821,2018-04-18,11:52 AM,Hwy-rail crossing,0,PONCHATOULA,LA,75,2,Day,Clear,Main,Passenger Train - Pulling,40,299,0,16649,M308,30.438804,-90.441322,62,69.2,65.6
NS,155852,2024-02-23,12:23 PM,Other impacts,0,BELLEVUE,OH,50,2,Day,Cloudy,Yard,Single Car,17,2834,0,47392,M411,41.288396,-82.79731,46,41.1,25.1
ATK,168692,2021-10-15,7:05 PM,Hwy-rail crossing,0,THACKERVILLE,OK,70,3,Dusk,Clear,Main,Passenger Train - Pulling,69,133480,0,197778,M303,33.838749,-97.130777,68.9,65.2,56.3
MNCW,73468,2020-10-06,8:15 PM,Other impacts,0,CROTON ON HUDSON,NY,65,4,Dark,Clear,Yard,Cut of cars,0,2158,0,32926,E39C,41.194932,-73.885425,57,58.8,61.9
NS,135644,2019-09-27,10:00 AM,Other impacts,0,EVENDALE,OH,85,2,Day,Clear,Main,Freight Train,16,4793,0,11004,H306,39.264559,-84.433217,69.8,67.8,79.2
NS,135722,2019-10-02,1:47 PM,Other impacts,0,CINCINNATI,OH,92,2,Day,Clear,Yard,Freight Train,8,5429,0,25429,H318,39.105024,-84.539754,78.2,78.7,77.2
UP,0223MA033,2023-02-14,12:52 PM,Other (describe in narrative),0,MONROE,LA,64,2,Day,Cloudy,Yard,Single Car,0,12019,0,12019,M507,32.477431,-92.106864,54.7,61.3,69
BNSF,SW0321105,2021-03-13,8:45 PM,Derailment,0,CLOVIS,NM,55,3,Dusk,Clear,Yard,Yard/switching,8,9489,13500,32478,H306,34.39651,-103.19772,58.3,56.7,44.9
MNCW,2017062530,2017-06-25,6:26 PM,Other impacts,0,NEW HAVEN,CT,74,2,Day,Cloudy,Yard,Cut of cars,1,16400,500,16900,E78L,41.29832,-72.923825,75.5,71.2,68.9
CSX,000173415,2017-12-13,11:35 AM,Derailment,0,BUFFALO,NY,18,2,Day,Cloudy,Yard,Yard/switching,3,115971,1528,117499,M101,42.901973,-78.773441,23.9,15.9,16.4
IHB,2153,2015-10-11,1:30 AM,Side collision,0,HAMMOND,IN,48,4,Dark,Clear,Yard,Yard/switching,3,0,0,37901,H702,41.61146,-87.497606,52.2,62.4,65.2
CSX,000217645,2024-04-26,10:40 PM,Other (describe in narrative),0,WAYCROSS,GA,65,4,Dark,Clear,Yard,Freight Train,10,44947,16901,64620,H702,31.213509,-82.353557,70.9,71.7,72.1
NS,152978,2023-05-01,9:00 PM,Side collision,0,MACON,GA,70,4,Dark,Clear,Yard,Yard/switching,2,227456,0,462998,H310,32.81373,-83.622794,67,61.9,63.3
UP,0719PR034,2019-07-25,5:45 PM,Derailment,0,CHICAGO,IL,84,2,Day,Clear,Yard,Freight Train,3,159,0,17446,H306,41.820727,-87.670097,72,74.9,76.9
CSX,000198985,2021-07-20,9:00 PM,Derailment,0,ELIZABETHTOWN,KY,75,3,Dusk,Clear,Main,Freight Train,23,467212,107900,575112,H504,37.764356,-85.794534,74.6,75,75.4
UP,1222ES018,2022-12-09,2:00 PM,Obstruction,0,CANEY,OK,63,2,Day,Cloudy,Main,Spec. MoW Equip.,0,19094,0,22579,H402,34.236794,-96.209884,58.8,59.2,57.7
PW,PWR198117R,2017-01-24,7:11 PM,Derailment,0,GARDNER,MA,33,4,Dark,Rain,Yard,Yard/switching,3,0,0,18127,H704,42.253153,-71.807864,31.9,32.3,35.9
GTW,1136732,2023-07-22,4:20 AM,Obstruction,0,VALPARAISO,IN,64,4,Dark,Clear,Main,Freight Train,28,958267,279478,1237745,M402,41.476432,-87.053947,69.3,67.7,71.2
WE,220009,2022-02-06,11:45 PM,Other (describe in narrative),0,CADIZ,OH,32,4,Dark,Clear,Siding,Light loco(s),10,36549,0,36549,H299,40.25905,-81.02874,16.3,20.7,31.1
BRC,14234,2019-02-10,7:00 AM,Derailment,0,BEDFORD PARK,IL,18,1,Dawn,Clear,Yard,Cut of cars,3,15932,0,15932,M411,41.767327,-87.773745,16,26,30.2
UP,0121PN005,2021-01-06,1:24 AM,Obstruction,0,CANBY,OR,46,4,Dark,Rain,Main,Freight Train,32,765246,210927,976173,M404,45.295047,-122.656993,44.7,47.6,44.9
ATK,144660,2016-10-15,2:47 PM,Obstruction,0,SALEM,OR,61,2,Day,Clear,Main,Passenger Train - Pulling,71,23283,0,23433,M404,44.859095,-122.9654,57.7,56.1,53.3
IC,945949,2018-01-03,10:30 AM,Other (describe in narrative),0,CONVENT,LA,59,2,Day,Cloudy,Industry,Freight Train,5,26876,0,26876,M501,30.045161,-90.831705,29.9,35.6,36.6
UP,1017LV003,2017-10-03,5:40 AM,Side collision,0,PORT ALLEN,LA,70,1,Dawn,Cloudy,Industry,Light loco(s),0,38000,0,41154,H605,30.485242,-91.211775,74.1,77.4,74.9
NS,132608,2019-01-27,1:04 AM,Derailment,0,ROSEDALE,MD,25,4,Dark,Clear,Main,Freight Train,6,15331,262244,492905,M409,39.309497,-76.498541,29.8,35.3,31.8
UP,0319HL028,2019-03-22,9:10 PM,Other impacts,0,KANSAS CITY,KS,54,4,Dark,Cloudy,Yard,Single Car,0,100,0,22018,H312,39.09771,-94.667747,47,51.3,54.8
ATK,149836,2017-10-08,11:59 AM,Obstruction,0,LEEDS,AL,75,2,Day,Rain,Main,Passenger Train - Pulling,49,27829,0,27829,M404,33.540934,-86.532618,76.5,76,77.6
ATK,162161,2019-12-02,5:35 AM,Side collision,0,RENSSELAER,NY,28,4,Dark,Snow,Yard,Yard/switching,5,5337,0,12658,H212,42.64125,-73.741187,21.7,30.2,27.7
BNSF,RD1021205,2021-10-15,7:05 PM,Hwy-rail crossing,0,THACKERVILLE,OK,70,3,Dusk,Clear,Main,,0,0,64298,197778,M303,33.838749,-97.130777,68.9,65.2,56.3
WC,920602,2017-04-26,2:10 PM,Other impacts,0,GARY,IN,76,2,Day,Clear,Yard,Yard/switching,8,21442,0,21442,H99B,41.616461,-87.367189,66.1,69.4,51
NJTR,201911620,2019-11-11,4:07 AM,Derailment,0,HOBOKEN,NJ,59,4,Dark,Clear,Yard,Yard/switching,8,13981,2587,16568,H704,40.735467,-74.035259,44.9,53.7,41.5
BNSF,CH0620102,2020-06-07,3:03 AM,Derailment,0,SUGAR CREEK,MO,76,4,Dark,Clear,Main,Freight Train,10,271348,600000,871348,H607,39.116789,-94.46417,84.3,84.1,83.5
KCS,21050401,2021-05-04,5:40 AM,Derailment,0,MARSHALL,MO,55,4,Dark,Cloudy,Main,Freight Train,1,22507,485,22992,H707,39.122373,-93.2116,65.7,55.2,55.2
BNSF,CH0721106,2021-07-08,8:55 PM,Derailment,0,MARCELINE,MO,68,3,Dusk,Clear,Main,Freight Train,53,1884750,1520000,3404750,H504,39.742359,-92.925334,75.7,72.6,76.4
MNCW,2015011327,2015-01-13,8:40 PM,Other (describe in narrative),0,PELHAM,NY,22,4,Dark,Clear,Main,Commuter Train - Pulling,30,14000,0,14000,E78L,40.910299,-73.810189,35.8,24.9,23.6
UP,0918KC012,2018-09-18,11:14 AM,Derailment,0,KANSAS CITY,MO,86,2,Day,Clear,Yard,Freight Train,1,18620,6178,24798,H702,39.11989,-94.53495,81.4,84.6,85.3
ITSL,ITSL1510,2015-12-11,7:20 PM,Derailment,0,SANTA TERESA,NM,59,4,Dark,Clear,Yard,Yard/switching,4,0,30000,30000,H702,31.891016,-106.730635,55.7,62.5,48.8
CSX,000185069,2019-08-31,12:00 AM,Other impacts,0,CINCINNATI,OH,84,4,Dark,Clear,Yard,Light loco(s),4,11449,0,11449,H302,39.124551,-84.542521,73.1,70.5,71.8
UP,0121PN030,2021-01-24,10:00 PM,Derailment,0,EUGENE,OR,38,4,Dark,Clear,Yard,,0,0,12132,31922,H602,44.065595,-123.125564,36.1,38.4,36.8
UP,0724GP031,2024-07-24,7:20 PM,Derailment,0,NORTH PLATTE,NE,91,3,Dusk,Clear,Yard,Yard/switching,4,75046,195086,270132,H702,41.146496,-100.823763,72.1,75.8,79.9
CSX,000168585,2017-04-29,2:27 AM,Side collision,0,BIRMINGHAM,AL,75,4,Dark,Clear,Yard,Yard/switching,5,10000,0,13000,H607,33.543607,-86.79009,76,79.2,72.9
BNSF,SW1218103,2018-12-08,6:45 AM,Derailment,0,CLOVIS,NM,27,1,Dawn,Clear,Yard,Freight Train,6,1165,43698,44863,H607,34.395741,-103.179479,31.7,32.5,33.6
IC,1068735,2021-04-28,1:25 PM,Derailment,0,CHICAGO,IL,48,2,Day,Rain,Yard,Yard/switching,3,31160,1493,32653,H317,41.812142,-87.75754,72.5,49.2,54.2
BNSF,GC0316113,2016-03-23,11:15 PM,Derailment,0,LAFAYETTE,LA,68,4,Dark,Clear,Yard,Yard/switching,7,61008,135937,196945,E04C,30.235442,-92.058321,56.9,67.7,69.1
BNSF,RD1221111,2021-12-15,1:20 PM,Derailment,0,CARMEN,OK,73,2,Day,Clear,Main,Freight Train,32,1003149,200000,1203149,M105,36.557014,-98.408215,55.9,64.4,41
NS,143295,2021-10-27,11:55 PM,Side collision,0,EAST CANTON,OH,63,4,Dark,Cloudy,Yard,Cut of cars,4,61101,0,66101,H020,40.818929,-81.313846,48.7,51.2,55.9
UP,0716ES008,2016-07-14,8:30 AM,Derailment,0,JEFFERSON,OR,65,2,Day,Clear,Main,Spec. MoW Equip.,3,30345,0,30345,E29C,44.719662,-123.006806,68,68.2,64
CRSH,146817,2023-12-29,3:11 AM,Other (describe in narrative),0,CAMDEN,NJ,39,4,Dark,Cloudy,Yard,Yard/switching,6,173644,91,173735,E30C,40.813055,-75.310277,52.2,48.7,43
UP,0417PR005,2017-04-03,2:00 PM,Other impacts,0,NORTHLAKE,IL,40,2,Day,Rain,Yard,Cut of cars,1,269,0,79892,M411,41.899692,-87.908588,50.4,49.1,49.1
CSX,000185069,2019-08-31,12:00 AM,Other impacts,0,CINCINNATI,OH,84,4,Dark,Clear,Yard,Cut of cars,0,0,0,11449,H302,39.124551,-84.542521,73.1,70.5,71.8
KO,20160218,2016-02-17,3:00 PM,Fire/violent rupture,0,RAGO,KS,78,2,Day,Clear,Main,Freight Train,9,0,12892,12892,H599,37.472335,-98.090885,47,49,62.2
UP,0518LV015,2018-05-14,2:55 AM,Derailment,0,ALEXANDRIA,LA,85,4,Dark,Clear,Yard,Light loco(s),4,7000,7938,14938,H702,31.273453,-92.439562,79.4,79.5,79.8
MNCW,75627,2021-09-27,7:50 PM,Other impacts,0,CROTON ON HUDSON,NY,71,4,Dark,Cloudy,Yard,EMU,0,24969,0,74907,M507,41.194062,-73.885143,62.3,66.1,65.3
BNSF,RD0118122,2018-01-25,9:11 AM,Derailment,0,TULSA,OK,60,2,Day,Clear,Yard,Yard/switching,17,52377,0,52377,S016,36.122667,-96.011156,41.7,52.7,54.1
CSX,000211017,2023-04-27,9:45 AM,Derailment,0,CINCINNATI,OH,57,2,Day,Cloudy,Yard,Yard/switching,3,32562,944,33506,H702,39.136431,-84.542413,51.8,52.9,55.3
SW,SWC42815DF,2015-04-28,6:24 AM,Head on collision,0,ROSWELL,NM,50,1,Dawn,Clear,Siding,Freight Train,37,1498000,286000,2386000,H702,33.262048,-104.418854,51.1,55.5,58
BNSF,RD0119127,2019-01-24,3:00 AM,Derailment,0,ENID,OK,35,4,Dark,Clear,Yard,Yard/switching,3,8000,4500,12500,H607,36.411549,-97.866386,29,31.7,26.9
WC,1056007,2020-12-05,3:30 PM,Derailment,0,PLAINFIELD,IL,40,2,Day,Clear,Main,,0,0,10053,10053,M503,41.60888,-88.1925,35.9,32.2,34.3
CSX,000161397,2016-07-17,1:20 AM,Derailment,0,CHICAGO,IL,78,4,Dark,Clear,Industry,Yard/switching,1,37106,125254,470393,S006,41.779543,-87.679338,69.5,74.8,78.4
CSX,000183732,2019-06-22,1:50 PM,Side collision,0,SELKIRK,NY,75,2,Day,Clear,Yard,Yard/switching,5,212107,250,212357,H306,42.565903,-73.854184,67.2,66.7,69.5
UP,0323HL024,2023-03-21,9:59 AM,Other impacts,0,HERINGTON,KS,42,2,Day,Cloudy,Yard,Yard/switching,4,1042,250,27232,H312,38.682018,-96.948895,49.2,47.6,50.6
CSX,000183222,2019-05-28,5:54 AM,Derailment,0,NEW LONDON,OH,60,1,Dawn,Clear,Main,Freight Train,40,1777307,437258,2214565,E59L,41.115208,-82.329678,64.9,72.7,68.7
NJTR,202007235,2020-07-10,3:20 PM,Obstruction,0,PARSIPPANY,NJ,85,2,Day,Rain,Main,Commuter Train - Pulling,40,14273,0,14273,M404,40.866417,-74.476826,80.2,75.6,79
UP,1223RM011,2023-12-14,2:31 PM,Derailment,0,POCATELLO,ID,30,2,Day,Cloudy,Yard,Yard/switching,7,11408,4814,16222,H306,42.866283,-112.452586,27.9,28.5,23.3
BNSF,RD0923105,2023-09-04,2:05 AM,Derailment,0,TULSA,OK,80,4,Dark,Clear,Yard,Freight Train,9,22015,44000,66015,H505,36.135207,-96.0089,83.7,85.9,87.2
UP,0424MA015,2024-04-09,9:45 PM,Derailment,0,ST LOUIS,MO,64,4,Dark,Cloudy,Yard,Yard/switching,3,56399,0,56399,H703,38.605753,-90.194029,61.7,63.4,57
UP,1023GC027,2023-10-21,4:43 PM,Other impacts,0,MARINGOUIN,LA,89,2,Day,Clear,Yard,Single Car,5,41915,0,42488,M411,30.527479,-91.556529,73,70.4,71
UP,0822GL014,2022-08-07,12:00 PM,Other (describe in narrative),0,BOONE,IA,81,2,Day,Cloudy,Yard,Single Car,0,28373,0,28373,M507,42.063408,-93.866487,81.5,78.8,70.8