reportingrailroadcode,accidentnumber,date,time,accidenttype,hazmatreleasedcars,station,stateabbr,temperature,visibility_code,visibility,weathercondition,tracktype,equipmenttype,trainspeed,equipmentdamagecost,trackdamagecost,totaldamagecost,primaryaccidentcausecode,latitude,longitude,prior_temp,actual_temp,following_temp
UP,0820PR012,2020-08-20,11:55 PM,Other impacts,0,CHICAGO,IL,74,4,Dark,Cloudy,Yard,Freight Train,6,9187,99,14134,H307,41.86178,-87.682363,71.8,74.8,76.9
MNCW,2019131,2019-08-26,7:22 PM,Other impacts,0,CROTON ON HUDSON,NY,62,3,Dusk,Clear,Yard,Cut of cars,0,7865,0,15581,E29C,41.192472,-73.885571,66.6,63.6,64.2
UP,0520PN013,2020-05-19,4:36 AM,Derailment,0,PORTLAND,OR,53,1,Dawn,Cloudy,Yard,Yard/switching,4,102463,47798,150261,M101,45.606379,-122.7665,56.9,57.1,55.3
UP,1122GP016,2022-11-21,9:20 AM,Derailment,0,NORTH PLATTE,NE,21,2,Day,Clear,Yard,Yard/switching,5,7327,122314,129641,H702,41.146782,-100.827885,28.1,28.6,31.9
NS,138039,2020-05-25,11:00 AM,Other impacts,0,GREENSBORO,NC,66,2,Day,Clear,Yard,Yard/switching,3,70827,0,70827,H310,36.063025,-79.815687,73.1,66.2,70.2
WE,200069,2020-07-19,11:15 AM,Derailment,0,CANTON,OH,90,2,Day,Clear,Yard,Yard/switching,5,7942,5304,13246,H702,40.766729,-81.422056,81.3,82.8,78.9
UP,1217NP015,2017-12-24,5:33 AM,Derailment,0,SIDNEY,NE,-15,4,Dark,Cloudy,Main,Freight Train,36,752503,144690,897193,T221,41.152991,-103.042956,15.1,-0.4,7.6
PAL,2022JAN3D,2022-01-29,2:00 PM,Derailment,0,MADISONVILLE,KY,32,2,Day,Clear,Industry,Freight Train,5,23108,250000,273108,E85C,37.3164,-87.5598,30.7,23,35.6
WE,160036,2016-04-04,4:15 AM,Derailment,0,BREWSTER,OH,40,4,Dark,Clear,Yard,Yard/switching,5,162000,3292,165292,H306,40.713817,-81.606006,33.9,40.2,29.3
CSX,000161051,2016-07-05,1:50 AM,Side collision,0,SELKIRK,NY,68,4,Dark,Rain,Yard,Cut of cars,2,147563,1060,404079,H020,42.565903,-73.854184,71.5,76,76.9
LI,72325,2020-05-11,2:59 PM,Obstruction,0,HOLLIS,NY,55,2,Day,Clear,Main,EMU,70,149,12021,12170,M404,40.712349,-73.757949,51.6,52.5,51.5
CSX,000202198,2020-05-21,3:35 PM,Obstruction,0,WEST SPRINGFIELD,MA,70,2,Day,Clear,Main,,0,0,0,12641,M404,42.101332,-72.599464,57.1,57.8,66.7
MCRL,MC211202B,2021-12-02,6:20 PM,Other (describe in narrative),0,WAREHAM,MA,53,4,Dark,Cloudy,Main,Freight Train,5,206950,0,206950,H601,41.7917,-70.77075,36.6,49.2,40.3
SKOL,180831004,2018-08-31,9:00 PM,Derailment,0,TULSA,OK,82,3,Dusk,Clear,Main,Freight Train,5,29000,40000,69000,H507,36.257123,-95.856278,81.7,83.7,84.9
BNSF,TC0415108,2015-04-12,1:32 AM,Derailment,0,MINNEAPOLIS,MN,65,4,Dark,Clear,Yard,Freight Train,5,8000,142998,150998,H513,45.070354,-93.271526,52.2,62.8,55.1
NS,151513,2022-11-20,6:04 AM,Other (describe in narrative),0,CINCINNATI,OH,24,1,Dawn,Clear,Yard,Freight Train,5,5588,10763,45184,H702,39.106123,-84.539969,27.4,26,31.2
UP,0519HL045,2019-05-31,3:17 PM,Derailment,0,KANSAS CITY,MO,80,2,Day,Clear,Main,Freight Train,19,145966,201058,347024,E42C,39.121089,-94.511079,67.4,71.3,75.8
UP,0618KC030,2018-06-21,1:35 PM,Derailment,0,WICHITA,KS,85,2,Day,Clear,Yard,Yard/switching,7,9511,18135,27646,H505,37.735882,-97.316898,76.2,76.1,71.9
LI,EQ20171002,2017-10-30,1:15 AM,Obstruction,0,FARMINGDALE,NY,55,4,Dark,Rain,Main,EMU,70,88498,0,88498,M105,40.745029,-73.400989,63.7,55.5,51.9
NS,142472,2021-08-08,5:15 PM,Derailment,0,CINCINNATI,OH,90,3,Dusk,Clear,Yard,Single Car,0,0,0,13336,H503,39.105834,-84.539912,76,76.8,74
CSX,000170319,2017-07-18,6:28 PM,Derailment,0,BIRMINGHAM,AL,88,2,Day,Clear,Yard,Yard/switching,8,17600,220,19820,H607,33.543607,-86.790089,79.6,80.7,83.4
WC,1147194,2024-03-26,1:10 PM,Other impacts,0,GARY,IN,49,2,Day,Cloudy,Yard,Yard/switching,5,25000,0,25000,M599,41.618605,-87.368741,54.4,46.9,34.9
BNSF,RD0918204,2018-09-09,8:30 AM,Hwy-rail crossing,0,OKLAHOMA CITY,OK,63,1,Dawn,Clear,Main,,0,0,200000,200030,M304,35.435297,-97.508768,70.1,66.4,66
NS,156602,2024-05-05,3:30 PM,Other impacts,0,MACON,GA,82,2,Day,Clear,Yard,Light loco(s),0,5005,0,37244,M411,32.81373,-83.622794,72.1,72.6,75.7
ATK,177426,2023-12-01,6:05 PM,Derailment,0,WICKLIFFE,OH,40,4,Dark,Cloudy,Main,Passenger Train - Pulling,77,86330,0,86330,E79L,41.61178,-81.4773,43.6,47.1,47.3
CSX,000210273,2023-03-12,11:00 AM,Side collision,0,WAYCROSS,GA,75,2,Day,Clear,Yard,Yard/switching,4,43599,0,44362,H306,31.21353,-82.353568,58.8,62.8,61.4
UP,1216DV013,2016-12-18,5:55 AM,Derailment,0,DORRANCE,KS,-16,1,Dawn,Cloudy,Main,Freight Train,36,1871040,195218,2066258,T221,38.836756,-98.540421,7.9,0.4,15.2
NJTR,201702069,2017-02-09,7:42 AM,Derailment,0,PORT JERVIS,NY,24,1,Dawn,Snow,Yard,Commuter Train - Pulling,3,29909,0,29909,M101,41.375532,-74.69545,39.9,24.1,21.3
NS,141482,2021-05-08,1:40 AM,Side collision,0,BELLEVUE,OH,41,4,Dark,Rain,Yard,Single Car,2,60000,0,62949,M105,41.28826,-82.800414,47.9,46.6,42.6
CSX,000193674,2020-11-07,10:27 AM,Side collision,0,INDIANAPOLIS,IN,65,2,Day,Clear,Yard,Light loco(s),7,5589,0,58390,H607,39.759791,-86.327526,55.8,56.4,63.5
IMRR,IMR283917D,2017-04-29,5:00 PM,Derailment,0,PAWNEE,IL,50,2,Day,Rain,Main,Freight Train,8,116000,1918,117918,M105,39.590029,-89.590181,53.3,52.8,58.7
BNSF,SF0516114,2016-05-25,5:00 PM,Other impacts,0,TULSA,OK,85,3,Dusk,Clear,Yard,Yard/switching,4,250,0,18750,M408,36.121266,-96.010816,75.2,76.3,79.9
NS,145530,2022-06-13,3:45 AM,Other impacts,0,LEXINGTON,NC,71,4,Dark,Clear,Yard,Yard/switching,2,53590,7884,61474,H312,35.750594,-80.318289,79.1,82.2,80.3
MBTA,5709,2017-05-15,7:17 AM,Hwy-rail crossing,0,KINGSTON,MA,48,1,Dawn,Rain,Main,Passenger Train - Pushing,70,100859,0,100859,M305,42.003961,-70.794764,48.1,51.3,62.9
UP,0516PC004,2016-05-25,9:20 AM,Derailment,0,NAMPA,ID,61,2,Day,Cloudy,Yard,Single Car,0,883,0,187970,M405,43.561995,-116.532532,60.6,62.3,63.8
CSX,000194963,2021-01-13,7:15 AM,Derailment,0,LOUISVILLE,KY,31,2,Day,Clear,Yard,Yard/switching,5,23015,8510,31525,E39C,38.160709,-85.749174,30.7,38.4,43.8
BNSF,HL1220111,2020-12-17,9:54 AM,Side collision,0,SPRINGFIELD,MO,40,2,Day,Clear,Yard,Yard/switching,8,10000,0,26945,H607,37.226888,-93.33132,28.4,34.7,41.5
NS,130818,2018-09-04,11:50 AM,Derailment,0,RAVENNA,OH,90,2,Day,Clear,Main,Light loco(s),5,28,19188,19216,E71L,41.153837,-81.264621,76.7,77.6,78.9
CIND,CIN381317D,2017-07-28,2:30 AM,Derailment,0,CINCINNATI,OH,85,4,Dark,Rain,Main,Freight Train,7,21186,18227,39413,T221,39.101833,-84.544663,76.8,76.2,71
BNSF,TC0515116,2015-05-30,5:41 AM,Derailment,0,MINNEAPOLIS,MN,49,1,Dawn,Clear,Yard,Yard/switching,3,90358,376865,467223,M411,45.027705,-93.268712,65.5,55.5,53.9
BNSF,SW0419107,2019-04-13,9:58 AM,Derailment,0,BELEN,NM,65,2,Day,Clear,Yard,Yard/switching,4,26276,13000,39276,H503,34.656485,-106.768206,45.5,44.9,51.3
BNSF,RD0720201,2020-07-09,1:42 PM,Hwy-rail crossing,0,SUMNER,OK,89,2,Day,Clear,Main,Freight Train,33,30000,100,30100,M302,36.309618,-97.085779,85,83.9,78.2
UP,0221MA022,2021-02-13,5:02 AM,Derailment,0,NORMAL,IL,3,1,Dawn,Snow,Main,Freight Train,24,224106,711124,935230,E65C,40.509302,-88.982778,8.6,3.6,-2.3
SLWC,201029003,2020-10-29,2:20 PM,Derailment,0,BRISTOW,OK,60,2,Day,Clear,Main,Freight Train,10,80000,50000,130000,M202,35.892754,-96.316637,38.6,45.9,47.9
CSX,000155656,2015-12-29,11:15 PM,Side collision,0,NEW ORLEANS,LA,55,4,Dark,Clear,Yard,Light loco(s),3,11041,0,13041,H995,30.005989,-90.019452,64,57,59.3
UP,0416PD005,2016-04-12,3:55 PM,Derailment,0,EUGENE,OR,43,2,Day,Cloudy,Yard,Freight Train,3,58770,26104,84874,M409,44.065121,-123.12136,54.5,52.9,51.9
ATK,152216,2018-03-04,6:38 PM,Other (describe in narrative),0,LONG ISLAND CITY,NY,38,3,Dusk,Clear,Main,Passenger Train - Pulling,40,22985,0,22985,H799,40.744679,-73.948542,41.4,40.2,37.6
UP,1120GC039,2020-11-26,6:40 PM,Other impacts,0,LAKE CHARLES,LA,64,3,Dusk,Cloudy,Yard,Single Car,4,166,0,33540,H318,30.238329,-93.198387,69.8,62.4,69.3
NS,157044,2023-12-02,4:49 AM,Hwy-rail crossing,0,TOLEDO,OH,44,1,Dawn,Rain,Main,,0,0,0,14075,M308,41.587994,-83.4612,46.2,43.7,42.8
BNSF,RD0323118,2023-03-18,5:05 PM,Derailment,0,MOORE,OK,45,3,Dusk,Clear,Yard,Yard/switching,8,39814,800,40614,H307,35.380705,-97.482861,39.8,37.2,35.3
BNSF,RD0523108,2023-05-11,3:54 AM,Derailment,0,REDROCK,OK,75,4,Dark,Clear,Main,Freight Train,40,10077,49480,59557,E33C,36.447742,-97.171258,73.9,71.3,78
IHB,2630,2020-10-12,11:30 AM,Other impacts,0,ALSIP,IL,55,2,Day,Rain,Industry,Yard/switching,7,18500,8875,27375,H607,41.652943,-87.720133,63.1,59,56.6
NIRC,9419000694,2022-02-10,6:45 PM,Obstruction,0,DEERFIELD,IL,30,4,Dark,Clear,Main,,0,0,0,11450,M402,42.147923,-87.838683,37.3,30.5,37.7
CSX,000160927,2016-06-27,7:10 PM,Other impacts,0,CHILLICOTHE,OH,85,2,Day,Clear,Yard,Cut of cars,5,42551,0,59966,H018,39.332635,-82.964854,77,77.2,73.9
UP,0717PR015,2017-07-07,3:45 AM,Derailment,0,WEST CHICAGO,IL,74,4,Dark,Cloudy,Yard,Freight Train,8,8284,7346,15630,H524,41.885169,-88.21547,78.4,77.3,68.3
BNSF,KS0515113,2015-05-24,7:00 AM,Derailment,0,KANSAS CITY,KS,55,1,Dawn,Rain,Yard,Yard/switching,8,11535,350,11885,M407,39.086411,-94.695134,64.3,66.7,71.2
CP,1000152790,2014-12-13,5:55 AM,Derailment,0,ALBANY,NY,28,4,Dark,Clear,Industry,Yard/switching,4,30000,540,58540,H020,42.665981,-73.740041,29.4,30.8,36.6
CSX,000189372,2020-03-28,8:00 PM,Derailment,0,SELKIRK,NY,40,4,Dark,Rain,Yard,Single Car,8,30235,0,30235,S099,42.565903,-73.854184,51.2,40.3,45.2
NS,153889,2023-08-11,11:55 AM,Derailment,0,BLOOMSBURY,NJ,82,2,Day,Clear,Siding,Single Car,0,1000,1280,52280,M201,40.661381,-75.033704,69.5,72.4,73
BNSF,RD0820116,2020-08-15,7:15 PM,Derailment,0,MADILL,OK,95,3,Dusk,Clear,Siding,Freight Train,8,18113,10000,28113,E64C,34.099227,-96.769243,87.9,86.8,82.5
WE,170022,2017-02-27,9:00 AM,Derailment,0,CANTON,OH,37,2,Day,Cloudy,Yard,Light loco(s),6,1053,24794,25847,H702,40.767823,-81.417757,31.6,39.6,47.9
LI,79684,2023-05-08,6:30 PM,Hwy-rail crossing,0,EASTPORT,NY,61,2,Day,Cloudy,Main,Passenger Train - Pulling,60,16552,0,16552,M399,40.822919,-72.714692,59.4,63.4,54.9
NS,142200,2021-07-11,6:00 PM,Other impacts,0,NEW ORLEANS,LA,72,3,Dusk,Rain,Yard,Single Car,6,63000,0,126000,H312,29.975954,-90.044582,83.6,80.9,80.9
NS,140025,2020-12-15,7:40 PM,Derailment,0,GREENSBORO,NC,36,3,Dusk,Rain,Yard,Yard/switching,6,39431,9959,49390,H504,36.06024,-79.840301,46.1,35.7,33.4
IC,1039487,2020-06-23,11:10 PM,Derailment,0,MARKHAM,IL,65,4,Dark,Clear,Yard,Yard/switching,5,23624,9672,33296,H702,41.565804,-87.665245,71.7,68.4,69.2
CSX,000179141,2018-10-05,10:15 PM,Raking collision,0,NORTH BALTIMORE,OH,61,4,Dark,Cloudy,Yard,Light loco(s),5,64,32,21412,H306,41.182016,-83.684342,71.9,56.2,73.3
CSX,000218575,2024-06-08,9:40 AM,Side collision,0,WAYCROSS,GA,90,2,Day,Clear,Yard,Yard/switching,5,152204,12443,165647,H702,31.213509,-82.353557,84.6,82.5,81.3
CSX,000161430,2016-07-19,1:36 AM,Derailment,0,SELKIRK,NY,68,4,Dark,Clear,Yard,Freight Train,2,5278,0,62675,M405,42.565903,-73.854184,75,69.9,66.7
CSX,000170246,2017-07-15,6:06 PM,Derailment,0,BIRMINGHAM,AL,90,3,Dusk,Clear,Main,Freight Train,5,113643,0,132847,H504,33.543607,-86.790089,79.1,77.5,78.3
KRR,KRR360619,2019-02-16,12:00 PM,Fire/violent rupture,0,HUGO,OK,38,2,Day,Cloudy,Main,Cut of cars,0,60000,1100,61100,M502,34.004565,-95.503626,50.6,37.9,41.8
MNCW,74145,2021-02-21,1:30 AM,Other impacts,0,CROTON ON HUDSON,NY,25,4,Dark,Clear,Yard,DMU,1,26060,0,26060,E31C,41.19247,-73.885526,28.9,25.4,31.8
BNSF,SW1222104,2022-12-14,8:09 PM,Derailment,0,PREWITT,NM,17,3,Dusk,Clear,Main,Freight Train,5,100366,0,100366,E37C,35.379434,-108.09284,24.8,24.5,22.3
CSX,000211028,2023-04-27,6:30 AM,Side collision,0,GRAND RAPIDS,MI,64,1,Dawn,Clear,Yard,Yard/switching,10,21210,89,26284,H306,42.952655,-85.684179,41.1,47.2,51
UP,0820PR012,2020-08-20,11:55 PM,Other impacts,0,CHICAGO,IL,74,4,Dark,Cloudy,Yard,Yard/switching,0,4848,0,14134,H307,41.86178,-87.682336,71.8,74.8,76.9
UP,0419ST035,2019-04-11,8:50 PM,Derailment,0,LORDSBURG,NM,62,4,Dark,Cloudy,Siding,Freight Train,9,55861,4806,60667,H303,32.334179,-108.802645,55.7,47.8,42.1
BNSF,HL0524101,2024-05-02,4:30 AM,Other (describe in narrative),0,MENFRO,MO,71,1,Dawn,Cloudy,Main,Freight Train,40,12500,0,12500,M404,37.788453,-89.747343,72,71.1,68
CSX,000216871,2024-03-20,12:20 AM,Derailment,0,COLUMBUS,OH,45,4,Dark,Clear,Industry,Yard/switching,4,38828,2003,40831,M506,39.972311,-83.021134,38.4,43.9,32
PATH,I12202203,2022-12-25,4:18 PM,Rear end collision,0,HARRISON,NJ,27,2,Day,Cloudy,Yard,EMU,15,36200,0,36200,H210,40.740908,-74.142076,11.7,21,24.7
NS,118852,2016-01-09,4:10 PM,Side collision,0,BELLEVUE,OH,45,3,Dusk,Clear,Yard,Yard/switching,10,6164,0,11960,H607,41.274423,-82.83357,35.3,46.6,33.3
UP,0718LV004,2018-07-08,3:25 AM,Derailment,0,WESTWEGO,LA,80,4,Dark,Clear,Yard,Yard/switching,5,21838,76020,97858,H702,29.916561,-90.178941,81.4,80.6,82.3
UP,0118NP021,2018-01-19,1:31 AM,Derailment,0,GRAND ISLAND,NE,38,4,Dark,Clear,Yard,Yard/switching,5,18866,37841,56707,M405,40.932493,-98.326943,28.4,38.3,34.7
UP,1217PD001,2017-12-01,5:23 AM,Derailment,0,PORTLAND,OR,45,1,Dawn,Rain,Yard,Freight Train,4,16672,5600,22272,H702,45.485182,-122.642456,43.3,47.5,45.7
CSX,000208472,2022-11-22,7:08 AM,Derailment,0,COLUMBUS,OH,28,1,Dawn,Cloudy,Yard,Cut of cars,0,4550,137008,347934,E64C,39.972311,-83.021134,33,38.9,40.6
IHB,2114,2015-06-25,5:00 PM,Other impacts,0,EAST CHICAGO,IN,61,2,Day,Clear,Yard,Yard/switching,1,48238,0,48238,H018,41.632617,-87.460031,69.6,70.5,63.7
TRRA,22006,2022-02-17,6:50 PM,Derailment,0,VENICE,IL,22,3,Dusk,Sleet,Yard,Yard/switching,5,7990,4857,12847,H703,38.662233,-90.159796,58.2,34.9,27.2
TSWS,2870301,2023-03-01,8:30 PM,Other impacts,0,KANSAS CITY,MO,34,4,Dark,Cloudy,Yard,Yard/switching,25,10000,0,10000,H022,38.844641,-94.560458,48.7,48.1,38
CSX,000181006,2019-01-27,9:00 AM,Side collision,0,CURTIS BAY,MD,39,2,Day,Clear,Yard,Yard/switching,2,13455,0,14267,H307,39.233062,-76.58872,29.1,35.8,31.3
LI,71838,2020-03-12,7:14 AM,Explosion-detonation,0,LINDENHURST,NY,41,2,Day,Cloudy,Main,EMU,50,36082,0,36082,M509,40.688446,-73.220827,51.5,43.7,56.7
NICD,N2100019,2021-09-28,3:14 PM,Hwy-rail crossing,0,GARY,IN,78,2,Day,Clear,Main,Passenger Train - Pulling,75,238026,0,238026,M308,41.613647,-87.225316,71.9,65.6,65.5
UP,0717PR025,2017-07-20,10:30 AM,Derailment,0,NORTHLAKE,IL,88,2,Day,Clear,Yard,Yard/switching,4,24848,11294,36142,M409,41.899225,-87.90817,79,76.8,79.4
UP,0922GL001,2022-09-02,6:25 PM,Derailment,0,BOONE,IA,84,3,Dusk,Clear,Yard,Freight Train,6,37369,154825,192194,H525,42.063217,-93.865577,72.2,75.2,69.7
CSX,000208347,2022-11-14,1:10 PM,Derailment,0,COLUMBUS,OH,46,2,Day,Clear,Yard,Yard/switching,7,14500,6132,20632,H702,39.907802,-82.977978,35.3,35.9,36.5
BNSF,SW1015104,2015-10-23,5:35 AM,Derailment,1,GALLUP,NM,38,1,Dawn,Clear,Main,Freight Train,43,1554835,1409409,2964244,H305,35.530886,-108.677876,44.8,44.7,47.1
WTA,20150402,2015-04-02,4:55 AM,Derailment,0,WICHITA,KS,56,4,Dark,Cloudy,Main,Yard/switching,7,269764,0,295505,H607,37.711488,-97.330357,70,68,50.8
CFE,CFE319723O,2023-02-03,7:45 AM,Derailment,0,DELPHOS,OH,14,1,Dawn,Clear,Siding,Cut of cars,3,20000,2965,22965,M504,40.842456,-84.351233,28,16.6,26.8
UP,0917LV010,2017-09-17,8:15 PM,Other impacts,0,ADDIS,LA,75,4,Dark,Rain,Yard,Freight Train,11,20000,132,32922,H995,30.358988,-91.269232,79.7,80.1,80.9
CSX,000158018,2016-03-12,8:50 PM,Other impacts,0,WILLARD,OH,50,4,Dark,Cloudy,Yard,Freight Train,4,75510,1020,95729,H399,41.059857,-82.723964,40.7,45.7,49.8
UP,0618PR012,2018-06-06,3:45 PM,Other impacts,0,JOLIET,IL,65,2,Day,Clear,Yard,Yard/switching,14,109040,99,109139,H601,41.479806,-88.102279,66.6,67.1,74.1
NOPB,D20180622T,2018-06-22,6:30 PM,Side collision,0,NEW ORLEANS,LA,90,3,Dusk,Clear,Yard,Freight Train,8,154560,65200,369760,H607,29.91547,-90.117001,86.2,86.2,87.3
CSX,000140780,2015-01-29,9:13 PM,Other impacts,0,WILLARD,OH,25,4,Dark,Cloudy,Yard,Cut of cars,4,47672,0,47672,M411,41.058951,-82.718557,15.2,31.6,18.1
CSX,000183999,2019-07-08,6:37 AM,Derailment,0,BALTIMORE,MD,74,1,Dawn,Rain,Main,Freight Train,5,87320,500,87820,M506,39.279915,-76.619874,79.6,75.3,76.4
LI,EQ20170405,2017-04-16,7:47 PM,Other impacts,0,SYOSSET,NY,64,4,Dark,Clear,Main,EMU,35,27502,6500,34002,E85C,40.824043,-73.501928,51.3,65.7,67.3
LI,75012,2021-06-17,2:41 PM,Obstruction,0,COLD SPRING HARBOR,NY,74,2,Day,Clear,Main,Maint./inspect Car,40,42428,0,45836,H605,40.838599,-73.447141,69.4,67,70.1
BRC,14400,2020-10-22,7:10 PM,Derailment,0,BEDFORD PARK,IL,70,3,Dusk,Clear,Yard,Yard/switching,10,14714,0,14714,E35C,41.76523,-87.4429,51.1,61,55.4
BNSF,HL1121110,2021-11-13,11:51 PM,Obstruction,0,MONTROSE,IA,37,4,Dark,Cloudy,Main,Freight Train,30,786000,130000,916000,M404,40.506912,-91.37624,37.4,35.8,35.3
NS,142556,2021-08-17,2:20 AM,Side collision,0,BELLEVUE,OH,64,4,Dark,Clear,Yard,Single Car,1,1153,0,12442,M408,41.288344,-82.803529,69.6,72.7,74.4
CSX,000166658,2017-02-09,3:45 AM,Other impacts,0,SELKIRK,NY,24,4,Dark,Snow,Yard,Freight Train,1,13138,0,68910,H607,42.565903,-73.854184,36.3,19.1,15.5
CSX,000161430,2016-07-19,1:36 AM,Derailment,0,SELKIRK,NY,68,4,Dark,Clear,Yard,Cut of cars,4,43176,14221,62675,M405,42.565903,-73.854184,75,69.9,66.7
LI,EQ20150704,2015-07-17,6:03 PM,Side collision,0,JAMAICA,NY,73,2,Day,Clear,Main,DMU,0,50789,0,75789,H221,40.70031,-73.806025,72,73.1,76.9
BNSF,RD0217106,2017-02-13,6:20 PM,Derailment,0,AVARD,OK,42,3,Dusk,Rain,Main,Freight Train,35,1332888,492748,1825636,H519,36.700394,-98.769231,48.1,40.3,39.9
UP,0515PD013,2015-05-28,12:36 AM,Derailment,0,HERMISTON,OR,54,4,Dark,Clear,Yard,Yard/switching,3,1129,221500,222629,M404,45.793934,-119.271697,66.7,71.2,73.5
UP,1115TC001,2015-11-01,3:25 PM,Hwy-rail crossing,0,WORTHINGTON,MN,65,2,Day,Clear,Main,Freight Train,36,339,30350,30689,M302,43.607964,-95.6106,45.7,49.9,51.9
BNSF,SW0819112,2019-08-26,6:10 AM,Derailment,0,GALLUP,NM,72,1,Dawn,Clear,Yard,Freight Train,5,17872,30000,47872,H607,35.5194,-108.771999,73.5,76.9,74.4
UP,0420PR024,2020-04-29,7:27 AM,Derailment,0,BEDFORD PARK,IL,55,2,Day,Rain,Yard,Light loco(s),3,51479,0,52479,H303,41.769031,-87.759379,63.4,53.1,46.5
NS,153207,2023-05-28,9:00 PM,Derailment,0,MELVINDALE,MI,69,4,Dark,Clear,Yard,Freight Train,5,15528,320,15848,M404,42.277398,-83.177047,62.5,67.2,70.7
BNSF,KS0515110,2015-05-16,5:36 PM,Derailment,0,EMPORIA,KS,61,2,Day,Rain,Main,Freight Train,0,1609251,0,1609251,M105,38.380477,-96.044178,69.1,67.4,68.3
UP,0221PR037,2021-02-22,11:50 PM,Fire/violent rupture,0,ELMHURST,IL,37,4,Dark,Cloudy,Main,Freight Train,0,18665,99,18764,E01L,41.899829,-87.942397,28.2,33.7,41.1
BRC,13792,2016-11-16,8:30 PM,Derailment,0,BEDFORD PARK,IL,50,4,Dark,Clear,Yard,Yard/switching,2,6966,31527,38493,M405,41.766851,-87.768896,47.5,49.7,61.4
BNSF,HL0119109,2019-01-10,11:11 AM,Derailment,0,LINCOLN,NE,24,2,Day,Clear,Yard,Yard/switching,5,11750,500,12250,H307,40.808192,-96.774553,29,30.6,31.4
UP,1117NP037,2017-11-22,7:18 PM,Other impacts,0,NORTH PLATTE,NE,38,4,Dark,Clear,Yard,Single Car,0,27377,0,27477,M411,41.146756,-100.835845,34.9,40.4,46.2
MRL,2015052,2015-04-15,5:03 PM,Derailment,0,GARRISON,MT,42,2,Day,Clear,Siding,Freight Train,4,58000,0,58000,E46C,46.522454,-112.808817,42.9,36.6,39.3
CSX,000168382,2017-04-18,9:46 AM,Derailment,0,SHELBY,NC,65,2,Day,Clear,Industry,Freight Train,5,39782,8900,48682,H018,35.317967,-81.48015,68.9,63.5,58.7
BNSF,KS0923110,2023-09-14,3:08 PM,Derailment,0,MAYFIELD,KS,75,2,Day,Clear,Main,Freight Train,30,827248,1292838,2120086,H519,37.260903,-97.5793,68.4,71.5,69.2
UP,0724GL011,2024-07-10,12:30 PM,Derailment,0,OMAHA,NE,84,2,Day,Clear,Yard,Freight Train,4,120275,396,120671,M204,41.318738,-95.927899,75.7,77.6,75.1
UP,0120GP014,2020-01-01,10:35 AM,Other impacts,0,CHAPPELL,NE,30,2,Day,Sleet,Industry,Cut of cars,0,20227,0,32302,H302,41.092944,-102.475969,23.1,31.9,34.1
BNSF,SF0815106,2015-08-10,7:30 PM,Derailment,0,TULSA,OK,92,3,Dusk,Clear,Yard,Yard/switching,2,1177,0,31377,M408,36.122738,-96.01094,89.3,83.4,82.1
WNYP,W2019026,2019-10-10,7:50 AM,Obstruction,0,OLEAN,NY,50,1,Dawn,Fog,Yard,Maint./inspect Car,0,75000,0,118000,H607,42.082918,-78.482533,48.2,49.7,53.1
BNSF,SW0619106,2019-06-25,10:40 AM,Derailment,0,ALBUQUERQUE,NM,80,2,Day,Clear,Industry,Yard/switching,6,46121,1500,47621,H210,35.170718,-106.598105,71.2,76.7,79.6
NS,144227,2022-02-01,8:48 AM,Other impacts,0,BELLEVUE,OH,37,2,Day,Clear,Yard,Single Car,4,89307,0,89707,H312,41.29292,-82.783218,19.2,35,37.5
BNSF,MT0518101,2018-05-05,2:57 PM,Derailment,0,MINOT,ND,68,2,Day,Clear,Yard,Freight Train,5,20883,2000,22883,H607,48.239158,-101.192019,64.5,65.9,67.9
UP,0124RM018,2024-01-23,8:21 PM,Derailment,0,IDAHO FALLS,ID,35,4,Dark,Rain,Yard,Freight Train,3,10724,0,19344,T221,43.501894,-112.030768,31,35.3,35.6
CSX,000209357,2023-01-19,7:04 PM,Other impacts,0,WILLARD,OH,40,3,Dusk,Rain,Yard,Cut of cars,1,0,0,17888,M105,41.059877,-82.72407,37.8,44.6,34.2
SLWC,230328004,2023-03-28,5:55 AM,Derailment,0,CYRIL,OK,35,4,Dark,Clear,Yard,Freight Train,4,5770,8952,14722,E64C,34.897686,-98.195285,45.9,45.3,50.5
UP,1021HL018,2021-10-12,4:00 PM,Other (describe in narrative),0,SOUTH COFFEYVILLE,OK,75,2,Day,Clear,Main,Freight Train,0,39842,0,39842,H599,36.993475,-95.626832,63.9,65.7,71
CSX,000155769,2015-12-26,3:11 PM,Obstruction,0,WALBRIDGE,OH,42,2,Day,Cloudy,Yard,Cut of cars,4,23192,0,23192,M204,41.573731,-83.513595,44.5,43,41.6
BNSF,RD0423122,2023-04-25,5:45 PM,Other (describe in narrative),0,TULSA,OK,56,3,Dusk,Rain,Yard,Yard/switching,2,675,1500,18965,M408,36.124839,-96.011038,55.4,51.3,52.7
NS,136148,2019-11-10,6:27 PM,Other (describe in narrative),0,CHICAGO,IL,72,3,Dusk,Cloudy,Yard,Freight Train,6,0,27372,27372,H306,41.757648,-87.668042,38.1,40.5,25.3
ARR,2019015,2019-01-15,3:14 AM,Derailment,0,CANTWELL,AK,6,4,Dark,Cloudy,Main,Freight Train,45,54000,1900000,1954000,E53C,63.3913,-148.9515,26.6,1.2,-3.1