reportingrailroadcode,accidentnumber,date,time,accidenttype,hazmatreleasedcars,station,stateabbr,temperature,visibility_code,visibility,weathercondition,tracktype,equipmenttype,trainspeed,equipmentdamagecost,trackdamagecost,totaldamagecost,primaryaccidentcausecode,latitude,longitude,prior_temp,actual_temp,following_temp
UP,1220GC002,2020-12-03,3:30 AM,Other impacts,0,LIVONIA,LA,52,4,Dark,Cloudy,Yard,Single Car,5,1627,0,92724,E09C,30.530648,-91.559199,48.4,53.9,47.7
UP,0818FW011,2018-08-10,2:45 AM,Fire/violent rupture,0,CHECOTAH,OK,70,4,Dark,Clear,Main,Freight Train,45,54839,0,54839,M406,35.480325,-95.514858,78.4,80.2,79
BNSF,HL0123101,2023-01-02,8:30 AM,Other (describe in narrative),0,FESTUS,MO,55,1,Dawn,Cloudy,Main,Freight Train,42,34856,2000,36856,E33C,38.267759,-90.426506,53,56.7,60.8
UP,0818LK028,2018-08-16,3:00 AM,Derailment,0,NORTH LITTLE ROCK,AR,81,4,Dark,Clear,Yard,Yard/switching,5,194303,189149,383452,M405,34.776089,-92.218982,79.1,84.4,74.4
NYA,021820,2020-02-18,12:25 AM,Derailment,0,NEW YORK-KINGS,NY,37,4,Dark,Clear,Yard,Single Car,10,10483,0,210483,E0HC,40.64384,-74.03252,42.6,41.7,43.2
UP,0221GP005,2021-02-04,9:00 AM,Other impacts,0,NORTH PLATTE,NE,27,2,Day,Clear,Yard,Single Car,19,1733,99,56555,M407,41.146542,-100.834532,39.9,33.5,32.7
NS,153540,2023-07-06,6:45 AM,Derailment,0,ENTERPRISE,MS,84,1,Dawn,Clear,Siding,Freight Train,10,2041,42543,44584,E4BC,32.21434,-88.775985,79.7,81.5,80.1
BNSF,PR0618106,2018-06-15,10:36 PM,Derailment,0,ALLIANCE,NE,65,4,Dark,Cloudy,Yard,Light loco(s),2,18000,0,18000,H017,42.092197,-102.875241,75.1,71.9,72.8
BNSF,RD0417205,2017-04-29,3:05 PM,Hwy-rail crossing,0,PAWNEE,OK,60,2,Day,Rain,Main,Freight Train,38,10701,0,10701,M302,36.32509,-96.889381,65.4,54.2,47.5
CSX,000178371,2018-08-24,4:00 PM,Derailment,0,SELKIRK,NY,75,2,Day,Clear,Yard,Yard/switching,10,82258,11248,93506,H303,42.565903,-73.854184,67.3,68.5,69.9
CSX,000180793,2019-01-16,1:10 PM,Side collision,0,ASHTABULA,OH,30,2,Day,Cloudy,Yard,Freight Train,4,542,0,31755,H306,41.858629,-80.830795,23.3,26.8,22.8
BNSF,SW0720109,2020-07-22,3:53 AM,Derailment,0,GALLUP,NM,60,4,Dark,Clear,Yard,Freight Train,7,18318,0,18318,M409,35.526904,-108.747459,73.8,68.6,65.6
MBTA,YR202176,2021-10-27,5:28 AM,Other (describe in narrative),0,LYNN,MA,55,1,Dawn,Rain,Main,Passenger Train - Pushing,60,50795,0,50795,M101,42.466698,-70.937492,56.6,49.8,46.3
NS,135729,2019-10-05,2:35 AM,Other impacts,0,COLUMBUS,OH,64,4,Dark,Clear,Yard,Cut of cars,0,39297,0,41297,H399,39.916496,-82.946988,59,58.3,66
IC,1070057,2021-05-11,8:00 PM,Derailment,0,PESOTUM,IL,62,3,Dusk,Clear,Main,Freight Train,30,417764,1668805,2086569,E53C,39.942139,-88.268738,49.4,50.3,51.1
BNSF,TC1019106,2019-10-12,12:05 PM,Derailment,0,ROSEVILLE,MN,45,2,Day,Cloudy,Yard,Freight Train,2,0,45000,45000,H704,44.970131,-93.166742,38,35.8,38.1
BNSF,RD0319121,2019-03-29,1:48 AM,Derailment,0,TULSA,OK,55,4,Dark,Clear,Yard,Yard/switching,3,284578,419454,704032,E85C,36.117781,-96.012718,67.4,64.3,46
BNSF,PR1016201,2016-10-14,8:42 AM,Hwy-rail crossing,0,AURORA,NE,45,1,Dawn,Clear,Main,Freight Train,26,7323,29614,36937,M302,40.824921,-98.073344,43,53.2,67.4
UP,1220GC002,2020-12-03,3:30 AM,Other impacts,0,LIVONIA,LA,52,4,Dark,Cloudy,Yard,Cut of cars,10,4021,0,92724,E09C,30.530648,-91.559199,48.4,53.9,47.7
NJTR,202311477,2023-10-17,3:00 AM,Other (describe in narrative),0,KEARNY,NJ,53,4,Dark,Clear,Yard,Yard/switching,5,11729,0,11729,H599,40.744074,-74.108815,55.1,57,58
ATK,173229,2022-12-27,8:45 AM,Hwy-rail crossing,0,LEXINGTON,NC,24,2,Day,Clear,Main,Passenger Train - Pulling,66,16574,0,16574,M308,35.808676,-80.269181,25.2,34.6,35.4
CSX,000199176,2021-07-30,11:39 AM,Rear end collision,0,RUSSIA,OH,75,2,Day,Clear,Main,Maint./inspect Car,22,66166,0,66166,H993,40.240517,-84.382739,76.7,70.6,68.5
ATK,159918,2019-07-07,4:41 PM,Obstruction,0,CLYDE,NY,81,2,Day,Clear,Main,Passenger Train - Pulling,79,12875,0,12875,M402,43.066362,-76.790451,76.2,69.9,67.2
NS,142997,2021-09-30,1:00 AM,Other (describe in narrative),0,PORTSMOUTH,OH,68,4,Dark,Clear,Yard,Yard/switching,5,80209,5970,86179,H702,38.736825,-82.957246,66.9,61.6,60.1
CSX,000200923,2021-07-18,12:00 PM,Obstruction,0,KENLY,NC,88,2,Day,Cloudy,Main,,0,0,0,12849,M404,35.578644,-78.165445,80.4,78.9,71.7
IC,962371,2018-06-12,8:00 PM,Other impacts,0,GEISMAR,LA,72,4,Dark,Rain,Yard,Yard/switching,4,17691,50,17741,H318,30.168451,-90.966027,79.7,78.5,77.7
UP,0923GP016,2023-09-14,12:00 PM,Explosion-detonation,1,NORTH PLATTE,NE,66,2,Day,Cloudy,Yard,Yard/switching,0,39113,85681,124794,H304,41.156801,-100.860041,64.3,65.3,63.3
UP,0623PN018,2023-06-12,1:06 PM,Derailment,0,MOUNTAIN HOME,ID,74,2,Day,Clear,Industry,Single Car,10,14046,6450,20496,M504,43.13205,-115.696686,66.9,68,69.7
CSX,000167289,2017-03-08,1:05 PM,Derailment,0,BATAVIA,NY,49,2,Day,Cloudy,Main,Freight Train,57,1067796,144476,1212272,M105,42.988155,-78.211805,52.8,44.7,36.1
BNSF,TC0515110,2015-05-24,10:15 AM,Other (describe in narrative),0,MINNEAPOLIS,MN,64,2,Day,Rain,Yard,Yard/switching,4,11490,1000,12490,M411,45.030177,-93.270528,62,61.3,63
ACWR,100816,2016-10-08,12:30 AM,Derailment,0,AQUADALE,NC,68,4,Dark,Rain,Industry,Yard/switching,0,43025,1600,44625,H310,35.23154,-80.247963,68.4,67.9,63.1
BNSF,KS0715111,2015-07-27,1:19 PM,Obstruction,0,KANSAS CITY,KS,97,2,Day,Clear,Yard,Yard/switching,7,60210,0,60210,M404,39.086346,-94.694914,84.8,87,88
WATX,240123004,2024-01-23,3:20 PM,Other impacts,0,PLAQUEMINE,LA,61,2,Day,Clear,Yard,Cut of cars,0,3321,0,26153,H302,30.332062,-91.246156,52.9,63.4,66.4
CSX,000210750,2023-04-12,12:25 AM,Side collision,0,CINCINNATI,OH,50,4,Dark,Clear,Yard,Yard/switching,5,3548,0,92299,H307,39.136408,-84.542399,55.7,60.7,62.3
UP,0420PN005,2020-04-09,2:40 PM,Other impacts,0,HERMISTON,OR,73,2,Day,Clear,Yard,Yard/switching,9,4653,44701,95810,H601,45.796259,-119.268305,52.2,53.9,58.9
UP,0116PD004,2016-01-12,7:40 AM,Derailment,0,HERMISTON,OR,37,2,Day,Cloudy,Main,Spec. MoW Equip.,15,250000,0,250000,M404,45.834816,-119.256123,30.8,32.2,36.8
UP,1216PD023,2016-12-20,2:58 PM,Hwy-rail crossing,0,CANBY,OR,34,2,Day,Fog,Main,,0,0,0,13013,M302,45.301457,-122.662143,39.4,46.4,33.7
NS,143805,2021-12-20,2:15 PM,Other impacts,0,LOCKBOURNE,OH,72,2,Day,Clear,Yard,Cut of cars,4,5273,3459,11428,H307,39.782282,-82.957922,34.3,32.2,32.2
IC,1134344,2023-05-25,1:25 PM,Other (describe in narrative),0,MCCOMB,MS,88,2,Day,Clear,Yard,Yard/switching,5,23223,0,23223,H318,31.244214,-90.450668,69.7,73.2,73.4
MBTA,7048,2017-03-05,12:57 AM,Derailment,0,SOMERVILLE,MA,10,4,Dark,Clear,Yard,Passenger Train - Pulling,0,23947,1148,25095,H305,42.222359,-71.0418,16.2,20.2,26.9
CSX,000213534,2023-09-18,8:40 AM,Derailment,0,CLEVELAND,OH,70,2,Day,Cloudy,Yard,Yard/switching,4,26165,96172,122337,T220,41.570296,-81.556448,66.6,66.9,66
CSX,000187583,2019-12-27,5:20 PM,Derailment,0,MILFORD,IL,36,3,Dusk,Clear,Main,Freight Train,52,30222,384,30606,E33C,40.618663,-87.694127,54.6,36.6,43.2
NS,126244,2017-08-15,7:50 PM,Derailment,0,WINDSOR HEIGHTS,OH,80,3,Dusk,Clear,Siding,,0,0,0,37347,E64L,40.208862,-80.67064,68,71,68.9
SLWC,180312002,2018-03-12,12:38 AM,Obstruction,0,DEL CITY,OK,45,4,Dark,Clear,Yard,,0,0,5000,39799,H607,35.471935,-97.444346,48.5,41,45.1
UP,0517PD036,2017-05-31,7:07 PM,Hwy-rail crossing,0,HUBBARD,OR,70,2,Day,Cloudy,Main,,0,0,20150,20150,M302,45.193634,-122.792755,57.9,63.4,63.6
UP,0115DV025,2015-01-27,12:12 PM,Hwy-rail crossing,0,MONUMENT,KS,75,2,Day,Clear,Main,Light loco(s),42,300423,38381,338804,M302,39.095501,-101.109176,47.9,52.7,47.8
CSX,000215211,2023-12-24,11:15 AM,Derailment,0,WILLARD,OH,53,2,Day,Clear,Yard,Freight Train,3,183535,64475,248010,H524,41.059877,-82.72407,42.6,47.1,51.2
NS,139293,2020-09-29,2:35 AM,Side collision,0,BELLEVUE,OH,45,4,Dark,Cloudy,Yard,Cut of cars,0,10000,750,12600,H302,41.288306,-82.801342,63.9,55.5,54.7
UP,0215WH002,2015-02-02,9:22 PM,Hwy-rail crossing,0,OKLAHOMA CITY,OK,25,4,Dark,Clear,Main,Freight Train,38,0,0,20000,M304,35.580154,-97.523911,37.4,25.8,40.9
SW,SWC082416D,2016-08-24,6:15 PM,Derailment,0,ELIDA,NM,85,2,Day,Clear,Main,Freight Train,46,450000,117000,567000,T215,33.8423,-103.7719,75.9,73.1,67.1
BNSF,RD0723118,2023-07-21,5:00 AM,Derailment,0,FAIRMONT,OK,64,1,Dawn,Rain,Main,Freight Train,0,429620,2968,432588,M105,36.366134,-97.717114,84.8,75.9,76.3
BNSF,SW0216107,2016-02-24,3:00 PM,Derailment,0,PREWITT,NM,53,2,Day,Clear,Main,Maint./inspect Car,3,18000,0,18000,H402,35.356525,-108.019957,30.8,33,34.7
BNSF,KS0315200,2015-03-22,10:20 PM,Hwy-rail crossing,0,ROSE HILL,KS,62,4,Dark,Clear,Main,Freight Train,53,1500,32600,34100,M301,37.533708,-97.173495,55.1,58.8,58.5
CRSH,146772,2023-07-24,12:45 AM,Other impacts,0,DETROIT,MI,72,4,Dark,Clear,Yard,Single Car,2,32284,0,36609,H318,42.402191,-83.041074,71.5,74,76.8
NS,156104,2024-03-15,7:30 AM,Derailment,0,HATTIESBURG,MS,70,1,Dawn,Cloudy,Yard,Freight Train,6,26200,8900,35100,H701,31.327431,-89.286273,68.4,69.9,64
UP,0720GP010,2020-07-12,10:43 PM,Fire/violent rupture,0,NORTH PLATTE,NE,72,4,Dark,Clear,Yard,Cut of cars,0,153287,150,153437,M406,41.147965,-100.841447,75.3,74.6,78.6
ATK,139863,2015-11-03,2:55 PM,Hwy-rail crossing,0,HAMMOND,LA,70,2,Day,Cloudy,Main,Passenger Train - Pulling,79,27148,0,27173,M302,30.407217,-90.431709,69.4,69.8,69.5
SKOL,180625003,2018-06-25,6:00 PM,Derailment,0,TULSA,OK,91,2,Day,Clear,Siding,Cut of cars,0,12000,0,12000,M599,36.176476,-95.983325,73.2,74.7,85.1
NS,151858,2022-12-29,12:00 AM,Other impacts,0,DES MOINES,MO,38,4,Dark,Clear,Yard,Single Car,2,4485,0,16043,H302,39.446489,-92.435279,47.1,34.4,32.2
NS,144822,2022-03-29,3:27 AM,Other impacts,0,BELLEVUE,OH,19,4,Dark,Clear,Yard,Single Car,10,50057,0,59156,H312,41.291944,-82.784808,24.6,29,51.7
BNSF,HL1123101,2023-11-01,6:17 AM,Derailment,0,LINCOLN,NE,18,1,Dawn,Clear,Yard,Yard/switching,6,36370,0,83231,M407,40.808197,-96.743463,29.9,34.5,39.9
CSX,000198103,2021-06-08,11:55 AM,Derailment,0,CLEVELAND,OH,82,2,Day,Clear,Yard,Freight Train,6,37724,7150,44874,M405,41.571338,-81.55684,79.4,76.4,76.2
BNSF,SW0718201,2018-07-18,11:15 AM,Hwy-rail crossing,0,LOVING,NM,89,2,Day,Clear,Main,Freight Train,20,16500,10000,26500,M302,32.32714,-104.13949,82.9,87.4,89.8
LI,69346,2019-02-26,7:21 PM,Hwy-rail crossing,0,WESTBURY,NY,25,4,Dark,Clear,Main,EMU,75,4000000,750000,4750000,M308,40.754562,-73.581253,38,29.3,25.5
BNSF,PR0220102,2020-02-07,5:15 PM,Derailment,0,ALLIANCE,NE,20,3,Dusk,Clear,Yard,Light loco(s),5,31309,0,31309,E49L,42.092611,-102.873608,22.6,25.5,35.2
WE,230001,2023-01-04,1:15 AM,Other impacts,0,BREWSTER,OH,58,4,Dark,Cloudy,Yard,Yard/switching,15,33797,0,33797,H212,40.707003,-81.598179,56.7,54.6,39.6
CSX,000168816,2017-05-05,8:30 PM,Derailment,0,POINT OF ROCKS,MD,73,4,Dark,Cloudy,Main,,0,0,0,500000,M404,39.308691,-77.560083,56,64.9,55.2
UP,0722MA003,2022-07-01,2:40 PM,Derailment,0,EAST ST LOUIS,IL,95,2,Day,Clear,Yard,Freight Train,4,27594,0,27594,H525,38.585989,-90.132105,78.9,84.5,75.9
MNCW,2015020343,2015-02-03,6:27 PM,Hwy-rail crossing,0,VALHALLA,NY,16,4,Dark,Clear,Main,EMU,58,3600000,100000,3700000,M308,41.086275,-73.788032,23.5,16.5,27
CSX,000183732,2019-06-22,1:50 PM,Side collision,0,SELKIRK,NY,75,2,Day,Clear,Yard,Light loco(s),5,0,0,212357,H306,42.565903,-73.854184,67.2,66.7,69.5
BNSF,SW0622105,2022-06-06,6:00 AM,Derailment,0,JARALES,NM,75,1,Dawn,Clear,Yard,Light loco(s),5,6220,12000,18220,H607,34.659248,-106.767321,79.7,82.5,83.9
UP,0618PR023,2018-06-19,11:35 AM,Other impacts,0,ROCHELLE,IL,80,2,Day,Cloudy,Yard,Single Car,0,0,0,63656,H601,41.915265,-89.087066,80.6,71.7,69.6
CSX,000211590,2023-05-27,2:30 AM,Other impacts,0,SYRACUSE,NY,70,4,Dark,Clear,Industry,Cut of cars,4,31000,0,66667,H302,43.051528,-76.180904,56,61.8,66.2
UP,1220GC002,2020-12-03,3:30 AM,Other impacts,0,LIVONIA,LA,52,4,Dark,Cloudy,Yard,Yard/switching,2,84180,2896,92724,E09C,30.530648,-91.559199,48.4,53.9,47.7
CSX,000192192,2020-08-23,6:50 PM,Side collision,0,CINCINNATI,OH,78,2,Day,Clear,Yard,Cut of cars,1,125,0,37544,H399,39.124551,-84.542521,73,74.2,76.5
UP,0516PC002,2016-05-14,11:15 AM,Derailment,0,POCATELLO,ID,70,2,Day,Cloudy,Yard,Yard/switching,6,4819,10000,14819,E21C,42.856691,-112.44094,63.3,60.8,54.5
NJTR,202307275,2023-07-15,10:40 AM,Derailment,0,WALDWICK,NJ,84,2,Day,Cloudy,Yard,Spec. MoW Equip.,7,15754,0,15754,H017,41.017437,-74.12423,77.4,77.5,77.7
IC,1057268,2020-12-21,1:30 PM,Other impacts,0,CHICAGO,IL,45,2,Day,Cloudy,Yard,Single Car,3,25600,0,51050,H318,41.808823,-87.765876,36.2,38.9,37.5
CSX,000192192,2020-08-23,6:50 PM,Side collision,0,CINCINNATI,OH,78,2,Day,Clear,Yard,Yard/switching,5,37419,0,37544,H399,39.124551,-84.542521,73,74.2,76.5
ATK,159339,2019-06-03,11:20 PM,Raking collision,0,BALTIMORE,MD,50,4,Dark,Clear,Main,Spec. MoW Equip.,5,5000,7975,12975,E29C,39.297176,-76.551591,73.7,66.3,65.2
BLE,1025852,2020-01-24,1:55 AM,Side collision,0,BUFFALO,NY,20,4,Dark,Clear,Yard,Freight Train,0,0,0,20250,H306,42.888943,-78.826326,32.2,39.5,38.7
ATK,147688,2017-05-28,3:19 PM,Obstruction,0,MIDDLE RIVER,MD,70,2,Day,Rain,Main,Passenger Train - Pulling,123,14304,0,14304,M402,39.349424,-76.386712,64.9,66.2,65.6
NS,144857,2022-04-01,6:15 AM,Other impacts,0,BELLEVUE,OH,32,1,Dawn,Clear,Yard,Single Car,0,17000,500,50131,H706,41.27333,-82.83459,53.2,36.1,37.3
LI,GR20150101,2015-01-07,1:15 PM,Hwy-rail crossing,0,WYANDANCH,NY,22,2,Day,Clear,Main,EMU,40,62939,0,62939,M304,40.754276,-73.360385,19.7,18.7,14.1
AOK,011821,2021-01-18,8:30 AM,Derailment,0,OKLAHOMA CITY,OK,55,2,Day,Clear,Yard,Freight Train,5,0,20579,41158,H702,35.471535,-97.445336,43.2,43.9,41.5
IC,1103241,2022-05-20,12:10 PM,Hwy-rail crossing,0,FLOWOOD,MS,91,2,Day,Clear,Main,Freight Train,10,19869,0,19869,M302,32.288337,-90.146705,80.6,80.6,82
BNSF,HL1121101,2021-11-03,9:30 AM,Derailment,0,KEOKUK,IA,48,2,Day,Clear,Yard,Freight Train,6,37174,8500,45674,T212,40.387735,-91.391861,36.6,36.5,40.7
UP,0715SL003,2015-07-10,5:07 AM,Fire/violent rupture,0,DRESDEN,MO,70,4,Dark,Cloudy,Main,Freight Train,35,51240,0,51240,E79L,38.725099,-93.281683,67.6,73.9,81.9
UP,0918SL006,2018-09-12,3:34 AM,Derailment,0,ST LOUIS,MO,68,4,Dark,Clear,Yard,Freight Train,9,5590,0,12090,M204,38.629669,-90.237553,69.1,69,73.1
UP,0322GL004,2022-03-04,5:07 AM,Derailment,0,MANKATO,MN,28,1,Dawn,Cloudy,Yard,Freight Train,6,227076,6412,233488,H702,44.203862,-93.985704,23.3,31.8,34.8
BNSF,KS0624108,2024-06-17,12:50 PM,Derailment,0,KANSAS CITY,KS,90,2,Day,Clear,Yard,Light loco(s),5,5000,18952,23952,M101,39.077762,-94.658737,84.1,85.2,84
BNSF,RD0418128,2018-04-30,8:55 AM,Derailment,0,TULSA,OK,68,2,Day,Clear,Yard,,0,0,31500,81645,E46L,36.13701,-96.008745,66.8,71.3,73.1
CP,1000971076,2019-04-10,3:00 AM,Derailment,0,SAWYER,ND,21,4,Dark,Cloudy,Main,Freight Train,50,107065,6976,114041,E33C,48.147366,-101.147707,33.8,26.4,31.2
BNSF,CH0322114,2022-03-19,3:10 PM,Other impacts,0,GALESBURG,IL,60,2,Day,Clear,Yard,Yard/switching,5,137923,0,137923,M407,40.90931,-90.384191,43.8,40.9,49
ATK,172266,2022-09-21,9:11 PM,Derailment,0,JACKSON,MI,64,4,Dark,Rain,Main,,0,0,395680,395680,E54C,42.248741,-84.228683,63.4,72.3,56.7
UP,0521PR016,2021-05-18,11:55 PM,Derailment,0,ELBURN,IL,63,4,Dark,Cloudy,Main,Freight Train,2,250,28808,29058,H705,41.891508,-88.473599,61.7,63.3,68.2
UP,0124HL023,2024-01-22,11:10 AM,Derailment,0,WICHITA,KS,32,2,Day,Cloudy,Yard,,0,0,43420,43420,M599,37.720505,-97.330386,25.8,31.3,35.7
HESR,HES485123O,2023-07-21,1:00 PM,Derailment,0,KAWKAWLIN,MI,78,2,Day,Clear,Main,,0,0,82651,144978,M405,43.651839,-83.941647,72,71.4,68.9
HESR,HES613018D,2018-03-23,4:40 PM,Derailment,0,BURT,MI,40,2,Day,Clear,Main,Freight Train,23,13585,49436,63021,E53C,43.306182,-83.916342,32.1,30.6,27.8
IC,1022191,2019-12-26,12:45 PM,Derailment,0,MARKHAM,IL,60,2,Day,Clear,Yard,Freight Train,5,15000,100,15100,H525,41.594727,-87.665997,48.4,53.6,34.1
BNSF,CH0317100,2017-03-02,12:50 AM,Obstruction,0,FORT MADISON,IA,28,4,Dark,Clear,Main,Freight Train,36,500,52750,53250,M402,40.614672,-91.371193,40.9,31,30.7
NS,131334,2018-10-14,11:15 PM,Other (describe in narrative),0,NEW ORLEANS,LA,80,4,Dark,Clear,Yard,Yard/switching,5,8222,11760,19982,H702,29.982192,-90.043715,76.5,80.2,79.6
NS,154644,2023-10-30,11:45 AM,Hwy-rail crossing,0,PETAL,MS,60,2,Day,Cloudy,Main,,0,0,0,19516,M308,31.364477,-89.268822,71.6,62.5,51.1
ATK,152953,2018-04-25,8:00 AM,Other (describe in narrative),0,LONG ISLAND CITY,NY,55,2,Day,Rain,Yard,Light loco(s),0,60553,0,60553,H599,40.744679,-73.948542,55.9,56,61.1
IORY,IOR172922R,2022-08-25,4:46 PM,Derailment,0,CINCINNATI,OH,80,2,Day,Clear,Main,Freight Train,7,11946,0,13830,E46C,39.150736,-84.542575,70,72.4,73.8
NJTR,201703102,2017-03-16,10:17 AM,Other (describe in narrative),0,NEWARK,NJ,30,2,Day,Cloudy,Main,Work train,30,12980,0,12980,H599,40.711868,-74.189464,23.8,31.7,36.6
IC,878641,2016-02-05,8:30 AM,Derailment,0,CHICAGO,IL,30,2,Day,Snow,Yard,Yard/switching,5,17820,5838,23658,T220,41.916522,-87.781001,27.2,30,33
KCS,15080804,2015-08-08,1:45 PM,Derailment,0,HEAVENER,OK,102,2,Day,Clear,Yard,Yard/switching,4,12387,29670,42057,H318,34.891351,-94.602408,88.7,88,88.2
BNSF,SW0819201,2019-08-22,4:44 PM,Hwy-rail crossing,0,PORTALES,NM,88,2,Day,Clear,Main,Freight Train,35,193307,436439,629746,M302,34.21531,-103.30112,79.1,74.6,74.3
BNSF,CH0321105,2021-03-10,9:15 AM,Other impacts,0,GALESBURG,IL,45,2,Day,Clear,Yard,Yard/switching,4,23563,21000,44563,M105,40.914129,-90.380521,54.2,58.9,42.5
ITHR,210921001,2021-09-21,9:15 AM,Obstruction,0,ITHACA,NY,65,2,Day,Clear,Main,Spec. MoW Equip.,0,0,0,50000,H207,42.359497,-76.553662,62,64.7,68.6
UP,1219GC030,2019-12-30,8:54 PM,Other impacts,0,LIVONIA,LA,46,4,Dark,Clear,Yard,Single Car,1,650,0,38726,S015,30.522688,-91.551981,65.9,49.3,46.4
UP,0923HL025,2023-09-24,12:15 PM,Derailment,0,KANSAS CITY,MO,78,2,Day,Clear,Yard,Yard/switching,10,21282,219577,478551,T221,39.122008,-94.523465,72.6,73.1,72
UP,0515KC010,2015-05-27,8:50 PM,Hwy-rail crossing,0,MINNEOLA,KS,55,4,Dark,Rain,Main,Freight Train,52,14068,45795,59863,M399,37.451225,-99.997561,66.5,67.4,66.7
BNSF,RD0118121,2018-01-25,10:30 AM,Derailment,0,TULSA,OK,51,2,Day,Clear,Yard,Yard/switching,8,15711,2000,17711,H703,36.151571,-96.000838,41.7,52.7,54.1
WC,1078093,2021-07-26,10:15 PM,Other impacts,0,GARY,IN,67,4,Dark,Clear,Yard,Yard/switching,5,51786,0,51820,M599,41.629748,-87.405987,78.3,77.1,76.1
BNSF,SW1219106,2019-12-13,3:03 PM,Side collision,0,BELEN,NM,50,2,Day,Clear,Yard,Yard/switching,5,113604,0,355733,H305,34.660161,-106.767077,35.2,43.8,48.1
BNSF,RD0620131,2020-06-26,3:25 AM,Obstruction,0,DAVIS,OK,80,4,Dark,Clear,Main,Freight Train,38,800,30000,30800,M402,34.491996,-97.116565,77.1,79.8,80.7
NS,135722,2019-10-02,1:47 PM,Other impacts,0,CINCINNATI,OH,92,2,Day,Clear,Yard,Cut of cars,2,20000,0,25429,H318,39.105024,-84.539754,78.2,78.7,77.2
CSX,000203198,2022-02-20,12:18 AM,Obstruction,0,SPENCER,MA,25,4,Dark,Clear,Main,Spec. MoW Equip.,21,936927,80,946604,M501,42.200337,-71.994189,22.3,20.1,38.7
UP,1016TC007,2016-10-24,11:29 AM,Derailment,0,SAVAGE,MN,50,2,Day,Clear,Yard,Freight Train,4,10592,15200,25792,E60C,44.779472,-93.337668,50.5,46.3,45.8
UP,0224HL010,2024-02-15,11:30 AM,Derailment,0,KANSAS CITY,MO,39,2,Day,Clear,Main,Freight Train,8,153657,40792,194449,M299,39.116346,-94.499799,51,43.4,32.6
NS,156645,2024-05-09,1:40 PM,Derailment,0,GRANITE CITY,IL,76,2,Day,Clear,Yard,Yard/switching,7,13039,13000,26039,M405,38.717141,-90.146225,66.6,69.5,63.2
MRL,2017047,2017-04-08,8:00 AM,Other impacts,0,LAUREL,MT,48,2,Day,Cloudy,Yard,Cut of cars,4,190601,0,208109,H306,45.676328,-108.739444,58.4,50.9,35.5
CSX,000153084,2015-10-11,1:50 AM,Other impacts,0,SENECA,IL,55,4,Dark,Clear,Yard,Freight Train,4,80339,0,89878,H302,41.319101,-88.611721,52.4,63.2,66
UP,1222HL001,2022-12-03,10:48 AM,Derailment,0,KANSAS CITY,MO,22,2,Day,Cloudy,Yard,Freight Train,5,204488,72225,276713,T220,39.120971,-94.545983,49.4,26.5,34.9
BNSF,NE0915101,2015-09-08,12:15 AM,Derailment,0,LINCOLN,NE,75,4,Dark,Rain,Yard,Freight Train,5,18874,0,18874,M105,40.808052,-96.725672,75.4,71.2,70.8
CSX,000170967,2017-03-14,4:25 PM,Other impacts,0,ROCKY MOUNT,NC,51,3,Dusk,Cloudy,Main,Freight Train,45,20500,0,20500,M404,35.918853,-77.804447,35.7,41.5,32
IHB,2105,2015-05-29,8:58 AM,Side collision,0,HAMMOND,IN,82,2,Day,Clear,Yard,Yard/switching,5,18217,0,33403,H305,41.612787,-87.499555,69,73.9,59.3
NS,140840,2021-03-05,6:45 PM,Side collision,0,GREENSBORO,NC,45,3,Dusk,Clear,Yard,Yard/switching,3,0,0,25000,H018,36.079922,-79.785819,53.1,43.8,43.6
UP,0623TO004,2023-06-04,11:06 AM,Derailment,0,MARLOW,OK,78,2,Day,Clear,Main,Freight Train,48,1002469,158298,1160767,E62C,34.66054,-97.954359,71,72.6,74.8
IAIS,2022041,2022-09-25,4:00 AM,Derailment,0,DES MOINES,IA,76,4,Dark,Clear,Main,Yard/switching,10,600000,700000,1952971,H599,41.5874,-93.589756,66.2,63.8,58
NICD,N2260004,2022-02-13,11:15 PM,Other impacts,0,CHICAGO,IL,16,4,Dark,Cloudy,Main,Commuter Train - Pulling,65,0,0,39710,M599,41.80062,-87.58709,19.5,16,20.6
DQE,ID220080,2022-07-11,3:59 PM,Derailment,0,EAGLETOWN,OK,88,2,Day,Clear,Main,Freight Train,25,1200200,118060,1318260,E07C,34.02159,-94.47425,86.5,83.7,86.2
UP,0517KC021,2017-05-21,2:13 PM,Derailment,0,PONDCREEK,OK,69,2,Day,Clear,Main,Freight Train,43,224441,238378,462819,E61C,36.682033,-97.799412,59.7,61.3,60.7
SW,SWC826152D,2015-08-26,1:30 PM,Derailment,0,CARLSBAD,NM,82,2,Day,Clear,Industry,Freight Train,5,12500,0,12500,H306,32.4991,-104.2634,83.3,83.5,83.8
CSX,000159846,2016-05-18,7:23 AM,Raking collision,0,SELKIRK,NY,55,1,Dawn,Cloudy,Yard,Yard/switching,5,2000,0,14642,H607,42.565903,-73.854184,53.9,54.2,58.3
UP,0124PR011,2024-01-15,3:19 PM,Hwy-rail crossing,0,FRANKLIN GROVE,IL,-1,2,Day,Clear,Main,Freight Train,30,7207,106875,114082,M303,41.848214,-89.278354,-11,-9.4,-5.3