reportingrailroadcode,accidentnumber,date,time,accidenttype,hazmatreleasedcars,station,stateabbr,temperature,visibility_code,visibility,weathercondition,tracktype,equipmenttype,trainspeed,equipmentdamagecost,trackdamagecost,totaldamagecost,primaryaccidentcausecode,latitude,longitude,prior_temp,actual_temp,following_temp
BNSF,CH0116113,2016-01-25,6:30 AM,Derailment,0,GALESBURG,IL,30,1,Dawn,Clear,Main,Freight Train,10,236312,402837,639149,E71L,40.938941,-90.361389,28.7,33.1,27.8
NS,139999,2020-12-13,5:20 AM,Other impacts,0,BELLEVUE,OH,28,1,Dawn,Clear,Yard,Single Car,0,800,0,36124,H312,41.289407,-82.792543,48.7,36.2,33.2
NS,144983,2022-04-14,10:45 PM,Other impacts,0,CORINTH,MS,49,4,Dark,Clear,Yard,,0,0,92822,92822,H312,34.939615,-88.511966,70.9,57.4,61.9
CSX,000214346,2023-11-02,9:30 AM,Derailment,0,ROMULUS,MI,45,2,Day,Clear,Main,Freight Train,39,454204,46105,500309,E62C,42.238603,-83.395838,34.2,40.2,49.3
UP,0218LK007,2018-02-03,2:20 PM,Other impacts,0,SHREVEPORT,LA,64,2,Day,Cloudy,Yard,Cut of cars,2,2614,0,47925,H020,32.424775,-93.889394,43.8,41.7,53.1
UP,1219MA041,2019-12-19,9:40 PM,Hwy-rail crossing,0,CAHOKIA,IL,32,4,Dark,Clear,Main,Freight Train,15,0,19200,19200,M308,38.57034,-90.175163,23.7,29.8,32.3
CMR,08142019,2019-08-14,3:00 PM,Derailment,0,ST ALBANS,MO,90,2,Day,Clear,Main,Freight Train,10,0,13110,13110,H503,38.23433,-91.080709,80.4,78.4,74
UP,0617LV005,2017-06-04,4:20 AM,Other impacts,0,SHREVEPORT,LA,80,4,Dark,Clear,Yard,Cut of cars,0,24038,0,55197,H306,32.366488,-93.643588,77.5,75.6,77.3
WNYP,W2019026,2019-10-10,7:50 AM,Obstruction,0,OLEAN,NY,50,1,Dawn,Fog,Yard,Yard/switching,2,43000,0,118000,H607,42.082918,-78.482533,48.2,49.7,53.1
UP,0216PR017,2016-02-19,10:45 AM,Hwy-rail crossing,0,JOLIET,IL,61,2,Day,Clear,Main,,0,0,0,61000,M308,41.480524,-88.090083,34.7,51.2,48.4
GTW,1079509,2021-08-11,3:30 PM,Derailment,0,WOODHAVEN,MI,80,2,Day,Rain,Yard,Yard/switching,4,0,0,48264,M105,42.120386,-83.248103,80.4,76.3,76.8
BNSF,HL0819107,2019-08-07,3:10 PM,Side collision,0,KANSAS CITY,MO,81,2,Day,Clear,Yard,Spec. MoW Equip.,5,15000,0,15790,H997,39.118584,-94.589581,83.4,78.2,77.9
BNSF,SW1218104,2018-12-08,2:26 PM,Head on collision,0,BELEN,NM,53,2,Day,Clear,Yard,Freight Train,21,315094,20000,401094,H221,34.661608,-106.766901,41.7,40.7,35.6
NS,130787,2018-08-31,11:30 PM,Other (describe in narrative),0,PAINTED POST,NY,72,4,Dark,Clear,Yard,Single Car,0,2817,0,145510,H702,42.147629,-77.106746,70.7,66.7,71.4
CP,1000198977,2015-04-14,5:40 AM,Derailment,0,KANSAS CITY,MO,51,4,Dark,Clear,Yard,Yard/switching,5,20000,0,21303,E39C,39.128967,-94.521589,61.4,60.6,57.3
CSX,000204452,2022-04-23,7:00 AM,Derailment,0,WALBRIDGE,OH,55,1,Dawn,Clear,Yard,Yard/switching,4,40576,1000,41576,H702,41.589911,-83.496929,48.8,66.4,74
CP,1000809525,2018-05-04,9:25 PM,Obstruction,0,BALLSTON SPA,NY,50,4,Dark,Rain,Main,,0,0,0,10910,M404,42.992046,-73.841975,73.1,70.2,61.7
LI,69343,2019-02-26,7:20 PM,Hwy-rail crossing,0,WESTBURY,NY,25,4,Dark,Clear,Main,EMU,37,1000000,1000,1001000,M308,40.754562,-73.581253,38,29.3,25.5
NCRC,OP11062016,2016-11-06,3:00 AM,Other impacts,0,COLUMBUS,NE,30,4,Dark,Clear,Siding,Cut of cars,0,20000,2525,22525,M599,41.501,-97.346,54.3,57.9,53.2
ATK,165800,2020-11-11,7:20 AM,Obstruction,0,OAKVILLE,MO,36,1,Dawn,Cloudy,Main,Passenger Train - Pulling,60,17799,0,17799,M404,38.429473,-90.305802,64.3,42.6,45.1
CSX,000188911,2020-03-05,7:21 PM,Other impacts,0,ROCKY MOUNT,NC,54,4,Dark,Rain,Yard,Yard/switching,2,18146,100,21386,H020,35.918853,-77.804447,53.7,49.1,47.9
NS,153889,2023-08-11,11:55 AM,Derailment,0,BLOOMSBURY,NJ,82,2,Day,Clear,Siding,Single Car,2,50000,0,52280,M201,40.661381,-75.033704,69.5,72.4,73
CSX,000209882,2023-02-18,4:16 AM,Side collision,0,WILLARD,OH,23,1,Dawn,Clear,Yard,Freight Train,5,44057,0,55449,H607,41.0599,-82.724084,27.5,31.5,44.3
UP,0120GP015,2020-01-02,7:07 AM,Derailment,0,NORTH PLATTE,NE,24,1,Dawn,Clear,Yard,Yard/switching,7,25989,5640,31629,H505,41.149969,-100.809999,27,30.5,31.2
CSX,000158018,2016-03-12,8:50 PM,Other impacts,0,WILLARD,OH,50,4,Dark,Cloudy,Yard,Cut of cars,4,19199,0,95729,H399,41.059857,-82.723964,40.7,45.7,49.8
NS,151658,2022-12-07,8:30 PM,Other impacts,0,GREENSBORO,NC,56,4,Dark,Fog,Yard,Single Car,0,30000,0,31500,H312,36.059928,-79.842014,45.5,53.3,55.8
BNSF,RD1123113,2023-11-12,4:30 AM,Derailment,0,MADILL,OK,50,1,Dawn,Clear,Yard,Freight Train,13,12319,32038,44357,M204,34.099417,-96.767058,54.6,52.6,53.8
CSX,000194613,2020-12-18,7:00 AM,Other impacts,0,FEURA BUSH,NY,12,1,Dawn,Cloudy,Yard,Single Car,8,18191,0,18776,S015,42.565903,-73.854184,17.3,13,9.2
UP,0516PR005,2016-05-12,1:35 AM,Derailment,0,MORRISON,IL,62,4,Dark,Rain,Main,Freight Train,30,11713,264118,275831,E51C,41.815937,-89.987447,61.8,61.1,54.1
CSX,000160297,2016-06-05,9:24 AM,Side collision,0,CINCINNATI,OH,82,2,Day,Cloudy,Yard,Yard/switching,4,75000,1500,131576,H607,39.104289,-84.538797,71,72.4,72.6
FGLK,06172017,2017-06-17,11:15 AM,Other impacts,0,SOLVAY,NY,85,2,Day,Clear,Yard,Yard/switching,4,15000,0,15000,H302,43.065029,-76.212394,69.8,74.2,78.8
ATK,171032,2022-06-12,3:15 AM,Obstruction,0,SHARON,MA,60,4,Dark,Clear,Main,Spec. MoW Equip.,5,300000,0,425000,H607,42.138668,-71.171135,67.3,67.1,74
CSX,000195996,2021-02-28,3:18 PM,Derailment,0,WILLARD,OH,57,3,Dusk,Cloudy,Yard,Yard/switching,8,103860,7408,111268,H702,41.059877,-82.72407,40,48.5,36.4
IC,891488,2016-06-13,11:18 AM,Derailment,0,METAIRIE,LA,81,2,Day,Clear,Main,,0,0,5000,19032,H605,29.58148,-90.101269,82.2,81.9,81.1
NS,142197,2021-07-15,3:15 AM,Other impacts,0,BELLEVUE,OH,65,4,Dark,Clear,Yard,Single Car,0,39136,0,41207,M411,41.29034,-82.788151,75.5,76.5,74
MRL,2015039,2015-03-22,5:15 AM,Derailment,0,GARRISON,MT,40,4,Dark,Clear,Yard,Freight Train,10,183232,0,198232,H306,46.5375,-112.8264,45.3,45,39.5
UP,0420PN005,2020-04-09,2:40 PM,Other impacts,0,HERMISTON,OR,73,2,Day,Clear,Yard,Cut of cars,0,46456,0,95810,H601,45.796259,-119.268305,52.2,53.9,58.9
IHB,2259,2016-11-01,1:39 AM,Other impacts,0,DIXMOOR,IL,60,4,Dark,Clear,Yard,Yard/switching,3,0,0,63000,H607,41.638988,-87.670159,50.6,66.7,62.1
CSX,000159804,2016-05-16,6:30 AM,Derailment,0,DANVILLE,IL,42,1,Dawn,Cloudy,Yard,Yard/switching,4,13136,50,13186,H318,40.140715,-87.614975,46.7,52.9,53.4
NS,145532,2022-06-13,9:40 AM,Other impacts,0,LEXINGTON,NC,72,2,Day,Clear,Yard,Single Car,0,260,0,11377,H312,35.750594,-80.318289,79.1,82.2,80.3
BNSF,HL0323108,2023-03-07,6:46 PM,Derailment,0,CATOOSA,OK,55,3,Dusk,Cloudy,Industry,Freight Train,10,12155,24273,36428,H506,36.228093,-95.70152,65.4,52.2,49.2
BNSF,RD0723103,2023-07-06,4:15 AM,Other (describe in narrative),0,TULSA,OK,70,1,Dawn,Rain,Yard,Yard/switching,5,10840,0,23780,M408,36.122317,-96.01094,76.5,74.4,74.5
MNCW,2017012608,2017-01-27,7:00 AM,Other (describe in narrative),0,BRIDGEPORT,CT,35,1,Dawn,Rain,Main,EMU,10,17400,0,17400,E78L,41.185278,-73.165583,44.3,41.7,37.7
UP,1117PD031,2017-11-23,8:30 PM,Derailment,0,EUGENE,OR,44,4,Dark,Cloudy,Main,Freight Train,3,2550,19429,21979,H403,44.078471,-123.142699,58,55.8,43.2
BNSF,KS0318106,2018-03-20,2:14 AM,Derailment,0,KANSAS CITY,KS,42,4,Dark,Cloudy,Yard,Yard/switching,4,14248,250,14498,M103,39.087304,-94.684495,43.8,44.4,44.3
WE,170032,2017-03-13,6:15 PM,Fire/violent rupture,0,SMITHVILLE,OH,26,2,Day,Clear,Main,Freight Train,12,21290,0,21290,E74L,40.844503,-81.820204,22,24.6,20.2
NS,133529,2019-04-11,2:45 AM,Derailment,0,MINGO JUNCTION,OH,34,4,Dark,Clear,Yard,Yard/switching,5,1200,16331,17531,H306,40.310679,-80.610466,50.1,57.2,65.9
UP,0218NP068,2018-02-11,9:00 AM,Other impacts,0,NORTH PLATTE,NE,16,2,Day,Cloudy,Yard,Single Car,0,5822,0,12003,M411,41.146629,-100.814609,5.1,12.4,13.6
SLWC,160710001,2016-07-10,6:16 AM,Derailment,0,TULSA,OK,73,1,Dawn,Clear,Yard,Freight Train,7,34341,0,119341,E40C,36.125703,-96.012043,82.8,84.5,85.5
NS,151872,2022-12-31,10:00 AM,Hwy-rail crossing,0,WRIGHT CITY,MO,46,2,Day,Clear,Main,Freight Train,53,25000,0,25000,M302,38.820619,-90.98063,45.5,41.8,51.9
UP,1018LK007,2018-10-06,12:46 PM,Derailment,1,PINE BLUFF,AR,85,2,Day,Clear,Yard,Freight Train,5,150523,16160,166683,H525,34.231048,-91.960362,79.1,78.2,78.2
NS,123403,2017-01-03,8:45 PM,Derailment,0,CINCINNATI,OH,72,4,Dark,Rain,Yard,Freight Train,0,400,2214,16634,H702,39.141446,-84.544144,48.7,53.2,30.3
SKOL,210528001,2021-05-28,11:00 AM,Derailment,0,COFFEYVILLE,KS,65,2,Day,Clear,Industry,,0,0,38000,38954,H505,37.07951,-95.602223,71,61.6,55.6
RRVW,031519,2019-03-15,5:30 PM,Derailment,0,CASSELTON,ND,30,2,Day,Clear,Main,Freight Train,10,10760,8000,18760,M101,46.890665,-97.221582,30.8,24.2,13.9
LI,72701,2020-07-31,12:40 PM,Obstruction,0,WOODSIDE,NY,73,2,Day,Clear,Main,Maint./inspect Car,0,20000,0,52113,H402,40.73798,-73.892872,86.2,76.9,80.9
NS,144750,2022-03-18,7:05 PM,Hwy-rail crossing,0,MELROSE,OH,72,3,Dusk,Rain,Main,Freight Train,30,1414,15574,16988,M303,41.09202,-84.421695,56.2,53.2,46.5
BNSF,RD0122131,2022-01-29,5:10 PM,Derailment,0,TULSA,OK,55,3,Dusk,Clear,Yard,Freight Train,10,5334,459000,464334,E46C,36.116789,-96.010843,35.8,42.9,43.1
BNSF,RD0721208,2021-07-21,10:50 AM,Hwy-rail crossing,0,ADA,OK,82,2,Day,Clear,Main,Freight Train,25,2000,20000,22000,M302,34.781621,-96.670003,75.3,74.3,76.9
UP,0515DV005,2015-05-09,8:04 PM,Derailment,0,COLLYER,KS,65,2,Day,Cloudy,Siding,Cut of cars,0,194862,100,194962,M105,39.028975,-100.13762,58.2,58.7,51.9
UP,0618FW007,2018-06-06,9:05 PM,Hwy-rail crossing,0,OKTAHA,OK,78,4,Dark,Clear,Main,Freight Train,0,33118,822,33940,M302,35.575424,-95.481112,75.3,79.3,74
BNSF,TC1119201,2019-11-07,10:58 AM,Hwy-rail crossing,0,NEW ROCKFORD,ND,32,2,Day,Cloudy,Main,Freight Train,59,300000,0,300000,M302,47.630847,-99.005898,14.7,15.4,28.9
WC,1075097,2021-06-28,5:57 PM,Other impacts,0,GARY,IN,81,2,Day,Cloudy,Yard,Single Car,3,36,0,11996,S016,41.629483,-87.406394,76.7,73.8,75.6
CSX,000213822,2023-10-01,3:00 AM,Obstruction,0,OCEAN SPGS,MS,68,4,Dark,Clear,Main,Freight Train,40,0,46662,46662,M402,30.415414,-88.820362,78.1,78.5,76.4
UP,1223HL008,2023-12-09,9:04 AM,Derailment,0,SALINA,KS,40,2,Day,Cloudy,Yard,Yard/switching,7,42871,120301,172707,H318,38.851913,-97.603502,46.7,40.3,35.2
NJTR,202110416,2021-09-02,1:10 AM,Other (describe in narrative),0,MONTVALE,NJ,75,4,Dark,Rain,Main,Commuter Train - Pushing,15,54733,0,54733,M105,41.042236,-74.028004,69.4,67.3,65.4
LI,70848,2019-11-04,2:00 AM,Derailment,0,RICHMOND HILL,NY,44,4,Dark,Clear,Yard,EMU,3,184791,6586,191377,M405,40.696948,-73.82388,48.1,49.3,56.6
BNSF,RD0217115,2017-02-16,9:20 PM,Derailment,0,TULSA,OK,54,4,Dark,Clear,Yard,Yard/switching,7,80080,83000,163080,H514,36.108013,-96.019641,44.8,51.7,54.8
BNSF,HL1018125,2018-10-29,5:00 AM,Derailment,0,LINCOLN,NE,38,1,Dawn,Clear,Yard,Yard/switching,6,25000,10340,35340,H307,40.807894,-96.726148,54.8,52.1,52.6
KAW,220528001,2022-05-28,12:15 AM,Obstruction,0,KANSAS CITY,MO,80,4,Dark,Clear,Industry,Spec. MoW Equip.,0,800000,0,869635,H499,39.09384,-94.54024,64.4,74.5,79.1
CSX,000203394,2022-03-02,8:04 AM,Hwy-rail crossing,0,VERSAILLES,OH,35,2,Day,Clear,Main,Freight Train,58,20649,104441,125090,M303,40.223731,-84.482135,45.3,44.4,32.9
CSX,000175871,2018-04-10,7:35 PM,Other impacts,0,SELKIRK,NY,43,3,Dusk,Cloudy,Yard,Cut of cars,5,15242,50,19989,M101,42.565903,-73.854184,32.6,35.7,36.4
NS,151165,2022-10-14,2:41 PM,Derailment,0,COLUMBUS,OH,65,2,Day,Clear,Main,Freight Train,4,101800,76910,178710,H504,39.917678,-82.94689,56.5,51.5,53.4
UP,0118NP007,2018-01-06,8:48 PM,Other impacts,0,NORTH PLATTE,NE,18,4,Dark,Cloudy,Yard,Yard/switching,4,5717,0,12855,M411,41.15221,-100.819072,17,16.7,32.9
WC,1069997,2021-05-07,8:45 PM,Derailment,0,BEDFORD PARK,IL,50,4,Dark,Clear,Yard,Light loco(s),4,527,0,5277,H702,41.804489,-87.695727,50.2,49,45.3
NS,124651,2017-04-09,8:55 AM,Derailment,0,ELKHART,IN,62,2,Day,Clear,Yard,Yard/switching,7,27568,1000,28568,M408,41.67736,-85.978495,46.1,62.6,65.1
ATK,162530,2019-12-27,7:41 PM,Hwy-rail crossing,0,ROMEOVILLE,IL,32,4,Dark,Clear,Main,Passenger Train - Pulling,76,48706,0,67330,M308,41.66335,-88.033886,51.4,32.8,38.7
BNSF,CH1018118,2018-10-28,7:15 AM,Derailment,0,EOLA,IL,35,1,Dawn,Clear,Yard,Freight Train,5,15000,20000,35000,H607,41.772193,-88.265,46.8,46.4,43.8
UP,1118LV020,2018-11-15,3:11 AM,Derailment,0,ADDIS,LA,32,4,Dark,Cloudy,Industry,Yard/switching,3,237200,15078,252278,T221,30.330598,-91.243042,37.4,40.3,47.7
EJR,10191,2020-10-19,2:00 PM,Side collision,0,BAYONNE,NJ,60,2,Day,Rain,Yard,Single Car,5,3500,0,23500,H021,40.65899,-74.10641,53.1,58.5,63.8
NS,144196,2022-01-30,1:50 AM,Derailment,0,BELLEVUE,OH,15,4,Dark,Snow,Yard,Yard/switching,4,970456,186354,1156810,M404,41.29292,-82.783218,8.1,18.3,19.2
CFE,CFE658814D,2014-11-23,4:50 PM,Derailment,0,LIMA,OH,54,2,Day,Cloudy,Yard,Freight Train,4,9088,7000,16088,T221,40.752487,-84.129219,41.4,52.8,49.3
CSX,000208294,2022-11-11,1:10 AM,Derailment,0,TOLEDO,OH,56,4,Dark,Cloudy,Main,Freight Train,17,97126,78754,198815,M204,41.667936,-83.476895,60,54.5,37.2
BNSO,BNSO072010,2020-07-29,10:30 PM,Other impacts,0,AURORA,IL,80,4,Dark,Clear,Yard,Spec. MoW Equip.,4,200000,0,200000,H018,41.763899,-88.306051,73.6,77,74
NJTR,202104138,2021-03-13,1:14 PM,Other (describe in narrative),0,NEWARK,NJ,40,2,Day,Clear,Main,Commuter Train - Pulling,0,14247,0,14247,S010,40.732738,-74.165727,61.7,43.1,44.2
CSX,000194161,2020-11-28,7:15 AM,Other impacts,0,COLUMBUS,OH,50,1,Dawn,Clear,Yard,Yard/switching,4,3500,0,40747,M599,39.972333,-83.021122,47.5,39.7,40.2
CFE,CFE335123D,2023-02-19,12:15 AM,Derailment,0,DELPHOS,OH,45,4,Dark,Cloudy,Industry,Freight Train,6,18000,1346,19346,T217,40.841381,-84.346306,32.7,44.5,42.8
NJTR,202205199,2022-05-01,8:12 PM,Other (describe in narrative),0,SECAUCUS,NJ,50,4,Dark,Cloudy,Main,Commuter Train - Pulling,35,13462,0,18270,E78L,40.770604,-74.055284,54.9,56.8,53.8
CSX,000181142,2019-02-03,6:18 AM,Side collision,0,BUFFALO,NY,42,1,Dawn,Cloudy,Yard,Light loco(s),0,48711,16070,111091,H305,42.901973,-78.773441,23.2,42.3,50.9
IC,1044307,2020-08-10,2:59 PM,Hwy-rail crossing,0,PONCHATOULA,LA,90,2,Day,Clear,Main,,0,0,0,116000,M302,30.407217,-90.431709,81.5,82.3,82.6
BNSF,PR0724201,2024-07-16,2:47 PM,Hwy-rail crossing,0,HAIGLER,NE,93,2,Day,Cloudy,Main,Freight Train,50,20500,0,20500,M302,40.053983,-102.015674,83,77.3,71.5
TPW,TPW572720S,2020-10-18,10:30 AM,Other impacts,0,SHELDON,IL,63,2,Day,Clear,Main,Yard/switching,2,6710,0,53019,H307,40.770278,-87.538056,49.1,50.5,43.8
KCS,16082902,2016-08-29,10:30 PM,Other impacts,0,ARTESIA,MS,79,4,Dark,Clear,Yard,Yard/switching,7,53123,2711,55834,H307,33.413017,-88.642876,82.7,83.5,83.6
BNSF,RD0520201,2020-05-05,10:35 AM,Hwy-rail crossing,0,RAVIA,OK,87,2,Day,Clear,Main,Freight Train,39,18671,2000,20671,M302,34.346923,-96.800334,77.9,67.5,61.5
CSX,000155493,2015-12-25,12:38 PM,Derailment,0,CHICAGO,IL,43,2,Day,Cloudy,Yard,Freight Train,5,15279,0,16179,H702,41.760341,-87.71559,40,39.3,42.2
UP,0524RM005,2024-05-07,7:35 AM,Derailment,0,POCATELLO,ID,38,2,Day,Sleet,Yard,Yard/switching,3,35792,4718,40510,E44C,42.847153,-112.430047,46.5,42.2,44.5
CSX,000198642,2021-07-03,11:38 AM,Side collision,0,LIMA,OH,74,2,Day,Cloudy,Yard,Freight Train,2,47000,0,109342,H017,40.792597,-84.09123,66.9,69.1,77.8
NS,156676,2024-05-12,2:30 AM,Side collision,0,DETROIT,MI,60,4,Dark,Clear,Yard,Freight Train,3,26000,0,57530,H702,42.282906,-83.154444,54.7,57.5,70.6
NS,142616,2021-08-22,2:55 AM,Derailment,0,NEW ORLEANS,LA,72,4,Dark,Clear,Main,Freight Train,9,39500,21095,60595,H505,30.002479,-90.045396,87.7,88.3,87.5
CSX,000157545,2016-02-25,10:55 PM,Derailment,0,HARPSTER,OH,25,4,Dark,Snow,Siding,Freight Train,14,29642,12955,42597,E67C,40.739043,-83.250929,38.1,31.6,28.4
NS,144857,2022-04-01,6:15 AM,Other impacts,0,BELLEVUE,OH,32,1,Dawn,Clear,Yard,Single Car,5,32631,0,50131,H706,41.27333,-82.83459,53.2,36.1,37.3
LSRC,D230221,2023-02-21,9:15 AM,Derailment,0,FLINT,MI,35,2,Day,Clear,Yard,Yard/switching,4,20277,2250,22527,H020,43.079955,-83.67645,35.8,31.9,29.1
CSX,000205288,2022-05-31,7:25 PM,Other impacts,0,CLEVELAND,OH,80,3,Dusk,Clear,Yard,Freight Train,0,185000,1000,246000,H318,41.563361,-81.573775,79.7,83.1,77.4
CSX,000189856,2020-04-25,4:45 PM,Derailment,0,SIDNEY,OH,54,2,Day,Rain,Industry,Freight Train,4,29041,0,29041,M501,40.273794,-84.165386,52.2,56.2,46.7
FEC,T17051819,2019-05-18,3:10 PM,Other (describe in narrative),0,LAKE WORTH,FL,80,2,Day,Clear,Main,,0,0,0,11632,M599,26.506196,-80.054772,78.6,79.5,81.3
UP,0717TC022,2017-07-29,11:01 PM,Derailment,0,MADELIA,MN,65,4,Dark,Clear,Industry,Freight Train,5,20505,1078,21583,H704,44.079211,-94.370007,72.7,70.7,71
NS,152581,2023-03-19,7:30 AM,Side collision,0,BELLEVUE,OH,30,1,Dawn,Cloudy,Yard,Yard/switching,2,114758,850,115908,H399,41.288345,-82.801972,26.2,26.6,36.6
UP,0823GP013,2023-08-04,9:00 PM,Derailment,0,NORTH PLATTE,NE,69,4,Dark,Rain,Yard,Light loco(s),5,12843,297,13140,H307,41.15508,-100.851102,74.8,74.5,72.8
MBTA,19246,2019-12-06,11:31 PM,Derailment,0,BOSTON,MA,34,4,Dark,Clear,Yard,,0,0,0,0,H303,42.351803,-71.113724,39.2,33.5,31
NYSW,150528A,2015-05-28,7:05 AM,Derailment,0,MARATHON,NY,65,1,Dawn,Cloudy,Main,Freight Train,25,86456,394750,481206,M405,42.439203,-76.037023,72.5,66.6,66.4
BNSF,KS1217100,2017-12-07,5:15 AM,Side collision,0,KANSAS CITY,KS,15,1,Dawn,Clear,Yard,Yard/switching,2,20038,27466,388193,H307,39.087248,-94.69777,39.4,24.5,30.8
UP,0115WH015,2015-01-28,5:00 PM,Derailment,0,MUSKOGEE,OK,63,2,Day,Cloudy,Main,Freight Train,17,32673,5213,37886,E34C,35.573102,-95.482174,51.4,56.9,49.2
EIRR,240123007,2024-01-23,8:21 PM,Derailment,0,IDAHO FALLS,ID,35,4,Dark,Rain,Yard,,0,0,8620,19344,T221,43.501894,-112.030768,31,35.3,35.6
UP,0117NP003,2017-01-05,9:55 AM,Derailment,0,KIMBALL,NE,-1,2,Day,Cloudy,Main,Freight Train,47,7882,58169,66051,E00C,41.235374,-103.740123,6.2,-1.9,-1.9
BNSF,CH0916114,2016-09-24,2:30 AM,Derailment,0,GALESBURG,IL,70,4,Dark,Clear,Yard,Yard/switching,7,35543,4600,40143,H307,40.923044,-90.375133,74,73.6,72.6
WC,1078093,2021-07-26,10:15 PM,Other impacts,0,GARY,IN,67,4,Dark,Clear,Yard,Single Car,5,34,0,51820,M599,41.629748,-87.405987,78.3,77.1,76.1
BNSF,RD0517100,2017-05-01,8:15 PM,Side collision,0,TULSA,OK,60,3,Dusk,Clear,Yard,Yard/switching,7,4000,0,20374,M408,36.122884,-96.010654,52.1,56.6,63.9
NS,120808,2016-06-09,9:09 PM,Derailment,0,SECAUCUS,NJ,71,4,Dark,Clear,Yard,Freight Train,4,21682,1500,23182,H702,40.76315,-74.071006,61.1,62.8,66.8
NS,122882,2016-11-25,1:26 AM,Other (describe in narrative),0,MUSCLE SHOALS,AL,50,4,Dark,Clear,Yard,Yard/switching,6,17235,0,17235,S007,34.712551,-87.616781,58,53,42.3
KCS,19020101,2019-02-01,12:05 AM,Derailment,0,KANSAS CITY,MO,22,4,Dark,Cloudy,Yard,Light loco(s),7,18767,2217,20984,H306,39.129222,-94.533232,18.6,35.7,50.7
ATK,175871,2023-08-10,2:15 AM,Side collision,0,NEW YORK,NY,60,4,Dark,Clear,Yard,Yard/switching,0,944,0,16944,H702,40.74895,-73.93147,77.8,74.4,76.2
UP,1021GP043,2021-10-27,5:30 PM,Other impacts,0,NORTH PLATTE,NE,60,2,Day,Clear,Yard,Yard/switching,7,46622,0,244485,M411,41.149573,-100.808944,52.6,49.7,49.3
BNSF,TX0315108,2015-03-23,4:15 PM,Derailment,0,EDMOND,OK,65,2,Day,Clear,Industry,Freight Train,1,12345,0,12345,H702,35.613805,-97.496696,60.3,63.3,67.9
CRSH,132750,2019-01-11,11:40 AM,Raking collision,0,NEWARK,NJ,48,2,Day,Clear,Yard,Cut of cars,0,47136,0,47136,S016,40.709414,-74.141551,32.2,26.4,27
CC,922957,2017-05-18,8:26 AM,Hwy-rail crossing,0,CEDAR FALLS,IA,60,2,Day,Cloudy,Main,Maint./inspect Car,10,15800,27,15827,M302,42.538152,-92.449561,66.5,58.5,46.6
CSX,000161397,2016-07-17,1:20 AM,Derailment,0,CHICAGO,IL,78,4,Dark,Clear,Industry,Cut of cars,0,308033,0,470393,S006,41.779543,-87.679338,69.5,74.8,78.4
CSX,000166293,2017-01-26,2:30 PM,Hwy-rail crossing,0,LODI,OH,35,2,Day,Cloudy,Main,Freight Train,58,16276,10131,26407,M303,41.01886,-81.993835,41.3,35.7,30.2
UP,0622GP015,2022-06-15,12:00 PM,Other impacts,0,NORTH PLATTE,NE,78,2,Day,Clear,Yard,Single Car,10,51328,99,51681,H707,41.143964,-100.785995,76.5,72.9,75.4
CSX,000175122,2017-03-29,9:45 AM,Fire/violent rupture,0,BUFFALO,NY,44,2,Day,Cloudy,Main,Light loco(s),40,18767,50,18817,M406,42.854127,-78.849208,45.9,43.2,37.8
KCS,16031901,2016-03-19,11:50 AM,Other impacts,0,MONROE,LA,58,2,Day,Clear,Yard,Yard/switching,7,0,0,130989,H318,32.497775,-92.094517,59.5,54.1,47.4
NS,120654,2016-05-26,9:45 AM,Hwy-rail crossing,0,LUMBERTON,MS,78,2,Day,Clear,Main,Freight Train,54,60,35640,35700,M302,31.077122,-89.436205,75.7,78,78
BNSF,PR0617106,2017-06-12,7:55 PM,Derailment,0,ANGORA,NE,72,3,Dusk,Rain,Main,Freight Train,0,137479,19000,156479,M102,41.938363,-103.024818,69.8,71,65.1
NS,131415,2018-10-23,1:40 PM,Other impacts,0,CLEVELAND,OH,54,2,Day,Cloudy,Yard,Yard/switching,2,10791,0,22084,H099,41.422254,-81.798126,46.1,49.5,46.5
NS,142860,2021-09-16,1:40 AM,Rear end collision,0,TOLEDO,OH,64,4,Dark,Clear,Yard,Yard/switching,1,235,2339,23784,H307,41.638048,-83.553992,70.4,67.2,73.3
UP,0417KC018,2017-04-03,9:00 PM,Other impacts,0,KANSAS CITY,MO,50,4,Dark,Clear,Yard,Single Car,0,1124,0,16918,S012,39.121903,-94.506475,56.8,56.8,50.9
SKOL,M522715,2015-09-01,8:50 AM,Other impacts,0,CATOOSA,OK,80,2,Day,Clear,Yard,Light loco(s),7,28350,0,28350,H018,36.152488,-95.512134,80.2,80.6,80.6
WC,1147815,2024-04-06,10:00 PM,Derailment,0,GARY,IN,35,4,Dark,Clear,Yard,Yard/switching,5,239368,29091,268459,E45C,41.6213,-87.380243,40.3,41.4,44.8
CP,1000609389,2017-08-24,2:25 AM,Other (describe in narrative),0,MINNEAPOLIS,MN,59,4,Dark,Cloudy,Main,Freight Train,6,0,0,36936,H702,45.016219,-93.260197,66,65.1,64.1
NS,139195,2020-09-18,2:43 PM,Other (describe in narrative),0,EVENDALE,OH,72,2,Day,Clear,Yard,Yard/switching,5,12050,1863,13913,H306,39.252474,-84.430854,65.1,60.6,54.6
IC,1113504,2022-09-09,11:16 AM,Obstruction,0,KENTWOOD,LA,88,2,Day,Clear,Main,Spec. MoW Equip.,0,0,0,25000,E04C,30.880717,-90.510864,75.2,72.4,74.2