reportingrailroadcode,accidentnumber,date,time,accidenttype,hazmatreleasedcars,station,stateabbr,temperature,visibility_code,visibility,weathercondition,tracktype,equipmenttype,trainspeed,equipmentdamagecost,trackdamagecost,totaldamagecost,primaryaccidentcausecode,latitude,longitude,prior_temp,actual_temp,following_temp
UP,0823GP025,2023-08-11,12:30 PM,Other impacts,0,NORTH PLATTE,NE,82,2,Day,Clear,Yard,Single Car,0,17238,0,31467,M411,41.145922,-100.836026,73.4,76,72.6
UP,1117PD041,2017-11-29,5:30 AM,Derailment,0,PORTLAND,OR,41,4,Dark,Clear,Yard,Freight Train,5,43808,330,44138,E64L,45.553324,-122.691862,45.1,45.5,43.3
BNSF,RD1118211,2018-11-24,8:15 AM,Hwy-rail crossing,0,KIEFER,OK,50,1,Dawn,Clear,Main,Freight Train,43,50000,4000,54000,M302,35.944635,-96.062901,53.8,54.5,45
UP,0816PD011,2016-08-25,2:09 AM,Derailment,0,PORTLAND,OR,67,4,Dark,Clear,Yard,Freight Train,2,18620,0,18620,H702,45.534255,-122.673707,74.6,77.3,77.8
NS,118852,2016-01-09,4:10 PM,Side collision,0,BELLEVUE,OH,45,3,Dusk,Clear,Yard,Yard/switching,1,5796,0,11960,H607,41.274423,-82.83357,35.3,46.6,33.3
BNSF,HL0224103,2024-02-05,10:10 PM,Derailment,0,CABOOL,MO,25,4,Dark,Clear,Main,Freight Train,17,74819,30000,104819,M501,37.130544,-92.133444,45.6,44.7,44.7
UP,0920GL020,2020-09-16,9:50 AM,Other impacts,0,COLUMBUS,NE,62,2,Day,Clear,Yard,Cut of cars,0,265752,0,427722,H702,41.427644,-97.363699,67.8,62.6,57.4
BNSF,SW0423103,2023-04-14,4:50 PM,Derailment,0,BELEN,NM,74,2,Day,Clear,Yard,Yard/switching,5,4420,27585,32005,H607,34.639605,-106.77156,64.5,58.3,55
UP,0624TO022,2024-06-16,10:13 AM,Other (describe in narrative),0,MULDROW,OK,89,2,Day,Clear,Main,Freight Train,4,116280,0,116280,E27C,35.431929,-94.690198,83.7,84.4,83.2
BNSF,RD1023118,2023-10-11,7:52 AM,Derailment,0,TULSA,OK,75,1,Dawn,Clear,Yard,Single Car,0,154,0,13321,M408,36.122204,-96.011404,66.3,72,66.3
BNSF,HL0319106,2019-03-08,5:55 AM,Derailment,0,SPRINGFIELD,MO,40,1,Dawn,Clear,Yard,Light loco(s),4,500,28560,29060,H307,37.229782,-93.300982,37.4,43.6,49.6
CSX,000177395,2018-07-04,10:15 PM,Derailment,0,WOODSTOCK,MD,85,4,Dark,Clear,Main,Freight Train,11,21305,500,21805,E05L,39.316467,-76.841144,85.3,82.8,82.3
UP,1023PR015,2023-10-22,7:45 PM,Other impacts,0,BELLWOOD,IL,50,3,Dusk,Clear,Yard,Yard/switching,6,1952,500,11841,H307,41.891332,-87.871814,53.5,50,55.1
CSX,000191157,2020-07-02,8:15 AM,Raking collision,0,SELKIRK,NY,74,2,Day,Cloudy,Yard,Single Car,6,8501,0,17606,S014,42.565903,-73.854184,69.4,73.5,73.5
CSX,000211590,2023-05-27,2:30 AM,Other impacts,0,SYRACUSE,NY,70,4,Dark,Clear,Industry,Freight Train,4,35667,0,66667,H302,43.051528,-76.180904,56,61.8,66.2
BNSF,PR0915101,2015-09-08,12:55 PM,Other (describe in narrative),0,BALLANTINE,MT,85,2,Day,Clear,Main,Maint./inspect Car,13,70000,500,70500,H997,45.951704,-108.123883,58.9,61.3,65.4
NJTR,201912661,2019-11-29,5:53 AM,Other (describe in narrative),0,JERSEY CITY,NJ,25,4,Dark,Cloudy,Main,Work train,27,12777,0,12777,H599,40.741186,-74.065919,46.4,35.8,36.7
NS,135712,2019-10-03,11:45 PM,Derailment,0,MAPLE HEIGHTS,OH,65,4,Dark,Clear,Yard,Freight Train,4,293,18217,18510,H306,41.403611,-81.560478,73.7,67.4,58.8
MBTA,YR2022106,2022-08-05,3:22 PM,Obstruction,0,ACTON,MA,75,2,Day,Clear,Main,Passenger Train - Pulling,70,76756,0,76756,M404,42.49403,-71.484061,82.3,80.1,82.5
BNSF,RD1219201,2019-12-11,9:46 PM,Hwy-rail crossing,0,OKLAHOMA CITY,OK,43,4,Dark,Clear,Main,Freight Train,39,250,60000,60250,M302,35.594634,-97.512609,35.3,38.9,45
UP,0417PD022,2017-04-20,8:45 AM,Derailment,0,PORTLAND,OR,48,2,Day,Cloudy,Yard,Freight Train,8,16918,33534,50452,H702,45.492033,-122.644734,51,51.6,54.3
CSX,000160927,2016-06-27,7:10 PM,Other impacts,0,CHILLICOTHE,OH,85,2,Day,Clear,Yard,Cut of cars,5,17415,0,59966,H018,39.332635,-82.964854,77,77.2,73.9
BNSF,RD0523133,2023-05-31,2:00 AM,Derailment,0,MILL CREEK,OK,72,4,Dark,Clear,Yard,Freight Train,5,3834,29000,32834,M505,34.466724,-96.841808,73.5,75.8,76.4
UP,0724PN040,2024-07-30,8:29 AM,Derailment,0,DURKEE,OR,63,2,Day,Cloudy,Main,Freight Train,6,132056,0,132056,H519,44.629773,-117.5101,72.5,70.1,73.9
LI,EQ20160706,2016-07-20,9:39 PM,Obstruction,0,WYANDANCH,NY,73,4,Dark,Clear,Main,EMU,70,30146,0,30146,M402,40.749378,-73.381867,78.3,73.7,76.8
CWRO,201646,2016-07-24,9:30 AM,Derailment,0,CLEVELAND,OH,82,2,Day,Clear,Industry,Yard/switching,5,15000,5000,20000,M405,41.275699,-81.403677,81.3,81.1,82.1
TRRA,21008OR,2021-02-08,8:30 PM,Derailment,0,EAST ST LOUIS,IL,8,4,Dark,Clear,Main,,0,0,22784,22784,T212,38.597397,-90.158261,12.7,20.5,17
BNSF,SF0516112,2016-05-24,1:10 AM,Other impacts,0,TULSA,OK,75,4,Dark,Clear,Yard,Yard/switching,5,21241,0,23741,H305,36.126009,-96.011195,69.6,75.2,76.3
ALS,202004042,2020-04-04,10:30 AM,Derailment,0,EAST ST LOUIS,IL,39,2,Day,Cloudy,Yard,Yard/switching,5,47150,87225,134375,H504,38.539115,-90.152641,60.6,41.2,47.7
BNSF,SW0116101,2016-01-16,3:45 PM,Derailment,0,CLOVIS,NM,60,2,Day,Clear,Yard,Freight Train,7,63661,680151,743812,H607,34.397991,-103.219643,39.5,33.5,37.3
NYSW,150619A,2015-06-19,4:53 AM,Derailment,0,BINGHAMTON,NY,57,4,Dark,Clear,Yard,,0,0,16409,16708,E29L,42.106515,-75.895617,64,65.6,61
UP,1217NP001,2017-12-04,4:00 PM,Derailment,0,COLUMBUS,NE,38,2,Day,Cloudy,Yard,Yard/switching,5,20564,70413,90977,E40C,41.42781,-97.364708,43.4,39.4,34.4
UP,0517FW023,2017-05-20,4:50 AM,Derailment,0,CANADIAN,OK,69,4,Dark,Rain,Main,Freight Train,4,248383,552766,801149,M103,35.163452,-95.66616,70.1,65.6,62.9
BNSF,HL0118118,2018-01-23,1:57 PM,Derailment,0,NORTH KANSAS CITY,MO,45,2,Day,Clear,Industry,Yard/switching,8,80000,0,80000,H307,39.155468,-94.586097,40.2,32.2,37.2
BNSF,HL0119119,2019-01-17,4:50 PM,Derailment,0,LINCOLN,NE,20,2,Day,Clear,Yard,Light loco(s),4,13422,5879,19301,T212,40.809217,-96.730229,26.5,27.5,25.5
WE,200035,2020-04-21,8:30 PM,Other (describe in narrative),0,DILLONVALE,OH,39,4,Dark,Rain,Main,Cut of cars,0,34632,0,34632,M199,40.192868,-80.795118,49.3,46.9,38.6
BNSF,RD1020119,2020-10-27,4:35 PM,Derailment,0,TULSA,OK,50,2,Day,Rain,Yard,Light loco(s),7,30000,300,30300,H607,36.131457,-96.010067,37.5,35.1,40.6
NS,124330,2017-03-15,10:55 PM,Derailment,0,BEALLSVILLE,OH,32,4,Dark,Snow,Main,Freight Train,7,165097,5000,170097,M101,39.898787,-80.967103,25.7,20.6,29.5
ATK,146813,2017-03-24,9:00 AM,Derailment,0,NEW YORK NEW YORK,NY,42,2,Day,Clear,Main,Passenger Train - Pulling,5,288760,0,342031,T217,40.751731,-73.996882,32.6,45.4,52.7
NS,143513,2021-11-19,2:40 PM,Other impacts,0,DECATUR,IL,40,2,Day,Clear,Yard,Single Car,0,306,0,11356,H312,39.852182,-88.918343,37.8,32,43.5
UP,0121MA021,2021-01-20,6:00 PM,Derailment,0,ST LOUIS,MO,45,3,Dusk,Clear,Yard,Yard/switching,8,6664,129647,136311,H307,38.615218,-90.188469,34.8,36.1,41.4
BNSF,HL0524112,2024-05-21,12:38 AM,Derailment,0,SPRINGFIELD,MO,68,4,Dark,Cloudy,Yard,Light loco(s),8,57600,0,57600,M101,37.230816,-93.313891,75,75.3,65
NS,155384,2024-01-17,1:45 PM,Hwy-rail crossing,0,,IL,20,2,Day,Clear,Main,Freight Train,45,8000,9800,17800,M303,39.715791,-90.894907,39.6,38.5,45.3
NJTR,201708276,2017-07-22,12:36 PM,Hwy-rail crossing,0,HAZLET,NJ,94,2,Day,Clear,Main,Commuter Train - Pushing,25,18850,32799,51649,M308,40.414012,-74.180026,83,82,74.7
UPME,0218CM015,2018-02-19,1:10 PM,Hwy-rail crossing,0,CHICAGO,IL,53,2,Day,Cloudy,Main,Passenger Train - Pushing,55,26660,66,26726,M308,41.985252,-87.78767,30.4,48.3,54.3
NS,155981,2024-03-08,2:30 AM,Other impacts,0,BELLEVUE,OH,48,4,Dark,Cloudy,Yard,Single Car,0,11295,0,16020,M411,41.28826,-82.800414,41.6,50.2,47
UP,0818LK009,2018-08-06,9:40 AM,Obstruction,0,MONTROSE,AR,89,2,Day,Clear,Main,Spec. MoW Equip.,5,86,33990,34076,H993,33.298008,-91.493778,80.9,82,82.1
NS,153801,2023-08-03,6:15 AM,Hwy-rail crossing,0,ARGOS,IN,60,1,Dawn,Clear,Main,Freight Train,25,12863,15000,27863,M303,41.234382,-86.254329,71,71.8,74.7
BNSF,KS0817101,2017-08-03,8:15 PM,Derailment,0,WELLINGTON,KS,81,3,Dusk,Clear,Yard,Yard/switching,3,17105,250,17355,E33C,37.261672,-97.380606,77.9,78.8,73.2
MBTA,YR2022123,2022-10-23,12:12 PM,Derailment,0,SHERBORN,MA,56,2,Day,Cloudy,Industry,,0,0,40523,45558,H508,42.248952,-71.416145,51.5,51,56.5
NOGC,OP10242016,2016-10-24,1:30 PM,Derailment,0,GRETNA,LA,75,2,Day,Cloudy,Yard,Yard/switching,5,30000,5300,35300,E64C,29.934272,-90.053617,66.6,69.3,70.8
NS,155733,2024-02-11,10:00 AM,Derailment,0,BELLEVUE,OH,37,2,Day,Cloudy,Yard,Light loco(s),0,12000,0,46900,H504,41.288376,-82.803219,47.2,33.3,31.5
CSX,000208757,2022-12-11,9:06 AM,Side collision,0,CLEVELAND,OH,37,2,Day,Cloudy,Yard,Yard/switching,10,7243,42132,118436,H306,41.570296,-81.556448,38.9,40.3,38.2
UP,0820GC007,2020-08-03,3:00 PM,Derailment,0,WAGGAMAN,LA,92,2,Day,Clear,Yard,Freight Train,8,8797,22585,31382,H503,29.928536,-90.179893,83.2,84.9,86
NS,151013,2022-10-01,2:00 PM,Side collision,0,BELLEVUE,OH,63,2,Day,Cloudy,Yard,Yard/switching,7,8244,1000,22726,H305,41.288345,-82.801972,53.2,58.9,57.1
NS,135750,2019-10-08,1:30 AM,Rear end collision,0,HAMILTON,OH,48,4,Dark,Clear,Main,Freight Train,28,135042,0,188196,H221,39.356991,-84.517223,57.9,54.2,57.2
UP,0823HL020,2023-08-25,10:35 AM,Other impacts,0,KANSAS CITY,KS,89,2,Day,Clear,Yard,Yard/switching,4,4118,0,13085,H702,39.098401,-94.671897,91.5,92.3,78.7
LI,GR20170301,2017-03-13,7:12 AM,Hwy-rail crossing,0,MALVERNE,NY,30,1,Dawn,Clear,Main,EMU,35,57372,0,57372,M303,40.672334,-73.674312,25.7,27.3,31.6
NICD,N2100017,2021-09-11,4:30 PM,Other (describe in narrative),0,MICHIGAN CITY,IN,70,2,Day,Clear,Yard,Light loco(s),5,0,14916,14916,S012,41.714213,-86.863076,64.1,71.6,76.9
CSX,000197900,2021-05-30,11:07 AM,Derailment,0,CHICAGO,IL,72,2,Day,Clear,Yard,Freight Train,7,36569,14935,51504,E4BC,41.78679,-87.680089,53.2,57.4,63.1
NJTR,202310449,2023-10-25,11:22 PM,Derailment,0,HOBOKEN,NJ,57,4,Dark,Cloudy,Yard,Yard/switching,8,39936,0,39936,H704,40.735465,-74.039258,55.2,62,67.1
ATK,151766,2018-01-30,3:02 PM,Hwy-rail crossing,0,MORRISVILLE,NC,40,2,Day,Clear,Main,Passenger Train - Pulling,50,17150,0,17150,M399,35.845818,-78.836817,45.8,33.9,33.1
BNSF,HL0123201,2023-01-05,2:37 PM,Hwy-rail crossing,0,IATAN,MO,50,2,Day,Cloudy,Main,Freight Train,42,3000,25290,28290,M302,39.474153,-94.983959,36.8,34.9,34.9
CSX,000169850,2017-06-25,1:59 PM,Derailment,0,PITTSFIELD,MA,73,2,Day,Cloudy,Yard,Freight Train,3,15835,1502,17337,E04C,42.453389,-73.229019,72.1,65.4,60.9
UP,0118LK051,2018-01-10,2:02 PM,Other (describe in narrative),0,SHREVEPORT,LA,60,2,Day,Clear,Yard,Light loco(s),0,49724,0,49724,E36L,32.430445,-93.906421,48.6,53.1,57
NS,134239,2019-06-06,10:15 PM,Obstruction,0,SWANTON,OH,60,4,Dark,Clear,Main,Freight Train,58,1062574,581964,1644538,M402,41.588555,-83.890856,73.7,65,67.4
NS,140232,2021-01-12,4:37 AM,Derailment,0,BELLEVUE,OH,23,1,Dawn,Clear,Yard,Freight Train,1,7005,7699,14704,T221,41.29034,-82.788151,28.5,27.6,36.5
BNSF,SW0522101,2022-05-14,6:15 PM,Other (describe in narrative),0,CLOVIS,NM,80,3,Dusk,Cloudy,Yard,Freight Train,5,0,21470,21470,H607,34.398692,-103.231539,69.2,73.9,79
BNSF,RD0718134,2018-07-24,1:40 PM,Obstruction,0,TULSA,OK,90,2,Day,Clear,Main,Spec. MoW Equip.,20,10000,0,20000,H402,36.183189,-95.879211,82.5,82.4,84.6
NS,124854,2017-04-27,8:35 PM,Other impacts,0,HATTIESBURG,MS,72,4,Dark,Clear,Yard,Freight Train,4,26206,0,26908,H018,31.330837,-89.282983,70,69.6,76.9
BNSF,RD0219122,2019-02-22,2:36 AM,Derailment,0,TULSA,OK,41,4,Dark,Cloudy,Yard,Yard/switching,7,12439,32000,44439,H507,36.112271,-96.015032,42.4,44.1,51.3
LSRC,D160710,2016-07-10,5:56 AM,Derailment,0,BLACK RIVER,MI,70,1,Dawn,Clear,Main,Freight Train,10,21251,8259,29510,M405,44.830323,-83.306983,68.1,68.7,71.6
CSX,000191552,2020-07-22,11:43 AM,Derailment,0,ULSTER PARK,NY,91,2,Day,Clear,Main,Freight Train,35,28674,0,28674,E33C,41.888402,-73.986153,77.2,78.7,77.9
LI,75525,2021-09-10,5:10 PM,Derailment,0,HOLLIS,NY,65,2,Day,Clear,Yard,EMU,7,51078,6544,57622,H303,40.7076,-73.7735,71.1,70,69.9
UP,0224HL011,2024-02-17,5:40 AM,Other impacts,0,KANSAS CITY,KS,12,1,Dawn,Clear,Yard,Single Car,5,0,0,114703,H312,39.094802,-94.653233,32.6,22.9,37.4
UP,0115PD001,2015-01-02,12:00 PM,Derailment,0,PILOT ROCK,OR,23,2,Day,Cloudy,Main,Freight Train,15,10201,465,10666,M101,45.648452,-118.872034,11.1,19.8,27.8
ATK,165031,2020-08-03,1:19 PM,Hwy-rail crossing,0,TICKFAW,LA,93,2,Day,Clear,Main,Passenger Train - Pulling,79,77386,0,77386,M302,30.557091,-90.477028,80.2,80.1,80
NS,115144,2015-04-06,7:05 PM,Hwy-rail crossing,0,GREENSBORO,NC,67,3,Dusk,Clear,Main,,0,0,12267,12267,M302,36.083678,-79.740504,52.1,62.5,64.2
NS,154059,2023-08-29,9:55 AM,Derailment,0,MELVINDALE,MI,69,2,Day,Clear,Yard,Freight Train,4,18304,0,18304,E21C,42.278257,-83.173549,65.4,67.7,62
ATK,169902,2022-02-26,8:15 PM,Hwy-rail crossing,0,THOMASVILLE,NC,41,4,Dark,Rain,Main,Passenger Train - Pulling,75,11778,0,23778,M302,35.889853,-80.066649,48.2,42.9,41.7
BNSF,TC0223119,2023-02-25,10:04 AM,Derailment,0,MINNEAPOLIS,MN,10,2,Day,Clear,Yard,Single Car,0,1080,0,52173,M407,45.033769,-93.271454,3.6,15.1,20.6
CSX,000168222,2017-04-12,4:20 PM,Hwy-rail crossing,0,HAVERSTRAW,NY,70,2,Day,Clear,Main,Freight Train,30,1888,11995,13883,M399,41.194124,-73.967982,66.1,62.9,54.2
MCRL,MC240625A,2024-06-25,1:30 PM,Other (describe in narrative),0,NORTON,MA,80,2,Day,Clear,Main,Spec. MoW Equip.,1,0,51087,51087,M599,41.945759,-71.231661,76.7,76.9,78.1
CSX,000161862,2016-08-03,1:45 PM,Other impacts,0,LANSING,MI,90,2,Day,Clear,Yard,Single Car,4,100,0,14207,M599,42.728708,-84.540647,74.2,78.2,80.7
BNSF,KS0115118,2015-01-23,4:50 AM,Raking collision,0,KANSAS CITY,KS,29,1,Dawn,Clear,Yard,Light loco(s),5,8000,0,48995,H607,39.082295,-94.69106,33.9,35.9,44.7
ALS,20180420,2018-04-20,6:15 AM,Other impacts,0,EAST ST LOUIS,IL,50,1,Dawn,Clear,Yard,Yard/switching,9,25900,1150,27050,M407,38.595705,-90.147813,44.3,48.8,54.8
CSX,000200466,2021-10-03,4:09 PM,Side collision,0,HAMLET,NC,83,2,Day,Clear,Yard,Cut of cars,2,29415,0,42615,H020,34.925491,-79.646587,70.1,71.9,72.8
BNSF,SW1023103,2023-10-14,1:15 AM,Derailment,0,CLOVIS,NM,68,4,Dark,Clear,Yard,Freight Train,8,12665,6000,18665,H505,34.396065,-103.200647,52.1,47.4,50.5
UP,1219GC004,2019-12-06,2:16 AM,Derailment,0,LIVONIA,LA,56,4,Dark,Cloudy,Yard,Yard/switching,7,80151,162757,242908,H506,30.523178,-91.550371,55.9,64.6,57.7
NJTR,202401011,2023-12-31,10:00 PM,Derailment,0,DOVER,NJ,40,4,Dark,Clear,Yard,Commuter Train - Pulling,5,15000,0,15000,H704,40.883674,-74.552475,39.9,39.8,38.8
MBTA,YR2022153,2022-12-18,5:02 AM,Obstruction,0,FITCHBURG,MA,22,4,Dark,Clear,Main,Passenger Train - Pushing,40,13437,0,13437,M402,42.574794,-71.834069,36.2,33.7,32.3
BNSF,MT1015100,2015-10-07,4:50 PM,Derailment,0,SIDNEY,MT,72,2,Day,Cloudy,Yard,Freight Train,3,3884,207335,211219,H607,47.71835,-104.13965,43.8,54,51.6
EJR,10191,2020-10-19,2:00 PM,Side collision,0,BAYONNE,NJ,60,2,Day,Rain,Yard,Yard/switching,5,20000,0,23500,H021,40.65899,-74.10641,53.1,58.5,63.8
CSX,000189378,2020-03-29,9:45 AM,Derailment,0,RIVERDALE,IL,53,2,Day,Clear,Yard,Freight Train,5,18142,3050,21192,H702,41.649836,-87.634368,52.9,49.8,43.4
RCPE,RCP4393170,2017-09-25,2:15 AM,Derailment,0,FLORENCE,MN,54,4,Dark,Rain,Yard,,0,0,30000,118000,H503,44.267778,-96.013333,66.2,53.3,53.3
BNSF,MT0415109,2015-04-30,4:25 PM,Derailment,0,SILVER BOW PARK,MT,57,2,Day,Clear,Main,Freight Train,17,117974,700196,818170,E46C,46.010492,-112.753499,52.6,47.7,48.1
CSX,000200670,2021-10-14,6:55 AM,Rear end collision,0,HAMLET,NC,70,1,Dawn,Clear,Yard,Freight Train,4,126002,97,138559,H306,34.925491,-79.646587,67.2,71.1,70.8
CSX,000175812,2018-04-13,1:43 PM,Other impacts,0,MONTGOMERY,AL,78,2,Day,Clear,Yard,Yard/switching,10,11700,0,13823,M201,32.375967,-86.32647,61.6,65.1,71.3
UP,0922GP028,2022-09-28,6:00 PM,Obstruction,0,NORTH PLATTE,NE,77,3,Dusk,Clear,Yard,Yard/switching,5,11424,0,11424,M404,41.145307,-100.832668,60.7,61,66.8
UP,0717TC002,2017-07-09,8:00 AM,Derailment,0,CARLIS,IA,73,2,Day,Cloudy,Yard,Freight Train,4,36906,14537,51443,H522,41.524994,-93.499464,79.3,79.6,80.6
UP,0122GC055,2022-01-12,9:00 PM,Other impacts,0,MARINGOUIN,LA,44,4,Dark,Clear,Yard,Yard/switching,8,252,150,23238,H306,30.530387,-91.557119,46,49.4,50.8
BRC,13734,2016-05-31,6:50 PM,Derailment,0,BEDFORD PARK,IL,72,3,Dusk,Rain,Yard,,0,0,29775,431269,T221,41.8222,-87.684043,75.6,72.2,70.9
ITHR,230718004,2023-07-18,6:00 PM,Derailment,0,LANSING,NY,67,3,Dusk,Rain,Main,Freight Train,9,40000,68000,108000,E64C,42.52178,-76.523574,72.5,69.8,68.1
NJTR,201503152,2015-03-02,9:30 PM,Derailment,0,RARITAN,NJ,29,4,Dark,Clear,Yard,Yard/switching,5,24485,0,24485,H303,40.570355,-74.646584,19.5,32.5,25.2
CSX,000173606,2017-12-21,3:30 PM,Other impacts,0,CUMBERLAND,MD,41,2,Day,Clear,Yard,Yard/switching,10,56398,64,116462,H997,39.644504,-78.760839,43.6,34.8,39.2
ATK,164632,2020-06-16,4:49 AM,Obstruction,0,WADE,NC,60,4,Dark,Cloudy,Main,Passenger Train - Pulling,78,11933,0,11933,M404,35.166721,-78.730988,61.8,62.1,67.6
ARR,2022151,2022-09-20,12:00 PM,Other impacts,0,ANCHORAGE,AK,50,2,Day,Rain,Siding,Spec. MoW Equip.,20,35000,70000,105000,H999,61.144,-149.873,51.1,49.4,46.9
LI,68968,2019-01-03,1:01 PM,Derailment,0,RICHMOND HILL,NY,42,2,Day,Clear,Yard,Yard/switching,5,8000,7808,15808,H702,40.696957,-73.821919,37.3,41.2,40.8
ISRR,ISR805515G,2015-09-16,9:00 AM,Hwy-rail crossing,0,INDIANAPOLIS,IN,80,2,Day,Clear,Main,Freight Train,10,5000,55000,60000,M302,39.70613,-86.25634,67.5,68.6,70
CP,1001543600,2021-08-09,7:36 PM,Other impacts,0,BENSENVILLE,IL,75,3,Dusk,Rain,Yard,Freight Train,5,0,120,51315,H306,41.950989,-87.914855,81,75.1,80.4
BNSF,PR0723109,2023-07-27,1:00 AM,Other (describe in narrative),0,HASTINGS,NE,81,4,Dark,Clear,Yard,Yard/switching,4,21628,0,21628,H318,40.583604,-98.397575,87,87,85.3
CSX,000163352,2016-10-05,11:55 AM,Derailment,0,CUMBERLAND,MD,65,2,Day,Cloudy,Yard,Cut of cars,4,17857,106,17963,M411,39.644504,-78.760839,60.5,59.9,54.8
BRC,14457,2021-05-18,9:00 AM,Derailment,0,BEDFORD PARK,IL,70,2,Day,Cloudy,Yard,Yard/switching,4,11393,250,11643,T220,41.767719,-87.74225,63.6,66.2,69.3
BNSF,HL0320117,2020-03-27,5:29 PM,Derailment,0,LINCOLN,NE,54,3,Dusk,Clear,Yard,Yard/switching,4,148737,46599,277482,H599,40.808033,-96.739127,47.3,47.3,47.1
BNSF,TC0319128,2019-03-28,7:15 AM,Derailment,0,RUTHTON,MN,25,1,Dawn,Clear,Industry,Cut of cars,0,8933,0,156092,H704,44.169289,-96.111237,50.2,38.6,34.3
SNJX,20201005,2020-10-05,7:35 PM,Fire/violent rupture,0,PENNSAUKEN,NJ,66,4,Dark,Clear,Main,DMU,0,25000,0,25000,M406,39.978388,-75.061947,57.4,59.7,59.8
NS,121040,2016-06-28,5:04 PM,Other impacts,0,BALTIMORE,MD,72,3,Dusk,Cloudy,Industry,Freight Train,8,13200,0,25200,H302,39.258858,-76.538017,74.7,75.2,73.7
MBTA,2024079,2024-04-10,3:00 PM,Other impacts,0,WILMINGTON,MA,80,2,Day,Clear,Main,,10,0,39817,39817,H999,0,0,50,47.6,46.2
UP,0115TC007,2015-01-22,11:55 AM,Other impacts,0,SHAKOPEE,MN,33,2,Day,Clear,Yard,Cut of cars,2,6651,0,15284,H020,44.789214,-93.4187,27.7,23.5,32.5
NJTR,202002095,2020-01-26,4:48 PM,Other impacts,0,DOVER,NJ,41,2,Day,Cloudy,Yard,Light loco(s),0,71942,0,140596,H607,40.883684,-74.550164,40.1,37.5,39
BNSF,PR1217101,2017-12-03,6:00 PM,Derailment,0,ALLIANCE,NE,55,3,Dusk,Clear,Yard,Light loco(s),5,11943,500,12443,H019,42.092151,-102.877769,36.8,35.3,25.3
BNSF,MT1217106,2017-12-31,4:00 PM,Derailment,0,GREAT FALLS,MT,-20,2,Day,Clear,Yard,Yard/switching,6,27494,10000,37494,M101,47.502457,-111.323475,-11.4,-17.5,-14.3
CRSH,114343,2015-02-13,4:15 AM,Derailment,0,PORT READING,NJ,5,1,Dawn,Cloudy,Yard,Freight Train,5,28146,0,28146,H306,40.566579,-74.250975,30.7,14.3,23.2
NS,155560,2024-01-25,3:30 PM,Derailment,0,ELKHART,IN,36,2,Day,Clear,Yard,Yard/switching,4,3431,14969,18400,M411,41.677392,-85.978437,36.1,36.7,36.8
NOPB,D20181103F,2018-11-03,1:50 PM,Derailment,0,METAIRIE,LA,72,2,Day,Clear,Main,,0,0,6000,65134,H503,29.970151,-90.173806,60.5,64.5,70.3
UPME,0220CM002,2020-02-03,11:58 PM,Derailment,0,CRYSTAL LAKE,IL,34,4,Dark,Cloudy,Yard,Commuter Train - Pulling,0,4438,0,38917,H303,42.24521,-88.318865,41.8,35.8,33.1
CVR,CVR020321D,2021-02-03,7:00 PM,Side collision,0,ULYSSES,KS,51,3,Dusk,Cloudy,Industry,Freight Train,5,50855,0,82270,H399,37.54,-101.192222,40.5,47.5,37
UP,0823PR003,2023-08-05,5:35 PM,Derailment,0,BUDA,IL,81,2,Day,Cloudy,Main,Freight Train,36,13640,110568,251255,E53C,41.334815,-89.700987,74.3,70.5,69.6
UP,0818NP025,2018-08-11,8:49 PM,Other (describe in narrative),0,PINE BLUFFS,WY,85,4,Dark,Clear,Main,Freight Train,45,270902,0,270902,E73L,41.184243,-104.068328,71.2,71.9,70.4
BNSF,HL0518117,2018-05-28,1:21 AM,Derailment,0,LINCOLN,NE,72,4,Dark,Clear,Yard,Light loco(s),3,18000,4000,22000,H307,40.809437,-96.735235,83.6,80.3,72.8
CRSH,129192,2018-04-18,8:20 PM,Derailment,0,DETROIT,MI,41,4,Dark,Clear,Main,,0,0,1000,33680,E00C,42.327039,-83.098266,32.3,35.3,40.5
BNSF,PR0123202,2023-01-07,3:14 AM,Hwy-rail crossing,0,SCOTTSBLUFF,NE,43,4,Dark,Clear,Main,Freight Train,45,2656,22000,24656,M302,41.861923,-103.665622,24.2,27.3,22.2
UP,1219MA022,2019-12-11,6:44 PM,Derailment,0,MADISON,IL,36,3,Dusk,Clear,Yard,Freight Train,7,2749,0,19491,H503,38.673024,-90.163,26.5,31.8,39.8
UP,0317NP041,2017-03-19,9:01 PM,Other impacts,0,NORTH PLATTE,NE,50,4,Dark,Clear,Yard,Single Car,0,4241,0,12060,H522,41.147011,-100.841592,49.3,62,51.8
LI,EQ20150903,2015-09-15,1:10 PM,Derailment,0,HICKSVILLE,NY,80,2,Day,Clear,Main,,0,0,200000,250000,M599,40.76068,-73.55553,66.9,70.3,73.5
UP,0117SL006,2017-01-01,2:20 AM,Derailment,0,EAST ST LOUIS,IL,29,4,Dark,Cloudy,Yard,Freight Train,7,24096,0,72695,M405,38.586939,-90.130196,45.6,32.8,45.6
UP,0521GC019,2021-05-09,8:38 AM,Hwy-rail crossing,0,COUSHATTA,LA,74,2,Day,Cloudy,Main,Freight Train,43,37414,15000,52414,M304,31.980082,-93.363477,72.6,74.7,66.5