reportingrailroadcode,accidentnumber,date,time,accidenttype,hazmatreleasedcars,station,stateabbr,temperature,visibility_code,visibility,weathercondition,tracktype,equipmenttype,trainspeed,equipmentdamagecost,trackdamagecost,totaldamagecost,primaryaccidentcausecode,latitude,longitude,prior_temp,actual_temp,following_temp
BNSF,TC0417105,2017-04-05,6:17 AM,Derailment,0,LAUREL,NE,40,1,Dawn,Clear,Main,Freight Train,10,100000,1655153,1755153,T221,42.431217,-97.088443,49.6,45.7,42.1
UP,0316SL001,2016-03-06,3:40 AM,Derailment,0,SPARTA,IL,40,4,Dark,Cloudy,Industry,Freight Train,2,80119,7500,87619,M101,38.161208,-89.654309,43.5,44.9,61.3
CPKC,24041006,2024-04-10,12:00 PM,Hwy-rail crossing,0,COUSHATTA,LA,75,2,Day,Rain,Main,Freight Train,47,13184,0,13184,M304,32.12469,-93.43377,66.2,64.5,63.8
UP,0823GC006,2023-08-09,6:00 PM,Derailment,0,MARINGOUIN,LA,95,3,Dusk,Clear,Yard,Yard/switching,10,2046,4455,103908,S016,30.523019,-91.552748,87.6,87.9,88.9
GTW,945462,2017-12-27,10:05 AM,Hwy-rail crossing,0,RIVERVIEW,MI,12,2,Day,Clear,Main,Maint./inspect Car,5,30000,0,30000,H402,42.1707,-83.172203,9,5,6.7
BNSF,HL1118126,2018-11-26,11:00 AM,Derailment,0,SPRINGFIELD,MO,25,2,Day,Clear,Yard,Yard/switching,5,22270,2000,24270,H307,37.212646,-93.279452,44,26.6,29.3
GRW,07,2017-03-14,1:00 PM,Derailment,0,GARY,IN,28,2,Day,Snow,Industry,Yard/switching,9,10547,4439,14986,H599,41.61078,-87.327373,27.3,22.5,23.9
LIRC,0805202001,2020-08-05,11:40 AM,Hwy-rail crossing,0,SELLERSBURG,IN,75,2,Day,Clear,Main,Freight Train,46,10336,8495,18831,M308,38.411587,-85.752319,71.7,70.7,72.7
BNSF,CH0421102,2021-04-06,6:14 AM,Derailment,0,PLANO,IL,60,1,Dawn,Clear,Main,Freight Train,29,21600,1000,22600,E33C,41.670025,-88.5032,64.6,66.5,64.2
UP,0916PR017,2016-09-24,7:10 AM,Other impacts,0,NORTHLAKE,IL,65,2,Day,Clear,Yard,Single Car,10,23133,99,23232,H601,41.894937,-87.898268,70.6,68.7,72.8
UP,0317PD027,2017-03-15,7:19 AM,Derailment,0,MOYIE SPRINGS,ID,42,2,Day,Rain,Main,Freight Train,15,286523,109600,396123,M103,48.76577,-116.170619,39.7,45.5,41.2
TRRA,21024OR,2021-05-07,7:14 AM,Derailment,0,MADISON,IL,47,1,Dawn,Clear,Yard,,0,0,16682,18182,H503,38.673749,-90.160779,57.9,60.6,54.3
UP,1018NP029,2018-10-25,2:30 AM,Derailment,0,NORTH PLATTE,NE,46,4,Dark,Rain,Yard,Yard/switching,3,43020,10766,53786,S011,41.152566,-100.813142,49.1,46.8,51.8
UP,0818NP030,2018-08-15,5:35 AM,Other impacts,0,NORTH PLATTE,NE,70,1,Dawn,Clear,Yard,Yard/switching,10,28413,56360,92717,M411,41.151565,-100.814645,71.2,69.4,71.4
CSX,000147437,2015-06-08,6:39 PM,Derailment,0,CANASTOTA,NY,68,2,Day,Cloudy,Main,Freight Train,35,930,19102,20032,E61C,43.073967,-75.793594,62.8,69.3,64.5
UP,1114NP035,2014-11-28,6:38 AM,Derailment,0,NORTH PLATTE,NE,67,1,Dawn,Cloudy,Yard,Yard/switching,3,5088,100,12831,M411,41.149069,-100.819498,30.1,38.4,36.9
BNSF,NE0216104,2016-02-03,2:00 AM,Other (describe in narrative),0,SOUTH BEND,NE,10,4,Dark,Clear,Main,Freight Train,2,0,38000,38000,H605,40.998512,-96.238049,33.8,23.3,21.2
NJTR,202401054,2023-12-03,7:15 PM,Derailment,0,MORRISTOWN,NJ,49,4,Dark,Rain,Main,Work train,29,1200000,130192,1330192,M201,40.863608,-74.472019,48.6,48.7,45.3
MBTA,YR202257,2022-04-22,11:55 PM,Obstruction,0,EVERETT,MA,50,4,Dark,Clear,Main,Passenger Train - Pushing,58,39880,0,39880,M402,42.400028,-71.065692,50.3,56.8,51
BNSF,HL0921202,2021-09-02,12:10 PM,Hwy-rail crossing,0,DIGGINS,MO,82,2,Day,Cloudy,Main,Freight Train,38,32000,16500,48500,M302,37.168915,-92.827409,75,74.8,76.8
ATK,143633,2016-08-04,8:08 PM,Other (describe in narrative),0,BALTIMORE,MD,76,4,Dark,Clear,Main,Passenger Train - Pulling,39,10463,25085,35548,E79L,38.901178,-77.004513,75.4,75.3,76.3
RLLX,RLLX42122,2022-04-21,3:00 PM,Raking collision,0,LACASSINE,LA,84,2,Day,Clear,Yard,Yard/switching,4,11300,0,11300,H302,30.238075,-92.949729,69.1,74.1,73.6
NS,142228,2021-07-16,2:50 PM,Side collision,0,NEW ORLEANS,LA,85,2,Day,Cloudy,Yard,Yard/switching,8,12500,46,20974,H020,29.975954,-90.044582,83.1,80.9,82
UP,0819RM012,2019-08-11,5:15 AM,Derailment,0,GREEN RIVER,WY,58,1,Dawn,Cloudy,Yard,Light loco(s),2,34319,0,34319,H303,41.526373,-109.46685,68,65.3,64.1
CC,931391,2017-08-02,10:40 AM,Derailment,0,WATERLOO,IA,80,2,Day,Clear,Yard,Cut of cars,0,14000,0,234319,T221,42.507924,-92.332665,72.4,73,66.5
MBTA,202328,2023-03-14,3:58 PM,Obstruction,0,COHASSET,MA,36,2,Day,Rain,Main,Passenger Train - Pushing,55,88252,0,88252,M404,42.245116,-70.846329,39.1,38.8,38
UP,1217KC001,2017-12-02,4:10 PM,Other impacts,0,KANSAS CITY,MO,59,2,Day,Clear,Yard,Single Car,4,11505,0,26788,M411,39.122833,-94.514565,45.7,46.9,54.5
UP,0816SL014,2016-08-16,3:30 PM,Obstruction,0,CYPRESS,IL,85,2,Day,Cloudy,Main,Freight Train,35,45528,0,45528,M404,37.37412,-88.955361,76.1,73.3,74.8
BNSF,SF0615115,2015-06-20,8:55 AM,Derailment,0,SPRINGFIELD,MO,80,1,Dawn,Clear,Yard,Yard/switching,6,4610,27000,31610,H525,37.226908,-93.331006,73.3,78,80
UP,0920GC035,2020-09-26,2:44 PM,Derailment,0,MARINGOUIN,LA,83,2,Day,Clear,Yard,Freight Train,6,27736,33106,60842,H607,30.512025,-91.541065,70.1,73,75.7
CRSH,146747,2023-04-30,3:41 PM,Derailment,0,LINDEN,NJ,53,2,Day,Rain,Yard,Freight Train,5,177190,4614,181804,H704,40.634571,-74.209195,51.2,54.9,56.5
WC,1142201,2023-12-06,9:40 PM,Side collision,0,GARY,IN,39,4,Dark,Cloudy,Yard,Freight Train,2,20000,0,30200,M411,41.628486,-87.412,35.2,34.4,42.3
CSX,000158914,2016-04-11,6:00 AM,Derailment,0,CUMBERLAND,MD,42,4,Dark,Rain,Yard,Cut of cars,3,50674,0,50674,M411,39.628223,-78.742531,33.5,53,47.7
ATK,167764,2021-07-18,12:00 AM,Obstruction,0,KENLY,NC,88,4,Dark,Cloudy,Main,Passenger Train - Pulling,0,12849,0,12849,M404,35.578644,-78.165445,80.4,78.9,71.7
LSRC,D220903,2022-09-03,1:00 PM,Derailment,0,BAY CITY,MI,85,2,Day,Cloudy,Main,Freight Train,6,13103,12000,25103,T221,43.629327,-83.83445,74.3,73.4,64.4
UP,0320GP029,2020-03-28,7:40 AM,Obstruction,0,SIDNEY,NE,32,2,Day,Snow,Siding,Cut of cars,20,500,5358,14383,M105,41.147505,-102.935061,39.9,34.8,40.2
NS,118014,2015-10-31,6:05 PM,Other impacts,0,HALFWAY,MD,50,3,Dusk,Cloudy,Yard,Freight Train,6,5850,100,20650,H018,39.614315,-77.740845,48.7,47.2,58.1
IHB,2671,2021-03-09,2:10 AM,Side collision,0,RIVERDALE,IL,45,4,Dark,Cloudy,Yard,Single Car,0,5078,0,90961,S014,41.639711,-87.645171,51.6,53.6,60
CSX,000158689,2016-04-01,6:00 PM,Other impacts,0,BIRMINGHAM,AL,70,3,Dusk,Clear,Yard,Single Car,4,16505,350,17052,M408,33.513494,-86.803837,67.3,64.8,56.8
BNSF,CH0517108,2017-05-13,6:10 AM,Derailment,0,BOSWORTH,MO,53,1,Dawn,Clear,Main,Freight Train,18,391854,671062,1062916,H503,39.495749,-93.284393,64.8,65.7,71
CSX,000149182,2015-07-14,6:05 AM,Other impacts,0,AVON,IN,69,1,Dawn,Cloudy,Yard,Yard/switching,7,0,0,128906,S016,39.759779,-86.328326,73.5,76.6,71.7
CSX,000179456,2018-10-22,4:56 PM,Derailment,0,SHORTER,AL,60,2,Day,Clear,Main,Freight Train,45,11941,355,12296,E53C,32.416002,-85.96463,55.4,57,61.6
UP,0822GL002,2022-08-04,8:07 PM,Derailment,0,COUNCIL BLUFFS,IA,82,4,Dark,Clear,Yard,Freight Train,2,40754,3332,44086,M501,41.253475,-95.861885,85.6,76.4,80
CSX,000215134,2023-12-18,7:30 AM,Derailment,0,EAST SYRACUSE,NY,40,1,Dawn,Rain,Yard,Freight Train,3,10964,22610,33574,M405,43.067062,-76.048431,45.2,44.4,30.5
NIRC,9419000697,2022-02-13,11:15 PM,Other impacts,0,CHICAGO,IL,14,4,Dark,Cloudy,Main,,0,0,39710,39710,M599,41.80062,-87.58709,19.5,16,20.6
NOPB,D20181005F,2018-10-05,5:05 AM,Derailment,0,JEFFERSON,LA,75,4,Dark,Clear,Main,,0,0,19000,261084,H503,29.970715,-90.170543,80.2,81.4,81.3
BNSF,HL0624201,2024-06-03,9:29 AM,Hwy-rail crossing,0,WEST PLAINS,MO,82,2,Day,Cloudy,Main,Freight Train,41,30000,13353,43353,M302,36.732799,-91.854963,72.6,75.6,72.9
ATK,140441,2015-12-17,10:35 AM,Hwy-rail crossing,0,TIPTON,MO,35,2,Day,Cloudy,Main,Passenger Train - Pulling,72,21342,0,21342,M302,38.663051,-92.815779,41.7,32.9,32.6
UP,0923HL018,2023-09-19,9:30 PM,Other impacts,0,KANSAS CITY,KS,69,4,Dark,Clear,Yard,Freight Train,4,51489,0,123981,H307,39.097106,-94.669157,72,75.8,73.9
UP,0319RM052,2019-03-03,12:10 AM,Other (describe in narrative),0,BUFORD,WY,-2,4,Dark,Snow,Main,Freight Train,32,11168,0,11168,E39C,41.123168,-105.330418,12,-5.3,-3.3
NS,121690,2016-08-15,10:30 AM,Derailment,0,MONTPELIER,IN,72,2,Day,Rain,Industry,Freight Train,2,18459,0,18459,H306,40.538218,-85.29215,72.9,71.8,74.8
UP,0419RM039,2019-04-28,11:09 AM,Derailment,0,LARAMIE,WY,59,2,Day,Cloudy,Main,Freight Train,4,8691,18564,27255,H522,41.290825,-105.599004,46.8,49.9,24.3
BNSF,KS1223106,2023-12-08,12:30 PM,Other (describe in narrative),0,HOLCOMB,KS,48,2,Day,Clear,Yard,Yard/switching,4,31140,0,31140,H302,37.994145,-101.03441,47.4,43.3,32.2
NIRC,2020071986,2020-10-12,6:18 PM,Side collision,0,UNIVERSITY PARK,IL,50,4,Dark,Clear,Yard,EMU,9,261590,12981,337630,H399,41.436935,-87.733542,63.3,57.3,54.4
ATK,166949,2021-04-29,12:02 PM,Derailment,0,CHICAGO,IL,54,2,Day,Clear,Yard,Yard/switching,7,10400,3028,13428,H702,41.86248,-87.63605,49.2,54.2,50.1
UP,0216LV009,2016-02-16,7:56 AM,Hwy-rail crossing,0,PALMETTO,LA,64,2,Day,Clear,Main,Freight Train,37,6376,29321,35697,M304,30.717587,-91.890098,58.6,55.9,54.8
NS,126213,2017-08-14,6:45 AM,Derailment,0,GREENSBORO,NC,72,1,Dawn,Rain,Yard,Freight Train,2,12442,5113,17555,H702,36.059927,-79.842017,75.9,74.3,78.2
CSX,000208040,2022-10-27,9:16 AM,Hwy-rail crossing,0,FORTVILLE,IN,39,2,Day,Clear,Main,Freight Train,40,15314,2447,17761,M308,39.916718,-85.881137,50.4,43.2,48.7
UP,0523HL014,2023-05-15,7:05 PM,Derailment,0,COFFEYVILLE,KS,69,3,Dusk,Cloudy,Industry,Yard/switching,5,800,0,28200,T220,37.036778,-95.613542,73.1,70.2,62.1
NJTR,202401035,2023-12-20,6:53 AM,Obstruction,0,CAMPBELL HALL,NY,25,2,Day,Clear,Main,Commuter Train - Pushing,77,116759,0,117447,M402,41.462052,-74.288009,32.6,30.8,29
ARR,2021118,2021-08-16,1:15 PM,Obstruction,0,WILLOW,AK,60,2,Day,Clear,Main,Spec. MoW Equip.,15,5726,0,15675,H102,62.0506,-150.0763,54.9,55.4,54.4
ATK,156888,2018-12-27,5:22 PM,Obstruction,0,JACKSON,MS,59,3,Dusk,Rain,Main,Passenger Train - Pulling,80,12009,0,12044,M404,32.169498,-90.252243,60.6,59.6,54.2
UP,0124GL018,2024-01-11,5:59 PM,Derailment,0,OMAHA,NE,13,2,Day,Snow,Main,Yard/switching,7,10191,56500,66691,H511,41.249734,-95.921786,21.7,14.8,5.4
UP,0818NP011,2018-08-05,5:10 PM,Other impacts,0,NORTH PLATTE,NE,76,2,Day,Cloudy,Yard,Yard/switching,3,7258,300,18717,H307,41.148049,-100.804333,75.8,74.9,71.6
UP,1019PR024,2019-10-29,8:25 AM,Derailment,0,NORTHLAKE,IL,37,2,Day,Cloudy,Yard,Yard/switching,7,42526,2000,44526,H703,41.923767,-87.914673,46.3,38.7,37.3
BNSF,MT0717109,2017-07-17,10:55 AM,Derailment,0,ESSEX,MT,64,2,Day,Clear,Main,Maint./inspect Car,35,70000,0,140000,H402,48.284752,-113.611506,68.9,62.1,65.4
NS,126759,2017-09-24,3:00 PM,Derailment,0,MOBILE,AL,80,2,Day,Clear,Yard,Cut of cars,0,400,0,25199,H312,30.703907,-88.046944,79,76.6,78.4
UP,0216PC006,2016-02-20,9:00 AM,Hwy-rail crossing,0,NAMPA,ID,47,2,Day,Clear,Main,Freight Train,48,0,12801,12801,M308,43.603206,-116.593141,47.1,41,41.4
UP,0117PR020,2017-01-30,8:00 AM,Other (describe in narrative),0,NORTHLAKE,IL,25,2,Day,Clear,Yard,Single Car,6,71312,0,71312,M411,41.909328,-87.91514,26.1,24.4,37.1
CSX,000162175,2016-08-16,10:40 AM,Derailment,0,BIRMINGHAM,AL,85,2,Day,Clear,Yard,Cut of cars,4,15858,210,16068,S013,33.543607,-86.790089,81.9,84.2,82
MRL,2017164,2017-12-29,4:37 AM,Other (describe in narrative),0,WINSTON,MT,-5,4,Dark,Snow,Main,Freight Train,5,0,13000,13000,H702,46.46,-111.64,12.5,1.1,-4.7
KCS,21120803,2021-12-08,6:40 PM,Derailment,0,KANSAS CITY,MO,47,4,Dark,Cloudy,Yard,Freight Train,6,99961,104750,204711,H703,39.116697,-94.565556,33.9,40.9,51.2
BNSF,SW0623104,2023-06-10,9:05 AM,Derailment,0,BELEN,NM,72,2,Day,Clear,Yard,Yard/switching,3,37284,3000,40284,H503,34.64236,-106.771245,72.7,73,74.6
CSX,000172161,2017-10-12,2:50 PM,Derailment,0,BRIDGEPORT,AL,78,2,Day,Cloudy,Yard,Freight Train,7,25080,80024,105104,H303,34.930606,-85.756464,74.4,64.8,66.9
KCS,17111401,2017-11-14,2:01 AM,Other (describe in narrative),0,VICKSBURG,MS,47,4,Dark,Clear,Main,Freight Train,16,11000,500,11500,E22C,32.35159,-90.736358,60.6,53.7,57.3
NS,156868,2024-05-28,8:30 AM,Derailment,0,OSCEOLA,IN,62,2,Day,Clear,Yard,Yard/switching,4,32712,53340,86052,M409,41.666583,-86.033424,61.5,61.3,59.8
BNSF,TC0715120,2015-07-03,1:45 PM,Other (describe in narrative),0,LITTLE FALLS,MN,92,2,Day,Clear,Siding,Spec. MoW Equip.,0,25000,0,25250,H997,46.00149,-94.385141,64.3,65.5,70.2
NJTR,202009306,2020-09-04,11:07 PM,Derailment,0,KEARNY,NJ,60,4,Dark,Clear,Yard,Yard/switching,5,18150,0,18150,E64C,40.744276,-74.102995,78,76.4,72.1
NS,145806,2022-07-12,3:15 PM,Side collision,0,NEW ORLEANS,LA,90,2,Day,Clear,Yard,Single Car,0,14420,0,48907,H310,29.985592,-90.042207,86.6,83.6,83.7
ATK,154196,2018-07-11,8:07 PM,Obstruction,0,NEW CARROLLTON,MD,80,3,Dusk,Clear,Main,Passenger Train - Pulling,122,21354,0,21354,M509,38.948179,-76.871668,82.7,83.6,78.5
UP,0316LV015,2016-03-25,10:43 AM,Other impacts,0,AVONDALE,LA,75,2,Day,Cloudy,Yard,Yard/switching,8,6354,99,15218,H021,29.917998,-90.184205,68.8,63.1,66.9
KCS,19120101,2019-12-01,8:55 AM,Derailment,0,LEESVILLE,LA,60,2,Day,Clear,Yard,Yard/switching,10,8138,7727,15865,H018,31.123648,-93.266677,71.1,56.1,44.6
UP,0917NP039,2017-09-29,9:30 AM,Derailment,0,NORTH PLATTE,NE,58,2,Day,Cloudy,Yard,Yard/switching,7,10617,1416,12033,M409,41.151243,-100.81533,58.3,60.7,62.1
UP,0521GL003,2021-05-05,3:00 AM,Derailment,0,COLUMBUS,NE,37,4,Dark,Cloudy,Yard,Yard/switching,5,14995,47878,62873,H307,41.426969,-97.379608,51.8,49.5,51.7
BNSF,KS1114109,2014-11-17,8:30 PM,Derailment,0,AUGUSTA,KS,28,3,Dusk,Clear,Main,Freight Train,5,900,15450,16350,H702,37.692926,-96.953879,20.5,21.4,25.2
UP,0419RM042,2019-04-30,4:00 PM,Other impacts,0,GREEN RIVER,WY,48,2,Day,Cloudy,Yard,Yard/switching,5,43273,8100,71388,H309,41.520662,-109.45443,31.2,31.1,32.9
BNSF,MT0724107,2024-07-24,4:35 PM,Derailment,0,HAVRE,MT,110,2,Day,Clear,Yard,Yard/switching,10,9476,5242,14718,E46C,48.554274,-109.668646,83.1,83.5,85.1
BNSF,HL1218118,2018-12-21,2:20 PM,Derailment,0,MARSTON,MO,35,2,Day,Clear,Industry,Freight Train,1,14634,0,14634,M501,36.521741,-89.571641,46.4,38.3,40.2
EMRY,176462,2019-09-24,8:15 PM,Other impacts,0,BROWNVILLE,ME,52,4,Dark,Clear,Main,Cut of cars,2,12700,5000,32800,H008,45.335182,-68.828393,69.3,60.4,52.5
WC,1108867,2022-07-19,11:28 PM,Derailment,0,ESCANABA,MI,76,4,Dark,Clear,Main,Freight Train,23,46316,93000,139316,T211,45.780432,-87.101742,73,75.1,73.2
CSX,000218805,2024-06-22,11:15 AM,Derailment,0,LAFAYETTE,IN,84,2,Day,Clear,Yard,Freight Train,5,596455,30594,627049,H303,40.425045,-86.893601,81.3,82.4,78.3
BNSF,TC0917103,2017-09-17,6:00 AM,Derailment,0,FRIDLEY,MN,51,1,Dawn,Cloudy,Yard,Yard/switching,2,1335,12000,13335,M411,45.039558,-93.272998,70.5,56.7,55.5
CSX,000199754,2021-08-28,8:20 AM,Derailment,0,DOLTON,IL,75,2,Day,Clear,Main,Freight Train,8,195738,16206,211944,E24C,41.644281,-87.61698,80.2,81.1,79.2
UP,1222GP001,2022-12-01,1:44 AM,Other impacts,0,NORTH PLATTE,NE,29,4,Dark,Clear,Yard,Single Car,0,0,0,24468,M407,41.148264,-100.841374,16.4,35.9,29.2
CSX,000209272,2023-01-13,1:05 PM,Derailment,0,RUSSELL,KY,38,2,Day,Cloudy,Yard,Yard/switching,6,16700,100,16800,E59C,38.543408,-82.730347,52.7,35.7,29.6
UP,1220PR022,2020-12-08,4:30 AM,Other impacts,0,BEDFORD PARK,IL,35,4,Dark,Cloudy,Yard,Freight Train,0,79565,0,107602,H306,41.76475,-87.679132,35.9,34.9,40.2
UP,0819HL031,2019-08-19,4:31 AM,Derailment,0,INDEPENDENCE,MO,76,1,Dawn,Clear,Main,Freight Train,13,715306,239048,1051941,H508,39.112603,-94.476961,80.8,83.8,86.6
NS,140400,2021-01-26,8:40 AM,Obstruction,0,WINSTON SALEM,NC,35,2,Day,Cloudy,Siding,Spec. MoW Equip.,3,0,0,14000,H997,36.146337,-80.26014,42.2,39,48.5
UP,0817KC033,2017-08-28,4:40 PM,Derailment,0,ST JOSEPH,MO,82,2,Day,Clear,Yard,Yard/switching,7,30383,3240,33623,T221,39.737845,-94.862481,71,68.7,66.2
UP,1123GP012,2023-11-10,7:45 PM,Derailment,0,NORTH PLATTE,NE,41,3,Dusk,Clear,Yard,Yard/switching,4,8740,5280,14020,E67C,41.153953,-100.871933,35,35.3,43.1
GRS,20210315G1,2021-03-15,11:45 PM,Hwy-rail crossing,0,NEW GLOUCESTER,ME,32,4,Dark,Clear,Main,Freight Train,25,0,15001,15001,M302,43.85387,-70.24439,26.6,12.5,22.7
CSX,000154935,2015-12-06,1:39 AM,Side collision,0,BIRMINGHAM,AL,42,4,Dark,Clear,Yard,Yard/switching,7,59683,0,63284,H607,33.513495,-86.803837,48.9,53.3,52.5
CSX,000202137,2022-01-01,1:04 AM,Derailment,0,ROMULUS,MI,45,4,Dark,Cloudy,Main,Freight Train,33,739426,430187,1169613,E62C,42.195543,-83.394502,40.2,36.2,23.1
CSX,000199555,2021-08-19,2:04 AM,Derailment,0,FEURA BUSH,NY,72,4,Dark,Rain,Yard,Freight Train,10,10878,500,11378,E07C,42.565903,-73.854184,72.9,71.1,72.6
UP,0719RM035,2019-07-27,6:50 PM,Derailment,0,GREEN RIVER,WY,77,3,Dusk,Clear,Main,Freight Train,13,18924,116940,135864,H503,41.52927,-109.471031,72.1,70,70.2
TRRA,24006OR,2024-03-08,6:57 AM,Derailment,0,VENICE,IL,52,2,Day,Clear,Yard,Freight Train,0,0,63993,69693,H503,38.676144,-90.164354,50.3,55.2,45.7
NJTR,201702039,2017-01-31,8:30 PM,Other impacts,0,KEARNY,NJ,32,4,Dark,Cloudy,Yard,Light loco(s),3,36142,0,73002,H306,40.744315,-74.107928,33.8,29.3,40
IC,903452,2016-10-12,9:20 AM,Other (describe in narrative),0,ARGO,IL,65,2,Day,Cloudy,Siding,Light loco(s),2,43127,0,43127,H318,41.767052,-87.830021,64.2,55.4,45.1
BNSF,PR0123101,2023-01-02,4:00 PM,Derailment,0,ALLIANCE,NE,22,2,Day,Snow,Yard,Light loco(s),5,14476,1500,15976,M101,42.086544,-102.887296,32.9,28.7,21.2
WC,856683,2015-06-25,5:20 PM,Other impacts,0,GARY,IN,78,2,Day,Cloudy,Yard,Yard/switching,4,8204,6950,140598,H310,41.62645,-87.39405,69.7,70.6,64.4
CSX,000198833,2021-07-13,8:10 PM,Side collision,0,AVON,IN,82,2,Day,Clear,Yard,Light loco(s),0,152608,6128,283736,H401,39.759791,-86.327526,74.5,74.4,75.8
NYSW,150721B,2015-07-21,5:36 PM,Derailment,0,UTICA,NY,76,2,Day,Clear,Yard,Single Car,28,17742,5000,22742,M502,43.104772,-75.223338,75.6,69.3,66.5
CSX,000139288,2014-12-24,2:23 PM,Derailment,0,CINCINNATI,OH,45,2,Day,Rain,Yard,Yard/switching,9,20934,2000,22934,H307,39.102276,-84.542438,50.3,48.4,37.6
BNSF,CH0216115,2016-02-29,11:53 PM,Other (describe in narrative),0,CHICAGO,IL,38,4,Dark,Clear,Main,,0,0,35000,35000,H404,41.860406,-87.641066,51.4,38.6,26.6
GTW,1134842,2023-06-27,12:30 PM,Side collision,0,BATTLE CREEK,MI,72,2,Day,Cloudy,Yard,Light loco(s),2,27642,0,27866,H301,42.335284,-85.143471,66.2,65.1,68.5
NS,132616,2019-01-27,8:45 PM,Other (describe in narrative),0,NORTH KANSAS CITY,MO,45,4,Dark,Clear,Yard,Light loco(s),5,17254,0,17254,H702,39.130756,-94.569776,33.6,36.7,31.1
NOPB,D20170319T,2017-03-19,4:15 AM,Side collision,0,NEW ORLEANS,LA,65,4,Dark,Cloudy,Siding,Freight Train,4,0,0,77000,H306,29.915469,-90.117014,70.2,71.5,71.7
IC,900562,2016-09-12,11:00 AM,Other impacts,0,BATON ROUGE,LA,89,2,Day,Clear,Yard,Yard/switching,3,10005,25,21730,H318,30.474911,-91.188373,78.7,79.3,77.5
CSX,000177377,2018-07-03,9:35 PM,Derailment,0,DEARBORN,MI,80,4,Dark,Clear,Yard,Cut of cars,5,4455,0,88876,H020,42.296851,-83.145398,82.6,79.7,82.7
NS,126657,2017-09-16,4:25 PM,Derailment,0,MUSCLE SHOALS,AL,75,3,Dusk,Cloudy,Yard,Freight Train,7,12356,4930,17286,H210,34.712551,-87.616781,72.4,73.4,74.2
NS,128529,2018-02-14,8:01 AM,Hwy-rail crossing,0,SLIDELL,LA,72,2,Day,Clear,Main,,0,0,0,46296,M304,30.311569,-89.76966,60.1,67.7,71.9
NS,139414,2020-10-06,5:00 AM,Side collision,0,CHARLOTTE,NC,72,1,Dawn,Clear,Main,Freight Train,7,81370,0,81870,H306,35.228142,-80.852528,61.8,63.3,67.5
MNR,346845,2020-10-10,9:20 AM,Derailment,0,MASARDIS,ME,55,2,Day,Clear,Yard,Yard/switching,10,10248,7857,18105,T221,46.556979,-68.375942,42,54.8,40.8
BNSF,HL0423109,2023-04-21,8:10 PM,Derailment,0,OMAHA,NE,46,3,Dusk,Clear,Yard,Yard/switching,6,7010,8962,15972,H318,41.219315,-95.926726,49.7,41.2,38.2
ATK,169821,2022-02-21,4:46 PM,Hwy-rail crossing,0,JAMESTOWN,NC,64,2,Day,Cloudy,Main,Passenger Train - Pulling,56,28823,0,68823,M302,35.991845,-79.938868,38.6,49.3,60
IC,941599,2017-11-12,5:30 AM,Derailment,0,HOMEWOOD,IL,40,4,Dark,Cloudy,Yard,Freight Train,5,15000,59655,74655,H702,41.590756,-87.6466,31.2,37.4,36.2
BNSF,HL0521105,2021-05-14,10:45 PM,Derailment,0,LINCOLN,NE,60,4,Dark,Clear,Yard,Freight Train,10,46500,1000,47500,H607,40.80818,-96.777126,58.5,61.8,64.8
BNSF,TC0715120,2015-07-03,1:45 PM,Other (describe in narrative),0,LITTLE FALLS,MN,92,2,Day,Clear,Siding,Spec. MoW Equip.,10,250,0,25250,H997,46.001049,-94.385141,64.3,65.5,70.2
CRSH,139148,2020-09-13,2:14 AM,Derailment,0,ELIZABETH,NJ,74,4,Dark,Clear,Yard,,0,0,17503,119041,H704,40.670052,-74.175199,66.7,69.9,71.3
NJTR,201501003,2015-01-04,12:56 AM,Obstruction,0,ATLANTIC CITY,NJ,51,4,Dark,Clear,Main,Commuter Train - Pushing,79,14496,15000,29496,M402,39.477145,-74.577323,37.3,54.9,37.7
BRC,014544,2022-06-01,10:20 PM,Derailment,0,BEDFORD PARK,IL,79,4,Dark,Cloudy,Industry,,0,0,5000,46743,H704,41.76801,-87.78116,82.5,70,69.4
UP,0723GP022,2023-07-15,4:42 AM,Derailment,0,NORTH PLATTE,NE,61,1,Dawn,Clear,Yard,Freight Train,10,12843,3432,16275,M501,41.152718,-100.881218,70.3,71.9,73.1
CSX,000175758,2018-04-11,3:05 AM,Other impacts,0,CUMBERLAND,MD,36,4,Dark,Cloudy,Yard,Cut of cars,4,20826,0,20826,H318,39.644504,-78.760839,41.3,46.4,58.1
IC,921033,2017-04-30,9:43 AM,Rear end collision,0,MONEY,MS,55,2,Day,Rain,Main,Freight Train,33,2242078,353072,4416059,H605,33.650755,-90.208319,80.4,71.5,62.7
UP,0116NP010,2016-01-26,10:12 AM,Derailment,0,NORTH PLATTE,NE,25,2,Day,Clear,Yard,Single Car,0,15026,0,224922,S016,41.150601,-100.845587,30.1,24.4,30.5
UP,0819HL006,2019-08-06,7:45 PM,Derailment,0,KANSAS CITY,MO,88,3,Dusk,Clear,Yard,Yard/switching,2,4799,19500,24299,M405,39.113856,-94.480961,82.3,83.4,78.2
BNSF,TC0318106,2018-03-07,1:00 PM,Derailment,0,FARGO,ND,18,2,Day,Clear,Yard,Yard/switching,10,77653,0,77653,H402,46.891943,-96.825486,20.7,9.9,16