reportingrailroadcode,accidentnumber,date,time,accidenttype,hazmatreleasedcars,station,stateabbr,temperature,visibility_code,visibility,weathercondition,tracktype,equipmenttype,trainspeed,equipmentdamagecost,trackdamagecost,totaldamagecost,primaryaccidentcausecode,latitude,longitude,prior_temp,actual_temp,following_temp
ATK,172447,2022-10-22,12:15 AM,Other (describe in narrative),0,LINDEN,NJ,50,4,Dark,Clear,Main,Passenger Train - Pulling,43,18754,0,18754,E78L,40.62165,-74.260233,51.7,53.8,57.2
ARR,2023111,2023-07-14,11:30 AM,RR grade crossing,0,PALMER,AK,65,2,Day,Clear,Industry,Spec. MoW Equip.,3,0,0,0,M302,61.3415,-149.0926,64.9,63.8,57.4
UP,0221GP007,2021-02-07,11:22 AM,Other impacts,0,NORTH PLATTE,NE,2,2,Day,Snow,Yard,Single Car,0,12726,0,253326,S007,41.148571,-100.84716,14.5,4,-6.4
IC,944788,2017-12-19,8:20 AM,Hwy-rail crossing,0,GLENDORA,MS,50,2,Day,Cloudy,Main,,0,0,25,24983,M302,34.014233,-90.281499,49,57.1,57.5
BNSF,KS0921102,2021-09-03,5:33 AM,Other impacts,0,KANSAS CITY,KS,80,1,Dawn,Clear,Yard,Yard/switching,10,55929,0,55929,M407,39.08425,-94.690067,76.4,78.1,72.8
CRSH,114267,2015-02-07,8:00 PM,Derailment,0,CAMDEN,NJ,35,4,Dark,Clear,Yard,Yard/switching,4,37806,300,38106,H601,39.949173,-75.10064,23.2,33.4,39.3
UP,1021GC001,2021-10-02,3:30 PM,Other impacts,0,LOTTIE,LA,83,2,Day,Rain,Yard,Yard/switching,0,14360,0,120184,H306,30.520732,-91.549581,75.4,74.5,75.8
IC,906029,2016-11-10,5:45 AM,Derailment,0,CRENSHAW,MS,38,4,Dark,Clear,Main,Freight Train,36,661660,1648713,2310373,E61C,34.50367,-90.195697,56,49.2,53.6
MRL,2018028,2018-02-23,4:26 AM,Side collision,0,LAUREL,MT,0,4,Dark,Clear,Yard,Freight Train,0,21000,0,23000,H607,45.682,-108.715,7.9,9.4,20.8
SNJX,12012016,2016-12-01,6:09 AM,Obstruction,0,FLORENCE,NJ,51,1,Dawn,Clear,Main,DMU,55,30355,0,30355,M404,40.109752,-74.78475,56,51.4,43.9
BNSF,GC0316112,2016-03-23,9:20 AM,Other (describe in narrative),0,LAFAYETTE,LA,65,2,Day,Clear,Yard,Yard/switching,8,12166,250,12416,H607,30.234879,-92.055884,56.9,67.7,69.1
BNSF,HL1022115,2022-10-24,10:30 AM,Other impacts,0,MONETT,MO,45,2,Day,Rain,Yard,,0,0,500000,500000,H021,36.920009,-93.920122,72.7,63.9,47.1
ARR,2021177,2021-12-13,1:00 PM,Rear end collision,0,SEWARD,AK,-3,2,Day,Clear,Main,Spec. MoW Equip.,36,0,0,11000,H402,60.6285,-149.2472,10.8,6,10.5
CRSH,129162,2018-04-14,5:20 PM,Raking collision,0,RIVER ROUGE,MI,36,3,Dusk,Rain,Yard,Yard/switching,5,38998,0,40000,H318,42.261456,-83.142938,46.7,38.7,35.3
CSX,000207348,2022-09-19,6:00 PM,Other impacts,0,DEARBORN,MI,75,3,Dusk,Cloudy,Yard,Yard/switching,6,11351,2746,15789,H302,42.305451,-83.151687,75.8,75.1,68.8
UP,0723HL025,2023-07-25,9:31 AM,Fire/violent rupture,0,LIBERAL,KS,81,2,Day,Clear,Yard,Single Car,0,32712,0,32712,M406,37.047769,-100.904146,82.5,84.2,84
BNSF,KS0723103,2023-07-07,12:20 PM,Other (describe in narrative),0,KANSAS CITY,KS,80,2,Day,Clear,Yard,Yard/switching,8,27014,0,74411,H607,39.08713,-94.695713,73,74.5,71
LI,68966,2018-12-31,12:31 AM,Derailment,0,PORT WASHINGTON,NY,34,4,Dark,Cloudy,Yard,EMU,2,135549,13784,149333,M507,40.827954,-73.687034,36.6,41,50.6
CSX,000201395,2021-11-18,12:50 PM,Derailment,0,LOUISVILLE,KY,48,2,Day,Cloudy,Yard,Freight Train,7,86078,46,86124,H306,38.27995,-85.516779,65.6,46.6,36.2
BNSF,TC1122114,2022-11-24,5:40 PM,Derailment,0,MINNEAPOLIS,MN,40,3,Dusk,Clear,Main,Freight Train,5,39000,5000,44000,H525,45.000223,-93.248605,33.6,35.9,38.6
CSX,000193583,2020-11-02,7:35 PM,Derailment,0,INDIANAPOLIS,IN,41,3,Dusk,Clear,Yard,Yard/switching,5,27348,800,28148,E30C,39.762938,-86.106987,43.4,37.2,49.4
PATH,I020120,2020-02-01,11:19 AM,Other (describe in narrative),0,JERSEY CITY,NJ,42,2,Day,Cloudy,Main,EMU,50,28966,93958,122924,H995,40.724255,-74.055107,37.9,40.4,38.5
ATK,137920,2015-06-22,1:00 AM,Obstruction,0,EDGEWOOD,MD,73,4,Dark,Clear,Main,Spec. MoW Equip.,0,100000,0,140000,H699,39.416079,-76.292834,81.4,81.4,81.7
BNSF,SW0818102,2018-08-05,11:38 AM,Derailment,0,CLOVIS,NM,90,2,Day,Clear,Yard,Freight Train,6,12276,1300,13576,H307,34.401193,-103.265946,78.2,77.8,76.1
BNSF,TC0117115,2017-01-16,6:28 PM,Derailment,0,MOORHEAD,MN,20,3,Dusk,Clear,Yard,Yard/switching,8,13000,500,13500,E34L,46.874221,-96.739305,12.4,12.1,12.7
CSX,000176587,2018-05-24,1:10 AM,Derailment,0,CUMBERLAND,MD,77,4,Dark,Clear,Yard,Yard/switching,9,53413,1000,54413,E46C,39.629594,-78.747503,70.5,67.3,71.3
NS,153809,2023-08-03,5:00 PM,Other impacts,0,ST LOUIS,MO,77,3,Dusk,Cloudy,Yard,Yard/switching,4,11591,0,12056,H302,38.697316,-90.222124,75,76.8,80
BNSF,CH0916106,2016-09-13,2:09 AM,Derailment,0,LOCKPORT,IL,61,4,Dark,Clear,Industry,Yard/switching,4,3000,0,78000,H306,41.591016,-88.06094,66,71,68
CERR,160701006,2016-07-01,2:30 PM,Raking collision,0,CICERO,IL,72,2,Day,Clear,Industry,Freight Train,2,45000,0,45000,H302,41.81835,-87.751819,72.3,68,68
TRRA,24007,2024-03-26,7:25 AM,Derailment,0,VENICE,IL,40,1,Dawn,Clear,Yard,Yard/switching,4,81900,5232,87132,M407,38.663333,-90.160277,59.9,45.6,43.4
GRW,13,2017-06-15,10:00 AM,Derailment,0,GARY,IN,75,2,Day,Cloudy,Yard,Yard/switching,9,11197,14343,25540,M599,41.60946,-87.339221,75,76.9,75.7
CSX,000199782,2021-08-29,11:28 AM,Derailment,0,FEURA BUSH,NY,68,2,Day,Clear,Yard,Yard/switching,3,33684,444,34128,M405,42.565903,-73.854184,65,66.7,72.6
NJTR,202401042,2023-12-29,4:36 PM,Other (describe in narrative),0,NEW YORK NEW YORK,NY,41,4,Dark,Clear,Main,Commuter Train - Pulling,5,12989,0,31843,E78L,40.753338,-74.000026,50.8,49.9,43.3
MNA,MNA459619,2019-07-03,11:36 AM,Fire/violent rupture,0,INDEPENDENCE,MO,74,2,Day,Clear,Main,Freight Train,33,40000,0,40165,E74L,39.061281,-94.414978,83.2,80.9,76.1
CSX,000148498,2015-06-29,10:11 AM,Derailment,0,SELKIRK,NY,67,2,Day,Clear,Yard,Yard/switching,4,13714,3486,17200,M411,42.566588,-73.852296,57.8,63.5,64.7
UP,0718NP005,2018-07-03,1:45 PM,Derailment,0,NORTH PLATTE,NE,91,2,Day,Clear,Yard,Cut of cars,8,3483,12200,15683,S006,41.150725,-100.813442,74.8,81.9,79.2
NJTR,202001001,2020-01-01,9:15 PM,Derailment,0,RARITAN,NJ,37,4,Dark,Clear,Yard,Commuter Train - Pushing,10,25674,36030,61704,H704,40.570323,-74.650977,40.2,35.9,33.3
NS,118543,2015-12-11,7:00 PM,Derailment,0,GENEVA,NY,50,3,Dusk,Clear,Yard,,0,0,3900,18396,H306,42.876647,-76.962759,47,51.4,45.6
NS,127263,2017-11-01,10:30 AM,Derailment,0,SOUTHMONT,NC,65,2,Day,Clear,Yard,Yard/switching,10,186424,0,295632,H306,35.736022,-80.336566,53.1,56.8,63.2
UP,0823GC006,2023-08-09,6:00 PM,Derailment,0,MARINGOUIN,LA,95,3,Dusk,Clear,Yard,Yard/switching,10,97407,0,103908,S016,30.523019,-91.552748,87.6,87.9,88.9
ATK,163105,2020-02-13,8:13 PM,Obstruction,0,LINWOOD,NC,54,4,Dark,Cloudy,Main,Passenger Train - Pulling,79,11116,0,11116,M404,35.720135,-80.375221,53.4,55.4,42.1
BNSF,NE0716201,2016-07-12,1:55 PM,Hwy-rail crossing,0,INDIANOLA,NE,91,2,Day,Clear,Main,Freight Train,58,13515,0,13515,M302,40.220105,-100.518137,82.7,74.7,79.2
NS,140948,2021-03-17,4:50 PM,Derailment,0,ST LOUIS,MO,55,3,Dusk,Clear,Yard,Freight Train,5,7186,12400,19586,H518,38.696145,-90.220947,46.2,49.1,44.1
BNSF,TC1117106,2017-11-20,4:30 PM,Side collision,0,MINNEAPOLIS,MN,30,2,Day,Clear,Yard,Yard/switching,7,18377,1000,60258,H307,45.031164,-93.272144,27.8,38.3,27
NS,121040,2016-06-28,5:04 PM,Other impacts,0,BALTIMORE,MD,72,3,Dusk,Cloudy,Industry,Freight Train,0,12000,0,25200,H302,39.258858,-76.538017,74.7,75.2,73.7
UP,0918LK025,2018-09-14,11:34 PM,Derailment,0,SHREVEPORT,LA,90,4,Dark,Cloudy,Yard,Yard/switching,4,8368,3926,12294,H511,32.438411,-93.924949,79.7,81.7,84.2
UP,0816LK028,2016-08-29,8:47 AM,Hwy-rail crossing,0,BONITA,LA,88,2,Day,Clear,Main,Freight Train,50,50637,0,50637,M302,32.897686,-91.708456,82.4,82.3,82.5
IANR,LCD0826222,2022-08-26,9:35 PM,Derailment,0,LA PORTE CITY,IA,70,4,Dark,Clear,Industry,Freight Train,8,2072,58917,60989,H704,42.315295,-92.185768,73.2,70.2,74.1
UP,0117PC010,2017-01-15,11:45 PM,Derailment,0,NAMPA,ID,-3,4,Dark,Snow,Yard,Light loco(s),4,18620,1018,19638,M101,43.586174,-116.567842,14.5,10.8,2
SNJX,05052016,2016-05-05,10:15 AM,Hwy-rail crossing,0,RIVERTON,NJ,55,2,Day,Cloudy,Main,DMU,30,12810,0,12810,M308,40.009648,-75.011895,51.4,52.7,51.3
UP,0718NP021,2018-07-14,9:00 PM,Derailment,0,NORTH PLATTE,NE,80,3,Dusk,Clear,Yard,Yard/switching,6,25124,13700,38824,M409,41.149579,-100.809443,75.8,75.7,73.8
UP,0822GC022,2022-08-27,11:30 PM,Other impacts,0,MARINGOUIN,LA,74,4,Dark,Clear,Yard,Light loco(s),8,0,0,51384,H702,30.519816,-91.548197,78.9,79.8,80.5
NS,122099,2016-09-18,6:45 PM,Derailment,0,ELKHART,IN,74,3,Dusk,Clear,Yard,Yard/switching,2,330,14070,14400,M404,41.677391,-85.978436,70.6,67.1,67.3
ATK,153869,2018-06-18,12:32 PM,Other (describe in narrative),0,NORTH BRUNSWICK,NJ,97,2,Day,Clear,Main,Passenger Train - Pulling,47,9798,1047,10845,E78L,40.379177,-74.54404,75.6,79,79.6
CSX,000157256,2016-02-20,12:26 PM,Side collision,0,CUMBERLAND,MD,64,2,Day,Clear,Yard,Yard/switching,5,13298,0,13491,H307,39.644504,-78.760839,30.4,53.8,45.3
UP,0923HL009,2023-09-08,6:01 PM,Derailment,0,GARNETT,KS,85,3,Dusk,Clear,Main,Freight Train,3,297755,282003,579758,E99C,38.333828,-95.174004,72.5,75.2,72.6
KCS,15080803,2015-08-08,11:20 AM,Hwy-rail crossing,0,JOPLIN,MO,90,2,Day,Clear,Main,Freight Train,40,30587,19726,50313,M303,37.17505,-94.54331,84.3,83.8,87.5
TRRA,21048,2021-12-17,7:15 AM,Obstruction,0,ST LOUIS,MO,40,1,Dawn,Cloudy,Main,,0,0,27041,153230,M402,38.674415,-90.201115,49.6,34.9,36.3
MBTA,YR2021104,2021-12-27,12:44 PM,Hwy-rail crossing,0,HAVERHILL,MA,32,2,Day,Clear,Main,,0,0,3185,18185,M308,42.803929,-71.110339,33.5,30.7,36.5
IC,1056419,2020-12-10,12:10 AM,Side collision,0,CAIRO,IL,60,4,Dark,Clear,Yard,Cut of cars,0,59456,0,114582,H306,37.021711,-89.184162,43.9,46.8,54.2
CSX,000155992,2016-01-11,3:00 AM,Derailment,0,CUMBERLAND,MD,20,4,Dark,Cloudy,Yard,Yard/switching,4,19903,460,20363,H399,39.644504,-78.760839,40.8,26.8,26.4
CRSH,128351,2018-02-01,3:40 AM,Derailment,0,DETROIT,MI,36,4,Dark,Cloudy,Yard,Cut of cars,0,13816,500,80865,H306,42.322147,-83.127207,31.1,29.7,14.5
MBTA,202350,2023-04-26,4:39 PM,Hwy-rail crossing,0,ABINGTON,MA,52,2,Day,Clear,Main,Passenger Train - Pushing,62,65483,0,65483,M304,42.126466,-70.940804,51,49.4,50.2
CSX,000177377,2018-07-03,9:35 PM,Derailment,0,DEARBORN,MI,80,4,Dark,Clear,Yard,Yard/switching,6,84421,0,88876,H020,42.296851,-83.145398,82.6,79.7,82.7
CFE,CFE729824D,2024-03-09,8:20 PM,Derailment,0,DECATUR,IN,40,4,Dark,Cloudy,Main,Freight Train,5,150000,6219,156219,H303,40.830647,-84.930756,48,42.1,34.4
NIRC,9419000800,2022-04-26,11:26 AM,Derailment,0,CHICAGO,IL,50,2,Day,Clear,Yard,Yard/switching,4,41635,13314,54949,T222,41.805675,-87.62938,51.3,43.7,38.7
BNSF,PR0123112,2023-01-22,6:19 AM,Derailment,0,SCOTTSBLUFF,NE,20,1,Dawn,Clear,Yard,Freight Train,3,12000,73665,85665,H607,41.850115,-103.639795,26,28,28
ALS,200703,2020-07-03,6:15 AM,Derailment,0,EAST ST LOUIS,IL,90,1,Dawn,Clear,Yard,Yard/switching,4,600,11058,11658,H503,38.589384,-90.140683,78.6,81.8,81.1
UP,0222HL004,2022-02-02,4:54 PM,Derailment,0,KANSAS CITY,MO,20,2,Day,Clear,Main,Freight Train,9,229198,0,287198,H503,39.08239,-94.60696,44.6,18.8,13.1
BNSF,PR1023201,2023-10-07,11:08 AM,Hwy-rail crossing,0,PARKS,NE,72,2,Day,Clear,Main,Freight Train,46,250000,200113,450113,M302,40.03515,-101.749,50,50.9,57.8
UP,0115TC007,2015-01-22,11:55 AM,Other impacts,0,SHAKOPEE,MN,33,2,Day,Clear,Yard,Light loco(s),2,0,99,15284,H020,44.789214,-93.4187,27.7,23.5,32.5
NYSW,200521A,2020-05-21,1:10 PM,Side collision,0,KIRKWOOD,NY,64,2,Day,Clear,Yard,Freight Train,4,9549,1045,83847,H210,42.103895,-75.88981,56.3,57.7,62.8
BNSF,RD0921105,2021-09-04,12:20 PM,Derailment,0,RACELAND,LA,90,2,Day,Clear,Main,Freight Train,5,233094,100597,333691,H701,29.747358,-90.609796,82.8,83.3,82.2
UP,0617NP036,2017-06-29,3:00 AM,Derailment,0,NORTH PLATTE,NE,60,4,Dark,Rain,Yard,Cut of cars,0,12996,33,13029,M105,41.1393,-100.757267,74.5,74.2,66
NJTR,201908431,2019-08-02,12:09 AM,Derailment,0,BAY HEAD,NJ,78,4,Dark,Clear,Yard,Yard/switching,5,6700,1106,7806,H702,40.075378,-74.048167,76.5,75.6,76.4
MDS,17072801,2017-07-28,9:40 AM,Derailment,0,LAUDERDALE,MS,83,2,Day,Clear,Main,Freight Train,7,3000,200000,203000,H503,32.252542,-88.765864,84.9,82.3,82.5
BNSF,HL0720203,2020-07-27,9:00 AM,Hwy-rail crossing,0,SALEM,NE,70,2,Day,Rain,Main,Spec. MoW Equip.,8,25000,0,25000,M302,40.081136,-95.712651,78.7,75.7,76.5
CSS,CSS0305171,2017-03-05,3:40 PM,Side collision,0,MICHIGAN CITY,IN,60,2,Day,Clear,Industry,Freight Train,6,28000,0,153000,H307,41.71109,-86.861934,30.3,44.8,53.9
MNCW,20344,2018-06-01,1:50 AM,Derailment,0,CROTON ON HUDSON,NY,66,4,Dark,Cloudy,Yard,Cut of cars,8,51637,4742,56379,H607,41.190675,-73.885385,64.3,70.2,76.3
CSX,000171098,2017-08-21,5:34 PM,Side collision,0,WILMINGTON,NC,80,2,Day,Clear,Industry,Freight Train,6,196990,0,205890,H702,34.362119,-77.862867,80.9,80.5,82
CSX,000156361,2016-01-22,2:19 AM,Other impacts,0,WILLARD,OH,25,4,Dark,Clear,Yard,Single Car,4,13425,0,13425,M204,41.059857,-82.723964,16.3,21.7,22.2
BNSF,HL0320114,2020-03-21,5:08 PM,Derailment,0,LINCOLN,NE,33,3,Dusk,Clear,Yard,Yard/switching,9,155,40632,40787,H312,40.808287,-96.753151,25.4,32.8,40.4
CSX,000200466,2021-10-03,4:09 PM,Side collision,0,HAMLET,NC,83,2,Day,Clear,Yard,Yard/switching,5,13200,0,42615,H020,34.925491,-79.646587,70.1,71.9,72.8
ATK,151371,2018-01-08,8:15 PM,Hwy-rail crossing,0,DURHAM,NC,41,4,Dark,Clear,Main,Passenger Train - Pulling,66,0,0,25268,M302,35.901563,-78.85252,16.4,31.1,45.6
CRSH,114308,2015-02-11,3:30 AM,Raking collision,0,NEWARK,NJ,21,4,Dark,Clear,Yard,Yard/switching,9,9550,2800,15653,H306,40.713686,-74.142477,30.1,26.9,30.7
BNSF,CH0422101,2022-04-01,11:20 AM,Derailment,0,CICERO,IL,41,2,Day,Cloudy,Yard,Freight Train,10,38937,8016,46953,H514,41.844875,-87.73994,40.9,37.7,38.5
UP,1219GC022,2019-12-23,3:20 PM,Derailment,0,WAGGAMAN,LA,61,2,Day,Cloudy,Industry,Yard/switching,4,3963,7850,11813,T216,29.951463,-90.272336,53.6,55.9,59.7
ATK,165546,2020-10-04,10:05 PM,Other (describe in narrative),0,MONMOUTH JUNCTION,NJ,60,4,Dark,Cloudy,Main,Passenger Train - Pulling,135,25865,21160,47025,E78L,40.33752,-74.596975,53.7,54.6,57.6
BNSF,PR0717116,2017-07-27,3:50 AM,Derailment,0,HARDIN,MT,65,4,Dark,Clear,Main,Freight Train,40,3251,62000,65251,E86C,45.853272,-107.956831,73.5,78.8,80.4
BNSF,HL1217202,2017-12-07,10:53 AM,Hwy-rail crossing,0,JASPER,AL,68,2,Day,Clear,Main,Freight Train,28,15345,30000,45345,M308,33.814816,-87.356999,42.4,42.9,34.9
MACZ,154508,2018-07-29,9:53 PM,Other (describe in narrative),0,BALTIMORE,MD,72,4,Dark,Cloudy,Main,Light loco(s),5,11594,0,11594,H999,39.307394,-76.615656,77,74.9,72.6
IC,1057268,2020-12-21,1:30 PM,Other impacts,0,CHICAGO,IL,45,2,Day,Cloudy,Yard,Single Car,3,25450,0,51050,H318,41.808823,-87.765876,36.2,38.9,37.5
CRSH,135850,2019-10-16,2:55 AM,Raking collision,0,NEWARK,NJ,55,4,Dark,Clear,Yard,Single Car,2,12284,0,13872,S016,40.706396,-74.133991,57.9,60,54.8
NS,142434,2021-08-03,1:30 PM,Derailment,0,SIMPSONVILLE,KY,88,2,Day,Clear,Yard,Freight Train,4,13000,4380,17380,H018,38.212595,-85.324125,72.4,73.5,73.5
UP,0619RM017,2019-06-16,2:30 PM,Fire/violent rupture,0,WAMSUTTER,WY,70,2,Day,Cloudy,Main,Freight Train,50,326281,0,326281,E73L,41.649771,-108.129168,60.1,61,55.2
UP,0419RM006,2019-04-04,11:15 PM,Derailment,0,GREEN RIVER,WY,43,4,Dark,Cloudy,Yard,Freight Train,10,81003,135476,216479,H503,41.51712,-109.43794,38.3,42.3,45.4
NS,152420,2023-02-25,10:56 AM,Derailment,0,LEXINGTON,NC,48,2,Day,Fog,Main,Freight Train,15,12164,100020,112184,E67C,35.793915,-80.290489,61.9,48.2,50.8
AM,AM08292015,2015-08-29,10:36 AM,Raking collision,0,BUTTERFIELD,MO,85,2,Day,Clear,Main,Freight Train,35,15000,7000,22000,H301,36.738878,-93.916272,70.2,74,74.7
CSX,000149405,2015-07-18,1:40 AM,Derailment,0,AVON,IN,69,4,Dark,Cloudy,Yard,Cut of cars,5,1838,0,13432,S016,39.759222,-86.353899,76.1,79.5,79.5
LI,EQ20170302,2017-03-17,2:42 PM,Obstruction,0,MINEOLA,NY,40,2,Day,Clear,Main,Maint./inspect Car,5,70000,0,70000,H604,40.740928,-73.638322,32,37.4,35.7
CSX,000177562,2018-07-11,7:00 PM,Derailment,0,ATMORE,AL,90,3,Dusk,Cloudy,Main,Freight Train,34,224292,188047,412339,E00C,31.027853,-87.367258,80.7,82,81.2
UP,0923MA028,2023-09-15,1:37 AM,Derailment,0,ORAN,MO,56,4,Dark,Clear,Main,Freight Train,39,824361,760590,1584951,E61C,37.111486,-89.768153,65.9,64.1,67.3
UP,1222GP034,2022-12-28,2:00 AM,Other impacts,0,NORTH PLATTE,NE,30,4,Dark,Cloudy,Yard,Yard/switching,5,7192,33750,87396,M411,41.147913,-100.833679,33.8,37.8,34.9
NJTR,202006195,2020-05-29,10:30 PM,Derailment,0,KEARNY,NJ,75,4,Dark,Cloudy,Yard,Yard/switching,5,10188,2709,12897,H303,40.743365,-74.100554,69.6,74.9,74.1
BNSF,SW0922107,2022-09-19,2:15 AM,Derailment,0,BELEN,NM,65,4,Dark,Clear,Yard,Yard/switching,4,100781,20000,120781,H504,34.639627,-106.771556,73.4,71.7,72.5
MACZ,1705052030,2017-05-05,8:30 PM,Derailment,0,POINT OF ROCKS,MD,60,3,Dusk,Clear,Main,Commuter Train - Pulling,38,500000,0,500000,M404,39.274399,-77.543612,56,64.9,55.2
ATK,164613,2020-06-16,12:50 AM,Obstruction,0,WADE,NC,63,4,Dark,Cloudy,Main,Passenger Train - Pulling,78,36627,0,36627,M404,35.166721,-78.730988,61.8,62.1,67.6
WC,1080422,2021-08-12,11:28 AM,Obstruction,0,ROMEOVILLE,IL,82,2,Day,Clear,Main,,0,0,0,21337,M404,41.644986,-88.048634,78.5,75.2,73.9
CSX,000155821,2016-01-07,3:38 AM,Side collision,0,NEW ORLEANS,LA,44,4,Dark,Clear,Yard,Freight Train,6,19387,814,242977,H607,30.005989,-90.019451,54.9,54.9,58.1
BNSF,KS0323111,2023-03-16,7:23 PM,Derailment,0,PAULINE,KS,33,3,Dusk,Snow,Industry,Freight Train,6,19046,500,19546,H307,38.933152,-95.690759,49.5,44.9,33.3
BNSF,TC1122115,2022-11-26,4:36 AM,Derailment,0,FRIDLEY,MN,40,1,Dawn,Cloudy,Yard,Yard/switching,4,67119,0,67119,E30C,45.050498,-93.272501,38.6,43.9,34
CSX,000162481,2016-08-26,8:55 PM,Side collision,0,BIRMINGHAM,AL,85,4,Dark,Clear,Yard,Cut of cars,3,257175,0,303869,M502,33.537511,-86.790457,83.7,83.4,83.7
CSX,000137735,2014-11-18,1:40 AM,Other impacts,0,ROMULUS,MI,13,4,Dark,Clear,Industry,Freight Train,4,16253,500,16992,H302,42.223869,-83.395345,26.9,16.2,22
BNSF,PR0721203,2021-07-30,8:14 AM,Hwy-rail crossing,0,DUNNING,NE,80,1,Dawn,Clear,Main,Freight Train,49,31000,4500,35500,M302,41.743023,-100.013689,77.4,77.1,70.8
CSX,000149182,2015-07-14,6:05 AM,Other impacts,0,AVON,IN,69,1,Dawn,Cloudy,Yard,Single Car,10,128906,0,128906,S016,39.759779,-86.328326,73.5,76.6,71.7
CPKC,1002077028,2024-04-08,3:38 AM,Derailment,0,HARVEY,ND,34,4,Dark,Cloudy,Yard,Freight Train,10,74508,1348,75856,E68C,47.771001,-99.931,38.3,41.1,46.8
UP,0917LV021,2017-09-29,4:10 PM,Other impacts,0,MARINGOUIN,LA,86,2,Day,Cloudy,Yard,Yard/switching,0,126,0,15086,H302,30.50312,-91.552601,80.5,78.6,75.9
UP,0316NP014,2016-03-18,1:45 PM,Derailment,0,NORTH PLATTE,NE,43,2,Day,Cloudy,Yard,Light loco(s),4,17131,2475,19606,H305,41.152155,-100.830314,33.6,31.9,26.8
NS,123207,2016-12-19,5:45 AM,Derailment,0,WILLIAMSPORT,MD,22,1,Dawn,Clear,Industry,Freight Train,6,13634,0,13634,H704,39.593071,-77.798964,38.6,27.4,25.7
ATK,175174,2023-06-17,5:11 AM,Hwy-rail crossing,0,DODGE CITY,KS,66,4,Dark,Clear,Main,Passenger Train - Pulling,60,24670,0,24670,M308,37.774944,-99.905899,69.9,68.3,69.7
NS,133906,2019-05-11,8:10 AM,Derailment,0,BUFFALO,NY,45,2,Day,Clear,Yard,Freight Train,3,7941,23126,31067,H306,42.847252,-78.844503,55.4,47.4,46.2
CSX,000188049,2020-01-24,6:22 AM,Derailment,0,SCHILLER PARK,IL,37,1,Dawn,Fog,Yard,Freight Train,7,9676,0,70025,H702,41.974048,-87.870145,32.1,35.2,33
UP,0817SL021,2017-08-15,1:27 PM,Rear end collision,0,HERMANN,MO,72,2,Day,Cloudy,Main,Freight Train,29,672085,78460,965508,H605,38.675777,-91.631411,71.5,75.7,75
CRSH,126448,2017-08-30,10:30 AM,Raking collision,0,NEWARK,NJ,75,2,Day,Clear,Yard,Cut of cars,3,30993,0,56245,S016,40.706022,-74.132528,66.1,69.4,71.3
BNSF,TC0117129,2017-01-29,9:35 PM,Derailment,0,FRIDLEY,MN,20,4,Dark,Clear,Yard,Yard/switching,5,2554,8500,11054,M411,45.040289,-93.273566,25.7,23.8,28.5
BNSF,KS0519107,2019-05-20,4:00 PM,Derailment,0,KANSAS CITY,KS,60,2,Day,Rain,Yard,Yard/switching,3,11016,500,11516,H312,39.082533,-94.682265,63.1,53.5,56.9
BRC,13930,2017-04-11,8:05 AM,Derailment,0,BEDFORD PARK,IL,44,2,Day,Clear,Yard,,0,0,16834,75034,H702,41.765745,-87.761231,63.5,48.2,48.2
UP,0519GP002,2019-05-02,9:40 AM,Derailment,0,CHEYENNE,WY,35,2,Day,Cloudy,Yard,Yard/switching,2,10781,1397,12178,H704,41.127276,-104.818781,34.7,40.9,48.3
UP,1219PR005,2019-12-13,7:50 AM,Derailment,0,JOLIET,IL,35,2,Day,Cloudy,Main,Freight Train,9,8522,79387,87909,E67C,41.529094,-88.078933,33.6,37.1,30.4
BNSF,PR0118123,2018-01-31,10:25 PM,Derailment,0,MCCOOK,NE,22,4,Dark,Clear,Yard,Freight Train,5,40133,12000,52133,E4TC,40.196619,-100.61448,33.3,36.5,27.7
GTW,953706,2018-03-24,8:37 PM,Hwy-rail crossing,0,POTTERVILLE,MI,29,4,Dark,Clear,Main,,0,0,45656,67785,M308,42.62567,-84.75087,32.2,31.1,29.7
CP,1000442675,2016-08-30,5:10 PM,Hwy-rail crossing,0,PARKERS PRAIRIE,MN,78,2,Day,Clear,Main,Light loco(s),40,25577,120,25697,M304,46.180436,-95.336007,73.5,68,65.9
BNSF,TC0415114,2015-04-23,8:35 AM,Other (describe in narrative),0,MINNEAPOLIS,MN,40,1,Dawn,Clear,Yard,Yard/switching,10,16954,0,16954,M411,45.036812,-93.273778,40.4,42.6,45.8
SKOL,160114001,2016-01-14,1:00 AM,Other impacts,0,CHERRYVALE,KS,40,4,Dark,Clear,Yard,Yard/switching,6,18600,0,18600,H301,37.327926,-95.531587,34.3,45.2,37.6
ATK,175508,2023-07-12,8:37 PM,Obstruction,0,CHAMOIS,MO,75,4,Dark,Cloudy,Main,Passenger Train - Pulling,32,20697,0,20697,M404,38.678161,-91.651541,82.7,82.3,79.8
UP,0815TC021,2015-08-28,10:00 AM,Other (describe in narrative),0,SOUTH ST PAUL,MN,80,2,Day,Clear,Yard,Light loco(s),4,50807,0,50807,M507,44.903145,-93.042389,66.4,66.6,63.4