reportingrailroadcode,accidentnumber,date,time,accidenttype,hazmatreleasedcars,station,stateabbr,temperature,visibility_code,visibility,weathercondition,tracktype,equipmenttype,trainspeed,equipmentdamagecost,trackdamagecost,totaldamagecost,primaryaccidentcausecode,latitude,longitude,prior_temp,actual_temp,following_temp
UP,0216PR022,2016-02-29,11:53 PM,Other (describe in narrative),0,CHICAGO,IL,28,4,Dark,Cloudy,Main,Light loco(s),10,0,0,35000,H702,41.860406,-87.641066,51.4,38.6,26.6
UP,0916PR009,2016-09-15,12:30 PM,Other impacts,0,NORTHLAKE,IL,87,2,Day,Clear,Yard,Yard/switching,3,44766,150,75912,M411,41.90945,-87.915287,68.6,68.9,73.7
BNSF,PR1214103,2014-12-15,10:01 PM,Derailment,0,SCOTTSBLUFF,NE,13,4,Dark,Clear,Main,Freight Train,3,31520,1000,32520,H307,41.853182,-103.650003,31.6,25.7,12.8
IC,945889,2018-01-03,11:00 AM,Hwy-rail crossing,0,JACKSON,MS,32,2,Day,Clear,Main,Maint./inspect Car,5,20000,1225,21225,M308,32.279247,-90.186513,23.6,28.4,29.1
BNSF,HL0719114,2019-07-20,5:59 PM,Derailment,0,ST LOUIS,MO,97,3,Dusk,Clear,Yard,Yard/switching,8,15000,0,15000,E07C,38.602388,-90.312475,86.2,85.7,85.1
CRSH,135328,2019-08-30,2:35 PM,Raking collision,0,MANVILLE,NJ,84,2,Day,Clear,Main,Freight Train,5,18668,0,35374,H302,40.649693,-74.293336,70.6,70.7,71.3
UP,0721HL024,2021-07-30,12:49 PM,Derailment,0,KANSAS CITY,KS,92,2,Day,Clear,Main,Freight Train,6,155123,0,160623,H506,39.084788,-94.611618,88.8,87.6,79.7
BNSF,SF0615114,2015-06-19,8:44 AM,Derailment,0,SPRINGFIELD,MO,71,1,Dawn,Rain,Main,Freight Train,10,82900,0,82900,M103,37.180443,-93.14941,73.2,73.3,78
BNSF,TC0215101,2015-02-05,1:07 PM,Derailment,0,MINNEAPOLIS,MN,20,2,Day,Clear,Yard,Yard/switching,5,5524,8000,13524,M411,45.034068,-93.272858,10.3,7.5,21.8
BNSF,MT0717109,2017-07-17,10:55 AM,Derailment,0,ESSEX,MT,64,2,Day,Clear,Main,Maint./inspect Car,0,70000,0,140000,H402,48.284752,-113.611506,68.9,62.1,65.4
UP,0819HL015,2019-08-13,8:31 PM,Fire/violent rupture,0,JAMESPORT,MO,80,4,Dark,Clear,Main,Freight Train,30,67737,0,67737,M406,39.953772,-93.744269,80.1,79.2,72.8
UP,0320GP029,2020-03-28,7:40 AM,Obstruction,0,SIDNEY,NE,32,2,Day,Snow,Siding,Cut of cars,0,8525,0,14383,M105,41.147505,-102.935061,39.9,34.8,40.2
CSX,000192193,2020-08-23,9:26 PM,Other impacts,0,AVON,IN,70,4,Dark,Clear,Yard,Cut of cars,4,18426,0,26519,H316,39.758609,-86.338974,74.6,75.7,79.2
TSWS,9122021003,2021-04-16,8:45 PM,Derailment,0,JOLIET,IL,47,4,Dark,Cloudy,Yard,Freight Train,10,350000,16000,366000,H306,41.44586,-88.13505,46.4,46.7,46.1
LSRC,D220720,2022-07-20,5:27 AM,Derailment,0,ALPENA,MI,80,1,Dawn,Clear,Main,Freight Train,8,19314,42076,61390,T221,45.037024,-83.475786,76,77.4,76.1
ATK,139330,2015-09-21,12:50 PM,Obstruction,0,RED HOOK,NY,85,2,Day,Clear,Main,Maint./inspect Car,0,101690,0,126987,H402,41.932837,-73.944683,66.5,59.3,60.1
UP,1216PC002,2016-12-02,10:15 PM,Hwy-rail crossing,0,MINIDOKA,ID,23,4,Dark,Cloudy,Main,Freight Train,67,71881,0,71881,M302,42.817884,-113.757527,30.3,26.4,33.2
UP,1114KC005,2014-11-17,2:20 AM,Derailment,0,KANSAS CITY,KS,23,4,Dark,Clear,Yard,Yard/switching,4,12654,561,13215,H607,39.094081,-94.653367,24,21.1,25
BNSF,PR1218111,2018-12-20,3:30 PM,Derailment,0,MASON CITY,NE,20,2,Day,Clear,Main,Freight Train,40,20000,15000,35000,E71L,41.275035,-99.376593,39.5,38,34.4
CSX,000175624,2018-04-01,5:30 AM,Raking collision,0,SELKIRK,NY,35,4,Dark,Clear,Yard,Single Car,10,0,0,15612,S016,42.575131,-73.862528,43,40.9,34.7
NJTR,202002096,2020-01-16,8:38 AM,Other (describe in narrative),0,PRINCETON JUNCTION,NJ,40,2,Day,Clear,Main,Commuter Train - Pulling,80,398974,0,398974,E07L,40.295976,-74.6347,43.9,42.7,26.7
ATK,175420,2023-07-07,5:40 AM,Other (describe in narrative),0,RAHWAY,NJ,75,1,Dawn,Clear,Main,,0,0,44590,44590,E78L,40.599527,-74.284203,82.8,79.8,80.3
NS,131626,2018-11-12,1:25 AM,Other impacts,0,IRONDALE,AL,49,4,Dark,Rain,Yard,Yard/switching,4,51138,13807,64945,S007,33.548905,-86.67801,47.1,48.3,45.5
UP,1015NP020,2015-10-20,8:15 PM,Derailment,0,LEWELLEN,NE,60,4,Dark,Rain,Main,Work train,4,3971,51866,55837,H702,41.331688,-102.141135,60.7,62.1,52.4
BNSF,PR0123114,2023-01-25,4:45 AM,Derailment,0,ALLIANCE,NE,18,1,Dawn,Cloudy,Yard,Light loco(s),5,25811,8250,34061,M404,42.064332,-102.901826,19.2,23.5,26.8
CSX,000206380,2022-07-28,10:40 AM,Side collision,0,GRAND RAPIDS,MI,80,2,Day,Clear,Yard,Yard/switching,0,29976,0,60000,H302,42.952632,-85.684163,71.3,72.3,69.8
CSX,000177865,2018-07-28,10:13 PM,Derailment,0,BESSEMER,AL,80,4,Dark,Clear,Main,Freight Train,9,194111,123638,317749,H518,33.411428,-86.964956,79.4,80.8,80.4
CSX,000153625,2015-10-23,6:58 PM,Other impacts,0,MONTGOMERY,AL,75,3,Dusk,Clear,Yard,Freight Train,7,29944,4440,150515,H519,32.37595,-86.326296,67.1,70.6,70.9
BNSF,HL1023113,2023-10-25,3:55 AM,Derailment,0,NORTH KANSAS CITY,MO,65,4,Dark,Rain,Industry,Yard/switching,3,40000,0,480000,H607,39.126863,-94.574734,67.5,66,70.5
UP,0721GC022,2021-07-25,6:00 PM,Derailment,0,LIVONIA,LA,89,3,Dusk,Clear,Yard,Yard/switching,7,10087,2584,12671,M405,30.52245,-91.549886,83.3,83.1,83.3
CRSH,135038,2019-08-08,2:30 AM,Raking collision,0,ELIZABETH,NJ,73,4,Dark,Clear,Industry,Yard/switching,2,12007,0,12007,H302,40.68433,-74.16432,75,75.8,76.3
UP,0324MA029,2024-03-30,12:11 PM,Derailment,0,CAHOKIA,IL,74,2,Day,Clear,Main,,0,0,0,0,H501,38.595237,-90.162675,60.6,69.5,67.8
UP,0223GP030,2023-02-17,3:30 PM,Derailment,0,NORTH PLATTE,NE,39,2,Day,Clear,Yard,Yard/switching,3,19896,1008,20904,E49C,41.146846,-100.82509,23,24.9,30.3
IC,940596,2017-11-01,11:50 AM,Hwy-rail crossing,0,DE SOTO,IL,46,2,Day,Rain,Main,,0,0,26429,61539,M302,37.781215,-89.222927,40.1,46.2,69
UP,0520GP022,2020-05-24,6:33 PM,Derailment,0,EDGAR,NE,74,3,Dusk,Rain,Main,Freight Train,36,485563,24084,509647,M102,40.338442,-97.887022,67.5,68.9,60.2
UP,1123HL013,2023-11-19,5:30 PM,Derailment,0,WICHITA,KS,53,2,Day,Rain,Yard,Freight Train,7,33476,84776,118252,T220,37.729919,-97.322549,50.5,52.9,46.1
BAWT,200905001,2020-09-05,12:05 PM,Derailment,0,LINDEN,NJ,80,2,Day,Clear,Yard,Yard/switching,2,3200,27250,30450,H306,40.639132,-74.228909,77.2,72.2,72.5
CRSH,126448,2017-08-30,10:30 AM,Raking collision,0,NEWARK,NJ,75,2,Day,Clear,Yard,Freight Train,4,22752,2500,56245,S016,40.706022,-74.132528,66.1,69.4,71.3
CSX,000138121,2014-11-27,2:10 PM,Derailment,0,WILLARD,OH,25,2,Day,Clear,Yard,Cut of cars,4,15021,0,15021,M101,41.063958,-82.750657,30.8,30.2,24.5
NS,124296,2017-03-13,12:40 PM,Derailment,0,ATTALLA,AL,44,2,Day,Rain,Yard,Freight Train,8,750,12112,12862,H306,34.019778,-86.08949,43.6,41.1,39.1
CSX,000174994,2018-03-02,6:57 PM,Derailment,0,PERRYVILLE,MD,42,4,Dark,Cloudy,Main,Freight Train,0,171512,5000,176512,M105,39.567628,-76.090569,46.7,39.1,40.9
NIRC,2020071798,2020-01-21,5:38 PM,Hwy-rail crossing,0,CHICAGO,IL,29,4,Dark,Cloudy,Main,Commuter Train - Pulling,30,38517,0,38517,M303,41.9976,-87.764446,23.9,23.7,29.5
CSX,000155694,2016-01-04,4:30 PM,Other impacts,0,CINCINNATI,OH,30,3,Dusk,Clear,Yard,Cut of cars,18,32166,0,32166,M407,39.104322,-84.538947,32.6,30.8,24
CSX,000199554,2021-08-17,10:26 PM,Hwy-rail crossing,0,WADESBORO,NC,75,4,Dark,Rain,Main,Freight Train,10,2790,8807,11597,M302,34.975374,-80.047742,77,77.8,81.5
BNSF,MT1019103,2019-10-11,12:57 AM,Derailment,0,GREAT FALLS,MT,18,4,Dark,Clear,Yard,Light loco(s),3,40930,0,40930,T223,47.506305,-111.338146,16.1,28,36.4
KCS,17032101,2017-03-21,7:35 AM,Derailment,0,JACKSON,MS,68,2,Day,Clear,Yard,Yard/switching,4,2530,12933,15463,S006,32.2629,-90.15817,69.5,71.9,69.7
ARR,2023004,2023-01-17,1:58 AM,Obstruction,0,GIRDWOOD,AK,35,4,Dark,Cloudy,Main,Freight Train,20,142000,134000,276000,M101,60.918,-149.119,27.6,23,19.7
BNSF,KS0115116,2015-01-24,11:53 PM,Derailment,0,KANSAS CITY,KS,31,4,Dark,Rain,Yard,Freight Train,5,48497,216000,264497,E25C,39.086546,-94.709964,35.9,44.7,41.3
BNSF,PR0221111,2021-02-28,4:00 AM,Other impacts,0,ALLIANCE,NE,40,1,Dawn,Clear,Yard,Yard/switching,9,15000,0,15000,H318,42.08366,-102.887827,30.7,27.3,31.7
UP,0819RM002,2019-08-03,5:00 PM,Derailment,0,GREEN RIVER,WY,90,2,Day,Cloudy,Yard,Yard/switching,10,3149,6840,114246,E07C,41.519489,-109.447917,70.4,73.5,72
UP,0117PR010,2017-01-07,12:30 PM,Derailment,0,NORTHLAKE,IL,10,2,Day,Cloudy,Yard,Yard/switching,5,40792,1000,41792,M411,41.903096,-87.917886,3.7,8.6,10.7
UP,1021GC001,2021-10-02,3:30 PM,Other impacts,0,LOTTIE,LA,83,2,Day,Rain,Yard,Yard/switching,2,89389,16435,120184,H306,30.520732,-91.549581,75.4,74.5,75.8
UP,0316LV015,2016-03-25,10:43 AM,Other impacts,0,AVONDALE,LA,75,2,Day,Cloudy,Yard,Yard/switching,0,8765,0,15218,H021,29.917998,-90.184205,68.8,63.1,66.9
CSX,000155702,2016-01-03,10:22 AM,Derailment,0,DECATUR,AL,45,2,Day,Cloudy,Industry,Yard/switching,5,133743,0,133743,M404,34.614947,-86.984469,36,37.9,32.1
UP,0923HL018,2023-09-19,9:30 PM,Other impacts,0,KANSAS CITY,KS,69,4,Dark,Clear,Yard,Yard/switching,0,72492,0,123981,H307,39.097106,-94.669157,72,75.8,73.9
GDLK,180703004,2018-07-03,6:30 AM,Derailment,0,KALAMAZOO,MI,75,1,Dawn,Clear,Main,Freight Train,3,8000,3000,11000,H503,42.174368,-85.34401,77.5,78.1,82.8
UP,1223GP011,2023-12-06,4:50 PM,Other impacts,0,NORTH PLATTE,NE,30,2,Day,Clear,Yard,Freight Train,9,22765,0,22765,H601,41.155447,-100.842527,35.6,40.1,42.3
NJTR,202003149,2020-03-24,7:52 PM,Derailment,0,GLADSTONE,NJ,43,4,Dark,Clear,Yard,Commuter Train - Pulling,6,21612,4419,26031,E69C,40.719302,-74.66485,38,45,43.1
IC,962102,2018-06-07,4:45 AM,Other impacts,0,GEISMAR,LA,75,4,Dark,Clear,Yard,Yard/switching,4,18387,50,18437,H318,30.168451,-90.966027,76.3,80.2,80.3
NS,139414,2020-10-06,5:00 AM,Side collision,0,CHARLOTTE,NC,72,1,Dawn,Clear,Main,Cut of cars,0,500,0,81870,H306,35.228142,-80.852528,61.8,63.3,67.5
BEAR,BER910424D,2024-08-28,12:30 AM,Derailment,0,AYER,MA,62,4,Dark,Clear,Yard,Freight Train,6,4694,285000,471501,M505,42.553833,-71.590778,71.5,77.1,66.5
BNSF,PR0221202,2021-02-13,10:24 AM,Hwy-rail crossing,0,BRIDGEPORT,NE,-15,2,Day,Snow,Main,Freight Train,34,13138,1500,14638,M302,41.72142,-103.196,-5.9,-4.9,-10.6
ATK,169068,2021-11-21,4:42 PM,Obstruction,0,GREENSBORO,NC,59,2,Day,Cloudy,Main,Passenger Train - Pulling,69,13696,0,13696,M402,36.064201,-79.806602,37.8,44.3,49.9
UP,0515KC002,2015-05-08,2:40 AM,Derailment,0,KANSAS CITY,MO,62,4,Dark,Rain,Yard,Yard/switching,2,14436,1000,15436,M204,39.12001,-94.534938,71,66.5,67.1
GTW,1122128,2023-01-04,9:00 PM,Other (describe in narrative),0,FLINT,MI,21,4,Dark,Clear,Yard,Light loco(s),8,23564,0,23564,H607,42.966724,-83.786201,38.8,44.7,35.5
BNSF,TC0722103,2022-07-08,4:45 PM,Derailment,0,HITTERDAL,MN,82,2,Day,Clear,Yard,Freight Train,10,92391,88501,180892,H699,46.932818,-96.259042,73.8,72.3,75.1
PBVR,08262018,2018-08-26,10:58 AM,Other impacts,0,PEARLINGTON,MS,87,2,Day,Clear,Siding,Yard/switching,5,24984,0,24984,H525,30.227474,-89.569075,81.7,83.1,80.5
NS,123945,2017-02-12,4:34 AM,Derailment,0,ELKHART,IN,41,1,Dawn,Cloudy,Yard,Yard/switching,2,29170,300,29470,M411,41.67736,-85.978495,41.5,38.8,34
UP,1120GC022,2020-11-16,9:50 AM,Other (describe in narrative),0,LOTTIE,LA,56,2,Day,Clear,Yard,Yard/switching,6,13547,0,13547,M411,30.525512,-91.555721,63.6,52.9,55.4
BNSF,MT0117103,2017-01-07,7:50 PM,Derailment,0,ROUNDUP,MT,5,3,Dusk,Clear,Industry,Freight Train,1,41134,1000,42134,M101,46.269789,-108.432253,12.2,9,9.1
SKOL,160106002,2016-01-06,4:00 AM,Derailment,0,COFFEYVILLE,KS,33,4,Dark,Clear,Yard,Yard/switching,10,156019,2700,158719,T212,37.025948,-95.616739,29.2,37.5,46
BRS,160329003,2016-03-29,5:30 AM,Derailment,0,BATON ROUGE,LA,60,4,Dark,Clear,Yard,Yard/switching,9,9600,15800,25400,H704,30.579386,-91.235562,68.5,65.1,71.4
IANR,BUD1117211,2021-11-17,7:22 AM,Other (describe in narrative),0,SHELL ROCK,IA,40,1,Dawn,Cloudy,Main,Freight Train,0,17802,500,18302,H021,42.73126,-92.615824,41.3,41.4,29.4
PGBX,RAI895822,2022-01-04,6:30 AM,Derailment,0,PORT ALLEN,LA,40,1,Dawn,Clear,Industry,Yard/switching,5,5000,10000,15000,M101,30.433567,-91.206872,37.2,41.8,57.3
BNSF,NW0517100,2017-05-01,6:16 AM,Derailment,0,COCOLALLA,ID,42,1,Dawn,Cloudy,Main,Freight Train,37,1526199,995770,2521969,E61C,48.070259,-116.636764,52.1,44,47.7
TRRA,19030,2019-12-11,6:44 PM,Derailment,0,MADISON,IL,30,2,Day,Clear,Yard,,0,0,16742,19491,H503,38.673024,-90.163,26.5,31.8,39.8
IC,996125,2019-04-27,1:00 AM,Derailment,0,GEISMAR,LA,54,4,Dark,Clear,Yard,Yard/switching,7,253880,6000,259880,H306,30.179496,-90.982774,70.3,66.8,69.5
WC,1105800,2022-06-16,11:34 AM,Derailment,0,PROCTOR,MN,69,2,Day,Clear,Yard,Yard/switching,6,17367,12000,29367,H309,46.785216,-92.164307,59.2,66.3,66.2
CRSH,140234,2021-01-12,2:00 AM,Other impacts,0,WOODBRIDGE,NJ,30,4,Dark,Clear,Yard,Yard/switching,5,33185,0,101539,H318,40.56641,-74.251472,31.2,35,37.1
NS,122906,2016-11-27,8:30 PM,Derailment,0,CENTRALIA,MO,42,4,Dark,Clear,Main,Freight Train,22,64605,914,65519,H601,39.212474,-92.135134,38.3,45,51.7
ARR,2021164,2021-11-17,9:00 PM,Other impacts,0,ANCHORAGE,AK,-10,4,Dark,Clear,Industry,Yard/switching,10,15000,2000,17000,H018,61.22,-149.881,1.6,-0.6,-3.3
NJTR,202010351,2020-10-07,12:42 PM,Other (describe in narrative),0,HOBOKEN,NJ,65,2,Day,Clear,Yard,Yard/switching,5,12594,0,12594,H509,40.735316,-74.033752,62.2,65.5,59
BNSF,HL0517200,2017-05-05,11:20 AM,Hwy-rail crossing,0,FOLEY,MO,61,2,Day,Clear,Main,Freight Train,42,2033786,825387,2859173,M302,39.066465,-90.743224,49.9,57,60.2
UP,0316SL008,2016-03-25,8:29 AM,Hwy-rail crossing,0,GOODWINE,IL,41,2,Day,Cloudy,Main,Freight Train,45,13597,0,13597,M308,40.574443,-87.783717,52.2,37.6,45.8
NS,143817,2021-12-21,5:40 PM,Other (describe in narrative),0,LOUISVILLE,KY,47,3,Dusk,Clear,Yard,Yard/switching,2,28247,1470,29717,H702,38.263516,-85.801423,34.9,38.4,35.7
UP,1020MA029,2020-10-24,6:36 AM,Derailment,0,EAST ST LOUIS,IL,43,1,Dawn,Cloudy,Yard,Freight Train,5,16273,0,19723,H210,38.584207,-90.133406,55.1,46.2,48.1
UP,0318PR002,2018-03-02,5:40 PM,Other impacts,0,MELROSE PARK,IL,38,3,Dusk,Cloudy,Yard,Yard/switching,5,66687,105750,173289,M411,41.900086,-87.907171,39.4,37.3,37.3
IC,914208,2017-02-21,11:35 PM,Other impacts,0,DECATUR,IL,53,4,Dark,Clear,Yard,Cut of cars,5,1000,0,36000,H020,39.855992,-88.945291,58.8,57.9,57.6
ATK,177740,2023-12-29,4:36 PM,Other (describe in narrative),0,NEW YORK,NY,65,2,Day,Clear,Main,,0,0,18854,31843,E78L,40.75023,-73.99304,50.8,49.9,43.3
BNSF,SW1022106,2022-10-12,9:30 PM,Derailment,0,CARLSBAD,NM,68,4,Dark,Cloudy,Yard,Freight Train,4,25500,22600,48100,H607,32.439958,-104.213639,66.4,70.6,64.2
CSX,000154935,2015-12-06,1:39 AM,Side collision,0,BIRMINGHAM,AL,42,4,Dark,Clear,Yard,Light loco(s),7,3000,601,63284,H607,33.513495,-86.803837,48.9,53.3,52.5
CSX,000177765,2018-07-18,4:45 PM,Obstruction,0,HOOVER,AL,89,2,Day,Rain,Main,Maint./inspect Car,0,15000,0,15000,H997,33.337741,-86.874411,78.6,80.9,79.2
NS,140400,2021-01-26,8:40 AM,Obstruction,0,WINSTON SALEM,NC,35,2,Day,Cloudy,Siding,Spec. MoW Equip.,0,14000,0,14000,H997,36.146337,-80.26014,42.2,39,48.5
IMRR,IMR272919O,2019-12-09,6:45 AM,Derailment,0,PEKIN,IL,50,1,Dawn,Clear,Industry,Cut of cars,20,16917,3242,20159,M504,40.54541,-89.671627,41.6,39.7,19.7
BNSF,KS0723103,2023-07-07,12:20 PM,Other (describe in narrative),0,KANSAS CITY,KS,80,2,Day,Clear,Yard,Light loco(s),6,47397,0,74411,H607,39.08713,-94.695713,73,74.5,71
WC,1030125,2020-03-18,12:34 PM,Side collision,0,GARY,IN,45,2,Day,Rain,Yard,Single Car,4,81700,0,125150,H307,41.629327,-87.391235,38.6,39.6,48.2
LI,68154,2018-07-18,10:16 PM,Hwy-rail crossing,0,WYANDANCH,NY,75,4,Dark,Clear,Main,EMU,45,17479,0,17479,M303,40.75427,-73.36036,75.2,76.1,72.1
NJTR,202008289,2020-08-20,8:11 PM,Hwy-rail crossing,0,DENVILLE,NJ,78,4,Dark,Clear,Main,Commuter Train - Pulling,45,2112,29929,32041,M303,40.875581,-74.482078,69,68.3,73.1
BNSF,TC0917101,2017-09-03,11:45 PM,Derailment,0,DILWORTH,MN,55,4,Dark,Clear,Yard,Freight Train,5,58071,50000,108071,H607,46.874082,-96.653409,68.4,70.2,60.5
CRSH,139102,2020-09-08,12:30 AM,Derailment,0,CAMDEN,NJ,70,4,Dark,Clear,Yard,Freight Train,4,1323,14780,16103,H704,39.945361,-75.102781,72.1,73.7,74
ATK,137920,2015-06-22,1:00 AM,Obstruction,0,EDGEWOOD,MD,73,4,Dark,Clear,Main,Spec. MoW Equip.,29,40000,0,140000,H699,39.416079,-76.292834,81.4,81.4,81.7
NS,146400,2022-09-01,9:25 AM,Other (describe in narrative),0,JENNINGS,MO,72,2,Day,Clear,Yard,Yard/switching,5,12780,350,13130,H704,38.696145,-90.220947,73.9,75.2,74.8
BNSF,SW0318107,2018-03-19,5:25 AM,Derailment,0,CARLSBAD,NM,50,1,Dawn,Clear,Yard,Freight Train,9,2000,17500,19500,H306,32.440082,-104.19941,65.8,54.4,50.2
LSRC,A220401,2022-04-01,2:00 AM,Hwy-rail crossing,0,BURTON,MI,33,4,Dark,Clear,Main,Freight Train,25,7883,16054,23937,M302,42.974747,-83.648199,47.4,33.3,33.3
NS,127208,2017-10-28,9:50 AM,Derailment,0,IRONDALE,AL,45,2,Day,Rain,Yard,Yard/switching,5,2829,8222,11051,M411,33.548905,-86.67801,62.5,48.9,44
BNSF,CH0416102,2016-04-09,7:00 AM,Derailment,0,PLANO,IL,24,1,Dawn,Clear,Main,Freight Train,34,48343,121283,169626,E53C,41.647845,-88.599579,37.1,31.7,42.4
NS,121364,2016-07-23,2:25 AM,Derailment,0,DECATUR,IL,75,4,Dark,Clear,Yard,Yard/switching,7,29056,28642,57698,H702,39.852182,-88.918343,79.8,82.6,85.1
NS,123241,2016-12-21,2:05 AM,Other impacts,0,MUSCLE SHOALS,AL,28,4,Dark,Clear,Yard,Yard/switching,2,89941,0,89941,E09C,34.712551,-87.616781,34.8,42.9,50.5
UP,0118NP005,2018-01-04,11:50 AM,Hwy-rail crossing,0,FAIRBURY,NE,32,2,Day,Clear,Main,Freight Train,40,40845,99,40944,M303,40.130906,-97.177389,19.7,15.1,13.6
ATK,178424,2024-02-14,6:05 PM,Hwy-rail crossing,0,NEOGA,IL,50,4,Dark,Clear,Main,Passenger Train - Pulling,79,15721,0,15721,M302,39.277483,-88.472424,39,41.7,43.4
CP,1000598597,2017-08-01,1:15 AM,Derailment,0,CALMAR,IA,68,4,Dark,Cloudy,Main,Freight Train,29,32850,500,33350,M204,43.190518,-91.899117,70.7,71.4,71.8
MBTA,YR2022144,2022-11-30,8:39 PM,Obstruction,0,ANDOVER,MA,45,4,Dark,Clear,Main,Passenger Train - Pushing,60,32018,0,32018,M404,42.64257,-71.15489,35.6,46.6,38
UP,0221GP019,2021-02-15,5:36 PM,Hwy-rail crossing,0,GOTHENBURG,NE,-1,2,Day,Cloudy,Main,Freight Train,40,643,13430,14073,M302,40.926202,-100.163157,-5.1,-16.5,-5.9
KCS,15091003,2015-09-10,2:00 PM,Obstruction,0,CURRYVILLE,MO,88,2,Day,Clear,Main,Spec. MoW Equip.,0,53650,0,72536,H099,39.343239,-91.364782,74.1,73.4,66
CRSH,129162,2018-04-14,5:20 PM,Raking collision,0,RIVER ROUGE,MI,36,3,Dusk,Rain,Yard,Single Car,0,1002,0,40000,H318,42.261456,-83.142938,46.7,38.7,35.3
BNSF,HL0819130,2019-08-26,4:39 AM,Derailment,0,NORTH KANSAS CITY,MO,75,1,Dawn,Clear,Yard,Freight Train,5,26475,174000,200475,M409,39.126102,-94.585776,70.4,71.4,73.5
NS,146199,2022-08-15,3:24 AM,Side collision,0,EAST CHICAGO,IN,72,4,Dark,Clear,Main,Freight Train,7,3518,0,58023,H221,41.518572,-87.466415,69.8,70.8,71.4
MBTA,YR2022146,2022-12-06,11:30 AM,Fire/violent rupture,0,BOSTON,MA,47,2,Day,Clear,Main,Passenger Train - Pulling,0,97510,0,97510,E71L,42.349258,-71.056432,39.3,47.5,53.5
CSX,000205088,2022-05-22,9:29 AM,Side collision,0,RIVERDALE,IL,58,2,Day,Clear,Yard,Single Car,4,310,0,73310,H702,41.649857,-87.631209,58.8,56.6,53.6
BNSF,HL1023202,2023-10-09,12:00 PM,Hwy-rail crossing,0,ADAMS,NE,73,2,Day,Clear,Main,Freight Train,41,89109,0,89109,M302,40.50902,-96.578,57.8,52.7,55.9
UP,0122HL015,2022-01-05,5:25 PM,Derailment,0,KANSAS CITY,MO,20,2,Day,Cloudy,Yard,Freight Train,4,17124,1575,18699,E64L,39.123313,-94.50711,39.6,19.7,11.9
NS,138370,2020-06-29,5:35 PM,Derailment,0,SOPHIA,NC,90,3,Dusk,Clear,Main,Freight Train,24,71502,71112,142614,M405,35.871896,-79.909283,76.3,78.5,76.5
MRL,2017157,2017-12-18,7:40 AM,Derailment,0,LAUREL,MT,26,1,Dawn,Cloudy,Yard,Freight Train,7,12000,0,12000,H601,45.682,-108.717,27.4,36.9,28.8
BNSF,TC1122101,2022-11-02,5:15 AM,Derailment,0,MAYNARD,MN,60,1,Dawn,Clear,Industry,Yard/switching,6,54466,5000,59466,M504,44.907584,-95.466543,53.5,65,50.8
ATK,154930,2018-07-29,9:53 PM,Other (describe in narrative),0,BALTIMORE,MD,72,4,Dark,Cloudy,Main,,0,0,0,11594,H999,39.307394,-76.615656,77,74.9,72.6
NS,154995,2023-12-08,4:47 AM,Hwy-rail crossing,0,,IN,40,1,Dawn,Clear,Main,Freight Train,41,15000,25000,40000,M302,41.089156,-85.66462,48.1,46.8,45.5
NS,141256,2021-04-16,10:05 AM,Derailment,0,GREENSBORO,NC,70,2,Day,Clear,Yard,Freight Train,6,41069,88655,129724,H504,36.063025,-79.815688,60.5,53.9,55.4
ATK,140597,2015-12-30,5:30 AM,Other impacts,0,RENSSELAER,NY,40,1,Dawn,Clear,Yard,Light loco(s),4,1000,0,14000,H211,42.63965,-73.742178,29.9,36.4,38.6
BNSF,TC1114124,2014-11-21,3:00 PM,Other (describe in narrative),0,GRAND RAPIDS,MN,35,2,Day,Clear,Yard,Maint./inspect Car,5,20000,0,20000,H997,47.235216,-93.538964,5.1,16.6,30.8
CSX,000173873,2017-10-28,3:00 PM,Obstruction,0,ROANOKE RAPIDS,NC,75,2,Day,Clear,Industry,Yard/switching,4,26533,0,26533,H210,36.450398,-77.66254,50.8,55.1,58.9
CP,1000617809,2017-09-11,12:08 AM,Hwy-rail crossing,0,ROSELLE,IL,56,4,Dark,Clear,Main,Freight Train,36,3390,0,28181,M302,41.983637,-88.077658,59.6,61.2,63.3
UP,0921GC029,2021-09-18,5:00 AM,Derailment,0,WESTWEGO,LA,78,1,Dawn,Clear,Yard,,0,0,450825,470825,M405,29.917212,-90.185702,79.1,78.1,78.9
PATH,I11272020,2020-11-27,8:54 AM,Other impacts,0,JERSEY CITY,NJ,54,2,Day,Cloudy,Yard,EMU,6,0,26082,26082,H699,40.732221,-74.062876,58.8,55.3,50.1
CSX,000157256,2016-02-20,12:26 PM,Side collision,0,CUMBERLAND,MD,64,2,Day,Clear,Yard,Yard/switching,0,193,0,13491,H307,39.644504,-78.760839,30.4,53.8,45.3
NJTR,202307290,2023-06-30,6:40 PM,Other impacts,0,KEARNY,NJ,85,2,Day,Cloudy,Yard,Yard/switching,5,11870,0,23630,H302,40.743916,-74.107896,75.5,77,75.1
IHB,2674,2021-03-18,8:25 AM,Side collision,0,RIVERDALE,IL,37,2,Day,Rain,Yard,Cut of cars,10,30000,0,34100,M105,41.639498,-87.654897,36.8,38.3,37.5