reportingrailroadcode,accidentnumber,date,time,accidenttype,hazmatreleasedcars,station,stateabbr,temperature,visibility_code,visibility,weathercondition,tracktype,equipmenttype,trainspeed,equipmentdamagecost,trackdamagecost,totaldamagecost,primaryaccidentcausecode,latitude,longitude,prior_temp,actual_temp,following_temp
UP,0522GP014,2022-05-20,10:31 AM,Other impacts,0,NORTH PLATTE,NE,51,2,Day,Cloudy,Yard,Yard/switching,5,41518,36172,107020,M411,41.143873,-100.79466,72,50.7,48.2
CSX,000149053,2015-07-10,3:45 PM,Derailment,0,AVON,IN,78,2,Day,Cloudy,Yard,Yard/switching,9,11933,12189,24122,S006,39.759779,-86.328326,69.1,68.6,69.3
UP,0419GP001,2019-04-01,1:30 AM,Other impacts,0,CHEYENNE,WY,29,4,Dark,Clear,Yard,Cut of cars,0,47221,0,74159,H310,41.129217,-104.811686,33.3,36.4,38.1
UP,0517NP034,2017-05-19,8:20 PM,Derailment,0,NORTH PLATTE,NE,60,3,Dusk,Cloudy,Yard,Yard/switching,7,184648,10450,195098,H702,41.146447,-100.823173,49,46.7,38.9
CRSH,114609,2015-02-28,4:30 PM,Derailment,0,NEWARK,NJ,25,3,Dusk,Clear,Yard,Single Car,0,7637,25537,45266,S006,40.713668,-74.142477,23.3,21.8,24.4
LI,68215,2018-07-28,10:20 AM,Derailment,0,RICHMOND HILL,NY,78,2,Day,Clear,Yard,Yard/switching,7,24969,3500,28469,M507,40.696952,-73.821918,78.5,77.9,77.4
UP,1223GC020,2023-12-20,1:45 AM,Other impacts,0,LOTTIE,LA,46,4,Dark,Clear,Yard,Single Car,5,8389,0,35469,S016,30.524144,-91.55443,44.5,50,55
CSX,000173553,2017-12-18,8:32 PM,Derailment,0,ROCKY MOUNT,NC,50,4,Dark,Clear,Yard,Yard/switching,8,54417,10000,64417,T221,35.918853,-77.804447,39.6,47.2,50.2
MRL,2018026,2018-02-20,1:15 AM,Derailment,0,HELENA,MT,-17,4,Dark,Clear,Main,Freight Train,8,16800,0,16800,M101,46.646,-112.302,-0.2,-4,1.7
NJTR,202307290,2023-06-30,6:40 PM,Other impacts,0,KEARNY,NJ,85,2,Day,Cloudy,Yard,Cut of cars,0,11760,0,23630,H302,40.743916,-74.107896,75.5,77,75.1
UP,0218NP039,2018-02-16,12:00 PM,Fire/violent rupture,0,NORTH PLATTE,NE,33,2,Day,Clear,Yard,Light loco(s),0,16000,0,16000,E74L,41.145307,-100.832668,32.8,24,35.2
BNSF,PR0215104,2015-02-15,4:30 PM,Derailment,0,ALLIANCE,NE,35,3,Dusk,Cloudy,Yard,Yard/switching,10,12072,500,12572,H318,42.094207,-102.865613,27.6,29.5,28
KCS,17050403,2017-05-04,6:15 AM,Obstruction,0,LAUDERDALE,MS,63,1,Dawn,Cloudy,Main,Freight Train,34,10753,0,10753,M404,32.508856,-88.574137,68.2,60.9,57.7
UP,1221GL011,2021-12-09,1:12 AM,Other impacts,0,COUNCIL BLUFFS,IA,41,4,Dark,Cloudy,Yard,Cut of cars,3,106345,0,248349,H018,41.249019,-95.886187,32.1,45.4,35.4
UP,1222GP003,2022-12-04,10:30 AM,Obstruction,0,NORTH PLATTE,NE,28,2,Day,Clear,Yard,Yard/switching,5,46621,203521,250142,M409,41.145816,-100.814103,23.6,29.9,31.1
BNSF,TC0315121,2015-03-16,7:19 PM,Other impacts,0,MINNEAPOLIS,MN,42,3,Dusk,Cloudy,Yard,Yard/switching,9,37299,0,37299,M407,45.027705,-93.268712,54.3,50.7,36.5
UP,0622GL022,2022-06-22,4:50 PM,Derailment,0,EAGLE GROVE,IA,85,2,Day,Clear,Main,Freight Train,10,3733,245584,249317,E51C,42.657904,-93.900423,81.7,74.5,77.5
UP,0320GP010,2020-03-13,7:53 PM,Other impacts,0,NORTH PLATTE,NE,33,3,Dusk,Sleet,Yard,Single Car,0,6032,1650,20327,M411,41.151128,-100.81308,46.4,33,30.7
BNSF,MT0418103,2018-04-07,6:08 AM,Derailment,0,OSWEGO,MT,12,1,Dawn,Clear,Main,Freight Train,52,1524279,961881,2486160,E61C,48.059937,-105.854892,13.7,23.8,25.2
ARR,2020027,2020-02-10,11:41 AM,Other (describe in narrative),0,CANTWELL,AK,-10,2,Day,Snow,Main,Spec. MoW Equip.,2,14835,0,14835,M101,63.3913,-148.9515,25.6,-4,-16.7
BNSF,KS0923104,2023-09-07,7:54 AM,Derailment,0,KANSAS CITY,KS,74,1,Dawn,Clear,Yard,Light loco(s),3,0,0,36572,H704,39.078121,-94.660428,71.3,71.7,74.8
BNSF,HL0523206,2023-05-27,10:30 AM,Hwy-rail crossing,0,FARLEY,MO,80,2,Day,Clear,Main,Freight Train,53,21265,0,21265,M308,39.270781,-94.823951,68.7,67.6,69.6
BNSF,HL1023109,2023-10-17,4:45 AM,Derailment,0,AURORA,NE,55,1,Dawn,Clear,Main,Freight Train,33,1126235,1475723,2601958,E62C,40.875804,-98.09362,44.3,56.1,58.6
NS,127299,2017-11-05,12:01 AM,Derailment,0,TUSCUMBIA,AL,67,4,Dark,Clear,Main,Freight Train,35,140388,1079871,1220259,T213,34.72053,-87.725089,67.1,69.7,71.6
NS,122112,2016-09-19,1:25 PM,Derailment,0,LAFAYETTE,IN,80,2,Day,Clear,Yard,Yard/switching,7,77732,0,77732,H312,40.448743,-86.853848,67.8,67.6,70.1
NS,118318,2015-11-22,3:30 PM,Derailment,0,TUSCALOOSA,AL,72,2,Day,Clear,Yard,Freight Train,2,27300,8000,35300,H702,33.195188,-87.559139,51.9,39.4,38.9
UP,0319RM004,2019-03-06,2:33 AM,Derailment,0,LARAMIE,WY,32,4,Dark,Cloudy,Main,Freight Train,30,7163,49560,56723,E33C,41.294825,-105.595682,10.2,33.5,34.6
UP,0717NP006,2017-07-06,12:40 PM,Derailment,0,NORTH PLATTE,NE,100,2,Day,Clear,Yard,Light loco(s),5,37241,150,37391,H207,41.144493,-100.836237,79.5,82.6,74.2
IC,873949,2015-12-14,6:45 PM,Hwy-rail crossing,0,MEMPHIS,TN,52,4,Dark,Clear,Yard,Yard/switching,8,12995,25,13020,M302,35.08838,-90.111633,66.6,54,55.2
CSX,000175036,2018-03-05,8:00 PM,Derailment,0,BUFFALO,NY,34,4,Dark,Cloudy,Yard,Freight Train,10,17445,824,18269,H702,42.831943,-78.838097,28.1,26.8,30.3
CSX,000163469,2016-10-08,9:28 PM,Derailment,0,WALLACE,SC,65,4,Dark,Rain,Main,Freight Train,15,190549,57769,248318,M103,34.718899,-79.854025,70.7,68.2,64.1
ATK,166177,2021-01-11,3:35 AM,Obstruction,0,HARRISON,NJ,25,4,Dark,Cloudy,Main,Maint./inspect Car,0,62000,1000,64000,H306,40.740357,-74.154217,34.2,31.6,35.3
NS,142722,2021-09-01,3:00 AM,Derailment,0,YORK HAVEN,PA,70,4,Dark,Rain,Main,Freight Train,38,1732,28926,30658,E60C,40.123378,-76.735471,76.2,68.9,68.2
CSX,000203564,2022-03-11,7:00 AM,Side collision,0,NASHVILLE,TN,40,1,Dawn,Clear,Yard,Yard/switching,10,54000,0,75250,H305,36.112136,-86.770713,48.2,44.5,26.6
CSX,000207917,2022-10-19,6:57 PM,Other impacts,0,KINGSPORT,TN,38,3,Dusk,Cloudy,Yard,Yard/switching,9,24856,0,205394,E04C,36.55138,-82.574088,38.1,43.1,41.6
UP,0124HL021,2024-01-22,4:40 PM,Derailment,0,TOPEKA,KS,37,2,Day,Cloudy,Main,Freight Train,13,73064,487988,561052,E65C,39.068455,-95.659264,21.4,32.9,35.5
NS,132242,2019-01-01,3:25 AM,Hwy-rail crossing,0,GREENVILLE,SC,50,4,Dark,Rain,Industry,Freight Train,4,13088,0,13088,M302,34.733907,-82.375414,55.6,63.7,54.7
SCRF,SCR534620,2020-01-03,4:40 AM,Derailment,0,HARTSVILLE,SC,45,4,Dark,Cloudy,Main,Freight Train,8,23800,208426,232226,E64C,34.36845,-80.059716,46.1,62.7,60.3
CSX,000215186,2023-12-21,2:30 PM,Other impacts,0,MEMPHIS,TN,58,2,Day,Clear,Yard,Freight Train,5,4000,0,17389,H516,35.16816,-89.962618,42.7,45.3,51.3
SEPA,SEP050921,2021-05-09,11:00 PM,Fire/violent rupture,0,EXTON,PA,60,4,Dark,Clear,Main,EMU,40,15000,0,15000,E71L,40.021999,-75.612963,48.7,47.1,52.4
NS,151697,2022-12-12,12:55 AM,Derailment,0,CONWAY,PA,33,4,Dark,Clear,Yard,Yard/switching,5,34600,8360,42960,T221,40.672362,-80.251826,39.4,34.4,31.9
UP,0518PD024,2018-05-24,5:30 PM,Derailment,0,PORTLAND,OR,86,2,Day,Clear,Yard,Yard/switching,4,17170,12600,29770,H704,45.550683,-122.688798,68.5,65.2,60.6
UP,0321HL007,2021-03-16,9:45 PM,Derailment,0,CHETOPA,KS,63,4,Dark,Cloudy,Main,Freight Train,36,7572,6600,14172,E53C,37.124514,-95.124116,54.7,56.3,50
BNSF,HL1217101,2017-12-01,1:50 PM,Derailment,0,MEMPHIS,TN,60,2,Day,Clear,Yard,Yard/switching,4,16350,117447,133797,M411,35.026081,-89.892136,57.3,50.6,52.9
UP,1119GC033,2019-11-24,8:24 AM,Derailment,0,LIVONIA,LA,43,2,Day,Clear,Yard,Yard/switching,8,60374,120347,180721,E07C,30.51838,-91.546197,57.2,49,54.1
BNSF,RD0718130,2018-07-21,9:00 PM,Derailment,0,SAGINAW,TX,98,4,Dark,Clear,Yard,Yard/switching,5,17024,3500,20524,H019,32.828372,-97.356846,93.8,92.7,94.1
RCPE,607318D,2018-03-16,1:00 AM,Derailment,0,PIERRE,SD,32,4,Dark,Cloudy,Main,Freight Train,0,94158,54501,148659,E53C,44.38901,-99.99606,32.4,30,30.8
CSX,000185889,2019-10-10,6:49 PM,Side collision,0,NASHVILLE,TN,88,3,Dusk,Clear,Yard,Yard/switching,6,24911,0,25069,M408,36.112142,-86.770737,66.6,71.5,69.9
NS,151991,2023-01-12,6:25 PM,Other (describe in narrative),0,COLUMBIA,SC,60,3,Dusk,Rain,Yard,Yard/switching,5,326,15273,15599,H307,33.985296,-81.039107,49.9,60.5,53
NS,138728,2020-08-03,3:37 PM,Other impacts,0,CHATTANOOGA,TN,88,2,Day,Clear,Yard,Single Car,0,39785,0,41072,M411,35.060736,-85.266798,79.9,78.1,77.2
CSX,000210969,2023-04-24,5:10 PM,Derailment,0,MONCKS CORNER,SC,80,3,Dusk,Clear,Industry,Freight Train,5,28264,0,28264,H307,33.050186,-80.03186,64,60.7,62.4
CSX,000201135,2021-11-03,9:40 AM,Derailment,0,CLEVELAND,OH,42,2,Day,Clear,Yard,Single Car,0,12878,0,12878,E29C,41.571338,-81.55684,44.1,43.3,41.5
BNSF,TX0216200,2016-02-05,12:35 PM,Hwy-rail crossing,0,JUSTIN,TX,50,2,Day,Clear,Main,Freight Train,52,20357,0,20357,M302,33.112652,-97.291431,38.8,45,43.2
CSX,000220230,2024-08-29,11:44 PM,Side collision,0,ALIQUIPPA,PA,71,4,Dark,Clear,Industry,Freight Train,0,19264,0,76541,H307,40.617087,-80.242336,81.4,79.7,78.4
NS,139594,2020-10-27,4:27 PM,Obstruction,0,MONT CLARE,PA,57,3,Dusk,Clear,Main,Spec. MoW Equip.,20,15598,0,16884,H997,40.149219,-75.52177,52.3,54.8,53.5
LVRX,160401,2016-04-09,9:30 PM,Derailment,0,BETHLEHEM,PA,45,4,Dark,Cloudy,Yard,,0,0,20000,23850,M405,40.614391,-75.378473,42.6,34.8,37.8
UP,0517HO027,2017-05-12,2:12 PM,Derailment,0,DEVERS,TX,78,2,Day,Clear,Main,Freight Train,27,9060,6672,15732,E52C,30.034482,-94.620492,76.4,75.2,72.1
NS,152969,2023-05-01,11:05 AM,Derailment,0,CHATTANOOGA,TN,63,2,Day,Clear,Yard,Light loco(s),5,30072,6210,36282,H220,35.007198,-85.375514,62,56.5,58.9
IHB,2165,2015-12-10,5:00 PM,Side collision,0,EAST CHICAGO,IN,53,4,Dark,Clear,Yard,Yard/switching,4,538542,2323,540865,H318,41.632777,-87.457777,46.3,48.8,48
UP,0221TO009,2021-02-15,1:20 PM,Derailment,0,LA MESA,NM,24,2,Day,Clear,Main,Freight Train,3,500,28000,28500,H705,31.986584,-106.835452,28,22.9,35.8
UP,1218PN001,2018-12-01,10:33 AM,Derailment,0,LA GRANDE,OR,28,2,Day,Clear,Main,Freight Train,18,5212,32200,37412,E67C,45.36272,-118.24108,33.7,33.2,33.4
NS,127406,2017-11-14,2:05 AM,Derailment,0,HARRISBURG,PA,34,4,Dark,Cloudy,Yard,Yard/switching,7,3,2350,55353,H704,40.258557,-76.872595,40.7,44.2,41.7
ATK,158717,2019-04-29,12:04 PM,Side collision,0,PHILADELPHIA,PA,61,2,Day,Clear,Yard,Light loco(s),3,496,11625,63747,H306,39.953148,-75.138802,56.1,51.7,60.6
BNSF,HL1016123,2016-10-28,10:30 AM,Derailment,0,MEMPHIS,TN,70,2,Day,Clear,Yard,Yard/switching,5,17855,130000,147855,M411,35.025899,-89.892241,70.2,70.1,71.3
CSX,000184659,2019-08-10,8:30 PM,Side collision,0,CHATTANOOGA,TN,90,3,Dusk,Clear,Yard,Freight Train,2,5362,0,65550,H999,35.012658,-85.371483,84,83.5,84
NJTR,202403145,2024-02-29,9:05 AM,Fire/violent rupture,0,GARFIELD,NJ,37,2,Day,Clear,Main,Commuter Train - Pulling,5,13900,0,13900,E73L,40.885045,-74.102689,54.8,35.2,36.3
NS,134626,2019-07-05,8:40 PM,Derailment,0,TUNNELHILL,PA,80,4,Dark,Clear,Main,Freight Train,22,675277,75438,750715,H506,40.496942,-78.486026,73.3,72.7,73.7
ATK,157734,2018-12-02,7:00 PM,Other (describe in narrative),0,PHILADELPHIA,PA,50,4,Dark,Cloudy,Yard,Work train,10,29976,0,29976,H601,39.9761,-75.22418,40.6,52.1,52.1
NS,132206,2018-12-27,2:20 PM,Other (describe in narrative),0,ENOLA,PA,44,2,Day,Clear,Yard,Freight Train,4,586,39002,39588,H702,40.313539,-76.917349,35,37.3,44.3
BNSF,RD0617125,2017-06-26,1:27 PM,Derailment,0,CLEVELAND,TX,89,2,Day,Clear,Main,Freight Train,49,16664,23000,39664,M404,30.425432,-94.898681,78.1,77.3,77.3
CSX,000172031,2017-10-05,8:30 PM,Side collision,0,FLORENCE,SC,71,4,Dark,Clear,Yard,Cut of cars,0,15730,0,18730,H301,34.198275,-79.762502,68.4,73.1,72.3
UP,0617FW026,2017-06-23,5:30 PM,Derailment,0,LORAINE,TX,55,2,Day,Rain,Main,Freight Train,40,3017186,326950,3344136,M105,32.396362,-100.768902,83,86.3,75.4
CSX,000177077,2018-06-17,4:15 PM,Derailment,0,CORNERSVILLE,TN,85,2,Day,Clear,Siding,Freight Train,11,421748,0,546157,T213,35.34072,-86.845115,79.6,79.7,78.2
ATK,141333,2016-02-23,10:05 PM,Derailment,0,PHILADELPHIA,PA,42,4,Dark,Rain,Main,Light loco(s),1,24548,0,24548,H303,39.965529,-75.187524,44.1,39.4,51.8
CSX,000201287,2021-11-12,3:00 PM,Other impacts,0,PHILADELPHIA,PA,68,2,Day,Clear,Yard,Cut of cars,2,4290,100,41389,H318,39.898302,-75.16734,53.2,59.2,46.4
BNSF,RD0417128,2017-04-10,9:45 AM,Derailment,0,GARY,TX,78,2,Day,Clear,Main,Maint./inspect Car,10,65900,0,65900,M599,32.068419,-94.380606,70.9,72.2,67.7
NS,141247,2021-04-15,5:50 PM,Other impacts,0,BELLEVUE,OH,55,3,Dusk,Clear,Yard,Single Car,4,600,0,40455,M408,41.289368,-82.79273,51.8,42.3,45.6
FWWR,16090301,2016-09-03,8:00 AM,Derailment,0,EVERMAN,TX,73,2,Day,Clear,Yard,Freight Train,3,52000,0,111513,M404,32.744037,-97.31729,79.9,80.7,82.2
NS,153549,2023-07-07,9:45 AM,Derailment,0,CONWAY,PA,84,2,Day,Clear,Yard,Single Car,3,25550,5342,30892,E30C,40.672362,-80.251826,76.6,73.9,72.4
ATK,137028,2015-02-07,11:01 AM,Fire/violent rupture,0,VILLANOVA,PA,35,2,Day,Cloudy,Main,,0,0,0,14319,E74L,40.038366,-75.341126,22.5,32.8,37.5
KCS,22020502,2022-02-05,6:00 AM,Derailment,0,VICKSBURG,MS,25,4,Dark,Cloudy,Main,Freight Train,12,145000,8731,153731,M101,32.344355,-90.876144,32.4,34.4,38.2
RCPE,RCP139016D,2016-11-16,3:20 AM,Derailment,0,HOT SPRINGS,SD,38,4,Dark,Cloudy,Main,Freight Train,11,165275,100000,265275,T220,43.352181,-103.259286,49.5,47.4,28.7
ATK,151016,2017-12-18,7:46 PM,Hwy-rail crossing,0,SAN MARCOS,TX,56,4,Dark,Fog,Main,Passenger Train - Pulling,50,19455,0,20305,M302,29.859911,-97.956389,48.7,53.6,63.6
ATK,170755,2022-05-30,12:00 PM,Hwy-rail crossing,0,HANAHAN,SC,78,3,Dusk,Clear,Main,Passenger Train - Pulling,73,13705,0,13800,M402,32.931533,-80.028736,79.2,78.1,78.3
CSX,000195339,2021-01-28,9:04 AM,Fire/violent rupture,0,NASHVILLE,TN,30,2,Day,Cloudy,Main,Freight Train,0,178300,0,178300,E73L,36.229378,-86.731413,38,32.1,33.1
SEPA,SEPA122122,2022-12-21,11:03 AM,Side collision,0,YARDLEY,PA,30,2,Day,Clear,Main,Spec. MoW Equip.,0,180000,0,180000,H212,40.202742,-74.876415,31.7,29.5,36.3
NS,141974,2021-06-23,1:30 PM,Derailment,0,NORRIS,SC,79,2,Day,Clear,Main,Freight Train,26,670205,543788,1213993,E40C,34.759854,-82.755098,75.2,70.9,70.3
NBER,NBER050224,2024-05-02,9:30 AM,Hwy-rail crossing,0,PORT MATILDA,PA,70,3,Dusk,Clear,Main,Freight Train,40,12335,1622,13957,M302,40.833292,-78.00767,65.5,70.2,64.9
UP,0716HO034,2016-07-20,6:45 AM,Derailment,0,DAYTON,TX,85,1,Dawn,Clear,Main,,0,0,129052,214316,H503,29.983803,-94.909916,81.7,84,86.1
NS,140624,2021-02-16,1:25 PM,Other impacts,0,CONWAY,PA,25,2,Day,Snow,Yard,Single Car,5,4000,10736,17736,M411,40.672361,-80.251826,26.4,24.9,17.5
NS,127615,2017-12-02,3:08 PM,Derailment,0,CONWAY,PA,45,2,Day,Clear,Yard,Yard/switching,2,18967,40264,59231,H306,40.672356,-80.251823,38.2,35,40
NS,128026,2018-01-06,7:20 PM,Derailment,0,CHATTANOOGA,TN,18,3,Dusk,Clear,Yard,Cut of cars,0,457,0,86775,E30C,35.060736,-85.266798,23.3,25.3,27.1
TCT,580256,2015-11-09,3:50 PM,Other impacts,0,TEXAS CITY,TX,65,2,Day,Clear,Yard,Yard/switching,2,100000,0,100000,H099,29.21082,-94.560914,63.1,64.4,70.3
PN,4121601,2016-04-12,3:35 PM,Derailment,0,HATFIELD,PA,56,2,Day,Clear,Siding,Yard/switching,8,7000,79000,86000,H521,40.288858,-75.298287,50,53,43.6
NS,153062,2023-05-10,11:10 PM,Derailment,0,NEW CASTLE,PA,60,4,Dark,Cloudy,Main,Freight Train,5,599644,237159,836803,E53C,40.969846,-80.381105,59.6,53.8,60.2
CORP,COR620620D,2020-11-30,8:50 AM,Derailment,0,OAKLAND,OR,40,2,Day,Cloudy,Main,Freight Train,1,30000,0,30000,H522,43.527393,-123.283,37.9,42.4,38.7
NS,143419,2021-11-08,9:28 PM,Derailment,0,PAXTANG,PA,48,4,Dark,Clear,Yard,Freight Train,1,32150,4208,36358,H503,40.255323,-76.816979,41.2,50.5,53.3
BNSF,PR0117104,2017-01-08,2:45 AM,Derailment,0,SEWARD,NE,-1,4,Dark,Clear,Main,Freight Train,47,4711,28000,32711,E61C,40.87414,-97.090215,9.7,18.3,25.1
UP,0122GP046,2022-01-31,11:00 PM,Derailment,0,NORTH PLATTE,NE,36,4,Dark,Clear,Yard,Freight Train,5,36574,363678,400252,H508,41.146653,-100.800547,33,34.3,25.8
UP,0322PN004,2022-03-05,4:22 AM,Other impacts,0,EUGENE,OR,41,1,Dawn,Cloudy,Yard,Yard/switching,0,27342,4000,70823,H301,44.082511,-123.148597,43.8,45,44.4
CSX,000193388,2020-10-21,8:12 AM,Other impacts,0,NASHVILLE,TN,65,2,Day,Clear,Yard,Cut of cars,7,41160,0,173765,E31C,36.112142,-86.770737,70,69.3,71
NS,113218,2014-11-30,12:12 AM,Derailment,0,FOUNTAIN HILL,PA,30,4,Dark,Clear,Yard,Yard/switching,8,19000,1500,20500,H018,40.611937,-75.426702,26.1,35.5,42.6
NS,153868,2023-08-09,9:34 AM,Side collision,0,ELKHART,IN,76,2,Day,Clear,Yard,Yard/switching,16,4883,0,13744,H307,41.677392,-85.978437,69.5,70.8,70.4
NS,151304,2022-10-28,11:07 AM,Other impacts,0,COLUMBIA,SC,81,2,Day,Clear,Yard,Single Car,0,28269,0,28269,H312,33.985296,-81.039107,62.9,64.1,60.6
NS,138297,2020-06-22,10:30 AM,Derailment,0,GREER,SC,82,2,Day,Clear,Yard,Freight Train,4,18400,42579,60979,H702,34.935265,-82.225496,78,75.8,73.8
UP,0318SA001,2018-03-02,2:45 AM,Fire/violent rupture,0,SAN ANTONIO,TX,70,4,Dark,Cloudy,Main,Freight Train,30,17526,150,17676,E73L,29.54976,-98.383465,68.2,62.7,63.2
NIRC,2019071271,2019-02-21,6:20 PM,Other impacts,0,EAST HAZELCREST,IL,30,4,Dark,Cloudy,Yard,,0,0,27600,43685,H020,41.581991,-87.6577,32.6,31,31.3
NS,116612,2015-07-20,10:15 PM,Derailment,0,CONWAY,PA,72,4,Dark,Cloudy,Yard,Light loco(s),4,12751,1051,13802,H702,40.672361,-80.251826,79.3,76.5,73.9
UP,1223PN008,2023-12-07,3:13 AM,Other impacts,0,STANFIELD,OR,39,4,Dark,Clear,Yard,Single Car,0,100,0,48944,H312,45.796308,-119.268298,51.1,46.8,41.1
BNSF,SF0815103,2015-08-10,12:10 AM,Derailment,0,MEMPHIS,TN,82,4,Dark,Cloudy,Yard,Yard/switching,4,77648,559867,637515,H508,35.031057,-89.901077,83.5,81.8,82.5
CSX,000176561,2018-05-23,8:47 PM,Derailment,0,NASHVILLE,TN,62,4,Dark,Clear,Yard,Yard/switching,4,52301,59466,111767,H799,36.112142,-86.770737,74.4,76.4,77.6
BNSF,HL1122109,2022-11-19,2:25 AM,Derailment,0,MEMPHIS,TN,35,4,Dark,Clear,Yard,Yard/switching,2,15000,2400,17400,H607,35.029474,-89.89921,36.6,34,34.1
CRSH,128893,2018-03-17,5:40 PM,Raking collision,0,MORRISVILLE,PA,45,3,Dusk,Clear,Yard,Yard/switching,3,6315,550,11458,H018,40.194233,-74.802161,36,37.3,38
UP,0216FW002,2016-02-06,7:39 AM,Fire/violent rupture,0,KOSSE,TX,33,2,Day,Clear,Main,Freight Train,20,52391,0,52391,E74L,31.280705,-96.636887,44.7,43.7,45.7
IC,1153150,2024-06-26,4:35 PM,Derailment,0,MEMPHIS,TN,89,2,Day,Cloudy,Main,,0,33066,83299,116365,H508,34.992819,-90.030624,87,80.9,79.3
BNSF,SF0816116,2016-08-29,9:45 AM,Derailment,0,MEMPHIS,TN,92,2,Day,Clear,Yard,Yard/switching,4,12199,500,12699,M411,35.028031,-89.892153,84.9,85.3,86
IC,1139047,2023-09-19,3:44 PM,Side collision,0,MEMPHIS,TN,84,2,Day,Clear,Yard,Freight Train,5,12102,0,21687,H307,35.080716,-90.0442,70.3,72.4,70.8
NS,128306,2018-01-27,7:30 AM,Derailment,0,CARLISLE,SC,45,1,Dawn,Clear,Main,Freight Train,7,27500,17014,44514,E30C,34.498127,-81.420093,42.6,51,53.7
NS,152340,2023-02-16,11:15 PM,Other (describe in narrative),0,NEW BOSTON,OH,35,4,Dark,Rain,Yard,Light loco(s),5,20000,1646,21646,H702,38.746477,-82.938605,61.2,54.9,37.7
SRN,1601,2016-03-01,11:45 AM,Derailment,0,MAURICEVILLE,TX,68,2,Day,Clear,Yard,Freight Train,10,120800,26650,147450,M507,30.219559,-93.823646,64.3,67.2,61.1
NS,142996,2021-09-30,5:00 AM,Derailment,0,COLUMBIA,SC,70,1,Dawn,Clear,Yard,Yard/switching,9,136132,38141,174273,E99C,33.985296,-81.039106,73.9,76.2,75.4
SEPA,38708,2020-02-23,7:58 PM,Derailment,0,PHILADELPHIA,PA,47,4,Dark,Clear,Yard,EMU,5,41331,1925,43256,H303,40.018921,-75.163092,37.9,41.8,45.8
SEPA,25751,2018-01-04,9:40 AM,Hwy-rail crossing,0,HUNTINGDON VALLEY,PA,29,2,Day,Clear,Main,Passenger Train - Pulling,70,15000,0,15000,M301,40.113999,-75.071005,21.1,24.4,14
UP,0921MA033,2021-09-29,2:39 PM,Derailment,0,MEMPHIS,TN,83,2,Day,Cloudy,Main,Freight Train,4,7078,22918,29996,H503,35.127318,-90.06291,76.8,76.2,72.5
UP,0917LV010,2017-09-17,8:15 PM,Other impacts,0,ADDIS,LA,75,4,Dark,Rain,Yard,Single Car,0,12790,0,32922,H995,30.358988,-91.269232,79.7,80.1,80.9
CSX,000211254,2023-05-08,11:15 PM,Other impacts,0,NASHVILLE,TN,60,4,Dark,Clear,Yard,Single Car,2,49,0,15680,E69C,36.112157,-86.770728,71,69.8,73.7
BNSF,HL0221102,2021-02-04,6:45 AM,Side collision,0,MEMPHIS,TN,36,1,Dawn,Clear,Yard,Yard/switching,2,0,0,48781,M408,35.026983,-89.893919,37.9,47.7,39.9
UP,0719PN009,2019-07-13,9:33 AM,Derailment,0,KLAMATH FALLS,OR,56,2,Day,Clear,Siding,Freight Train,4,42314,36375,78689,H702,42.193914,-121.770801,69.5,68.8,66.1
UP,0317HO061,2017-03-24,9:00 AM,Other (describe in narrative),0,HOUSTON,TX,72,2,Day,Clear,Main,Yard/switching,10,0,97399,97399,H306,29.796318,-95.29561,72.1,72.8,74.5
ATK,154341,2018-07-18,11:50 PM,Derailment,0,RENSSELAER,NY,63,4,Dark,Clear,Yard,Yard/switching,5,58339,400,58739,H307,42.652579,-73.756232,75.5,71.9,69.2
UP,0216HO029,2016-02-24,5:52 PM,Raking collision,0,GALENA PARK,TX,65,2,Day,Clear,Industry,Single Car,2,6572,0,15132,H318,29.732035,-95.25649,61.8,54.1,58.2
NS,151478,2022-11-16,1:15 AM,Other impacts,0,CHATTANOOGA,TN,40,4,Dark,Clear,Yard,Single Car,0,12500,0,50551,H308,35.007198,-85.375514,45.9,44.1,37.9
CSX,000166016,2017-01-16,7:35 PM,Other impacts,0,WILLARD,OH,38,4,Dark,Clear,Yard,Freight Train,0,0,180,35583,H021,41.059857,-82.723964,26.8,33.5,49.6
BNSF,KS1115104,2015-11-16,7:20 PM,Derailment,0,PAMPA,TX,62,4,Dark,Rain,Main,Freight Train,0,40547,10300,50847,M102,35.620366,-100.796725,53.3,61.5,39.8
CSX,000216252,2024-02-17,4:20 AM,Derailment,0,SELLERS,SC,57,4,Dark,Clear,Main,Freight Train,40,840621,168877,1009498,E53C,34.313694,-79.450702,53.7,52,40.3
CSX,000185442,2019-09-19,4:00 PM,Hwy-rail crossing,0,ORA,SC,75,3,Dusk,Clear,Main,Freight Train,21,16189,2791,18980,M308,34.621689,-81.979361,73.2,68.3,64.4
CSX,000179532,2018-10-26,8:03 AM,Fire/violent rupture,0,MEYERSDALE,PA,36,2,Day,Cloudy,Main,Freight Train,20,136887,0,136887,E72L,39.830771,-78.938595,36.4,38.1,41.1
BNSF,NW0219113,2019-02-13,7:47 PM,Derailment,0,PORTLAND,OR,39,3,Dusk,Cloudy,Yard,Freight Train,6,12466,19397,31863,H307,45.634346,-122.746429,41.8,39.6,38.7