reportingrailroadcode,accidentnumber,date,time,accidenttype,hazmatreleasedcars,station,stateabbr,temperature,visibility_code,visibility,weathercondition,tracktype,equipmenttype,trainspeed,equipmentdamagecost,trackdamagecost,totaldamagecost,primaryaccidentcausecode,latitude,longitude,prior_temp,actual_temp,following_temp
BNSF,RD0117109,2017-01-17,10:15 PM,Derailment,0,DAYTON,TX,61,4,Dark,Rain,Yard,Yard/switching,10,5137,10000,15137,H312,30.003834,-94.907854,71.9,63,63.6
NS,127511,2017-11-20,6:47 AM,Raking collision,0,WEST FAIRVIEW,PA,42,1,Dawn,Clear,Yard,Yard/switching,1,20100,0,20100,S016,40.279807,-76.922451,47.6,40.9,41.9
CRSH,128320,2018-01-29,5:25 AM,Obstruction,0,CAMDEN,NJ,41,1,Dawn,Clear,Main,Freight Train,11,35700,0,35700,M404,39.94147,-75.112903,50.7,42.5,32.3
ATK,150119,2017-10-22,11:20 PM,Other impacts,0,BOSTON,MA,62,4,Dark,Fog,Yard,Light loco(s),1,3999,0,25672,H522,42.331418,-71.060254,63.6,59.4,56.7
NS,128226,2018-01-21,3:00 AM,Derailment,0,BELLEVUE,OH,32,4,Dark,Clear,Yard,Yard/switching,6,2158,900,21118,M407,41.288306,-82.801342,36.3,40.5,50.4
NS,154109,2023-09-04,4:00 AM,Side collision,0,09612,MO,74,1,Dawn,Clear,Yard,Yard/switching,8,6976,0,20928,H702,38.698473,-90.223316,82.6,78.5,82.2
IC,1015041,2019-10-08,5:15 AM,Side collision,0,MEMPHIS,TN,53,4,Dark,Clear,Yard,Single Car,0,57936,0,155158,M599,35.16847,-90.048775,63.3,64.2,65.6
CSX,000207948,2022-10-21,8:20 AM,Hwy-rail crossing,0,GREENWOOD,SC,40,2,Day,Clear,Main,Freight Train,44,121,17455,17576,M308,34.197864,-82.148042,46.4,47.5,50.7
CSX,000168462,2017-04-23,1:52 AM,Derailment,0,SELKIRK,NY,40,4,Dark,Clear,Yard,Freight Train,4,5877,4884,10761,H525,42.565903,-73.854184,49.1,52.1,55.8
NS,156656,2024-05-10,12:45 AM,Other impacts,0,OAKWOD,MI,50,4,Dark,Clear,Yard,Yard/switching,7,20300,1500,55800,H306,42.279664,-83.16782,53.2,53.9,51
BNSF,HL0124105,2024-01-09,11:10 AM,Derailment,0,BELLWOOD,NE,25,2,Day,Clear,Industry,Light loco(s),4,15500,500,16000,M101,41.403269,-97.283598,29.7,16.7,22.3
BNSF,MT0520103,2020-05-26,6:30 AM,Derailment,0,MOBRIDGE,SD,60,1,Dawn,Fog,Main,Freight Train,34,52737,20000,72737,E51C,45.529215,-100.421615,57.7,62.3,64.6
UP,0516HO033,2016-05-31,9:15 PM,Derailment,0,LA PORTE,TX,75,4,Dark,Cloudy,Yard,Freight Train,3,1129,19749,20878,S007,29.68319,-95.039148,78.8,79.6,78.6
UP,0916LV009,2016-09-10,12:15 AM,Other impacts,0,BEAUMONT,TX,87,4,Dark,Clear,Yard,Freight Train,6,11938,0,22420,H602,30.07219,-94.157447,83.2,80.2,79.9
RCPE,RCP507523G,2023-08-18,7:15 PM,Hwy-rail crossing,0,ELKTON,SD,75,3,Dusk,Clear,Main,Freight Train,32,505000,300000,805000,M301,44.239994,-96.489221,63.8,68.3,76.7
SEPA,29464,2018-08-29,2:46 PM,Fire/violent rupture,0,GLENSIDE,PA,95,2,Day,Clear,Main,Passenger Train - Pulling,0,175000,0,175000,M406,40.101111,-75.154167,83.2,84.6,81.2
NS,121965,2016-09-07,12:45 AM,Derailment,0,READING,PA,65,4,Dark,Clear,Yard,Light loco(s),5,23714,0,23714,H702,40.34578,-75.923081,75.4,76.6,81.9
FEC,X21062519,2019-06-25,4:43 PM,Hwy-rail crossing,0,LANTANA,FL,95,2,Day,Clear,Main,,0,0,16390,31675,M308,26.343518,-80.031334,86.7,87.1,87.3
NS,152912,2022-11-20,4:40 PM,Other (describe in narrative),0,ALTOONA,PA,17,3,Dusk,Clear,Yard,Yard/switching,6,2000,24000,26000,H702,40.542032,-78.375783,24.9,22.7,29.1
TXPF,11272016,2016-11-27,2:45 AM,Derailment,0,COLEMAN,TX,51,4,Dark,Clear,Yard,,0,0,2817,89215,H307,31.776702,-99.374189,53.1,62.7,62
NERR,12120,2020-12-01,4:42 PM,Hwy-rail crossing,0,NASHVILLE,TN,40,3,Dusk,Clear,Main,,0,0,0,75000,M302,36.17747,-86.63036,35.3,32.5,32.9
CRSH,130133,2018-07-08,3:31 PM,Raking collision,0,MARCUS HOOK,PA,80,2,Day,Clear,Industry,Single Car,0,9540,0,14015,H302,39.813641,-75.418455,70.8,71.8,74.8
UP,0616HO019,2016-06-09,1:48 AM,Derailment,0,HOUSTON,TX,70,4,Dark,Cloudy,Yard,Yard/switching,4,96410,35276,251992,H702,29.789974,-95.298225,83.5,82.7,83.1
UP,0324PN002,2024-03-03,7:55 AM,Hwy-rail crossing,0,JUNCTION CITY,OR,35,2,Day,Rain,Main,,0,0,0,27929,M308,44.149382,-123.183091,37.7,37.1,38.2
BNSF,NW1218111,2018-12-12,7:30 AM,Other impacts,0,BEND,OR,32,1,Dawn,Clear,Yard,Freight Train,4,13500,0,13500,H018,44.030431,-121.288976,39.8,36.7,41.6
UP,0218PD010,2018-02-07,9:28 PM,Fire/violent rupture,0,STANFIELD,OR,63,4,Dark,Clear,Yard,Single Car,0,28194,0,28194,M401,45.790215,-119.239236,49.4,52.3,57.1
UP,0117KC012,2017-01-23,5:00 AM,Other impacts,0,KANSAS CITY,KS,32,4,Dark,Cloudy,Yard,Cut of cars,0,22972,0,23670,H021,39.141657,-94.62235,42.5,35.9,40.2
BNSF,CH0816111,2016-08-16,3:40 AM,Derailment,0,CHICAGO,IL,78,4,Dark,Rain,Yard,Freight Train,4,20250,0,20250,H504,41.816872,-87.716573,74.1,77.7,78.6
ATK,142340,2016-05-10,7:06 AM,Other (describe in narrative),0,ELIZABETHTOWN,PA,55,2,Day,Rain,Main,Passenger Train - Pulling,43,17848,13480,31328,E78L,40.134573,-76.591161,56.9,54.3,56.9
NS,114715,2015-03-06,11:30 PM,Derailment,0,SANKERTOWN,PA,10,4,Dark,Cloudy,Yard,Light loco(s),5,120,14256,14376,H702,40.466877,-78.588003,17.3,11.1,29.1
NS,138728,2020-08-03,3:37 PM,Other impacts,0,CHATTANOOGA,TN,88,2,Day,Clear,Yard,Single Car,3,800,487,41072,M411,35.060736,-85.266798,79.9,78.1,77.2
CP,1000438442,2016-08-19,6:20 AM,Derailment,0,ST PAUL,MN,65,1,Dawn,Cloudy,Yard,Cut of cars,0,8886,107378,371040,H523,44.924666,-93.020521,74.1,70.3,64.1
UP,0817ST006,2017-08-07,4:30 AM,Hwy-rail crossing,0,FABENS,TX,75,4,Dark,Clear,Main,Freight Train,69,500,13705,14205,M302,31.544464,-106.186158,84.5,85.8,82.8
BNSF,SF0615100,2015-06-01,7:00 AM,Derailment,0,MEMPHIS,TN,70,1,Dawn,Cloudy,Yard,Freight Train,7,25934,152212,178146,H704,35.03772,-89.911898,69.7,66.9,67.6
BNSF,RD0717116,2017-07-23,2:00 AM,Side collision,0,SILSBEE,TX,72,4,Dark,Clear,Yard,Yard/switching,9,46235,9500,73279,H318,30.351524,-94.184658,80,80.2,83.1
NS,154104,2023-09-02,9:30 PM,Derailment,0,CHATTANOOGA,TN,75,4,Dark,Clear,Yard,Light loco(s),6,0,20000,20000,H303,35.007198,-85.375514,77.5,77.5,78.1
CSX,000173412,2017-12-13,10:55 AM,Side collision,0,CONNELLSVILLE,PA,23,2,Day,Cloudy,Yard,Freight Train,0,36449,100,41627,H399,40.015496,-79.591663,28.1,18.6,25.5
CSX,000211523,2023-05-27,12:00 PM,Derailment,0,NORTH CHARLESTON,SC,62,2,Day,Rain,Yard,Cut of cars,10,268050,1600,269650,H318,32.856925,-80.022907,62.5,60.3,65.7
UP,0923PN027,2023-09-23,5:25 AM,Other impacts,0,PORTLAND,OR,57,1,Dawn,Cloudy,Yard,Yard/switching,0,2,150,27008,H021,45.553373,-122.693198,64.6,62.6,58.9
UP,0221PN004,2021-02-06,12:26 PM,Other impacts,0,PORTLAND,OR,42,2,Day,Cloudy,Yard,Cut of cars,0,0,0,38066,H318,45.550053,-122.690056,48.2,44.3,44.6
CRSH,115640,2015-05-12,9:20 PM,Derailment,0,PHILADELPHIA,PA,70,4,Dark,Clear,Yard,,0,0,767792,31538754,H999,40.001644,-75.09366,74.7,77.1,64.6
ATK,173625,2023-02-02,4:09 AM,Derailment,0,LANCASTER,PA,30,4,Dark,Clear,Siding,Work train,9,31114,2000,33114,H307,40.048311,-76.271546,31.7,31.7,25.6
NS,130251,2018-07-18,12:10 PM,Obstruction,0,MEMPHIS,TN,92,2,Day,Clear,Yard,Yard/switching,3,124,0,124,M402,35.123112,-90.022949,84.3,79.6,82.8
UP,0416HO004,2016-04-03,9:05 AM,Derailment,0,HOUSTON,TX,60,2,Day,Cloudy,Yard,Yard/switching,9,7475,6105,13580,S102,29.836193,-95.288492,61.2,65.1,69.5
NS,143285,2021-10-27,9:35 AM,Hwy-rail crossing,0,CHAMBERSBURG,PA,70,2,Day,Clear,Main,Spec. MoW Equip.,2,26500,0,26500,M302,39.857089,-77.695244,53.3,54.7,52.9
UP,0317FW039,2017-03-25,6:10 PM,Derailment,0,FORT WORTH,TX,70,2,Day,Clear,Main,Yard/switching,5,250511,1174,251685,H508,32.745138,-97.326286,70.8,63.2,68.6
NS,124378,2017-03-18,3:26 AM,Other impacts,0,ALLENTOWN,PA,35,4,Dark,Cloudy,Yard,Yard/switching,8,9400,8048,17538,H602,40.61193,-75.426706,34.4,33.2,39.1
BNSF,PR0817100,2017-08-03,12:30 AM,Derailment,0,MINATARE,NE,62,4,Dark,Cloudy,Main,Freight Train,20,34295,3000,37295,E59C,41.771158,-103.386528,70.5,63.2,69.4
NS,121488,2016-07-31,10:25 AM,Other (describe in narrative),0,BELLEVUE,PA,80,2,Day,Clear,Main,Freight Train,34,12,25000,25012,H221,40.48801,-80.058442,72.1,73.6,75.2
NS,157358,2024-07-13,9:31 AM,Other (describe in narrative),0,SAXON,SC,82,2,Day,Clear,Yard,Freight Train,5,56100,9500,65600,H702,34.961144,-81.957403,79.8,80.3,82.3
NS,128159,2018-01-16,7:25 PM,Derailment,1,MASCOT,TN,19,3,Dusk,Snow,Yard,Freight Train,3,73006,70614,143620,H306,36.033005,-83.817278,29.7,27.7,13.2
ATK,169968,2022-03-05,8:22 PM,Hwy-rail crossing,0,GLENDORA,MS,62,4,Dark,Clear,Main,Passenger Train - Pulling,79,26067,0,26067,M302,34.014233,-90.281499,61.7,67.6,75.1
PR,2015090310,2015-09-18,10:55 PM,Other (describe in narrative),0,CROSS,SC,80,4,Dark,Clear,Industry,Freight Train,4,41507,0,41507,M599,33.241597,-79.986447,73.5,75.4,77.1
NS,131205,2018-10-05,11:30 AM,Other impacts,0,SPARTANBURG,SC,75,2,Day,Clear,Main,Spec. MoW Equip.,5,10000,3888,23888,H997,34.952787,-81.904522,75.8,76.8,77.1
ATK,168772,2021-05-09,11:00 PM,Fire/violent rupture,0,EXTON,PA,60,4,Dark,Clear,Main,,0,0,0,15000,E71L,40.021999,-75.612963,48.7,47.1,52.4
BNSF,GC0816112,2016-08-27,5:00 AM,Raking collision,0,THOMPSONS,TX,78,1,Dawn,Clear,Industry,Freight Train,5,3231798,0,3301798,M501,29.476026,-95.639563,79.7,79.7,78.7
NS,119740,2016-03-15,1:50 PM,Derailment,0,READING,PA,57,2,Day,Clear,Siding,Freight Train,10,36750,800,37550,H702,40.345781,-75.923081,45.5,46.9,51.9
PNWR,PNW336923D,2023-02-23,9:15 PM,Derailment,0,CORVALLIS,OR,23,4,Dark,Cloudy,Main,Freight Train,24,87150,41081,128231,T220,44.599674,-123.235191,35.9,32.9,29.5
UP,0316SA004,2016-03-08,5:30 PM,Derailment,0,EAGLE PASS,TX,78,2,Day,Cloudy,Yard,Freight Train,4,12106,130215,142321,H523,28.697253,-100.501557,72.6,76.5,62.6
NS,129447,2018-05-13,1:15 PM,Derailment,0,CONWAY,PA,77,2,Day,Cloudy,Yard,Light loco(s),1,26866,0,26866,H306,40.672356,-80.251823,62.9,62.9,66
BNSF,HL0224109,2024-02-09,5:30 PM,Derailment,0,MEMPHIS,TN,64,3,Dusk,Rain,Yard,Yard/switching,6,8792,1600,10392,H523,35.023181,-89.889789,58,61.4,57
CSX,000182926,2019-05-12,3:45 AM,Derailment,0,FLORENCE,SC,71,4,Dark,Clear,Yard,Freight Train,5,6000,52850,58850,M599,34.201571,-79.723526,77,74.9,77.1
NS,145306,2022-05-19,10:50 AM,Other (describe in narrative),0,SAXON,SC,88,2,Day,Clear,Yard,Freight Train,2,20315,64435,84750,H702,34.961143,-81.957403,71.5,77.9,79.4
GICX,0317FL450,2017-03-24,9:00 PM,Derailment,0,HARLEYVILLE,SC,45,4,Dark,Clear,Yard,Yard/switching,6,128000,46494,174494,T221,33.239443,-80.443525,53.2,57.4,62.1
UP,0816PC002,2016-08-10,1:05 PM,Other (describe in narrative),0,DILLON,MT,76,2,Day,Clear,Main,Spec. MoW Equip.,25,47000,0,47000,H997,45.527067,-112.702598,61.9,57.5,60.5
NS,121433,2016-07-28,1:15 AM,Derailment,0,OBERLIN,PA,74,4,Dark,Clear,Yard,Yard/switching,16,13517,0,13517,H306,40.256386,-76.802178,83,78.7,81.1
XTGS,F0122015,2015-11-24,3:00 AM,Derailment,0,EVADALE,TX,42,4,Dark,Clear,Siding,Yard/switching,4,45000,0,85000,H702,30.355697,-94.045876,45.8,55.6,63.8
CSX,000161174,2016-07-09,6:40 PM,Other impacts,0,BERLIN,PA,79,3,Dusk,Clear,Industry,Light loco(s),4,34085,0,34085,H306,39.911344,-79.167762,71.6,71.4,66.6
UP,0518PD007,2018-05-08,7:00 PM,Other impacts,0,STANFIELD,OR,82,4,Dark,Rain,Yard,Single Car,5,31131,0,38426,M105,45.796647,-119.263273,68.4,67.3,63.1
NS,116267,2015-06-26,9:45 PM,Other impacts,0,FOUNTAIN HILL,PA,72,4,Dark,Clear,Yard,Yard/switching,7,1938,750,22588,H305,40.611937,-75.426702,69.2,71.7,64.4
UP,0519PN004,2019-05-09,11:02 AM,Other impacts,0,STANFIELD,OR,66,2,Day,Clear,Yard,Cut of cars,0,5268,49211,110112,H318,45.796441,-119.269778,66,64.6,63.7
PNWR,PNW737118D,2018-07-25,11:30 PM,Derailment,0,EDDYVILLE,OR,70,4,Dark,Clear,Main,Freight Train,15,282000,50866,332866,M599,44.651263,-123.621388,65.1,66.7,62.4
CSX,000187302,2019-12-22,7:14 PM,Other impacts,0,NASHVILLE,TN,44,3,Dusk,Rain,Yard,Single Car,0,0,320,27153,H999,36.112142,-86.770737,44.7,46.7,55.2
NS,139216,2020-09-21,11:15 AM,Other (describe in narrative),0,KNOXVILLE,TN,74,2,Day,Clear,Industry,,0,0,17420,17420,H702,36.00012,-83.955322,62.9,59.8,58.9
CSX,000170469,2017-07-25,10:50 AM,Other impacts,0,INDIANAPOLIS,IN,72,2,Day,Cloudy,Yard,Single Car,6,15058,0,15386,E04C,39.759791,-86.327526,74.8,71.9,74.7
UP,0222PN014,2022-02-16,8:00 AM,Derailment,0,PORTLAND,OR,43,2,Day,Cloudy,Yard,Freight Train,4,7000,74528,81528,H503,45.552099,-122.692586,45.2,47.4,47.2
UP,0616SA016,2016-06-18,8:45 PM,Hwy-rail crossing,0,COOKS POINT,TX,89,2,Day,Clear,Main,Freight Train,47,544434,238810,783244,M302,30.577731,-96.61377,83.3,83.3,81.2
BNSF,HL1116114,2016-11-28,7:15 AM,Other (describe in narrative),0,MEMPHIS,TN,60,1,Dawn,Rain,Yard,Yard/switching,7,81603,0,81603,S013,35.024746,-89.892529,44.2,55.4,57.9
UP,0517FW020,2017-05-17,4:44 PM,Other impacts,0,ARLINGTON,TX,90,2,Day,Clear,Yard,Yard/switching,5,17243,0,29560,H307,32.742571,-97.06596,76.6,78.2,82.4
CSX,000201792,2021-12-09,5:50 PM,Derailment,0,NASHVILLE,TN,53,3,Dusk,Clear,Yard,Freight Train,7,15847,3000,18847,M208,36.112136,-86.770713,42.5,48.7,62.3
ATK,165417,2020-09-21,7:49 PM,Hwy-rail crossing,0,TIPTON,MO,65,3,Dusk,Clear,Main,Passenger Train - Pulling,57,107105,0,107983,M302,38.663047,-92.815759,60.2,63.4,65.3
CRSH,118729,2015-12-29,3:30 AM,Raking collision,0,MORRISVILLE,PA,47,4,Dark,Rain,Yard,Yard/switching,4,1447,1000,35198,H021,40.196817,-74.790952,40.6,44.1,45
BNSF,RD0518126,2018-05-26,6:00 PM,Derailment,0,MOORE,OK,95,3,Dusk,Clear,Yard,Yard/switching,4,65000,1000,66000,H317,35.374505,-97.48314,73.1,77.6,79.1
BNSF,GC0116106,2016-01-11,7:00 PM,Derailment,0,TEMPLE,TX,45,3,Dusk,Clear,Yard,Yard/switching,7,33473,16000,49473,H318,31.107762,-97.34866,36.1,39.3,46.2
TNTX,08262021,2021-08-26,8:40 AM,Derailment,0,TYNER,TN,77,2,Day,Clear,Yard,Yard/switching,10,20000,5000,25000,H799,35.072731,-85.159609,83.5,81,81.5
BNSF,SF0115105,2015-01-05,5:20 PM,Other impacts,0,MEMPHIS,TN,33,3,Dusk,Clear,Yard,Yard/switching,7,25510,0,25510,H607,35.019006,-89.888807,39.3,28,34.5
CSX,000170096,2017-07-08,8:30 PM,Other impacts,0,PHILADELPHIA,PA,82,3,Dusk,Clear,Yard,Cut of cars,2,15757,0,49674,H018,39.898302,-75.16734,75.3,77.4,75.8
CSX,000160988,2016-07-01,2:47 AM,Derailment,0,SELKIRK,NY,65,4,Dark,Clear,Yard,Freight Train,4,9138,0,24706,E21C,42.565903,-73.854184,70.7,69.4,65.9
BNSF,TC1020202,2020-10-02,5:13 PM,Hwy-rail crossing,0,ABERDEEN,SD,60,3,Dusk,Clear,Main,Freight Train,36,50000,0,50000,M302,45.446135,-98.618873,47.7,45.1,47.3
CSX,000173976,2018-01-11,9:56 AM,Derailment,0,NASHVILLE,TN,58,2,Day,Clear,Yard,Freight Train,6,162433,17978,180411,H503,36.112142,-86.770737,54.2,62.5,32.6
WTNN,517,2017-10-11,3:14 PM,Derailment,0,HUMBOLDT,TN,83,2,Day,Clear,Main,Freight Train,13,178160,15000,193160,T212,35.878054,-88.929793,77.5,59.1,59.5
UP,0817ST009,2017-08-07,8:15 PM,Fire/violent rupture,0,VAN HORN,TX,81,4,Dark,Cloudy,Main,Freight Train,65,11161,200,11361,E73L,31.047886,-104.744462,85.5,83.4,79.5
BNSF,TC1120108,2020-11-19,10:30 PM,Obstruction,0,MARION,SD,50,4,Dark,Clear,Industry,Freight Train,4,56967,0,56967,M404,43.432833,-97.275429,48.6,48.7,36.3
CSX,000214193,2023-10-24,8:45 AM,Other impacts,0,NASHVILLE,TN,68,2,Day,Clear,Yard,Single Car,4,16000,1949,26853,M411,36.112136,-86.770713,59.8,65.1,66.7
UP,0316PD007,2016-03-07,11:00 AM,Other impacts,0,PORTLAND,OR,55,2,Day,Clear,Yard,Light loco(s),3,1805,0,22934,H312,45.544302,-122.684116,50.3,47.6,43
BNSF,HL0817119,2017-08-21,12:30 PM,Derailment,0,BIRMINGHAM,AL,87,2,Day,Clear,Industry,Yard/switching,7,10000,16900,26900,H514,33.518185,-86.865944,82.3,82.7,79.1
NS,139997,2020-12-13,2:30 AM,Other impacts,0,COLUMBIA,SC,50,4,Dark,Cloudy,Yard,Cut of cars,0,24100,38926,67926,H306,33.96799,-80.99269,55.1,62.5,58.8
UP,0918PD010,2018-09-10,8:06 PM,Derailment,0,EUGENE,OR,63,4,Dark,Clear,Yard,Yard/switching,3,141707,18140,159847,H702,44.062142,-123.116953,62.4,63.8,59.3
CSX,000191398,2020-07-16,10:00 AM,Hwy-rail crossing,0,VARNVILLE,SC,92,2,Day,Clear,Main,Freight Train,27,26146,854,27000,M304,32.836322,-81.060111,83.6,82.6,83.2
CSX,000170099,2017-07-09,5:20 AM,Derailment,0,EASTOVER,SC,69,4,Dark,Clear,Industry,Freight Train,5,20000,132,20132,M101,33.843062,-80.631179,81.2,79.4,77.5
UP,0317LK027,2017-03-19,2:38 PM,Derailment,0,LONGVIEW,TX,82,2,Day,Clear,Yard,Yard/switching,2,57385,48946,106331,H522,32.494412,-94.72861,67.6,69.5,73.1
UP,0317KC026,2017-03-07,2:20 PM,Other impacts,0,AMARILLO,TX,62,2,Day,Clear,Yard,Freight Train,5,41000,0,41250,H702,35.212918,-101.827224,61.6,45.6,55.6
NS,152485,2023-03-07,1:15 AM,Hwy-rail crossing,0,CLEVELAND,OH,34,4,Dark,Clear,Industry,Freight Train,9,35810,0,35810,M308,41.465472,-81.676703,41.3,35.9,35.1
UP,0823PN023,2023-08-23,3:45 AM,Other impacts,0,PORTLAND,OR,60,4,Dark,Clear,Yard,Single Car,0,0,0,56605,H318,45.552663,-122.692864,67.4,68.1,73.5
UP,0322PN002,2022-03-03,4:50 AM,Other impacts,0,STANFIELD,OR,49,1,Dawn,Rain,Yard,Single Car,2,723,0,16206,H020,45.795325,-119.256633,50.8,48.1,41.7
BNSF,RD1217113,2017-12-18,10:15 PM,Other (describe in narrative),0,LAFAYETTE,LA,68,4,Dark,Cloudy,Yard,Yard/switching,4,54012,123000,177012,H307,30.234743,-92.038014,63.7,63.8,69.4
NS,144244,2022-02-02,6:04 AM,Derailment,0,CALHOUN,TN,55,1,Dawn,Cloudy,Main,Freight Train,47,12000,47166,59166,E44C,35.303446,-84.746118,39.7,47.1,56.3
NJTR,201602074,2016-01-21,8:30 PM,Derailment,0,MORRISVILLE,PA,27,4,Dark,Clear,Yard,Light loco(s),6,30000,1914,31914,H303,40.194854,-74.791169,29.1,29.5,23.5
MNCW,78999,2023-02-02,6:47 PM,Other (describe in narrative),0,NEW ROCHELLE,NY,36,3,Dusk,Clear,Yard,EMU,7,18322,4861,23183,H999,40.917867,-73.778711,30.9,32.8,22.5
NS,129522,2018-05-19,3:15 AM,Derailment,0,NEW FLORENCE,PA,55,4,Dark,Rain,Main,Freight Train,25,15250,33374,48624,E51C,40.373256,-79.114959,61.5,56.1,66.4
NS,141058,2021-03-28,4:20 PM,Derailment,0,COLUMBUS,OH,45,3,Dusk,Rain,Yard,Freight Train,5,23709,4708,28417,H504,39.916385,-82.946997,56.2,49.3,42
UP,0717HO010,2017-07-07,5:25 PM,Derailment,0,LA MARQUE,TX,85,2,Day,Clear,Yard,,0,0,19541,19541,H704,29.347512,-94.940491,84.9,84.9,85.4
CSX,000220231,2024-08-30,1:30 AM,Other impacts,0,GETTYSBURG,PA,65,4,Dark,Clear,Main,Cut of cars,4,17484,0,34563,H302,39.856403,-77.155311,76.5,67.7,70.1
ATK,153073,2018-05-02,11:12 PM,Derailment,0,CRUM LYNNE,PA,70,4,Dark,Clear,Main,,0,0,2723633,2728864,E85C,39.860785,-75.338189,62.1,73.1,77.5
BNSF,RD0418130,2018-04-24,6:30 AM,Derailment,0,NEW ORLEANS,LA,70,1,Dawn,Clear,Yard,Freight Train,5,32156,0,32356,T220,30.005989,-90.019451,66.5,71.3,73.5
ATK,140986,2016-01-27,11:55 PM,Other (describe in narrative),0,WESTBROOK,CT,25,4,Dark,Clear,Main,Passenger Train - Pulling,85,18192,0,18192,H799,41.288128,-72.425514,37.2,40.2,31.2
CSX,000204904,2022-04-30,7:00 PM,Other impacts,0,NORTH CHARLESTON,SC,70,3,Dusk,Clear,Yard,Cut of cars,4,14930,0,14930,M599,32.856925,-80.022907,66.1,68.9,71.3
UP,0923PN018,2023-09-16,7:40 AM,Other impacts,0,PORTLAND,OR,62,2,Day,Clear,Yard,Light loco(s),0,5377,0,11765,H307,45.555493,-122.69423,73.9,69.8,64
SEPA,0705225438,2022-07-05,4:30 PM,Other (describe in narrative),0,VILLANOVA,PA,85,2,Day,Clear,Main,EMU,60,15437,0,23119,M404,40.038773,-75.342488,73.6,75.3,79.8
TXPF,03112016,2016-03-11,12:20 PM,Obstruction,0,ALPINE,TX,51,2,Day,Clear,Yard,Freight Train,10,0,0,24079,H997,30.566882,-103.487505,49.6,51.1,59.2
NS,155933,2024-03-04,9:11 PM,Other impacts,0,WEST FAIRVIEW,PA,55,4,Dark,Clear,Yard,Freight Train,10,12039,0,37039,H302,40.279833,-76.922472,51.2,56.4,50.3
UP,0822PN011,2022-08-13,2:19 PM,Derailment,0,PORTLAND,OR,71,2,Day,Cloudy,Main,Freight Train,6,28820,154519,183339,M405,45.528105,-122.66798,70,69.3,71.2
KXHR,2122020,2020-02-12,9:30 AM,Derailment,0,KNOXVILLE,TN,45,2,Day,Cloudy,Main,Freight Train,5,27990,10258,38248,M599,35.978865,-83.956524,51.5,47.5,51.8
ATK,141786,2016-04-03,7:50 AM,Obstruction,0,CHESTER,PA,50,2,Day,Clear,Main,Passenger Train - Pulling,102,3159938,497313,3657251,H402,39.832325,-75.39609,56.5,41.9,49.3
CSX,000156252,2016-01-15,2:00 PM,Side collision,0,GEORGETOWN,SC,50,2,Day,Rain,Industry,Freight Train,2,124000,300,124300,M105,33.332801,-79.374769,40.3,50.2,52.9
CSX,000192169,2020-08-20,3:02 PM,Other impacts,0,NASHVILLE,TN,74,2,Day,Cloudy,Yard,Single Car,6,27306,0,27406,S016,36.112142,-86.770737,74,77.4,73.2
NS,151900,2023-01-03,3:00 AM,Other (describe in narrative),0,CONWAY,PA,40,4,Dark,Rain,Yard,Yard/switching,2,8910,17037,25947,H702,40.672362,-80.251826,48.8,56,56.6
CSX,000191777,2020-08-04,4:45 AM,Other impacts,0,NEWBERRY,SC,80,1,Dawn,Cloudy,Industry,Freight Train,0,7841,0,20110,E08C,34.304057,-81.621423,76.9,75.6,77.4
UP,0321PR010,2021-03-17,12:45 PM,Other impacts,0,CHICAGO,IL,39,2,Day,Cloudy,Yard,Light loco(s),3,2984,0,12116,H607,41.767983,-87.777623,35.4,36.6,39
UP,0321GP036,2021-03-22,2:30 PM,Obstruction,0,NORTH PLATTE,NE,49,2,Day,Cloudy,Yard,Single Car,0,187,0,64212,M411,41.150002,-100.814979,50.3,41.4,39.6
DL,170901,2017-09-29,3:30 PM,Derailment,0,SCRANTON,PA,67,2,Day,Clear,Yard,Freight Train,5,4580,9297,13877,H506,41.413978,-75.673423,64.4,54,52.3
BNSF,HL0820107,2020-08-10,10:30 PM,Derailment,0,MEMPHIS,TN,82,4,Dark,Clear,Yard,Yard/switching,4,6000,9000,18000,E06C,35.036356,-89.909084,85.2,86.5,82.7
CSX,000143287,2015-03-19,4:35 AM,Other impacts,0,SELKIRK,NY,11,1,Dawn,Clear,Yard,Yard/switching,5,37154,0,162445,H702,42.564654,-73.85257,25,24.8,26
CSX,000212915,2023-08-15,5:04 AM,Derailment,0,MEMPHIS,TN,70,1,Dawn,Clear,Main,,0,0,694,33810,E34C,35.127699,-89.98818,83.3,73.9,73.1
NS,142525,2021-08-13,2:54 PM,Derailment,0,CHATTANOOGA,TN,72,2,Day,Clear,Yard,Freight Train,9,11194,2878,14072,E40C,35.049321,-85.278484,78.9,81.3,81.2
UP,0322GL028,2022-03-19,4:44 AM,Other (describe in narrative),0,DE WITT,IA,35,1,Dawn,Snow,Main,Freight Train,50,12027,0,12027,E27C,41.812694,-90.445293,42.1,40.4,47.1
ATK,166976,2021-05-03,8:40 PM,Obstruction,0,EDDYSTONE,PA,75,4,Dark,Rain,Main,Passenger Train - Pulling,109,30584,0,30584,M404,39.860785,-75.33819,68.8,65.7,68.2