reportingrailroadcode,accidentnumber,date,time,accidenttype,hazmatreleasedcars,station,stateabbr,temperature,visibility_code,visibility,weathercondition,tracktype,equipmenttype,trainspeed,equipmentdamagecost,trackdamagecost,totaldamagecost,primaryaccidentcausecode,latitude,longitude,prior_temp,actual_temp,following_temp
NS,155070,2023-12-14,11:55 AM,Derailment,0,ENOLA,PA,43,2,Day,Clear,Yard,Yard/switching,5,10200,5382,15582,H508,40.279833,-76.922472,37.8,35.4,41.8
CSX,000201289,2021-11-13,1:15 AM,Derailment,0,NASHVILLE,TN,32,4,Dark,Clear,Yard,Freight Train,7,23818,77200,101018,H704,36.112142,-86.770737,51.5,40.1,45.1
NS,145101,2022-04-26,4:29 AM,Other (describe in narrative),0,READING,PA,57,1,Dawn,Clear,Yard,Yard/switching,7,18423,0,18423,H702,40.345502,-75.923143,55.1,57.8,48.5
NS,136880,2020-01-20,7:03 AM,Other impacts,0,ROCK HILL,SC,27,1,Dawn,Clear,Yard,Freight Train,5,23002,0,23002,H018,34.935439,-81.014441,48.2,32.4,30.7
SEPA,22611,2016-11-30,10:59 PM,Other impacts,0,PHILADELPHIA,PA,56,4,Dark,Rain,Yard,Passenger Train - Pulling,3,20000,10000,30000,H307,40.020059,-75.162925,54.9,57.2,52.3
NS,152207,2023-02-03,8:54 PM,Derailment,8,EAST PALESTINE,OH,10,4,Dark,Clear,Main,Freight Train,42,3426467,2807653,6234120,E53C,40.835793,-80.526399,26.1,13.5,17.5
NS,152267,2023-02-11,1:25 AM,Other impacts,0,BELLEVUE,OH,23,4,Dark,Clear,Yard,Cut of cars,0,252576,0,303030,M408,41.295824,-82.770527,37.9,31.2,36.8
NS,124374,2017-03-17,7:55 PM,Other impacts,0,WEST FAIRVIEW,PA,36,3,Dusk,Clear,Yard,Yard/switching,2,12207,0,13030,H018,40.279807,-76.922451,30.8,35.3,37.8
IC,1141547,2023-11-15,7:40 AM,Derailment,0,OBION,TN,50,2,Day,Clear,Industry,Maint./inspect Car,0,300000,5000,305000,H993,36.259582,-89.187327,51.6,56.8,59.2
ATK,166177,2021-01-11,3:35 AM,Obstruction,0,HARRISON,NJ,25,4,Dark,Cloudy,Main,Maint./inspect Car,5,0,1000,64000,H306,40.740357,-74.154217,34.2,31.6,35.3
NS,129368,2018-05-05,2:27 PM,Side collision,0,CONWAY,PA,72,2,Day,Cloudy,Yard,Single Car,0,14728,0,15028,H399,40.672356,-80.251823,69,60.6,57.9
BNSF,RD0317115,2017-03-17,6:36 AM,Derailment,0,DENISON,TX,65,1,Dawn,Cloudy,Main,Freight Train,14,11652,800,12452,E4TC,33.780821,-96.520301,58.4,69.3,68.9
CSX,000180958,2019-01-24,4:00 AM,Obstruction,0,CHILLICOTHE,OH,27,4,Dark,Snow,Main,Freight Train,35,33046,0,33046,M404,39.147303,-82.865428,43.5,30.1,20.8
ATK,139958,2015-11-09,6:19 AM,Hwy-rail crossing,0,CASSATT,SC,70,4,Dark,Clear,Main,Passenger Train - Pulling,59,34615,0,34615,M302,34.370967,-80.427058,53.8,51.3,57.7
NS,153196,2023-05-27,7:50 PM,Side collision,0,CONWAY,PA,58,3,Dusk,Clear,Yard,Freight Train,5,105388,13,117957,H306,40.672362,-80.251826,59.5,63.2,65
KRR,KRR091216D,2016-09-26,9:05 AM,Derailment,0,POWDERLY,TX,75,2,Day,Cloudy,Main,Freight Train,8,26000,14500,40500,T220,33.802732,-95.527708,78,67.5,67.2
NS,151478,2022-11-16,1:15 AM,Other impacts,0,CHATTANOOGA,TN,40,4,Dark,Clear,Yard,Single Car,3,14500,4551,50551,H308,35.007198,-85.375514,45.9,44.1,37.9
CSX,000140697,2015-01-27,2:17 AM,Other (describe in narrative),0,MARTIN,SC,37,4,Dark,Clear,Main,Cut of cars,0,271080,0,3048132,M505,33.068728,-81.476697,47.4,40,38.1
SCRF,SCR689715,2015-04-23,2:50 AM,Side collision,0,FLORENCE,SC,55,4,Dark,Clear,Yard,Freight Train,7,110892,0,144333,H607,34.199168,-79.76137,65.4,67,60.5
UP,1015SA018,2015-10-31,4:20 AM,Derailment,0,LOCKHART,TX,72,4,Dark,Rain,Main,Freight Train,25,813266,267143,1080409,M103,29.891615,-97.646648,73.2,71.3,66.6
ATK,160191,2019-07-21,1:10 PM,Other (describe in narrative),0,PHILADELPHIA,PA,95,2,Day,Clear,Yard,Light loco(s),5,13630,0,13630,H599,39.9566,-75.181,88.9,90.4,82.4
BNSF,NW0523104,2023-05-10,1:00 PM,Derailment,0,METOLIUS,OR,64,2,Day,Clear,Yard,Single Car,0,84432,3000,87432,M599,44.587623,-121.179792,47.9,50.1,54.9
ATK,176562,2023-09-27,5:28 AM,Raking collision,0,MIDDLETOWN,PA,57,1,Dawn,Clear,Main,Spec. MoW Equip.,15,57640,0,57640,E99C,40.195465,-76.735127,58.1,60.3,59.2
UP,0118PD028,2018-01-26,7:48 AM,Fire/violent rupture,0,EUGENE,OR,47,2,Day,Rain,Main,Freight Train,35,13215,0,13215,M406,44.039941,-123.034785,39.5,42,47.6
NS,152769,2023-04-08,9:30 AM,Derailment,0,PITTSBURGH,PA,60,2,Day,Clear,Main,Freight Train,4,184246,6001,190247,H518,40.456748,-80.044697,44.3,41.9,48.5
UP,0323PN009,2023-03-10,12:40 PM,Other impacts,0,PORTLAND,OR,40,2,Day,Cloudy,Yard,Yard/switching,10,64479,18576,185597,H309,45.549807,-122.690548,42.4,43.7,45.7
CSX,000190975,2020-06-23,12:24 PM,Derailment,0,CALHOUN,TN,85,2,Day,Clear,Yard,Freight Train,4,23202,760,23962,H306,35.289712,-84.742367,75.1,75.9,74.1
CSX,000180296,2017-11-18,7:48 PM,Obstruction,0,NEW BUFFALO,MI,41,3,Dusk,Cloudy,Main,,0,0,0,20653,M404,41.809947,-86.703373,39.3,42.7,33.3
CSX,000207722,2022-10-11,2:30 AM,Derailment,0,CINCINNATI,OH,41,4,Dark,Clear,Yard,Yard/switching,7,83616,5588,89204,E24C,39.136408,-84.542399,53.1,56.2,62.7
ATK,141549,2016-03-10,4:50 PM,Obstruction,0,ARDMORE,PA,60,2,Day,Clear,Main,Passenger Train - Pushing,80,8278,5932,14210,E78L,40.003005,-75.271553,60.7,67.9,59.3
NS,155837,2024-02-22,4:32 PM,Rear end collision,0,ALTOONA,PA,37,3,Dusk,Clear,Main,Freight Train,0,20000,0,35000,H605,40.491877,-78.431479,34.9,36,42.1
ATK,178583,2024-02-26,6:15 AM,Other (describe in narrative),0,SOUTH BRUNSWICK,NJ,40,1,Dawn,Cloudy,Main,Passenger Train - Pulling,130,54829,0,54829,E78L,40.379177,-74.54404,29.6,39.5,47.7
ESPN,ESPN820221,2022-08-17,12:00 PM,Derailment,0,COATESVILLE,PA,85,2,Day,Cloudy,Main,Freight Train,10,287566,94143,381709,E40C,39.944167,-75.775833,69.1,68.1,70.4
NS,144500,2022-02-23,9:35 PM,Derailment,0,NEW GALILEE,PA,72,4,Dark,Cloudy,Main,Freight Train,7,311678,20703,332381,H506,40.818634,-80.370025,52.7,36,29
BNSF,GC0416100,2016-04-06,11:20 PM,Derailment,0,BEAUMONT,TX,65,4,Dark,Clear,Main,Freight Train,6,16104,0,16104,H518,30.081228,-94.093184,66,67.2,66.4
CSX,000207489,2022-09-26,12:15 PM,Obstruction,0,CARLISLE,SC,80,2,Day,Clear,Main,Maint./inspect Car,31,0,0,13000,H997,34.630393,-81.396306,67.6,70.1,63.9
UP,0415SA025,2015-04-27,4:27 PM,Fire/violent rupture,0,KYLE,TX,75,2,Day,Clear,Main,Freight Train,40,58343,0,58343,E73L,29.986681,-97.875157,75.4,72,61.3
UP,0616SA012,2016-06-14,4:00 AM,Derailment,0,TAYLOR,TX,78,4,Dark,Cloudy,Main,Freight Train,8,20058,321796,341854,M405,30.567672,-97.404366,84.2,84.1,84.9
BNSF,HL0422102,2022-04-04,12:02 PM,Derailment,0,MEMPHIS,TN,70,2,Day,Cloudy,Yard,Yard/switching,4,8518,4459,12977,H303,35.026824,-89.896663,59.1,62.3,63.7
BNSF,RD0518105,2018-05-05,2:05 AM,Side collision,0,TULSA,OK,60,4,Dark,Clear,Yard,Yard/switching,7,600,13998,15148,H607,36.131531,-96.010115,66.5,68.8,74.4
NS,127802,2017-12-18,12:10 AM,Derailment,0,CONWAY,PA,35,4,Dark,Clear,Yard,Light loco(s),2,12593,0,12593,H303,40.672356,-80.251823,36.9,40.8,47.3
NS,133309,2019-03-21,11:30 PM,Other impacts,0,CONWAY,PA,50,4,Dark,Clear,Yard,Yard/switching,7,1000,9727,10727,M411,40.672356,-80.251823,40.4,45,36
CSX,000161051,2016-07-05,1:50 AM,Side collision,0,SELKIRK,NY,68,4,Dark,Rain,Yard,Yard/switching,5,255456,0,404079,H020,42.565903,-73.854184,71.5,76,76.9
CSX,000169042,2017-05-21,9:30 PM,Side collision,0,NASHVILLE,TN,75,4,Dark,Clear,Yard,Yard/switching,2,0,100,48792,H307,36.112142,-86.770737,76.6,73.4,67.6
CSX,000177682,2018-07-12,4:30 PM,Derailment,0,FAYETTE CITY,PA,81,3,Dusk,Clear,Siding,,0,0,500,96432,H503,40.042475,-79.884491,72.4,71.1,74.5
BNSF,RD0218205,2018-02-26,9:00 AM,Hwy-rail crossing,0,MOODY,TX,45,2,Day,Fog,Main,Freight Train,30,500,30500,31000,M302,31.297812,-97.363862,53.9,53.8,61.9
NS,122067,2016-09-14,3:42 PM,Derailment,0,HIXSON,TN,94,2,Day,Clear,Yard,Light loco(s),10,4284,11919,16203,M404,35.060735,-85.2668,81.2,81.2,81.9
NS,155837,2024-02-22,4:32 PM,Rear end collision,0,ALTOONA,PA,37,3,Dusk,Clear,Main,Freight Train,12,15000,0,35000,H605,40.491877,-78.431479,34.9,36,42.1
RWRR,240123003,2024-01-23,10:45 AM,Hwy-rail crossing,0,MITCHELL,SD,21,2,Day,Snow,Main,Freight Train,9,25000,75000,100000,M302,43.709409,-98.04706,19.1,26.6,31.4
NS,144193,2022-01-30,12:46 AM,Derailment,0,SOUTH FORK,PA,19,4,Dark,Snow,Main,Freight Train,12,0,15108,15108,M204,40.374476,-78.831579,9.4,11.3,18.6
UP,0619GP049,2019-06-30,12:18 PM,Other impacts,0,NORTH PLATTE,NE,91,2,Day,Cloudy,Yard,Cut of cars,0,1517,34920,36437,M411,41.150647,-100.817423,82.8,83.2,77.9
ATK,178679,2024-03-03,7:55 AM,Hwy-rail crossing,0,JUNCTION CITY,OR,34,2,Day,Cloudy,Main,Passenger Train - Pulling,60,27929,0,27929,M308,44.149537,-123.183157,37.7,37.1,38.2
NS,125407,2017-06-12,3:48 PM,Derailment,0,MUSCLE SHOALS,AL,93,2,Day,Clear,Yard,Light loco(s),4,13805,1000,14805,H306,34.712551,-87.616781,78.4,81.4,79.6
HRRC,0721,2021-12-07,4:40 PM,Hwy-rail crossing,0,ASHLEY FALLS,MA,40,3,Dusk,Cloudy,Main,Freight Train,25,14645,9612,24257,M308,42.057347,-73.33601,44.8,32.4,28.6
CSX,000208409,2022-11-16,2:30 PM,Other impacts,0,SPARTANBURG,SC,53,2,Day,Clear,Main,Single Car,5,17500,0,19984,H018,34.949146,-81.936776,42.1,44.7,37.7
NS,156596,2024-05-05,6:00 AM,Derailment,0,CONWAY,PA,58,1,Dawn,Rain,Yard,Freight Train,0,591,0,25476,M409,40.672362,-80.251826,61.4,63.6,66
UP,0619PN029,2019-06-24,10:00 AM,Other (describe in narrative),0,PORTLAND,OR,54,2,Day,Clear,Yard,Single Car,0,26454,0,26454,M507,45.535403,-122.583482,61.9,61.1,62.8
CSX,000138286,2014-12-02,10:18 PM,Derailment,0,AVON,IN,33,4,Dark,Fog,Yard,Cut of cars,2,39105,2000,42494,H316,39.759779,-86.328326,32.5,29.9,33.9
UP,0918PD004,2018-09-05,8:20 AM,Fire/violent rupture,0,ADAMS,OR,70,2,Day,Clear,Siding,Freight Train,35,25961,0,25961,E73L,45.685417,-118.362841,61,63.4,66.5
WE,210083,2021-12-23,8:00 PM,Other (describe in narrative),0,CARNEGIE,PA,35,4,Dark,Clear,Yard,Yard/switching,8,3303,22755,26058,M507,40.416135,-80.061734,31,29.2,52.3
UP,0124HL012,2024-01-15,10:00 AM,Fire/violent rupture,0,PARSONS,KS,20,2,Day,Cloudy,Yard,Single Car,0,64835,0,64835,M406,37.346407,-95.269946,-0.2,3.4,7.2
BNSF,RD0317201,2017-03-01,3:10 PM,Hwy-rail crossing,0,BRENHAM,TX,75,2,Day,Clear,Main,Freight Train,45,500,250000,250500,M302,30.126244,-96.395128,76.2,69.4,55.3
CSX,000157871,2016-03-07,7:40 AM,Fire/violent rupture,0,PITTSBURGH,PA,62,1,Dawn,Clear,Main,Freight Train,30,700000,0,700000,E73L,40.406923,-79.914473,36.8,50.1,59.9
CSX,000214193,2023-10-24,8:45 AM,Other impacts,0,NASHVILLE,TN,68,2,Day,Clear,Yard,Yard/switching,4,8904,0,26853,M411,36.112136,-86.770713,59.8,65.1,66.7
CSX,000201157,2021-11-06,5:30 AM,Derailment,0,NORTH CHARLESTON,SC,45,1,Dawn,Rain,Main,Freight Train,4,18000,260,18260,H525,32.870855,-79.996169,46.1,47.9,53.2
NS,146247,2022-08-20,8:00 PM,Other impacts,0,CHATTANOOGA,TN,80,4,Dark,Rain,Yard,Single Car,3,0,49059,49059,M408,35.072249,-85.255534,74.7,75.4,76.2
UP,0524PR015,2024-05-19,12:05 AM,Other impacts,0,JOLIET,IL,65,4,Dark,Clear,Yard,Freight Train,5,57879,45000,187879,H301,41.47766,-88.104045,72.6,71.5,74.6
DGNO,330317D,2017-06-12,10:50 PM,Derailment,0,MCKINNEY,TX,81,4,Dark,Clear,Yard,Freight Train,9,15000,23000,38000,T216,33.311321,-96.560463,79.6,81.6,83.2
BNSF,SF1015109,2015-10-19,7:00 PM,Derailment,0,MEMPHIS,TN,72,3,Dusk,Clear,Yard,Yard/switching,5,10571,0,10571,H316,35.023196,-89.888152,54.5,58.1,62.2
PNR,PNR150970,2015-01-28,5:30 PM,Derailment,0,BORGER,TX,65,2,Day,Clear,Main,Single Car,0,360,16000,16360,M502,35.653715,-101.393782,56.8,58.8,47
UP,0916HO045,2016-09-29,11:50 PM,Derailment,0,KILGORE,TX,53,4,Dark,Cloudy,Main,Freight Train,40,42082,12224,54306,E39C,32.397006,-94.864192,70.1,67.4,64.4
BNSF,GC0715108,2015-07-24,6:15 PM,Derailment,0,HOUSTON,TX,90,3,Dusk,Clear,Industry,Yard/switching,9,32037,0,32037,H307,29.863343,-95.480638,86.7,87.3,87
BNSF,HL0519107,2019-05-09,9:25 AM,Derailment,0,MEMPHIS,TN,78,2,Day,Cloudy,Yard,Yard/switching,4,7551,157591,165142,M201,35.026558,-89.893541,75.7,68.4,61.3
CSX,000151780,2015-09-06,10:08 AM,Side collision,0,ERWIN,TN,75,2,Day,Clear,Yard,Cut of cars,6,18815,200,19015,T217,36.146937,-82.416002,72,72.1,71.8
WE,150151,2015-11-22,4:30 AM,Derailment,0,BRUCETON,PA,34,4,Dark,Clear,Siding,Yard/switching,3,25000,0,44150,H099,40.319138,-79.97937,45,34.9,30.9
ATK,143247,2016-07-05,10:43 PM,Derailment,0,PHILADELPHIA,PA,75,4,Dark,Clear,Yard,Yard/switching,3,36955,1000,37955,H702,39.995808,-75.158908,71.8,79.5,83.9
BNSF,RD0718129,2018-07-21,3:35 AM,Derailment,0,HOUSTON,TX,82,4,Dark,Clear,Yard,Yard/switching,2,1879,20000,21879,H312,29.70783,-95.330364,87.6,87.4,87.8
CSX,000143017,2015-03-14,2:08 AM,Derailment,0,BEACON,NY,35,4,Dark,Cloudy,Main,Freight Train,27,7414,0,457414,E65C,41.493459,-73.982104,32.1,37.9,40.1
ARR,2023202,2023-11-26,4:15 PM,Other (describe in narrative),0,EIELSON,AK,12,4,Dark,Clear,Yard,Yard/switching,9,0,0,0,M308,64.828,-147.663,8.6,13.2,17.8
UP,1023PN022,2023-10-15,9:45 PM,Derailment,0,HUNTINGTON,OR,63,4,Dark,Clear,Industry,Yard/switching,3,16962,0,16962,H306,44.545191,-117.422767,61.3,62.2,60.2
CRSH,132522,2019-01-17,7:38 PM,Derailment,0,BRISTOL,PA,32,3,Dusk,Clear,Yard,Freight Train,6,1918,9000,10918,T215,40.09771,-74.087485,32.9,30.9,32.6
NS,139496,2020-10-21,8:15 AM,Other impacts,1,ROSSVILLE,TN,68,2,Day,Clear,Main,Freight Train,3,200,16919,17119,H399,35.048146,-89.568967,72.1,72.9,74.3
UP,0519PN004,2019-05-09,11:02 AM,Other impacts,0,STANFIELD,OR,66,2,Day,Clear,Yard,Yard/switching,7,55633,0,110112,H318,45.796441,-119.269778,66,64.6,63.7
CSX,000185580,2019-09-25,3:30 PM,Derailment,0,SMYRNA,TN,85,2,Day,Cloudy,Main,Freight Train,6,102883,251200,354083,H601,35.960124,-86.500035,71.4,72,74.9
NS,134327,2019-06-13,1:37 PM,Hwy-rail crossing,0,GERMANTOWN,TN,81,2,Day,Clear,Main,Freight Train,47,335327,285488,620815,M302,35.06122,-89.747396,70.8,69,70.6
SEPA,SEPA011724,2024-01-17,7:00 AM,Obstruction,0,PHILADELPHIA,PA,20,1,Dawn,Clear,Main,EMU,60,16300,10531,26831,M404,39.99932,-75.158929,26.4,20.1,27.6
NS,145840,2022-07-11,8:14 AM,Obstruction,0,COLUMBIA,SC,72,2,Day,Clear,Main,Freight Train,35,652227,1889,654116,M501,33.985296,-81.039106,78.3,75.6,79.4
NS,129343,2018-05-03,2:32 AM,Other (describe in narrative),0,KING OF PRUSSIA,PA,60,4,Dark,Clear,Yard,Freight Train,10,1600,24005,25605,H306,40.115603,-75.395388,70.4,74.9,73.8
NS,154034,2023-08-25,12:40 AM,Side collision,0,ELKHART,IN,72,4,Dark,Clear,Yard,Light loco(s),3,28,56459,56535,H306,41.677392,-85.978437,84.1,75.1,73.2
MNCW,82647,2024-05-31,4:40 AM,Other impacts,0,WHITE PLAINS,NY,57,4,Dark,Clear,Yard,EMU,7,18007,0,18007,H992,41.057519,-73.771058,61.9,64.6,68.6
BNSF,RD1019106,2019-10-07,6:19 AM,Side collision,0,TULSA,OK,52,1,Dawn,Clear,Yard,Light loco(s),4,9900,800,18900,H607,36.131182,-96.010185,60.3,59.5,60.3
NOPB,D20171020F,2017-10-20,1:27 AM,Derailment,0,JEFFERSON,LA,69,4,Dark,Clear,Main,,0,0,58157,119277,H599,29.953788,-90.166398,73,75.2,78.8
URR,20101,2020-01-23,11:02 PM,Derailment,0,DUQUESNE,PA,39,4,Dark,Cloudy,Yard,Yard/switching,5,3006,11361,14367,M203,40.377061,-79.853531,24,34.3,41.6
UP,0217FW011,2017-02-07,1:50 PM,Other impacts,0,FORT WORTH,TX,79,2,Day,Clear,Yard,Yard/switching,0,38188,0,47069,S015,32.728093,-97.366263,72.1,69.8,59.4
UP,0723RM021,2023-07-16,9:30 AM,Other impacts,0,POCATELLO,ID,67,2,Day,Clear,Yard,Freight Train,0,2615,0,16976,H018,42.842474,-112.425419,69.3,73.2,71.7
BNSF,HL1218122,2018-12-26,12:15 AM,Derailment,0,ST LOUIS,MO,37,4,Dark,Clear,Yard,Freight Train,0,5000,0,16800,H607,38.602702,-90.312251,40.5,41.2,51.6
NS,124956,2017-05-05,8:45 AM,Derailment,0,CONWAY,PA,60,2,Day,Cloudy,Yard,Cut of cars,0,3090,0,50877,E29C,40.672356,-80.251823,54.3,56.9,44.7
IC,1033405,2020-04-27,1:26 AM,Derailment,0,MEMPHIS,TN,54,4,Dark,Clear,Yard,Yard/switching,10,33491,27000,60491,M599,35.067551,-90.094927,58.8,63,66.8
NS,144812,2022-01-02,5:15 AM,Other impacts,0,WEST FAIRVIEW,PA,72,1,Dawn,Clear,Yard,Single Car,5,18747,0,91737,E31C,40.279807,-76.922451,52.2,51.7,31.3
CSX,000211634,2023-06-05,7:05 AM,Derailment,0,NASHVILLE,TN,60,1,Dawn,Clear,Yard,Single Car,6,51821,0,103379,H303,36.112136,-86.770713,76.6,77.4,76.6
BRC,14548,2022-06-24,7:18 AM,Other impacts,0,BEDFORD PARK,IL,67,1,Dawn,Cloudy,Yard,Cut of cars,3,6532,0,19694,H018,41.76878,-87.75035,77.8,81.4,75.6
BNSF,HL0421106,2021-04-06,1:47 PM,Derailment,0,MEMPHIS,TN,78,2,Day,Clear,Yard,Yard/switching,5,22285,500,22785,M407,35.024511,-89.890086,64.4,67.9,69.7
CSX,000148629,2015-06-30,5:30 PM,Derailment,0,NORTH CHARLESTON,SC,85,2,Day,Clear,Industry,Yard/switching,6,58732,0,62232,M501,32.873853,-79.980185,81,80.4,78.5
BNSF,SW0618201,2018-06-04,3:38 PM,Hwy-rail crossing,0,CLOVIS,NM,95,2,Day,Clear,Main,Freight Train,25,30000,513585,543585,M302,34.332271,-103.223434,66.7,70.3,78.8
UP,0921PN018,2021-09-22,7:04 PM,Other impacts,0,STANFIELD,OR,79,3,Dusk,Cloudy,Yard,Yard/switching,6,78463,66,149060,H020,45.795103,-119.256247,59.7,62.4,64.2
BNSF,TC0518105,2018-05-09,6:15 AM,Derailment,0,YANKTON,SD,50,1,Dawn,Clear,Industry,Cut of cars,5,32088,0,32088,M501,42.94128,-97.453797,67.5,64.8,55
PR,2016060306,2016-06-01,12:00 PM,Other (describe in narrative),0,HUGER,SC,92,2,Day,Clear,Main,Spec. MoW Equip.,20,27585,0,27585,H104,33.000154,-79.816633,74.9,77.2,78.1
BNSF,GC0816111,2016-08-19,1:00 PM,Obstruction,0,MULLIN,TX,75,2,Day,Clear,Siding,Maint./inspect Car,2,48499,0,48499,M410,31.556568,-98.667932,75.4,79.9,75.1
CSX,000200106,2021-09-14,9:20 AM,Other impacts,0,CINCINNATI,OH,72,2,Day,Clear,Yard,Yard/switching,4,215861,0,285980,H318,39.4405,-84.5222,75.4,76.2,72.9
NJTR,202406284,2024-05-05,9:42 PM,Obstruction,0,DOVER,NJ,50,4,Dark,Rain,Yard,Light loco(s),9,15425,0,15425,H607,40.883518,-74.54952,53.4,50.5,60.4
SLWC,210916002,2021-09-16,8:30 AM,Obstruction,0,LAWTON,OK,85,2,Day,Clear,Industry,Freight Train,4,11376,0,11376,H311,34.597389,-98.499279,76.5,78.9,79.7
UP,0516ES008,2016-05-29,10:50 AM,Obstruction,0,WOODLAWN,TX,68,2,Day,Clear,Main,Spec. MoW Equip.,0,10500,0,10599,H212,32.644124,-94.354925,74.6,76.1,75.8
SNCX,1,2019-10-06,9:30 AM,Derailment,0,SCRANTON,PA,55,2,Day,Cloudy,Yard,Light loco(s),5,11472,0,11472,H702,41.40673,-75.668975,48,58.5,61.3
NS,136017,2019-10-31,12:15 AM,Other (describe in narrative),0,GREER,SC,72,4,Dark,Cloudy,Yard,Freight Train,7,7200,5000,12200,H306,34.935265,-82.225496,63.5,66.9,46.5
CSX,000197605,2021-05-12,5:53 PM,Obstruction,0,ABBEVILLE,SC,49,3,Dusk,Cloudy,Main,Freight Train,35,20588,0,20588,M404,34.139719,-82.288592,66.4,54.4,54.7
NS,132701,2019-02-03,8:24 AM,Other (describe in narrative),0,WEST FAIRVIEW,PA,32,2,Day,Clear,Yard,Light loco(s),4,25068,7168,32236,H306,40.279807,-76.922451,17.7,31,37.5
CSX,000160620,2016-06-16,8:20 PM,Hwy-rail crossing,0,HOMESTEAD,PA,65,4,Dark,Rain,Main,Freight Train,36,10906,8953,19859,M399,40.408444,-79.912474,72.8,70.2,71.5
UP,0418HO014,2018-04-14,9:52 PM,Hwy-rail crossing,0,HOUSTON,TX,70,4,Dark,Cloudy,Main,Freight Train,41,100,35169,35269,M302,29.631114,-95.507244,76.1,61.2,59.2
DCTA,DCTA201703,2017-07-18,9:34 PM,Obstruction,0,LEWISVILLE,TX,85,4,Dark,Clear,Main,DMU,34,60000,0,60000,M402,33.094098,-97.027926,86.5,87.8,88.8
UP,0216SA022,2016-02-24,2:30 PM,Derailment,0,SAN ANTONIO,TX,70,2,Day,Clear,Yard,Yard/switching,3,27380,61201,88581,H525,29.435033,-98.457327,58.5,53.3,53.8
NS,156437,2024-04-21,9:48 AM,Other impacts,0,CONWAY,PA,47,2,Day,Cloudy,Yard,Single Car,0,14400,0,23100,S016,40.672362,-80.251826,51.2,41.5,47.2
UP,0516FW012,2016-05-13,8:00 AM,Derailment,0,PILOT POINT,TX,68,2,Day,Clear,Main,Freight Train,23,24404,328063,352467,M204,33.45656,-96.921878,72.4,69.9,65.1
UP,0117ES003,2017-01-02,10:31 PM,Obstruction,0,MOUNT PLEASANT,TX,50,4,Dark,Clear,Main,Spec. MoW Equip.,10,8194,0,14814,H993,33.120114,-94.9721,56.6,60,49.7
DAIR,032014,2014-12-04,4:43 PM,Derailment,0,CANTON,SD,30,2,Day,Clear,Yard,Freight Train,10,7800,69824,77624,E4BC,43.299883,-96.580421,23.3,29.8,29.3
NS,156596,2024-05-05,6:00 AM,Derailment,0,CONWAY,PA,58,1,Dawn,Rain,Yard,Yard/switching,5,18385,6500,25476,M409,40.672362,-80.251826,61.4,63.6,66
LC,0925151,2015-09-25,2:15 PM,Derailment,0,RICHBURG,SC,68,2,Day,Cloudy,Main,Freight Train,5,11500,10000,21500,E4TC,34.693067,-80.961078,64.1,65.5,66.4
UP,0915LK037,2015-09-23,6:05 PM,Derailment,0,MEMPHIS,TN,85,2,Day,Clear,Yard,Yard/switching,8,7924,5600,13524,H503,35.124457,-90.029622,72.7,73.9,76.2
NS,152431,2023-02-27,11:54 AM,Derailment,0,ALTOONA,PA,35,2,Day,Cloudy,Yard,Freight Train,8,5625,0,14517,H503,40.517786,-78.395861,39.3,36.4,39.8
IC,1002404,2019-06-18,12:20 AM,Derailment,0,MEMPHIS,TN,75,4,Dark,Rain,Yard,Freight Train,8,18100,0,18100,H702,35.065786,-90.049782,77,76.3,81.9
BNSF,SF0315112,2015-03-14,3:05 AM,Derailment,0,TULSA,OK,58,4,Dark,Cloudy,Yard,Yard/switching,10,32523,500,33023,M411,36.118256,-96.011664,56,57.6,56.9
TRRA,20020,2020-07-08,1:10 AM,Derailment,0,EAST ST LOUIS,IL,77,4,Dark,Cloudy,Main,,0,0,15661,15891,H503,38.640651,-90.154851,82.3,80.9,83.1
UP,0818PD027,2018-08-24,5:30 PM,Other impacts,0,EUGENE,OR,76,2,Day,Clear,Yard,Yard/switching,4,0,0,14461,H318,44.070461,-123.13207,62.1,64.6,61.5
TXPF,11282016,2016-11-28,10:20 PM,Derailment,0,SAN ANGELO,TX,46,4,Dark,Clear,Yard,Freight Train,8,141796,40874,182670,T221,31.493703,-100.412948,63.4,60.3,56.7
NS,133544,2019-04-11,3:33 PM,Other (describe in narrative),0,BELLEVUE,PA,70,2,Day,Clear,Main,Freight Train,24,32,17500,17532,H221,40.486039,-80.055661,49,53.9,63.3
BNSF,HL0619115,2019-06-28,6:00 PM,Derailment,0,MEMPHIS,TN,80,3,Dusk,Clear,Yard,Yard/switching,4,18847,0,18847,M411,35.024611,-89.891341,75.6,75.9,79
BNSF,HL0520108,2020-05-28,8:44 PM,Other impacts,0,MEMPHIS,TN,66,3,Dusk,Rain,Yard,Yard/switching,6,16000,0,16000,H318,35.027603,-89.895617,73.9,70.2,72.7
ATK,166349,2021-02-06,11:14 PM,Obstruction,0,WESTMINSTER,SC,32,4,Dark,Snow,Main,Passenger Train - Pulling,50,15436,0,15436,M404,34.665539,-83.120514,45.7,37.9,41.2