reportingrailroadcode,accidentnumber,date,time,accidenttype,hazmatreleasedcars,station,stateabbr,temperature,visibility_code,visibility,weathercondition,tracktype,equipmenttype,trainspeed,equipmentdamagecost,trackdamagecost,totaldamagecost,primaryaccidentcausecode,latitude,longitude,prior_temp,actual_temp,following_temp
LC,LC07032023,2023-07-03,12:06 PM,Derailment,0,CHESTER,SC,92,2,Day,Clear,Yard,Freight Train,5,15000,8000,23000,E23C,34.7076,-81.1329,81.3,80.4,81.7
IORY,IOR710815D,2015-03-17,3:40 PM,Derailment,0,WASHINGTON COURT HOU,OH,45,2,Day,Clear,Main,Freight Train,25,10000,315000,325000,E53C,39.509606,-83.560953,56.6,49.5,35.4
CRSH,137514,2020-03-17,3:20 PM,Derailment,0,NEWARK,NJ,54,2,Day,Clear,Yard,Yard/switching,3,282,14640,14922,S006,40.710569,-74.143793,39.1,47,47
UP,0218NP003,2018-02-02,1:48 AM,Derailment,0,COZAD,NE,15,4,Dark,Clear,Main,Freight Train,30,30898,689914,720812,E06C,40.891299,-100.081374,23.8,31.7,40.4
NS,142957,2021-09-15,3:42 PM,Other impacts,0,COLUMBIA,SC,72,2,Day,Clear,Yard,Single Car,3,15336,0,15336,H312,33.964143,-80.985305,75.8,75.6,74.4
CSX,000168557,2017-04-27,4:00 PM,Derailment,0,WATERLOO,SC,70,2,Day,Clear,Main,Freight Train,40,15749,314,16063,E33C,34.376225,-82.052587,68.5,68,73.4
CSX,000191154,2020-06-27,7:00 PM,Other impacts,0,NASHVILLE,TN,82,3,Dusk,Cloudy,Yard,Cut of cars,0,12809,64,12873,M201,36.112142,-86.770737,75.4,79,81.1
BNSF,RD0317103,2017-03-03,12:55 AM,Other (describe in narrative),0,PROSPER,TX,39,4,Dark,Clear,Main,Freight Train,2,0,15000,15000,H702,33.254933,-96.802309,49.8,52.5,52.4
NS,123784,2017-01-31,9:50 PM,Other impacts,0,WEST FAIRVIEW,PA,32,4,Dark,Clear,Yard,Cut of cars,0,18796,0,37591,E08C,40.279807,-76.922451,30.5,32.1,42.9
BNSF,MT0718108,2018-07-25,9:12 PM,Derailment,0,GLENHAM,SD,60,4,Dark,Clear,Main,Freight Train,13,195135,110000,305135,E07C,45.521305,-100.21561,74.3,73.3,63.6
BNSF,RD1017106,2017-10-05,8:38 PM,Derailment,0,SOMERVILLE,TX,78,3,Dusk,Clear,Yard,Freight Train,5,17639,1500,19139,H318,30.358067,-96.53741,79.5,77.2,75.3
CSX,000164860,2016-12-02,1:55 PM,Derailment,0,DANVILLE,IL,42,2,Day,Clear,Yard,Freight Train,6,17992,150,18142,H702,40.140715,-87.614975,36.6,37.1,33.9
UP,0815TC006,2015-08-16,8:24 AM,Derailment,0,ST PAUL,MN,77,2,Day,Cloudy,Yard,Freight Train,10,32787,82709,115496,H703,44.943352,-93.052639,80.5,74.9,67.4
ATK,144553,2016-10-03,12:55 AM,Derailment,0,CHICAGO,IL,59,4,Dark,Clear,Yard,Light loco(s),2,41700,0,41700,H220,41.866599,-87.635862,61.4,63.1,67
MRL,2017033,2017-03-01,3:44 AM,Derailment,0,HUNTLEY,MT,17,4,Dark,Clear,Main,,0,0,34000,50500,H704,45.891262,-108.311906,27.3,31.5,35.1
CSX,000177442,2018-07-07,4:18 PM,Derailment,0,MONTGOMERY,AL,85,3,Dusk,Cloudy,Industry,Freight Train,8,29722,627,30349,E42C,32.291453,-86.309625,81.7,78.9,78
CSX,000200876,2021-10-22,11:12 AM,Side collision,0,HAMLET,NC,73,2,Day,Clear,Yard,Yard/switching,4,4709,0,25729,H307,34.925491,-79.646587,65,69,60.9
GTW,949818,2018-02-12,2:00 PM,Obstruction,0,WARREN,MI,25,2,Day,Clear,Industry,Yard/switching,5,13011,0,13011,M501,42.456387,-83.000314,24.5,20.7,17.2
UP,1222GP030,2022-12-24,4:45 AM,Derailment,0,NORTH PLATTE,NE,5,1,Dawn,Clear,Yard,Yard/switching,4,22461,22000,44461,M409,41.152091,-100.819102,-1.4,11.4,23.7
NS,134680,2019-07-12,5:30 AM,Other (describe in narrative),0,ELIZABETH,NJ,80,1,Dawn,Clear,Yard,Freight Train,7,32,0,32,H702,40.681484,-74.242326,77.9,79.7,79.9
UP,0716PR006,2016-07-13,9:00 AM,Other impacts,0,NORTHLAKE,IL,75,2,Day,Clear,Yard,Cut of cars,5,98102,0,98102,H601,41.909442,-87.915277,80.7,76.9,77.1
UP,0521HL020,2021-05-28,11:03 AM,Derailment,0,COFFEYVILLE,KS,64,2,Day,Clear,Industry,Yard/switching,3,954,0,38954,H505,37.07951,-95.602223,71,61.6,55.6
UP,0623GC032,2023-06-26,9:30 PM,Other impacts,0,SULPHUR,LA,83,4,Dark,Clear,Yard,Cut of cars,2,13865,0,16530,H021,30.15974,-93.342488,86,85.5,85.8
BNSF,TC1117110,2017-11-20,9:45 AM,Other impacts,0,FRIDLEY,MN,45,2,Day,Cloudy,Yard,Freight Train,9,11026,0,11026,E30C,45.038168,-93.269846,27.4,37.9,26.6
UP,0115TC007,2015-01-22,11:55 AM,Other impacts,0,SHAKOPEE,MN,33,2,Day,Clear,Yard,Light loco(s),2,8534,0,15284,H020,44.789214,-93.4187,27.7,23.5,32.5
BNSF,TC0123121,2023-01-05,2:45 PM,Derailment,0,ST PAUL,MN,5,2,Day,Snow,Yard,,0,0,11720,62924,H503,44.952646,-93.077114,32.6,25.8,15
NS,132067,2018-12-15,6:00 PM,Hwy-rail crossing,0,BIRMINGHAM,AL,40,3,Dusk,Rain,Main,,0,0,0,15832,M308,33.481525,-86.863943,55.5,48.9,50.1
BVRR,IN-1810190,2018-10-19,8:55 AM,Derailment,0,CALDWELL,ID,55,2,Day,Clear,Industry,Freight Train,7,25000,1500,26500,H021,43.6686,-116.7032,48.5,49.9,50.7
UP,1218GP017,2018-12-06,8:45 PM,Derailment,0,OMAHA,NE,24,4,Dark,Clear,Main,Freight Train,9,152960,494457,647417,M401,41.219646,-95.956919,26,23.5,21.8
RALI,RAI287918,2018-10-09,5:00 PM,Derailment,0,LIVONIA,LA,80,2,Day,Clear,Yard,Freight Train,5,161602,12000,173602,H306,30.55923,-91.55575,78,77.4,76.4
NOPB,D20181207F,2018-12-07,4:05 AM,Derailment,0,AVONDALE,LA,45,1,Dawn,Clear,Yard,,0,0,0,40159,H501,29.916347,-90.17941,52.9,62.3,61.7
BNSF,CH0919108,2019-09-24,12:15 PM,Broken train collision,0,BEVIER,MO,78,2,Day,Clear,Main,Freight Train,10,281439,40000,321439,E33C,39.695944,-92.557711,64.8,68,71.1
UP,0718NP029,2018-07-21,8:55 AM,Derailment,0,NORTH PLATTE,NE,73,2,Day,Clear,Yard,Yard/switching,8,280793,192294,473087,S007,41.147957,-100.844343,79,77.5,78.4
ARR,2024010,2024-01-13,7:30 AM,Derailment,0,DENALI,AK,-10,4,Dark,Clear,Main,Freight Train,26,11163,111163,122326,E71L,62.593399,-150.0323,10.7,9.9,9.9
UP,0316NP025,2016-03-14,2:30 PM,Other (describe in narrative),0,NORTH PLATTE,NE,45,2,Day,Rain,Yard,Work train,0,12000,0,12000,E29C,41.146681,-100.843549,57.5,46.6,40.9
SNJX,20200804,2020-08-04,10:46 AM,Other (describe in narrative),0,ROEBLING,NJ,75,2,Day,Rain,Main,DMU,50,45000,0,45000,M404,40.120369,-74.758092,81.5,74.9,78.3
UP,1015NP005,2015-10-05,6:45 PM,Derailment,0,NORTH PLATTE,NE,65,2,Day,Cloudy,Yard,Yard/switching,10,14711,7394,22105,S007,41.146736,-100.844666,51,57,59.2
ADCX,21092801D,2021-09-28,12:30 PM,Derailment,0,BIG MOOSE,NY,68,2,Day,Clear,Yard,Work train,10,0,15000,15000,M503,43.903225,-74.909767,60.1,56,51.6
BNSF,HL1123101,2023-11-01,6:17 AM,Derailment,0,LINCOLN,NE,18,1,Dawn,Clear,Yard,Yard/switching,5,29028,17833,83231,M407,40.808197,-96.743463,29.9,34.5,39.9
NJTR,202311496,2023-11-14,12:30 AM,Derailment,0,KEARNY,NJ,55,4,Dark,Clear,Yard,Yard/switching,5,19016,0,19016,H704,40.74409,-74.103256,41.3,46.3,45.1
UP,1123GL016,2023-11-23,6:30 AM,Other impacts,0,OMAHA,NE,29,1,Dawn,Clear,Industry,Yard/switching,4,3395,0,23703,H307,41.255973,-95.92246,38.6,33.8,25.5
CSX,000144488,2015-04-09,8:30 AM,Obstruction,0,NORTHVILLE,MI,41,2,Day,Fog,Main,Spec. MoW Equip.,18,63000,0,63000,H997,42.396018,-83.549047,41.9,49.6,55.5
BNSF,MT0717200,2017-07-30,4:45 PM,Hwy-rail crossing,0,TERRY,MT,95,2,Day,Clear,Main,Freight Train,54,873780,205000,1078780,M302,46.64328,-105.522107,77.3,81.2,83.4
NS,139589,2020-10-30,1:00 PM,Hwy-rail crossing,0,MOORESVILLE,NC,68,2,Day,Clear,Main,Freight Train,16,3802,10000,13802,M305,35.624585,-80.798664,73.4,59.7,49.1
LI,EQ20180401,2018-04-13,4:37 PM,Other impacts,0,SUNNY SIDE,NY,62,2,Day,Clear,Main,Passenger Train - Pulling,30,24262,9695,33957,M599,40.748661,-73.926223,52.3,67.4,61.4
NS,126795,2017-09-27,8:30 AM,Hwy-rail crossing,0,WILTON,AL,80,2,Day,Clear,Main,Freight Train,28,470976,150066,621042,M308,33.14252,-86.684359,76.5,76.8,78.4
NS,153809,2023-08-03,5:00 PM,Other impacts,0,ST LOUIS,MO,77,3,Dusk,Cloudy,Yard,Single Car,0,465,0,12056,H302,38.697316,-90.222124,75,76.8,80
LI,EQ20170302,2017-03-17,2:42 PM,Obstruction,0,MINEOLA,NY,40,2,Day,Clear,Main,Maint./inspect Car,5,0,0,70000,H604,40.740928,-73.638322,32,37.4,35.7
CRSH,115355,2015-04-20,8:20 AM,Raking collision,0,NEWARK,NJ,52,2,Day,Rain,Yard,,0,0,2000,13000,H302,40.713668,-74.142477,54.4,53.4,59.4
UP,0717NP034,2017-07-31,9:06 PM,Derailment,0,COUNCIL BLUFFS,IA,85,2,Day,Clear,Yard,Cut of cars,0,8868,1854,10722,H312,41.250297,-95.886002,73.8,73.1,75.5
BEAR,BER910424D,2024-08-28,12:30 AM,Derailment,0,AYER,MA,62,4,Dark,Clear,Yard,Cut of cars,0,169956,0,471501,M505,42.552989,-71.590873,71.5,77.1,66.5
BNSF,HL0617202,2017-06-14,1:50 PM,Hwy-rail crossing,0,FESTUS,MO,89,2,Day,Clear,Main,Freight Train,33,4100,25000,29100,M308,38.265008,-90.427802,83.7,81,77.1
ATK,174688,2023-05-12,4:30 AM,Obstruction,0,BOSTON,MA,50,4,Dark,Clear,Main,Spec. MoW Equip.,15,150000,0,1650000,H104,42.243106,-71.131375,68,71.7,72.7
UP,1123GP007,2023-11-05,9:00 AM,Derailment,0,NORTH PLATTE,NE,47,2,Day,Cloudy,Yard,Yard/switching,10,81345,396,81741,M407,41.147608,-100.833736,51.6,51.6,47.9
NS,142644,2021-08-24,10:00 AM,Other impacts,0,CHARLOTTE,NC,80,2,Day,Clear,Yard,Yard/switching,4,41500,986,42486,H599,35.228063,-80.852618,80.9,83.1,80.6
CRSH,135328,2019-08-30,2:35 PM,Raking collision,0,MANVILLE,NJ,84,2,Day,Clear,Main,Cut of cars,0,16706,0,35374,H302,40.649693,-74.293336,70.6,70.7,71.3
CSX,000166517,2017-02-04,1:00 PM,Derailment,0,CUMBERLAND,MD,38,2,Day,Clear,Yard,Freight Train,5,32480,7780,40260,H702,39.629178,-78.745833,21.2,20.8,33.7
CMQX,06222019,2019-06-22,9:05 PM,Derailment,0,JACKMAN,ME,60,3,Dusk,Clear,Main,Freight Train,24,7100,125000,132100,E52C,45.57697,-70.488825,60,62.2,65.6
ATK,160757,2019-08-22,7:23 PM,Other (describe in narrative),0,SECAUCUS,NJ,80,2,Day,Clear,Main,Passenger Train - Pulling,0,23210,0,23210,E78L,40.760981,-74.07674,80.2,80.5,70.8
BNSF,SW0522103,2022-05-22,5:20 AM,Derailment,0,JARALES,NM,60,1,Dawn,Clear,Main,Freight Train,38,1590349,960000,2550349,M105,34.459946,-106.504645,68.2,61.6,66.3
CSX,000206521,2022-05-21,8:00 PM,Obstruction,0,CARY,NC,72,4,Dark,Cloudy,Main,,0,0,0,26521,M404,35.770109,-78.806162,81.8,79.2,76.5
LSRC,A220209,2022-02-09,11:00 AM,Hwy-rail crossing,0,MILFORD,MI,36,2,Day,Clear,Main,Freight Train,26,0,11707,11707,M302,42.579192,-83.58952,23.8,34.8,30.9
UP,1217KC001,2017-12-02,4:10 PM,Other impacts,0,KANSAS CITY,MO,59,2,Day,Clear,Yard,Yard/switching,4,11129,4154,26788,M411,39.122833,-94.514565,45.7,46.9,54.5
IC,910610,2017-01-09,3:43 AM,Fire/violent rupture,0,MARKS,MS,26,4,Dark,Cloudy,Main,Freight Train,40,104500,2500,107000,M507,34.25645,-90.272749,21.4,35.6,58.1
ATK,172834,2022-02-22,9:45 PM,Obstruction,0,LONGMEADOW,MA,28,4,Dark,Rain,Main,,0,0,0,14212,M404,42.066033,-72.589244,38.2,37.2,50
UP,0419GP001,2019-04-01,1:30 AM,Other impacts,0,CHEYENNE,WY,29,4,Dark,Clear,Yard,Yard/switching,2,20928,6010,74159,H310,41.129217,-104.811686,33.3,36.4,38.1
CSX,000152880,2015-10-05,5:00 PM,Derailment,0,BALTIMORE,MD,68,2,Day,Clear,Yard,Yard/switching,6,24836,1511,26347,T221,39.23543,-76.591321,56.1,57,59.5
CRSH,140350,2021-01-21,2:15 PM,Derailment,0,NEWARK,NJ,30,2,Day,Clear,Yard,Yard/switching,6,24929,0,24929,H704,40.715101,-74.172758,33.7,33.2,38.5
ARR,2022195,2022-12-04,9:15 AM,Derailment,0,FAIRBANKS,AK,10,2,Day,Clear,Industry,Yard/switching,3,10000,5000,15000,H307,64.8453,-147.7221,24.4,14.3,10.6
BNSF,HL0620102,2020-06-02,9:39 PM,Derailment,0,LINCOLN,NE,78,4,Dark,Clear,Yard,Freight Train,6,15000,0,15000,H607,40.808309,-96.776204,79.7,81.8,81.2
IC,909648,2016-12-28,1:20 PM,Hwy-rail crossing,0,INDEPENDENCE,LA,73,2,Day,Clear,Main,,0,0,18025,24440,M303,30.444828,-90.4412,71.3,70.6,60.9
UP,0620GC028,2020-06-16,9:41 PM,Other (describe in narrative),0,LIVONIA,LA,78,4,Dark,Clear,Yard,Cut of cars,0,21149,0,21149,M411,30.524514,-91.557351,80.9,79.7,75.9
BNSF,TC0518111,2018-05-21,11:57 AM,Rear end collision,0,PETERSBURG,ND,71,2,Day,Cloudy,Main,Maint./inspect Car,0,120000,0,130000,H402,48.020875,-98.031993,57.4,61.4,67.2
CRSH,114609,2015-02-28,4:30 PM,Derailment,0,NEWARK,NJ,25,3,Dusk,Clear,Yard,Yard/switching,9,12092,0,45266,S006,40.713668,-74.142477,23.3,21.8,24.4
UP,0316LK030,2016-03-29,3:50 AM,Derailment,0,SHREVEPORT,LA,50,4,Dark,Cloudy,Yard,Yard/switching,6,36036,3280,39316,T222,32.458539,-93.790832,57.7,61.5,69.5
UP,0822HL006,2022-08-08,10:26 AM,Other impacts,0,HERINGTON,KS,71,2,Day,Clear,Yard,Single Car,5,256,0,34915,H318,38.679221,-96.948992,90.1,75.1,74
KCT,UP210928,2021-09-28,2:02 AM,Derailment,0,KANSAS CITY,MO,73,4,Dark,Clear,Main,,0,0,0,75036,H501,39.10947,-94.50243,79.9,78.3,75.2
IC,902522,2016-10-01,9:40 PM,Side collision,0,HARVEY,IL,58,4,Dark,Cloudy,Yard,Freight Train,4,25057,0,36157,H503,41.577893,-87.65605,61.9,60,61.3
LI,73042,2020-08-28,1:20 AM,Other (describe in narrative),0,LONG BEACH,NY,73,4,Dark,Clear,Yard,EMU,7,0,18601,18601,H607,40.593682,-73.663507,77.8,77,75.1
NS,151496,2022-11-18,5:45 AM,Derailment,0,MELVINDALE,MI,30,1,Dawn,Clear,Yard,Freight Train,8,15500,0,15500,H307,42.276093,-83.18229,32.1,30.3,25.3
ATK,153689,2018-06-08,6:18 AM,Other (describe in narrative),0,PERRYVILLE,MD,74,2,Day,Clear,Main,Work train,10,0,25000,25000,H221,39.560113,-76.071339,67,69.5,71.9
BNSF,HL0221114,2021-02-17,3:54 AM,Derailment,0,NEBRASKA CITY,NE,-10,4,Dark,Clear,Industry,Freight Train,2,25744,0,25744,M101,40.631761,-95.804525,-8.3,9.2,14.6
BNSF,TC0722108,2022-07-27,8:50 AM,Derailment,0,MINNEAPOLIS,MN,70,1,Dawn,Clear,Yard,Yard/switching,0,10312,0,26016,H306,45.028313,-93.26892,70.4,72.5,68.8
NS,127393,2017-11-13,7:30 AM,Derailment,0,IRONDALE,AL,58,1,Dawn,Clear,Yard,Yard/switching,9,16619,5324,21943,E99C,33.548905,-86.67801,56.1,53.2,52.2
CSX,000189825,2020-04-22,3:19 PM,Other impacts,0,INDIANAPOLIS,IN,60,3,Dusk,Cloudy,Yard,Single Car,0,1300,0,16569,S016,39.759791,-86.327526,50.3,54.1,54.6
NS,123902,2017-02-08,2:00 PM,Hwy-rail crossing,0,GARY,IN,33,2,Day,Cloudy,Main,,0,0,203932,225652,M302,41.624831,-87.393977,44.3,28.9,18.3
PATH,I090717,2017-09-07,11:30 AM,Other impacts,0,HARRISON,NJ,75,2,Day,Cloudy,Yard,Cut of cars,7,25744,0,25744,H995,40.740874,-74.142944,66.1,65.5,64.3
BNSF,KS1123111,2023-11-23,2:45 AM,Derailment,0,PEABODY,KS,30,4,Dark,Clear,Main,Freight Train,30,72083,0,136010,H019,38.141562,-97.119467,39.9,42.3,31
CSX,000198833,2021-07-13,8:10 PM,Side collision,0,AVON,IN,82,2,Day,Clear,Yard,Yard/switching,9,125000,0,283736,H401,39.759791,-86.327526,74.5,74.4,75.8
UP,0923HL025,2023-09-24,12:15 PM,Derailment,0,KANSAS CITY,MO,78,2,Day,Clear,Yard,Yard/switching,10,18115,219577,478551,T221,39.122008,-94.523465,72.6,73.1,72
NS,127263,2017-11-01,10:30 AM,Derailment,0,SOUTHMONT,NC,65,2,Day,Clear,Yard,Yard/switching,10,30904,78304,295632,H306,35.736022,-80.336566,53.1,56.8,63.2
UP,1222GP024,2022-12-15,12:00 PM,Other impacts,0,NORTH PLATTE,NE,26,2,Day,Cloudy,Yard,Single Car,1,12160,0,12260,M407,41.149075,-100.839292,24.4,23.3,23
SNJX,04072015,2015-04-07,7:19 AM,Other (describe in narrative),0,CAMDEN,NJ,57,1,Dawn,Rain,Main,DMU,0,14820,0,14820,M502,39.95616,-75.083162,57.3,59.1,42.8
IC,969963,2018-08-17,12:30 PM,Hwy-rail crossing,0,SARAH,MS,84,2,Day,Cloudy,Main,Freight Train,38,720,16693,17413,M399,34.569202,-90.209784,83.2,75.4,75.7
ALS,20160901,2016-09-01,9:30 AM,Other impacts,0,EAST ST LOUIS,IL,75,2,Day,Clear,Yard,Yard/switching,7,16700,76,16776,H312,38.586863,-90.13285,75.9,72.3,69.9
NS,138186,2020-06-09,9:50 AM,Derailment,0,JERSEY CITY,NJ,77,2,Day,Clear,Yard,Yard/switching,4,13210,0,13210,H303,40.751,-74.066175,70.4,77.4,76.8
ALS,0224AS014,2024-02-25,9:13 AM,Derailment,0,EAST ST LOUIS,IL,50,2,Day,Clear,Yard,Freight Train,7,7644,0,16877,H503,38.597017,-90.162255,41.2,52.6,58.2
MRL,2018033,2018-03-05,7:15 PM,Derailment,0,DIXON,MT,26,4,Dark,Cloudy,Main,Yard/switching,10,12078,0,12078,E52C,47.912002,-114.295643,30.1,29.2,33.5
KCS,15091003,2015-09-10,2:00 PM,Obstruction,0,CURRYVILLE,MO,88,2,Day,Clear,Main,Spec. MoW Equip.,20,18886,0,72536,H099,39.343239,-91.364782,74.1,73.4,66
BNSF,TC1018107,2018-10-15,10:30 PM,Other impacts,0,MANDAN,ND,35,4,Dark,Clear,Yard,Yard/switching,6,11433,0,11433,H702,46.823467,-100.901167,30.5,37,46.7
UP,0819MA032,2019-08-19,6:13 AM,Hwy-rail crossing,0,MINERAL POINT,MO,71,1,Dawn,Clear,Main,,0,0,99,25758,M302,37.918727,-90.719462,81.4,80.2,77.2
UP,1223GC029,2023-12-28,9:50 AM,Other impacts,0,WESTWEGO,LA,70,2,Day,Clear,Yard,Yard/switching,2,33062,0,76943,H607,29.918033,-90.195305,54.2,49.3,45.4
MCRL,MC220516B,2022-05-16,7:17 PM,Obstruction,0,FALL RIVER,MA,62,3,Dusk,Clear,Main,Freight Train,10,15000,103972,118972,M599,41.743607,-71.128677,63.7,62.2,63.5
ATK,142980,2016-06-23,11:45 PM,Derailment,0,PERRYVILLE,MD,70,4,Dark,Clear,Main,Spec. MoW Equip.,25,40759,0,40759,E4BC,39.56447,-76.049307,75.7,73.4,72.8
NJTR,201908463,2019-08-12,12:45 AM,Other (describe in narrative),0,HOBOKEN,NJ,68,4,Dark,Clear,Yard,Light loco(s),5,12729,0,12729,H999,40.735566,-74.035393,72.8,77.1,75.9
BNSF,NE0215108,2015-02-17,10:56 PM,Derailment,0,LOUISVILLE,NE,13,4,Dark,Clear,Main,Freight Train,35,2137340,1807398,3944738,E61C,40.992559,-96.215812,24.2,20.5,11.3
UP,0817NP033,2017-08-20,5:45 AM,Derailment,0,NORTH PLATTE,NE,72,4,Dark,Cloudy,Yard,Light loco(s),3,55861,2350,58211,E04L,41.148635,-100.806398,73.8,75.3,76.1
BNSF,HL1217104,2017-12-07,12:20 PM,Other impacts,0,BIRMINGHAM,AL,45,2,Day,Cloudy,Yard,Yard/switching,4,78381,0,78381,H020,33.526672,-86.850262,42.4,44.3,33.1
NS,138341,2020-06-25,6:45 PM,Side collision,0,GREENSBORO,NC,87,3,Dusk,Clear,Yard,Single Car,4,27100,0,31650,H309,36.061757,-79.824575,76.7,75.9,76.7
NS,139696,2020-11-10,1:45 PM,Other impacts,0,SHELBYVILLE,KY,72,2,Day,Clear,Yard,Single Car,3,350,500,28847,H318,38.209811,-85.289676,64,68.6,58.5
UP,0219HL033,2019-02-21,2:28 PM,Fire/violent rupture,0,INDEPENDENCE,MO,26,2,Day,Cloudy,Main,Freight Train,0,112714,0,112714,E74L,39.139606,-94.319292,32.8,31.6,33.3
BNSF,SW0723103,2023-07-03,7:00 PM,Other impacts,0,ALBUQUERQUE,NM,95,3,Dusk,Clear,Yard,Yard/switching,4,17285,1898,102822,H318,35.055234,-106.65271,80.9,81.9,84.8
GTW,942222,2017-11-18,7:24 AM,Side collision,0,JOLIET,IL,41,1,Dawn,Rain,Yard,Light loco(s),5,3500,0,22635,H307,41.54033,-88.060288,39.4,41.9,31.8
CSX,000179687,2018-11-05,4:48 PM,Hwy-rail crossing,0,GAITHERSBURG,MD,51,2,Day,Rain,Main,,0,0,8225,27490,M303,39.142157,-77.203077,45.1,50.3,54.1
NS,143021,2021-10-01,4:05 PM,Other impacts,0,GREENSBORO,NC,80,3,Dusk,Clear,Yard,Cut of cars,0,8500,0,29126,H318,36.062079,-79.821037,67.9,65.2,68.9
BNSF,HL0923202,2023-09-13,1:17 AM,Hwy-rail crossing,0,DAWSON,NE,69,4,Dark,Clear,Main,Freight Train,30,1000,57520,58520,M308,40.12655,-95.83064,63.5,63.7,66.9
UP,0920GP027,2020-09-17,8:15 PM,Other (describe in narrative),0,NORTH PLATTE,NE,72,4,Dark,Clear,Yard,Single Car,0,33297,0,33297,M411,41.149263,-100.808597,62.2,58.9,64.1
CSX,000215253,2023-12-28,6:48 AM,Hwy-rail crossing,0,VALPARAISO,IN,55,1,Dawn,Rain,Main,Freight Train,30,5690,41791,47481,M310,41.575867,-87.124436,35.5,40.4,36.7
CSX,000190818,2020-06-16,4:49 AM,Obstruction,0,WADE,NC,60,1,Dawn,Cloudy,Main,,0,0,0,11933,M404,35.155873,-78.745617,61.8,62.1,67.6
BNSF,HL1016125,2016-10-31,4:10 AM,Derailment,0,LINCOLN,NE,50,4,Dark,Clear,Yard,Freight Train,8,500,53474,53974,H995,40.807902,-96.778548,49.9,58.7,60.6
UP,0815LK005,2015-08-02,3:30 PM,Derailment,0,SHREVEPORT,LA,102,2,Day,Cloudy,Yard,Yard/switching,4,19931,2056,21987,T212,32.44751,-93.801998,83.3,83.5,85.3
BNSF,RD0818111,2018-08-11,2:30 AM,Derailment,0,LAFAYETTE,LA,75,4,Dark,Cloudy,Yard,Yard/switching,6,15321,9000,24321,H704,30.234922,-92.055359,78.5,78.7,83.4
BNSF,TC0715119,2015-07-30,9:24 AM,Other impacts,0,FRIDLEY,MN,80,2,Day,Clear,Yard,Yard/switching,2,13720,0,13720,M411,45.037053,-93.271567,75.2,76.3,75.3
ATK,171545,2022-08-03,5:45 PM,Obstruction,0,DOWAGIAC,MI,72,2,Day,Rain,Main,Passenger Train - Pulling,84,19421,0,19421,M404,42.022954,-86.067707,75.4,78.1,76.4
NS,133421,2019-04-01,11:45 PM,Derailment,0,WENTZVILLE,MO,72,4,Dark,Clear,Industry,Yard/switching,6,300,12361,12661,H303,38.812783,-90.836192,37.5,41.5,49.8
BNSF,TC0621204,2021-06-29,5:53 AM,Hwy-rail crossing,0,DAKOTA CITY,NE,60,1,Dawn,Fog,Main,Freight Train,39,111597,0,111597,M302,42.37905,-96.4493,72.5,73.2,73.1
ATK,151874,2018-02-06,5:50 AM,Other (describe in narrative),0,HAVRE DE GRACE,MD,30,1,Dawn,Cloudy,Main,Passenger Train - Pulling,124,128374,0,128374,E59C,39.549279,-76.091617,31.1,30.1,32.9
IC,921033,2017-04-30,9:43 AM,Rear end collision,1,MONEY,MS,55,2,Day,Rain,Main,Freight Train,0,1820909,0,4416059,H605,33.650755,-90.208319,80.4,71.5,62.7
TZPR,TZP191619O,2019-09-29,6:45 PM,Derailment,0,CREVE COEUR,IL,84,3,Dusk,Clear,Main,,0,0,49971,50607,E46C,40.658655,-89.604622,68.3,70.2,76.3
CSX,000155865,2016-01-10,12:20 PM,Derailment,0,COLUMBUS,OH,19,2,Day,Snow,Yard,Yard/switching,7,290961,25000,315961,H702,39.970628,-83.015089,47.1,33.1,15.5
CSX,000149420,2015-07-19,8:15 AM,Derailment,0,INDIANAPOLIS,IN,75,2,Day,Clear,Yard,Freight Train,3,9818,1250,11068,H702,39.756183,-86.214116,79.5,79.5,77.9
BNSF,CH0421104,2021-04-08,9:20 AM,Side collision,0,GALESBURG,IL,50,2,Day,Cloudy,Yard,Yard/switching,0,32600,0,59263,H307,40.906757,-90.386408,60,49.1,50.9
UP,0220PR026,2020-02-26,4:15 PM,Derailment,0,MELROSE PARK,IL,28,2,Day,Cloudy,Yard,Yard/switching,4,5210,7460,12670,M410,41.923811,-87.914218,36.7,29.5,27.1
CPKC,23080101,2023-08-01,4:14 PM,Hwy-rail crossing,0,BELTON,MO,93,2,Day,Clear,Main,Freight Train,50,21310,2910,24220,M305,38.788608,-94.58638,74.4,81.1,80.7
GRYR,GR180131A,2018-01-31,10:35 PM,Other (describe in narrative),0,TILLATOBA,MS,49,4,Dark,Clear,Main,Freight Train,10,27000,0,27000,E79L,33.984561,-89.896063,34,47.2,50.4
ATK,139330,2015-09-21,12:50 PM,Obstruction,0,RED HOOK,NY,85,2,Day,Clear,Main,Passenger Train - Pulling,59,25297,0,126987,H402,41.932837,-73.944683,66.5,59.3,60.1
UP,0519PR019,2019-05-09,3:00 AM,Other (describe in narrative),0,MELROSE PARK,IL,65,4,Dark,Cloudy,Yard,Single Car,4,17766,33,17799,M408,41.899459,-87.908061,55.3,58.7,49.2
MQT,MQT645818H,2018-04-26,7:45 AM,Fire/violent rupture,0,GRANT,MI,29,1,Dawn,Clear,Main,Freight Train,0,42000,0,42000,E79L,43.350792,-85.811594,47.3,47.3,44.5