reportingrailroadcode,accidentnumber,date,time,accidenttype,hazmatreleasedcars,station,stateabbr,temperature,visibility_code,visibility,weathercondition,tracktype,equipmenttype,trainspeed,equipmentdamagecost,trackdamagecost,totaldamagecost,primaryaccidentcausecode,latitude,longitude,prior_temp,actual_temp,following_temp
BNSF,HL0523202,2023-05-17,3:00 PM,Hwy-rail crossing,0,LOUISIANA,MO,76,2,Day,Clear,Main,Freight Train,30,15088,0,15088,M308,39.436813,-91.031446,63.6,65.3,67.9
ATK,157253,2019-01-19,12:20 PM,Obstruction,0,BROOKHAVEN,MS,63,2,Day,Cloudy,Main,Passenger Train - Pulling,68,19119,0,19119,M404,31.649439,-90.416885,60.1,55.3,37.3
NS,114206,2015-02-05,11:44 AM,Other impacts,0,ELIZABETH,NJ,29,2,Day,Cloudy,Yard,Yard/switching,3,3325,250,40275,H704,40.660066,-74.181245,30.3,28.5,18
UP,1220MA031,2020-12-29,10:14 AM,Derailment,0,CHESTER,IL,30,2,Day,Cloudy,Siding,Freight Train,12,24776,111668,136444,H706,37.88139,-89.785491,35.4,33,42
CSX,000211508,2023-05-26,8:00 PM,Derailment,0,NEWARK,NJ,70,3,Dusk,Clear,Yard,Freight Train,4,33892,0,33892,H702,40.714239,-74.144451,61.1,64.8,67.4
CSX,000144214,2015-04-04,11:18 PM,Hwy-rail crossing,0,BANKS,AL,70,4,Dark,Clear,Main,Freight Train,39,20980,494,21474,M302,31.793715,-85.824943,71.2,65.5,61.1
UP,0619GL035,2019-06-06,2:30 PM,Other (describe in narrative),0,MINNEAPOLIS,MN,90,2,Day,Clear,Main,Light loco(s),15,0,0,21700,H702,44.992512,-93.250636,72.2,73,79.3
CRSH,137693,2020-04-08,9:34 AM,Derailment,0,ELIZABETH,NJ,60,2,Day,Cloudy,Industry,Yard/switching,6,14493,0,14493,M101,40.674145,-74.154897,57.5,58.2,51.8
NIRC,9419002084,2024-03-25,3:23 AM,Other impacts,0,CHICAGO,IL,46,4,Dark,Clear,Yard,EMU,3,15706,5146,20852,H307,41.88437,-87.62377,40.7,54.7,47.8
IMRR,IMR487320O,2020-07-14,8:35 PM,Derailment,0,SPRINGFIELD,IL,80,3,Dusk,Clear,Yard,,0,0,1080,19700,E46L,39.815549,-89.634333,74,76.9,75.8
BNSF,SW0722104,2022-07-15,12:06 PM,Derailment,0,CLOVIS,NM,97,2,Day,Clear,Yard,Yard/switching,8,24702,238388,263090,H525,34.399032,-103.230528,83.2,83.8,83.4
UP,0219RM035,2019-02-28,2:10 AM,Other impacts,0,GREEN RIVER,WY,29,4,Dark,Cloudy,Yard,Cut of cars,0,6152,0,24587,H318,41.52423,-109.462633,30.4,32.2,27.3
BNSF,PR0117110,2017-01-14,4:30 AM,Derailment,0,DECKER,MT,-6,1,Dawn,Clear,Industry,Freight Train,8,173718,161000,334718,E66C,45.004083,-106.824782,4.9,7.7,13
KAW,231129006,2023-11-29,5:00 PM,Side collision,0,KANSAS CITY,KS,40,3,Dusk,Clear,Industry,Yard/switching,6,5000,6000,59663,H607,39.077553,-94.635735,33.2,41.9,48.8
NS,127214,2017-10-28,4:45 PM,Derailment,0,BIRMINGHAM,AL,50,3,Dusk,Clear,Main,Freight Train,5,2496,11202,13698,E61C,33.519411,-86.791682,62.3,49,44
BNSF,CH0416103,2016-04-11,7:54 PM,Derailment,0,CHICAGO,IL,39,3,Dusk,Clear,Main,Freight Train,5,25875,86158,112033,H504,41.843907,-87.748451,41.4,48,39.6
BNSF,HL0817107,2017-08-11,10:24 AM,Derailment,0,BIRMINGHAM,AL,82,2,Day,Cloudy,Yard,Yard/switching,5,25047,8500,33547,H525,33.535779,-86.831382,78.9,76.9,81
NOPB,D20180622T,2018-06-22,6:30 PM,Side collision,0,NEW ORLEANS,LA,90,3,Dusk,Clear,Yard,Freight Train,9,150000,0,369760,H607,29.91547,-90.117001,86.2,86.2,87.3
BNSF,PR0321102,2021-03-10,12:32 PM,Derailment,0,ALLIANCE,NE,50,2,Day,Cloudy,Yard,Light loco(s),3,36000,500,36500,H306,42.092648,-102.873466,45.6,30.2,25.9
BNSF,RD1120115,2020-11-18,1:45 PM,Other impacts,0,LACASSINE,LA,72,2,Day,Clear,Yard,Freight Train,6,20339,0,20339,H318,30.237811,-92.958672,57.4,57.5,62.6
UP,0522GP012,2022-05-13,12:00 PM,Other (describe in narrative),0,NORTH PLATTE,NE,70,2,Day,Clear,Yard,Single Car,0,35410,0,35410,M411,41.143707,-100.795495,75.1,60.2,61.6
CRSH,146703,2023-01-11,7:56 PM,Derailment,0,DETROIT,MI,41,3,Dusk,Clear,Main,Freight Train,5,3423,45696,49119,H514,42.392408,-83.047721,34.2,37.9,40.5
CSX,000192193,2020-08-23,9:26 PM,Other impacts,0,AVON,IN,70,4,Dark,Clear,Yard,Single Car,10,8093,0,26519,H316,39.758609,-86.338974,74.6,75.7,79.2
MNCW,2017120404,2017-12-04,3:48 AM,Derailment,0,PORT JERVIS,NY,32,4,Dark,Fog,Yard,,0,0,819,20766,H607,41.37511,-74.69498,33.2,32,49.9
BNSF,HL0819126,2019-08-23,5:40 AM,Derailment,0,WILLOW SPRINGS,MO,70,1,Dawn,Rain,Siding,Freight Train,8,100,26183,26283,H303,36.976655,-91.954872,73.7,73.6,68
BNSF,CH0916106,2016-09-13,2:09 AM,Derailment,0,LOCKPORT,IL,61,4,Dark,Clear,Industry,Maint./inspect Car,0,75000,0,78000,H306,41.591016,-88.06094,66,71,68
UP,0318PR002,2018-03-02,5:40 PM,Other impacts,0,MELROSE PARK,IL,38,3,Dusk,Cloudy,Yard,Single Car,0,852,0,173289,M411,41.900086,-87.907171,39.4,37.3,37.3
CSX,000201807,2021-12-10,11:50 PM,Derailment,0,MADISONVILLE,KY,70,4,Dark,Rain,Main,Freight Train,0,1374982,48,1375030,M102,37.259198,-87.495459,49.5,63.8,49.4
WC,855539,2015-06-16,12:01 PM,Broken train collision,0,GARY,IN,65,2,Day,Clear,Yard,Yard/switching,3,19677,1797,21474,H503,41.6226,-87.383265,73.9,64.4,63.3
UP,1223GC020,2023-12-20,1:45 AM,Other impacts,0,LOTTIE,LA,46,4,Dark,Clear,Yard,Yard/switching,10,27080,0,35469,S016,30.524144,-91.55443,44.5,50,55
EVWR,E2020MAR1D,2020-03-29,3:30 AM,Derailment,0,MCLEANSBORO,IL,50,4,Dark,Cloudy,Main,Freight Train,24,7047,40949,47996,E53C,38.119667,-88.451643,70.2,60.1,54.3
BNSF,CH1221105,2021-12-26,6:41 AM,Derailment,0,BARING,MO,34,1,Dawn,Clear,Main,Freight Train,38,3209920,500000,3709920,H504,40.214,-92.253297,43.5,38.1,41
AZER,AZE107922D,2022-06-14,2:30 PM,Derailment,0,LORDSBURG,NM,95,2,Day,Clear,Yard,Yard/switching,4,9000,6000,15000,H704,32.359439,-108.749148,83.6,79.5,81.1
CSX,000174356,2018-01-29,12:02 AM,Derailment,0,GOLDSBORO,NC,40,4,Dark,Cloudy,Yard,Freight Train,5,22641,1820,24461,H702,35.361254,-78.006725,56.7,49.1,37.9
BNSF,SW1022105,2022-10-12,9:46 AM,Derailment,0,FORT SUMNER,NM,70,2,Day,Clear,Main,Freight Train,54,12022,26500,38522,E33C,34.397062,-104.413288,62.4,61.1,56.4
MRL,2017079,2017-06-29,12:10 AM,Derailment,0,ALBERTON,MT,59,4,Dark,Cloudy,Main,Freight Train,34,195000,192000,387000,E24C,47.013,-114.591,65.8,65.9,66.3
BNSF,CH0624101,2024-06-03,11:00 PM,Other (describe in narrative),0,HARDIN,MO,68,4,Dark,Rain,Main,Freight Train,3,63797,0,63797,H302,39.238365,-93.918023,73.1,75.9,74.7
BNSF,TC1116108,2016-11-26,7:30 PM,Other (describe in narrative),0,FRIDLEY,MN,40,3,Dusk,Rain,Yard,Light loco(s),4,0,35000,35000,H706,45.047041,-93.272332,34,34.1,34.6
NS,146312,2022-08-29,1:00 AM,Other impacts,0,LEXINGTON,NC,72,4,Dark,Clear,Yard,Single Car,0,434,0,11964,H312,35.750594,-80.318289,77.3,78,75.4
CSX,000192423,2020-09-02,4:16 PM,Derailment,0,PORT ELIZABETH,NJ,78,2,Day,Cloudy,Main,Freight Train,2,21500,0,29650,H524,40.714239,-74.144451,73.1,77.3,79.1
UP,0817TC025,2017-08-21,3:25 PM,Derailment,0,MINNEAPOLIS,MN,70,2,Day,Cloudy,Yard,,0,0,31968,37336,H511,44.982941,-93.228287,73.9,70,67.2
GDLK,220411006,2022-04-11,3:40 PM,Other impacts,0,KALAMAZOO,MI,45,2,Day,Clear,Main,Single Car,5,50000,0,170500,H021,42.272279,-85.548652,44.5,56.1,54
BNSF,KS0215203,2015-02-25,8:39 AM,Hwy-rail crossing,0,WICHITA,KS,38,1,Dawn,Clear,Main,Freight Train,26,15000,0,15000,M302,37.671673,-97.328207,29.6,36.7,19.1
NIRC,9419000785,2022-04-19,10:36 AM,Other impacts,0,CHICAGO,IL,40,2,Day,Cloudy,Yard,Yard/switching,5,13455,2702,16157,H999,41.89253,-87.69494,37.8,42.6,48.2
KCS,21043001,2021-04-30,12:15 PM,Obstruction,0,MANY,LA,75,2,Day,Rain,Main,Spec. MoW Equip.,4,0,0,13200,H402,31.563096,-93.482883,68.3,67.9,69.4
GRS,20210811N1,2021-08-11,4:56 PM,Obstruction,0,NORTH BERWICK,ME,87,2,Day,Cloudy,Main,,0,0,0,14324,M404,43.286594,-70.752922,67.2,75.9,82.7
NS,142603,2021-08-19,11:23 PM,Derailment,0,CHARLOTTE,NC,75,4,Dark,Clear,Yard,Freight Train,4,40,11980,12020,H506,35.228063,-80.852618,79.5,80.7,80.2
KCS,21022801,2021-02-28,1:15 PM,Rear end collision,0,ALEXANDRIA,LA,80,2,Day,Clear,Yard,Yard/switching,8,0,0,73498,H210,31.188641,-92.341059,71.3,73.2,59.5
UP,0519RM007,2019-05-03,1:30 PM,Derailment,0,GRANITE CANON,WY,44,2,Day,Clear,Main,Freight Train,38,22976,165350,188326,E61C,41.11239,-105.274331,39.6,46.7,49.3
UP,0917NP026,2017-09-16,2:20 AM,Derailment,0,NORTH PLATTE,NE,60,4,Dark,Clear,Yard,Light loco(s),5,56384,850,57234,H702,41.145239,-100.833563,72.4,58.5,55.7
CSX,000174785,2018-02-16,10:15 PM,Derailment,0,MONTGOMERY,AL,60,4,Dark,Clear,Yard,Yard/switching,4,18112,50,18162,H702,32.396609,-86.307767,67.6,69.3,67.1
NS,120306,2016-04-29,1:45 AM,Derailment,0,CHICAGO,IL,62,4,Dark,Rain,Yard,Yard/switching,4,147500,500,148000,H514,41.795348,-87.635316,46.4,45.7,46.3
NS,157264,2024-07-04,12:37 AM,Derailment,0,BALTIMORE,MD,85,4,Dark,Clear,Yard,Yard/switching,5,12650,2625,15275,M599,39.287421,-76.559359,77.2,80.8,84.8
KCS,19010901,2019-01-09,1:00 PM,Other impacts,0,PEARL,MS,57,2,Day,Clear,Yard,Yard/switching,4,14440,0,24186,H318,32.25576,-90.145661,63.4,48.4,41.3
BNSF,TC0815106,2015-08-14,10:50 PM,Derailment,0,MINNEAPOLIS,MN,78,4,Dark,Clear,Yard,Freight Train,10,25000,197084,222084,H506,45.028251,-93.267846,77.8,81,81.4
UP,0720PR015,2020-07-14,4:35 PM,Derailment,0,CHICAGO,IL,84,2,Day,Cloudy,Yard,Yard/switching,10,35453,99,35552,H307,41.860743,-87.684427,73.5,77.2,77.7
UP,0517CB018,2017-05-22,2:00 PM,Obstruction,0,OMAHA,NE,80,2,Day,Clear,Main,Spec. MoW Equip.,5,100,0,27326,M402,41.22151,-96.077926,54.1,61.3,53.9
UP,0920GC034,2020-09-26,4:55 PM,Other impacts,0,MARINGOUIN,LA,81,2,Day,Clear,Yard,Single Car,3,10104,0,22084,M411,30.527573,-91.555702,70.1,73,75.7
BNSF,NE0616200,2016-06-13,5:00 PM,Hwy-rail crossing,0,ASHLAND,NE,85,3,Dusk,Clear,Main,Maint./inspect Car,25,11000,0,11000,M302,41.09962,-96.3556,84.6,80.3,81.3
WC,979925,2018-11-25,5:45 PM,Derailment,0,GARY,IN,40,4,Dark,Rain,Yard,Yard/switching,9,26048,44774,70822,H702,41.61335,-87.35631,44.1,38.9,29.9
WC,1142201,2023-12-06,9:40 PM,Side collision,0,GARY,IN,39,4,Dark,Cloudy,Yard,Single Car,3,10200,0,30200,M411,41.628486,-87.412,35.2,34.4,42.3
BNSF,CH0421104,2021-04-08,9:20 AM,Side collision,0,GALESBURG,IL,50,2,Day,Cloudy,Yard,Yard/switching,4,23663,3000,59263,H307,40.906757,-90.386408,60,49.1,50.9
BNSF,MT0717105,2017-07-11,5:45 PM,Derailment,0,MALTA,MT,90,3,Dusk,Clear,Main,Freight Train,41,23269,141908,165177,M105,48.431819,-107.514123,82.6,71.3,67.9
LI,GR20161101,2016-11-06,5:33 PM,Hwy-rail crossing,0,CENTRAL ISLIP,NY,50,4,Dark,Cloudy,Main,EMU,62,0,37879,37879,M303,40.790337,-73.201703,47.8,50.8,43.6
BNSF,KS0115118,2015-01-23,4:50 AM,Raking collision,0,KANSAS CITY,KS,29,1,Dawn,Clear,Yard,Yard/switching,3,40995,0,48995,H607,39.082295,-94.69106,33.9,35.9,44.7
GTW,1115267,2022-08-29,4:30 PM,Obstruction,0,DELTA TOWNSHIP,MI,70,2,Day,,Main,Freight Train,10,0,17000,17000,M402,42.661525,-84.696315,74,73.9,71.2
UP,0819HL008,2019-08-06,7:13 PM,Derailment,0,STRASBURG,MO,84,3,Dusk,Clear,Main,Freight Train,33,200,44016,44216,H504,38.758127,-94.125216,78.1,81.2,74.7
BNSF,TC0615119,2015-06-12,3:00 PM,Other (describe in narrative),0,BELLINGHAM,MN,90,2,Day,Clear,Main,Spec. MoW Equip.,10,15000,0,15000,H997,45.133782,-96.285877,65.5,66.5,69.2
UP,1218GP010,2018-12-04,11:00 PM,Derailment,0,NORTH PLATTE,NE,14,4,Dark,Cloudy,Yard,Yard/switching,4,8436,17216,25652,M411,41.146414,-100.835904,23.8,25.8,20.8
BNSF,NW1116110,2016-11-16,9:50 PM,Derailment,0,SANDPOINT,ID,36,4,Dark,Cloudy,Main,Freight Train,24,1359,275000,276359,E61C,48.237358,-116.524562,43.2,36.3,34
BRC,14111,2018-05-15,4:30 PM,Derailment,0,BEDFORD PARK,IL,70,2,Day,Clear,Yard,Freight Train,3,9820,2000,11820,M405,41.767123,-87.764518,65.2,62.8,64.6
CSX,000177958,2018-05-21,6:40 AM,Fire/violent rupture,0,FAYETTEVILLE,NC,72,1,Dawn,Cloudy,Main,,0,0,97,21328,M406,35.057002,-78.883971,76.1,77.9,78.5
NS,124040,2017-02-20,1:41 PM,Other impacts,0,DURHAM,NC,67,2,Day,Clear,Industry,Freight Train,4,27600,0,33900,H302,35.979893,-78.879412,58.4,56.4,54
UP,1121HL007,2021-11-14,8:11 AM,Other impacts,0,PARSONS,KS,39,2,Day,Clear,Yard,Yard/switching,3,11565,1060,59960,H306,37.362987,-95.275673,39.1,45.4,53.5
UP,1123GP034,2023-11-27,3:22 PM,Other impacts,0,NORTH PLATTE,NE,40,2,Day,Clear,Yard,Single Car,0,29369,0,32766,M407,41.147137,-100.830229,21.6,21.8,25.9
NOPB,D20170329T,2017-03-29,4:30 AM,Other impacts,0,NEW ORLEANS,LA,55,4,Dark,Clear,Yard,Cut of cars,2,20000,1000,21000,H999,29.915546,-90.118758,76.9,75.9,69.4
UP,0517CB018,2017-05-22,2:00 PM,Obstruction,0,OMAHA,NE,80,2,Day,Clear,Main,Freight Train,12,27226,0,27326,M402,41.22151,-96.077926,54.1,61.3,53.9
CRSH,146742,2023-04-17,9:14 AM,Hwy-rail crossing,0,NEWARK,NJ,68,2,Day,Cloudy,Main,,0,0,12349,13718,M304,40.709173,-74.145171,63.1,60.2,53
BNSF,TC0519110,2019-05-20,7:10 AM,Derailment,0,STEELE,ND,41,1,Dawn,Clear,Main,Freight Train,45,10344,2000,12344,E34C,46.856741,-99.884954,43.7,48.8,51.5
NJTR,202312549,2023-11-21,11:55 AM,Derailment,0,NEW YORK NEW YORK,NY,48,2,Day,Cloudy,Main,Commuter Train - Pushing,5,85960,0,85960,E49C,40.750477,-73.994749,41,41.4,51.7
KCS,19052202,2019-05-22,5:20 PM,Derailment,0,KANSAS CITY,MO,75,2,Day,Cloudy,Yard,,0,0,9207,18745,H702,39.125687,-94.502068,56.9,66.3,67.3
ATK,155849,2018-10-15,9:04 PM,Other (describe in narrative),0,BALTIMORE,MD,57,4,Dark,Clear,Main,,0,0,32784,32784,H702,39.284749,-76.620475,52,63.2,57.6
UP,0815KC006,2015-08-10,3:42 PM,Derailment,0,KANSAS CITY,MO,95,2,Day,Clear,Yard,Yard/switching,10,17642,38363,56005,H506,39.12295,-94.516446,84.4,82.5,77.6
CSX,000205088,2022-05-22,9:29 AM,Side collision,0,RIVERDALE,IL,58,2,Day,Clear,Yard,Cut of cars,4,73000,0,73310,H702,41.649857,-87.631209,58.8,56.6,53.6
UP,0219RM035,2019-02-28,2:10 AM,Other impacts,0,GREEN RIVER,WY,29,4,Dark,Cloudy,Yard,Yard/switching,2,17445,990,24587,H318,41.52423,-109.462633,30.4,32.2,27.3
UP,0723HL010,2023-07-09,8:00 AM,Derailment,0,LEXINGTON,MO,61,2,Day,Clear,Main,Freight Train,30,10175,4500,14675,E53C,39.192667,-93.882441,68.5,70.7,74.2
CSX,000203163,2022-02-17,11:07 AM,Hwy-rail crossing,0,SHEPHERDSVILLE,KY,62,2,Day,Rain,Main,Freight Train,39,2769,21141,23910,M302,38.061273,-85.710178,58,55.8,30.8
CSX,000206965,2022-08-30,9:35 AM,Derailment,0,MONROE,NC,79,2,Day,Fog,Yard,Freight Train,5,178108,4072,182180,H704,34.984837,-80.548089,77.8,76.2,78.9
IANR,CRD0609171,2017-06-09,5:45 AM,Derailment,0,CEDAR RAPIDS,IA,58,1,Dawn,Clear,Yard,Freight Train,2,82000,0,82000,H505,41.930493,-91.683038,70.4,75.8,77.8
CSX,000200670,2021-10-14,6:55 AM,Rear end collision,0,HAMLET,NC,70,1,Dawn,Clear,Yard,Yard/switching,2,12460,0,138559,H306,34.925491,-79.646587,67.2,71.1,70.8
UP,0819RM002,2019-08-03,5:00 PM,Derailment,0,GREEN RIVER,WY,90,2,Day,Cloudy,Yard,Cut of cars,0,104257,0,114246,E07C,41.519489,-109.447917,70.4,73.5,72
UP,0122GC055,2022-01-12,9:00 PM,Other impacts,0,MARINGOUIN,LA,44,4,Dark,Clear,Yard,Freight Train,0,22836,0,23238,H306,30.530387,-91.557119,46,49.4,50.8
GDLK,220411006,2022-04-11,3:40 PM,Other impacts,0,KALAMAZOO,MI,45,2,Day,Clear,Industry,Yard/switching,5,120500,0,170500,H021,42.272279,-85.548652,44.5,56.1,54
CSX,000173606,2017-12-21,3:30 PM,Other impacts,0,CUMBERLAND,MD,41,2,Day,Clear,Yard,Spec. MoW Equip.,2,60000,0,116462,H997,39.644504,-78.760839,43.6,34.8,39.2
BNSF,SW0723204,2023-07-29,11:55 AM,Hwy-rail crossing,0,HAGERMAN,NM,92,2,Day,Clear,Main,Freight Train,45,13257,300,13557,M302,33.153942,-104.340405,87.6,87.4,85.5
CP,1001543600,2021-08-09,7:36 PM,Other impacts,0,BENSENVILLE,IL,75,3,Dusk,Rain,Yard,Light loco(s),14,51075,120,51315,H306,41.950989,-87.914855,81,75.1,80.4
UP,0217CB017,2017-02-28,5:16 AM,Fire/violent rupture,0,CENTRAL CITY,NE,37,1,Dawn,Clear,Main,Freight Train,50,21340,0,21340,E74L,41.094286,-98.039475,38.6,38.4,33.4
UP,0819PR033,2019-08-12,9:21 AM,Other (describe in narrative),0,NORTHLAKE,IL,78,2,Day,Cloudy,Yard,Single Car,0,41654,0,41654,M507,41.891328,-87.871617,74.9,75.5,75.1
CSX,000177151,2018-06-22,4:29 PM,Derailment,0,ROCKY MOUNT,NC,98,2,Day,Clear,Yard,Yard/switching,3,16570,1322,17892,E39C,35.918853,-77.804447,82.2,82.8,81.4
ATK,180820,2024-06-21,11:10 AM,Other (describe in narrative),0,BOSTON,MA,0,2,Day,Clear,Main,Passenger Train - Pulling,0,13341,0,13341,E78L,42.34695,-71.065383,83.6,72.3,65
CSX,000149707,2015-07-25,1:05 AM,Other impacts,0,AVON,IN,73,4,Dark,Cloudy,Yard,Cut of cars,15,24333,0,24333,M407,39.759342,-86.347116,75.3,76.9,78.3
BNSF,TC0319115,2019-03-13,3:20 PM,Derailment,0,FRIDLEY,MN,37,2,Day,Rain,Yard,Freight Train,4,35387,8000,43387,H702,45.058872,-93.271921,28.6,38.6,39.4
ARR,2023202,2023-11-26,4:15 PM,Other (describe in narrative),0,EIELSON,AK,12,4,Dark,Clear,Yard,Yard/switching,9,0,0,0,M308,64.828,-147.663,8.6,13.2,17.8
ATK,151033,2017-12-19,8:20 AM,Hwy-rail crossing,0,GLENDORA,MS,50,2,Day,Cloudy,Main,Passenger Train - Pulling,79,24958,0,24983,M302,34.014233,-90.281499,49,57.1,57.5
BNSF,TC0619103,2019-06-07,1:15 AM,Derailment,0,MANDAN,ND,50,4,Dark,Clear,Yard,Yard/switching,4,9787,1500,11287,H607,46.824874,-100.885429,70.4,77.1,56.5
NS,153543,2023-07-07,1:05 AM,Other impacts,0,PRINCETON,IN,70,4,Dark,Clear,Industry,Freight Train,9,130000,3000,133000,H702,38.334975,-87.523604,77.6,77.1,76.6
BNSF,PR0915120,2015-09-08,3:42 PM,Obstruction,0,BALLANTINE,MT,75,2,Day,Clear,Main,Spec. MoW Equip.,8,72000,0,72000,H402,45.951704,-108.123883,58.9,61.3,65.4
BNSF,CH0416107,2016-04-17,5:44 AM,Derailment,0,GALESBURG,IL,52,1,Dawn,Clear,Main,Freight Train,11,25126,0,25126,E27C,40.980357,-90.327218,66.5,67.5,67.8
BNSF,RD1021203,2021-10-08,8:00 AM,Hwy-rail crossing,0,RACELAND,LA,75,1,Dawn,Clear,Main,Maint./inspect Car,13,70000,0,70000,M302,29.749769,-90.626545,77,77.1,76.2
BNSF,TC0223111,2023-02-14,1:04 AM,Derailment,0,WILLMAR,MN,32,4,Dark,Clear,Yard,Freight Train,5,21034,140000,161034,E64C,45.12359,-95.045712,27.4,35.6,14
CRSH,139055,2020-09-02,4:00 PM,Derailment,0,NEWARK,NJ,82,3,Dusk,Cloudy,Main,,0,0,8150,29650,H524,40.709743,-74.148634,73.1,76,78.5
CSX,000155821,2016-01-07,3:38 AM,Side collision,0,NEW ORLEANS,LA,44,4,Dark,Clear,Yard,Freight Train,0,222776,0,242977,H607,30.005989,-90.019451,54.9,54.9,58.1
KCS,17051101,2017-05-11,5:50 AM,Other impacts,0,KANSAS CITY,MO,65,4,Dark,Cloudy,Yard,,0,0,8035,11903,H602,39.1289,-94.519299,73.5,66.2,66.2
NIRC,9419000691,2022-02-12,9:45 AM,Hwy-rail crossing,0,CHICAGO,IL,15,2,Day,Clear,Main,EMU,25,17075,3677,20752,M304,41.75731,-87.55818,37.5,19.5,16
UP,0818NP011,2018-08-05,5:10 PM,Other impacts,0,NORTH PLATTE,NE,76,2,Day,Cloudy,Yard,Yard/switching,0,11159,0,18717,H307,41.148049,-100.804333,75.8,74.9,71.6
CSX,000170434,2017-07-21,11:02 PM,Derailment,0,BIRMINGHAM,AL,85,4,Dark,Clear,Yard,Yard/switching,8,300908,92678,393586,E34C,33.543607,-86.790089,83.3,86.2,83.5
UP,0723MA006,2023-07-01,4:41 PM,Derailment,0,WASHINGTON,MO,74,2,Day,Cloudy,Main,,0,0,198568,198568,M404,38.602553,-91.090981,81.8,77.4,73.5
UP,1023GL009,2023-10-11,9:33 AM,Hwy-rail crossing,0,SILVER CREEK,NE,55,2,Day,Clear,Main,Freight Train,66,12502,0,12502,M399,41.327396,-97.637175,52.8,58.5,59
ARR,2023219,2023-12-24,7:00 PM,Hwy-rail crossing,0,ANCHORAGE,AK,20,4,Dark,Snow,Main,Spec. MoW Equip.,15,30751,0,30751,H402,61.1267,-149.8701,26.1,24.3,15.6
BRC,14397,2020-09-20,12:02 PM,Raking collision,0,BEDFORD PARK,IL,68,2,Day,Clear,Yard,Yard/switching,6,319153,0,2142153,H306,41.768143,-87.774453,55.7,61.1,64.1
NOPB,D20210907T,2021-09-07,9:50 PM,Derailment,0,NEW ORLEANS,LA,70,4,Dark,Clear,Yard,Yard/switching,4,15000,0,15000,H307,29.915512,-90.107472,80.1,80.4,81.1
ATK,142463,2016-05-18,6:11 PM,Hwy-rail crossing,0,FLORA,MS,75,2,Day,Cloudy,Main,Passenger Train - Pulling,67,22657,0,23450,M302,32.449314,-90.121468,68.3,66.5,70.5
BNSF,SW1214103,2014-12-09,11:50 AM,Derailment,0,CLOVIS,NM,54,2,Day,Clear,Yard,Yard/switching,8,11900,156969,168869,H607,34.4125,-103.204611,47.2,45.9,49.5
NS,123807,2017-02-02,3:08 AM,Derailment,0,SOUTH BEND,IN,17,4,Dark,Clear,Main,,0,0,9500,16355,E33C,41.679089,-86.290822,32.9,19.7,20.1
MBTA,202337,2023-04-04,7:08 AM,Other (describe in narrative),0,BOSTON,MA,45,1,Dawn,Clear,Main,Passenger Train - Pulling,36,20763,0,20763,M404,42.356433,-71.133972,42.6,47.9,43.3
IC,1056419,2020-12-10,12:10 AM,Side collision,0,CAIRO,IL,60,4,Dark,Clear,Yard,Yard/switching,9,55126,0,114582,H306,37.021711,-89.184162,43.9,46.8,54.2
CMR,06252015,2015-06-25,11:30 AM,Side collision,0,OLIVETTE,MO,80,2,Day,Clear,Yard,Freight Train,0,5808,2800,13746,H307,38.68424,-90.38059,77.8,81,74.4
CSS,CSS00049F,2023-12-05,9:48 AM,Derailment,0,MICHIGAN CITY,IN,37,2,Day,Rain,Industry,Freight Train,10,3543,45320,95946,H303,41.71287,-86.861144,36.4,34.3,34.2
UP,0319HL018,2019-03-07,10:45 AM,Derailment,0,JAMESPORT,MO,29,2,Day,Cloudy,Siding,Cut of cars,0,25864,0,25864,M201,39.93264,-93.754342,23,31.6,35.4
NJTR,202201059,2022-01-18,11:16 AM,Hwy-rail crossing,0,MT OLIVE,NJ,35,2,Day,Clear,Main,Commuter Train - Pulling,36,11355,22252,33607,M399,40.909956,-74.744203,36.1,30.8,33.6
IC,950110,2018-02-13,5:35 PM,Other impacts,0,JACKSON,MS,60,2,Day,Clear,Yard,Freight Train,4,11000,25,11025,H020,32.317564,-90.190142,39.4,54,66.2
BNSF,PR0823101,2023-08-01,3:00 AM,Derailment,0,ALLIANCE,NE,87,4,Dark,Rain,Yard,Yard/switching,4,83018,154,83172,H318,42.08097,-102.891124,73.9,75.4,73.2
NS,126759,2017-09-24,3:00 PM,Derailment,0,MOBILE,AL,80,2,Day,Clear,Yard,Freight Train,4,5100,19699,25199,H312,30.703907,-88.046944,79,76.6,78.4
UP,0818KC032,2018-08-31,11:45 AM,Derailment,0,WEEPING WATER,NE,80,2,Day,Clear,Siding,Yard/switching,5,28184,80184,108368,H525,40.859885,-96.117199,69.2,73.9,78.7
NIRC,2019071757,2019-12-05,5:02 PM,Other (describe in narrative),0,CHICAGO,IL,38,3,Dusk,Cloudy,Main,EMU,50,23644,2601,26245,E78L,41.682232,-87.612899,37.4,38,36.1
CSX,000158689,2016-04-01,6:00 PM,Other impacts,0,BIRMINGHAM,AL,70,3,Dusk,Clear,Yard,Yard/switching,4,197,0,17052,M408,33.513494,-86.803837,67.3,64.8,56.8
UP,0320GP010,2020-03-13,7:53 PM,Other impacts,0,NORTH PLATTE,NE,33,3,Dusk,Sleet,Yard,Yard/switching,4,12645,0,20327,M411,41.151128,-100.819308,46.4,33,30.7