reportingrailroadcode,accidentnumber,date,time,accidenttype,hazmatreleasedcars,station,stateabbr,temperature,visibility_code,visibility,weathercondition,tracktype,equipmenttype,trainspeed,equipmentdamagecost,trackdamagecost,totaldamagecost,primaryaccidentcausecode,latitude,longitude,prior_temp,actual_temp,following_temp
NS,127229,2017-10-29,11:30 PM,Other (describe in narrative),0,MUSCLE SHOALS,AL,40,4,Dark,Cloudy,Yard,Yard/switching,4,0,24133,24133,M408,34.712551,-87.616781,45.6,43.8,50.7
NJTR,202007238,2020-07-06,6:24 PM,Other (describe in narrative),0,JERSEY CITY,NJ,89,2,Day,Rain,Main,Commuter Train - Pulling,15,12727,0,12727,H599,40.741123,-74.06575,81.4,80.2,76.1
NJTR,202311495,2023-11-08,12:04 PM,Derailment,0,KEARNY,NJ,51,2,Day,Clear,Yard,Yard/switching,5,38446,0,38446,H607,40.743708,-74.098354,58.1,48,50.6
NICD,N2400002,2024-01-14,12:30 PM,Other (describe in narrative),0,GARY,IN,-4,2,Day,Clear,Main,Cut of cars,0,24141,0,24141,H599,41.603867,-87.339724,19.2,-6.7,-3.3
BNSF,MT0317100,2017-03-01,3:44 AM,Derailment,0,HUNTLEY,MT,17,4,Dark,Clear,Main,Freight Train,3,16500,0,50500,H605,45.891262,-108.311906,27.3,31.5,35.1
BNSF,HL0622201,2022-06-21,5:52 PM,Hwy-rail crossing,0,REPUBLIC,MO,88,3,Dusk,Clear,Main,Freight Train,30,350,26788,27138,M302,37.146979,-93.430064,77.6,81.1,80.3
ALS,200712,2020-07-12,9:45 PM,Derailment,0,EAST ST LOUIS,IL,85,4,Dark,Clear,Yard,Yard/switching,7,31250,7800,39050,H504,38.599762,-90.151863,82.7,80.7,77.6
CSX,000171748,2017-09-20,7:32 AM,Other impacts,0,BIRMINGHAM,AL,75,1,Dawn,Clear,Yard,Yard/switching,10,539,0,43534,H318,33.543607,-86.790089,75.3,76.5,78.9
NICD,N1600018,2016-07-28,2:59 PM,Other (describe in narrative),0,CHICAGO,IL,82,2,Day,Rain,Main,Passenger Train - Pulling,55,67605,8378,75983,M199,41.658223,-87.560496,80.7,76.6,74.3
LI,EQ20161103,2016-11-21,3:00 AM,Derailment,0,JAMAICA,NY,38,4,Dark,Cloudy,Yard,EMU,5,10500,21271,31771,H702,40.696941,-73.823832,40.8,39.8,39.9
UP,0317NP041,2017-03-19,9:01 PM,Other impacts,0,NORTH PLATTE,NE,50,4,Dark,Clear,Yard,Yard/switching,4,7769,50,12060,H522,41.147011,-100.841592,49.3,62,51.8
CRSH,113847,2015-01-13,9:10 AM,Raking collision,0,NEWARK,NJ,23,2,Day,Cloudy,Yard,Single Car,0,10073,0,17253,S006,40.713668,-74.142477,35.7,26.5,22.8
UP,1222GP029,2022-12-24,2:06 AM,Other impacts,0,NORTH PLATTE,NE,3,4,Dark,Clear,Yard,Single Car,0,10993,0,40986,S016,41.146781,-100.832939,-1.4,11.4,23.7
IHB,2206,2016-04-24,3:30 PM,Derailment,0,RIVERDALE,IL,0,2,Day,Clear,Yard,Cut of cars,5,11954,834,12788,M411,41.639258,-87.652143,49.3,61.6,71.1
IC,973922,2018-09-20,3:20 AM,Derailment,0,CONVENT,LA,80,4,Dark,Clear,Main,Freight Train,4,21150,1970,23120,M506,30.052928,-90.831935,83.6,81.1,80.7
NSCR,NS2017001,2017-12-04,5:30 PM,Obstruction,0,COON RAPIDS,MN,20,4,Dark,Cloudy,Main,Commuter Train - Pushing,79,30000,0,30000,M402,45.156683,-93.302998,38.9,48.2,19.8
UP,0617UT013,2017-06-15,5:15 PM,Other impacts,0,POCATELLO,ID,76,2,Day,Clear,Yard,Yard/switching,4,9499,1364,16267,H306,42.862689,-112.447621,59.1,64,66.2
IC,996125,2019-04-27,1:00 AM,Derailment,0,GEISMAR,LA,54,4,Dark,Clear,Yard,Light loco(s),9,0,0,259880,H306,30.179496,-90.982774,70.3,66.8,69.5
UP,0621GC016,2021-06-15,9:24 PM,Other impacts,0,MARINGOUIN,LA,80,4,Dark,Cloudy,Yard,Yard/switching,5,200,2014,88081,S016,30.530818,-91.559974,79.9,82.7,82.1
NS,126898,2017-10-04,12:40 PM,Other impacts,0,CLINTON,NJ,71,2,Day,Clear,Main,Spec. MoW Equip.,10,13365,0,13365,H997,40.606847,-74.914284,56.6,59,69.4
WC,1149746,2024-05-09,9:55 AM,Derailment,0,GARY,IN,56,2,Day,Rain,Yard,Yard/switching,2,12000,37175,49175,E21C,41.627716,-87.411828,65.3,56.9,56.6
BNSF,PR1217116,2017-12-29,11:55 AM,Derailment,0,ALLIANCE,NE,15,2,Day,Cloudy,Yard,Freight Train,10,1000,22460,23460,H707,42.083458,-102.889922,18.5,11.8,2
BNSF,HL1019103,2019-10-02,5:15 PM,Derailment,0,LINCOLN,NE,55,3,Dusk,Cloudy,Yard,Light loco(s),3,24000,0,24000,H607,40.807598,-96.767841,64.4,53.8,52.1
UP,0316LV013,2016-03-19,3:47 PM,Hwy-rail crossing,0,WESTLAKE,LA,69,2,Day,Cloudy,Main,Work train,31,0,12406,12406,M308,30.239703,-93.283561,70,63.3,52.8
CSX,000179246,2018-10-11,6:45 AM,Derailment,0,NEW ORLEANS,LA,70,1,Dawn,Cloudy,Yard,Yard/switching,4,15733,2164,17897,H702,30.005989,-90.019451,81,76,71.2
UP,0623GP024,2023-06-21,12:53 AM,Other impacts,0,NORTH PLATTE,NE,72,4,Dark,Cloudy,Yard,Light loco(s),2,7269,0,16188,H306,41.149348,-100.852962,76.8,73.1,71.1
BNSF,KS0923104,2023-09-07,7:54 AM,Derailment,0,KANSAS CITY,KS,74,1,Dawn,Clear,Yard,Light loco(s),5,154,36418,36572,H704,39.078121,-94.660428,71.3,71.7,74.8
GTW,1090370,2021-12-11,11:53 AM,Obstruction,0,EAST LANSING,MI,48,2,Day,Cloudy,Main,Freight Train,12,152,32000,32152,M105,42.72109,-84.46226,40.9,45.9,38.5
BRC,13741,2016-06-13,8:30 AM,Derailment,0,BEDFORD PARK,IL,73,2,Day,Clear,Yard,Cut of cars,0,19398,895,20293,M411,41.767544,-87.45473,68.9,72.8,77.9
CRSH,146756,2023-06-10,6:45 PM,Derailment,0,CAMDEN,NJ,75,3,Dusk,Clear,Yard,Yard/switching,6,45983,30004,75987,H503,39.950301,-75.093983,66.2,69.6,76.1
CSX,000209433,2023-01-23,9:15 PM,Derailment,0,HOPKINSVILLE,KY,29,4,Dark,Clear,Yard,Cut of cars,10,27467,805,28272,H312,36.8187,-87.434858,39.6,38.4,37.9
CSX,000190819,2020-06-16,12:50 AM,Obstruction,0,WADE,NC,60,4,Dark,Cloudy,Main,,0,0,0,36627,M404,35.156847,-78.744312,61.8,62.1,67.6
UP,0415PR023,2015-04-23,8:26 PM,Fire/violent rupture,0,NORTHLAKE,IL,44,4,Dark,Clear,Yard,Single Car,0,48936,1328,50264,M406,41.90534,-87.915474,39.8,42.7,44.6
UP,1222GP034,2022-12-28,2:00 AM,Other impacts,0,NORTH PLATTE,NE,30,4,Dark,Cloudy,Yard,Cut of cars,0,46454,0,87396,M411,41.147913,-100.833679,33.8,37.8,34.9
NS,141137,2021-04-05,1:25 PM,Derailment,0,DECATUR,IL,64,2,Day,Clear,Yard,Yard/switching,4,11300,15135,26435,H524,39.858406,-88.898384,61.2,65.7,68
MACZ,155848,2018-10-15,9:04 PM,Other (describe in narrative),0,BALTIMORE,MD,57,4,Dark,Clear,Main,Commuter Train - Pulling,11,0,0,32784,H605,39.284749,-76.620475,52,63.2,57.6
NS,144554,2022-03-01,8:30 PM,Derailment,0,BROWNS,IL,72,4,Dark,Clear,Siding,Freight Train,11,2667,23368,26035,E64C,38.380636,-87.953837,41.5,50.6,55.1
BNSF,CH0917103,2017-09-01,5:00 PM,Other (describe in narrative),0,WILLOW SPRINGS,IL,51,3,Dusk,Cloudy,Main,Yard/switching,7,0,16250,16250,H403,41.72037,-87.913197,68.4,63.5,62.6
UP,1222GP029,2022-12-24,2:06 AM,Other impacts,0,NORTH PLATTE,NE,3,4,Dark,Clear,Yard,Yard/switching,21,29894,99,40986,S016,41.146781,-100.832939,-1.4,11.4,23.7
UP,0219GP075,2019-02-04,2:57 AM,Other (describe in narrative),0,NORTH PLATTE,NE,16,4,Dark,Cloudy,Yard,Single Car,0,17355,0,17355,M411,41.143822,-100.795463,34.4,17.4,14.9
GTW,1124027,2023-01-31,11:45 PM,Derailment,0,DETROIT,MI,12,4,Dark,Clear,Main,Freight Train,10,222602,13430,241247,E00C,42.324539,-83.108826,25.6,13.6,17.8
CRSH,137067,2020-02-06,6:00 AM,Derailment,0,BOUND BROOK,NJ,37,1,Dawn,Rain,Main,,0,0,541411,556768,E53C,40.562031,-74.511451,41.3,39.7,40.6
BNSF,TC0123201,2023-01-04,6:30 PM,Hwy-rail crossing,0,PLAINVIEW,NE,25,3,Dusk,Clear,Main,Freight Train,10,12000,0,12000,M306,42.34969,-97.7763,27.5,26,23.6
NS,144522,2022-02-26,9:55 AM,Other (describe in narrative),0,JERSEY CITY,NJ,34,2,Day,Clear,Yard,Freight Train,5,106477,12615,119092,H702,40.750841,-74.066114,33.2,30,37.1
CSX,000220149,2024-08-25,1:20 PM,Derailment,0,HAGERSTOWN,MD,89,2,Day,Clear,Yard,Yard/switching,1,51632,706,52338,M101,39.644076,-77.729433,71.1,75.3,75.6
CSX,000149405,2015-07-18,1:40 AM,Derailment,0,AVON,IN,69,4,Dark,Cloudy,Yard,Single Car,5,11544,50,13432,S016,39.759222,-86.353899,76.1,79.5,79.5
UP,1019PR014,2019-10-15,1:10 AM,Derailment,0,ROCHELLE,IL,37,4,Dark,Clear,Yard,Freight Train,3,28626,860,29486,H310,41.903041,-89.117625,41.3,50.1,45.7
KCS,16113002,2016-11-30,4:30 AM,Other impacts,0,JACKSON,MS,50,4,Dark,Rain,Yard,Yard/switching,2,17947,0,17947,H302,32.251712,-90.140742,63.9,58.7,47
EMRY,176462,2019-09-24,8:15 PM,Other impacts,0,BROWNVILLE,ME,52,4,Dark,Clear,Main,Light loco(s),2,15100,0,32800,H008,45.335182,-68.828393,69.3,60.4,52.5
BNSF,HL0320117,2020-03-27,5:29 PM,Derailment,0,LINCOLN,NE,54,3,Dusk,Clear,Yard,Yard/switching,0,82146,0,277482,H599,40.808033,-96.739127,47.3,47.3,47.1
NYA,091515,2015-09-15,1:10 PM,Derailment,0,HICKSVILLE,NY,80,2,Day,Clear,Main,Freight Train,13,50000,0,250000,M405,40.76068,-73.55553,66.9,70.3,73.5
UP,1223GC029,2023-12-28,9:50 AM,Other impacts,0,WESTWEGO,LA,70,2,Day,Clear,Yard,Cut of cars,4,43881,0,76943,H607,29.918033,-90.195305,54.2,49.3,45.4
KYLE,KYL640923D,2023-12-18,7:55 PM,Derailment,0,DELPHOS,KS,32,4,Dark,Clear,Main,Freight Train,10,10000,15000,25000,E40C,39.269135,-97.769294,39.9,34.5,41.9
UP,1222GP001,2022-12-01,1:44 AM,Other impacts,0,NORTH PLATTE,NE,29,4,Dark,Clear,Yard,Yard/switching,2,24402,66,24468,M407,41.148264,-100.841374,16.4,35.9,29.2
CSX,000162221,2016-08-18,11:09 AM,Derailment,0,CALERA,AL,89,2,Day,Clear,Yard,Freight Train,4,90869,615,91484,H702,33.11702,-86.751195,82.1,79.5,78.3
NS,138439,2020-07-07,12:50 AM,Other (describe in narrative),0,NORTH KANSAS CITY,MO,78,4,Dark,Clear,Yard,,0,0,75,75,H702,39.126499,-94.574097,84.1,86,86.6
UP,0921HL004,2021-09-05,7:45 PM,Derailment,0,KANSAS CITY,MO,79,4,Dark,Clear,Main,,0,0,206075,214075,E64L,39.110574,-94.588762,72.9,71.5,76.5
PATH,I111617,2017-11-16,12:52 PM,Obstruction,0,JERSEY CITY,NJ,55,2,Day,Clear,Yard,Yard/switching,6,435,19332,19767,H995,40.7236,-74.0548,43.9,51.2,43.2
NS,142421,2021-08-02,12:23 PM,Derailment,0,RENSSELAER,MO,81,2,Day,Clear,Main,Freight Train,44,3391094,857990,4249084,H518,39.660787,-91.595766,71,69.4,69.9
BNSF,SW0723103,2023-07-03,7:00 PM,Other impacts,0,ALBUQUERQUE,NM,95,3,Dusk,Clear,Yard,Yard/switching,0,83639,0,102822,H318,35.055234,-106.65271,80.9,81.9,84.8
CSX,000194057,2020-10-12,6:53 AM,Obstruction,0,HALIFAX,NC,72,2,Day,Cloudy,Main,,69,0,0,20882,M404,36.295413,-77.605798,64.7,67.7,62.8
CSX,000153625,2015-10-23,6:58 PM,Other impacts,0,MONTGOMERY,AL,75,3,Dusk,Clear,Yard,Cut of cars,0,116131,0,150515,H519,32.37595,-86.326296,67.1,70.6,70.9
MRL,2018028,2018-02-23,4:26 AM,Side collision,0,LAUREL,MT,0,4,Dark,Clear,Yard,Light loco(s),8,2000,0,23000,H607,45.682,-108.715,7.9,9.4,20.8
NS,126729,2017-09-22,3:40 AM,Derailment,0,IRONDALE,AL,80,4,Dark,Clear,Yard,Yard/switching,4,7900,96304,104204,M411,33.548905,-86.67801,79,79.1,79.3
UP,0419RM042,2019-04-30,4:00 PM,Other impacts,0,GREEN RIVER,WY,48,2,Day,Cloudy,Yard,Freight Train,0,20015,0,71388,H309,41.520662,-109.45443,31.2,31.1,32.9
BNSF,MT0419101,2019-04-02,3:45 PM,Obstruction,0,LIBBY,MT,50,2,Day,Clear,Main,Spec. MoW Equip.,0,254000,0,770012,H317,48.364143,-114.996205,41.4,43.5,40.5
UP,0719GP031,2019-07-24,6:13 PM,Fire/violent rupture,0,SHAWNEE,WY,89,3,Dusk,Cloudy,Main,Freight Train,30,15997,0,15997,M406,42.74299,-105.053942,74.8,78,76.1
SNJX,20200418,2020-04-18,9:00 PM,Hwy-rail crossing,0,TRENTON,NJ,40,4,Dark,Cloudy,Main,DMU,27,15000,10000,25000,M308,40.213597,-74.7622,41.4,43.7,46.9
BNSF,CH0823117,2023-08-24,9:45 PM,Derailment,0,TINA,MO,80,4,Dark,Clear,Main,Freight Train,2,306498,326350,632848,H020,39.458789,-93.614217,85.5,86.3,86.3
CSX,000179415,2018-02-20,9:16 PM,Fire/violent rupture,0,CANASTOTA,NY,45,4,Dark,Cloudy,Main,,0,0,0,19246,E49L,43.078511,-75.735482,36.8,52.6,51.2
UP,0621GC016,2021-06-15,9:24 PM,Other impacts,0,MARINGOUIN,LA,80,4,Dark,Cloudy,Yard,Yard/switching,2,85867,0,88081,S016,30.530818,-91.559974,79.9,82.7,82.1
UP,0322GL024,2022-03-23,7:44 PM,Other impacts,0,ST PAUL,MN,36,3,Dusk,Cloudy,Yard,Single Car,1,22337,0,30889,H318,44.907968,-93.04714,40.9,35,38.1
NS,140397,2021-01-27,6:55 PM,Derailment,0,SADIEVILLE,KY,25,3,Dusk,Snow,Main,Freight Train,25,55681,165936,221617,E53C,38.445572,-84.526336,44.6,33.4,23.6
CRSH,146675,2022-11-11,5:45 AM,Hwy-rail crossing,0,JERSEY CITY,NJ,60,1,Dawn,Clear,Main,Freight Train,9,0,15245,15245,M302,40.739348,-74.069433,55.9,63.7,67.2
CPKC,23080503,2023-08-05,9:26 PM,Other (describe in narrative),0,SULPHUR,LA,82,4,Dark,Clear,Yard,Yard/switching,9,22771,0,64613,M501,30.239739,-93.269235,87.8,87.5,87.6
CRSH,114374,2015-02-14,2:00 AM,Derailment,0,PAULSBORO,NJ,16,4,Dark,Cloudy,Industry,Freight Train,5,11872,1600,13472,H308,39.834081,-75.248139,17.7,26.1,13.2
BNSF,HL1117101,2017-11-04,5:19 PM,Derailment,0,NETTLETON,MS,72,3,Dusk,Cloudy,Main,Freight Train,37,15191,1500,16691,M501,34.109047,-88.632648,70.1,66.6,70.3
ARR,2021094,2021-06-17,9:40 PM,Derailment,0,FAIRBANKS,AK,66,2,Day,Clear,Industry,Yard/switching,4,4025,13000,17025,E40C,64.5058,-147.4433,65.7,58,62.6
CSX,000173839,2018-01-06,8:20 PM,Derailment,0,HAMLET,NC,14,4,Dark,Clear,Yard,Freight Train,8,132061,2416,134477,T221,34.925491,-79.646587,22,19.9,18.6
KCT,K220818,2022-08-18,11:30 AM,Derailment,0,KANSAS CITY,MO,85,2,Day,Clear,Main,,0,0,50000,62542,H702,39.120827,-94.496988,74.3,75.7,73.2
MNR,310830,2020-04-23,8:05 AM,Derailment,0,FORT KENT,ME,23,2,Day,Clear,Main,Freight Train,10,8000,60000,68000,H522,47.230403,-68.571568,27.7,27.3,35.7
CSX,000207348,2022-09-19,6:00 PM,Other impacts,0,DEARBORN,MI,75,3,Dusk,Cloudy,Yard,Cut of cars,0,1692,0,15789,H302,42.305451,-83.151687,75.8,75.1,68.8
UP,0818NP030,2018-08-15,5:35 AM,Other impacts,0,NORTH PLATTE,NE,70,1,Dawn,Clear,Yard,Single Car,0,7944,0,92717,M411,41.151565,-100.814645,71.2,69.4,71.4
NS,121620,2016-08-10,6:30 PM,Derailment,0,ELKHART,IN,90,3,Dusk,Clear,Yard,Yard/switching,4,51403,0,51403,E0HC,41.67736,-85.978495,75.2,79,82.8
LI,GR20170303,2017-03-25,6:08 PM,Hwy-rail crossing,0,PATCHOGUE,NY,43,3,Dusk,Cloudy,Main,Passenger Train - Pushing,28,53413,0,53413,M308,40.760252,-73.021978,38.9,48.4,39.5
CMQX,03252017,2017-03-25,10:15 AM,Derailment,0,GREENVILLE JUNCTION,ME,40,2,Day,Clear,Main,Freight Train,21,30000,226650,256650,E4BC,45.459491,-69.59061,20.1,29.3,24
NS,125989,2017-07-27,1:01 AM,Derailment,0,JERSEY CITY,NJ,71,4,Dark,Cloudy,Main,Freight Train,3,16361,0,18861,H702,40.713802,-74.142775,70.4,72.1,77.2
MNNR,1117002,2017-11-08,12:45 PM,Derailment,0,WHITE BEAR LAKE,MN,30,2,Day,Clear,Industry,Maint./inspect Car,0,19000,0,19000,M599,45.071664,-93.023592,30.2,33.1,20.6
NJTR,202001005,2020-01-03,12:15 AM,Derailment,0,KEARNY,NJ,45,4,Dark,Clear,Yard,Yard/switching,3,4204,16765,20969,E29L,40.744139,-74.102271,39.1,46.3,48.2
KAW,231129006,2023-11-29,5:00 PM,Side collision,0,KANSAS CITY,KS,40,3,Dusk,Clear,Yard,Yard/switching,6,38163,10500,59663,H607,39.077553,-94.635735,33.2,41.9,48.8
BRC,14001,2017-09-29,11:20 AM,Derailment,0,BEDFORD PARK,IL,70,2,Day,Clear,Yard,Yard/switching,2,14150,0,14150,T221,41.767234,-87.752438,62.9,63.9,61.4
CP,1001024244,2019-07-05,6:05 AM,Derailment,0,ST PAUL,MN,70,1,Dawn,Clear,Yard,Freight Train,4,251956,0,611956,H703,44.934893,-93.030616,75.2,73.8,74.6
CSX,000188911,2020-03-05,7:21 PM,Other impacts,0,ROCKY MOUNT,NC,54,4,Dark,Rain,Yard,Cut of cars,3,3140,0,21386,H020,35.918853,-77.804447,53.7,49.1,47.9
BNSF,PR1216112,2016-12-26,7:57 PM,Derailment,0,ALLIANCE,NE,16,4,Dark,Clear,Yard,Yard/switching,15,45072,0,45072,H602,42.069232,-102.89863,22.7,23.2,34
UP,0416PR004,2016-04-08,6:15 PM,Derailment,0,NORTHLAKE,IL,45,3,Dusk,Cloudy,Yard,Yard/switching,3,252664,228482,481146,H510,41.90534,-87.915474,38.8,35.9,30
UP,0623GP024,2023-06-21,12:53 AM,Other impacts,0,NORTH PLATTE,NE,72,4,Dark,Cloudy,Yard,Light loco(s),10,8769,150,16188,H306,41.149348,-100.852962,76.8,73.1,71.1
ATK,147885,2017-06-13,9:00 AM,Obstruction,0,DECATUR,MI,79,2,Day,Clear,Main,Spec. MoW Equip.,0,25000,0,25000,H699,42.108098,-85.974457,81.9,78.1,78
UP,1217LV005,2017-12-04,5:12 PM,Hwy-rail crossing,0,WHITE CASTLE,LA,70,4,Dark,Clear,Main,Freight Train,9,29327,132,29459,M304,30.177815,-91.165964,58.2,65.7,67
UP,0220PR002,2020-02-03,7:30 AM,Derailment,0,ROCHELLE,IL,25,2,Day,Cloudy,Yard,Freight Train,9,13663,2766,16429,H704,41.90782,-89.104034,35.6,32.1,30.3
UP,1019RM016,2019-10-17,5:00 AM,Derailment,0,LYMAN,WY,41,1,Dawn,Clear,Main,Freight Train,43,82140,67113,149253,E34C,41.540858,-110.301838,49.8,48.4,33
MRL,2015130,2015-09-24,11:00 AM,Other impacts,0,MISSOULA,MT,75,2,Day,Clear,Yard,Light loco(s),6,0,30000,30000,H307,46.889774,-114.020066,61.5,57.5,61.7
BNSF,MT1018106,2018-10-17,2:10 AM,Derailment,0,DICKINSON,ND,45,4,Dark,Clear,Yard,Freight Train,10,26400,30000,56400,H704,46.877309,-102.79471,46.4,47.3,50.7
GTW,952179,2018-03-09,2:30 AM,Derailment,0,BATTLE CREEK,MI,28,4,Dark,Cloudy,Main,Yard/switching,6,14889,79545,94434,H512,42.355928,-85.127708,26.3,28.2,27.8
CSX,000177765,2018-07-18,4:45 PM,Obstruction,0,HOOVER,AL,89,2,Day,Rain,Main,Freight Train,0,0,0,15000,H997,33.337741,-86.874411,78.6,80.9,79.2
KCS,15033102,2015-03-31,7:30 AM,Hwy-rail crossing,0,COLFAX,LA,70,2,Day,Clear,Main,Spec. MoW Equip.,5,11718,0,11718,M302,31.53294,-92.71737,69,71.5,71.5
BNSF,MT0519201,2019-05-03,3:42 PM,Hwy-rail crossing,0,WHITE EARTH,ND,64,2,Day,Clear,Main,Freight Train,54,815402,114000,929402,M302,48.344908,-102.677503,41.6,46.3,38.5
NYSW,200521A,2020-05-21,1:10 PM,Side collision,0,KIRKWOOD,NY,64,2,Day,Clear,Yard,Freight Train,4,9549,1045,83847,H210,42.103895,-75.88981,56.3,57.7,62.8
BNSF,HL0223104,2023-02-03,5:50 PM,Derailment,0,MOUND CITY,MO,26,3,Dusk,Clear,Main,Freight Train,34,2752,1783712,1786464,E61C,40.060523,-95.394329,24.3,16.8,39.2
PATH,I111120,2020-11-11,11:40 PM,Derailment,0,HARRISON,NJ,0,4,Dark,Rain,Yard,EMU,8,58622,127121,185743,H206,40.740943,-74.143085,63.6,66.5,56.7
TRRA,15016,2015-06-14,5:25 PM,Hwy-rail crossing,0,ST LOUIS,MO,75,2,Day,Rain,Main,,0,0,28565,28595,M308,38.674709,-90.200968,80.2,77.8,79
KCS,18082502,2018-08-25,5:20 AM,Derailment,0,SHREVEPORT,LA,79,4,Dark,Clear,Yard,Light loco(s),3,25641,13064,38705,E64L,32.5418,-93.844812,86.1,87.9,87.1
BNSF,TC1217110,2017-12-30,9:20 PM,Other impacts,0,FRIDLEY,MN,-11,4,Dark,Clear,Yard,Yard/switching,10,69270,6760,76030,M199,45.037871,-93.272139,-0.2,-10,-10.5
CSX,000145819,2015-05-05,12:01 AM,Derailment,0,LOUISVILLE,KY,70,4,Dark,Clear,Yard,Yard/switching,2,15781,300,16081,E33C,38.160785,-85.749194,71.9,74.1,74.2
UP,0216LK005,2016-02-06,12:55 AM,Derailment,0,SHREVEPORT,LA,34,4,Dark,Cloudy,Yard,Yard/switching,2,59753,55280,115033,M501,32.429698,-93.901932,42.1,44.1,47.1
BEAR,BER533323D,2023-09-12,6:00 AM,Derailment,0,ASHBURNHAM,MA,68,1,Dawn,Rain,Main,Freight Train,0,19000,96443,115443,M103,42.60819,-71.93895,70.6,70.9,67.1
UP,0917PR018,2017-09-23,10:00 AM,Other (describe in narrative),0,MELROSE PARK,IL,67,2,Day,Clear,Yard,Single Car,5,10972,0,10972,H601,41.898023,-87.898621,83.8,82.7,81
BNSF,KS1122113,2022-11-29,12:42 AM,Derailment,0,KANSAS CITY,KS,27,4,Dark,Clear,Yard,Freight Train,5,0,19595,19595,H505,39.09227,-94.700648,42.6,43.2,28.2
BNSF,TC1220103,2020-12-23,8:16 AM,Derailment,0,ROBBINSDALE,MN,24,1,Dawn,Cloudy,Yard,Yard/switching,8,7693,36000,43693,M411,45.031533,-93.270443,31.7,30.2,1.3
ATK,174688,2023-05-12,4:30 AM,Obstruction,0,BOSTON,MA,50,4,Dark,Clear,Main,Spec. MoW Equip.,0,1500000,0,1650000,H104,42.243106,-71.131375,68,71.7,72.7
BNSF,KS1223116,2023-12-26,5:24 AM,Derailment,0,NORTH KANSAS CITY,MO,30,1,Dawn,Cloudy,Yard,Freight Train,3,36733,166319,203052,T216,39.147327,-94.584872,36.9,34.5,35.5
UP,0224GC022,2024-02-16,9:02 PM,Derailment,0,MARINGOUIN,LA,60,4,Dark,Cloudy,Yard,Yard/switching,4,11427,12300,23727,E40C,30.524059,-91.551554,57.6,60.4,46.1
TRRA,23036OR,2023-07-19,3:50 AM,Derailment,0,EAST ST LOUIS,IL,72,4,Dark,Clear,Main,,0,0,45548,52948,H501,38.59508,-90.143326,75.3,78.6,81.1
CP,1000331403,2016-01-13,8:47 AM,Hwy-rail crossing,0,BROOTEN,MN,12,2,Day,Clear,Main,Freight Train,52,85916,340,86256,M302,45.507561,-95.13146,-7.1,11.2,19.6
KCS,21022403,2021-02-24,7:00 AM,Derailment,0,SHREVEPORT,LA,50,1,Dawn,Cloudy,Yard,Yard/switching,5,265,16254,16519,M411,32.5411,-93.843254,56.7,62.6,58.9
CSX,000189862,2020-04-26,11:26 AM,Derailment,0,INDIANAPOLIS,IN,52,2,Day,Clear,Yard,Yard/switching,9,13121,1862,14983,H503,39.759791,-86.327526,56.9,51.2,53.7
BNSF,CH1216100,2016-12-01,3:30 AM,Derailment,0,MALDEN,IL,37,4,Dark,Cloudy,Main,Freight Train,41,267769,45424,313193,E34C,41.425557,-89.363566,36.2,37.9,37.4
BNSF,HL1218106,2018-12-07,10:51 AM,Derailment,0,NEW ALBANY,MS,50,2,Day,Rain,Industry,Freight Train,9,9257,1500,10757,H306,34.410148,-88.89202,38.9,42.5,42.2
UP,1221GL024,2021-12-15,6:50 PM,Derailment,0,KENSETT,IA,62,3,Dusk,Rain,Main,Freight Train,40,1570459,174173,1744632,M105,43.398464,-93.209172,35.4,53,26.2
NS,130980,2018-08-17,9:15 PM,Obstruction,0,LITTLEVILLE,AL,78,4,Dark,Rain,Main,Freight Train,5,16,19845,19861,M404,34.613401,-87.657111,80.5,78.4,78
CP,1001163209,2020-01-24,5:22 AM,Derailment,0,SCHILLER PARK,IL,32,4,Dark,Cloudy,Yard,,0,0,4998,70025,H702,41.974048,-87.870145,32.1,35.2,33
NS,114726,2015-03-07,4:25 PM,Derailment,0,COLUMBUS,GA,48,3,Dusk,Clear,Yard,Yard/switching,7,17400,4799,23349,H601,32.465828,-84.982415,40.1,47.9,52.6
KCS,21060201,2021-06-02,1:45 PM,Hwy-rail crossing,0,BELTON,MO,70,2,Day,Clear,Main,Maint./inspect Car,50,3172,23343,26515,M303,38.788608,-94.58638,64.5,65.4,69.8
UP,0319GL012,2019-03-05,1:55 AM,Derailment,0,MASON CITY,IA,-6,4,Dark,Clear,Siding,Freight Train,6,22978,1536,24514,T220,43.120872,-93.231184,-3.1,6.1,9.1
MQT,MQT389023D,2023-04-14,9:15 AM,Derailment,0,MANISTEE,MI,78,2,Day,Clear,Main,Yard/switching,11,13684,0,13684,M204,44.260757,-86.3197,69.4,63.7,66
CSX,000205637,2022-06-18,11:29 AM,Derailment,0,CORBIN,KY,75,2,Day,Clear,Main,Freight Train,8,3570,8796,12366,H503,36.950771,-84.095858,78.1,72,66.5
NS,140101,2020-12-24,1:30 AM,Other impacts,0,DECATUR,IL,20,4,Dark,Clear,Yard,Cut of cars,0,2000,0,15768,H312,39.848104,-88.939046,47.4,18.1,13.7
NS,124582,2017-04-04,5:00 AM,Derailment,0,MUSCLE SHOALS,AL,63,1,Dawn,Clear,Yard,Yard/switching,2,7308,8490,15798,M411,34.712551,-87.616781,65.6,67.8,66.8