reportingrailroadcode,accidentnumber,date,time,accidenttype,hazmatreleasedcars,station,stateabbr,temperature,visibility_code,visibility,weathercondition,tracktype,equipmenttype,trainspeed,equipmentdamagecost,trackdamagecost,totaldamagecost,primaryaccidentcausecode,latitude,longitude,prior_temp,actual_temp,following_temp
LSRC,D150423,2015-04-23,11:20 PM,Derailment,0,TAWAS CITY,MI,30,4,Dark,Clear,Main,Freight Train,10,29896,16945,46841,M201,44.26043,-83.528611,35.7,32.7,34
NS,140101,2020-12-24,1:30 AM,Other impacts,0,DECATUR,IL,20,4,Dark,Clear,Yard,Yard/switching,2,10200,3568,15768,H312,39.848104,-88.939046,47.4,18.1,13.7
KCT,KCS072217,2017-07-22,10:12 PM,Derailment,0,KANSAS CITY,KS,80,4,Dark,Rain,Main,,0,0,10000,110165,M404,39.084297,-94.610794,90.1,90,82.5
BNSF,HL1119105,2019-11-11,11:00 AM,Derailment,0,HANNIBAL,MO,25,2,Day,Cloudy,Yard,Light loco(s),5,14000,0,14000,M101,39.920599,-91.440604,47.2,27.4,14.7
CSX,000178577,2018-09-04,6:05 PM,Broken train collision,0,INDIANAPOLIS,IN,85,2,Day,Clear,Yard,Freight Train,4,0,0,264253,E32C,39.759791,-86.327526,81.9,82.1,81.4
ALS,20170107,2017-01-07,4:15 PM,Derailment,0,EAST ST LOUIS,IL,15,2,Day,Clear,Yard,Yard/switching,5,30225,8875,39100,M405,38.586784,-90.130256,12.2,13,18.6
IC,975054,2018-10-05,5:05 AM,Derailment,0,JEFFERSON,LA,75,1,Dawn,Clear,Main,,0,0,90310,261084,H503,29.970715,-90.170543,80.2,81.4,81.3
UP,0623GC032,2023-06-26,9:30 PM,Other impacts,0,SULPHUR,LA,83,4,Dark,Clear,Yard,Yard/switching,3,632,2033,16530,H021,30.15974,-93.342488,86,85.5,85.8
NS,125793,2017-07-12,10:10 AM,Derailment,0,IRONDALE,AL,81,2,Day,Clear,Yard,Freight Train,6,17925,0,23199,M407,33.548905,-86.67801,77.8,80.4,81.1
UP,0722HL008,2022-07-06,10:59 AM,Other impacts,0,ATCHISON,KS,82,2,Day,Clear,Yard,Cut of cars,3,772,0,39463,H317,39.55133,-95.115012,84,79.4,78.3
GRYR,GR170601A,2017-06-01,11:30 AM,Other impacts,0,SENATOBIA,MS,50,2,Day,Rain,Siding,Single Car,10,11211,0,11211,H309,34.651293,-89.972433,74.7,74.6,73.5
UP,0815LK022,2015-08-25,7:17 PM,Derailment,0,SHREVEPORT,LA,80,3,Dusk,Cloudy,Yard,Freight Train,4,58319,57220,220004,H020,32.44751,-93.801998,82.6,76.2,75.4
NS,130749,2018-08-28,5:50 AM,Other impacts,0,IRONDALE,AL,75,1,Dawn,Clear,Yard,Yard/switching,4,1000,0,21830,H307,33.548905,-86.67801,82.6,82.8,80.6
NS,125793,2017-07-12,10:10 AM,Derailment,0,IRONDALE,AL,81,2,Day,Clear,Yard,Yard/switching,2,2085,3189,23199,M407,33.548905,-86.67801,77.8,80.4,81.1
NS,116598,2015-07-19,8:55 AM,Derailment,1,IRONDALE,AL,80,2,Day,Clear,Yard,Yard/switching,2,17000,3300,20300,S016,33.548905,-86.678008,84,84.5,86.7
UP,0520HL015,2020-05-27,10:45 AM,Hwy-rail crossing,0,MINNEOLA,KS,73,2,Day,Clear,Main,Freight Train,50,3574,16822,20396,M302,37.443476,-100.018617,61.9,66.1,67
PGBX,RAI911322,2022-02-03,9:30 AM,Derailment,0,PORT ALLEN,LA,65,2,Day,Cloudy,Industry,Yard/switching,5,15000,10000,25000,E69C,30.433567,-91.206872,66.2,53.9,35.5
UP,0621HL022,2021-06-23,12:50 PM,Derailment,0,KANSAS CITY,MO,81,2,Day,Cloudy,Yard,Yard/switching,4,65623,62040,127663,M101,39.121957,-94.539488,75,79.3,81.2
BRC,14089,2018-04-07,6:00 PM,Derailment,0,BEDFORD PARK,IL,32,4,Dark,Clear,Yard,Yard/switching,5,191524,19096,210620,E30C,41.6005,-87.47171,34.4,29.4,32.4
NS,125861,2017-07-18,1:52 AM,Raking collision,0,IRONDALE,AL,74,4,Dark,Clear,Yard,Yard/switching,3,13100,0,13100,S016,33.548905,-86.67801,79.6,80.9,83.5
UP,0722HL008,2022-07-06,10:59 AM,Other impacts,0,ATCHISON,KS,82,2,Day,Clear,Yard,Yard/switching,3,38691,0,39463,H317,39.55133,-95.115012,84,79.4,78.3
NS,116782,2015-08-03,7:20 PM,Derailment,0,IRONDALE,AL,79,3,Dusk,Clear,Yard,Yard/switching,10,11700,3675,15375,M411,33.548905,-86.678008,81.7,81.9,85
KAW,231025001,2023-10-25,3:55 AM,Derailment,0,NORTH KANSAS CITY,MO,65,4,Dark,Rain,Industry,Yard/switching,5,40000,200000,480000,H702,39.126583,-94.574526,67.5,66,70.5
BNSF,GC1115102,2015-11-04,4:30 AM,Derailment,0,AVONDALE,LA,65,1,Dawn,Clear,Yard,Yard/switching,3,72996,60000,132996,H704,29.917876,-90.19898,71.9,71.7,75.7
ATK,164818,2020-07-11,12:00 AM,Obstruction,0,THOMASBORO,IL,68,4,Dark,Rain,Main,Passenger Train - Pulling,71,17500,0,17500,M404,40.239288,-88.189323,75.7,72.2,70.6
IHB,20232855,2023-07-28,3:45 AM,Derailment,0,RIVERDALE,IL,85,4,Dark,Clear,Yard,Freight Train,4,95993,2963,98956,H020,41.639261,-87.630605,81.7,81.9,73.3
UP,1221GL011,2021-12-09,1:12 AM,Other impacts,0,COUNCIL BLUFFS,IA,41,4,Dark,Cloudy,Yard,Freight Train,0,140244,1760,248349,H018,41.249019,-95.886187,32.1,45.4,35.4
CP,1000252976,2015-08-14,9:35 AM,Hwy-rail crossing,0,COBDEN,MN,77,2,Day,Clear,Main,Freight Train,38,48387,225,48612,M304,44.288055,-94.84647,74.1,77.8,77
CSX,000206023,2022-07-09,9:37 AM,Hwy-rail crossing,0,GLENDALE,KY,73,2,Day,Cloudy,Main,Freight Train,45,19613,104183,123796,M303,37.601449,-85.904979,76.7,72.9,74.9
UP,0617PR016,2017-06-27,1:40 PM,Other (describe in narrative),0,BERKELEY,IL,75,2,Day,Clear,Yard,Single Car,0,33495,0,33495,M411,41.899921,-87.908147,63.8,66.1,69
BNSF,TC0321109,2021-03-18,10:14 PM,Other (describe in narrative),0,KELLY LAKE,MN,40,4,Dark,Clear,Main,Freight Train,40,2000,18000,20000,E07C,47.228494,-92.641458,34,34.4,33.7
BVRR,170213002,2017-02-13,12:00 PM,Derailment,0,MERIDIAN,ID,40,2,Day,Clear,Main,Freight Train,23,272919,46000,318919,E45C,43.6089,-116.405249,31,29.7,28.9
UP,1221GL026,2021-12-24,6:40 PM,Derailment,0,DES MOINES,IA,48,3,Dusk,Cloudy,Yard,Freight Train,2,134037,38296,172333,E64C,41.605313,-93.58309,40,46.9,37.6
KYLE,KYL798324D,2024-05-16,7:00 AM,Derailment,0,SCANDIA,KS,60,1,Dawn,Clear,Yard,Freight Train,5,0,100000,100000,E40C,39.787054,-97.787054,65.5,66.2,72
UP,0720GC003,2020-07-02,2:15 PM,Derailment,0,AVONDALE,LA,93,2,Day,Clear,Yard,Yard/switching,4,25748,11018,36766,E49C,29.9178,-90.191313,86.9,83.9,81.4
UP,1116CB006,2016-11-11,10:20 PM,Other impacts,0,COUNCIL BLUFFS,IA,35,4,Dark,Clear,Yard,Yard/switching,2,128123,0,134045,H312,41.244499,-95.874041,52.3,44.8,42.1
NS,132579,2019-01-24,1:00 PM,Derailment,0,DAYTON,IN,23,2,Day,Cloudy,Yard,Yard/switching,7,175219,18456,193675,H306,40.374141,-86.82063,33.8,20.4,9.4
NS,128800,2018-03-11,11:30 PM,Derailment,0,GRANITE CITY,IL,32,4,Dark,Clear,Yard,Freight Train,9,214361,34066,248427,H524,38.722763,-90.142584,44.6,37.3,36.8
ATK,150225,2017-11-01,11:50 AM,Hwy-rail crossing,0,DE SOTO,IL,46,2,Day,Rain,Main,Passenger Train - Pulling,78,35110,0,61539,M302,37.781215,-89.222927,40.1,46.2,69
BNSF,CH0422117,2022-04-28,11:12 PM,Derailment,0,MENDOTA,IL,50,4,Dark,Cloudy,Industry,Freight Train,3,62388,112000,174388,H704,41.564537,-89.050777,42.6,48.1,57.9
LSI,64456,2015-04-27,1:00 AM,Derailment,0,MARQUETTE,MI,32,4,Dark,Clear,Yard,Freight Train,13,8771,37173,45944,E61C,46.582138,-87.406368,38.1,38.4,40
BNSF,RD0318130,2018-03-30,7:46 AM,Derailment,0,LAFAYETTE,LA,68,1,Dawn,Clear,Yard,Freight Train,8,3800,26370,30170,E64C,30.234766,-92.034892,66.6,64.8,63
UP,0720PR023,2020-07-26,11:30 PM,Other impacts,0,NORTHLAKE,IL,74,4,Dark,Rain,Yard,Cut of cars,0,100,0,45518,H302,41.925965,-87.915365,81.2,85.7,79.1
IC,1144734,2024-02-08,11:00 PM,Derailment,0,METAIRIE,LA,60,4,Dark,Clear,Yard,Light loco(s),10,24156,500,24656,H993,29.971505,-90.192408,59.4,64.2,68.4
CSX,000148735,2015-07-02,12:15 AM,Other impacts,0,AVON,IN,68,4,Dark,Cloudy,Yard,Single Car,4,12011,0,34758,H316,39.759342,-86.347116,70.1,70.1,68.8
KO,170221,2017-02-20,2:00 PM,Derailment,0,NESS CITY,KS,70,2,Day,Clear,Main,Freight Train,10,20500,15000,35500,T212,38.451598,-99.935416,54.2,54.9,51.3
BNSF,CH1119113,2019-11-19,5:34 AM,Derailment,0,HANNIBAL,MO,44,1,Dawn,Clear,Main,Freight Train,11,427854,270000,697854,E45C,39.935649,-91.435875,41.8,47,49.1
CSX,000178577,2018-09-04,6:05 PM,Broken train collision,0,INDIANAPOLIS,IN,85,2,Day,Clear,Yard,Cut of cars,4,257709,6544,264253,E32C,39.759791,-86.327526,81.9,82.1,81.4
UP,1119HL002,2019-11-01,10:05 PM,Other impacts,0,KANSAS CITY,KS,40,4,Dark,Cloudy,Yard,Freight Train,7,12309,0,47320,H702,39.098258,-94.671585,32.4,41.8,41
MNBR,MNB730215,2015-07-17,11:30 AM,Derailment,0,SAFFORD,AL,96,2,Day,Clear,Main,Freight Train,17,200354,365997,566351,H525,32.3185,-87.35679,84,85.2,86.7
UP,0815LK022,2015-08-25,7:17 PM,Derailment,0,SHREVEPORT,LA,80,3,Dusk,Cloudy,Yard,Cut of cars,2,104465,0,220004,H020,32.44751,-93.801998,82.6,76.2,75.4
UP,0318PR014,2018-03-20,9:07 PM,Other impacts,0,MELROSE PARK,IL,35,4,Dark,Clear,Yard,Yard/switching,6,64666,0,64666,M411,41.899851,-87.907594,38.7,32.5,33.6
BNSF,HL0319121,2019-03-25,12:38 AM,Rear end collision,0,NORTH KANSAS CITY,MO,50,4,Dark,Clear,Yard,Yard/switching,6,4975,250,14043,H306,39.140419,-94.584694,54,51,52.2
NS,118100,2015-11-06,1:55 PM,Hwy-rail crossing,0,BESSEMER,AL,72,2,Day,Clear,Main,,0,0,0,62082,M308,33.413958,-86.939731,72.3,73.9,63
UP,0922HL014,2022-09-17,12:54 AM,Other impacts,0,COFFEYVILLE,KS,77,4,Dark,Clear,Yard,Single Car,0,0,0,18881,H312,37.029682,-95.623167,76.9,82.5,86
BNSF,TC0116111,2016-01-26,9:21 PM,Derailment,0,SIOUX CITY,IA,23,4,Dark,Clear,Yard,Yard/switching,2,24282,300,24582,H702,42.522008,-96.367481,29.4,28.3,27.4
MRL,2016166,2016-12-25,1:44 AM,Obstruction,0,ATHOL,ID,27,4,Dark,Snow,Main,Freight Train,55,75000,0,76165,M402,47.972133,-116.702669,29.4,25.8,25
CSX,000148735,2015-07-02,12:15 AM,Other impacts,0,AVON,IN,68,4,Dark,Cloudy,Yard,Single Car,4,14050,0,34758,H316,39.759342,-86.347116,70.1,70.1,68.8
NS,125695,2017-07-05,10:00 AM,Raking collision,0,IRONDALE,AL,89,2,Day,Clear,Yard,Cut of cars,0,17500,0,17925,M407,33.548905,-86.67801,81.4,79.2,80.4
BNSF,HL0919119,2019-09-23,8:10 AM,Obstruction,0,RUSHVILLE,MO,58,1,Dawn,Fog,Main,Freight Train,36,20250,0,20250,M402,39.556689,-95.045622,68.1,67,70.1
ALS,0723AS015,2023-07-19,3:49 AM,Derailment,0,EAST ST LOUIS,IL,69,4,Dark,Clear,Main,Freight Train,6,7400,0,52948,H501,38.597256,-90.155675,75.3,78.6,81.1
NS,114726,2015-03-07,4:25 PM,Derailment,0,COLUMBUS,GA,48,3,Dusk,Clear,Yard,Cut of cars,0,1150,0,23349,H601,32.465828,-84.982415,40.1,47.9,52.6
CP,1000419966,2016-07-06,3:42 PM,Hwy-rail crossing,0,ALDEN,MN,81,2,Day,Clear,Main,Light loco(s),30,16189,150,16339,M302,43.675979,-93.59576,73.4,71.7,70.7
BNSF,CH0317106,2017-03-06,10:38 PM,Derailment,0,MENDON,MO,70,4,Dark,Rain,Main,Freight Train,0,3269843,1191904,4461747,M105,39.539466,-93.210153,59.2,64.5,48.4
SKOL,230913002,2023-09-13,4:55 AM,Derailment,0,CHERRYVALE,KS,64,4,Dark,Clear,Main,Freight Train,12,4800,37000,41800,T221,37.230348,-95.558664,68.6,66.5,69.7
NS,142228,2021-07-16,2:50 PM,Side collision,0,NEW ORLEANS,LA,85,2,Day,Cloudy,Yard,Yard/switching,5,8428,0,20974,H020,29.975954,-90.044582,83.1,80.9,82
UP,0322GC021,2022-03-14,11:42 PM,Other (describe in narrative),0,MARINGOUIN,LA,64,4,Dark,Cloudy,Yard,Yard/switching,0,41824,0,41824,M411,30.527293,-91.555566,45.2,57.5,61
CSX,000208098,2022-10-29,9:45 AM,Other impacts,0,RUSSELL,KY,48,2,Day,Clear,Yard,Cut of cars,4,47328,584,79745,H318,38.532101,-82.69768,51.6,51,55.4
CSX,000144488,2015-04-09,8:30 AM,Obstruction,0,NORTHVILLE,MI,41,2,Day,Fog,Main,Spec. MoW Equip.,0,0,0,63000,H997,42.396018,-83.549047,41.9,49.6,55.5
NOGC,OP01092019,2019-01-09,1:00 PM,Derailment,0,GRETNA,LA,60,2,Day,Clear,Yard,Yard/switching,5,87000,8000,95000,H318,29.935356,-90.052688,67.3,57.7,49.8
NS,138943,2020-08-24,12:00 PM,Hwy-rail crossing,0,GARY,IN,90,2,Day,Clear,Main,Freight Train,42,2147,16444,18591,M303,41.624851,-87.394034,75.6,80.2,80
BNSF,SF0416202,2016-04-20,7:45 AM,Hwy-rail crossing,0,DORA,AL,78,1,Dawn,Clear,Main,Freight Train,34,35783,0,35783,M302,33.700178,-87.081798,65.4,70.8,65.7
IC,1060368,2021-02-02,7:30 AM,Side collision,0,ST ROSE,LA,67,2,Day,Clear,Industry,Yard/switching,2,48721,0,91163,H020,29.945545,-90.34763,50.8,47.7,50.8
WC,973759,2018-09-21,11:02 PM,Other impacts,0,GARY,IN,61,4,Dark,Clear,Yard,Yard/switching,3,13500,0,13500,M105,41.613927,-87.358419,80,73.3,58.8
CSX,000175343,2018-03-21,4:00 PM,Derailment,0,TALLADEGA,AL,43,2,Day,Clear,Industry,Freight Train,7,152773,2991,155764,M204,33.438552,-86.099871,54.4,45.2,46
CSX,000148735,2015-07-02,12:15 AM,Other impacts,0,AVON,IN,68,4,Dark,Cloudy,Yard,Single Car,4,8597,100,34758,H316,39.759342,-86.347116,70.1,70.1,68.8
ATK,150696,2017-11-28,10:50 PM,Derailment,0,CHICAGO,IL,37,4,Dark,Clear,Main,,0,0,240557,336481,E69C,41.8786,-87.6394,47.3,54.9,42.2
BNSF,CH0422112,2022-04-21,3:00 PM,Derailment,0,WILLOW SPRINGS,IL,67,2,Day,Clear,Yard,Yard/switching,7,12600,14651,27251,E04C,41.762551,-87.861498,48.5,58.9,53.1
UP,0815LK020,2015-08-21,5:59 PM,Side collision,0,SHREVEPORT,LA,82,2,Day,Cloudy,Yard,Yard/switching,4,10331,6200,18778,H021,32.435772,-93.917575,71.3,76.9,80.8
NS,125936,2017-07-23,2:45 PM,Derailment,0,MOBILE,AL,90,2,Day,Clear,Yard,Freight Train,3,34976,33274,68250,H312,30.71731,-88.05591,83.7,80.4,78.2
UP,0318PR014,2018-03-20,9:07 PM,Other impacts,0,MELROSE PARK,IL,35,4,Dark,Clear,Yard,Cut of cars,0,0,0,64666,M411,41.899851,-87.907594,38.7,32.5,33.6
UP,0720PR023,2020-07-26,11:30 PM,Other impacts,0,NORTHLAKE,IL,74,4,Dark,Rain,Yard,Yard/switching,5,45418,0,45518,H302,41.925965,-87.915365,81.2,85.7,79.1
UP,1116CB006,2016-11-11,10:20 PM,Other impacts,0,COUNCIL BLUFFS,IA,35,4,Dark,Clear,Yard,Single Car,0,4544,1117,134045,H312,41.244499,-95.874041,52.3,44.8,42.1
UP,0919MA013,2019-09-05,11:56 AM,Derailment,0,EAST ST LOUIS,IL,76,2,Day,Clear,Yard,Freight Train,4,23996,0,50451,E66C,38.583389,-90.135504,76.8,70.3,75.9
SKOL,170428001,2017-04-28,4:00 AM,Derailment,0,CANEY,KS,55,4,Dark,Rain,Main,Freight Train,11,49555,16100,65655,T221,37.023974,-95.941829,51.2,62.2,55.2
BNSF,TC0623103,2023-06-19,3:50 PM,Derailment,0,MINNEAPOLIS,MN,90,2,Day,Clear,Yard,Freight Train,5,11733,25000,36733,H607,44.97935,-93.221266,72,77.1,81.2
NS,125695,2017-07-05,10:00 AM,Raking collision,0,IRONDALE,AL,89,2,Day,Clear,Yard,Yard/switching,2,425,0,17925,M407,33.548905,-86.67801,81.4,79.2,80.4
IC,1060368,2021-02-02,7:30 AM,Side collision,0,ST ROSE,LA,67,2,Day,Clear,Industry,Cut of cars,2,42442,0,91163,H020,29.945545,-90.34763,50.8,47.7,50.8
CSX,000196823,2021-04-05,6:40 AM,Hwy-rail crossing,0,ZEELAND,MI,53,1,Dawn,Cloudy,Main,,0,0,0,80799,M308,42.841031,-85.934906,52.8,59.3,64.5
NS,121592,2016-08-09,3:00 AM,Derailment,0,MOULTON HEIGHTS,AL,77,4,Dark,Cloudy,Industry,Yard/switching,4,15905,400,16305,M101,34.615618,-87.010066,80.6,79.7,80.6
PVRR,PVRR7,2023-08-15,7:00 PM,Fire/violent rupture,0,WESTFIELD,MA,68,3,Dusk,Rain,Yard,Cut of cars,0,250000,0,250000,M502,42.117231,-72.66242,72.7,69,69.7
IC,951688,2018-03-03,9:39 PM,Hwy-rail crossing,0,SLEDGE,MS,45,4,Dark,Clear,Main,,0,0,109861,116988,M308,34.453271,-90.203877,50.2,49.9,52.9
MBTA,202387,2023-07-14,6:04 AM,Obstruction,0,WHITMAN,MA,68,1,Dawn,Rain,Main,Passenger Train - Pushing,50,17559,0,17559,M404,42.090968,-70.928385,78.5,74.5,78
KCS,21022801,2021-02-28,1:15 PM,Rear end collision,0,ALEXANDRIA,LA,80,2,Day,Clear,Yard,Freight Train,6,38800,34698,73498,H210,31.188641,-92.341059,71.3,73.2,59.5
BNSF,CH1117107,2017-11-11,3:50 PM,Other impacts,0,GALESBURG,IL,36,2,Day,Clear,Yard,Yard/switching,10,15025,0,15025,H020,40.902236,-90.387148,26.6,36.4,38.2
CSX,000198509,2021-06-28,3:00 PM,Derailment,0,OTTAWA,IL,75,2,Day,Rain,Yard,Cut of cars,3,300,0,33328,M105,41.354211,-88.830469,76.6,74.3,76.5
UP,1221GL015,2021-12-15,5:45 PM,Derailment,0,JEFFERSON,IA,69,2,Day,Cloudy,Main,Freight Train,0,552417,750,553167,M105,42.02841,-94.311989,40.5,57.2,29.9
KCS,17030201,2017-03-02,12:10 AM,Other impacts,0,KANSAS CITY,MO,33,4,Dark,Cloudy,Yard,Cut of cars,0,34965,3717,44073,H702,39.12695,-94.51904,44.6,42,42.1
CSX,000207836,2022-10-16,1:00 AM,Derailment,0,LOUISVILLE,KY,60,4,Dark,Clear,Yard,Yard/switching,4,25780,2492,28272,H702,38.16074,-85.749136,61.4,57,48.7
NS,121404,2016-07-26,8:45 AM,Derailment,0,ELKHART,IN,76,2,Day,Clear,Yard,Freight Train,0,2960,0,18857,H307,41.67736,-85.978495,76.6,74.3,75.4
ALS,20170101,2017-01-01,2:20 AM,Derailment,0,EAST ST LOUIS,IL,29,4,Dark,Cloudy,Yard,,0,0,48599,72695,M405,38.586939,-90.130196,45.6,32.8,45.6
BNSF,CH0123112,2023-01-18,8:50 PM,Obstruction,0,RICHMOND,MO,32,3,Dusk,Clear,Main,Freight Train,22,1500,126577,128077,M404,39.256833,-94.063661,39.6,36.9,34.5
ATK,160693,2019-08-19,6:13 AM,Hwy-rail crossing,0,MINERAL POINT,MO,71,1,Dawn,Clear,Main,Passenger Train - Pulling,58,25659,0,25758,M302,37.918727,-90.719462,81.4,80.2,77.2
UP,0116LK001,2016-01-02,9:50 AM,Derailment,0,SHREVEPORT,LA,51,2,Day,Cloudy,Yard,,0,0,78148,78303,H513,32.508424,-93.737061,43.6,44.6,49
BNSF,CH0416202,2016-04-14,9:58 AM,Hwy-rail crossing,0,GALVA,IL,65,2,Day,Clear,Main,,0,0,0,154868,M302,41.152833,-90.073888,49.1,54,60.6
UP,0821MA031,2021-08-21,4:14 AM,Derailment,0,EAST ST LOUIS,IL,75,1,Dawn,Cloudy,Yard,Freight Train,1,25190,0,25290,H514,38.582915,-90.13585,79,79.8,79.2
OTVR,OTV672414D,2014-12-26,9:10 PM,Derailment,0,FERGUS FALLS,MN,22,4,Dark,Cloudy,Main,Freight Train,7,130000,67050,197050,H702,46.581078,-96.059883,28,23.1,13.7
KCS,17122301,2017-12-23,5:08 AM,Hwy-rail crossing,0,JACKSON,MS,70,4,Dark,Rain,Main,Freight Train,30,0,21190,21190,M308,32.28825,-90.18251,70.3,55.1,47.1
WC,1033596,2020-04-28,3:01 PM,Derailment,0,GARY,IN,70,2,Day,Rain,Yard,Yard/switching,7,25101,324767,349868,H525,41.629519,-87.4064,50.7,61.7,51.7
NS,128560,2018-02-17,5:08 AM,Derailment,0,IRONDALE,AL,72,1,Dawn,Clear,Yard,Yard/switching,13,25000,0,105320,M407,33.548905,-86.67801,61.9,59.3,54.3
CSX,000143422,2015-03-21,9:05 PM,Other impacts,0,WAYCROSS,GA,70,4,Dark,Cloudy,Yard,Cut of cars,5,1594,5400,33019,M407,31.213524,-82.353589,70,74.7,68.3
ATK,157268,2019-01-21,12:38 PM,Hwy-rail crossing,0,GARY,IN,10,2,Day,Clear,Main,Passenger Train - Pulling,58,18075,0,18075,M302,41.615473,-87.394012,13.9,9.5,25.1
UP,0217LK004,2017-02-07,5:48 PM,Hwy-rail crossing,0,BERNIE,MO,55,2,Day,Cloudy,Main,Freight Train,55,40506,60,40566,M303,36.702284,-89.965649,56,64.7,44.2
UP,1119HL002,2019-11-01,10:05 PM,Other impacts,0,KANSAS CITY,KS,40,4,Dark,Cloudy,Yard,Yard/switching,4,33811,1200,47320,H702,39.098258,-94.671585,32.4,41.8,41
IANR,DUD1124162,2016-11-24,6:15 PM,Other impacts,0,DUNKERTON,IA,40,4,Dark,Cloudy,Industry,Freight Train,5,57500,1025,58525,H318,42.56732,-92.172393,37.5,35.9,36.2
BNSF,CH0422110,2022-04-14,1:21 PM,Other (describe in narrative),0,ELWOOD,IL,52,2,Day,Clear,Main,Cut of cars,2,0,83840,83840,M105,41.350246,-88.21247,61.7,44.2,46.8
UP,0815LK020,2015-08-21,5:59 PM,Side collision,0,SHREVEPORT,LA,82,2,Day,Cloudy,Yard,Freight Train,3,2247,0,18778,H021,32.435772,-93.917575,71.3,76.9,80.8
GTW,845526,2015-04-02,7:30 PM,Other impacts,0,BATTLE CREEK,MI,50,3,Dusk,Cloudy,Yard,Freight Train,5,7090,0,109542,H310,42.351156,-85.131223,48.6,52.8,45.1
EARY,EAR727315,2015-07-07,4:37 AM,Derailment,0,TALLADEGA,AL,82,4,Dark,Clear,Main,,0,0,74370,75829,M599,33.436384,-86.108909,78.5,80.7,82.2
CSX,000177574,2018-07-13,9:00 PM,Derailment,0,BALTIMORE,MD,93,4,Dark,Clear,Yard,Freight Train,4,45852,500,46352,M506,39.234872,-76.588819,79,77.1,79.2
BNSF,HL1116109,2016-11-21,7:15 AM,Derailment,0,HILLSDALE,KS,35,1,Dawn,Clear,Main,Freight Train,40,36217,0,36217,E21C,38.71543,-94.815668,37.6,43.1,51.9
WE,170104,2017-09-08,3:30 PM,Derailment,0,MINGO JUNCTION,OH,50,2,Day,Clear,Yard,Yard/switching,8,1890,13928,15818,E64C,40.29995,-80.613376,55,57.4,56.7
SKOL,220803002,2022-08-03,2:00 AM,Hwy-rail crossing,0,COFFEYVILLE,KS,97,4,Dark,Clear,Industry,Yard/switching,12,5000,11500,16500,M399,37.030329,-95.615852,88.7,90.6,85.1
CSX,000162087,2016-08-13,6:50 PM,Side collision,0,SELKIRK,NY,89,2,Day,Clear,Yard,Freight Train,7,26159,0,359659,H306,42.565903,-73.854184,79.1,79.1,77.5
BRC,13502,2014-12-15,11:43 AM,Derailment,1,BEDFORD PARK,IL,49,2,Day,Cloudy,Yard,Yard/switching,2,36177,1695,37872,S006,41.763927,-87.762025,48.8,45.9,41.7
WE,180008,2018-01-16,3:45 AM,Derailment,0,CANTON,OH,10,4,Dark,Snow,Yard,Yard/switching,5,4472,7288,11760,H703,40.816114,-81.318502,18,14.1,7.5
LI,78953,2023-01-04,3:30 PM,Raking collision,0,FLORAL PARK,NY,54,2,Day,Cloudy,Main,Work train,10,0,18918,18918,E08C,40.72067,-73.72286,48.6,53.9,47.5
NJTR,202110421,2021-10-04,11:20 PM,Derailment,0,LONG BRANCH,NJ,60,4,Dark,Clear,Yard,Commuter Train - Pulling,5,46954,0,46954,T217,40.295971,-73.988453,67.6,70.5,63.2
UP,0322GP012,2022-03-14,2:48 PM,Other impacts,0,NORTH PLATTE,NE,67,2,Day,Clear,Yard,Yard/switching,4,182,0,20476,M411,41.148164,-100.835578,43.1,44.9,45.6
BNSF,CH0720102,2020-07-08,2:10 PM,Derailment,0,CICERO,IL,90,2,Day,Clear,Yard,Light loco(s),5,26525,2500,29025,H307,41.840535,-87.756719,85.2,82.3,84.5
ATK,146434,2017-02-16,7:50 PM,Obstruction,0,HUDSON,NY,20,4,Dark,Snow,Main,Passenger Train - Pulling,70,16097,0,16097,M404,42.243974,-73.8205,32.6,25.2,24.7
CSX,000181527,2019-02-23,12:17 PM,Derailment,0,STILESBORO,GA,50,2,Day,Cloudy,Industry,Freight Train,9,11375,10723,22098,M101,34.126841,-84.883052,51.2,49.7,53.7
CSX,000145789,2015-05-05,7:32 AM,Derailment,0,HARTSELLE,AL,73,1,Dawn,Clear,Industry,Freight Train,5,56395,2500,58895,M501,34.331087,-86.899721,67.3,69.1,69.1
LI,82919,2024-06-29,4:05 PM,Raking collision,0,SMITHTOWN,NY,75,2,Day,Cloudy,Main,Spec. MoW Equip.,6,22671,0,22671,H997,40.85514,-73.20497,67.6,70.9,74.2
BNSF,PR0424101,2024-04-02,3:20 AM,Derailment,0,GURLEY,NE,38,4,Dark,Clear,Main,Freight Train,18,83721,29654,113375,E62C,41.306074,-102.97385,37.4,43.2,45.7
CIC,D202007,2020-04-22,6:10 AM,Derailment,0,CEDAR RAPIDS,IA,45,1,Dawn,Clear,Yard,Yard/switching,3,37083,3480,40563,T221,41.93612,-91.696837,45,54.3,54.7
UP,1017PR015,2017-10-17,1:00 PM,Other impacts,0,MELROSE PARK,IL,70,2,Day,Clear,Yard,Cut of cars,7,188,0,15918,M411,41.899007,-87.908803,52.4,58.5,60.3
NS,145853,2022-07-15,6:00 AM,Derailment,0,SADIEVILLE,KY,67,1,Dawn,Clear,Yard,Freight Train,5,430331,89550,519881,H507,38.30108,-84.53813,76.9,76.4,80.8