reportingrailroadcode,accidentnumber,date,time,accidenttype,hazmatreleasedcars,station,stateabbr,temperature,visibility_code,visibility,weathercondition,tracktype,equipmenttype,trainspeed,equipmentdamagecost,trackdamagecost,totaldamagecost,primaryaccidentcausecode,latitude,longitude,prior_temp,actual_temp,following_temp
UP,0919MA019,2019-09-08,5:25 PM,Obstruction,0,WASHINGTON,MO,81,2,Day,Cloudy,Main,,0,0,600,53563,M404,38.551677,-90.991262,70.7,71.1,79.9
CRSH,146374,2022-09-03,10:00 AM,Derailment,0,NEWARK,NJ,80,2,Day,Clear,Yard,Yard/switching,10,1344,16202,17546,H702,40.703931,-74.128644,70.2,73,78.4
UP,1119HL020,2019-11-23,11:45 AM,Other impacts,0,KANSAS CITY,KS,39,2,Day,Clear,Yard,Yard/switching,5,27667,1500,59161,H312,39.096158,-94.658617,35,38.3,45.3
NS,139208,2020-09-20,12:25 PM,Derailment,0,CANTON,OH,65,2,Day,Clear,Yard,Yard/switching,2,24364,0,24364,E29C,40.818952,-81.313794,51.6,53.8,55.8
UP,0324GC027,2024-03-26,8:00 AM,Other impacts,0,LIVONIA,LA,56,2,Day,Clear,Yard,Single Car,2,3656,0,12309,M411,30.531186,-91.559992,70.1,62.5,57.5
BNSF,PR0418115,2018-04-21,8:25 AM,Rear end collision,0,BRIDGEPORT,NE,40,1,Dawn,Rain,Main,Freight Train,0,23000,0,25000,H601,41.7122,-103.152842,39.3,37.6,45.6
CSX,000152941,2015-10-06,10:35 PM,Derailment,0,LOUISVILLE,KY,62,4,Dark,Clear,Yard,Cut of cars,5,11660,251,11911,E09C,38.160785,-85.749194,71,71.3,70.6
BNSF,CH0620103,2020-06-20,10:18 AM,Derailment,0,ELWOOD,IL,90,2,Day,Cloudy,Yard,Yard/switching,4,8687,14740,23427,H607,41.380525,-88.15416,79.4,77.6,75.3
NS,126727,2017-09-21,5:00 PM,Derailment,0,BELLEVUE,OH,86,3,Dusk,Clear,Yard,Freight Train,1,30000,0,75960,H306,41.274423,-82.83357,71.5,74.3,74.6
UP,1117TC007,2017-11-11,5:03 AM,Derailment,0,BOONE,IA,34,4,Dark,Cloudy,Yard,Yard/switching,10,19213,78559,97772,H702,42.064252,-93.870017,24.4,37.7,37.7
ATK,178959,2024-03-24,5:03 PM,Obstruction,0,BRUNSWICK,MD,51,2,Day,Clear,Main,Passenger Train - Pulling,46,53000,0,53077,M404,39.309374,-77.579875,41.2,36.9,41.4
NS,155009,2023-12-09,9:15 PM,Other (describe in narrative),0,MINGO JUNCTION,OH,58,4,Dark,Rain,Yard,Yard/switching,3,926,13224,14150,H702,40.309626,-80.610952,49.9,55.7,44.2
NS,119870,2016-03-25,3:02 AM,Derailment,0,BELLEVUE,OH,33,4,Dark,Rain,Yard,Yard/switching,2,22600,0,22600,M411,41.273354,-82.834598,57.7,36.2,37
CSX,000158292,2016-03-17,7:18 PM,Other impacts,0,SELKIRK,NY,45,3,Dusk,Clear,Yard,Single Car,9,18066,0,39795,E06C,42.565903,-73.854184,51.2,48.2,40.8
NS,136813,2020-01-13,6:45 AM,Other (describe in narrative),0,PORTSMOUTH,OH,35,1,Dawn,Fog,Yard,Freight Train,4,67794,906,68700,H702,38.736737,-82.970788,46.2,39.5,46.2
CSX,000143403,2015-03-21,6:41 AM,Other impacts,0,TARRANT,AL,50,1,Dawn,Cloudy,Yard,Single Car,7,20510,50,30242,H316,33.543695,-86.790082,60.6,58.6,55.1
TRRA,21036OR,2021-09-01,2:25 PM,Derailment,0,MADISON,IL,82,2,Day,Clear,Yard,,0,0,22571,35496,H503,38.676411,-90.16485,76,73.6,69.9
NS,156770,2024-05-20,6:00 AM,Other impacts,0,CHARLOTTE,NC,63,1,Dawn,Clear,Yard,Cut of cars,9,3150,16238,24288,H312,35.228064,-80.852619,67.9,70.5,72.8
CSX,000204134,2022-04-10,9:30 PM,Side collision,0,NEW ORLEANS,LA,68,4,Dark,Clear,Main,Yard/switching,3,2103,7662,78827,H307,30.005993,-90.019455,63.9,69.5,70.7
NYA,NYA000043,2022-01-04,11:50 PM,Derailment,0,NEW YORK-KINGS,NY,30,4,Dark,Clear,Yard,Yard/switching,7,7328,22800,30128,E44C,40.637529,-74.021243,30.6,27.2,39.4
BNSF,HL0518121,2018-05-31,6:45 PM,Derailment,0,ST JOSEPH,MO,90,3,Dusk,Clear,Yard,Yard/switching,5,15218,2500,17718,H307,39.740562,-94.845393,75,79.7,80.7
CSX,000202900,2022-02-05,1:33 PM,Derailment,0,SELKIRK,NY,18,2,Day,Clear,Yard,Yard/switching,3,11875,1332,13207,E07C,42.566078,-73.854463,19.5,13.7,13.9
BNSF,CH0720105,2020-07-09,11:00 PM,Derailment,0,ELWOOD,IL,75,4,Dark,Rain,Yard,Freight Train,10,35000,124000,159000,H607,41.403378,-88.157006,80.2,81.2,77.2
ATK,177884,2024-01-06,12:15 PM,Obstruction,0,BRONX,NY,37,2,Day,Cloudy,Main,Passenger Train - Pulling,0,34637,0,34637,M404,40.828037,-73.885105,32,34.2,36.6
BNSF,MT0416100,2016-04-13,2:15 AM,Derailment,0,GREAT FALLS,MT,47,4,Dark,Rain,Yard,Yard/switching,5,21633,0,21633,H318,47.50276,-111.325195,55.1,48.9,40.8
IHB,2518,2019-05-16,8:16 AM,Derailment,0,RIVERDALE,IL,71,2,Day,Clear,Yard,Cut of cars,2,21816,1157,22973,S016,41.639261,-87.652638,62.6,64.9,52.3
NS,145944,2022-07-22,11:30 PM,Other (describe in narrative),0,CHARLOTTE,NC,80,4,Dark,Clear,Yard,Single Car,2,48000,630,48630,H702,35.228063,-80.852618,81.2,82.6,83.6
KCS,19111102,2019-11-11,7:30 PM,Other impacts,0,WESTLAKE,LA,72,4,Dark,Rain,Industry,Cut of cars,8,34026,0,43598,H021,30.239678,-93.286054,55.9,63.7,42
UP,0216CB012,2016-02-20,10:15 AM,Derailment,0,BOONE,IA,50,2,Day,Clear,Yard,Freight Train,5,23194,57280,86302,T220,42.060759,-93.8547,46.3,41.6,34.4
CSX,000143947,2015-03-29,2:28 AM,Side collision,0,SELKIRK,NY,21,4,Dark,Cloudy,Yard,Single Car,12,0,0,12600,H316,42.564654,-73.85257,27.9,27,36.4
UP,0618LV005,2018-06-04,5:45 AM,Derailment,0,LIVONIA,LA,80,1,Dawn,Cloudy,Yard,Yard/switching,3,185746,58220,289830,H702,30.518844,-91.546885,81.4,82.8,76
NS,120409,2016-05-07,6:00 AM,Derailment,0,ELKHART,IN,45,1,Dawn,Clear,Yard,Yard/switching,4,16042,200,16242,H312,41.67736,-85.978495,55.4,57.9,53.3
WE,150129,2015-09-05,5:13 PM,Derailment,0,BREWSTER,OH,82,2,Day,Clear,Yard,Yard/switching,13,41749,0,41749,H607,40.714809,-81.610689,71,74.8,76
CSX,000216461,2024-02-28,8:21 PM,Hwy-rail crossing,0,VOORHEESVILLE,NY,45,4,Dark,Cloudy,Main,Freight Train,37,157,18854,19011,M301,42.655653,-73.929175,46.4,52.4,25.7
NS,146461,2022-09-11,2:15 AM,Other impacts,0,LEXINGTON,NC,74,4,Dark,Cloudy,Yard,Yard/switching,0,41775,0,41775,H312,35.750594,-80.318289,68.4,74.3,74.8
KCS,21011201,2021-01-12,12:30 PM,Hwy-rail crossing,0,LEESVILLE,LA,43,2,Day,Clear,Main,Freight Train,29,13126,9792,22918,M302,31.164487,-93.273361,32.9,36.6,45.5
IC,850696,2015-05-21,6:08 AM,Derailment,0,BEDFORD PARK,IL,50,1,Dawn,Clear,Industry,Yard/switching,7,8224,18076,26300,H210,41.767116,-87.835527,46.2,57.3,59.1
NJTR,201808406,2018-08-11,12:30 AM,Derailment,0,LONG BRANCH,NJ,70,4,Dark,Clear,Yard,Yard/switching,0,48607,0,117596,H704,0,0,78.7,75.1,76.6
CSX,000180079,2018-11-28,6:30 AM,Derailment,0,VINCENNES,IN,19,1,Dawn,Clear,Yard,Freight Train,4,75518,1590,77108,H702,38.676928,-87.519565,23.7,24.7,41.9
NS,138927,2020-08-21,11:50 PM,Derailment,0,BELLEVUE,OH,66,4,Dark,Clear,Yard,Cut of cars,0,45682,0,45915,E30C,41.288298,-82.79778,66.7,71.1,74.6
CSX,000192202,2020-08-22,11:10 AM,Side collision,0,SELKIRK,NY,78,2,Day,Clear,Yard,Single Car,10,7137,0,21130,M411,42.565903,-73.854184,68.4,71.3,70.1
UP,0523HL038,2023-05-31,8:05 AM,Derailment,0,TOPEKA,KS,65,2,Day,Rain,Yard,Freight Train,4,9989,18422,28411,T212,39.07332,-95.686416,72.4,72.9,76.7
NS,131327,2018-10-13,8:47 AM,Derailment,0,ATTICA,OH,42,2,Day,Clear,Main,Freight Train,28,7000,27455,34455,E67C,41.095465,-82.873221,47.8,42.8,49.2
NS,129647,2018-05-30,1:05 PM,Hwy-rail crossing,0,BESSEMER,AL,88,2,Day,Clear,Main,,0,0,253,20994,M308,33.432651,-86.924432,73,74.4,78.2
RSOR,RSO218818,2018-05-31,2:20 PM,Fire/violent rupture,0,SAVANNAH,GA,84,2,Day,Cloudy,Main,Freight Train,15,15000,0,15097,E74L,32.069581,-81.147804,77.7,79.5,80.7
NIRC,2017070455,2017-11-09,12:01 PM,Obstruction,0,CHICAGO,IL,38,2,Day,Clear,Main,EMU,20,40000,0,40000,M404,41.766037,-87.566536,37.6,36.5,24.8
BNSF,CH0917111,2017-09-22,7:40 AM,Derailment,0,CHICAGO,IL,90,1,Dawn,Clear,Yard,Cut of cars,0,250,0,17866,H307,41.824565,-87.722356,83.6,84.5,83.3
NS,122706,2016-11-08,8:30 PM,Derailment,0,MUSCLE SHOALS,AL,72,4,Dark,Clear,Yard,Freight Train,2,10301,2163,12464,H306,34.712551,-87.616781,60.7,64.9,61.1
MNCW,2019155,2019-10-13,10:30 AM,Obstruction,0,NEW HAVEN,CT,60,2,Day,Clear,Yard,EMU,5,18174,0,18174,H307,41.298565,-72.923845,58.3,58.7,61.4
RTDC,30066,2016-12-03,5:53 PM,Derailment,0,DENVER,CO,31,4,Dark,Clear,Yard,EMU,3,26755,200,26955,H607,39.794911,-104.999134,25.4,27.3,34
NS,143208,2021-10-19,2:40 PM,Hwy-rail crossing,0,BELLMONT,IL,70,2,Day,Clear,Main,Spec. MoW Equip.,0,18000,0,18000,M308,38.385614,-87.911635,55.7,55.6,61.7
CSX,000174429,2018-01-31,5:15 PM,Derailment,0,BUFFALO,NY,25,3,Dusk,Clear,Yard,Yard/switching,2,13000,126,13126,E71L,42.901973,-78.773441,16.2,23.3,34.2
MNCW,201941,2019-04-05,12:45 PM,Obstruction,0,GREENWICH,CT,50,2,Day,Clear,Main,Spec. MoW Equip.,10,94695,0,94695,H999,41.021029,-73.628188,46.6,36.1,48.8
CSX,000145431,2015-04-24,12:58 AM,Derailment,0,BIRMINGHAM,AL,70,4,Dark,Clear,Yard,Yard/switching,4,28549,2120,30669,M599,33.513495,-86.803837,60.5,63.3,68.8
NS,140920,2021-03-13,4:00 PM,Derailment,0,MORAINE,OH,72,3,Dusk,Clear,Yard,Freight Train,5,327751,6703,334454,H303,39.687563,-84.2238,51,43.2,46.1
LI,73992,2021-02-02,5:30 PM,Derailment,0,HOLLIS,NY,24,4,Dark,Clear,Yard,EMU,9,156448,9783,166231,H702,40.706216,-73.782594,30,32.4,32.9
BNSF,MT0616103,2016-06-18,8:30 PM,Derailment,0,MALTA,MT,65,3,Dusk,Rain,Siding,Freight Train,0,137868,21390,159258,M105,48.398307,-107.57913,60.9,68.6,64
UP,0517NP040,2017-05-23,10:22 AM,Other impacts,0,NORTH PLATTE,NE,55,2,Day,Cloudy,Yard,Yard/switching,0,1075,0,13162,E34C,41.150761,-100.864271,54.6,50.4,52.7
MNCW,2019121,2019-08-19,7:34 PM,Derailment,0,BRIDGEPORT,CT,70,3,Dusk,Clear,Yard,EMU,8,119062,9834,128896,H799,41.185076,-73.164018,77.8,78.2,79.7
NJTR,202301007,2022-12-09,12:40 AM,Side collision,0,PORT JERVIS,NY,45,4,Dark,Clear,Yard,Yard/switching,0,49662,0,85578,H307,41.378469,-74.698418,45.9,33.7,28.9
IC,1061729,2021-02-16,10:14 PM,Derailment,0,DIETERICH,IL,3,4,Dark,Clear,Main,Freight Train,30,395552,150000,545552,T219,39.047211,-88.327064,6.2,5.8,11
WE,210011,2021-01-29,6:40 PM,Head on collision,0,BREWSTER,OH,21,4,Dark,Clear,Main,Spec. MoW Equip.,13,19205,2133,21556,H607,40.71385,-81.606233,21.2,20.1,21.7
BNSF,SW0815107,2015-08-29,9:10 AM,Derailment,0,GALLUP,NM,65,2,Day,Clear,Yard,Freight Train,7,20328,500,20828,H503,35.527535,-108.745636,68,69.4,68.4
NS,123025,2016-12-05,10:10 PM,Derailment,0,ARCADIA,OH,28,4,Dark,Cloudy,Main,Freight Train,5,38034,400,38434,H318,41.094903,-83.548557,35.9,35,34.9
NS,141984,2021-06-24,12:22 PM,Derailment,0,MADISON,MO,82,2,Day,Clear,Main,Freight Train,40,456900,104349,561249,E21C,39.475476,-92.175868,74.4,74.7,73.5
CUOH,CUO1165165,2016-10-19,8:25 PM,Other impacts,0,NEWARK,OH,64,4,Dark,Cloudy,Yard,Yard/switching,8,461150,0,461150,H018,40.055419,-82.399378,72.4,70.2,62.8
CSX,000186343,2019-11-01,11:50 AM,Other impacts,0,KENTON,OH,39,2,Day,Cloudy,Main,Single Car,5,515,0,12293,E08C,40.637239,-83.598274,45.3,35,38.8
CSX,000150858,2015-08-19,11:09 AM,Side collision,0,COLUMBUS,OH,86,2,Day,Clear,Industry,Cut of cars,0,34555,0,110211,H302,39.892803,-82.958421,74.9,75.8,70.8
NJTR,202303104,2023-03-07,7:47 PM,Hwy-rail crossing,0,ASBURY PARK,NJ,33,4,Dark,Clear,Main,Commuter Train - Pulling,45,5743,19380,25123,M308,40.220609,-74.012866,44.8,39.2,38.2
UP,0417CB007,2017-04-26,4:00 PM,Derailment,0,MARSHALLTOWN,IA,44,2,Day,Cloudy,Industry,Light loco(s),3,500,14229,14729,M501,42.042576,-92.912679,61.6,46.9,38.2
NYSW,150110A,2015-01-10,9:33 AM,Derailment,0,SYRACUSE,NY,15,2,Day,Clear,Main,Freight Train,3,6996,105000,111996,M204,43.048548,-76.16053,18.3,11.7,22.2
NS,113139,2014-11-22,3:40 AM,Other impacts,0,IRONDALE,AL,47,4,Dark,Clear,Yard,Light loco(s),10,12234,0,12234,H306,33.548905,-86.678008,53.9,55.5,59.4
UP,0515NP018,2015-05-25,3:37 PM,Derailment,0,NORTH PLATTE,NE,70,2,Day,Cloudy,Yard,Cut of cars,10,14572,0,93274,H503,41.145248,-100.80843,60.5,58.9,59.8
CSX,000161993,2016-08-04,12:41 AM,Other impacts,0,BIRMINGHAM,AL,75,4,Dark,Clear,Yard,Single Car,7,505,0,14679,S016,33.543607,-86.790089,82.7,85.9,84.9
CSX,000141585,2015-02-17,2:05 AM,Derailment,0,TARRANT CITY,AL,25,4,Dark,Clear,Yard,Cut of cars,6,0,0,366322,H021,33.513495,-86.803837,40.5,28.1,30.2
BNSF,PR1214111,2014-12-26,12:27 AM,Derailment,0,ALLIANCE,NE,20,4,Dark,Snow,Yard,Freight Train,6,29003,500,29503,H607,42.093173,-102.883843,27.2,17.6,8.2
NJTR,202210409,2022-10-15,11:50 PM,Hwy-rail crossing,0,HACKENSACK,NJ,53,4,Dark,Clear,Main,Passenger Train - Pulling,42,34968,12500,47468,M304,40.887087,-74.047915,57.6,57.5,56.4
UP,1015LV005,2015-10-08,4:27 PM,Obstruction,0,GRAYSON,LA,79,2,Day,Clear,Siding,Spec. MoW Equip.,0,3006,0,510867,H997,32.051457,-92.108317,75.1,76.8,78.6
BNSF,SW0124113,2024-01-20,6:45 AM,Other (describe in narrative),0,BELEN,NM,37,1,Dawn,Clear,Main,Freight Train,15,0,25002,25002,H403,34.73661,-106.811784,38,40,45
FEC,X46082624,2024-08-26,2:15 PM,Hwy-rail crossing,0,PALM BEACH GARDENS,FL,94,2,Day,Clear,Main,,0,0,393,13254,M308,26.830627,-80.091951,80.9,84.4,86
UP,0224GP018,2024-02-05,5:40 AM,Other impacts,0,NORTH PLATTE,NE,39,1,Dawn,Cloudy,Yard,Yard/switching,19,73121,396,73517,M407,41.150323,-100.813539,40.2,39.6,40.9
UP,0220HL008,2020-02-08,3:00 PM,Derailment,0,TOPEKA,KS,45,2,Day,Clear,Yard,Yard/switching,3,13662,67170,80832,H525,39.06636,-95.668822,33,31.8,40.6
MACZ,1509061600,2015-09-06,4:00 PM,Derailment,0,BALTIMORE,MD,84,2,Day,Clear,Yard,Yard/switching,5,266000,500,266500,H704,39.268438,-76.602971,77,72.8,75.2
NS,138822,2020-08-10,6:25 PM,Derailment,0,PORTSMOUTH,OH,80,3,Dusk,Clear,Yard,Cut of cars,0,518714,950,549915,E34C,38.736963,-82.956996,74.3,77,76.4
CSX,000160001,2016-05-22,5:30 AM,Derailment,0,MONTGOMERY,AL,63,1,Dawn,Clear,Yard,Yard/switching,6,23690,502,24192,E41C,32.375967,-86.32647,75.1,70.9,70.7
SW,SWC42815DF,2015-04-28,6:24 AM,Head on collision,0,ROSWELL,NM,50,1,Dawn,Clear,Siding,Freight Train,0,602000,0,2386000,H702,33.262048,-104.418854,51.1,55.5,58
UP,0324MA026,2024-03-25,6:00 PM,Other impacts,0,BOSSIER CITY,LA,60,3,Dusk,Cloudy,Industry,Freight Train,5,99277,0,198708,H607,32.563119,-93.731822,57.1,62.2,53.4
CSX,000143990,2015-03-31,11:56 PM,Derailment,0,LOUISVILLE,KY,54,4,Dark,Clear,Yard,Freight Train,7,17870,50,17920,H306,38.279918,-85.516804,55.1,59.8,56.2
NS,145732,2022-07-02,3:08 AM,Other impacts,0,CHARLOTTE,NC,70,4,Dark,Clear,Industry,Freight Train,2,9114,3826,20940,H018,35.157559,-80.876851,77.1,79.3,80.8
NS,140135,2020-12-31,6:00 PM,Derailment,0,BELLEVUE,OH,28,3,Dusk,Clear,Yard,Cut of cars,0,89551,0,1639062,H508,41.297936,-82.760942,37.8,30.9,32
UP,0715ST015,2015-07-29,7:47 PM,Fire/violent rupture,0,CARRIZOZO,NM,69,3,Dusk,Cloudy,Main,Freight Train,10,17222,0,17222,E74L,34.182067,-105.640289,72.4,65.9,65.2
MNCW,75777,2021-10-19,11:30 AM,Obstruction,0,NEW YORK -BRONX,NY,57,2,Day,Clear,Main,Spec. MoW Equip.,0,800,0,32774,H607,40.90077,-73.859155,53.7,57,67
CSX,000168419,2017-04-16,4:43 PM,Other impacts,0,ELMORE,AL,70,2,Day,Clear,Main,Freight Train,50,38711,0,38711,H996,32.538709,-86.314967,70.7,71,71.6
CSX,000176887,2018-06-08,4:51 PM,Derailment,0,MONTGOMERY,AL,92,3,Dusk,Clear,Yard,Freight Train,4,16854,11634,28488,H503,32.375967,-86.32647,79.6,81,78
CSX,000148856,2015-07-06,10:30 PM,Broken train collision,0,CUMBERLAND,MD,70,4,Dark,Rain,Yard,Yard/switching,4,22672,150,22822,S102,39.626607,-78.738852,69,74,77.6
UP,0615WH008,2015-06-13,4:30 AM,Derailment,0,COFFEYVILLE,KS,68,4,Dark,Rain,Yard,Freight Train,8,9198,7230,16428,H307,37.017893,-95.625234,77.2,73.7,76.1
CSX,000178989,2018-09-28,6:00 AM,Raking collision,0,SELKIRK,NY,52,1,Dawn,Rain,Yard,Single Car,8,0,0,23857,M407,42.565903,-73.854184,59.5,56.4,57.2
CP,1001044886,2019-08-08,11:05 AM,Other impacts,0,NORTHLAKE,IL,85,2,Day,Clear,Yard,Freight Train,10,32944,0,50355,H318,41.899843,-87.907786,77.9,78,72.7
BNSF,CH0720121,2020-07-29,10:30 PM,Other impacts,0,AURORA,IL,80,4,Dark,Clear,Yard,,0,0,0,200000,H018,41.763899,-88.306051,73.6,77,74
MNCW,69443,2018-09-27,3:54 AM,Other impacts,0,NEW HAVEN,CT,65,4,Dark,Clear,Yard,Yard/switching,2,20852,0,41704,E31C,41.298765,-72.92346,74.4,67.2,59.5
CSX,000179344,2018-10-15,5:01 PM,Derailment,0,NORTH HAVEN,CT,50,3,Dusk,Rain,Yard,,0,0,1500,172500,H503,41.334608,-72.900631,47.4,55.8,52
CSX,000193260,2020-10-10,5:47 PM,Side collision,0,SELKIRK,NY,50,3,Dusk,Clear,Yard,Yard/switching,1,11773,0,12326,E99C,42.565903,-73.854184,48.4,61.6,52.1
LI,80585,2023-09-07,10:09 AM,Derailment,0,QUEENS VILLAGE,NY,90,2,Day,Clear,Main,Work train,5,0,215706,215706,M405,40.71838,-73.732498,83.1,83,77.7
NS,153601,2023-07-12,3:40 PM,Other (describe in narrative),0,SANDUSKY,OH,75,2,Day,Cloudy,Yard,Light loco(s),4,12200,1000,13200,H702,41.435807,-82.740192,75.9,72.4,71.1
UP,0722MA045,2022-07-22,12:56 AM,Derailment,0,EAST ST LOUIS,IL,78,4,Dark,Clear,Main,Freight Train,11,187,0,199738,M204,38.610206,-90.166951,83.1,84.3,88.3
CSX,000208700,2022-12-06,11:12 AM,Hwy-rail crossing,0,MARION,OH,45,2,Day,Cloudy,Main,Freight Train,13,2021,9509,11530,M303,40.585883,-83.217381,36,45,46.2
UP,1022HL005,2022-10-11,7:35 PM,Derailment,0,COFFEYVILLE,KS,73,3,Dusk,Clear,Yard,Freight Train,7,38665,300,38965,H525,37.030097,-95.625929,66.5,68.8,67.9
CSX,000207028,2022-09-01,4:49 AM,Derailment,0,BUFFALO,NY,72,1,Dawn,Clear,Yard,Yard/switching,3,40220,7211,47431,H307,42.901926,-78.773366,71.1,64.7,69.9
CSX,000148659,2015-07-02,6:00 AM,Derailment,0,BIRMINGHAM,AL,75,4,Dark,Cloudy,Yard,Yard/switching,4,25727,100,25827,H307,33.543695,-86.790082,76.1,79.2,76.7
NS,143158,2021-10-05,5:08 AM,Other impacts,0,ATTICA,NY,65,1,Dawn,Clear,Siding,Light loco(s),10,100000,0,100033,H210,42.859365,-78.269313,64,61.1,62.2
MNCW,81864,2024-02-13,7:40 AM,Other (describe in narrative),0,POUGHKEEPSIE,NY,30,2,Day,Snow,Yard,Commuter Train - Pushing,40,0,17025,17025,H701,41.714316,-73.937325,31.6,31.8,29.4
UP,0521LA042,2021-05-24,2:56 AM,Derailment,0,HURLEY,NM,52,4,Dark,Clear,Main,Freight Train,65,2131826,4142345,6274171,E60C,32.185058,-108.392619,63.5,64.9,68.4
NS,151339,2022-11-01,7:04 PM,Derailment,0,RAVENNA,OH,45,3,Dusk,Cloudy,Main,Freight Train,35,768202,307858,1076060,H504,41.117709,-81.228178,56.8,55.4,49.9
CSX,000142433,2015-03-04,6:10 PM,Derailment,0,CINCINNATI,OH,28,3,Dusk,Snow,Yard,Yard/switching,6,27221,3140,30361,M411,39.104323,-84.538947,35.7,34.1,19.9
BNSF,SW0623114,2023-06-29,4:46 PM,Other (describe in narrative),0,LOVING,NM,100,2,Day,Clear,Yard,Freight Train,3,26171,0,26171,H018,32.312925,-104.121936,92.4,89.3,84.8
CSX,000175581,2018-04-02,8:15 AM,Side collision,0,BIRMINGHAM,AL,72,2,Day,Clear,Yard,Freight Train,8,70565,424,70989,H607,33.543607,-86.790089,65.3,68.2,72.4
UP,1020HL010,2020-10-15,8:27 AM,Hwy-rail crossing,0,OSWEGO,KS,60,2,Day,Cloudy,Main,Light loco(s),53,13811,33,13844,M302,37.120979,-95.122987,68.2,60.4,50.2
CSX,000174945,2018-02-28,12:10 PM,Derailment,0,SELKIRK,NY,58,2,Day,Cloudy,Yard,Freight Train,3,66884,475,67359,T220,42.565903,-73.854184,40,46.1,45.2
NS,151316,2022-10-29,10:15 PM,Other impacts,0,SOUTHMONT,NC,53,4,Dark,Clear,Yard,Single Car,4,22548,125,22673,H312,35.74086,-80.330499,53.2,57.3,56.8
UP,0615KC024,2015-06-29,8:00 PM,Derailment,0,KANSAS CITY,KS,84,2,Day,Clear,Yard,Yard/switching,7,73972,4056,78028,H607,39.127117,-94.604378,79.3,78.8,79.3
NCRC,OP121719,2019-12-17,4:45 PM,Raking collision,0,ALBION,NE,20,3,Dusk,Clear,Main,Light loco(s),5,1720,0,33020,H302,41.693378,-98.003929,13.5,20.8,24.8
NS,152791,2023-04-11,10:15 PM,Other impacts,0,SOUTHMONT,NC,58,4,Dark,Clear,Yard,Single Car,0,175,0,52275,H312,35.738906,-80.33295,50,56.1,64
CSX,000166756,2017-02-13,6:00 PM,Derailment,0,BIRMINGHAM,AL,58,2,Day,Clear,Yard,Cut of cars,10,34287,165,34452,S016,33.543607,-86.790089,66.9,51.3,53.6
CP,1001311037,2020-08-28,10:30 PM,Derailment,0,BARRETT,MN,58,4,Dark,Clear,Main,Freight Train,56,271242,47098,318340,M405,45.888476,-95.865155,71.3,68.5,62.5
CSX,000150343,2015-08-08,1:38 AM,Derailment,0,ATLANTA,GA,85,4,Dark,Clear,Yard,Cut of cars,4,24017,126,24143,M411,33.799641,-84.439903,79.3,80.8,82.2
NS,156178,2024-03-28,1:32 AM,Other (describe in narrative),0,SCHENECTADY,NY,45,4,Dark,Rain,Yard,Cut of cars,0,12000,0,46150,H702,42.814066,-73.942703,43.6,44,41.9
NS,127755,2017-12-13,12:12 PM,Derailment,0,BELLEVUE,OH,23,2,Day,Snow,Main,Freight Train,8,5641,12808,18449,M405,41.270728,-82.841615,23.4,20,19
SLR,SLR714015G,2015-03-23,2:55 PM,Hwy-rail crossing,0,AUBURN,ME,27,2,Day,Clear,Main,Freight Train,10,20000,8000,28000,M304,44.033774,-70.284322,18.5,17.5,24.3
LI,72166,2020-05-02,6:58 AM,Derailment,0,JAMAICA,NY,57,1,Dawn,Clear,Main,Work train,4,1578,16771,18349,M505,40.699151,-73.80926,57,62.5,64.1
NS,129252,2018-04-24,9:15 PM,Derailment,0,BELLEVUE,OH,60,4,Dark,Rain,Yard,Yard/switching,8,87951,40280,128231,E34C,41.274423,-82.83357,54.2,51.9,48.9
NS,157233,2024-07-01,11:20 PM,Other (describe in narrative),0,GREENSBORO,NC,75,4,Dark,Clear,Yard,Freight Train,5,37422,40,37462,H702,36.059928,-79.842014,83.7,77.1,72.2
NYA,032915,2015-03-29,11:50 PM,Derailment,0,WYANDANCH,NY,38,4,Dark,Clear,Siding,Freight Train,4,42000,400000,442000,H210,40.752558,-73.368133,34.2,33,42.1
CSX,000162661,2016-09-05,10:27 AM,Other impacts,0,BIRMINGHAM,AL,88,2,Day,Clear,Yard,Freight Train,0,3000,0,14471,H607,33.543607,-86.790089,80.8,81.2,80.4
NS,155523,2024-01-23,10:00 AM,Other (describe in narrative),0,PORTSMOUTH,OH,45,2,Day,Cloudy,Yard,Cut of cars,8,0,2631,28616,H702,38.736826,-82.957246,23,36.1,45.7
CSX,000160834,2016-06-24,12:44 AM,Other impacts,0,MONTGOMERY,AL,72,4,Dark,Clear,Yard,Cut of cars,4,3060,0,12295,H018,32.399134,-86.317858,81.3,83.3,86
NS,144660,2022-03-10,7:00 AM,Derailment,0,WOODVILLE,AL,54,1,Dawn,Clear,Siding,Freight Train,12,410,27501,27911,E64C,34.669181,-86.164328,47.2,50.4,51.8
CSX,000184365,2019-07-26,12:11 AM,Obstruction,0,DEFIANCE,OH,64,4,Dark,Clear,Main,Freight Train,57,0,60258,60258,M402,41.279636,-84.341677,70.8,73,75.8
NJTR,202103092,2021-02-22,8:20 PM,Other impacts,0,NEW BRUNSWICK,NJ,35,4,Dark,Clear,Yard,EMU,7,30287,0,30287,H607,40.471733,-74.473354,27.5,31.8,38.6
CSX,000149372,2015-07-17,11:04 AM,Derailment,0,WALBRIDGE,OH,85,2,Day,Cloudy,Yard,Yard/switching,3,11064,350,11414,H702,41.589331,-83.531708,67.2,75.5,77.6