reportingrailroadcode,accidentnumber,date,time,accidenttype,hazmatreleasedcars,station,stateabbr,temperature,visibility_code,visibility,weathercondition,tracktype,equipmenttype,trainspeed,equipmentdamagecost,trackdamagecost,totaldamagecost,primaryaccidentcausecode,latitude,longitude,prior_temp,actual_temp,following_temp
RCRY,202201,2022-03-15,12:00 PM,Derailment,0,EDISON,NJ,60,2,Day,Clear,Yard,Yard/switching,7,5700,12000,17700,H306,40.496787,-74.33681,43.4,53.2,55
CSX,000219624,2024-07-29,1:15 PM,Other impacts,0,TOLEDO,OH,92,2,Day,Cloudy,Yard,Single Car,1,3128,0,42130,H318,41.667503,-83.482524,77.8,79.9,79.5
UP,0515NP018,2015-05-25,3:37 PM,Derailment,0,NORTH PLATTE,NE,70,2,Day,Cloudy,Yard,Yard/switching,0,26147,30352,93274,H503,41.145248,-100.80843,60.5,58.9,59.8
CSX,000152517,2015-09-28,5:42 AM,Derailment,0,BIRMINGHAM,AL,68,1,Dawn,Cloudy,Yard,Freight Train,6,15289,20488,35777,S011,33.543695,-86.790082,71.5,71.5,77.2
NS,156372,2024-04-15,3:35 PM,Derailment,0,SOUTHMONT,NC,86,2,Day,Clear,Yard,Yard/switching,5,300,15565,15865,H702,35.74086,-80.330499,64.3,70.8,71.7
CP,1000756662,2018-05-16,12:50 AM,Derailment,0,CARRINGTON,ND,65,4,Dark,Clear,Main,Freight Train,4,280,0,18329,H703,47.455771,-99.132548,65,71.6,57.2
CP,1000806360,2018-07-16,1:10 PM,Obstruction,0,CROWN POINT,NY,92,2,Day,Clear,Main,,0,0,108,26785,E79L,43.961136,-73.41357,76.6,76.3,73.8
NS,157838,2024-08-26,9:00 AM,Other impacts,0,IRONDALE,AL,75,2,Day,Clear,Yard,Spec. MoW Equip.,7,0,27222,37222,H402,33.555373,-86.683972,79.9,80.1,82.2
ATK,177098,2023-11-09,12:05 AM,Derailment,0,BOSTON,MA,34,4,Dark,Clear,Yard,Yard/switching,8,25138,19600,44738,H702,42.33271,-71.06005,42.1,40.1,45.5
BPRR,BPR856418D,2018-11-16,4:50 PM,Derailment,0,MACHIAS,NY,25,4,Dark,Cloudy,Main,Freight Train,15,14530,0,14530,E51L,42.435825,-78.474195,27.2,33,35.5
CSX,000219205,2024-07-10,9:30 AM,Side collision,0,NEWARK,NJ,80,2,Day,Clear,Yard,Freight Train,4,10502,0,1794263,H307,40.714583,-74.158927,84.3,85.4,83.5
CSX,000179667,2018-11-02,10:35 PM,Other impacts,0,SELKIRK,NY,45,4,Dark,Rain,Yard,Cut of cars,15,18556,80,18636,M407,42.565903,-73.854184,53.1,57.7,49.8
CSX,000173287,2017-12-08,12:22 AM,Derailment,0,MARYSVILLE,OH,18,4,Dark,Clear,Industry,Light loco(s),6,27272,732,28004,H303,40.216323,-83.331898,27,21.8,24.1
NS,120604,2016-05-22,3:35 PM,Derailment,0,PRINCETON,IN,80,2,Day,Clear,Yard,Freight Train,7,2180,11491,13671,M101,38.342193,-87.565399,61.4,66.1,68.2
CWRO,201783,2017-12-28,4:30 PM,Raking collision,0,CLEVELAND,OH,15,2,Day,Cloudy,Industry,Yard/switching,5,20000,250,20250,H401,41.467258,-81.676253,11.9,14.3,16.3
CSX,000212450,2023-07-21,11:20 PM,Derailment,0,WEST SPRINGFIELD,MA,78,4,Dark,Clear,Yard,Freight Train,8,94347,112,94459,H505,42.098515,-72.620806,73.2,70.5,71
WC,1012008,2019-09-08,11:10 AM,Derailment,0,GARY,IN,64,2,Day,Cloudy,Yard,Freight Train,5,26400,50000,76400,H702,41.633617,-87.399763,68.3,63.7,67.4
NS,145732,2022-07-02,3:08 AM,Other impacts,0,CHARLOTTE,NC,70,4,Dark,Clear,Industry,Single Car,2,8000,0,20940,H018,35.157559,-80.876851,77.1,79.3,80.8
NJTR,201509548,2015-09-14,6:45 PM,Other (describe in narrative),0,HARRISON,NJ,70,2,Day,Clear,Main,EMU,35,37840,13622,51462,E78L,40.744032,-74.158754,70.8,66.7,72.3
CRSH,142902,2021-09-20,9:45 PM,Derailment,0,NEWARK,NJ,70,4,Dark,Clear,Yard,,0,0,14092,70092,H506,40.688728,-74.162056,72.6,69.3,72.1
IC,1046725,2020-09-01,12:05 AM,Derailment,0,BOURBONNAIS,IL,75,4,Dark,Clear,Yard,Cut of cars,1,101614,1981,103595,H020,41.183157,-87.853805,70.5,71,72.8
CSX,000148856,2015-07-06,10:30 PM,Broken train collision,0,CUMBERLAND,MD,70,4,Dark,Rain,Yard,Cut of cars,0,0,0,22822,S102,39.626607,-78.738852,69,74,77.6
CSX,000152539,2015-09-28,2:06 PM,Other impacts,0,CINCINNATI,OH,80,2,Day,Clear,Yard,Single Car,13,12229,0,13311,S016,39.104323,-84.538947,69.6,70.3,69.1
CSX,000141979,2015-02-20,1:30 AM,Side collision,0,BIRMINGHAM,AL,21,4,Dark,Cloudy,Yard,Cut of cars,3,107208,21942,209853,H020,33.513495,-86.803837,22.3,27.1,50.7
KCS,17072203,2017-07-22,10:12 PM,Derailment,0,KANSAS CITY,KS,80,4,Dark,Rain,Main,Freight Train,4,100165,0,110165,M404,39.084297,-94.610794,90.1,90,82.5
UP,0117KC011,2017-01-22,6:22 PM,Other impacts,0,KANSAS CITY,KS,40,4,Dark,Cloudy,Yard,Freight Train,4,1188,0,16663,H602,39.130499,-94.611553,46.5,42.5,35.9
KCS,15070701,2015-07-07,5:20 AM,Derailment,0,SHREVEPORT,LA,78,4,Dark,Clear,Yard,Yard/switching,3,281,17040,17321,H702,32.540322,-93.839538,82.1,83.6,84.2
IHB,2674,2021-03-18,8:25 AM,Side collision,0,RIVERDALE,IL,37,2,Day,Rain,Yard,Cut of cars,0,4100,0,34100,M105,41.639498,-87.654897,36.8,38.3,37.5
LI,76431,2022-01-30,5:36 PM,Other (describe in narrative),0,BALDWIN,NY,17,3,Dusk,Clear,Main,EMU,60,10870,22587,33457,M509,40.656743,-73.608901,20.1,18.6,23.3
CSX,000173951,2018-01-10,3:40 AM,Derailment,0,SELKIRK,NY,36,4,Dark,Cloudy,Yard,Yard/switching,8,49655,188,49843,M411,42.565903,-73.854184,31.4,26.2,44.1
CSX,000183100,2019-05-21,12:00 PM,Derailment,0,SELKIRK,NY,59,2,Day,Clear,Yard,Freight Train,7,35307,2000,37307,T221,42.565903,-73.854184,70.6,56.8,58.2
CSX,000208583,2022-11-29,8:24 PM,Side collision,0,BUFFALO,NY,45,4,Dark,Cloudy,Yard,Yard/switching,5,52617,0,61199,H306,42.901926,-78.773366,36.7,40.4,42.2
CRSH,140159,2021-01-01,4:00 AM,Other impacts,0,NEWARK,NJ,37,1,Dawn,Clear,Yard,Yard/switching,5,915,500,168153,H317,40.706693,-74.133706,42.5,34.8,41.9
NS,153722,2023-07-27,3:30 AM,Side collision,0,BELLEVUE,OH,71,4,Dark,Cloudy,Yard,Freight Train,0,22100,12445,50295,H305,41.293018,-82.783058,75.3,75.9,77
NS,124392,2017-03-20,1:00 AM,Derailment,0,FORT VALLEY,GA,40,4,Dark,Clear,Main,Freight Train,5,1200,24135,25335,E0HC,32.558556,-83.877813,59.1,58.1,72.7
BNSF,MT0922103,2022-09-11,10:45 AM,Derailment,0,GREAT FALLS,MT,85,2,Day,Clear,Yard,Yard/switching,3,27500,3200,30700,H307,47.502201,-111.322731,54,67,66.7
ATK,171073,2022-05-01,8:12 PM,Other (describe in narrative),0,SECAUCUS,NJ,50,4,Dark,Cloudy,Main,,0,0,4808,18270,E78L,40.770604,-74.055284,54.9,56.8,53.8
BNSF,SW0715104,2015-07-14,5:35 PM,Derailment,0,VAUGHN,NM,74,3,Dusk,Clear,Main,Freight Train,30,3900,222000,225900,E65C,34.49156,-104.916983,74.5,71.4,67.7
BNSF,PR0717118,2017-07-05,6:35 PM,Derailment,0,DENVER,CO,75,3,Dusk,Clear,Main,Freight Train,8,1000,0,68239,H994,39.803335,-105.017227,76.1,79.3,79.4
NOPB,NOPB00065F,2024-02-21,8:00 PM,Raking collision,0,NEW ORLEANS,LA,65,4,Dark,Clear,Yard,Freight Train,0,17000,0,17300,H307,29.91584,-90.10418,55.9,60.9,65.2
UP,0418PR008,2018-04-07,8:00 AM,Other impacts,0,MELROSE PARK,IL,35,2,Day,Cloudy,Yard,Single Car,0,1474,0,12916,M411,41.897406,-87.898368,34,28.9,31.4
CSX,000162661,2016-09-05,10:27 AM,Other impacts,0,BIRMINGHAM,AL,88,2,Day,Clear,Yard,Light loco(s),4,11471,0,14471,H607,33.543607,-86.790089,80.8,81.2,80.4
BNSF,SW0424105,2024-04-18,11:38 AM,Derailment,0,BELEN,NM,80,2,Day,Clear,Main,Freight Train,3,184346,12158,196504,H701,34.625423,-106.774909,62,67.2,66.1
BNSF,CH0720104,2020-07-09,7:10 PM,Derailment,0,GALESBURG,IL,85,3,Dusk,Cloudy,Yard,Freight Train,6,24000,3200,27200,S011,40.911223,-90.380121,80.8,79.1,75.3
CSX,000148676,2015-07-02,3:30 AM,Other impacts,0,MOBILE,AL,74,4,Dark,Cloudy,Yard,Cut of cars,2,32631,0,66823,H021,30.70835,-88.045877,79.2,80.3,83.5
CSX,000144737,2015-04-07,11:45 PM,Derailment,0,CLEVELAND,OH,45,4,Dark,Rain,Yard,Freight Train,5,24125,6000,30125,M405,41.568365,-81.563248,49.7,42,39.2
MNCW,68574,2018-10-10,1:25 AM,Other impacts,0,STAMFORD,CT,65,4,Dark,Clear,Yard,Cut of cars,1,20852,0,41704,E31C,41.050115,-73.53177,68.3,71.9,70.8
FEC,X44082324,2024-08-23,12:25 PM,Hwy-rail crossing,0,POMPANO BEACH,FL,88,2,Day,Cloudy,Main,,0,0,782,15282,M308,26.2616,-80.114478,80.4,83.9,83.4
LI,80568,2023-08-28,3:03 PM,Derailment,0,RICHMOND HILL,NY,76,2,Day,Cloudy,Yard,Yard/switching,3,4325,9406,13731,M405,40.69709,-73.82209,75.3,71.5,72.6
IORY,IOR204422D,2022-09-26,12:55 PM,Derailment,0,READING,OH,72,2,Day,Clear,Yard,Freight Train,7,9446,2100,11546,E04C,39.230906,-84.4368,64.8,60,54.4
CSX,000150715,2015-08-16,2:20 AM,Derailment,0,EAST SYRACUSE,NY,65,4,Dark,Clear,Yard,Yard/switching,5,37116,907,38023,H523,43.067106,-76.048455,73.9,75.8,77.7
IC,927058,2017-06-24,1:00 AM,Derailment,0,JOLIET,IL,60,4,Dark,Clear,Yard,Freight Train,2,38229,15486,53715,H704,41.540869,-88.060065,74.8,67.6,64
LI,77019,2022-04-25,7:44 PM,Obstruction,0,NEW YORK -QUEENS,NY,54,3,Dusk,Cloudy,Main,EMU,40,173622,0,173622,M503,40.752916,-73.842645,54,51.4,53.7
ATK,181191,2024-07-16,6:00 PM,Obstruction,0,STONY POINT,NY,0,2,Day,Rain,Main,Passenger Train - Pulling,75,15500,0,15500,M404,42.509933,-73.70235,81.1,82.7,78.5
MRL,2017005,2017-01-07,10:20 PM,Rear end collision,0,HELENA,MT,18,4,Dark,Snow,Yard,Light loco(s),1,11800,0,15800,H307,46.599826,-112.010384,0.8,-1.1,10
NS,124104,2017-02-25,8:25 PM,Other impacts,0,BELLEVUE,OH,28,4,Dark,Clear,Yard,Yard/switching,3,25000,0,37755,H706,41.274423,-82.83357,59.8,38.2,32.6
ATK,174708,2023-05-12,9:22 PM,Other (describe in narrative),0,ROLLINGSTONE,MN,64,4,Dark,Cloudy,Main,Passenger Train - Pulling,64,12604,0,12604,E79L,44.15867,-91.811584,66.2,63.1,64.8
AGR,AGR945722,2022-04-06,11:45 AM,Derailment,0,MOBILE,AL,75,2,Day,Cloudy,Yard,,0,0,35000,727000,H525,30.71963,-88.051646,70.8,76.9,68.6
UP,0724RM021,2024-07-17,6:30 PM,Derailment,0,POCATELLO,ID,84,3,Dusk,Cloudy,Yard,Yard/switching,5,43061,242881,285942,E76L,42.858162,-112.443316,75,73.9,75.8
LIRC,0401201901,2019-04-01,12:25 PM,Hwy-rail crossing,0,FRANKLIN,IN,45,2,Day,Clear,Main,,0,0,3000,19465,M304,39.5207,-86.0665,31.4,34.9,44.7
MNCW,2018022130,2018-02-21,11:53 AM,Obstruction,0,CROTON ON HUDSON,NY,32,2,Day,Clear,Yard,Spec. MoW Equip.,1,2500,9432,11932,H997,41.18649,-73.88122,52.4,62.8,41.8
NS,121711,2016-07-22,10:53 AM,Other impacts,0,BELLEVUE,OH,72,2,Day,Clear,Yard,Yard/switching,5,32500,0,32500,M411,41.273354,-82.834598,80.1,82.5,82.6
UP,1216PR012,2016-12-13,1:40 AM,Derailment,0,JOLIET,IL,10,4,Dark,Cloudy,Yard,Light loco(s),9,36889,0,61267,H607,41.480598,-88.09005,19.7,14.1,10.4
UP,0515NP018,2015-05-25,3:37 PM,Derailment,0,NORTH PLATTE,NE,70,2,Day,Cloudy,Yard,Cut of cars,0,16835,0,93274,H503,41.145248,-100.80843,60.5,58.9,59.8
CSX,000178657,2018-09-08,1:22 PM,Other impacts,0,CINCINNATI,OH,68,2,Day,Rain,Yard,Cut of cars,13,25600,0,25600,S014,39.124551,-84.542521,75.1,67.1,60.8
CSX,000218820,2024-06-21,4:00 PM,Derailment,0,SYRACUSE,NY,70,2,Day,Clear,Industry,Cut of cars,10,12085,477,12562,M501,43.088648,-76.14344,83,80.2,78.6
BNSF,MT0215105,2015-02-18,9:35 PM,Derailment,0,WILLISTON,ND,10,4,Dark,Clear,Main,Freight Train,6,3000,130521,133521,H605,48.142997,-103.607234,3,4.9,25.2
UP,0522GP002,2022-05-06,8:25 AM,Derailment,0,LEXINGTON,NE,43,2,Day,Cloudy,Yard,Freight Train,5,31897,8899,40796,M404,40.77206,-99.724574,48.2,55,64.5
MNCW,201993,2019-07-17,1:20 AM,Other (describe in narrative),0,STAMFORD,CT,70,4,Dark,Clear,Yard,EMU,3,18138,0,18138,H307,41.048725,-73.534775,77.5,80.2,72.9
NS,120105,2016-04-11,12:15 PM,Derailment,0,AMHERST,OH,38,2,Day,Cloudy,Yard,Freight Train,2,16812,3500,20312,H506,41.405802,-82.271144,31.5,50.6,38.9
NS,131121,2018-09-29,10:20 AM,Derailment,0,BELLEVUE,OH,60,2,Day,Clear,Yard,Yard/switching,2,7233,13591,20824,M405,41.293228,-82.782682,59.1,56.3,62.9
CSX,000216108,2024-02-10,10:07 AM,Other impacts,0,SELKIRK,NY,46,2,Day,Clear,Yard,Cut of cars,4,111746,0,206176,M407,42.5757,-73.936,45.1,45.9,40.1
CSX,000158076,2016-03-12,5:26 PM,Derailment,0,MARBURY,AL,78,3,Dusk,Clear,Main,Freight Train,11,13211,377,13588,E22C,32.697823,-86.463081,69.4,69.7,68.6
NS,129141,2018-04-13,3:45 AM,Derailment,0,BELLEVUE,OH,48,4,Dark,Clear,Yard,Yard/switching,4,18100,0,21500,H99E,41.288306,-82.801342,60.2,54.4,43
NS,133648,2019-04-21,6:00 PM,Other impacts,0,MINGO JUNCTION,OH,57,3,Dusk,Cloudy,Yard,Cut of cars,0,274970,25000,303570,H305,40.297051,-80.616662,54.7,48.9,54.5
NS,125018,2017-05-11,4:05 PM,Other impacts,0,IRONDALE,AL,82,3,Dusk,Clear,Yard,Yard/switching,10,350,800,109450,M408,33.548905,-86.67801,75.8,75.8,72.5
FGLK,12112015,2015-12-11,7:00 PM,Derailment,0,WATERLOO,NY,50,4,Dark,Clear,Yard,Freight Train,3,10000,4496,18396,H306,42.877092,-76.961615,47,51.2,45.7
BNSF,TC0120111,2020-01-07,8:00 PM,Derailment,0,DULUTH,MN,9,3,Dusk,Snow,Yard,Yard/switching,10,13965,1000,15600,H703,46.728585,-92.166863,25.1,15.5,0.4
CSX,000196275,2021-03-13,9:20 AM,Derailment,0,MARYSVILLE,OH,40,2,Day,Clear,Industry,Freight Train,6,49632,2506,52138,M599,40.308492,-83.449015,47.5,37.9,41.6
UP,0717FW015,2017-07-13,10:30 PM,Derailment,0,PARSONS,KS,71,4,Dark,Rain,Yard,Freight Train,0,59788,0,111108,H307,37.33757,-95.264827,85.7,84.9,76.6
LSI,64167,2015-03-01,1:00 AM,Other impacts,0,PALMER,MI,9,4,Dark,Clear,Industry,Light loco(s),7,48123,0,48123,H302,46.431146,-87.629107,12.1,16.7,16.7
BNSF,NE0715100,2015-07-03,3:30 PM,Derailment,0,FREMONT,NE,88,2,Day,Clear,Main,Freight Train,18,37500,3700,41200,E24C,41.493888,-96.465968,66.6,69.6,72.6
CSX,000180176,2018-12-05,5:45 AM,Other impacts,0,CINCINNATI,OH,30,1,Dawn,Snow,Yard,Cut of cars,17,19500,0,19500,M407,39.124551,-84.542521,34.9,31.1,33.2
BNSF,KS0922107,2022-09-16,1:05 PM,Side collision,0,KANSAS CITY,KS,82,2,Day,Clear,Yard,Yard/switching,0,188254,2500,271586,M407,39.082172,-94.677799,75.6,74.9,80.6
NS,129610,2018-05-25,5:30 PM,Derailment,0,ELKHART,IN,82,3,Dusk,Clear,Yard,Yard/switching,4,5046,0,13102,H306,41.67736,-85.978495,68.5,72.4,75.9
NS,155166,2023-12-28,5:25 AM,Derailment,0,GREENSBORO,NC,40,1,Dawn,Clear,Yard,Freight Train,5,13100,10500,23600,H702,36.059928,-79.842014,56.2,50,39.7
UP,0919HL015,2019-09-13,1:58 PM,Derailment,0,KANSAS CITY,MO,73,2,Day,Clear,Yard,Yard/switching,7,203,62860,63063,H702,39.113906,-94.481136,79.2,70.8,77.4
NS,127045,2017-10-17,12:45 AM,Derailment,0,MUSCLE SHOALS,AL,52,4,Dark,Clear,Yard,Yard/switching,2,5208,14204,19412,S007,34.712551,-87.616781,58.1,56,55.9
BNSF,SW0324203,2024-03-17,9:57 AM,Hwy-rail crossing,0,CLOVIS,NM,45,2,Day,Rain,Main,Single Car,25,30470,0,30470,M399,34.39582,-103.17827,42.9,45.2,44.9
CSX,000197251,2021-04-27,3:05 AM,Other impacts,0,TOLEDO,OH,50,4,Dark,Cloudy,Yard,Yard/switching,4,19168,0,19168,H312,41.58993,-83.49686,46.8,66.2,70.7
UP,0418PR008,2018-04-07,8:00 AM,Other impacts,0,MELROSE PARK,IL,35,2,Day,Cloudy,Yard,Single Car,0,10782,660,12916,M411,41.897406,-87.898368,34,28.9,31.4
IC,1029697,2020-03-14,5:05 PM,Side collision,0,MARKHAM,IL,32,2,Day,Cloudy,Yard,Yard/switching,5,2500,0,12000,H318,41.595022,-87.650822,41.8,36.3,35.2
NS,151160,2022-10-14,6:20 AM,Derailment,0,SOUTHMONT,NC,68,1,Dawn,Clear,Yard,Single Car,4,75,11702,11777,H312,35.737929,-80.334175,66.3,59.1,59.3
NS,136457,2019-12-09,11:30 AM,Other impacts,0,DECATUR,IL,35,2,Day,Clear,Yard,Single Car,0,26000,0,38402,H312,39.853753,-88.912251,43.8,43.6,22.9
BNSF,RD0422109,2022-04-14,2:00 AM,Derailment,0,AVONDALE,LA,70,4,Dark,Rain,Yard,Freight Train,6,9813,25662,35475,H607,29.916888,-90.186858,76.8,70.6,74.7
UP,1119GC007,2019-11-06,2:19 AM,Other impacts,0,LIVONIA,LA,57,4,Dark,Clear,Yard,Yard/switching,2,13533,0,21607,S007,30.525512,-91.555721,63.4,64,68.8
IC,1136282,2023-07-12,8:50 AM,Derailment,0,LEMONT,IL,73,2,Day,Clear,Industry,Freight Train,4,12000,250,12250,H704,41.728451,-87.884216,73.9,68.8,69.1
CSX,000189214,2020-03-19,4:44 AM,Side collision,0,SELKIRK,NY,39,1,Dawn,Rain,Yard,Yard/switching,7,11578,0,11723,H995,42.565903,-73.854184,43,43.2,51.9
NS,123133,2016-12-13,11:35 AM,Derailment,0,DECATUR,IL,23,2,Day,Cloudy,Yard,Yard/switching,6,11609,0,11609,M204,39.851597,-88.92466,28.2,24.4,15.1
NS,138430,2020-07-06,3:20 AM,Derailment,0,BELLEVUE,OH,78,4,Dark,Clear,Yard,Yard/switching,1,10619,1200,11819,H506,41.29231,-82.784212,77,80.6,81.7
MNCW,2018032750,2018-03-27,2:52 AM,Other impacts,0,CROTON ON HUDSON,NY,42,4,Dark,Clear,Yard,Cut of cars,1,24085,0,24085,E31C,41.118715,-73.882715,36.3,36,43.4
CSX,000143422,2015-03-21,9:05 PM,Other impacts,0,WAYCROSS,GA,70,4,Dark,Cloudy,Yard,Cut of cars,0,1523,0,33019,M407,31.213524,-82.353589,70,74.7,68.3
IHB,2320,2017-06-20,2:25 AM,Derailment,0,RIVERDALE,IL,58,4,Dark,Clear,Yard,Yard/switching,6,11494,66835,78329,M405,41.63957,-87.6421,68.3,66,68.8
UP,0523HL031,2023-05-25,11:34 AM,Derailment,0,KANSAS CITY,KS,74,2,Day,Clear,Yard,Yard/switching,1,4684,55302,100760,M203,39.097463,-94.665905,71,73.9,70.6
MNCW,80465,2023-08-02,9:49 AM,Other (describe in narrative),0,NEW YORK NEW YORK,NY,58,2,Day,Clear,Main,EMU,6,0,35632,35632,H221,40.753152,-73.97738,73.9,72.2,73.1
UP,1215NP013,2015-12-12,12:13 PM,Other impacts,0,NORTH PLATTE,NE,35,2,Day,Cloudy,Yard,Yard/switching,4,3631,0,13652,M411,41.146422,-100.8416,38.3,31.7,32.4
CSX,000188572,2020-02-20,7:19 PM,Hwy-rail crossing,0,LIVERPOOL,NY,20,4,Dark,Cloudy,Main,Spec. MoW Equip.,5,16500,0,16500,M302,43.150778,-76.20315,29.7,21.1,22.2
CP,1000230019,2015-06-28,1:50 PM,Derailment,0,MINNEAPOLIS,MN,82,2,Day,Cloudy,Yard,Freight Train,6,84967,175,85142,H503,45.020561,-93.262133,72.4,70,72.1
NS,116818,2015-05-30,3:15 AM,Raking collision,0,BRADY LAKE,OH,55,4,Dark,Clear,Main,Cut of cars,0,0,5,20485,E83C,41.202988,-81.376419,73.4,73.5,65.4
TCWR,TCW082316A,2016-08-23,10:40 PM,Derailment,0,DANUBE,MN,65,4,Dark,Rain,Industry,Yard/switching,5,6657,17940,24597,H702,44.79377,-95.100868,70,71.9,69.2
BNSF,HL0117106,2017-01-05,9:43 PM,Derailment,0,MOUNTAIN GROVE,MO,17,4,Dark,Cloudy,Main,Freight Train,9,380826,185000,565826,M101,37.126108,-92.289344,22.9,19.6,11.7
BNSF,TC1220104,2020-12-27,12:40 PM,Derailment,0,FRIDLEY,MN,24,2,Day,Snow,Yard,Yard/switching,7,59417,9600,69017,S007,45.042941,-93.272576,17.8,20.9,15.2
LI,EQ20150701,2015-07-03,11:51 PM,Derailment,0,BABYLON,NY,69,4,Dark,Clear,Yard,EMU,5,631000,13000,644000,M405,40.706048,-73.311668,72.7,71.7,70.9
CSX,000159589,2016-05-07,10:45 AM,Derailment,0,CASTLEBERRY,AL,80,2,Day,Clear,Main,Freight Train,46,99195,152604,251799,E62C,31.32914,-87.019999,60.2,64.6,69.4
CIND,CIN838521O,2021-06-18,8:00 PM,Derailment,0,CLEVES,OH,73,2,Day,Cloudy,Main,,0,0,33744,120206,M204,39.169722,-84.774444,71.4,73.8,71.9
UP,0220HL005,2020-02-05,5:30 AM,Other impacts,0,KANSAS CITY,KS,29,1,Dawn,Cloudy,Yard,Yard/switching,4,29495,0,30655,H308,39.09576,-94.65681,33,28.2,29.1
NS,127780,2017-12-15,3:24 AM,Derailment,0,OREGON,OH,17,4,Dark,Clear,Yard,Yard/switching,0,16850,1000,35024,E39C,41.663389,-83.467411,16.3,22.3,33.2
CSX,000180577,2019-01-02,8:20 PM,Other impacts,0,WAYCROSS,GA,29,4,Dark,Clear,Yard,Cut of cars,4,72000,1884,73884,M411,31.213524,-82.353588,69.7,64.6,65.9
CSX,000217791,2024-05-03,10:00 PM,Side collision,0,CUMBERLAND,MD,55,4,Dark,Rain,Yard,Yard/switching,4,175913,0,183063,H702,39.644507,-78.760868,70.1,66.8,55
NS,140147,2021-01-03,3:07 AM,Derailment,0,BELLEVUE,OH,34,4,Dark,Rain,Yard,Yard/switching,0,1300,18700,20000,H504,41.29292,-82.783218,35.7,35.5,33.5
BNSF,HL0916111,2016-09-26,10:46 AM,Derailment,0,BIRMINGHAM,AL,90,2,Day,Clear,Yard,Yard/switching,10,40411,125000,165411,H307,33.528395,-86.846903,84.1,80.8,76.2
NS,129511,2018-05-18,1:30 PM,Other (describe in narrative),0,SLOAN,NY,72,2,Day,Clear,Yard,Yard/switching,3,12205,121,12326,H702,42.888073,-78.788196,71.4,63.6,68.6
NS,152004,2023-01-14,4:00 PM,Other impacts,0,LEXINGTON,NC,60,3,Dusk,Clear,Yard,Single Car,4,50000,2390,80890,H312,35.750594,-80.31829,47.6,36.7,36.9
CSX,000141585,2015-02-17,2:05 AM,Derailment,0,TARRANT CITY,AL,25,4,Dark,Clear,Yard,Yard/switching,8,360008,6314,366322,H021,33.513495,-86.803837,40.5,28.1,30.2
UP,0124GP015,2024-01-13,1:52 PM,Derailment,0,NORTH PLATTE,NE,-15,2,Day,Cloudy,Yard,Yard/switching,10,11854,7100,18954,M101,41.14986,-100.809822,2.8,-9.8,-6.6
NJTR,201507411,2015-07-07,10:30 AM,Other (describe in narrative),0,HOBOKEN,NJ,83,2,Day,Clear,Yard,Yard/switching,5,11000,1000,12000,H599,40.734926,-74.033823,76.7,80.2,80.2
NJTR,201612580,2016-12-04,12:40 PM,Derailment,0,HOBOKEN,NJ,45,2,Day,Clear,Main,Commuter Train - Pushing,11,14000,0,14000,E69C,40.734816,-74.030863,44.2,42.2,43.4
NS,140135,2020-12-31,6:00 PM,Derailment,0,BELLEVUE,OH,28,3,Dusk,Clear,Yard,Cut of cars,0,4700,0,1639062,H508,41.297936,-82.760942,37.8,30.9,32
NJTR,201702059,2017-02-17,12:01 AM,Other impacts,0,RARITAN,NJ,27,4,Dark,Clear,Yard,Yard/switching,3,33142,3850,71984,H020,40.570282,-74.643301,32.6,32.2,41.5
ATK,159829,2019-07-01,2:45 PM,Fire/violent rupture,0,HAMILTON SQUARE,NJ,82,2,Day,Clear,Main,Spec. MoW Equip.,0,3500000,0,3500000,E99L,40.255616,-74.703804,76.7,73.7,77.6
BNSF,SW0921114,2021-09-27,10:32 AM,Derailment,0,LOVING,NM,90,2,Day,Clear,Industry,Freight Train,9,58680,0,58680,H307,32.418336,-103.93366,74.3,75.6,72.7
CSX,000208583,2022-11-29,8:24 PM,Side collision,0,BUFFALO,NY,45,4,Dark,Cloudy,Yard,Yard/switching,5,7128,1454,61199,H306,42.901926,-78.773366,36.7,40.4,42.2
NS,139485,2020-10-20,2:42 PM,Hwy-rail crossing,0,PAYNE,OH,45,2,Day,Cloudy,Main,Freight Train,39,78480,0,78480,M303,41.077688,-84.803346,44.7,45.8,55.7
CSX,000150076,2015-07-30,9:25 AM,Side collision,0,BIRMINGHAM,AL,90,2,Day,Clear,Yard,Yard/switching,0,0,175900,175900,H020,33.513495,-86.803837,81.5,83.5,80.6
BNSO,BNSO101910,2019-10-20,12:30 PM,Derailment,0,CHICAGO,IL,59,2,Day,Cloudy,Yard,Passenger Train - Pulling,10,10000,0,20000,H703,41.86838,-87.637716,57,54.7,58.5
BNSF,CH0923202,2023-09-11,8:53 AM,Hwy-rail crossing,0,MENDON,MO,65,1,Dawn,Cloudy,Main,Freight Train,69,18939,0,18939,M302,39.593488,-93.13591,68.8,65.8,63.6
ALS,0723AS017,2023-07-19,8:00 AM,Derailment,0,EAST ST LOUIS,IL,80,2,Day,Clear,Yard,Yard/switching,10,5700,19100,24800,H507,38.583498,-90.13914,75.3,78.6,81.1
LI,77943,2022-09-08,9:29 AM,Hwy-rail crossing,0,PATCHOGUE,NY,72,2,Day,Clear,Main,Passenger Train - Pulling,40,3375,11825,15200,M399,40.770154,-72.963887,68.5,68.5,67.1