reportingrailroadcode,accidentnumber,date,time,accidenttype,hazmatreleasedcars,station,stateabbr,temperature,visibility_code,visibility,weathercondition,tracktype,equipmenttype,trainspeed,equipmentdamagecost,trackdamagecost,totaldamagecost,primaryaccidentcausecode,latitude,longitude,prior_temp,actual_temp,following_temp
NS,128770,2018-03-08,10:05 AM,Obstruction,0,JASPER,AL,65,2,Day,Clear,Main,Spec. MoW Equip.,0,4000,0,13000,H997,33.800229,-87.283701,42.6,38.6,45.3
UP,0519ES039,2019-05-21,10:20 AM,Hwy-rail crossing,0,STANWOOD,IA,47,2,Day,Cloudy,Main,Spec. MoW Equip.,3,13265,0,13265,M302,41.891105,-91.08384,49.3,50.3,64.9
CSX,000200266,2021-09-23,11:50 AM,Other impacts,0,FEURA BUSH,NY,71,2,Day,Cloudy,Yard,Cut of cars,5,0,0,14611,M105,42.565903,-73.854184,68.9,72.1,61
NS,145779,2022-07-10,8:15 AM,Derailment,0,WHITLEY CITY,KY,77,2,Day,Clear,Main,Freight Train,28,257562,96239,353801,H518,36.726781,-84.472001,73.9,73.3,75.5
MNCW,75748,2021-10-14,8:24 PM,Obstruction,0,NEW YORK -BRONX,NY,66,4,Dark,Clear,Yard,Work train,7,151197,0,151197,H607,40.872032,-73.90712,66.7,69.7,70.9
CMQX,12162014,2014-12-16,9:30 AM,Derailment,0,HERMON,ME,28,2,Day,Snow,Yard,Cut of cars,4,22745,24000,46745,H599,44.81007,-68.91337,29.4,32.2,36.9
CSX,000171122,2017-08-21,2:47 PM,Hwy-rail crossing,0,STOW,OH,87,2,Day,Clear,Main,Freight Train,18,15000,32,15032,M302,41.136659,-81.395882,74,80.3,78.3
MNCW,73524,2020-11-12,1:48 PM,Derailment,0,NEW YORK NEW YORK,NY,50,2,Day,Cloudy,Main,Spec. MoW Equip.,10,21362,1687,23049,H699,40.774708,-73.961342,66.7,56.7,48.6
MNCW,81649,2024-01-15,7:30 PM,Derailment,0,CROTON ON HUDSON,NY,28,4,Dark,Clear,Yard,Yard/switching,9,28127,0,28127,H702,41.189121,-73.883215,32.6,24.8,25.4
ALS,20211104,2021-11-04,10:48 PM,Derailment,0,EAST ST LOUIS,IL,39,4,Dark,Clear,Yard,Yard/switching,4,15250,5100,20350,M405,38.587421,-90.134841,38.8,38,38.8
NS,138991,2020-08-27,4:05 PM,Derailment,0,BELLEVUE,OH,87,3,Dusk,Clear,Yard,Yard/switching,3,95631,35563,131194,S011,41.293228,-82.782682,77.1,80.9,75.4
NS,152830,2023-04-16,5:15 PM,Other impacts,0,SOUTHMONT,NC,73,3,Dusk,Clear,Yard,Single Car,5,5725,0,18819,H312,35.74086,-80.330499,65.7,64.6,59.6
NS,121827,2016-08-26,12:40 AM,Other impacts,0,IRONDALE,AL,78,4,Dark,Clear,Yard,Yard/switching,4,82637,0,164294,S007,33.548905,-86.67801,83.7,83.4,83.8
NS,129685,2018-06-02,6:42 AM,Other (describe in narrative),0,BELLEVUE,OH,60,1,Dawn,Clear,Yard,Yard/switching,2,0,14005,14005,H316,41.274423,-82.83357,73.3,63.3,67.7
BNSF,HL1116112,2016-11-23,3:50 AM,Side collision,0,SPRINGFIELD,MO,42,4,Dark,Cloudy,Yard,Freight Train,0,16605,0,21805,H307,37.228836,-93.321933,51.5,48.8,44.2
BNSF,SW0918112,2018-09-22,1:58 PM,Derailment,0,LAKE ARTHUR,NM,82,2,Day,Clear,Siding,Freight Train,7,330052,40000,370052,T216,32.93038,-104.387191,68.9,67.7,67.8
UP,0815NP010,2015-08-13,3:00 AM,Other impacts,0,NORTH PLATTE,NE,75,4,Dark,Clear,Yard,Yard/switching,2,17419,0,34838,S007,41.146797,-100.823901,73.4,76.2,73.8
NS,128387,2018-02-03,1:48 AM,Derailment,2,LOUDONVILLE,OH,11,4,Dark,Cloudy,Main,Freight Train,42,315155,320702,635857,T213,40.647497,-82.246259,13.1,22.7,32.3
CSX,000164889,2016-12-05,9:51 AM,Derailment,0,CUYAHOGA HTS,OH,38,2,Day,Cloudy,Main,Cut of cars,6,0,0,13044,H302,41.4353,-81.647115,38.6,38.2,37.8
BLF,20245245,2024-08-23,12:25 PM,Hwy-rail crossing,0,POMPANO BEACH,FL,88,2,Day,Cloudy,Main,Passenger Train - Pulling,79,14500,0,15282,M308,26.2616,-80.114478,80.4,83.9,83.4
MNCW,75777,2021-10-19,11:30 AM,Obstruction,0,NEW YORK -BRONX,NY,57,2,Day,Clear,Main,Spec. MoW Equip.,11,15912,0,32774,H607,40.90077,-73.859155,53.7,57,67
NS,139135,2020-09-12,12:40 PM,Other (describe in narrative),0,TOLEDO,OH,75,2,Day,Clear,Yard,Freight Train,2,903202,36476,939678,H702,41.633383,-83.610917,62.1,67.5,72
LI,80381,2023-08-06,3:24 AM,Other (describe in narrative),0,MERRICK,NY,70,4,Dark,Clear,Main,EMU,80,23683,0,23683,M599,40.663873,-73.550565,77.5,76,75.3
CSX,000201110,2021-11-04,9:40 PM,Derailment,0,AMSTERDAM,NY,35,4,Dark,Cloudy,Main,Freight Train,40,20120,100,20220,E53C,42.952955,-74.218493,37.5,35.9,35.5
UP,0220GP002,2020-02-02,12:06 PM,Derailment,0,NORTH PLATTE,NE,67,2,Day,Cloudy,Yard,Single Car,11,294,75344,76414,S016,41.14803,-100.840455,41,47.5,29
ATK,140362,2015-12-09,2:05 AM,Other impacts,0,ISELIN,NJ,34,4,Dark,Cloudy,Main,Spec. MoW Equip.,15,0,0,15000,M599,40.533609,-74.386016,42.4,44.5,51.8
CSX,000215397,2024-01-08,12:50 PM,Derailment,0,SELKIRK,NY,37,2,Day,Cloudy,Yard,Yard/switching,10,141492,5419,146911,H307,42.5757,-73.936,29.3,29.9,28.7
PW,PWR071419A,2019-06-05,9:45 PM,Obstruction,0,JEWETT CITY,CT,68,2,Day,Clear,Main,Freight Train,35,26000,0,26000,M199,41.58066,-71.992361,57.9,67.1,70.8
BNSF,KS0423111,2023-04-21,1:30 AM,Derailment,0,KANSAS CITY,KS,50,4,Dark,Clear,Yard,Yard/switching,3,350,16500,16850,M411,39.0852,-94.686601,61.3,51.7,42.6
BNSF,KS1023107,2023-10-16,12:03 PM,Derailment,0,KANSAS CITY,KS,58,2,Day,Clear,Yard,Yard/switching,4,18026,7079,27627,M407,39.082064,-94.677211,51.1,51.5,55.7
CSX,000163366,2016-10-05,9:22 AM,Derailment,0,NEW YORK,NY,56,2,Day,Clear,Yard,Yard/switching,10,79108,7180,86288,H503,40.804146,-73.908687,64.8,60.1,63
KCS,19110302,2019-11-03,3:20 PM,Other impacts,0,SHREVEPORT,LA,60,2,Day,Clear,Yard,Yard/switching,10,261698,208821,526324,E34C,32.527264,-93.82666,50,50.2,59.8
NS,151670,2022-12-09,9:55 PM,Hwy-rail crossing,0,,LA,68,4,Dark,Cloudy,Main,,0,0,68569,68569,M308,30.224261,-89.81929,47.3,48.7,48.6
UP,1219ME021,2019-12-18,1:15 AM,Derailment,0,NORTH PLATTE,NE,13,4,Dark,Clear,Yard,Light loco(s),3,22411,2326,24737,H703,41.149294,-100.833026,17,20.8,22.9
CSX,000148458,2015-06-28,9:38 AM,Derailment,0,COLUMBUS,OH,65,2,Day,Cloudy,Yard,Yard/switching,4,15000,50,15050,H306,39.970629,-83.015089,65.9,65.2,63.1
UP,0618SL005,2018-06-02,12:15 PM,Fire/violent rupture,0,LA PLATA,MO,78,2,Day,Clear,Main,Freight Train,35,326281,0,326281,E79L,40.012371,-92.561923,81.4,73.3,69.3
ATK,151962,2018-02-14,8:01 AM,Hwy-rail crossing,0,SLIDELL,LA,65,2,Day,Cloudy,Main,Passenger Train - Pulling,76,46296,0,46296,M304,30.311569,-89.76966,60.1,67.7,71.9
CSX,000166165,2017-01-23,12:06 AM,Derailment,0,SELKIRK,NY,39,4,Dark,Clear,Yard,Single Car,4,1837,0,23192,H316,42.565903,-73.854184,39.2,35.2,32.9
BNSF,KS0423113,2023-04-25,12:55 AM,Derailment,0,KANSAS CITY,KS,45,4,Dark,Clear,Yard,Yard/switching,3,17294,16500,78173,M407,39.08217,-94.677787,54.7,57.8,58.2
NICD,N1600031,2016-12-19,6:30 AM,Other (describe in narrative),0,CHICAGO,IL,16,4,Dark,Clear,Main,Passenger Train - Pulling,60,47474,0,53061,M599,41.809522,-87.591007,7.5,5.1,23.3
CSX,000176234,2018-05-03,7:35 AM,Other (describe in narrative),0,JESUP,GA,68,1,Dawn,Clear,Main,Freight Train,60,4000,11316,15316,M204,31.454382,-81.925245,67.1,67.9,69.8
CSX,000192480,2020-09-07,11:42 AM,Derailment,0,ASHTABULA,OH,65,2,Day,Cloudy,Yard,Freight Train,10,19464,114,19578,E4BC,41.858629,-80.830795,64.1,66.4,70.9
CSX,000220027,2024-08-19,6:25 AM,Derailment,0,MILLBURY,OH,65,1,Dawn,Clear,Main,Yard/switching,7,360322,231565,591887,E34C,41.543902,-83.485656,74.5,69.5,65.2
NS,136549,2019-12-17,6:10 PM,Derailment,0,CORINTH,MS,36,3,Dusk,Clear,Yard,,0,0,14916,24036,H524,34.931006,-88.502853,59.4,35.1,34.4
CSX,000194125,2020-11-24,10:50 PM,Other impacts,0,WALBRIDGE,OH,35,4,Dark,Cloudy,Yard,Cut of cars,4,2204,0,33801,H318,41.58993,-83.49686,39.2,36.3,46.6
UP,1216SL002,2016-12-05,12:44 PM,Obstruction,0,BRIGHTON,IL,46,2,Day,Clear,Siding,Work train,5,100,0,130100,H307,39.056424,-90.122215,37.9,37.9,37.6
GRW,10,2019-07-27,4:40 PM,Derailment,0,GARY,IN,82,2,Day,Clear,Industry,Yard/switching,4,57195,18693,75888,E69C,41.614165,-87.329492,73.6,78.1,79.2
BNSF,CH1117110,2017-11-22,12:23 PM,Derailment,0,ELWOOD,IL,33,2,Day,Clear,Yard,Yard/switching,3,330719,23000,353719,H504,41.378952,-88.1542,37.8,28.5,36.9
NS,129665,2018-05-31,11:15 AM,Derailment,0,MERIDIAN,MS,72,2,Day,Clear,Yard,Yard/switching,2,12659,0,12659,H303,32.359527,-88.711266,81.2,81.3,82.7
NS,132813,2019-02-12,6:40 AM,Hwy-rail crossing,0,STRYKER,OH,26,1,Dawn,Sleet,Main,Freight Train,55,28,12000,12028,M303,41.502981,-84.414345,27,31.7,23.8
NS,135158,2019-08-19,5:05 AM,Other impacts,0,ELKHART,IN,72,1,Dawn,Fog,Yard,Yard/switching,5,848,23721,47545,M408,41.67736,-85.978495,73.1,75,75.7
NJTR,201707225,2017-06-16,11:10 PM,Other impacts,0,KEARNY,NJ,75,4,Dark,Clear,Yard,Yard/switching,0,15247,0,26595,H212,40.744292,-74.101748,69.4,66.2,68.3
BAYL,BAY890424L,2024-08-06,10:40 AM,Other impacts,0,DOTHAN,AL,86,2,Day,Clear,Yard,Light loco(s),12,28000,0,28000,H306,31.216136,-85.384322,80.8,83.6,85.7
TRRA,21040OR,2021-09-29,2:50 PM,Derailment,0,MADISON,IL,81,2,Day,Clear,Yard,,0,0,15549,22046,H523,38.676411,-90.16485,74.9,73,72.5
NS,139134,2020-09-12,12:09 PM,Derailment,0,CINCINNATI,OH,82,2,Day,Clear,Yard,Freight Train,4,33400,72994,106394,H525,39.103146,-84.539738,69.9,71,74.5
NS,125018,2017-05-11,4:05 PM,Other impacts,0,IRONDALE,AL,82,3,Dusk,Clear,Yard,Cut of cars,3,108300,0,109450,M408,33.548905,-86.67801,75.8,75.8,72.5
NJTR,202301007,2022-12-09,12:40 AM,Side collision,0,PORT JERVIS,NY,45,4,Dark,Clear,Yard,Yard/switching,5,27276,0,85578,H307,41.378469,-74.698418,45.9,33.7,28.9
NS,137967,2020-05-16,6:35 AM,Hwy-rail crossing,0,OLD FORT,OH,53,1,Dawn,Fog,Main,Freight Train,49,14100,1200,15300,M308,41.237532,-83.168098,66.1,59.8,58.2
LI,75658,2021-10-02,11:05 AM,Derailment,0,RICHMOND HILL,NY,75,2,Day,Clear,Yard,Light loco(s),2,157491,17795,175286,H017,40.68061,-73.81564,60.5,66.2,69.4
IORY,IOR462720O,2020-06-23,12:30 PM,Derailment,0,CINCINNATI,OH,80,2,Day,Cloudy,Main,,0,0,18945,238774,E40C,39.248746,-84.81562,75.7,73.7,70.6
UP,0815NP010,2015-08-13,3:00 AM,Other impacts,0,NORTH PLATTE,NE,75,4,Dark,Clear,Yard,Single Car,0,17419,0,34838,S007,41.146797,-100.823901,73.4,76.2,73.8
IC,842048,2015-02-27,9:05 AM,Derailment,0,MOBILE,AL,40,2,Day,Clear,Yard,Yard/switching,8,18472,950,19422,H703,30.704081,-88.044453,42.8,44.3,50.9
NS,144596,2022-03-04,6:05 PM,Other impacts,0,IRONDALE,AL,66,3,Dusk,Clear,Yard,Single Car,0,250,1111,16361,H019,33.548905,-86.678008,59.1,64.4,68.5
CSX,000202991,2022-02-09,5:48 AM,Derailment,0,BUFFALO,NY,31,4,Dark,Clear,Yard,Yard/switching,8,80962,3210,84172,E34C,42.901926,-78.773366,28.6,35.5,34.7
NS,132539,2019-01-21,1:38 PM,Hwy-rail crossing,0,GARY,IN,10,2,Day,Clear,Main,,0,0,0,18075,M302,41.624851,-87.394034,13.9,9.5,25.1
IC,917954,2017-04-02,10:06 AM,Hwy-rail crossing,0,DANFORTH,IL,50,2,Day,Clear,Main,,0,0,540,34658,M302,40.795978,-87.98767,47.2,51.1,54.6
RASX,FRAR631,2015-11-13,5:25 PM,Raking collision,0,CINCINNATI,OH,72,3,Dusk,Clear,Yard,Yard/switching,2,85000,0,85000,H302,39.178079,-84.50046,52.4,46.4,39.9
NS,141332,2021-04-23,9:37 PM,Derailment,0,OREGON,OH,43,4,Dark,Clear,Main,Freight Train,8,9261,27851,37112,E41C,41.64499,-83.429295,38.6,48.2,49.6
CSX,000148132,2015-06-19,9:17 AM,Hwy-rail crossing,0,MINFORD,OH,80,2,Day,Clear,Main,Freight Train,29,286,12575,12861,M302,38.848565,-82.855718,76.1,73.5,72.7
CSX,000208915,2022-12-20,7:50 PM,Derailment,0,CINCINNATI,OH,28,3,Dusk,Clear,Yard,Yard/switching,7,207410,190310,397720,E04C,39.136408,-84.542399,26.1,31.7,31
MNCW,201911,2019-01-26,1:30 AM,Obstruction,0,MOUNT VERNON,NY,30,4,Dark,Clear,Main,Commuter Train - Pulling,50,6127,7200,13327,H999,40.912085,-73.83221,35.1,29.6,40
NJTR,202202071,2022-01-17,5:20 AM,Derailment,0,PORT JERVIS,NY,21,4,Dark,Clear,Yard,Commuter Train - Pushing,5,10557,0,16578,H607,41.376186,-74.695776,11.5,32.6,26.7
UP,0520GP026,2020-05-25,10:30 PM,Side collision,0,NORTH PLATTE,NE,53,4,Dark,Clear,Yard,Yard/switching,5,1372,2100,67297,M408,41.143937,-100.785615,61.7,57.3,58.4
KO,20161113,2016-11-12,3:00 AM,Raking collision,0,WICHITA,KS,50,4,Dark,Clear,Main,Freight Train,4,60000,0,60000,H310,37.5827,-97.419522,51.4,44.3,48.5
NYSW,221116SD2,2022-11-16,6:34 PM,Obstruction,0,SPARTA,NJ,44,3,Dusk,Cloudy,Main,Freight Train,29,14550,0,14550,M404,41.048125,-74.621644,34.1,40.5,38
BNSF,SW0221103,2021-02-16,10:30 AM,Derailment,0,BELEN,NM,32,2,Day,Snow,Yard,Light loco(s),8,500,25000,25500,H702,34.67969,-106.775152,18.7,30.1,28.9
CSX,000216193,2024-02-13,9:25 AM,Other impacts,0,SELKIRK,NY,35,2,Day,Clear,Yard,Cut of cars,19,12058,0,24116,M407,42.5757,-73.936,35.7,33.7,26.5
LI,76602,2022-02-22,6:55 AM,Other (describe in narrative),0,FOREST HILLS,NY,37,1,Dawn,Clear,Main,EMU,55,30706,0,30706,M509,40.719601,-73.844824,40.7,44.8,55.3
CP,1000239418,2015-07-18,7:30 AM,Other impacts,0,ST PAUL,MN,71,1,Dawn,Cloudy,Yard,Cut of cars,2,588,150,24274,H020,44.936893,-93.038182,76.1,77.4,73.7
BNSF,PR0920101,2020-09-01,4:30 PM,Derailment,0,BRIDGEPORT,NE,80,2,Day,Clear,Main,Freight Train,20,18544,4111,22655,E71L,41.691644,-103.116922,60.4,65.8,68.3
PATH,10202202,2022-10-24,1:34 AM,Head on collision,0,HARRISON,NJ,57,4,Dark,Rain,Yard,EMU,8,41854,0,41854,H211,40.741153,-74.141831,57.2,58.4,65.8
BNSF,KS0223101,2023-02-07,10:26 AM,Derailment,0,KANSAS CITY,KS,50,2,Day,Clear,Yard,Yard/switching,3,31033,0,43839,M407,39.082185,-94.677828,51.6,42.2,34.9
UP,0919ME008,2019-09-09,1:00 PM,Other (describe in narrative),0,DE SOTO,MO,88,2,Day,Clear,Yard,Light loco(s),1,0,11234,11234,H702,38.14504,-90.551002,70.6,78.3,80.1
IHB,2344,2017-08-27,5:50 PM,Other impacts,0,RIVERDALE,IL,75,2,Day,Clear,Yard,Cut of cars,5,34000,145,34145,S016,41.639595,-87.655229,66.4,68.4,68.3
NS,138822,2020-08-10,6:25 PM,Derailment,0,PORTSMOUTH,OH,80,3,Dusk,Clear,Yard,Yard/switching,5,30251,0,549915,E34C,38.736963,-82.956996,74.3,77,76.4
NS,151298,2022-10-27,1:30 PM,Derailment,0,SPENCER,NC,70,2,Day,Clear,Yard,Yard/switching,10,443332,0,443332,H306,35.733095,-80.340239,58.9,53.9,52.9
BNSF,TC0315108,2015-03-07,9:00 AM,Other impacts,0,MINNEAPOLIS,MN,30,2,Day,Clear,Yard,Yard/switching,10,48200,0,48200,M407,45.033861,-93.271737,23.9,35.4,38.5
CSX,000148631,2015-06-30,8:00 PM,Derailment,0,CUMBERLAND,MD,72,4,Dark,Clear,Yard,Single Car,5,11334,6781,18115,M204,39.645924,-78.759692,67.9,74.2,72.9
MNCW,2019156,2019-10-14,10:45 AM,Rear end collision,0,NORWALK,CT,60,2,Day,Clear,Main,Spec. MoW Equip.,10,0,0,21084,H607,41.133485,-73.42511,56.7,59.5,52.6
KCS,19111102,2019-11-11,7:30 PM,Other impacts,0,WESTLAKE,LA,72,4,Dark,Rain,Industry,Freight Train,2,9572,0,43598,H021,30.239678,-93.286054,55.9,63.7,42
BNSF,PR0418115,2018-04-21,8:25 AM,Rear end collision,0,BRIDGEPORT,NE,40,1,Dawn,Rain,Main,Light loco(s),12,2000,0,25000,H601,41.7122,-103.152842,39.3,37.6,45.6
NYSW,180602A,2018-06-02,2:20 PM,Derailment,0,SYRACUSE,NY,77,2,Day,Cloudy,Industry,Freight Train,10,46523,0,81038,E35C,43.061348,-76.192285,74.2,66,60.6
MNCW,201973,2019-06-20,7:05 AM,Obstruction,0,NORWALK,CT,70,1,Dawn,Clear,Main,EMU,39,14854,0,14904,H999,41.109786,-73.391397,67,67.7,69.7
IORY,IOR724024D,2024-03-05,5:04 PM,Derailment,0,GEYER,OH,63,2,Day,Cloudy,Main,Freight Train,25,41731,0,41731,E46C,40.500423,-84.059832,61.2,58.8,44.6
CPKC,1001954852,2023-08-29,6:15 PM,Hwy-rail crossing,0,NOYES,MN,75,3,Dusk,Clear,Main,Freight Train,37,11961,2239,14200,M302,48.963135,-97.062677,66.8,63.7,63.9
BNSF,KS0820112,2020-08-28,7:16 AM,Derailment,0,KANSAS CITY,KS,78,1,Dawn,Clear,Yard,Yard/switching,2,53252,65288,118540,H313,39.08318,-94.682118,81.6,82.1,73.7
TSWS,911166002,2016-12-13,1:30 AM,Side collision,0,JOLIET,IL,19,4,Dark,Clear,Yard,Light loco(s),3,15000,10000,35000,H399,41.481307,-88.097788,19.7,14.1,10.4
NS,126727,2017-09-21,5:00 PM,Derailment,0,BELLEVUE,OH,86,3,Dusk,Clear,Yard,Yard/switching,1,45460,500,75960,H306,41.274423,-82.83357,71.5,74.3,74.6
ATK,168047,2021-08-12,11:28 AM,Obstruction,0,ROMEOVILLE,IL,80,2,Day,Clear,Main,Passenger Train - Pulling,74,21337,0,21337,M404,41.644986,-88.048634,78.5,75.2,73.9
LI,80385,2023-08-07,10:18 PM,Derailment,0,RICHMOND HILL,NY,75,4,Dark,Cloudy,Yard,Passenger Train - Pulling,5,31750,0,31750,M405,40.696903,-73.821699,76.6,74.8,74.9
NMRX,04182017,2017-04-18,11:15 PM,Derailment,0,LAMY,NM,58,4,Dark,Clear,Main,Spec. MoW Equip.,1,164500,0,164500,M201,35.447337,-105.920551,58.4,59.4,62.6
LI,EQ20171203,2017-12-28,7:08 AM,Derailment,0,BABYLON,NY,13,1,Dawn,Clear,Yard,EMU,4,338600,18200,356800,M507,40.705678,-73.31215,21.1,15.1,15.6
CSX,000198461,2021-06-24,3:15 PM,Side collision,0,DEARBORN,MI,82,2,Day,Clear,Yard,Freight Train,4,65273,0,66312,H306,42.302762,-83.149685,63.8,73.8,72.9
CSX,000188982,2020-03-06,4:40 AM,Other impacts,0,SELKIRK,NY,29,1,Dawn,Clear,Yard,Cut of cars,10,17853,150,18003,M411,42.565903,-73.854184,38.2,36.4,32.9
HRRC,0118,2018-04-10,10:15 AM,Derailment,0,SALISBURY,CT,34,2,Day,Cloudy,Main,Freight Train,24,84000,15000,99000,T221,41.933704,-73.389286,33.3,36.4,36.1
ALS,20211012,2021-10-12,3:00 PM,Derailment,0,EAST ST LOUIS,IL,72,2,Day,Clear,Yard,,0,0,17182,49709,H526,38.582947,-90.135811,69.8,64.4,68.5
ATK,181649,2024-08-18,1:15 PM,Fire/violent rupture,0,RENSSELAER,NY,0,2,Day,Cloudy,Main,Passenger Train - Pulling,10,16125,0,16125,M406,42.626691,-73.744985,73.8,71.2,70.8
NS,135655,2019-09-28,12:50 PM,Derailment,0,LAFAYETTE,IN,72,2,Day,Clear,Main,Freight Train,9,1500,11156,12656,H303,40.447925,-86.855729,64.7,71,70.9
BEAR,BER745924O,2024-03-28,1:32 AM,Derailment,0,MECHANICVILLE,NY,46,4,Dark,Clear,Yard,,0,0,20000,20000,H704,42.91201,-73.70466,43.4,43.3,41.6
LI,80969,2023-10-30,4:30 PM,Derailment,0,RICHMOND HILL,NY,59,2,Day,Cloudy,Yard,Yard/switching,4,15662,0,15662,M405,40.6971,-73.82209,56.2,56.2,49.1
WC,1000787,2019-05-13,3:45 PM,Side collision,0,GARY,IN,55,2,Day,Clear,Yard,Light loco(s),5,7000,0,14000,H516,41.626099,-87.41092,46.1,49.7,54.7
NS,140598,2021-02-14,10:15 AM,Other impacts,0,DECATUR,IL,0,2,Day,Snow,Yard,Single Car,0,16635,0,18428,H318,39.854801,-88.908191,7.4,0.9,3.9
CSX,000184181,2019-07-16,6:17 PM,Other impacts,0,WALBRIDGE,OH,91,3,Dusk,Rain,Yard,Yard/switching,0,8024,0,33285,E32C,41.58993,-83.49686,78.8,78.5,79.5
CSX,000197208,2021-04-24,10:45 PM,Side collision,0,CINCINNATI,OH,45,4,Dark,Cloudy,Yard,Yard/switching,5,2765,0,41536,H018,39.108303,-84.538432,45.5,48.6,51.8
CSX,000166373,2017-01-30,6:39 AM,Derailment,0,NORTH BALTIMORE,OH,25,4,Dark,Clear,Yard,Light loco(s),4,13350,1339,14689,H307,41.182016,-83.684343,28.6,26,35.8
SB,SBR061716,2016-08-23,8:15 PM,Derailment,0,BUFFALO,NY,66,4,Dark,Clear,Yard,Freight Train,4,38000,2000,40000,E46C,42.846681,-78.84244,67.2,69.7,74
CSX,000207515,2022-09-27,4:27 PM,Side collision,0,SELKIRK,NY,68,2,Day,Clear,Yard,Yard/switching,7,991,0,71619,H403,42.566078,-73.854463,60,55.8,57.3
NS,139999,2020-12-13,5:20 AM,Other impacts,0,BELLEVUE,OH,28,1,Dawn,Clear,Yard,Single Car,5,35024,300,36124,H312,41.289407,-82.792543,48.7,36.2,33.2
NS,152830,2023-04-16,5:15 PM,Other impacts,0,SOUTHMONT,NC,73,3,Dusk,Clear,Yard,Single Car,0,13094,0,18819,H312,35.74086,-80.330499,65.7,64.6,59.6
NS,123700,2017-01-25,7:00 PM,Derailment,0,IRONDALE,AL,72,3,Dusk,Clear,Yard,Light loco(s),8,582,54899,70005,H706,33.548905,-86.67801,49.4,60.5,49.1
NS,141404,2021-04-30,6:18 AM,Hwy-rail crossing,0,ELWOOD,IN,52,1,Dawn,Clear,Main,Freight Train,29,101,25000,25101,M303,40.274171,-85.837922,58.1,52.2,53.4
LI,EQ20150306,2015-03-16,12:57 PM,Derailment,0,HUNTINGTON,NY,45,2,Day,Clear,Siding,EMU,5,75126,1000,76126,H605,40.849009,-73.416492,42,39.5,43.5
MNCW,201984,2019-07-05,7:00 PM,Other (describe in narrative),0,NEW HAVEN,CT,70,3,Dusk,Clear,Yard,EMU,1,18138,0,18138,H999,41.297505,-72.92314,78.5,76.5,79.6
BNSF,SW1019101,2019-10-02,7:03 AM,Derailment,0,CLOVIS,NM,65,1,Dawn,Rain,Yard,Freight Train,5,26037,2000,28037,T221,34.394623,-103.211333,65.5,68.7,57.2
CSX,000203009,2022-02-09,7:25 PM,Other impacts,0,INDIANAPOLIS,IN,37,3,Dusk,Cloudy,Yard,Freight Train,0,20920,300,21798,H503,39.759798,-86.327516,28.3,40.4,33
NS,155376,2024-01-16,3:25 PM,Derailment,0,BELLEVUE,OH,9,2,Day,Clear,Yard,DMU,10,90537,6000,96537,T221,41.279802,-82.824998,5.8,8.9,11.4
NS,131055,2018-09-23,11:00 PM,Derailment,0,BELLEVUE,OH,72,4,Dark,Clear,Yard,Yard/switching,8,170235,30984,201219,E34C,41.29231,-82.784212,59.3,58.6,62.2
ATN,ATN202730,2020-02-25,10:46 PM,Derailment,0,GADSDEN,AL,55,4,Dark,Clear,Yard,Freight Train,8,256000,9000,265000,E40C,34.019758,-86.054231,46.4,52.4,43.3
CSX,000168573,2017-04-28,12:30 PM,Side collision,0,WALBRIDGE,OH,60,2,Day,Clear,Yard,Yard/switching,0,34138,0,57280,H306,41.58993,-83.49686,64.6,53.8,49.9
NS,151544,2022-11-23,9:04 PM,Other impacts,0,BELLEVUE,OH,35,4,Dark,Clear,Yard,Yard/switching,10,44000,1100,50100,M599,41.296231,-82.768606,38.2,41.7,44.6
CSX,000164889,2016-12-05,9:51 AM,Derailment,0,CUYAHOGA HTS,OH,38,2,Day,Cloudy,Main,Yard/switching,6,13044,0,13044,H302,41.4353,-81.647115,38.6,38.2,37.8
CSX,000174642,2018-01-24,9:04 AM,Other (describe in narrative),0,CINCINNATI,OH,31,2,Day,Snow,Yard,Single Car,16,39433,0,39433,M407,39.124551,-84.542521,40.8,31.9,32.3
WE,240072,2024-08-28,6:50 PM,Derailment,0,BREWSTER,OH,95,2,Day,Clear,Yard,Yard/switching,7,30822,22233,53055,M599,40.714907,-81.6106,79.5,79.7,77.2
UP,0322GP012,2022-03-14,2:48 PM,Other impacts,0,NORTH PLATTE,NE,67,2,Day,Clear,Yard,Single Car,0,20294,0,20476,M411,41.148164,-100.835578,43.1,44.9,45.6
NS,122685,2016-11-06,6:45 PM,Hwy-rail crossing,0,ATWATER,OH,45,3,Dusk,Clear,Main,Freight Train,47,14889,0,14889,M303,41.023681,-81.163551,47.6,50.3,53.1
ATK,171417,2022-05-26,6:35 AM,Other (describe in narrative),0,NEW YORK,NY,51,1,Dawn,Clear,Main,,0,0,9715,26033,E78L,40.754507,-74.003118,60.8,62.7,69.4
UP,0122HL014,2022-01-05,9:23 PM,Derailment,0,WICHITA,KS,20,4,Dark,Cloudy,Yard,Yard/switching,5,5218,6734,11952,E29C,37.73047,-97.322174,42.5,25.8,10.9
ADCX,21111301D,2021-11-03,12:30 PM,Derailment,0,UTICA,NY,60,2,Day,Clear,Yard,Yard/switching,5,30000,0,30064,H212,43.103309,-75.21742,40.4,38.3,36.4