reportingrailroadcode,accidentnumber,date,time,accidenttype,hazmatreleasedcars,station,stateabbr,temperature,visibility_code,visibility,weathercondition,tracktype,equipmenttype,trainspeed,equipmentdamagecost,trackdamagecost,totaldamagecost,primaryaccidentcausecode,latitude,longitude,prior_temp,actual_temp,following_temp
UP,0324MA011,2024-03-10,8:35 AM,Derailment,0,SHREVEPORT,LA,45,2,Day,Clear,Yard,Single Car,0,2663,0,32139,T211,32.426022,-93.892794,53.5,52.7,55
NS,144261,2022-02-03,6:15 PM,Derailment,0,ELKHART,IN,20,3,Dusk,Snow,Yard,Yard/switching,5,10047,10893,20940,E39C,41.677391,-85.978436,28.5,18.5,13
RASX,021119,2019-02-11,10:30 AM,Derailment,0,INDIANAPOLIS,IN,30,2,Day,Sleet,Industry,Cut of cars,0,41870,2000,43870,E04C,39.742857,-86.17286,27.1,35.2,36.6
ATK,170673,2022-05-21,8:00 PM,Obstruction,0,CARY,NC,79,3,Dusk,Cloudy,Main,Passenger Train - Pulling,30,26521,0,26521,M404,35.77937,-78.80126,81.8,79.2,76.5
MNCW,71666,2020-01-02,12:45 AM,Other (describe in narrative),0,NEW HAVEN,CT,35,4,Dark,Clear,Yard,Cut of cars,2,42014,0,42014,H399,41.294075,-72.928835,39.3,40.2,44.5
NS,130635,2018-08-19,7:40 AM,Derailment,0,IRONDALE,AL,80,1,Dawn,Cloudy,Yard,Yard/switching,1,13332,24788,38120,M405,33.548905,-86.67801,79.5,77.8,78.4
CSX,000216222,2024-02-15,1:12 AM,Side collision,0,BALTIMORE,MD,38,4,Dark,Clear,Yard,Light loco(s),0,18733,559,65729,H704,39.275963,-76.559604,37.9,34.8,41.7
NIRC,9419000968,2022-08-05,4:11 PM,Hwy-rail crossing,0,LEMONT,IL,84,2,Day,Clear,Main,Commuter Train - Pulling,79,52101,0,52101,M304,41.683641,-87.969463,77.8,79.6,84
UP,0424GL021,2024-04-18,6:30 AM,Obstruction,0,NORTH PLATTE,NE,37,1,Dawn,Clear,Yard,Yard/switching,5,49055,2069,51124,M404,41.150512,-100.811962,51.1,41.8,38
NJTR,202202100,2021-12-27,4:25 AM,Obstruction,0,NETCONG,NJ,30,4,Dark,Cloudy,Main,Commuter Train - Pulling,45,12007,0,12007,M404,40.897667,-74.699434,44.8,33.1,38.5
UP,0522GP001,2022-05-03,4:50 AM,Derailment,0,NORTH PLATTE,NE,31,1,Dawn,Cloudy,Yard,Freight Train,8,23069,10184,33253,H607,41.152854,-100.871956,41.6,41.9,45.2
CSX,000167054,2017-02-26,2:42 AM,Derailment,0,WALBRIDGE,OH,25,4,Dark,Cloudy,Yard,Yard/switching,4,166572,17304,183876,E67C,41.586779,-83.537302,36.4,33,40.7
ALS,20190803,2019-08-03,2:53 AM,Derailment,0,EAST ST LOUIS,IL,70,4,Dark,Clear,Yard,,0,0,99,25185,H525,38.586133,-90.132147,74.4,77.6,77
CSX,000189994,2020-05-01,7:56 PM,Side collision,0,CINCINNATI,OH,59,3,Dusk,Cloudy,Yard,Yard/switching,0,34000,50,49350,H307,39.168057,-84.512297,49.8,54.5,65.9
CSX,000150056,2015-07-31,3:53 AM,Derailment,0,WILLARD,OH,65,4,Dark,Clear,Yard,Cut of cars,1,32648,0,69900,H018,41.058951,-82.718557,74.8,74.4,71.7
CSX,000156127,2016-01-17,1:50 AM,Side collision,0,SELKIRK,NY,29,4,Dark,Cloudy,Yard,Cut of cars,4,12086,0,18985,H316,42.565903,-73.854184,34.5,30.7,20
NS,138570,2020-07-18,9:55 PM,Other (describe in narrative),0,OREGON,OH,78,4,Dark,Clear,Yard,Yard/switching,2,30168,67086,97254,H702,41.660544,-83.462117,77.6,81,80.1
MRL,2022056,2022-08-23,8:07 AM,Derailment,0,MISSOULA,MT,60,2,Day,Clear,Yard,Freight Train,0,30000,45000,75000,H503,46.877752,-113.99594,73.2,72.8,76.4
CWRO,201667,2016-10-09,7:30 PM,Derailment,0,CLEVELAND,OH,60,3,Dusk,Clear,Industry,Yard/switching,5,10000,50000,60000,T214,41.281195,-81.400597,61.4,56,54.8
ATK,140332,2015-11-18,10:55 PM,Obstruction,0,BELLEVUE,NE,43,4,Dark,Cloudy,Main,Passenger Train - Pulling,70,11614,0,11614,M404,41.182215,-95.903453,52.9,44.1,39.6
WE,170120,2017-10-17,8:15 PM,Derailment,0,AKRON,OH,62,4,Dark,Clear,Yard,Yard/switching,6,14109,227,14336,H301,41.064698,-81.452883,52,51.1,56.1
CSX,000159997,2016-05-23,4:30 AM,Derailment,0,BROOKWOOD,AL,60,4,Dark,Cloudy,Industry,Freight Train,5,17207,6486,23693,H702,33.30137,-87.217228,69,69.5,72.8
CWRO,08192024,2024-08-19,4:30 PM,Derailment,0,CLEVELAND,OH,69,2,Day,Clear,Industry,Yard/switching,7,5000,11600,16600,H505,41.465331,-81.543286,73.4,69.4,66
WC,955453,2018-04-11,5:27 PM,Derailment,0,GARY,IN,56,2,Day,Clear,Yard,Single Car,2,113509,915,146091,S016,41.616984,-87.366355,36.5,51.3,58.5
NS,121800,2016-08-23,4:40 PM,Derailment,0,LIPSCOMB,AL,87,3,Dusk,Clear,Yard,Freight Train,4,525,111727,112252,H306,33.415256,-86.938683,78.3,80.4,82
CSX,000145187,2015-04-20,3:18 AM,Derailment,0,BIRMINGHAM,AL,52,4,Dark,Cloudy,Yard,Single Car,1,10794,251,11045,M408,33.543695,-86.790082,69.2,66.8,59.3
UP,0216PR019,2016-02-26,5:30 AM,Other (describe in narrative),0,BELVIDERE,IL,30,4,Dark,Cloudy,Yard,Light loco(s),3,0,17436,17436,E64L,42.253629,-88.847325,33.6,30.4,40.4
UP,0124GP034,2024-01-25,9:00 PM,Other impacts,0,NORTH PLATTE,NE,29,4,Dark,Clear,Yard,Yard/switching,2,123,0,27297,M407,41.146758,-100.823515,30.7,33.1,31.8
IR,213069,2021-12-13,12:35 PM,Hwy-rail crossing,0,YORKVILLE,IL,35,2,Day,Clear,Main,Freight Train,22,0,0,0,M308,41.694722,-88.412222,38.4,38.4,41.8
CSX,000216358,2024-02-24,9:31 PM,Other impacts,0,WILLARD,OH,25,4,Dark,Clear,Yard,Yard/switching,3,21500,0,34000,H318,41.059877,-82.72407,42.1,24.1,33.9
UP,0522GP025,2022-05-30,9:00 AM,Other impacts,0,NORTH PLATTE,NE,59,2,Day,Cloudy,Yard,Single Car,0,1261,0,55130,M411,41.150885,-100.823291,70.8,61,59.8
NS,121404,2016-07-26,8:45 AM,Derailment,0,ELKHART,IN,76,2,Day,Clear,Yard,Cut of cars,6,15897,0,18857,H307,41.67736,-85.978495,76.6,74.3,75.4
PATH,I03202201,2022-03-20,4:57 PM,Side collision,0,HARRISON,NJ,56,2,Day,Cloudy,Yard,EMU,2,355069,0,395780,H205,40.741252,-74.141081,57.9,54.8,53
CSX,000151689,2015-09-03,2:50 AM,Derailment,0,WICKLIFFE,OH,80,4,Dark,Clear,Siding,Freight Train,5,8742,5881,14623,H993,41.619814,-81.461351,75.8,75.1,74.4
UP,0823HL020,2023-08-25,10:35 AM,Other impacts,0,KANSAS CITY,KS,89,2,Day,Clear,Yard,Yard/switching,2,8967,0,13085,H702,39.098401,-94.671897,91.5,92.3,78.7
CSX,000178079,2018-08-09,4:40 AM,Rear end collision,0,BUFFALO,NY,68,1,Dawn,Cloudy,Yard,Yard/switching,7,725,500,69558,H220,42.901973,-78.773441,72.4,73.2,72
UP,1022HL001,2022-10-02,10:45 PM,Derailment,0,COFFEYVILLE,KS,63,4,Dark,Clear,Yard,Cut of cars,0,5690,0,70702,H306,37.027379,-95.624239,63.8,65.8,67
BNSF,MT0622102,2022-06-12,9:00 AM,Derailment,0,WHITEFISH,MT,42,2,Day,Rain,Yard,Freight Train,7,18542,7000,25542,H307,48.41406,-114.3434,58.2,56.8,51.4
KYLE,KYL169022R,2022-08-23,6:40 PM,Derailment,0,SALINA,KS,88,3,Dusk,Clear,Yard,Freight Train,8,40000,0,40700,H704,38.857806,-97.583678,75.1,75.7,77.7
NS,138413,2020-07-03,4:15 PM,Derailment,0,BELLEVUE,OH,91,3,Dusk,Clear,Yard,Yard/switching,8,30000,16000,46000,E27C,41.296571,-82.766995,77.3,78.9,79.4
CSX,000180609,2019-01-04,10:25 AM,Other impacts,0,CAYUGA,IN,40,2,Day,Cloudy,Industry,Freight Train,4,12000,0,119600,H702,39.950874,-87.463028,32.1,33.6,40.1
BNSF,HL1217109,2017-12-11,8:20 AM,Derailment,0,BURLINGTON,IA,35,1,Dawn,Cloudy,Industry,Freight Train,2,12871,4500,17371,H307,40.739073,-91.116411,30.8,36.5,24.9
UP,1119GC032,2019-11-23,6:50 AM,Hwy-rail crossing,0,WHITE CASTLE,LA,64,1,Dawn,Cloudy,Main,Freight Train,48,363686,33584,397270,M303,30.167489,-91.138567,70.4,61.4,50.4
MNCW,80430,2023-08-08,1:00 AM,Other impacts,0,CROTON ON HUDSON,NY,69,4,Dark,Cloudy,Yard,EMU,1,28560,0,28560,H999,41.187384,-73.881533,73.6,73.3,75.2
CSX,000181432,2019-02-17,4:39 PM,Hwy-rail crossing,0,WINDER,GA,50,3,Dusk,Rain,Main,Freight Train,44,0,30941,30941,M303,33.991388,-83.72252,57.1,44.6,49.4
CSX,000151037,2015-08-24,12:32 AM,Derailment,0,WILLARD,OH,65,4,Dark,Cloudy,Yard,Yard/switching,4,19899,2500,22399,H305,41.059837,-82.723458,70.4,65.9,60.4
KCS,20101003,2020-10-10,9:00 AM,Derailment,0,MONROE,LA,65,2,Day,Rain,Main,Freight Train,0,528118,0,528118,M105,32.507922,-92.338722,70.1,70.6,73.9
LIRC,0329201801,2018-03-29,12:41 AM,Rear end collision,0,INDIANAPOLIS,IN,53,4,Dark,Fog,Main,Light loco(s),18,4394,0,104394,H607,39.701255,-86.136912,49.7,49.9,43.7
ATK,140597,2015-12-30,5:30 AM,Other impacts,0,RENSSELAER,NY,40,1,Dawn,Clear,Yard,Yard/switching,5,12000,1000,14000,H211,42.63965,-73.742178,29.9,36.4,38.6
MNCW,2019175,2019-11-20,11:24 AM,Other (describe in narrative),0,NEW HAVEN,CT,55,2,Day,Clear,Yard,EMU,1,18174,0,18174,H399,41.297602,-72.924893,44.4,43.3,45.6
UP,0617TC014,2017-06-22,1:55 AM,Derailment,0,ST PAUL,MN,80,4,Dark,Cloudy,Industry,Freight Train,5,27998,109228,137226,M204,44.945371,-93.08747,69.1,68.2,64.7
UP,0324GC027,2024-03-26,8:00 AM,Other impacts,0,LIVONIA,LA,56,2,Day,Clear,Yard,Yard/switching,2,818,7835,12309,M411,30.531186,-91.559992,70.1,62.5,57.5
UP,1015LV005,2015-10-08,4:27 PM,Obstruction,0,GRAYSON,LA,79,2,Day,Clear,Siding,Freight Train,12,507861,0,510867,H997,32.051457,-92.108317,75.1,76.8,78.6
NS,124741,2017-04-17,10:20 PM,Derailment,0,CAMPBELL,OH,54,4,Dark,Clear,Yard,Freight Train,3,2025,78737,80762,H306,41.075524,-80.613868,69.6,58.1,56.6
BNSF,SF0816118,2016-08-09,10:24 PM,Other impacts,0,HANNIBAL,MO,92,4,Dark,Clear,Yard,Yard/switching,4,12286,0,12286,H318,39.921396,-91.440035,76.1,80.1,81.3
CSX,000207729,2022-10-10,4:05 PM,Rear end collision,0,BATAVIA,NY,55,3,Dusk,Clear,Main,Spec. MoW Equip.,10,15600,0,33900,H997,42.984493,-78.24915,50.5,49.5,55.5
NS,136672,2019-12-30,5:30 AM,Derailment,0,CHATFIELD,OH,42,1,Dawn,Rain,Main,Freight Train,0,114914,0,114914,M105,40.922222,-82.940179,52.9,43.8,32.2
LI,EQ20150202,2015-02-19,10:30 PM,Other impacts,0,RICHMOND HILL,NY,5,4,Dark,Clear,Yard,Yard/switching,5,82275,5000,240195,H399,40.697061,-73.822239,24.5,18.9,11.6
CSX,000177302,2018-06-29,4:25 AM,Other impacts,0,CINCINNATI,OH,67,1,Dawn,Clear,Yard,Single Car,14,11978,0,11978,M407,39.111198,-84.544067,76.9,78.5,80.3
CSX,000182962,2019-05-14,11:30 PM,Side collision,0,CINCINNATI,OH,43,4,Dark,Clear,Yard,Freight Train,7,8527,0,23145,H607,39.124551,-84.542521,52,55.5,58.2
UP,0722GL014,2022-07-15,7:10 AM,Other impacts,0,SOUTH ST PAUL,MN,70,2,Day,Cloudy,Yard,Yard/switching,5,38501,2129,41901,H318,44.907968,-93.04714,73.5,77.6,77.3
CSX,000217361,2024-04-13,1:55 PM,Side collision,0,CUMBERLAND,MD,65,2,Day,Clear,Yard,Yard/switching,5,263168,0,281269,H306,39.644507,-78.760868,55.5,54.2,65.1
CSX,000180735,2019-01-12,9:49 PM,Side collision,0,SELKIRK,NY,5,4,Dark,Clear,Yard,Single Car,9,14625,0,16696,H302,42.565903,-73.854184,15.4,16.9,14.7
MNCW,2017051722,2017-05-17,3:42 PM,Obstruction,0,VALHALLA,NY,70,2,Day,Clear,Main,EMU,28,145204,43311,188515,M404,41.072515,-73.772175,66.8,71.9,83.1
KAW,200720004,2020-07-20,12:05 PM,Derailment,0,NORTH KANSAS CITY,MO,76,2,Day,Clear,Industry,Freight Train,3,0,40000,40000,H702,39.126117,-94.572262,81.7,75.8,76.1
UP,0717FW015,2017-07-13,10:30 PM,Derailment,0,PARSONS,KS,71,4,Dark,Rain,Yard,Yard/switching,10,50838,482,111108,H307,37.33757,-95.264827,85.7,84.9,76.6
CSX,000151906,2015-09-07,4:47 PM,Derailment,0,DECATUR,AL,85,3,Dusk,Cloudy,Yard,Light loco(s),3,1800,8876,10676,H702,34.579184,-86.983705,77.5,76.7,76.5
IHB,2555,2019-10-31,10:35 PM,Derailment,0,WHITING,IN,30,4,Dark,Clear,Yard,Freight Train,4,188959,4946,193905,T220,41.655932,-87.475949,39.7,34.7,34.6
BNSF,PR0417103,2017-04-06,7:24 PM,Derailment,0,DENVER,CO,54,3,Dusk,Cloudy,Yard,,0,0,8207,52895,H307,39.763887,-104.99286,38,48.6,61.1
NS,156770,2024-05-20,6:00 AM,Other impacts,0,CHARLOTTE,NC,63,1,Dawn,Clear,Yard,Cut of cars,0,4900,0,24288,H312,35.228064,-80.852619,67.9,70.5,72.8
LI,80269,2023-07-23,8:00 PM,Derailment,0,RICHMOND HILL,NY,76,3,Dusk,Clear,Yard,Passenger Train - Pushing,5,3522,12291,15813,M405,40.697189,-73.82302,77.4,77.9,78
BNSF,PR1020101,2020-10-05,2:49 AM,Derailment,0,ALLIANCE,NE,45,4,Dark,Clear,Yard,Yard/switching,7,14781,160,14941,H318,42.086443,-102.887461,53.4,57.7,57.6
NJTR,201906332,2019-06-17,7:29 AM,Obstruction,0,PARK RIDGE,NJ,78,2,Day,Clear,Main,Commuter Train - Pushing,36,14184,0,14184,M509,41.036684,-74.0326,73.2,72.8,70.7
WE,160059,2016-07-16,9:50 PM,Derailment,0,MARTINS FERRY,OH,78,4,Dark,Clear,Industry,Yard/switching,4,8800,8499,17299,H302,40.109942,-80.708828,75.3,74.3,75.4
NS,121401,2016-07-25,9:30 PM,Derailment,0,KIMBROUGH,AL,86,4,Dark,Clear,Main,Freight Train,3,143311,0,143461,H525,32.028674,-87.556934,84.3,83.8,80.3
CSX,000163068,2016-09-22,11:09 AM,Hwy-rail crossing,0,PELHAM,AL,90,2,Day,Clear,Main,Freight Train,40,18118,250,18368,M302,33.288357,-86.814444,80.3,80,81.1
CSX,000172799,2017-11-10,1:09 AM,Derailment,0,SELKIRK,NY,23,4,Dark,Clear,Yard,Cut of cars,5,34461,3000,37461,S014,42.565903,-73.854184,36.5,29.3,23.5
CSX,000192076,2020-08-16,10:00 PM,Derailment,0,SELKIRK,NY,59,4,Dark,Clear,Yard,Yard/switching,8,11416,11277,22693,M405,42.565903,-73.854184,69.6,66.1,65.6
CSX,000194611,2020-12-17,7:15 AM,Other impacts,0,SELKIRK,NY,16,1,Dawn,Snow,Yard,Single Car,8,6600,0,17361,M101,42.565903,-73.854184,15.5,17.7,13.4
NS,151013,2022-10-01,2:00 PM,Side collision,0,BELLEVUE,OH,63,2,Day,Cloudy,Yard,Yard/switching,7,13482,0,22726,H305,41.288345,-82.801972,53.2,58.9,57.1
UP,0521TO022,2021-05-18,4:09 PM,Other (describe in narrative),0,CHAPARRAL,NM,79,2,Day,Clear,Main,Light loco(s),0,13209,0,13209,M501,32.004659,-106.321447,77,73.7,75.5
NS,121345,2016-07-21,2:45 PM,Derailment,0,CINCINNATI,OH,95,2,Day,Clear,Yard,Freight Train,5,34186,18607,52793,H702,39.102514,-84.54005,77.8,79.2,79.1
ATK,152047,2018-02-19,11:05 PM,Obstruction,0,RHINECLIFF,NY,38,4,Dark,Fog,Main,Passenger Train - Pulling,0,13288,0,13288,M404,41.919583,-73.951304,34.9,34.9,51.8
FEC,D40062724,2024-06-27,5:20 AM,Other (describe in narrative),0,JACKSONVILLE,FL,85,4,Dark,Clear,Yard,Yard/switching,4,53276,13999,67275,H704,30.225133,-81.591924,83.4,84.5,82.6
RRVW,051618CARR,2018-05-16,12:50 AM,Derailment,0,CARRINGTON,ND,0,4,Dark,Clear,Main,,0,0,18049,18329,H702,47.455771,-99.132548,65,71.6,57.2
BNSF,HL1020124,2020-10-30,2:08 PM,Derailment,0,COLUMBUS,KS,70,2,Day,Clear,Yard,Freight Train,4,5626,80194,85820,H307,37.177676,-94.836471,44.1,45.3,53
UP,0817TC001,2017-08-01,1:22 AM,Rear end collision,0,AMES,IA,65,4,Dark,Clear,Main,Freight Train,4,5889,383,16357,H302,42.028053,-93.57995,69.9,72.8,73.3
UP,0715LV003,2015-07-07,7:00 PM,Hwy-rail crossing,0,CASPIANA,LA,91,2,Day,Clear,Industry,Freight Train,7,16737,0,16737,M304,32.366505,-93.647552,82.1,83.7,84.3
CSX,000220181,2024-08-27,7:16 PM,Derailment,0,KEARNY,NJ,75,3,Dusk,Clear,Main,Freight Train,4,8300,0,21176,H503,40.737004,-74.071469,76.5,76.1,82.4
NS,133350,2019-03-24,3:45 PM,Derailment,0,ELKHART,IN,40,2,Day,Cloudy,Yard,Yard/switching,6,17723,29299,47022,E34C,41.67736,-85.978495,34.6,42,39.5
BAYL,BAY890524L,2024-08-06,10:40 AM,Other impacts,0,DOTHAN,AL,86,2,Day,Clear,Yard,Cut of cars,0,0,0,0,H306,31.216136,-85.384322,80.8,83.6,85.7
CSX,000161993,2016-08-04,12:41 AM,Other impacts,0,BIRMINGHAM,AL,75,4,Dark,Clear,Yard,Single Car,7,13989,185,14679,S016,33.543607,-86.790089,82.7,85.9,84.9
NJTR,202407357,2024-06-21,7:14 AM,Other (describe in narrative),0,NEW YORK NEW YORK,NY,84,2,Day,Clear,Main,Commuter Train - Pulling,5,13371,0,13371,E78L,40.750327,-73.994459,81.6,84.5,81.3
PATH,I031515,2015-03-14,12:40 PM,Fire/violent rupture,0,NEWARK,NJ,45,2,Day,Rain,Yard,EMU,13,41175,0,41175,E75L,40.735657,-74.172367,36.9,44.2,42.4
NS,142826,2021-09-12,6:59 PM,Other (describe in narrative),0,CHEEKTOWAGA,NY,72,3,Dusk,Clear,Yard,Freight Train,7,17931,0,25725,H307,42.890001,-78.780743,68.3,72.9,66.9
LI,69011,2019-01-07,3:53 PM,Other (describe in narrative),0,SMITHTOWN,NY,29,2,Day,Cloudy,Main,Passenger Train - Pulling,45,0,13744,13744,M599,40.855362,-73.123036,40.2,27.9,42
NIRC,2020071824,2020-02-12,7:28 PM,Hwy-rail crossing,0,HOMETOWN,IL,31,4,Dark,Snow,Main,Commuter Train - Pulling,40,0,1352950,1352950,M302,41.73483,-87.72142,30.1,30.4,18.7
NS,124738,2017-04-17,4:15 PM,Other impacts,0,BELLEVUE,OH,72,3,Dusk,Clear,Yard,Yard/switching,2,23000,0,23000,S016,41.285525,-82.811535,70,57.4,53.7
PW,PWR819718R,2018-10-15,5:01 PM,Derailment,0,NEW HAVEN,CT,50,2,Day,Rain,Yard,Yard/switching,6,171000,0,172500,H503,41.334608,-72.900631,50,58.6,54.4
NS,151657,2022-12-08,2:30 PM,Derailment,0,ENON,OH,53,2,Day,Rain,Main,Freight Train,7,0,17000,40524,E53C,39.870225,-83.958459,48.2,43.2,41.7
ATK,180753,2024-06-18,6:21 AM,Other (describe in narrative),0,NEW YORK,NY,80,4,Dark,Clear,Main,,0,0,7630,21022,E78L,40.7506,-73.9935,74.8,78.8,78.9
NDW,NDW200819O,2020-08-19,1:38 PM,Fire/violent rupture,0,NAPOLEON,OH,78,2,Day,Clear,Main,Light loco(s),0,31880,0,31880,E79L,41.39322,-84.127,68.7,66.1,67.8
WC,927769,2017-06-30,6:51 PM,Derailment,5,PLAINFIELD,IL,72,3,Dusk,Clear,Main,Freight Train,40,3787440,257573,4045013,M506,41.564272,-88.096804,74.8,74.1,73.9
NYA,070815,2015-07-08,12:38 AM,Hwy-rail crossing,0,NEW YORK -QUEENS,NY,81,4,Dark,Clear,Yard,Freight Train,22,21553,75000,96553,H607,40.72289,-73.913851,80.3,80.7,73.3
MNBR,MNB886324D,2024-08-05,5:30 AM,Derailment,0,THOMASTON,AL,71,1,Dawn,Clear,Main,Freight Train,25,3200,15500,18700,E53C,32.267508,-87.510243,82.6,83.3,83.8
NS,131547,2018-11-04,5:49 PM,Derailment,0,DAYTON,IN,41,3,Dusk,Rain,Industry,Yard/switching,1,108807,3193,112000,H524,40.374507,-86.835774,42.3,51.1,48.6
UP,0819PR004,2019-08-01,10:34 AM,Other (describe in narrative),0,CHICAGO,IL,74,2,Day,Clear,Yard,Single Car,0,33246,33,33279,E21C,41.923762,-87.914768,69.3,70.8,73.8
IORY,IOR124816D,2016-10-31,6:45 AM,Derailment,0,LOGAN,OH,45,1,Dawn,Clear,Main,Freight Train,3,36333,2500,38833,M503,39.535278,-82.403167,62.7,51.3,61.4
IC,1136452,2023-07-15,9:10 PM,Side collision,0,WAMAC,IL,79,4,Dark,Clear,Yard,Cut of cars,7,300,0,14104,H310,38.505818,-89.145699,81.6,77.2,76.2
CSX,000154867,2015-12-03,6:45 AM,Hwy-rail crossing,0,PINEBLUFF,NC,40,1,Dawn,Clear,Siding,Cut of cars,0,677,0,70383,M308,35.096797,-79.45479,59.5,48,42.1
NS,124102,2017-02-25,2:30 PM,Other impacts,0,BELLEVUE,OH,33,2,Day,Cloudy,Yard,Yard/switching,10,41000,26132,67132,H399,41.274423,-82.83357,59.8,38.2,32.6
NJTR,201804180,2018-04-04,8:29 PM,Derailment,0,HOBOKEN,NJ,39,2,Day,Clear,Yard,Yard/switching,3,19845,2756,22601,H303,40.735645,-74.037349,40.1,47.1,39.7
UP,0722GL014,2022-07-15,7:10 AM,Other impacts,0,SOUTH ST PAUL,MN,70,2,Day,Cloudy,Yard,Single Car,0,1271,0,41901,H318,44.907968,-93.04714,73.5,77.6,77.3
AZER,AZE924419A,2019-01-23,12:43 PM,Other (describe in narrative),0,LORDSBURG,NM,50,2,Day,Clear,Main,Yard/switching,4,11875,0,11875,H503,32.3635,-108.7456,35.2,33.2,38.3
NOPB,NOPB00004F,2022-02-10,9:45 PM,Raking collision,0,NEW ORLEANS,LA,56,4,Dark,Clear,Yard,Yard/switching,5,32718,0,32718,H401,29.915466,-90.121263,54.2,57.7,59.1
CSX,000140502,2015-01-24,2:32 AM,Side collision,0,MOBILE,AL,40,4,Dark,Clear,Yard,Single Car,0,22496,0,23743,H318,30.712991,-88.046871,49.3,45.8,51.9
EMRY,73103,2017-10-04,7:30 PM,Hwy-rail crossing,0,DANFORTH,ME,64,4,Dark,Rain,Main,Freight Train,24,30000,50000,80000,M302,45.605588,-67.804791,46.1,59.5,61
LI,EQ20160501,2016-05-09,8:16 AM,Other (describe in narrative),0,PORT WASHINGTON,NY,60,2,Day,Clear,Yard,EMU,2,17131,0,17131,H307,40.830194,-73.687675,56.5,62.9,57.2
FGLK,11172022,2022-11-17,9:59 AM,Derailment,0,PHELPS,NY,35,2,Day,Cloudy,Industry,Freight Train,2,0,14122,14122,E46C,42.966862,-77.085111,36.7,33.3,32
UP,0522GC006,2022-05-03,8:50 AM,Other impacts,0,SULPHUR,LA,74,2,Day,Clear,Industry,Single Car,0,18452,0,22710,H307,30.191025,-93.331954,76.8,78.4,78.5
NJTR,202005176,2020-04-28,7:45 PM,Derailment,0,GLADSTONE,NJ,63,3,Dusk,Clear,Yard,Commuter Train - Pushing,7,29948,0,29948,M507,40.719302,-74.66485,46,50.6,50
WE,150022,2015-02-04,8:13 AM,Derailment,0,COLLINS,OH,15,2,Day,Snow,Yard,Freight Train,4,2301,12068,14369,H704,41.207678,-82.481048,15.1,29.5,9.1
LI,EQ20150307,2015-03-22,3:32 PM,Derailment,0,NEW YORK NEW YORK,NY,42,2,Day,Clear,Yard,EMU,4,20000,5000,25000,H305,40.75127,-73.995233,37,37.6,30.6
NS,155981,2024-03-08,2:30 AM,Other impacts,0,BELLEVUE,OH,48,4,Dark,Cloudy,Yard,Single Car,0,3450,275,16020,M411,41.28826,-82.800414,41.6,50.2,47
AZER,AZE558420D,2020-10-01,2:30 PM,Derailment,0,LORDSBURG,NM,88,2,Day,Clear,Main,Freight Train,18,110000,47700,157700,E40C,32.37124,-108.766703,64.6,67.8,64.6
CSX,000208945,2022-12-22,2:07 PM,Derailment,0,COLUMBUS,OH,44,2,Day,Rain,Yard,Yard/switching,7,19180,5130,24310,H702,39.912747,-82.984333,30.6,40.8,1.2
NJTR,202406301,2024-06-08,2:08 PM,Derailment,0,DOVER,NJ,74,2,Day,Clear,Yard,Passenger Train - Pulling,7,95624,0,95624,H303,40.884069,-74.548911,71.3,66.9,65.7
IHB,20232865,2023-09-25,12:28 PM,Derailment,0,BURNHAM,IL,71,2,Day,Clear,Siding,Freight Train,3,33500,1000,34500,H702,41.646142,-87.525278,65.1,66.7,66.8
UP,0124GP034,2024-01-25,9:00 PM,Other impacts,0,NORTH PLATTE,NE,29,4,Dark,Clear,Yard,Cut of cars,6,20534,6640,27297,M407,41.146758,-100.823515,30.7,33.1,31.8
WE,180026,2018-03-04,10:15 AM,Derailment,0,AKRON,OH,36,2,Day,Clear,Yard,Yard/switching,5,7171,25900,33071,H702,41.063155,-81.458544,31.2,31.6,31.5
CSX,000179431,2018-10-21,5:00 AM,Other impacts,0,FEURA BUSH,NY,44,4,Dark,Clear,Yard,Single Car,13,33574,80,33654,M407,42.565903,-73.854184,53.3,41.8,41.7
BNSF,TC0822105,2022-08-08,10:42 AM,Derailment,0,FREMONT,NE,68,2,Day,Cloudy,Yard,,0,0,28000,46127,E46C,41.430946,-96.504134,80.6,72.2,73.4
BNSF,KS0423113,2023-04-25,12:55 AM,Derailment,0,KANSAS CITY,KS,45,4,Dark,Clear,Yard,Yard/switching,3,44379,0,78173,M407,39.08217,-94.677787,54.7,57.8,58.2
BNSF,PR0620101,2020-06-06,8:00 PM,Side collision,0,ALLIANCE,NE,60,3,Dusk,Cloudy,Yard,Cut of cars,4,34419,0,59929,M105,42.084504,-102.886795,72.5,73.6,71.7
UP,0618KC017,2018-06-16,11:50 AM,Derailment,0,COFFEYVILLE,KS,90,2,Day,Clear,Yard,Freight Train,1,84375,297,84672,M405,37.030255,-95.628848,83.2,82.9,83.3
KCS,15061004,2015-06-10,10:50 AM,Derailment,0,SIMMESPORT,LA,87,2,Day,Clear,Main,Freight Train,7,766,99375,100141,H505,30.984862,-91.800468,78.8,77.3,77.9
UP,0920HL008,2020-09-09,9:45 AM,Obstruction,0,CARRIZOZO,NM,39,2,Day,Rain,Main,Freight Train,50,21509,2534,24043,M402,33.460922,-106.061408,60.3,33.9,38