reportingrailroadcode,accidentnumber,date,time,accidenttype,hazmatreleasedcars,station,stateabbr,temperature,visibility_code,visibility,weathercondition,tracktype,equipmenttype,trainspeed,equipmentdamagecost,trackdamagecost,totaldamagecost,primaryaccidentcausecode,latitude,longitude,prior_temp,actual_temp,following_temp
LI,GR20170103,2017-01-09,8:03 PM,Hwy-rail crossing,0,BRENTWOOD,NY,9,4,Dark,Clear,Main,EMU,75,215077,0,215077,M303,40.779878,-73.2478,19.6,15.6,25.5
LI,70728,2019-10-13,8:36 AM,Derailment,0,JAMAICA,NY,66,2,Day,Clear,Main,Freight Train,9,15000,29000,44000,M204,40.699378,-73.808717,60.1,59.7,63.4
ATK,156682,2018-12-11,1:07 AM,Other (describe in narrative),0,LONG ISLAND CITY,NY,32,4,Dark,Clear,Main,Work train,51,35696,0,35696,H999,40.745157,-73.939066,34.1,34.6,36.6
UP,0721GL019,2021-07-18,9:00 AM,Derailment,0,COUNCIL BLUFFS,IA,72,2,Day,Clear,Yard,Freight Train,4,13456,1059,14515,E27C,41.249888,-95.892931,75,74.4,74.1
CWRO,201781,2017-11-21,8:25 PM,Derailment,0,CLEVELAND,OH,34,4,Dark,Clear,Industry,Yard/switching,3,12000,1500,13500,E07C,41.470166,-81.667138,38.6,46.7,35.1
SW,SWC081815D,2015-08-18,1:15 PM,Derailment,0,ARTESIA,NM,84,2,Day,Clear,Industry,Yard/switching,4,75000,2710,77710,H303,32.8428,-104.4122,80.7,84.8,74.6
NS,130660,2018-08-21,4:10 AM,Other impacts,0,CHICAGO,IL,70,1,Dawn,Rain,Yard,Yard/switching,4,76187,0,84978,H306,41.820356,-87.679311,74.7,72.6,70.2
NS,137549,2020-03-22,11:00 AM,Other impacts,0,MARION,MS,60,2,Day,Clear,Industry,Freight Train,3,8000,0,16000,H301,32.390458,-88.658867,59.1,59.9,70.9
BNSF,SW0424111,2024-04-26,12:38 PM,Derailment,6,MANUELITO,NM,60,2,Day,Cloudy,Main,Freight Train,52,3779995,977000,4756995,H703,35.370084,-109.040431,48.5,47.7,38.8
CSX,000155469,2015-12-23,12:10 PM,Derailment,0,CHILI CENTER,NY,55,2,Day,Cloudy,Main,Freight Train,25,2900,21800,24700,E68C,43.107666,-77.809449,51.4,50.9,57.7
IORY,IOR513617A,2017-11-21,10:50 AM,Other (describe in narrative),0,WASHINGTON COURT HOU,OH,44,2,Day,Clear,Main,Spec. MoW Equip.,3,0,15000,15000,M599,39.518873,-83.520252,33.6,43.8,32
IC,1020010,2019-11-28,10:15 AM,Derailment,0,JACKSON,MS,60,2,Day,Clear,Yard,Yard/switching,9,40575,850,41425,H305,32.322442,-90.181178,62.8,54.9,61
BNSF,SW1120102,2020-11-18,1:55 AM,Derailment,0,CLOVIS,NM,50,4,Dark,Clear,Yard,Yard/switching,6,28000,3000,31000,H008,34.396763,-103.197753,50.4,56.8,62.8
KCS,21081205,2021-08-12,4:10 PM,Other impacts,0,KANSAS CITY,MO,95,2,Day,Rain,Yard,Yard/switching,0,13250,0,13500,M105,39.128548,-94.515452,88.4,83.9,75.5
CSX,000174492,2018-02-04,8:19 AM,Derailment,0,BIRMINGHAM,AL,46,2,Day,Rain,Yard,Cut of cars,9,14972,50,15022,H318,33.543607,-86.790089,43.6,46.2,42.1
LI,GR20170102,2017-01-07,12:05 PM,Hwy-rail crossing,0,LITTLE NECK,NY,21,2,Day,Snow,Main,EMU,38,12447,0,12447,M306,40.773924,-73.741984,31,23.4,21.6
ITHR,231108003,2023-11-08,4:35 PM,Other (describe in narrative),0,LANSING,NY,44,3,Dusk,Clear,Industry,Freight Train,2,750,20000,20750,M399,42.529209,-76.528085,49.9,34.6,45.2
MRL,2017005,2017-01-07,10:20 PM,Rear end collision,0,HELENA,MT,18,4,Dark,Snow,Yard,Light loco(s),10,4000,0,15800,H307,46.599826,-112.010384,0.8,-1.1,10
NJTR,202303103,2023-03-14,1:50 PM,Other impacts,0,HOBOKEN,NJ,36,2,Day,Cloudy,Yard,Light loco(s),8,0,35675,85337,H306,40.734502,-74.03397,41.3,35.6,38.3
MBTA,2023143,2023-12-19,6:07 AM,Hwy-rail crossing,0,WAKEFIELD,MA,42,1,Dawn,Clear,Main,Passenger Train - Pulling,45,16703,0,16703,M304,42.505771,-71.078785,55,41.4,34.6
CSX,000174832,2018-02-21,11:50 PM,Derailment,0,SELKIRK,NY,41,4,Dark,Cloudy,Yard,Yard/switching,5,10369,44072,54441,H522,42.565903,-73.854184,51.9,56.1,32.9
NS,156017,2024-03-12,5:50 AM,Other impacts,0,CHARLOTTE,NC,42,1,Dawn,Clear,Yard,Single Car,0,89,14179,14418,M599,35.228064,-80.852619,49.7,55.3,61.4
BNSF,KS0322105,2022-03-08,3:20 AM,Derailment,0,KANSAS CITY,KS,30,4,Dark,Clear,Yard,Yard/switching,2,3034,8680,11714,M411,39.085469,-94.69081,28,31.9,35.5
UP,1017PR019,2017-10-24,10:45 AM,Derailment,0,MELROSE PARK,IL,45,2,Day,Rain,Yard,Yard/switching,4,98415,18120,116535,M409,41.899536,-87.908232,52.5,46.8,44.3
CSX,000151331,2015-08-26,4:48 AM,Side collision,0,CINCINNATI,OH,62,4,Dark,Clear,Yard,Cut of cars,0,0,0,11507,S016,39.104323,-84.542438,63.6,65.6,66.5
MBTA,2024070,2024-05-10,1:30 PM,Fire/violent rupture,0,BOSTON,MA,53,2,Day,Clear,Yard,Light loco(s),0,112626,0,112626,M406,42.364758,-71.067421,54.5,49.9,48.4
ATK,154953,2018-08-09,6:30 AM,Obstruction,0,METUCHEN,NJ,76,1,Dawn,Clear,Main,,0,0,0,15000,M404,40.540865,-74.360484,81.3,81.4,78.6
RALI,RAI561620,2020-02-29,9:45 PM,Side collision,0,LIVONIA,LA,52,4,Dark,Clear,Yard,Freight Train,5,31956,0,63912,H702,30.533435,-91.562578,49.3,54.7,59.7
NS,121567,2016-08-05,7:15 PM,Other impacts,0,MUSCLE SHOALS,AL,85,3,Dusk,Cloudy,Yard,Yard/switching,2,29437,0,29437,H099,34.712551,-87.616781,81.2,83.7,80.4
BNSF,TC0418111,2018-04-19,4:20 AM,Derailment,0,DAKOTA CITY,NE,30,1,Dawn,Clear,Industry,Yard/switching,4,14364,1000,15364,T217,42.434379,-96.422027,34.3,39.6,43.2
MNCW,2019126,2019-08-24,10:15 PM,Other impacts,0,NEW HAVEN,CT,75,4,Dark,Clear,Yard,EMU,5,18174,0,18174,H999,41.294716,-72.926338,71.9,69.2,68.3
NS,152791,2023-04-11,10:15 PM,Other impacts,0,SOUTHMONT,NC,58,4,Dark,Clear,Yard,Single Car,3,43300,0,52275,H312,35.738906,-80.33295,50,56.1,64
MNCW,82213,2024-04-04,1:40 AM,Derailment,0,WHITE PLAINS,NY,37,4,Dark,Rain,Yard,EMU,8,36463,0,36463,H702,41.054086,-73.771527,40,40,41.4
UP,0720PR020,2020-07-19,12:25 AM,Other impacts,0,NORTHLAKE,IL,82,4,Dark,Clear,Yard,Yard/switching,3,15779,0,20682,M105,41.926835,-87.915205,84.1,79.5,77.3
UP,0324MA026,2024-03-25,6:00 PM,Other impacts,0,BOSSIER CITY,LA,60,3,Dusk,Cloudy,Industry,Cut of cars,0,99431,0,198708,H607,32.563119,-93.731822,57.1,62.2,53.4
BNSF,KS0317107,2017-03-17,2:15 PM,Derailment,0,AUGUSTA,KS,72,2,Day,Clear,Main,Freight Train,50,773661,678000,1451661,E61C,37.670991,-96.980308,54.7,61.9,57.5
CSX,000200007,2021-09-10,11:30 PM,Side collision,0,INDIANAPOLIS,IN,70,4,Dark,Clear,Yard,Yard/switching,7,16516,1075,65163,H306,39.759791,-86.327526,67.6,67.3,72.3
WE,160048,2016-04-27,5:45 PM,Derailment,0,CAREY,OH,59,2,Day,Clear,Industry,Yard/switching,9,36000,0,36000,H702,40.963434,-83.368483,61.9,49.6,48.2
UP,0117KC011,2017-01-22,6:22 PM,Other impacts,0,KANSAS CITY,KS,40,4,Dark,Cloudy,Yard,Yard/switching,4,1926,13549,16663,H602,39.130499,-94.611553,46.5,42.5,35.9
CSX,000219049,2024-07-02,11:15 PM,Derailment,0,BIRMINGHAM,AL,79,4,Dark,Clear,Yard,Light loco(s),0,4715,0,92345,M404,33.543615,-86.790111,83.8,81.9,85.3
UP,0820GL001,2020-08-01,12:41 PM,Other impacts,0,EAGLE GROVE,IA,79,2,Day,Cloudy,Yard,Cut of cars,2,4522,0,14553,E08C,42.676897,-93.917793,69.7,68.9,68.7
CSX,000176169,2018-05-03,7:57 PM,Hwy-rail crossing,0,DOUGLAS,GA,82,3,Dusk,Clear,Main,Freight Train,58,45918,97,46015,M302,31.531196,-82.9153,69.5,69.6,71.2
NS,152004,2023-01-14,4:00 PM,Other impacts,0,LEXINGTON,NC,60,3,Dusk,Clear,Yard,Single Car,0,28500,0,80890,H312,35.750594,-80.31829,47.6,36.7,36.9
NS,153722,2023-07-27,3:30 AM,Side collision,0,BELLEVUE,OH,71,4,Dark,Cloudy,Yard,Yard/switching,8,15750,0,50295,H305,41.293018,-82.783058,75.3,75.9,77
ATK,175588,2023-07-19,12:58 PM,Obstruction,0,SHARON,MA,85,2,Day,Clear,Main,Passenger Train - Pulling,130,43219,0,43219,M404,42.128716,-71.180747,78.5,78.5,75.5
UP,0217SL002,2017-02-01,3:19 AM,Derailment,0,HARTFORD,IL,39,4,Dark,Cloudy,Main,Work train,30,59262,39162,98424,H019,38.818297,-90.088857,45.1,38.7,29.2
NJTR,201709372,2017-09-11,11:36 AM,Derailment,0,KEARNY,NJ,75,2,Day,Clear,Yard,Light loco(s),5,15000,265,15265,H704,40.744367,-74.106482,64.4,66.2,69.9
NS,140135,2020-12-31,6:00 PM,Derailment,0,BELLEVUE,OH,28,3,Dusk,Clear,Yard,Cut of cars,0,357810,460315,1639062,H508,41.297936,-82.760942,37.8,30.9,32
MNCW,2019010420,2019-01-04,9:10 AM,Derailment,0,NEW YORK -BRONX,NY,36,2,Day,Clear,Yard,Commuter Train - Pulling,3,48737,3000,51737,H702,40.831782,-73.932752,41,40.9,43.7
WC,1007726,2019-07-28,4:15 AM,Derailment,0,GARY,IN,80,1,Dawn,Cloudy,Yard,Yard/switching,4,167546,5000,172546,H703,41.629672,-87.405966,78.1,79.2,74
LI,EQ20160301,2016-03-03,11:31 PM,Other impacts,0,JAMAICA,NY,32,4,Dark,Clear,Yard,EMU,4,12497,0,12497,H399,40.707801,-73.774437,43.8,31.7,33.8
LI,71382,2020-01-18,10:35 AM,Other (describe in narrative),0,GARDEN CITY,NY,28,2,Day,Clear,Main,Maint./inspect Car,0,0,71270,71270,H997,40.7355,-73.6613,27.1,26.9,38.9
NS,128250,2018-01-23,4:08 AM,Hwy-rail crossing,0,GOSHEN,IN,35,1,Dawn,Rain,Main,Freight Train,58,120,15212,15332,M303,41.602484,-85.867767,49,33.6,29.1
UP,0615KC003,2015-06-02,2:45 AM,Derailment,0,KANSAS CITY,KS,63,4,Dark,Cloudy,Yard,Yard/switching,6,10020,660,10680,H306,39.093784,-94.653416,62.7,67.2,68.7
CSX,000194125,2020-11-24,10:50 PM,Other impacts,0,WALBRIDGE,OH,35,4,Dark,Cloudy,Yard,Cut of cars,4,31247,0,33801,H318,41.58993,-83.49686,39.2,36.3,46.6
NS,127900,2017-12-26,2:30 PM,Derailment,0,TOLEDO,OH,11,2,Day,Clear,Yard,Yard/switching,7,13803,4000,17803,H306,41.633383,-83.610917,17.6,8.5,2.6
BNSF,CH0518103,2018-05-09,6:00 AM,Derailment,0,ROCHELLE,IL,52,1,Dawn,Clear,Yard,Freight Train,3,21304,500,21804,H307,41.90886,-89.047795,67.6,67.4,63.4
LI,77906,2022-09-03,6:48 AM,Hwy-rail crossing,0,HUNTINGTON,NY,62,1,Dawn,Clear,Main,EMU,30,35988,2223,38211,M399,40.847843,-73.417935,68.2,69.4,76
ATK,175009,2023-06-06,11:27 AM,Hwy-rail crossing,0,GALIEN,MI,78,2,Day,Cloudy,Main,Passenger Train - Pulling,110,12079,0,12079,M308,41.802071,-86.532968,65.7,65,61.9
NS,132759,2019-02-07,8:40 PM,Raking collision,0,BELLEVUE,OH,42,4,Dark,Rain,Yard,Yard/switching,2,11000,0,11000,S016,41.290566,-82.787317,37.5,42.5,21.2
CSX,000189063,2020-03-12,7:35 PM,Other impacts,0,BUFFALO,NY,45,3,Dusk,Cloudy,Yard,Cut of cars,5,2757,0,56026,H018,42.901973,-78.773441,35.3,42.6,44.8
CSX,000209030,2022-12-30,10:15 PM,Derailment,0,WALBRIDGE,OH,50,4,Dark,Rain,Yard,Cut of cars,4,29568,96,29664,H312,41.589911,-83.496929,49.3,54.8,45
WE,170109,2017-10-01,12:30 PM,Derailment,0,MINGO JUNCTION,OH,60,2,Day,Clear,Main,Freight Train,7,16733,0,16733,H706,40.334522,-80.608337,53.9,53.2,57.5
LI,76938,2022-04-09,10:25 AM,Obstruction,0,LONG ISLAND CITY,NY,55,2,Day,Clear,Yard,EMU,5,15000,0,15000,H022,40.743043,-73.948698,55.5,51.2,46.6
NS,126547,2017-09-08,8:24 AM,Derailment,0,BELLEVUE,OH,72,2,Day,Clear,Yard,Yard/switching,4,23327,500,23827,M411,41.276959,-82.831057,53.9,57.2,55.3
BNSF,HL0319115,2019-03-16,4:10 PM,Derailment,0,LINCOLN,NE,41,2,Day,Clear,Yard,Yard/switching,4,5000,11000,16000,H307,40.808108,-96.760148,37.2,37.9,35.9
NS,129658,2018-05-31,10:30 AM,Obstruction,0,DIX,IL,80,2,Day,Cloudy,Main,Freight Train,28,14251,0,14251,M404,38.419803,-88.942258,78.2,76.1,78.8
NS,123248,2016-12-21,4:00 PM,Other impacts,0,FORT WAYNE,IN,35,3,Dusk,Cloudy,Yard,Light loco(s),10,12410,824,13248,H306,41.08189,-85.223378,19.7,27.9,33.7
CSX,000211720,2023-06-08,5:06 PM,Hwy-rail crossing,0,WINGATE,NC,85,3,Dusk,Clear,Main,Freight Train,47,12509,0,12509,M302,34.983368,-80.449056,69.2,68.7,68.4
CSX,000176734,2018-06-02,5:41 AM,Derailment,0,WAYCROSS,GA,65,1,Dawn,Clear,Yard,Freight Train,5,38672,514,39186,H525,31.213524,-82.353588,80.3,76.1,82.6
BNSF,KS0223103,2023-02-07,8:30 PM,Derailment,0,KANSAS CITY,KS,40,3,Dusk,Clear,Yard,Yard/switching,3,15797,2000,17797,H308,39.083153,-94.681986,51.6,42.2,34.9
NS,126752,2017-09-23,12:40 PM,Derailment,0,DECATUR,IL,92,2,Day,Clear,Yard,Yard/switching,3,13536,200,13736,H312,39.852179,-88.918354,79.8,78.6,75.6
CSX,000153650,2015-10-26,5:40 PM,Derailment,0,SELKIRK,NY,49,3,Dusk,Clear,Yard,Yard/switching,9,11537,73550,85087,S014,42.566588,-73.852296,50.8,42.3,39.2
UP,0120PR010,2020-01-18,10:40 PM,Derailment,0,NORTHLAKE,IL,9,4,Dark,Cloudy,Yard,Yard/switching,3,57921,5212,63133,E22C,41.927123,-87.913997,21.9,25.9,10.8
NS,114357,2015-02-14,12:45 PM,Hwy-rail crossing,0,LEIPSIC,OH,10,2,Day,Snow,Main,Freight Train,35,10000,12697,22697,M306,41.105324,-83.957542,15.5,19.8,1.4
IHB,2274,2016-12-28,5:46 PM,Other impacts,0,RIVERDALE,IL,36,4,Dark,Clear,Yard,Yard/switching,3,13803,0,13803,S016,41.639438,-87.655,28.4,33.6,33.2
RTDC,14582,2016-07-03,3:39 PM,Other impacts,0,DENVER,CO,87,2,Day,Clear,Yard,EMU,3,20515,0,20515,H509,39.789985,-104.995987,66,70.6,75.4
UP,0815LV005,2015-08-18,8:25 AM,Derailment,0,IOWA,LA,78,2,Day,Rain,Main,Freight Train,26,1687,12440,14127,E53C,30.23817,-93.060479,81.1,79.8,78.8
UP,1119GC007,2019-11-06,2:19 AM,Other impacts,0,LIVONIA,LA,57,4,Dark,Clear,Yard,Cut of cars,0,8074,0,21607,S007,30.525512,-91.555721,63.4,64,68.8
BNSF,TC0523108,2023-05-20,9:02 PM,Other (describe in narrative),0,MOORHEAD,MN,50,4,Dark,Clear,Yard,Yard/switching,7,0,19143,19143,H306,46.874219,-96.735346,52.2,61.4,68.8
ATK,146423,2017-02-10,2:59 AM,Other (describe in narrative),0,BRONX,NY,19,4,Dark,Snow,Main,Passenger Train - Pulling,39,141,50000,50141,S099,40.830912,-73.88306,30,25.9,39.3
BLF,20245263,2024-08-26,2:15 PM,Hwy-rail crossing,0,PALM BEACH GARDENS,FL,94,2,Day,Clear,Main,Passenger Train - Pulling,76,12861,0,13254,M308,26.830627,-80.091951,80.9,84.4,86
CSX,000188697,2020-02-26,6:25 AM,Side collision,0,BUFFALO,NY,33,1,Dawn,Cloudy,Yard,Yard/switching,4,23971,0,51922,H020,42.901973,-78.773441,36.4,34.2,24.7
NOPB,D20210528E,2021-05-28,10:30 PM,Derailment,0,NEW ORLEANS,LA,70,4,Dark,Clear,Yard,Freight Train,8,20000,7019,27019,T212,29.915389,-90.107764,81.5,81.4,78
NS,116023,2015-06-11,12:30 PM,Derailment,0,LINNDALE,OH,78,2,Day,Clear,Yard,Yard/switching,7,15950,500,16450,E04C,41.431187,-81.783385,74.5,69.7,75
BNSF,NE0415101,2015-04-10,8:15 AM,Derailment,0,LINCOLN,NE,45,2,Day,Clear,Yard,Light loco(s),10,24800,2500,27300,E64L,40.808179,-96.740898,44,52.7,59.1
ATK,139127,2015-09-07,12:48 PM,Other (describe in narrative),0,NEWARK,NJ,89,2,Day,Clear,Main,Passenger Train - Pushing,94,20000,1800,21800,E78L,40.747289,-74.163916,73.2,79.8,84
BNSF,KS1122107,2022-11-09,12:39 AM,Side collision,0,KANSAS CITY,KS,61,4,Dark,Clear,Yard,Cut of cars,0,1898,0,25777,H307,39.080851,-94.672566,56.4,66.4,58.5
NS,126329,2017-08-22,7:45 AM,Derailment,0,BELLEVUE,OH,78,1,Dawn,Cloudy,Yard,Yard/switching,4,11100,400,11500,E39C,41.274423,-82.83357,77.1,74.4,65.9
NJTR,202110412,2021-09-12,5:15 PM,Other (describe in narrative),0,HOBOKEN,NJ,73,3,Dusk,Cloudy,Main,Commuter Train - Pulling,15,12724,0,12724,H599,40.741322,-74.067288,68.8,74.1,78.1
CSX,000216218,2024-02-15,12:24 PM,Other (describe in narrative),0,COLUMBUS,OH,46,2,Day,Cloudy,Main,Yard/switching,8,18118,45970,64088,H702,39.972311,-83.021134,36.1,38.3,30.5
MNCW,2018022426,2018-02-23,11:05 PM,Obstruction,0,NEW YORK -BRONX,NY,30,4,Dark,Clear,Yard,Light loco(s),5,0,64000,64000,H997,40.834565,-73.932162,44.9,38.3,47.3
CSX,000147264,2015-06-04,6:30 AM,Derailment,0,BALTIMORE,MD,54,1,Dawn,Cloudy,Yard,Yard/switching,2,58085,450,58535,H099,39.306296,-76.529004,59,60.2,62.5
LI,75766,2021-10-18,11:40 AM,Other impacts,0,MANHATTAN,NY,59,2,Day,Cloudy,Yard,DMU,1,15760,0,15760,E31C,40.755297,-74.004076,57.2,53.7,56.9
MNCW,75078,2021-05-29,7:31 AM,Obstruction,0,NEW YORK -BRONX,NY,50,1,Dawn,Rain,Main,,0,0,0,19751,M404,40.853126,-73.92068,60,49.5,49.5
MNR,65194,2017-05-26,8:47 PM,Derailment,0,OAKFIELD,ME,51,4,Dark,Clear,Main,Freight Train,17,10000,100000,110000,M405,46.170565,-68.162268,56.6,48.8,52.2
NS,145355,2022-05-23,8:30 AM,Other impacts,0,CHEEKTOWAGA,NY,65,2,Day,Cloudy,Yard,Yard/switching,4,53813,0,53813,H312,42.894751,-78.762526,60.3,54.4,57.8
NJTR,202408389,2024-07-15,7:15 PM,Fire/violent rupture,0,PATERSON,NJ,95,3,Dusk,Clear,Main,Commuter Train - Pulling,43,1274127,0,1274127,E74L,40.935322,-74.15841,81.4,84.4,86.8
BNSF,CH0620101,2020-06-03,11:10 PM,Derailment,0,CHICAGO,IL,60,4,Dark,Clear,Yard,Freight Train,8,25011,0,115011,H307,41.768046,-87.764674,80.6,76.4,77.7
IAIS,2018015,2018-07-06,10:45 AM,Hwy-rail crossing,0,BOONEVILLE,IA,76,2,Day,Clear,Main,Freight Train,36,18429,0,18429,M302,41.532567,-93.833326,78.6,74.7,73.2
NS,123850,2017-02-05,5:10 PM,Derailment,0,COLUMBUS,OH,46,3,Dusk,Clear,Yard,Freight Train,5,21108,300,21408,M404,39.907872,-82.947703,21.5,36.4,39.8
RALI,RAI965822,2022-05-19,5:55 PM,Other (describe in narrative),0,MARINGOUIN,LA,90,2,Day,Clear,Yard,Light loco(s),12,24704,0,24704,H601,30.522542,-91.555815,80.6,80.1,80.9
UPME,1017CM001,2017-10-04,4:33 PM,Hwy-rail crossing,0,CHICAGO,IL,73,2,Day,Cloudy,Main,Commuter Train - Pulling,60,1000,12947,13947,M303,41.985252,-87.78767,72.1,69.6,65.5
IORY,IOR888124D,2024-08-02,1:00 AM,Derailment,0,SPRINGFIELD,OH,66,4,Dark,Cloudy,Main,Freight Train,20,350000,150000,500000,E59C,39.934444,-83.835719,77.9,73.8,76.3
CSX,000215064,2023-12-13,9:37 PM,Hwy-rail crossing,0,MATTHEWS,NC,45,4,Dark,Clear,Main,Freight Train,38,3729,8119,11848,M308,35.117131,-80.721314,38.2,42.6,42.7
UP,0324HL012,2024-03-17,2:00 PM,Hwy-rail crossing,0,TUCUMCARI,NM,51,2,Day,Cloudy,Main,Freight Train,68,17013,0,17013,M302,35.226029,-103.613046,41.2,45.7,44.3
NS,140720,2021-02-23,10:40 AM,Other (describe in narrative),0,DECATUR,IL,48,2,Day,Clear,Yard,Yard/switching,2,28500,980,29480,H702,39.858895,-88.896691,37.9,46.3,44.3
FEC,X41080824,2024-08-08,3:12 PM,Hwy-rail crossing,0,LAKE PARK,FL,94,2,Day,Clear,Main,,0,0,478,28478,M308,26.808135,-80.077337,83.9,84.8,83.6
ABS,170105002,2017-01-05,7:27 PM,Derailment,0,BUHL,AL,35,4,Dark,Clear,Main,Freight Train,14,150000,4500,154500,T222,33.258563,-87.739328,47,40.4,32.1
ATK,164538,2020-06-02,10:30 PM,Fire/violent rupture,0,NEW YORK,NY,70,4,Dark,Clear,Main,Passenger Train - Pulling,0,13522,0,13522,M406,37.345413,-77.427872,61.5,66.9,70.4
CSX,000203869,2022-03-28,6:18 AM,Derailment,0,EVANSVILLE,IN,32,1,Dawn,Clear,Yard,Freight Train,8,212573,41033,253606,E49C,37.962312,-87.609227,37.2,38.7,47.2
CSX,000207899,2022-10-19,11:42 AM,Hwy-rail crossing,0,ROWLAND,NC,60,2,Day,Clear,Main,,0,0,25006,30080,M308,34.537122,-79.292452,54.7,45.7,48.2
ATK,143685,2016-08-06,1:00 PM,Obstruction,0,ROUSES POINT,NY,80,2,Day,Clear,Main,Passenger Train - Pulling,60,12660,0,12660,M503,44.882973,-73.455177,77,74.3,68.9
UP,0817PR028,2017-08-24,9:30 PM,Derailment,0,CAMANCHE,IA,59,4,Dark,Cloudy,Industry,Yard/switching,4,11365,1182,12547,T213,41.796612,-90.291335,63,63.6,62.7
NJTR,202407362,2024-06-30,1:00 AM,Other (describe in narrative),0,PRINCETON,NJ,74,4,Dark,Clear,Siding,EMU,0,21670,0,21670,E78L,40.317673,-40.317673,74,77.4,71.9
CSX,000167287,2017-03-07,5:15 PM,Derailment,0,BLUE ISLAND,IL,46,2,Day,Clear,Main,Freight Train,3,40585,975,41560,H525,41.640237,-87.671944,55.7,50.4,45.4
CSX,000194123,2020-11-28,3:40 AM,Other impacts,0,COLUMBUS,OH,45,4,Dark,Clear,Yard,Cut of cars,6,34500,0,34500,H312,39.972333,-83.021122,47.5,39.7,40.2
NS,145868,2022-07-16,6:55 PM,Hwy-rail crossing,0,DURHAM,NC,85,3,Dusk,Clear,Main,,0,0,0,0,M308,36.027509,-78.970215,77.5,76.1,80
NS,142470,2021-08-08,2:30 PM,Derailment,0,CHICAGO,IL,85,2,Day,Clear,Yard,Light loco(s),6,22903,756,23659,H704,41.795347,-87.635316,78.4,80.9,75.9
CSX,000142366,2015-03-02,3:15 PM,Derailment,0,WAYCROSS,GA,65,2,Day,Clear,Yard,Yard/switching,7,91447,29453,120900,M411,31.213524,-82.353589,52.3,61.5,70.8
LI,69235,2019-02-22,2:24 PM,Derailment,0,RICHMOND HILL,NY,41,2,Day,Clear,Yard,Single Car,4,7032,6714,13746,E0HC,40.698047,-73.815748,41.6,40.9,36.4
UP,0915NP013,2015-09-20,10:40 PM,Derailment,0,ALEXANDRIA,NE,67,4,Dark,Cloudy,Main,Freight Train,5,11311,14676,25987,E67C,40.246306,-97.389612,59.5,64.9,67.2
MNNR,0823001,2023-08-04,4:11 PM,Derailment,0,ST PAUL,MN,84,2,Day,Clear,Yard,Yard/switching,4,0,65862,80856,M507,44.972654,-93.195468,82.5,78.6,76.6
CRSH,131138,2018-09-29,4:40 AM,Derailment,0,NEWARK,NJ,66,1,Dawn,Clear,Yard,Yard/switching,0,1273,0,70073,S007,40.70636,-74.134506,61,64.2,62.2
ALS,20170621,2017-06-21,4:30 PM,Raking collision,0,EAST ST LOUIS,IL,92,2,Day,Clear,Yard,Cut of cars,3,13130,86,13216,M408,39.596277,-98.147175,78.7,83.8,79.4
UP,0524RM008,2024-05-07,7:30 PM,Derailment,0,IDAHO FALLS,ID,46,3,Dusk,Cloudy,Siding,Freight Train,8,11335,0,11335,M404,43.492292,-112.03752,45.2,41.6,43.9
NJTR,201808406,2018-08-11,12:30 AM,Derailment,0,LONG BRANCH,NJ,70,4,Dark,Clear,Yard,Yard/switching,7,58000,10989,117596,H704,40.293338,-73.98853,78.7,75.1,76.6
WE,150159,2015-12-10,11:30 PM,Derailment,0,PLYMOUTH,OH,40,4,Dark,Clear,Main,Freight Train,39,165923,493491,659414,T222,40.988447,-82.7178,44.8,45.8,50.9
BPRR,BPR485017D,2017-11-08,4:00 PM,Derailment,0,BUFFALO,NY,32,2,Day,Clear,Yard,Yard/switching,4,26044,0,26044,H702,42.855487,-78.847876,39.5,37.1,39.8
CSX,000180934,2019-01-23,9:38 AM,Derailment,0,SELKIRK,NY,28,2,Day,Clear,Yard,Cut of cars,0,11571,0,22906,S007,42.565903,-73.854184,8.6,28.3,41.1
NS,155595,2024-01-28,4:46 AM,Other impacts,0,BELLEVUE,OH,35,1,Dawn,Rain,Yard,Single Car,2,13479,0,32258,S007,41.29034,-82.788151,37,35.4,33
BNSF,MT1122102,2022-11-18,8:53 PM,Derailment,0,GLENDIVE,MT,20,3,Dusk,Clear,Yard,Light loco(s),9,31000,4500,35500,H702,47.102818,-104.713553,11.2,11.4,19.1
CSX,000151727,2015-09-03,1:00 PM,Other impacts,0,CUMBERLAND,MD,90,2,Day,Clear,Yard,Cut of cars,4,24000,0,40642,M599,39.649746,-78.758058,71.5,72,70.8
CSX,000161596,2016-07-25,12:48 AM,Hwy-rail crossing,0,CHELSEA,AL,80,4,Dark,Clear,Main,Freight Train,35,616,32000,32616,M302,33.340998,-86.630427,83.6,83.3,82.8
ABS,D660515,2015-01-26,7:30 AM,Derailment,0,ETHELSVILLE,AL,50,1,Dawn,Clear,Main,Freight Train,8,191644,30000,221644,T221,33.408016,-88.21205,45.6,43.2,45.3
MNCW,73468,2020-10-06,8:15 PM,Other impacts,0,CROTON ON HUDSON,NY,65,4,Dark,Clear,Yard,Cut of cars,2,30768,0,32926,E39C,41.194932,-73.885425,57,58.8,61.9
BNSF,SF1015110,2015-10-19,1:52 AM,Derailment,0,BIRMINGHAM,AL,54,4,Dark,Clear,Yard,Cut of cars,0,30598,0,332566,H599,33.526419,-86.850861,53,56.1,60.7