reportingrailroadcode,accidentnumber,date,time,accidenttype,hazmatreleasedcars,station,stateabbr,temperature,visibility_code,visibility,weathercondition,tracktype,equipmenttype,trainspeed,equipmentdamagecost,trackdamagecost,totaldamagecost,primaryaccidentcausecode,latitude,longitude,prior_temp,actual_temp,following_temp
BNSF,KS1023110,2023-10-23,10:05 AM,Derailment,0,OTTAWA,KS,68,2,Day,Cloudy,Yard,Freight Train,4,60158,51855,112013,H307,38.635793,-95.266753,61.2,72.2,66.8
BNSF,TC1220105,2020-12-27,11:40 AM,Other impacts,0,ULEN,MN,20,2,Day,Cloudy,Industry,Light loco(s),8,10694,0,14694,H301,47.057718,-96.258184,15.6,16.6,6.4
NS,116363,2015-07-03,12:30 PM,Other impacts,0,BELLEVUE,OH,69,2,Day,Cloudy,Yard,Yard/switching,3,18400,0,18600,M408,41.293152,-82.783204,65.6,65.1,65.9
UP,0121LA003,2021-01-04,6:02 PM,Derailment,0,LORDSBURG,NM,56,3,Dusk,Clear,Yard,Yard/switching,5,18399,1602,20001,H607,32.349872,-108.704981,39.5,40.3,43.6
NS,126223,2017-08-11,11:27 PM,Other (describe in narrative),0,BELLEVUE,OH,72,4,Dark,Clear,Yard,Cut of cars,2,12000,0,12000,H316,41.29231,-82.784212,69.4,70.7,68.1
LI,EQ20150202,2015-02-19,10:30 PM,Other impacts,0,RICHMOND HILL,NY,5,4,Dark,Clear,Yard,Light loco(s),5,152920,0,240195,H399,40.697061,-73.822239,24.5,18.9,11.6
NS,115073,2015-03-31,8:40 PM,Side collision,0,IRONDALE,AL,72,4,Dark,Clear,Yard,Yard/switching,5,18893,164034,252727,H306,33.539022,-86.706299,63,62.9,66.2
UP,0822HL006,2022-08-08,10:26 AM,Other impacts,0,HERINGTON,KS,71,2,Day,Clear,Yard,Yard/switching,4,34659,0,34915,H318,38.679221,-96.948992,90.1,75.1,74
BNSF,SW0424107,2024-04-20,4:58 AM,Obstruction,0,THOREAU,NM,50,1,Dawn,Clear,Main,Freight Train,65,1200,25000,26200,M402,35.418554,-108.290509,58.6,56.3,54.5
MNBR,MNB557920,2020-02-20,10:40 AM,Derailment,0,PENNINGTON,AL,50,2,Day,Rain,Main,Freight Train,10,16777,18740,35517,M103,32.237799,-88.01378,50.8,45.5,38.5
NS,131029,2018-09-20,11:55 AM,Derailment,0,CLEVELAND,OH,72,2,Day,Clear,Yard,Yard/switching,6,37000,250,37250,H306,41.453135,-81.685041,70,73.2,80.7
NS,122579,2016-10-28,11:30 AM,Hwy-rail crossing,0,OLMSTED FALLS,OH,50,2,Day,Clear,Main,Freight Train,42,3951,25868,29819,M303,41.37518,-81.902457,49.2,49.8,65.2
NS,137549,2020-03-22,11:00 AM,Other impacts,0,MARION,MS,60,2,Day,Clear,Industry,Cut of cars,0,8000,0,16000,H301,32.390458,-88.658867,59.1,59.9,70.9
CSX,000168573,2017-04-28,12:30 PM,Side collision,0,WALBRIDGE,OH,60,2,Day,Clear,Yard,Yard/switching,4,22550,592,57280,H306,41.58993,-83.49686,64.6,53.8,49.9
NS,153034,2023-05-09,3:45 AM,Other (describe in narrative),0,ERNUL,NC,68,4,Dark,Clear,Industry,Freight Train,10,59620,2155,61775,H702,35.256458,-77.081928,73.6,73.7,65.9
CSX,000149180,2015-07-14,3:38 PM,Hwy-rail crossing,0,SEBREE,KY,90,2,Day,Clear,Main,Freight Train,13,847,87000,87847,M399,37.600363,-87.532717,84.4,85.9,76.7
CSX,000158849,2016-04-07,3:40 AM,Derailment,0,HOYTVILLE,OH,40,4,Dark,Rain,Main,Freight Train,44,10307,2000,12307,E61C,41.201227,-83.86664,45.7,40.9,35.7
NS,128560,2018-02-17,5:08 AM,Derailment,0,IRONDALE,AL,72,1,Dawn,Clear,Yard,Yard/switching,5,35000,45320,105320,M407,33.548905,-86.67801,61.9,59.3,54.3
UP,0220GL030,2020-02-21,7:39 PM,Derailment,0,MINNEAPOLIS,MN,28,3,Dusk,Cloudy,Yard,,0,0,26400,63504,H503,44.974034,-93.201461,4.1,24.9,29.9
UP,0424GL031,2024-04-28,3:35 PM,Derailment,0,COLUMBUS,NE,61,2,Day,Cloudy,Yard,Freight Train,4,26902,26645,53547,H307,41.426872,-97.375681,55.6,55.2,54
NJTR,202108352,2021-08-24,1:30 AM,Derailment,0,BAY HEAD,NJ,75,4,Dark,Clear,Yard,Light loco(s),5,51793,12062,63855,H704,40.077334,-74.050323,76.1,80.3,79.5
BNSF,PR0520109,2020-05-18,1:10 PM,Derailment,0,ALLIANCE,NE,80,2,Day,Clear,Yard,Freight Train,6,9720,5623,15343,H307,42.063074,-102.902591,52.8,58.4,63.6
CP,1001045836,2019-08-08,9:10 PM,Other impacts,0,BENSENVILLE,IL,65,4,Dark,Clear,Yard,Yard/switching,10,60949,0,90136,H306,41.943566,-87.891047,77.7,77.8,72.6
FEC,X30060124,2024-06-01,6:47 PM,Obstruction,0,HOLLYWOOD,FL,82,2,Day,Clear,Main,,0,0,0,18987,M402,26.0338,-80.149851,85,83.4,82.4
GRS,20180606W1,2018-06-06,7:20 PM,Derailment,0,MECHANICVILLE,NY,68,3,Dusk,Clear,Main,Freight Train,8,58316,12132,70448,M201,42.9275,-73.671666,55.6,59.2,62.5
CFE,CFE866721D,2021-08-29,5:20 PM,Derailment,0,FORT WAYNE,IN,88,2,Day,Clear,Yard,Freight Train,8,10760,38670,49430,M405,41.055775,-85.084674,77.5,78.2,74.2
BKRR,20231201,2023-12-20,4:35 PM,Derailment,0,SHUSHAN,NY,34,3,Dusk,Cloudy,Main,Freight Train,10,105083,8500,113583,E47C,43.132807,-73.352018,34.8,29,24.9
ATK,138298,2015-07-16,10:20 AM,Other (describe in narrative),0,WEEHAWKEN,NJ,80,2,Day,Clear,Main,,0,0,0,11000,E78L,40.77107,-74.054045,76.8,72.1,72.9
BNSF,CH1117117,2017-11-30,7:00 AM,Obstruction,0,WILLOW SPRINGS,IL,40,1,Dawn,Cloudy,Yard,Freight Train,7,30000,0,30000,M404,41.750131,-87.867833,42.1,46.6,41.3
CSX,000171748,2017-09-20,7:32 AM,Other impacts,0,BIRMINGHAM,AL,75,1,Dawn,Clear,Yard,Cut of cars,1,40993,2002,43534,H318,33.543607,-86.790089,75.3,76.5,78.9
CSX,000177302,2018-06-29,4:25 AM,Other impacts,0,CINCINNATI,OH,67,1,Dawn,Clear,Yard,Single Car,0,0,0,11978,M407,39.111198,-84.544067,76.9,78.5,80.3
NJTR,202409462,2024-08-19,10:11 PM,Other impacts,0,KEARNY,NJ,70,4,Dark,Clear,Yard,Yard/switching,3,33956,0,33956,E39C,40.744134,-74.10378,75.9,75.8,67.7
UP,0524GL022,2024-05-22,3:00 AM,Derailment,0,SOUTH ST PAUL,MN,57,4,Dark,Cloudy,Yard,Yard/switching,0,12968,15920,28888,H702,44.907682,-93.047431,65.8,62.6,67.5
NS,122261,2016-09-30,5:15 PM,Other impacts,0,IRONDALE,AL,68,3,Dusk,Clear,Yard,Yard/switching,10,21572,11003,34358,E30C,33.548905,-86.67801,67.2,63.5,67.4
UP,0719HL025,2019-07-26,9:23 AM,Derailment,0,KANSAS CITY,MO,77,2,Day,Clear,Yard,Yard/switching,1,35171,99,35270,S007,39.113906,-94.481136,77.3,79.8,80.7
UP,1017PR028,2017-10-26,10:00 AM,Other (describe in narrative),0,MELROSE PARK,IL,60,2,Day,Clear,Industry,Yard/switching,3,11050,0,11050,M501,41.899919,-87.907776,44.3,49.1,41.8
CSX,000216222,2024-02-15,1:12 AM,Side collision,0,BALTIMORE,MD,38,4,Dark,Clear,Yard,Freight Train,8,46437,0,65729,H704,39.275963,-76.559604,37.9,34.8,41.7
LI,74358,2021-03-25,1:50 PM,Obstruction,0,PLANDOME,NY,0,2,Day,Cloudy,Main,EMU,30,36320,0,36320,M404,40.811282,-73.695135,49,54.7,61.4
NYA,NYA00065F,2022-06-24,2:57 AM,Derailment,0,RONKONKOMA,NY,60,4,Dark,Clear,Main,Freight Train,10,32722,0,48890,E70L,40.809697,-73.09147,66.5,66.9,75.9
NS,117239,2015-09-03,11:10 PM,Derailment,0,FREMONT,OH,69,4,Dark,Rain,Yard,Freight Train,6,42860,7200,50060,H702,41.353903,-83.110903,77,78.3,73.8
NS,126675,2017-09-18,10:40 AM,Derailment,0,EVENDALE,OH,70,2,Day,Clear,Yard,Freight Train,0,10283,747,11030,H306,39.264114,-84.420348,69.2,72,70.4
NS,116960,2015-08-16,3:05 PM,Derailment,0,MORAINE,OH,85,2,Day,Clear,Yard,Freight Train,3,39000,15200,54200,H018,39.706191,-84.218683,73,75.7,74.6
CSX,000192437,2020-09-03,1:45 PM,Side collision,0,CINCINNATI,OH,81,2,Day,Clear,Yard,Single Car,6,12176,0,30786,H301,37.850351,-84.256836,76.6,76.1,73.4
CSX,000213590,2023-09-20,4:21 AM,Derailment,0,SELKIRK,NY,48,4,Dark,Clear,Yard,Yard/switching,7,401463,580,402043,H403,42.5757,-73.936,62.1,59.3,57.3
BNSF,PR0715107,2015-07-17,8:55 PM,Side collision,0,ALLIANCE,NE,73,3,Dusk,Clear,Yard,Yard/switching,8,2160,0,12322,H607,42.067508,-102.897728,70.6,68.9,65.4
NS,129831,2018-06-15,8:09 AM,Derailment,0,CHICAGO,IL,79,2,Day,Clear,Yard,Freight Train,6,18598,100,18698,H513,41.781807,-87.632031,72.8,77.8,82.1
BNSF,HL0120107,2020-01-10,7:09 PM,Other (describe in narrative),0,SOUTH BEND,NE,22,3,Dusk,Snow,Main,Freight Train,4,0,23000,23000,H705,40.998113,-96.237561,41.8,23.7,14.4
NICD,N1600026,2016-12-07,5:55 AM,Hwy-rail crossing,0,MICHIGAN CITY,IN,32,4,Dark,Clear,Main,Passenger Train - Pulling,35,18977,0,18977,M308,41.713247,-86.873802,33.2,27.8,21.4
NICD,N1900022,2019-10-16,4:30 PM,Hwy-rail crossing,0,MICHIGAN CITY,IN,40,2,Day,Cloudy,Main,Commuter Train - Pulling,40,21000,16883,37883,M308,41.424783,-86.523939,51.6,47.5,45.1
NICD,N1900017,2019-08-19,4:10 PM,Other (describe in narrative),0,GARY,IN,82,2,Day,Clear,Main,Commuter Train - Pulling,50,44773,37857,82630,M599,41.605515,-87.397832,73.9,77,73
CSX,000162400,2016-08-24,6:28 PM,Other impacts,0,SELKIRK,NY,73,3,Dusk,Clear,Yard,Single Car,7,10881,0,10881,H317,42.565903,-73.854184,63.8,69.9,72
NS,131233,2018-10-07,6:30 PM,Other impacts,0,BELLEVUE,OH,68,3,Dusk,Fog,Yard,Yard/switching,4,4732,9171,13903,M411,41.288306,-82.801342,71.2,65.9,74.1
NS,116824,2015-08-06,12:20 PM,Derailment,0,MUSCLE SHOALS,AL,88,2,Day,Rain,Yard,Yard/switching,5,100300,44548,144848,E39C,34.712551,-87.616782,82.4,74.4,77.1
CSX,000208894,2022-12-20,3:50 AM,Derailment,0,CINCINNATI,OH,28,4,Dark,Cloudy,Yard,Freight Train,7,69700,6118,75818,T220,39.136408,-84.542399,26.1,31.7,31
CSX,000197208,2021-04-24,10:45 PM,Side collision,0,CINCINNATI,OH,45,4,Dark,Cloudy,Yard,Single Car,2,38771,0,41536,H018,39.108303,-84.538432,45.5,48.6,51.8
CSX,000176158,2018-05-02,11:22 PM,Derailment,0,NAPPANEE,IN,62,4,Dark,Rain,Main,Freight Train,42,721631,83505,805136,M105,41.43322,-85.899688,68.1,72.6,67.7
CSX,000163368,2016-10-03,9:45 PM,Derailment,0,WILLARD,OH,58,4,Dark,Clear,Yard,Cut of cars,4,4669,130800,135469,H318,41.059857,-82.723964,59.8,58,62.9
BNSF,KS1216106,2016-12-21,5:56 AM,Other (describe in narrative),0,KANSAS CITY,KS,28,1,Dawn,Clear,Yard,Yard/switching,5,20000,0,20000,E06C,39.084455,-94.683186,29.6,36.3,35.9
UP,1114NP031,2014-11-23,8:15 AM,Derailment,0,NORTH PLATTE,NE,33,2,Day,Clear,Yard,Yard/switching,4,7735,56199,64184,H704,41.141574,-100.775598,37,40.3,33
BNSF,SW1221104,2021-12-12,10:25 PM,Derailment,0,FORT SUMNER,NM,33,4,Dark,Clear,Main,Freight Train,63,1465571,699000,2164571,T214,34.436864,-104.063552,38,44.2,48.9
NS,138393,2020-07-02,2:30 AM,Other impacts,0,BELLEVUE,OH,67,4,Dark,Clear,Yard,Single Car,4,16256,10500,34520,H312,41.289407,-82.792543,75.5,77.3,78.9
NYNJ,202004,2020-02-18,12:25 AM,Derailment,0,NEW YORK-KINGS,NY,37,4,Dark,Clear,Yard,,0,0,200000,210483,H025,40.64384,-74.03252,42.6,41.7,43.2
CRSH,131138,2018-09-29,4:40 AM,Derailment,0,NEWARK,NJ,66,1,Dawn,Clear,Yard,Single Car,9,68164,0,70073,S007,40.70636,-74.134506,61,64.2,62.2
KAW,231025001,2023-10-25,3:55 AM,Derailment,0,NORTH KANSAS CITY,MO,65,4,Dark,Rain,Industry,,0,0,200000,480000,H607,39.126583,-94.574526,67.5,66,70.5
UP,0221GC034,2021-02-21,12:15 AM,Derailment,0,LIVONIA,LA,42,4,Dark,Clear,Yard,Freight Train,3,8389,26360,34749,M404,30.544149,-91.56901,40.1,51.7,55.8
NS,130205,2018-07-15,8:00 AM,Hwy-rail crossing,0,BELLEVUE,OH,82,2,Day,Clear,Yard,Freight Train,4,21067,24230,45297,M308,41.397503,-82.752242,78.5,81.6,79.9
CSX,000181433,2019-02-18,3:25 PM,Hwy-rail crossing,0,DOUGLAS,GA,65,2,Day,Cloudy,Main,Freight Train,59,42897,97,42994,M302,31.531885,-82.916571,69.2,62.3,55.7
BNSF,TC0117112,2017-01-11,9:29 PM,Derailment,0,FRIDLEY,MN,6,4,Dark,Clear,Yard,Yard/switching,4,2839,34803,37642,M411,45.039377,-93.271854,18.7,5.6,4.5
NS,114986,2015-03-26,12:45 AM,Derailment,0,GARDEN CITY,GA,55,4,Dark,Fog,Yard,Freight Train,9,185000,4000,189000,H306,32.117758,-81.154252,65.3,67.7,64.7
CSX,000182944,2019-05-14,1:00 AM,Derailment,0,INDIANAPOLIS,IN,48,4,Dark,Clear,Yard,Cut of cars,14,77464,0,77464,M407,39.759791,-86.327526,50.4,55.8,60.6
CP,1000537117,2017-04-03,8:43 AM,Hwy-rail crossing,0,OTTUMWA,IA,50,2,Day,Rain,Main,Freight Train,20,15000,175,15175,M302,41.025985,-92.426745,50,50.5,50.5
SNJX,20220522,2022-05-22,7:41 PM,Hwy-rail crossing,0,BURLINGTON,NJ,76,2,Day,Clear,Main,DMU,25,0,0,0,M308,40.077957,-74.856525,79,80.6,69.1
CSX,000210448,2023-03-22,2:00 PM,Fire/violent rupture,0,CYNTHIANA,KY,60,2,Day,Cloudy,Main,Freight Train,32,396243,0,396243,E73L,38.39113,-84.294831,44.9,49,64.5
CSX,000158921,2016-04-11,9:30 AM,Derailment,0,WILLARD,OH,49,2,Day,Rain,Yard,Yard/switching,5,23642,2498,26140,T221,41.059857,-82.723964,31.8,50,38.6
CSX,000164602,2016-11-26,12:18 AM,Derailment,0,WALBRIDGE,OH,36,4,Dark,Clear,Yard,Freight Train,3,30659,2419,33078,H702,41.580794,-83.542239,39.3,40.1,37.3
KCS,15070301,2015-07-03,7:45 AM,Rear end collision,0,VIVIAN,LA,78,2,Day,Clear,Main,Freight Train,22,28867,7850,116614,H605,32.859318,-93.985291,82.1,82.3,78.3
CSX,000151951,2015-09-10,2:00 PM,Other impacts,0,BALTIMORE,MD,82,2,Day,Rain,Industry,Yard/switching,4,28300,0,28300,M501,39.267704,-76.640369,81.3,75.1,72.3
UP,0817SL016,2017-08-14,6:59 AM,Fire/violent rupture,0,GRAND TOWER,IL,91,1,Dawn,Clear,Main,Freight Train,11,28271,0,28271,E79L,37.673715,-89.467231,70.2,73.3,75.6
NS,138801,2020-08-09,9:30 AM,Derailment,0,BELLEVUE,OH,78,2,Day,Clear,Yard,Yard/switching,4,41000,100,41100,E22C,41.288306,-82.801342,69.7,75.2,79.1
UP,0224GP002,2024-02-02,12:53 PM,Other impacts,0,NORTH PLATTE,NE,37,2,Day,Fog,Yard,Yard/switching,10,14732,7360,26070,M411,41.146787,-100.841832,41.1,37.4,41.9
NS,130749,2018-08-28,5:50 AM,Other impacts,0,IRONDALE,AL,75,1,Dawn,Clear,Yard,Yard/switching,3,20830,0,21830,H307,33.548905,-86.67801,82.6,82.8,80.6
NS,123123,2016-12-13,7:00 AM,Derailment,0,ELKHART,IN,15,1,Dawn,Snow,Yard,Yard/switching,4,24775,700,25475,H702,41.67736,-85.978495,24.6,17,8.6
KYLE,KYL900616D,2016-03-01,10:45 PM,Derailment,0,SCANDIA,KS,34,4,Dark,Clear,Main,Freight Train,5,92000,800,92800,H511,39.787026,-97.786674,49,32.9,44.8
NJTR,202109383,2021-09-05,10:00 PM,Derailment,0,BAY HEAD,NJ,72,4,Dark,Rain,Yard,Yard/switching,5,13056,2746,15802,H702,40.075179,-74.053467,65.8,69.5,74
CPKC,1002130855,2024-07-05,3:36 AM,Derailment,0,BORDULAC,ND,61,4,Dark,Clear,Main,Freight Train,45,3588909,26629,3615538,M505,47.383111,-98.947306,63.5,65.8,64.2
NS,113635,2015-01-01,5:30 PM,Raking collision,0,IRONDALE,AL,47,3,Dusk,Clear,Yard,Yard/switching,2,19650,0,19650,S016,33.548905,-86.678008,36.5,42.3,46.4
CSX,000217361,2024-04-13,1:55 PM,Side collision,0,CUMBERLAND,MD,65,2,Day,Clear,Yard,Light loco(s),10,17224,877,281269,H306,39.644507,-78.760868,55.5,54.2,65.1
NS,153013,2023-05-01,2:15 PM,Other (describe in narrative),0,BELLEVUE,OH,65,2,Day,Clear,Yard,Freight Train,4,0,17501,17501,E07C,41.29034,-82.788151,48.7,41.3,40.6
BNSF,HL0319121,2019-03-25,12:38 AM,Rear end collision,0,NORTH KANSAS CITY,MO,50,4,Dark,Clear,Yard,Cut of cars,0,8818,0,14043,H306,39.140419,-94.584694,54,51,52.2
MNCW,2017051832,2017-05-18,4:54 PM,Derailment,0,RYE,NY,95,2,Day,Clear,Main,EMU,56,781821,153000,934821,H404,40.989117,-73.674438,72.8,83.4,80
NS,136332,2019-11-26,12:20 PM,Derailment,0,BELLEVUE,OH,45,2,Day,Clear,Yard,Freight Train,6,155751,6373,162124,S011,41.29408,-82.779235,44.8,48,46.2
UP,0621PR027,2021-06-28,11:30 PM,Derailment,0,BELLWOOD,IL,74,4,Dark,Cloudy,Yard,Yard/switching,2,10442,11280,21722,H020,41.888397,-87.868867,76.5,72.7,77.1
CP,1001382453,2020-12-08,4:30 AM,Other impacts,0,BEDFORD PARK,IL,35,4,Dark,Clear,Yard,Freight Train,4,13122,0,107602,H306,41.76475,-87.791319,35.9,34.9,40.2
ATK,170371,2022-04-19,6:25 AM,Obstruction,0,HUDSON,NY,33,1,Dawn,Sleet,Main,Passenger Train - Pulling,80,26520,0,26520,M404,42.230893,-73.832895,42,37.1,41.6
LI,71344,2020-01-12,5:44 PM,Other (describe in narrative),0,GARDEN CITY,NY,53,2,Day,Clear,Main,EMU,80,21590,0,21590,M509,40.734822,-73.663983,53,58.3,42.4
MNCW,69443,2018-09-27,3:54 AM,Other impacts,0,NEW HAVEN,CT,65,4,Dark,Clear,Yard,Cut of cars,0,20852,0,41704,E31C,41.298765,-72.92346,74.4,67.2,59.5
CN,969197,2018-08-09,4:40 AM,Rear end collision,0,BUFFALO,NY,68,1,Dawn,Cloudy,Yard,Light loco(s),7,68333,0,69558,H999,42.901973,-78.773441,72.4,73.2,72
NS,128770,2018-03-08,10:05 AM,Obstruction,0,JASPER,AL,65,2,Day,Clear,Main,Spec. MoW Equip.,15,9000,0,13000,H997,33.800229,-87.283701,42.6,38.6,45.3
LI,80049,2023-06-22,7:52 PM,Other (describe in narrative),0,LONG BEACH,NY,69,3,Dusk,Cloudy,Yard,EMU,5,0,29658,29658,H706,40.591859,-73.664837,65,65.4,66
CSX,000148676,2015-07-02,3:30 AM,Other impacts,0,MOBILE,AL,74,4,Dark,Cloudy,Yard,Freight Train,4,34192,0,66823,H021,30.70835,-88.045877,79.2,80.3,83.5
NS,116787,2015-08-04,2:30 AM,Derailment,0,PARRISH,AL,72,4,Dark,Clear,Main,Light loco(s),4,37064,0,37064,H017,33.72383,-87.294159,81.4,84.2,83.3
CSX,000177002,2018-06-14,11:50 AM,Derailment,0,MOBILE,AL,85,2,Day,Clear,Yard,Freight Train,5,23015,2010,25025,M405,30.711374,-88.046532,77.6,78.1,77.5
CSX,000200007,2021-09-10,11:30 PM,Side collision,0,INDIANAPOLIS,IN,70,4,Dark,Clear,Yard,Yard/switching,4,47572,0,65163,H306,39.759791,-86.327526,67.6,67.3,72.3
BNSF,SF0215109,2015-02-22,10:55 PM,Derailment,0,BIRMINGHAM,AL,51,4,Dark,Rain,Yard,,0,0,5000,17000,H505,33.548063,-86.799844,50.7,48.6,35.7
CSX,000206913,2022-08-27,9:05 AM,Derailment,0,CLEVELAND,OH,75,2,Day,Clear,Yard,Yard/switching,8,22415,144,22559,H202,41.570296,-81.556448,74.8,71.6,76.1
UP,0520GP026,2020-05-25,10:30 PM,Side collision,0,NORTH PLATTE,NE,53,4,Dark,Clear,Yard,Yard/switching,0,63825,0,67297,M408,41.143937,-100.785615,61.7,57.3,58.4
UP,1215CB016,2015-12-28,11:25 AM,Derailment,0,OGDEN,IA,23,2,Day,Snow,Main,Freight Train,44,14719,117269,131988,E53C,42.039398,-94.036472,21.1,21.8,23
LI,EQ20150305,2015-03-11,6:50 PM,Derailment,0,RICHMOND HILL,NY,55,2,Day,Clear,Yard,Light loco(s),5,53561,8872,62433,H799,40.69743,-73.819635,41.9,49.7,44.4
WE,150046,2015-03-27,6:00 AM,Derailment,0,BREWSTER,OH,35,1,Dawn,Snow,Yard,Cut of cars,8,15600,165,15765,H602,40.715031,-81.630792,41,29.2,21.5
NYA,111620,2020-11-16,11:50 AM,Derailment,0,NEW YORK -QUEENS,NY,57,2,Day,Clear,Yard,Yard/switching,5,20391,32860,53251,H506,40.707385,-73.888602,51.9,51.9,45.7
NS,120598,2016-05-22,12:52 AM,Other (describe in narrative),0,BELLEVUE,OH,50,4,Dark,Clear,Yard,Single Car,0,17000,0,17000,M406,41.29231,-82.784212,57.9,59.2,59.8
KCS,19110403,2019-11-04,11:20 AM,Other impacts,0,RESERVE,LA,65,2,Day,Clear,Main,Freight Train,3,81702,0,81702,H302,30.069407,-90.575365,56.7,59.5,65.3
CSX,000154642,2015-11-21,8:30 PM,Derailment,0,NEW ORLEANS,LA,46,4,Dark,Clear,Yard,Freight Train,3,12860,2114,14974,M101,30.007423,-90.012966,63.5,63.6,49.7
NS,131660,2018-11-14,8:30 AM,Hwy-rail crossing,0,BUTLER,IN,30,2,Day,Clear,Main,,0,0,0,13793,M303,41.42971,-84.86073,29.8,25.6,30.8
NS,121374,2016-07-24,1:44 AM,Derailment,0,MONTPELIER,OH,76,4,Dark,Clear,Yard,Freight Train,1,59629,49889,109518,T221,41.586368,-84.580116,80.6,79.9,79.9
CSX,000180609,2019-01-04,10:25 AM,Other impacts,0,CAYUGA,IN,40,2,Day,Cloudy,Industry,Cut of cars,4,106600,1000,119600,H702,39.950874,-87.463028,32.1,33.6,40.1
MNCW,83036,2024-07-18,1:12 AM,Other impacts,0,BREWSTER,NY,64,4,Dark,Rain,Yard,EMU,0,225000,268833,568833,H307,41.406766,-73.621299,78,76.6,71.4
CSX,000208472,2022-11-22,7:08 AM,Derailment,0,COLUMBUS,OH,28,1,Dawn,Cloudy,Yard,Freight Train,0,46206,0,347934,E64C,39.972311,-83.021134,33,38.9,40.6
MNCW,2018081500,2018-08-15,1:30 AM,Obstruction,0,CROTON ON HUDSON,NY,0,4,Dark,Clear,Yard,Cut of cars,7,11512,0,11512,M402,41.197235,-73.886325,73.7,76.7,79.1
CSX,000151018,2015-08-23,10:23 AM,Derailment,0,CINCINNATI,OH,82,2,Day,Clear,Yard,Yard/switching,15,8722,2600,11322,S016,39.104323,-84.538947,67.6,72.5,68.9
UP,0920HL012,2020-09-18,10:57 AM,Hwy-rail crossing,0,HAVILAND,KS,69,2,Day,Clear,Main,Freight Train,50,16594,598,17192,M302,37.613046,-99.141229,67.6,66,66.8
NS,156017,2024-03-12,5:50 AM,Other impacts,0,CHARLOTTE,NC,42,1,Dawn,Clear,Yard,Single Car,2,150,0,14418,M599,35.228064,-80.852619,49.7,55.3,61.4
UP,0523HL012,2023-05-15,10:05 AM,Derailment,0,TOPEKA,KS,63,2,Day,Rain,Yard,Freight Train,4,4204,9568,13772,E64C,39.076722,-95.695325,74.8,64.3,60.9
NS,144069,2022-01-19,3:30 AM,Derailment,0,FORT WAYNE,IN,41,4,Dark,Cloudy,Main,Freight Train,19,10795,10311,21106,E24C,41.07175,-85.167906,30,32.8,19.9
CSX,000196889,2021-04-08,1:05 PM,Derailment,0,CLEVELAND,OH,75,2,Day,Cloudy,Yard,Yard/switching,9,35165,5000,40165,H019,41.563675,-81.573653,66.1,70.5,68.2
ATK,152305,2018-02-02,1:30 AM,Other impacts,0,LONG ISLAND CITY,NY,40,4,Dark,Rain,Yard,Cut of cars,0,237,0,16817,H302,40.745158,-73.939067,39.1,28.2,24
MACZ,1507201650,2015-07-20,4:50 PM,Hwy-rail crossing,0,SILVER SPRING,MD,91,3,Dusk,Clear,Main,Commuter Train - Pulling,43,150000,0,150000,M399,39.013749,-77.054795,85.2,85.9,83.3
BNSF,CH0218100,2018-02-05,11:30 AM,Derailment,0,FORT MADISON,IA,14,2,Day,Cloudy,Main,,0,0,256500,787595,E71L,40.591674,-91.420899,19.6,10.1,7.5
UP,0122HL026,2022-01-14,10:03 PM,Derailment,0,WICHITA,KS,30,4,Dark,Snow,Yard,Freight Train,10,25402,400,25802,T212,37.730425,-97.322088,46.8,43.7,22.8
UP,0623GL016,2023-06-18,9:50 PM,Derailment,0,ST PAUL,MN,70,4,Dark,Cloudy,Main,Freight Train,5,64292,751026,820044,H503,44.927459,-93.040384,72.3,70.8,76.6
CSX,000216650,2024-03-10,11:47 AM,Derailment,0,BUFFALO,NY,30,2,Day,Snow,Yard,Freight Train,5,56016,89,56105,H601,42.90037,-78.786985,47.8,33.9,36.3
MNCW,201973,2019-06-20,7:05 AM,Obstruction,0,NORWALK,CT,70,1,Dawn,Clear,Main,Spec. MoW Equip.,0,50,0,14904,H999,41.109786,-73.391397,67,67.7,69.7
CSX,000175478,2018-03-27,7:30 AM,Derailment,0,CHANNAHON,IL,51,1,Dawn,Cloudy,Industry,Single Car,5,18650,628,19278,H018,41.469434,-88.177369,42.5,48,46.2
BNSF,TC0720106,2020-07-11,10:00 AM,Derailment,0,FRIDLEY,MN,85,2,Day,Clear,Yard,Freight Train,3,16011,10200,26211,H503,45.065812,-93.271387,75.6,74.8,74.4
UP,0618LK045,2018-06-22,7:45 AM,Derailment,0,SHREVEPORT,LA,82,4,Dark,Clear,Yard,Yard/switching,6,10516,2464,12980,H503,32.514575,-93.744493,83.7,88.4,88.2
MNCW,71669,2020-01-25,1:10 AM,Derailment,0,NORWALK,CT,40,4,Dark,Clear,Main,Spec. MoW Equip.,2,31203,0,31203,E99C,41.098757,-73.419201,36.6,39.5,39.3
UP,0717PR007,2017-07-06,12:28 AM,Other impacts,0,SOUTH HOLLAND,IL,68,4,Dark,Clear,Yard,Yard/switching,9,2506,10923,27099,H702,41.610482,-87.611334,76.4,79.8,76.7
BLF,20245167,2024-08-08,3:12 PM,Hwy-rail crossing,0,LAKE PARK,FL,94,2,Day,Clear,Main,Passenger Train - Pulling,79,28000,0,28478,M308,26.808135,-80.077337,83.9,84.8,83.6