reportingrailroadcode,accidentnumber,date,time,accidenttype,hazmatreleasedcars,station,stateabbr,temperature,visibility_code,visibility,weathercondition,tracktype,equipmenttype,trainspeed,equipmentdamagecost,trackdamagecost,totaldamagecost,primaryaccidentcausecode,latitude,longitude,prior_temp,actual_temp,following_temp
CSX,000200266,2021-09-23,11:50 AM,Other impacts,0,FEURA BUSH,NY,71,2,Day,Cloudy,Yard,Single Car,7,14498,0,14611,M105,42.565903,-73.854184,68.9,72.1,61
NIRC,9419000384,2021-08-05,11:06 AM,Derailment,0,CHICAGO,IL,84,2,Day,Clear,Main,Spec. MoW Equip.,5,781,15749,16530,H701,41.67414,-87.64676,75,77.1,76.6
LI,67995,2018-05-23,11:45 AM,Other (describe in narrative),0,KEW GARDENS,NY,80,2,Day,Clear,Main,EMU,80,10702,0,10702,M509,40.709315,-73.830422,61.4,69.2,72.8
BNSF,TC0120111,2020-01-07,8:00 PM,Derailment,0,DULUTH,MN,9,3,Dusk,Snow,Yard,Single Car,0,635,0,15600,H703,46.728585,-92.166863,25.1,15.5,0.4
WC,1061560,2021-02-15,8:15 AM,Derailment,0,WEST CHICAGO,IL,21,2,Day,Snow,Main,Freight Train,27,173731,235674,409405,E51C,41.887634,-88.209397,-2.2,3.1,10.6
CSX,000189994,2020-05-01,7:56 PM,Side collision,0,CINCINNATI,OH,59,3,Dusk,Cloudy,Yard,Freight Train,3,15300,0,49350,H307,39.168057,-84.512297,49.8,54.5,65.9
NS,140135,2020-12-31,6:00 PM,Derailment,0,BELLEVUE,OH,28,3,Dusk,Clear,Yard,Cut of cars,0,381441,0,1639062,H508,41.297936,-82.760942,37.8,30.9,32
CSX,000150056,2015-07-31,3:53 AM,Derailment,0,WILLARD,OH,65,4,Dark,Clear,Yard,Cut of cars,0,21129,0,69900,H018,41.058951,-82.718557,74.8,74.4,71.7
UP,1216PR012,2016-12-13,1:40 AM,Derailment,0,JOLIET,IL,10,4,Dark,Cloudy,Yard,Cut of cars,5,24378,0,61267,H607,41.480598,-88.09005,19.7,14.1,10.4
UP,0520MA010,2020-05-04,5:15 PM,Derailment,0,CAMPBELL,MO,66,2,Day,Rain,Main,Freight Train,36,1516865,98721,1615586,M105,36.468969,-90.114678,69.9,64,65.4
CSX,000200266,2021-09-23,11:50 AM,Other impacts,0,FEURA BUSH,NY,71,2,Day,Cloudy,Yard,Single Car,7,113,0,14611,M105,42.565903,-73.854184,68.9,72.1,61
CSX,000189580,2020-04-02,10:30 AM,Other impacts,0,CLEVELAND,OH,51,2,Day,Clear,Yard,Cut of cars,6,12265,0,12265,H312,41.571338,-81.55684,42.7,45,45.1
NS,152842,2023-04-18,1:20 AM,Other impacts,0,GREENSBORO,NC,55,4,Dark,Clear,Yard,Yard/switching,8,18000,0,19814,H021,36.060802,-79.835085,59.6,61.3,67.1
WE,170087,2017-08-04,2:10 AM,Derailment,0,SEVILLE,OH,76,4,Dark,Clear,Main,Yard/switching,3,779,12949,13728,E64C,41.00918,-81.981589,72.8,69.8,64.1
BNSF,MT1217103,2017-12-21,3:52 AM,Derailment,0,GREAT FALLS,MT,15,4,Dark,Snow,Yard,Light loco(s),5,13886,2000,15886,H607,47.502994,-111.324883,14,16.8,10.3
WE,240064,2024-07-29,12:35 AM,Derailment,0,BREWSTER,OH,75,4,Dark,Clear,Yard,Yard/switching,3,75000,0,75000,H522,40.707003,-81.598179,75.4,74.1,75.7
WC,955453,2018-04-11,5:27 PM,Derailment,0,GARY,IN,56,2,Day,Clear,Yard,Yard/switching,2,31667,0,146091,S016,41.616984,-87.366355,36.5,51.3,58.5
CFE,CFE333320D,2020-02-11,12:15 PM,Derailment,0,LIMA,OH,38,2,Day,Cloudy,Main,Freight Train,10,1858,18025,19883,H607,40.747244,-84.118159,36.2,33.8,31.2
CSX,000184181,2019-07-16,6:17 PM,Other impacts,0,WALBRIDGE,OH,91,3,Dusk,Rain,Yard,Cut of cars,10,24561,700,33285,E32C,41.58993,-83.49686,78.8,78.5,79.5
CSX,000176738,2018-06-02,2:20 PM,Derailment,0,SYRACUSE,NY,67,2,Day,Clear,Industry,,0,0,34515,81038,E35C,43.061348,-76.192285,74.2,66,60.6
NS,121827,2016-08-26,12:40 AM,Other impacts,0,IRONDALE,AL,78,4,Dark,Clear,Yard,Yard/switching,2,79000,2657,164294,S007,33.548905,-86.67801,83.7,83.4,83.8
CSX,000209799,2023-02-14,12:03 PM,Hwy-rail crossing,0,ASHLAND,KY,60,2,Day,Clear,Main,Freight Train,31,23688,490,24178,M308,38.450953,-82.612202,42.1,46.1,62
CSX,000207515,2022-09-27,4:27 PM,Side collision,0,SELKIRK,NY,68,2,Day,Clear,Yard,Light loco(s),7,70628,0,71619,H403,42.566078,-73.854463,60,55.8,57.3
CSX,000219049,2024-07-02,11:15 PM,Derailment,0,BIRMINGHAM,AL,79,4,Dark,Clear,Yard,Yard/switching,4,83887,3743,92345,M404,33.543615,-86.790111,83.8,81.9,85.3
BNSF,SW0721108,2021-07-26,8:10 AM,Obstruction,0,CLOVIS,NM,80,1,Dawn,Clear,Main,Freight Train,14,1850,11152,13002,M402,34.361567,-103.223179,76.7,71.2,75.4
BNSF,KS0922107,2022-09-16,1:05 PM,Side collision,0,KANSAS CITY,KS,82,2,Day,Clear,Yard,Yard/switching,4,80832,0,271586,M407,39.082172,-94.677799,75.6,74.9,80.6
LI,76636,2022-02-21,7:01 PM,Obstruction,0,FOREST HILLS,NY,39,4,Dark,Clear,Main,EMU,40,57850,0,57850,M404,40.722095,-73.851578,28.4,40.7,44.8
NS,155480,2024-01-20,10:30 PM,Derailment,0,HIGH POINT,NC,16,4,Dark,Clear,Yard,Freight Train,5,140000,0,140000,H303,35.949607,-80.016501,37.5,23.9,25
CRSH,140159,2021-01-01,4:00 AM,Other impacts,0,NEWARK,NJ,37,1,Dawn,Clear,Yard,Yard/switching,5,166738,0,168153,H317,40.706693,-74.133706,42.5,34.8,41.9
NS,138488,2020-07-10,3:30 PM,Other impacts,0,BELLEVUE,OH,72,2,Day,Clear,Yard,Single Car,0,106323,0,141273,H312,41.288306,-82.801342,80.8,78.3,75.9
CSX,000139277,2014-12-23,4:07 PM,Other impacts,0,ROTTERDAM,NY,35,3,Dusk,Cloudy,Yard,Freight Train,2,1500,0,17223,H306,42.787217,-73.993798,32.2,36.5,42.9
CSX,000174146,2018-01-20,11:15 AM,Obstruction,0,MARION,OH,35,2,Day,Clear,Main,Maint./inspect Car,0,2000,32,12285,H993,40.585887,-83.206067,24.5,34.8,41.4
MNCW,80503,2023-08-23,11:07 PM,Other impacts,0,BREWSTER,NY,72,4,Dark,Clear,Yard,EMU,1,48604,0,48604,M507,41.406755,-73.622163,70.5,66.1,66.4
NS,153563,2023-07-07,11:10 PM,Other (describe in narrative),0,MINGO JUNCTION,OH,65,4,Dark,Clear,Yard,Yard/switching,6,20403,100,20503,E30C,40.309626,-80.610952,75.6,74.4,72.7
WE,170079,2017-06-24,10:00 PM,Derailment,0,COLLINS,OH,66,4,Dark,Clear,Main,Yard/switching,8,109500,121129,230629,E64C,41.191428,-82.425911,72.5,69.9,65.7
LIRC,0329201801,2018-03-29,12:41 AM,Rear end collision,0,INDIANAPOLIS,IN,53,4,Dark,Fog,Main,Freight Train,0,100000,0,104394,H607,39.701255,-86.136912,49.7,49.9,43.7
NS,129502,2018-05-17,11:40 AM,Hwy-rail crossing,0,HUNTINGBURG,IN,83,2,Day,Clear,Main,Freight Train,27,14,12280,12294,M303,38.310666,-86.9795,72.2,72.1,70.6
UP,1217NP009,2017-12-15,11:50 AM,Derailment,0,COUNCIL BLUFFS,IA,45,2,Day,Clear,Main,Yard/switching,10,19216,45416,64632,E04C,41.285429,-95.860234,36.5,38.1,39.2
LI,76421,2022-01-30,4:15 PM,Derailment,0,PORT JEFFERSON STA,NY,24,3,Dusk,Clear,Yard,Passenger Train - Pulling,8,6792,43053,49845,M101,40.93355,-73.043935,21,16.4,18.8
BNSF,HL0424120,2024-04-22,6:19 PM,Derailment,0,BENNET,NE,56,3,Dusk,Clear,Industry,Freight Train,10,93000,489000,584000,M503,40.678173,-96.508035,46,58.8,60.1
IORY,IOR807321D,2021-06-18,8:00 PM,Derailment,0,CLEVES,OH,73,2,Day,Cloudy,Main,Freight Train,9,86462,0,120206,M204,39.169722,-84.774444,71.4,73.8,71.9
CSX,000189842,2020-04-24,8:08 AM,Derailment,0,SELKIRK,NY,42,2,Day,Rain,Yard,Light loco(s),7,8632,6581,15213,H702,42.565903,-73.854184,40.5,44.2,51.9
NS,125249,2017-05-29,6:26 PM,Derailment,0,SANDUSKY,OH,68,3,Dusk,Clear,Yard,Freight Train,7,2000,43325,45325,M204,41.435805,-82.740191,64.8,70.9,69.4
CSX,000153446,2015-10-20,5:10 PM,Hwy-rail crossing,0,VIENNA,GA,72,3,Dusk,Clear,Main,Freight Train,46,136620,50,136670,M308,32.056269,-83.804058,55.7,60.4,65.6
CP,1001045836,2019-08-08,9:10 PM,Other impacts,0,BENSENVILLE,IL,65,4,Dark,Clear,Yard,Freight Train,5,25341,3846,90136,H306,41.943566,-87.891047,77.7,77.8,72.6
UP,0919MA023,2019-09-10,12:30 PM,Broken train collision,0,DUPO,IL,90,2,Day,Clear,Yard,Cut of cars,1,210000,0,821225,H503,38.528708,-90.209247,77.1,80.5,80.8
MNCW,76463,2022-01-17,5:20 AM,Derailment,0,PORT JERVIS,NY,21,4,Dark,Clear,Yard,,0,0,6021,16578,H607,41.376186,-74.695776,11.5,32.6,26.7
ATK,181676,2024-08-19,4:19 AM,Derailment,0,NEW YORK,NY,71,4,Dark,Clear,Yard,Passenger Train - Pulling,5,12751,0,12751,H605,40.750132,-73.927049,74.4,75.4,67.3
CP,1000433964,2016-08-09,3:45 AM,Derailment,0,CHARLES CITY,IA,69,4,Dark,Clear,Industry,Freight Train,2,36235,950,37185,H702,43.074621,-92.67208,69.7,74,77.2
NS,140598,2021-02-14,10:15 AM,Other impacts,0,DECATUR,IL,0,2,Day,Snow,Yard,Single Car,2,1793,0,18428,H318,39.854801,-88.908191,7.4,0.9,3.9
CUOH,CUO694915D,2015-02-14,11:29 AM,Derailment,0,NEWARK,OH,30,2,Day,Snow,Yard,Yard/switching,2,14000,14300,28300,E47C,40.056567,-82.396325,13.2,21.9,2.9
CSX,000144833,2015-04-06,12:00 PM,Side collision,0,DECATUR,AL,65,2,Day,Clear,Yard,Yard/switching,7,3561,0,42291,H302,34.615037,-86.984354,54.4,61.9,67.9
NJTR,201702059,2017-02-17,12:01 AM,Other impacts,0,RARITAN,NJ,27,4,Dark,Clear,Yard,Single Car,1,31142,3850,71984,H020,40.570282,-74.643301,32.6,32.2,41.5
CSX,000216358,2024-02-24,9:31 PM,Other impacts,0,WILLARD,OH,25,4,Dark,Clear,Yard,Single Car,3,12500,0,34000,H318,41.059877,-82.72407,42.1,24.1,33.9
WE,180117,2018-11-19,3:05 PM,Head on collision,0,AKRON,OH,37,2,Day,Rain,Main,Yard/switching,47,682500,10376,982876,E39C,41.063376,-81.433501,37.4,37.5,34.1
NS,142826,2021-09-12,6:59 PM,Other (describe in narrative),0,CHEEKTOWAGA,NY,72,3,Dusk,Clear,Yard,Cut of cars,0,6994,800,25725,H307,42.890001,-78.780743,68.3,72.9,66.9
UP,0324GP004,2024-03-03,8:00 PM,Other impacts,0,NORTH PLATTE,NE,40,4,Dark,Clear,Yard,Yard/switching,2,3930,1180,71681,H306,41.14921,-100.852411,43.9,44.2,40.8
BNSF,MT0215108,2015-02-23,11:50 PM,Derailment,0,CULBERTSON,MT,10,4,Dark,Cloudy,Industry,Freight Train,8,119329,500,119829,H307,48.142773,-104.517647,0.4,22.7,34
CSX,000161745,2016-07-31,2:50 AM,Derailment,0,WALBRIDGE,OH,75,4,Dark,Clear,Yard,Freight Train,6,12856,200,13056,E32C,41.572948,-83.492604,75.1,76,77
NS,138928,2020-08-21,9:50 PM,Other impacts,0,BELLEVUE,OH,67,4,Dark,Clear,Yard,Yard/switching,1,73000,23002,96002,E22C,41.288298,-82.79778,66.7,71.1,74.6
UP,1121GL017,2021-11-18,8:35 PM,Derailment,0,BOONE,IA,28,4,Dark,Cloudy,Yard,Yard/switching,4,17316,11680,28996,E29C,42.062117,-93.862233,41.8,29.3,32.1
LI,EQ20170103,2017-01-04,8:18 AM,Obstruction,0,BROOKLYN,NY,44,2,Day,Clear,Main,EMU,12,4902864,446000,5348864,H222,40.684593,-73.977523,41.4,44.7,30.8
UP,0617PR019,2017-06-29,8:00 AM,Other (describe in narrative),0,BERKELEY,IL,75,2,Day,Clear,Yard,Single Car,0,51789,0,51789,M411,41.900159,-87.911359,69,73.6,74.3
NS,145311,2022-05-20,4:00 AM,Other impacts,0,LINWOOD,NC,72,1,Dawn,Cloudy,Yard,Single Car,2,200,0,19413,H312,35.74086,-80.330498,76.9,78.4,75.3
CSX,000151464,2015-08-30,7:33 AM,Derailment,0,SYKESVILLE,MD,68,1,Dawn,Clear,Main,Freight Train,21,62549,1005,63554,H503,39.357537,-76.960444,73.6,76.1,78.9
ATK,162017,2019-11-20,12:32 AM,Obstruction,0,PRINCETON JUNCTION,NJ,40,4,Dark,Clear,Main,Passenger Train - Pulling,81,37000,0,37000,M402,40.316786,-74.62342,42.1,42.2,45.1
NS,135374,2019-08-30,6:05 PM,Other impacts,0,ELKHART,IN,72,3,Dusk,Clear,Yard,Yard/switching,10,25700,0,25700,H601,41.67736,-85.978495,68.7,67.6,62.9
UP,0219GC025,2019-02-13,7:00 AM,Fire/violent rupture,0,LAKE CHARLES,LA,43,2,Day,Clear,Main,Freight Train,20,234513,99,234612,E72L,30.238216,-93.238638,60.4,50.9,60.6
ATK,176381,2023-09-12,8:05 PM,Derailment,0,NEW YORK,NY,80,4,Dark,Clear,Main,,0,0,49474,70425,E79L,40.75058,-73.99352,74.2,74.2,75.2
ATK,170074,2022-03-21,3:03 PM,Hwy-rail crossing,0,TICKFAW,LA,77,2,Day,Clear,Main,Passenger Train - Pulling,77,29362,0,29362,M302,30.557091,-90.477028,58,62.5,72.1
UP,0616ST009,2016-06-16,9:13 PM,Hwy-rail crossing,0,DEMING,NM,72,4,Dark,Clear,Main,Freight Train,48,8835,47318,56153,M304,32.265727,-107.804308,78.8,79.7,80.9
CSX,000216021,2024-02-06,9:38 AM,Derailment,0,BUFFALO,NY,32,2,Day,Clear,Yard,Yard/switching,9,32827,1159,33986,S011,42.901926,-78.773366,30.5,30.4,34.3
MNCW,75937,2021-11-10,2:10 AM,Other impacts,0,BREWSTER,NY,55,4,Dark,Clear,Yard,EMU,0,15631,0,15631,M507,41.404174,-73.620972,50.8,52.4,46.3
NS,124059,2017-02-21,5:00 PM,Derailment,0,OBETZ,OH,66,3,Dusk,Clear,Yard,Freight Train,0,26600,0,26600,H312,39.92165,-82.946547,47.1,56.5,56.6
UP,1022HL016,2022-10-18,7:57 AM,Derailment,0,SALINA,KS,27,2,Day,Clear,Yard,Yard/switching,10,32960,22627,55587,H702,38.851854,-97.603872,43.2,38.1,44.1
NS,120217,2016-04-21,10:15 AM,Hwy-rail crossing,0,FAIRLANE,OH,60,2,Day,Cloudy,Main,Freight Train,58,14071,0,14071,M302,41.377547,-82.465054,63.7,63.5,59.8
NS,125661,2017-07-02,5:00 PM,Raking collision,0,IRONDALE,AL,85,3,Dusk,Clear,Yard,Yard/switching,4,5200,0,12700,H306,33.548905,-86.67801,78.9,78.8,80.9
NJTR,202111478,2021-10-19,11:20 PM,Derailment,0,KEARNY,NJ,65,4,Dark,Clear,Yard,EMU,2,9000,3353,12353,H303,40.74437,-74.101171,53.5,56.8,67
CSX,000179997,2018-11-24,6:30 PM,Side collision,0,WAYCROSS,GA,62,3,Dusk,Cloudy,Yard,Yard/switching,2,21724,97,21912,S007,31.213524,-82.353588,54.8,59.4,53.9
ATK,180822,2024-06-21,7:14 AM,Other (describe in narrative),0,NEW YORK,NY,84,2,Day,Cloudy,Main,,0,0,15190,15190,E78L,40.750327,-73.994459,81.6,84.5,81.3
GRS,20190710W1,2019-07-10,3:35 AM,Derailment,0,BRISTOL,CT,65,4,Dark,Clear,Main,Freight Train,9,13727,11688,25415,M405,41.671177,-72.937707,74.6,75.4,75.8
FGLK,07252022,2022-07-25,7:57 AM,Derailment,0,HIMROD,NY,70,1,Dawn,Cloudy,Yard,Yard/switching,10,160000,33394,193394,H607,42.57997,-76.958068,77.2,73.5,66.5
UP,0623GC030,2023-06-25,7:14 AM,Other impacts,0,MARINGOUIN,LA,77,2,Day,Clear,Yard,Yard/switching,2,1304,0,62880,M411,30.525438,-91.552401,82.7,86,82.5
BNSF,KS1023201,2023-10-26,12:55 PM,Hwy-rail crossing,0,KIOWA,KS,66,2,Day,Clear,Main,Freight Train,66,41000,0,41000,M308,37.017037,-98.491685,69.7,71,49.6
PATH,I032515,2015-03-25,4:10 PM,Other impacts,0,HARRISON,NJ,45,2,Day,Rain,Yard,EMU,13,8239,80000,88239,H699,40.74649,-74.156255,34.9,38.2,48
CSX,000160825,2016-06-25,4:30 PM,Other (describe in narrative),0,BUFFALO,NY,85,4,Dark,Clear,Yard,Freight Train,10,17560,0,17560,M406,42.899219,-78.824573,69.1,73.9,78.9
ATK,165746,2020-11-03,5:40 PM,Hwy-rail crossing,0,DUSON,LA,61,2,Day,Clear,Main,Passenger Train - Pulling,70,82059,0,82059,M302,30.235233,-92.150476,55.4,55.5,58.6
CSX,000182962,2019-05-14,11:30 PM,Side collision,0,CINCINNATI,OH,43,4,Dark,Clear,Yard,Yard/switching,10,1466,13152,23145,H607,39.124551,-84.542521,52,55.5,58.2
NS,120277,2016-04-27,6:20 AM,Derailment,0,SAINT BERNARD,OH,62,1,Dawn,Clear,Yard,Freight Train,7,55583,0,65457,H306,39.143378,-84.543969,68.6,57.7,64.6
CSX,000166165,2017-01-23,12:06 AM,Derailment,0,SELKIRK,NY,39,4,Dark,Clear,Yard,Cut of cars,4,21355,0,23192,H316,42.565903,-73.854184,39.2,35.2,32.9
UP,0323HL008,2023-03-08,1:22 PM,Other impacts,0,KANSAS CITY,KS,45,2,Day,Rain,Yard,Yard/switching,5,41387,66,41938,S015,39.097694,-94.666802,42.9,43.3,40.7
CSX,000158461,2016-03-25,1:25 PM,Hwy-rail crossing,0,ATHENS,AL,55,2,Day,Clear,Main,Freight Train,37,8272,6800,15072,M303,34.799035,-86.970121,62.1,50.8,57.4
BNSF,PR0620101,2020-06-06,8:00 PM,Side collision,0,ALLIANCE,NE,60,3,Dusk,Cloudy,Yard,Cut of cars,2,25010,500,59929,M105,42.084504,-102.886795,72.5,73.6,71.7
UP,0618LV005,2018-06-04,5:45 AM,Derailment,0,LIVONIA,LA,80,1,Dawn,Cloudy,Yard,Freight Train,0,45864,0,289830,H702,30.518844,-91.546885,81.4,82.8,76
CSX,000174226,2018-01-23,12:28 PM,Other impacts,0,SELKIRK,NY,48,2,Day,Rain,Yard,Cut of cars,8,31088,0,31088,S016,42.565903,-73.854184,34.4,40.7,27.6
CSX,000176288,2018-05-08,12:05 AM,Derailment,0,MANCHESTER,GA,72,4,Dark,Clear,Yard,Freight Train,8,49236,4962,54198,H510,32.855068,-84.594747,72,70.8,73.5
UP,0820GL001,2020-08-01,12:41 PM,Other impacts,0,EAGLE GROVE,IA,79,2,Day,Cloudy,Yard,Yard/switching,5,10031,0,14553,E08C,42.676897,-93.917793,69.7,68.9,68.7
GTW,845526,2015-04-02,7:30 PM,Other impacts,0,BATTLE CREEK,MI,50,3,Dusk,Cloudy,Yard,Yard/switching,6,90231,12221,109542,H310,42.351156,-85.131223,48.6,52.8,45.1
BNSF,SF1015110,2015-10-19,1:52 AM,Derailment,0,BIRMINGHAM,AL,54,4,Dark,Clear,Yard,Yard/switching,7,101968,200000,332566,H599,33.526419,-86.850861,53,56.1,60.7
NS,155256,2024-01-06,8:01 PM,Other (describe in narrative),0,SANDUSKY,OH,36,4,Dark,Rain,Yard,Freight Train,5,7300,104124,111424,H702,41.409424,-82.743993,26.4,32.8,33.6
ATK,153494,2018-05-30,1:09 PM,Hwy-rail crossing,0,LIPSCOMB,AL,81,2,Day,Clear,Main,Passenger Train - Pulling,77,20741,0,20994,M308,33.432619,-86.924406,72.9,74.5,78.4
GRS,20201214G5,2020-12-14,1:05 AM,Derailment,0,RUMFORD,ME,35,4,Dark,Fog,Main,Freight Train,10,22500,3100,25600,T220,44.314661,-70.302604,35.4,30.1,20.2
CSX,000202124,2021-12-30,5:00 AM,Derailment,0,INDIANAPOLIS,IN,35,1,Dawn,Clear,Yard,Cut of cars,0,395393,0,853273,T221,39.759798,-86.327516,42,42.3,48.4
CUOH,CUO628220D,2020-11-30,11:15 AM,Derailment,0,NEWARK,OH,36,2,Day,Snow,Yard,Yard/switching,8,18060,20978,39038,E65C,40.054986,-82.381656,38.8,38,31.8
MRL,2016015,2016-02-04,7:00 PM,Derailment,0,HELENA,MT,37,4,Dark,Cloudy,Main,Freight Train,17,125000,300000,425000,H520,46.61936,-112.075514,23.2,30.4,36.3
CSX,000194125,2020-11-24,10:50 PM,Other impacts,0,WALBRIDGE,OH,35,4,Dark,Cloudy,Yard,Single Car,4,350,0,33801,H318,41.58993,-83.49686,39.2,36.3,46.6
UP,0324HL015,2024-03-19,6:45 AM,Derailment,0,SANTA ROSA,NM,33,1,Dawn,Clear,Industry,Freight Train,7,56258,1078,57336,H306,34.947749,-104.676465,43.9,47.6,51.4
AGR,AGR719515,2015-06-24,7:00 PM,Raking collision,0,MAGNOLIA,AL,80,4,Dark,Clear,Yard,Yard/switching,3,18970,0,18970,H302,32.114993,-87.677917,87.3,81.2,81.3
CSX,000219624,2024-07-29,1:15 PM,Other impacts,0,TOLEDO,OH,92,2,Day,Cloudy,Yard,Yard/switching,6,39002,0,42130,H318,41.667503,-83.482524,77.8,79.9,79.5
CSX,000191080,2020-06-27,7:39 AM,Derailment,0,CLEVELAND,OH,70,1,Dawn,Clear,Yard,Freight Train,2,33777,56400,90177,H525,41.571338,-81.55684,75,74.3,74.3
CSX,000174146,2018-01-20,11:15 AM,Obstruction,0,MARION,OH,35,2,Day,Clear,Main,Maint./inspect Car,25,10253,0,12285,H993,40.585887,-83.206067,24.5,34.8,41.4
CSX,000189063,2020-03-12,7:35 PM,Other impacts,0,BUFFALO,NY,45,3,Dusk,Cloudy,Yard,Yard/switching,5,53269,0,56026,H018,42.901973,-78.773441,35.3,42.6,44.8
NS,133728,2019-04-27,2:00 PM,Other impacts,0,PHILLIPSBURG,NJ,65,2,Day,Clear,Main,Freight Train,6,15000,0,15000,H996,40.687965,-75.200578,58.3,55.5,50
CSX,000172307,2017-10-19,11:00 AM,Other impacts,0,RAVENNA,OH,60,2,Day,Clear,Main,Spec. MoW Equip.,4,17992,0,29436,H997,41.151809,-81.157605,54,57.6,55.4
BHRR,181207002,2018-12-07,11:45 PM,Derailment,0,BESSEMER,AL,40,4,Dark,Rain,Industry,Yard/switching,7,176222,390000,566222,H212,33.409334,-86.949351,37.2,43.7,43.5
UP,1219GL002,2019-12-01,1:00 AM,Derailment,0,COUNCIL BLUFFS,IA,36,4,Dark,Cloudy,Yard,Freight Train,8,80266,16462,96728,H702,41.247527,-95.884669,40.7,29.8,28.3
NS,140135,2020-12-31,6:00 PM,Derailment,0,BELLEVUE,OH,28,3,Dusk,Clear,Yard,Cut of cars,5,175932,0,1639062,H508,41.297936,-82.760942,37.8,30.9,32
ATK,139563,2015-10-09,9:30 PM,Other (describe in narrative),0,LONG ISLAND CITY,NY,68,4,Dark,Rain,Main,Passenger Train - Pulling,125,10885,0,10885,E78L,40.780137,-73.918732,63.5,66.9,58.2
CSX,000138057,2014-11-25,4:55 PM,Derailment,0,WAYCROSS,GA,57,2,Day,Rain,Yard,Freight Train,10,41357,50,41407,H503,31.213524,-82.353589,72.4,61.8,54.2
UP,1017PR015,2017-10-17,1:00 PM,Other impacts,0,MELROSE PARK,IL,70,2,Day,Clear,Yard,Single Car,0,15730,0,15918,M411,41.899007,-87.908803,52.4,58.5,60.3
ATK,167204,2021-05-29,7:31 AM,Obstruction,0,BRONX,NY,50,2,Day,Rain,Main,Passenger Train - Pulling,47,19751,0,19751,M404,40.853126,-73.92068,60.1,49.6,49.6
BNSF,HL0424120,2024-04-22,6:19 PM,Derailment,0,BENNET,NE,56,3,Dusk,Clear,Industry,Single Car,0,2000,0,584000,M503,40.678173,-96.508035,46,58.8,60.1
TSWS,71920232,2023-07-19,6:30 PM,Derailment,0,JOLIET,IL,70,2,Day,Clear,Yard,Freight Train,5,30000,0,30000,H601,41.477552,-88.103756,69.8,71.6,77
NS,114367,2015-02-15,2:50 AM,Derailment,0,NEW BOSTON,OH,26,4,Dark,Snow,Yard,Freight Train,4,12800,2000,14800,H702,38.744825,-82.941787,27.2,13.3,11
NJTR,201810492,2018-09-26,11:30 PM,Derailment,0,KEARNY,NJ,70,4,Dark,Cloudy,Yard,Yard/switching,3,12838,4605,17443,H307,40.743333,-74.102513,65.2,76.2,67.6
NJTR,202303103,2023-03-14,1:50 PM,Other impacts,0,HOBOKEN,NJ,36,2,Day,Cloudy,Yard,Cut of cars,0,49662,0,85337,H306,40.734502,-74.03397,41.3,35.6,38.3
CSX,000214961,2023-12-06,11:41 AM,Obstruction,0,ROWLAND,NC,54,2,Day,Clear,Main,Maint./inspect Car,25,9300,0,15361,H997,34.635232,-79.226272,46.9,43.7,40
NS,113932,2015-01-20,2:20 PM,Derailment,0,IRONDALE,AL,63,2,Day,Clear,Yard,Yard/switching,4,15000,5684,20684,M411,33.548905,-86.678008,49.3,52.7,47.4
NS,157884,2024-08-31,1:30 AM,Derailment,0,MONROEVILLE,OH,72,4,Dark,Cloudy,Yard,Cut of cars,0,700,0,34317,S014,41.300089,-82.751367,78.1,74,70
ATK,142271,2016-05-05,4:30 PM,Derailment,0,RENSSELAER,NY,47,2,Day,Cloudy,Yard,Light loco(s),0,20712,0,20712,H303,42.646115,-73.74038,49.2,51.7,55.2
CSX,000208494,2022-11-24,5:30 PM,Derailment,0,BUFFALO,NY,42,4,Dark,Clear,Yard,Yard/switching,7,242592,14799,257391,E04C,42.901926,-78.773366,36.2,38.4,42.4
NS,116064,2015-06-13,2:52 PM,Other (describe in narrative),0,LEETONIA,OH,72,2,Day,Clear,Main,Freight Train,0,70000,3240,73240,E13C,40.862103,-80.794868,74.7,71.2,73.1
ATK,152411,2018-03-20,9:58 AM,Derailment,0,NEW YORK NEW YORK,NY,39,2,Day,Clear,Main,Passenger Train - Pulling,12,89010,5000,94010,T220,40.750568,-73.993518,39.3,35,34.1
UP,0722MA044,2022-07-21,5:19 PM,Other impacts,0,EAST ST LOUIS,IL,95,2,Day,Cloudy,Yard,Freight Train,2,29783,0,69700,H306,38.58877,-90.142263,86,83.1,84.3
CSX,000213292,2023-09-04,1:36 PM,Derailment,0,SELKIRK,NY,86,2,Day,Clear,Yard,Yard/switching,10,131295,171309,302604,T220,42.5757,-73.936,73.4,76,77.7
PATH,I04202201,2022-04-23,12:11 AM,Derailment,0,JERSEY CITY,NJ,55,4,Dark,Cloudy,Main,EMU,10,5594,25621,31215,M201,40.731395,-74.062312,60.8,56.4,55.4
ATK,160579,2019-08-06,2:08 AM,Other (describe in narrative),0,CHICAGO RIDGE,IL,87,4,Dark,Clear,Yard,Yard/switching,10,97084,0,97084,E39L,41.86955,-87.63714,80.6,75.5,78.1