reportingrailroadcode,accidentnumber,date,time,accidenttype,hazmatreleasedcars,station,stateabbr,temperature,visibility_code,visibility,weathercondition,tracktype,equipmenttype,trainspeed,equipmentdamagecost,trackdamagecost,totaldamagecost,primaryaccidentcausecode,latitude,longitude,prior_temp,actual_temp,following_temp
CSX,000188697,2020-02-26,6:25 AM,Side collision,0,BUFFALO,NY,33,1,Dawn,Cloudy,Yard,Cut of cars,4,27839,112,51922,H020,42.901973,-78.773441,36.4,34.2,24.7
NS,132196,2018-12-27,9:41 AM,Hwy-rail crossing,0,LA FONTAINE,IN,40,2,Day,Rain,Main,Freight Train,48,15278,0,15278,M303,40.710064,-85.764972,35.2,41.5,41.7
WE,150026,2015-02-10,7:30 AM,Derailment,0,MEDINA,OH,15,1,Dawn,Snow,Yard,Yard/switching,6,13500,313,13813,H306,41.139386,-81.89602,18.8,18.4,24.5
WC,1094985,2022-02-16,7:30 AM,Side collision,0,GARY,IN,45,1,Dawn,Cloudy,Yard,Yard/switching,0,5000,0,19566,S007,41.629514,-87.406377,28.7,47.1,30.2
CSX,000208472,2022-11-22,7:08 AM,Derailment,0,COLUMBUS,OH,28,1,Dawn,Cloudy,Yard,Freight Train,9,160170,0,347934,E64C,39.972311,-83.021134,33,38.9,40.6
KCS,21032404,2021-03-24,10:30 AM,Derailment,0,SHREVEPORT,LA,76,2,Day,Clear,Main,,0,0,6750,209385,H603,32.512839,-93.743296,67,65.1,67.5
NJTR,202110406,2021-09-03,8:00 PM,Other (describe in narrative),0,BOUND BROOK,NJ,70,3,Dusk,Rain,Main,Commuter Train - Pulling,35,249951,0,249951,M103,40.561084,-74.530296,68.2,64,66.3
CSX,000202453,2022-01-16,5:39 PM,Derailment,0,BUFFALO,NY,29,3,Dusk,Cloudy,Yard,Freight Train,7,136458,9976,146434,S011,42.901926,-78.773366,7.8,18.1,26.9
NJTR,201508487,2015-08-11,2:47 AM,Other (describe in narrative),0,KEARNY,NJ,60,4,Dark,Rain,Yard,Yard/switching,5,11200,1000,12200,H599,40.743969,-74.109545,74.9,75.3,77.1
BNSF,KS0223102,2023-02-07,2:30 PM,Other impacts,0,KANSAS CITY,KS,50,2,Day,Clear,Yard,Yard/switching,3,50895,0,50895,M407,39.08537,-94.69011,51.6,42.2,34.9
CSX,000165026,2016-12-09,3:20 AM,Side collision,0,SELKIRK,NY,33,4,Dark,Cloudy,Yard,Cut of cars,10,6048,0,34586,E23C,42.565903,-73.854184,33.3,27.2,20.7
MNCW,76450,2022-02-01,6:30 AM,Other impacts,0,NEW YORK NEW YORK,NY,15,1,Dawn,Clear,Yard,EMU,0,49938,0,49938,M507,40.75409,-73.97536,25,29.4,38.1
NYSW,220717ND1,2022-07-17,4:27 PM,Derailment,0,CORTLAND,NY,84,2,Day,Clear,Siding,Freight Train,7,37685,0,37685,H306,42.588777,-76.1355,68.4,72.4,70.2
CSX,000139277,2014-12-23,4:07 PM,Other impacts,0,ROTTERDAM,NY,35,3,Dusk,Cloudy,Yard,Single Car,0,15723,0,17223,H306,42.787217,-73.993798,32.2,36.5,42.9
MBTA,202391,2023-08-22,5:43 AM,Obstruction,0,WESTON,MA,73,1,Dawn,Clear,Main,Passenger Train - Pushing,52,76099,0,76099,M404,42.369697,-71.271486,73.1,69,65.6
CSX,000185133,2019-08-28,2:00 PM,Other impacts,0,CINCINNATI,OH,79,2,Day,Cloudy,Yard,Single Car,0,29565,0,29565,S014,39.124551,-84.542521,72.5,70.1,68.1
CSX,000183950,2019-07-05,12:56 PM,Hwy-rail crossing,0,BATTLE GROUND,IN,93,2,Day,Clear,Main,Freight Train,37,54266,18356,72622,M303,40.547654,-86.848077,79,78.6,77.8
ATK,169780,2022-02-02,3:04 PM,Other (describe in narrative),0,NEW YORK,NY,72,2,Day,Clear,Main,,0,0,60580,82698,E78L,40.7506,-73.9935,29.4,38.1,44.7
ATK,175429,2023-07-08,5:56 AM,Hwy-rail crossing,0,CLEVELAND,OH,65,1,Dawn,Clear,Main,Passenger Train - Pulling,50,15185,0,15185,M308,41.519808,-81.667144,73.5,71.7,71.6
IC,924671,2017-06-02,11:30 PM,Derailment,0,JOLIET,IL,73,4,Dark,Clear,Industry,Freight Train,8,52500,11955,64455,H704,41.441955,-88.160546,65.8,70.3,74.4
CSX,000208516,2022-11-27,9:55 PM,Derailment,0,SELKIRK,NY,35,4,Dark,Rain,Yard,Yard/switching,15,27961,112,28073,H607,42.566447,-73.854116,41.4,40.4,42.9
MNA,MNA653824D,2024-01-05,7:15 PM,Derailment,0,MILO,MO,37,4,Dark,Cloudy,Main,Freight Train,40,700000,140000,840000,T215,37.754017,-94.306235,33.1,35.4,34.7
CSX,000212573,2023-07-28,6:37 PM,Side collision,0,SELKIRK,NY,74,3,Dusk,Clear,Yard,Yard/switching,10,1208,0,27209,H305,42.5757,-73.936,77,79.7,74.4
NJTR,202112516,2021-12-07,4:35 AM,Derailment,0,SPRING VALLEY,NY,33,4,Dark,Clear,Yard,Work train,4,38033,0,38033,H303,41.117842,-74.049017,51.6,37.7,35.8
ATK,170007,2022-03-09,1:08 AM,Derailment,0,NEW YORK,NY,40,4,Dark,Clear,Yard,Yard/switching,5,25000,2000,27000,E79L,40.745696,-73.939412,43.3,36.8,40.3
NS,137340,2020-03-01,6:45 AM,Other impacts,0,PORT DICKINSON,NY,17,1,Dawn,Clear,Yard,Yard/switching,9,7500,12361,20361,H399,42.098659,-75.856665,16.9,25,43.6
NS,115319,2015-04-18,4:05 PM,Side collision,0,BELLEVUE,OH,65,3,Dusk,Clear,Yard,Yard/switching,3,18400,0,19500,H399,41.288346,-82.803539,60.2,60.1,56.6
BRC,14697,2023-10-07,2:00 AM,Derailment,0,CHICAGO,IL,48,4,Dark,Cloudy,Yard,,0,0,1500,20330,T220,41.676423,-87.738642,53.3,51.4,50.4
CSX,000171224,2017-08-25,11:10 AM,Derailment,0,SELKIRK,NY,87,2,Day,Clear,Yard,Yard/switching,6,50575,1396,51971,M405,42.565903,-73.854184,64.1,63.5,59.3
CSX,000210353,2023-03-16,5:00 AM,Other impacts,0,FAYETTEVILLE,NC,35,1,Dawn,Clear,Siding,Cut of cars,3,27950,0,72921,M501,35.091058,-78.838252,42.5,48.6,60.9
MRL,2018049,2018-04-05,9:40 AM,Derailment,0,LAUREL,MT,28,2,Day,Snow,Industry,Yard/switching,2,21000,2000,23000,T221,45.689911,-108.709095,30.7,26,14.7
BNSF,TC0824111,2024-08-28,8:19 PM,Derailment,0,STEELE,ND,75,3,Dusk,Rain,Siding,Freight Train,0,1263488,0,1263488,M102,46.856027,-99.910188,62.4,65.7,64.6
NS,131787,2018-11-24,12:40 PM,Other (describe in narrative),0,CINCINNATI,OH,45,2,Day,Clear,Main,Freight Train,4,7474,66826,74300,H306,39.101262,-84.540861,40.9,48,45.4
BNSF,HL1116112,2016-11-23,3:50 AM,Side collision,0,SPRINGFIELD,MO,42,4,Dark,Cloudy,Yard,Light loco(s),8,5200,0,21805,H307,37.228836,-93.321933,51.5,48.8,44.2
UP,0919HL008,2019-09-06,3:40 PM,Other impacts,0,KANSAS CITY,MO,86,2,Day,Clear,Yard,Yard/switching,2,9981,0,22755,H702,39.113956,-94.481311,80.3,79.2,76.8
UP,0824PN018,2024-08-07,1:50 AM,Derailment,0,NAMPA,ID,84,4,Dark,Clear,Yard,Yard/switching,6,682444,163907,846351,M409,43.583884,-116.564718,83.6,79.3,77.8
NS,116862,2015-08-08,7:45 PM,Derailment,0,ARMSTRONGS MILLS,OH,72,3,Dusk,Clear,Main,Freight Train,9,60000,1700,61700,E53C,39.907084,-80.949118,68.5,72.7,74
VTR,1473,2019-01-09,6:30 PM,Derailment,0,HOOSICK,NY,28,4,Dark,Cloudy,Siding,Freight Train,9,568290,0,1341290,M507,42.92345,-73.36292,35.7,34.3,25.7
UP,0517NP040,2017-05-23,10:22 AM,Other impacts,0,NORTH PLATTE,NE,55,2,Day,Cloudy,Yard,Yard/switching,4,12087,0,13162,E34C,41.150761,-100.864271,54.6,50.4,52.7
BNSF,CH0520101,2020-05-03,6:55 AM,Derailment,0,BARING,MO,60,1,Dawn,Cloudy,Main,Freight Train,46,225468,80000,305468,E21C,40.216953,-92.246992,67.8,62.7,52
NS,133136,2019-03-08,11:24 AM,Derailment,0,ROLLING PRAIRIE,IN,37,2,Day,Clear,Main,Freight Train,46,313122,25745,338867,E33C,41.641386,-86.669533,24,30,36.1
NS,155595,2024-01-28,4:46 AM,Other impacts,0,BELLEVUE,OH,35,1,Dawn,Rain,Yard,Single Car,0,18779,0,32258,S007,41.29034,-82.788151,37,35.4,33
CSX,000219992,2024-08-16,3:10 PM,Hwy-rail crossing,0,MIAMISBURG,OH,83,2,Day,Clear,Main,Freight Train,48,100,13539,13639,M399,39.640656,-84.294119,73.4,74.7,76.6
CSX,000175940,2018-04-21,4:27 AM,Other impacts,0,CINCINNATI,OH,68,1,Dawn,Clear,Yard,Single Car,6,1171,0,16286,S014,37.850351,-84.256836,47.6,49.7,54.9
IHB,2035,2014-12-02,10:30 AM,Other impacts,0,RIVERDALE,IL,25,2,Day,Clear,Yard,Cut of cars,7,84947,0,84947,M599,41.639966,-87.655377,23.8,27.3,30.2
NS,116817,2015-08-06,12:30 AM,Derailment,0,VANCE,AL,76,4,Dark,Clear,Yard,Freight Train,4,15200,12510,27710,H506,33.173788,-87.238538,83,78,80.2
NS,157884,2024-08-31,1:30 AM,Derailment,0,MONROEVILLE,OH,72,4,Dark,Cloudy,Yard,Yard/switching,8,22617,11000,34317,S014,41.300089,-82.751367,78.1,74,70
NS,120060,2016-04-08,1:40 PM,Hwy-rail crossing,0,SARALAND,AL,78,2,Day,Clear,Main,Freight Train,42,11356,0,11356,M302,30.8238,-88.067336,68.6,66.2,60.6
UP,1114NP031,2014-11-23,8:15 AM,Derailment,0,NORTH PLATTE,NE,33,2,Day,Clear,Yard,Cut of cars,0,250,0,64184,H704,41.141574,-100.775598,37,40.3,33
LI,GR20150302,2015-03-03,12:03 PM,Hwy-rail crossing,0,PATCHOGUE,NY,38,2,Day,Cloudy,Main,Passenger Train - Pulling,32,13909,20889,34798,M304,40.763711,-73.008679,31.5,25.2,37.6
SKOL,221102002,2022-11-02,2:50 PM,Derailment,0,CHANUTE,KS,82,2,Day,Clear,Industry,Yard/switching,6,10552,4000,14552,T220,37.697415,-95.45242,59.8,63.8,69
SNJX,20210624A,2021-06-24,2:08 PM,Other (describe in narrative),0,BEVERLY,NJ,78,2,Day,Clear,Main,DMU,25,16000,0,16000,M599,40.065136,-74.901496,64.8,66.3,68.8
NS,133620,2019-04-19,12:42 AM,Raking collision,0,BELLEVUE,OH,49,4,Dark,Rain,Yard,Yard/switching,4,377944,0,377944,H607,41.288306,-82.801342,65.4,45.2,42.4
NS,128849,2018-03-15,10:35 AM,Other (describe in narrative),0,TUSCALOOSA,AL,45,2,Day,Clear,Yard,Freight Train,5,21604,4162,25766,H702,33.1855,-87.563332,45,49.3,54
CSX,000212882,2023-08-11,5:40 PM,Derailment,0,BUFFALO,NY,77,3,Dusk,Clear,Yard,Yard/switching,8,45089,244,45333,E4BC,42.901926,-78.773366,69.7,69.4,71
NS,115184,2015-04-09,1:25 AM,Derailment,0,IRONDALE,AL,64,4,Dark,Clear,Yard,Yard/switching,10,18200,1275,20175,H021,33.548905,-86.678008,71.6,75,69.2
CC,952952,2018-03-15,4:48 PM,Derailment,0,CEDAR RAPIDS,IA,55,2,Day,Clear,Yard,Freight Train,2,49400,4848,54248,M405,41.991933,-91.664578,36.3,39,34.4
CSX,000171982,2017-10-02,9:45 AM,Derailment,0,OREGON,OH,65,2,Day,Clear,Yard,Yard/switching,3,9553,2302,11855,H702,41.669537,-83.47266,54.3,60.6,69
UP,0919HL008,2019-09-06,3:40 PM,Other impacts,0,KANSAS CITY,MO,86,2,Day,Clear,Yard,Yard/switching,4,7477,5297,22755,H702,39.113956,-94.481311,80.3,79.2,76.8
ATK,181588,2024-08-13,9:42 AM,Obstruction,0,PRINCETON JUNCTION,NJ,81,2,Day,Clear,Main,Passenger Train - Pulling,90,29106,0,29106,M404,40.295976,-74.649699,71.3,70.8,73.4
UP,0415ST019,2015-04-17,6:42 AM,Fire/violent rupture,0,SANTA TERESA,NM,34,1,Dawn,Clear,Main,Freight Train,48,39456,0,39456,M406,32.091586,-106.981903,67.3,59,63.2
TASD,D20141211A,2014-12-11,12:30 AM,Derailment,0,MOBILE,AL,41,4,Dark,Clear,Industry,Freight Train,3,18500,708,19208,T220,30.653119,-88.034734,46.2,46.3,51.1
CSX,000202483,2022-01-18,11:40 AM,Side collision,0,INDIANAPOLIS,IN,32,2,Day,Clear,Yard,Freight Train,6,474768,0,927106,H306,39.759798,-86.327516,25.7,32.8,35.3
BNSF,KS0817104,2017-08-05,7:21 PM,Derailment,0,KIOWA,KS,70,4,Dark,Rain,Yard,Cut of cars,0,56759,0,56759,M105,37.008274,-98.497261,74.1,79.9,73.2
NS,141482,2021-05-08,1:40 AM,Side collision,0,BELLEVUE,OH,41,4,Dark,Rain,Yard,Yard/switching,4,1500,1449,62949,M105,41.28826,-82.800414,47.9,46.6,42.6
BNSF,SW0320106,2020-03-18,1:30 AM,Side collision,0,BELEN,NM,44,4,Dark,Clear,Yard,Yard/switching,4,539,78440,156887,H307,34.641678,-106.771296,55.1,49,46.1
ATK,153336,2018-05-04,9:25 PM,Obstruction,0,BALLSTON SPA,NY,50,4,Dark,Rain,Main,Passenger Train - Pulling,60,10910,0,10910,M404,42.992046,-73.841975,73.1,70.2,61.7
BNSF,NE1115114,2015-11-18,10:55 PM,Obstruction,0,BELLEVUE,NE,39,4,Dark,Clear,Main,,0,0,0,11614,M404,41.182215,-95.903453,52.9,44.1,39.6
UP,0517TC009,2017-05-18,11:30 AM,Derailment,0,MASON CITY,IA,53,2,Day,Rain,Main,Freight Train,33,1576758,381930,1958688,M599,43.037956,-93.231362,63.9,54.6,44.8
MNCW,68574,2018-10-10,1:25 AM,Other impacts,0,STAMFORD,CT,65,4,Dark,Clear,Yard,Cut of cars,0,20852,0,41704,E31C,41.050115,-73.53177,68.3,71.9,70.8
NS,125873,2017-07-19,3:25 AM,Derailment,0,CENTERVILLE,GA,72,4,Dark,Clear,Yard,Freight Train,4,200,11022,11222,H306,32.70474,-83.667724,81.1,83.3,85.1
BNSF,PR1115204,2015-11-24,7:00 AM,Hwy-rail crossing,0,THEDFORD,NE,28,1,Dawn,Clear,Main,Freight Train,45,300,47500,47800,M302,41.97822,-100.654953,40.1,38.8,33.9
BNSF,TC0117100,2017-01-02,3:54 AM,Derailment,0,MINNEAPOLIS,MN,25,4,Dark,Clear,Yard,Yard/switching,5,7254,3500,10754,M411,45.032831,-93.271425,26.8,30.1,16.6
BNSF,SW0122205,2022-01-21,4:37 PM,Hwy-rail crossing,0,LAKE ARTHUR,NM,49,2,Day,Clear,Main,Freight Train,48,50000,0,50000,M308,33.02287,-104.36189,28.2,32.4,33.9
ATK,173859,2023-02-21,4:36 AM,Other (describe in narrative),0,BOSTON,MA,40,4,Dark,Clear,Main,,0,0,7500,7500,M599,42.291946,-71.118823,51.4,38.8,39.2
UP,0320GL028,2020-03-30,9:05 AM,Derailment,0,SOUTH ST PAUL,MN,36,2,Day,Clear,Yard,Freight Train,5,12536,4010,16546,T220,44.920451,-93.05968,40.3,44.6,44.1
TRRA,16014,2016-10-11,3:51 PM,Other impacts,0,VENICE,IL,82,2,Day,Clear,Yard,Yard/switching,16,34131,0,34131,H316,38.667256,-90.162404,61.8,66.3,63.7
MBTA,2024082,2024-06-12,12:42 AM,Derailment,0,WORCESTER,MA,15,4,Dark,Clear,Siding,,0,0,13152,43987,H703,42.244808,-71.750156,61.7,66.8,69.1
BAYL,BAY896724D,2024-08-12,1:00 PM,Derailment,0,COTTONDALE,FL,95,2,Day,Clear,Siding,Freight Train,7,3000,11250,14250,H703,30.77863,-85.380021,85,84.1,85.6
CSX,000193992,2020-11-22,10:20 AM,Other impacts,0,SELKIRK,NY,35,2,Day,Cloudy,Yard,Single Car,2,11361,0,12356,E99C,42.565903,-73.854184,42.9,32.7,38
MNCW,2019010222,2019-01-02,10:45 AM,Derailment,0,WHITE PLAINS,NY,35,2,Day,Clear,Yard,EMU,2,18876,16000,34876,H303,41.057155,-73.771815,46.6,33.8,37.1
LI,72771,2020-08-03,10:24 PM,Obstruction,0,BRENTWOOD,NY,71,4,Dark,Clear,Main,EMU,60,27214,540,27754,M404,40.779405,-73.249793,80.5,81.9,76.5
CSX,000214663,2023-11-23,9:24 PM,Derailment,0,WALBRIDGE,OH,41,4,Dark,Clear,Yard,Freight Train,9,14276,1519,15795,H702,41.589911,-83.496929,43.9,43.4,33.4
WC,1024843,2020-01-24,6:22 AM,Derailment,0,SCHILLER PARK,IL,32,4,Dark,Cloudy,Yard,,0,0,55351,70025,H702,41.974048,-87.870145,32.1,35.2,33
BNSF,MT1022105,2022-10-26,12:53 AM,Derailment,0,HAVRE,MT,32,4,Dark,Clear,Yard,Freight Train,12,37748,5245,42993,H607,48.554531,-109.675559,40.8,37.2,42.6
NS,116363,2015-07-03,12:30 PM,Other impacts,0,BELLEVUE,OH,69,2,Day,Cloudy,Yard,Yard/switching,4,200,0,18600,M408,41.293152,-82.783204,65.6,65.1,65.9
NS,115785,2015-05-24,10:20 PM,Derailment,0,VANCE,AL,80,4,Dark,Cloudy,Yard,Freight Train,4,6400,23073,29473,H306,33.172879,-87.254587,71.9,73.4,72.5
ATK,148227,2017-06-29,1:14 PM,Obstruction,0,LAWRENCE,KS,90,2,Day,Clear,Main,Passenger Train - Pulling,25,16641,0,16641,M404,38.971668,-95.23525,80.9,75.5,73.8
NS,151144,2022-10-13,7:30 AM,Derailment,0,CHARLOTTE,NC,55,1,Dawn,Clear,Yard,Light loco(s),2,20000,2500,22500,H017,35.228064,-80.852619,64,68.6,59.9
UP,0422GC003,2022-04-02,11:52 AM,Other impacts,0,MARINGOUIN,LA,72,2,Day,Clear,Yard,Yard/switching,10,1027,66,17620,M408,30.530905,-91.559608,58.5,65.2,66.4
WE,180092,2018-10-04,4:15 PM,Derailment,0,BREWSTER,OH,36,2,Day,Clear,Yard,Yard/switching,5,14980,2134,17114,M101,40.7097,-81.6031,68.8,67.5,55.7
UP,0120GL026,2020-01-25,4:05 AM,Fire/violent rupture,0,TAMA,IA,28,1,Dawn,Clear,Main,Freight Train,30,18288,0,18288,E73L,41.961766,-92.579762,30.4,28.8,25.8
ATK,166298,2021-01-31,1:20 AM,Obstruction,0,CARBONDALE,IL,48,4,Dark,Rain,Main,Passenger Train - Pulling,0,15855,0,15855,M404,37.723478,-89.215701,40.4,40.2,34.6
ATK,174507,2023-03-19,7:34 PM,Other (describe in narrative),0,ELIZABETH,NJ,50,3,Dusk,Cloudy,Main,,0,0,19254,32093,E78L,40.657573,-74.222338,49.6,36.4,40.9
ATK,167921,2021-08-02,8:48 AM,Other (describe in narrative),0,CHEVERLY,MD,72,2,Day,Clear,Main,Passenger Train - Pulling,0,10451,4673,15124,E78L,38.918619,-76.911324,72.9,72.3,71.6
KCS,20030701,2020-03-07,11:05 AM,Derailment,0,NEOSHO,MO,65,2,Day,Clear,Main,Freight Train,37,390000,629421,1019421,E39C,36.762432,-94.395246,43,50.6,54.8
BNSF,MT0722105,2022-07-10,1:30 AM,Derailment,0,FALLON,MT,50,4,Dark,Rain,Yard,Cut of cars,0,27000,2400,29400,M105,46.837706,-105.094935,77.8,72.2,69.9
NJTR,202408375,2024-07-29,9:00 PM,Derailment,0,NEW BRUNSWICK,NJ,90,4,Dark,Clear,Yard,EMU,4,52000,0,52000,M505,40.79978,-74.464016,75.8,78,79.7
NS,145945,2022-07-23,1:30 AM,Other impacts,0,BELLEVUE,OH,75,4,Dark,Clear,Yard,Single Car,4,27168,250,52369,H312,41.28872,-82.795783,78.2,74.7,78.9
BNSF,TC1123103,2023-11-12,1:35 PM,Other (describe in narrative),0,BENSON,MN,59,2,Day,Clear,Main,Freight Train,12,0,20365,20365,H221,45.324865,-95.629841,36.4,39.7,40.8
CSX,000152649,2015-09-27,10:20 PM,Other impacts,0,WALBRIDGE,OH,60,4,Dark,Clear,Yard,Cut of cars,9,12827,0,12827,M407,41.589331,-83.531708,67.5,68.5,70.7
PATH,I01202201,2022-01-14,1:27 AM,Derailment,0,HARRISON,NJ,36,4,Dark,Cloudy,Yard,EMU,12,20000,64838,84838,T216,40.740943,-74.143085,37.1,36.7,15.7
LI,80724,2023-09-28,3:00 PM,Derailment,0,RICHMOND HILL,NY,65,2,Day,Cloudy,Yard,Yard/switching,3,14294,23456,37750,M405,40.69709,-73.82209,59.3,59.9,60.1
LI,76969,2022-04-11,2:38 PM,Obstruction,0,LONG ISLAND CITY,NY,58,2,Day,Clear,Yard,EMU,5,250000,0,250000,H022,40.743235,-73.949583,46.6,48.9,59.2
YVRR,110223,2023-11-02,6:45 AM,Derailment,0,WINSTON SALEM,NC,28,1,Dawn,Fog,Main,Freight Train,18,350000,25000,375000,T221,36.201797,-80.291191,41.6,39.9,45.2
BNSF,PR0817106,2017-08-06,3:49 PM,Derailment,0,DENVER,CO,77,2,Day,Cloudy,Yard,Yard/switching,4,2123,0,18685,H318,39.775915,-104.981068,68,62.9,59.4
ATK,175372,2023-06-29,4:30 PM,Derailment,0,ALBION,MI,80,2,Day,Clear,Main,,0,0,16250,16401,H303,42.257904,-84.785442,67.2,74.5,77.2
CSX,000155580,2015-12-29,11:27 PM,Side collision,0,NEW YORK,NY,34,4,Dark,Cloudy,Industry,Yard/switching,4,11391,0,22637,H307,40.811928,-73.898171,40.3,40.4,43.2
NS,124677,2017-04-12,4:03 AM,Other impacts,0,GRACEWOOD,GA,75,1,Dawn,Clear,Yard,Single Car,0,5679,0,18651,H702,33.337867,-81.956086,67.4,68.2,70.4
NS,123776,2017-01-30,9:00 PM,Derailment,0,IRONDALE,AL,39,4,Dark,Clear,Yard,Light loco(s),2,14293,500,14793,H306,33.548905,-86.67801,43,44.5,59.3
FEC,D50081624,2024-08-16,11:15 AM,Obstruction,0,FT PIERCE,FL,86,2,Day,Clear,Main,,0,0,250,24255,M402,27.303671,-80.20535,84.3,83.6,83.1
CSX,000163583,2016-10-16,6:30 PM,Derailment,0,WALBRIDGE,OH,68,3,Dusk,Cloudy,Yard,Yard/switching,6,20996,100,21096,H523,41.589331,-83.531708,59.2,68,72.8
KCS,19060602,2019-06-06,10:15 AM,Other impacts,0,JACKSON,MS,80,2,Day,Clear,Yard,Cut of cars,2,0,0,15091,H307,32.306889,-90.197417,76.7,77.4,76
BNSF,SW0718103,2018-07-07,9:38 AM,Derailment,0,CLOVIS,NM,75,2,Day,Clear,Yard,Yard/switching,6,24982,36000,60982,H307,34.398524,-103.225133,73.8,72.7,74.5
NS,127260,2017-11-01,11:50 PM,Derailment,0,BIRMINGHAM,AL,56,4,Dark,Clear,Main,Freight Train,13,69699,500,70199,H520,33.558082,-86.634678,57.6,60.6,67
NS,151544,2022-11-23,9:04 PM,Other impacts,0,BELLEVUE,OH,35,4,Dark,Clear,Yard,Cut of cars,10,0,0,50100,M599,41.296231,-82.768606,38.2,41.7,44.6
NS,122810,2016-11-18,11:40 PM,Derailment,0,NEW BOSTON,OH,35,4,Dark,Cloudy,Yard,Work train,10,56760,2000,58760,H525,38.747554,-82.935163,50.5,56.9,44
CSX,000200876,2021-10-22,11:12 AM,Side collision,0,HAMLET,NC,73,2,Day,Clear,Yard,Yard/switching,6,21020,0,25729,H307,34.925491,-79.646587,65,69,60.9
NS,142017,2021-06-27,6:00 PM,Derailment,0,CHICAGO,IL,72,3,Dusk,Clear,Main,Freight Train,5,23052,236,23288,E69L,41.742639,-87.575119,75.1,77,73.1
CSX,000151727,2015-09-03,1:00 PM,Other impacts,0,CUMBERLAND,MD,90,2,Day,Clear,Yard,Cut of cars,4,16642,0,40642,M599,39.649746,-78.758058,71.5,72,70.8
NS,137077,2020-02-06,11:24 PM,Derailment,0,DECATUR,IL,24,4,Dark,Snow,Yard,Yard/switching,4,15000,1394,16394,M101,39.852179,-88.918354,29.9,27.4,29.7
NS,146065,2022-08-03,2:45 AM,Derailment,0,EVENDALE,OH,72,4,Dark,Clear,Yard,Yard/switching,3,96149,1535,97684,M204,39.264109,-84.420352,77.6,78.1,76.8
TASD,D20150109A,2015-01-09,10:30 PM,Other impacts,0,MOBILE,AL,39,4,Dark,Cloudy,Yard,Freight Train,6,22833,956,23789,H306,30.707566,-88.045231,30.4,36.6,40.9
NYA,NYA000025,2021-06-17,2:41 PM,Obstruction,0,HUNTINGTON,NY,74,2,Day,Clear,Main,Freight Train,40,3408,0,45836,H605,40.838599,-73.447141,69.4,67.1,70.1
UP,1019HL042,2019-10-23,1:00 AM,Other (describe in narrative),0,KANSAS CITY,MO,48,4,Dark,Clear,Yard,Cut of cars,0,58072,0,58072,M507,39.117224,-94.553659,49.8,56.9,44.9
CPKC,1001916633,2023-05-12,9:22 PM,Other (describe in narrative),0,ROLLINGSTONE,MN,64,4,Dark,Cloudy,Main,,0,0,0,12604,E79L,44.15867,-91.811584,66.2,63.1,64.8
NS,156416,2024-04-19,3:55 AM,Other impacts,0,SOUTHMONT,NC,60,4,Dark,Clear,Yard,Single Car,2,1000,0,18447,M599,35.74086,-80.330499,72.5,65.6,66.7
KCS,15070301,2015-07-03,7:45 AM,Rear end collision,0,VIVIAN,LA,78,2,Day,Clear,Main,Freight Train,0,79897,0,116614,H605,32.859318,-93.985291,82.1,82.3,78.3
CSX,000204134,2022-04-10,9:30 PM,Side collision,0,NEW ORLEANS,LA,68,4,Dark,Clear,Main,Yard/switching,5,69062,0,78827,H307,30.005993,-90.019455,63.9,69.5,70.7
UP,0919PR001,2019-09-01,9:00 AM,Other impacts,0,MELROSE PARK,IL,65,2,Day,Cloudy,Yard,Yard/switching,3,23843,150,23993,H318,41.895415,-87.888963,67.5,67,72.1
BNSF,CH0920203,2020-09-26,1:29 PM,Hwy-rail crossing,0,ETHEL,MO,70,2,Day,Clear,Main,Freight Train,63,3000,9700,12700,M302,39.906262,-92.703201,67.8,73,62.6
PATH,I08162019,2019-08-16,4:00 PM,Other (describe in narrative),0,HARRISON,NJ,82,2,Day,Cloudy,Yard,EMU,3,150,21099,21249,H399,40.74,-74.15,76.1,75.1,79.3
CSX,000209583,2023-02-01,6:59 AM,Derailment,0,MOBILE,AL,70,1,Dawn,Clear,Yard,Freight Train,5,96319,10483,106802,H702,30.711383,-88.04655,65.5,59.9,55.1
NJTR,202409454,2024-05-21,6:45 AM,Other (describe in narrative),0,NEW YORK NEW YORK,NY,60,4,Dark,Clear,Main,Commuter Train - Pushing,60,15757,0,15757,E78L,40.755357,-74.004935,63.3,69.8,75
CSX,000176281,2018-05-08,9:05 AM,Derailment,0,LAWRENCEVILLE,GA,70,2,Day,Clear,Yard,Freight Train,7,70435,27127,97562,H505,33.984527,-83.944532,70.4,67.6,70.1
NS,121997,2016-09-06,7:40 AM,Obstruction,0,LINCOLN VILLAGE,OH,72,1,Dawn,Clear,Industry,Freight Train,3,12400,0,12400,M402,39.964376,-83.10996,71.5,76,79.2
CSX,000148928,2015-07-07,4:37 AM,Derailment,0,TALLADEGA,AL,74,4,Dark,Clear,Main,Freight Train,6,1459,0,75829,H503,33.436384,-86.108909,78.5,80.7,82.2
BNSF,PR1017104,2017-10-05,7:45 PM,Obstruction,0,WATROUS,NM,55,3,Dusk,Clear,Main,,0,0,5000,55000,M404,35.814214,-104.911051,57.9,56.5,58.6