reportingrailroadcode,accidentnumber,date,time,accidenttype,hazmatreleasedcars,station,stateabbr,temperature,visibility_code,visibility,weathercondition,tracktype,equipmenttype,trainspeed,equipmentdamagecost,trackdamagecost,totaldamagecost,primaryaccidentcausecode,latitude,longitude,prior_temp,actual_temp,following_temp
LI,EQ20151101,2015-11-14,6:17 PM,Obstruction,0,BABYLON,NY,44,4,Dark,Clear,Main,EMU,80,44036,0,44036,M402,40.749407,-73.381624,55,45.8,47.6
GC,GCR308418,2018-11-16,9:05 AM,Derailment,0,ELLABELL,GA,48,2,Day,Clear,Industry,Freight Train,4,30000,20000,50000,T220,32.131716,-81.444633,48.2,45.5,51.4
NS,127020,2017-10-15,6:00 AM,Derailment,0,BOURBONNAIS,IL,60,1,Dawn,Rain,Yard,Freight Train,3,7418,140871,148289,H306,41.122308,-87.900664,66.4,57.3,51.2
ATK,166227,2021-01-21,4:40 AM,Derailment,0,CHICAGO,IL,23,4,Dark,Clear,Siding,Passenger Train - Pulling,5,52394,0,52394,H303,41.82622,-87.70406,23.7,35.5,19
BNSF,KS1122103,2022-11-05,8:07 AM,Derailment,0,KANSAS CITY,KS,60,1,Dawn,Rain,Yard,Freight Train,3,1395,0,86324,M410,39.080901,-94.672777,53.2,46.4,54.1
NS,115073,2015-03-31,8:40 PM,Side collision,0,IRONDALE,AL,72,4,Dark,Clear,Yard,Freight Train,4,69800,0,252727,H306,33.539022,-86.706299,63,62.9,66.2
MNCW,75886,2021-11-04,10:42 AM,Obstruction,0,BEACON,NY,47,2,Day,Cloudy,Main,Spec. MoW Equip.,6,7722,0,12184,H607,41.497942,-73.983384,39.2,35.9,35.7
NJTR,201804193,2018-04-16,5:30 PM,Other (describe in narrative),0,NEWARK,NJ,50,2,Day,Cloudy,Main,Commuter Train - Pulling,52,13197,0,13197,H999,40.710097,-74.194182,42.7,48.7,44
BNSF,SW0921108,2021-09-07,11:00 PM,Derailment,0,GALLUP,NM,52,4,Dark,Clear,Yard,Freight Train,8,350,0,94229,H318,35.512064,-108.799959,67,67.2,72.1
NS,138130,2020-06-03,4:04 AM,Derailment,0,HUNT,NY,55,1,Dawn,Rain,Main,Freight Train,25,550496,90907,641403,H521,42.545123,-77.979688,62.9,69.2,69.6
BNSF,SW0921113,2021-09-16,7:30 PM,Derailment,0,BELEN,NM,70,3,Dusk,Clear,Yard,Yard/switching,3,9500,11000,20500,H506,34.657258,-106.768,75.4,75.3,74.3
CSX,000157178,2016-02-18,3:15 AM,Derailment,0,FULTON,NY,11,4,Dark,Clear,Industry,Freight Train,3,75810,2000,77810,M501,43.314549,-76.387707,31,15.2,25.3
CRSH,131138,2018-09-29,4:40 AM,Derailment,0,NEWARK,NJ,66,1,Dawn,Clear,Yard,Cut of cars,9,636,0,70073,S007,40.70636,-74.134506,61,64.2,62.2
NS,129370,2018-05-05,4:15 PM,Broken train collision,0,BELLEVUE,OH,78,3,Dusk,Clear,Yard,Cut of cars,0,76390,0,181594,E34C,41.288306,-82.801342,68,62.5,62.3
NS,122261,2016-09-30,5:15 PM,Other impacts,0,IRONDALE,AL,68,3,Dusk,Clear,Yard,Cut of cars,0,1783,0,34358,E30C,33.548905,-86.67801,67.2,63.5,67.4
IORY,IOR794015D,2015-08-28,1:20 PM,Derailment,0,SPRINGFIELD,OH,84,2,Day,Clear,Main,Freight Train,16,1640,145000,146640,M405,39.933026,-83.82194,65.7,66.1,71.2
BNSF,KS1023107,2023-10-16,12:03 PM,Derailment,0,KANSAS CITY,KS,58,2,Day,Clear,Yard,Yard/switching,7,2522,0,27627,M407,39.082064,-94.677211,51.1,51.5,55.7
IORY,IOR310220D,2020-01-19,7:00 PM,Derailment,0,LIMA,OH,16,4,Dark,Snow,Yard,Yard/switching,1,35000,1461,36461,M599,40.765528,-84.089528,33.8,14.2,16.9
NS,116816,2015-08-06,5:50 AM,Other impacts,0,MACON,GA,76,1,Dawn,Cloudy,Yard,Yard/switching,0,30000,0,30000,H706,32.813729,-83.622793,84.4,79.5,82.5
BNSF,SW0524105,2024-05-30,9:11 PM,Derailment,0,GALLUP,NM,50,4,Dark,Clear,Yard,Freight Train,5,17975,3225,21200,H307,35.520261,-108.769157,63.9,64,64.6
CSX,000143403,2015-03-21,6:41 AM,Other impacts,0,TARRANT,AL,50,1,Dawn,Cloudy,Yard,Single Car,0,9682,0,30242,H316,33.543695,-86.790082,60.6,58.6,55.1
UP,0918LV004,2018-09-06,8:20 PM,Other impacts,0,WESTWEGO,LA,80,4,Dark,Clear,Yard,Yard/switching,8,25652,150,36360,H318,29.917551,-90.185149,81.5,81.1,80.6
NS,125343,2017-06-08,1:45 AM,Derailment,0,BELLEVUE,OH,63,4,Dark,Clear,Yard,Yard/switching,1,18196,50,18246,S007,41.274423,-82.83357,58.1,61.5,68.1
MHWA,171201,2017-12-26,8:40 PM,Derailment,0,UTICA,NY,12,4,Dark,Clear,Yard,,0,0,51976,78286,H702,43.106118,-75.227386,25.8,14.7,7.3
ATK,172470,2022-10-22,9:31 PM,Derailment,0,NEW YORK,NY,55,4,Dark,Clear,Yard,Yard/switching,3,36518,9414,45932,H303,40.757451,-74.009549,54.6,57.4,57.8
NS,138604,2020-07-22,5:00 AM,Other impacts,0,BELLEVUE,OH,80,1,Dawn,Clear,Yard,Single Car,0,33373,0,33373,H312,41.288298,-82.79778,76.1,75.2,76
NS,137868,2020-05-02,11:30 PM,Derailment,0,ALLIANCE,OH,62,4,Dark,Rain,Industry,Freight Train,9,167340,0,167340,H306,40.917381,-81.146912,47.6,57.6,67.7
UP,0616CB002,2016-06-09,3:51 AM,Derailment,0,MARSHALLTOWN,IA,70,4,Dark,Clear,Yard,Freight Train,7,175,11609,11784,M507,42.042629,-92.907876,66.7,78.9,83
NS,157512,2024-07-28,8:30 AM,Side collision,0,IRONDALE,AL,79,2,Day,Clear,Yard,Single Car,0,0,0,20955,H302,33.548905,-86.678009,78.6,76.3,80.9
MRL,2022074,2022-12-05,11:39 AM,Side collision,0,LAUREL,MT,21,2,Day,Cloudy,Yard,Freight Train,17,75000,250000,560000,H607,45.654785,-108.828118,30.3,23.4,13
TRRA,19016,2019-08-02,7:24 AM,Derailment,0,VENICE,IL,69,1,Dawn,Clear,Yard,,0,0,6072,11377,M503,38.665415,-90.162916,73.9,75,78
BAYL,BAY687415,2015-04-19,11:00 AM,Derailment,0,ABBEVILLE,AL,75,2,Day,Rain,Industry,Cut of cars,0,24000,0,24000,M102,31.511825,-85.305147,67.6,70.4,70.5
NS,136457,2019-12-09,11:30 AM,Other impacts,0,DECATUR,IL,35,2,Day,Clear,Yard,Single Car,3,9800,2602,38402,H312,39.853753,-88.912251,43.8,43.6,22.9
IORY,IOR351717D,2017-06-30,3:00 PM,Derailment,0,CINCINNATI,OH,87,2,Day,Clear,Main,Freight Train,3,35000,5000,40000,E24C,39.172201,-84.482387,74.4,77.2,75.6
CC,943660,2017-12-05,5:20 PM,Derailment,0,FORT DODGE,IA,28,4,Dark,Clear,Main,Freight Train,3,260000,91427,351427,H704,42.499963,-94.295826,50.7,26.7,24.8
ALS,20161220,2016-12-30,9:34 PM,Derailment,0,EAST ST LOUIS,IL,43,4,Dark,Cloudy,Yard,Light loco(s),4,0,11544,11544,H607,38.599561,-90.149926,42,40.5,45.6
CSX,000173843,2018-01-05,4:06 AM,Derailment,1,BIRMINGHAM,AL,30,1,Dawn,Clear,Yard,Yard/switching,4,25505,320000,345505,E29C,33.543607,-86.790089,26.4,27,31.3
NS,138711,2020-08-02,7:21 AM,Derailment,0,NEW FLORENCE,MO,71,1,Dawn,Clear,Main,Freight Train,50,1379857,199846,1579703,T221,38.90729,-91.445566,70.8,71.5,67.8
UP,0715LK018,2015-07-21,2:13 PM,Derailment,0,SHREVEPORT,LA,99,2,Day,Cloudy,Yard,Yard/switching,9,13469,70,13539,E44C,32.429698,-93.901932,88.7,87,87.1
ATK,152873,2018-02-28,3:36 AM,Obstruction,0,NEW HAVEN,CT,35,4,Dark,Clear,Main,,0,0,0,18276,M402,41.308274,-72.927883,41,44.4,47.8
BNSF,PR0224103,2024-02-05,9:42 PM,Other (describe in narrative),0,HASTINGS,NE,45,4,Dark,Clear,Main,Yard/switching,10,149913,0,149913,H302,40.587433,-98.301314,38,35.4,39.9
BNSF,CH0720114,2020-07-25,11:19 AM,Other (describe in narrative),0,LAURA,IL,85,2,Day,Clear,Main,Freight Train,50,250,11225,11475,E33C,40.920527,-89.908076,74.8,79.1,82.7
BNSF,SW0316108,2016-03-30,9:00 PM,Obstruction,0,BELEN,NM,52,4,Dark,Clear,Yard,Yard/switching,6,250,135000,135250,H305,34.655457,-106.76702,57.8,47,45.1
NJTR,202201012,2021-12-18,8:15 PM,Derailment,0,DOVER,NJ,45,4,Dark,Rain,Yard,Yard/switching,4,81477,13887,95364,M505,40.883673,-74.551139,52,41.2,36.6
CSX,000207134,2022-09-06,11:20 PM,Derailment,0,FEURA BUSH,NY,70,4,Dark,Clear,Yard,Yard/switching,7,63207,305,63512,M411,42.588585,-73.880729,63.1,64.1,66.1
CSX,000208757,2022-12-11,9:06 AM,Side collision,0,CLEVELAND,OH,37,2,Day,Cloudy,Yard,Freight Train,5,69061,0,118436,H306,41.570296,-81.556448,38.9,40.3,38.2
CSX,000153188,2015-10-13,3:25 PM,Derailment,0,BIRMINGHAM,AL,79,2,Day,Clear,Yard,Light loco(s),2,18534,281,18815,H702,33.513495,-86.803837,66.5,71.7,64.1
UP,0920GL035,2020-09-26,10:00 AM,Derailment,0,GRAND ISLAND,NE,69,2,Day,Cloudy,Yard,Yard/switching,7,29734,6711,36445,H303,40.942246,-98.299953,70.8,71,60.3
BNSF,HL0424123,2024-04-26,3:25 PM,Derailment,0,LINCOLN,NE,62,2,Day,Cloudy,Main,Freight Train,0,2904374,253000,3157374,M102,40.889059,-96.581302,56.3,61.3,58.8
BNSF,SW0424103,2024-04-05,5:15 PM,Derailment,0,GALLUP,NM,47,3,Dusk,Clear,Yard,Freight Train,5,376419,11310,387729,H607,35.519972,-108.770012,49.7,51,34.5
BNSF,SF0116107,2016-01-16,12:13 PM,Derailment,0,HANNIBAL,MO,29,2,Day,Clear,Main,,0,0,1500,17500,H702,39.929657,-91.436237,35,26.5,9.5
NS,131675,2018-11-14,11:40 AM,Other impacts,0,NEW HAVEN,IN,31,2,Day,Clear,Yard,Single Car,6,3603,14324,18905,H312,41.074123,-85.042597,31.6,27,31.9
CSX,000143947,2015-03-29,2:28 AM,Side collision,0,SELKIRK,NY,21,4,Dark,Cloudy,Yard,Single Car,5,12600,0,12600,H316,42.564654,-73.85257,27.9,27,36.4
CSX,000210353,2023-03-16,5:00 AM,Other impacts,0,FAYETTEVILLE,NC,35,1,Dawn,Clear,Siding,Freight Train,6,44971,0,72921,M501,35.091058,-78.838252,42.5,48.6,60.9
CSX,000180934,2019-01-23,9:38 AM,Derailment,0,SELKIRK,NY,28,2,Day,Clear,Yard,Cut of cars,6,10585,750,22906,S007,42.565903,-73.854184,8.6,28.3,41.1
WE,170135,2017-12-06,5:05 PM,Derailment,0,SPENCER,OH,28,4,Dark,Clear,Main,Freight Train,3,5000,20431,25431,E67C,41.103238,-82.121862,44.5,32.4,27.5
BNSF,CH0317105,2017-03-07,12:43 AM,Derailment,0,CHILLICOTHE,IL,53,4,Dark,Rain,Main,Freight Train,0,13108,0,13108,M105,40.930775,-89.473948,57.1,48.4,45.3
CSX,000151606,2015-09-03,4:40 AM,Other impacts,0,WALBRIDGE,OH,70,1,Dawn,Clear,Yard,Single Car,6,12507,0,12507,H317,41.586402,-83.538082,76,78.4,74.2
NS,138488,2020-07-10,3:30 PM,Other impacts,0,BELLEVUE,OH,72,2,Day,Clear,Yard,Single Car,4,34720,230,141273,H312,41.288306,-82.801342,80.8,78.3,75.9
CSX,000149486,2015-07-20,4:50 PM,Hwy-rail crossing,0,SILVER SPRING,MD,91,3,Dusk,Clear,Main,,0,0,0,150000,M399,39.013749,-77.054795,85.2,85.9,83.3
CSX,000216193,2024-02-13,9:25 AM,Other impacts,0,SELKIRK,NY,35,2,Day,Clear,Yard,Cut of cars,19,12058,0,24116,M407,42.5757,-73.936,35.7,33.7,26.5
UP,1218GP045,2018-12-25,10:30 PM,Other impacts,0,NORTH PLATTE,NE,34,4,Dark,Cloudy,Yard,Single Car,3,54762,0,57761,S007,41.15228,-100.82105,31.8,29.7,33.5
NS,123700,2017-01-25,7:00 PM,Derailment,0,IRONDALE,AL,72,3,Dusk,Clear,Yard,Yard/switching,10,14524,0,70005,H706,33.548905,-86.67801,49.4,60.5,49.1
UP,1023HL001,2023-10-01,1:26 AM,Derailment,0,ATCHISON,KS,70,4,Dark,Clear,Industry,Freight Train,1,123435,10740,134175,H022,39.513197,-95.203001,79.4,75.2,74.3
CP,1000239418,2015-07-18,7:30 AM,Other impacts,0,ST PAUL,MN,71,1,Dawn,Cloudy,Yard,Yard/switching,4,23536,0,24274,H020,44.936893,-93.038182,76.1,77.4,73.7
NJTR,201709371,2017-09-12,10:45 PM,Derailment,0,KEARNY,NJ,65,4,Dark,Clear,Yard,Yard/switching,10,5200,10895,16095,H704,40.743799,-74.113606,66.2,69.9,70.5
IC,1040738,2020-07-02,5:44 AM,Obstruction,0,STONEFORT,IL,88,1,Dawn,Rain,Main,Freight Train,30,10700,0,10700,M404,37.650488,-88.696799,72.6,76.9,80
CSX,000147039,2015-05-30,2:30 PM,Derailment,0,PINSON,AL,85,2,Day,Clear,Yard,Yard/switching,7,16695,1556,18251,E02C,33.543695,-86.790082,73.1,76.3,76.7
CSX,000180204,2018-12-06,12:00 AM,Derailment,0,RIVERDALE,IL,32,4,Dark,Clear,Yard,Freight Train,6,35494,1998,37492,H503,41.649836,-87.634368,28.1,28.7,20.7
ISRR,ISR652318R,2018-05-04,7:45 AM,Derailment,0,LYNNVILLE,IN,72,2,Day,Clear,Industry,Freight Train,11,185269,33000,218269,T212,38.185256,-87.334199,69.7,70.7,64
UP,0523HL036,2023-05-30,3:00 PM,Other (describe in narrative),0,KANSAS CITY,KS,85,2,Day,Cloudy,Main,Freight Train,16,0,15700,15700,H702,39.110109,-94.618779,75.7,74.3,70.5
MNCW,78047,2022-09-20,9:08 PM,Other impacts,0,CROTON ON HUDSON,NY,61,4,Dark,Clear,Yard,EMU,1,41210,0,41210,H399,41.191674,-73.884743,73.2,69.6,67.5
METC,20201,2020-06-08,8:20 AM,Other (describe in narrative),0,HOPKINS,MN,75,2,Day,Clear,Siding,Spec. MoW Equip.,0,0,225000,225000,E79L,44.913609,-93.420209,75,85.5,76
UP,0224GP002,2024-02-02,12:53 PM,Other impacts,0,NORTH PLATTE,NE,37,2,Day,Fog,Yard,Cut of cars,10,3978,0,26070,M411,41.146787,-100.841832,41.1,37.4,41.9
NS,146013,2022-07-30,4:55 AM,Side collision,0,LOUISVILLE,KY,78,1,Dawn,Clear,Yard,Freight Train,6,18687,1380,20067,S011,38.263516,-85.801423,77.3,74.4,73.8
NJTR,202406299,2024-06-08,12:46 AM,Derailment,0,BAY HEAD,NJ,73,4,Dark,Clear,Yard,Commuter Train - Pushing,2,16554,1887,18441,H704,40.076078,-74.046754,75.6,71.2,70.2
CSX,000216108,2024-02-10,10:07 AM,Other impacts,0,SELKIRK,NY,46,2,Day,Clear,Yard,Cut of cars,4,94430,0,206176,M407,42.5757,-73.936,45.1,45.9,40.1
MNCW,201979,2019-06-30,2:00 PM,Other impacts,0,NEW HAVEN,CT,75,2,Day,Clear,Yard,EMU,10,70427,3000,73427,H999,41.294361,-72.926533,77.9,75.8,75.8
NS,123248,2016-12-21,4:00 PM,Other impacts,0,FORT WAYNE,IN,35,3,Dusk,Cloudy,Yard,Light loco(s),9,14,0,13248,H306,41.08189,-85.223378,19.7,27.9,33.7
BNSF,SW0624204,2024-06-17,10:28 AM,Hwy-rail crossing,0,DEXTER,NM,93,2,Day,Clear,Main,Freight Train,49,10000,51500,61500,M302,33.19585,-104.37103,89.8,90.1,89.3
CSX,000152539,2015-09-28,2:06 PM,Other impacts,0,CINCINNATI,OH,80,2,Day,Clear,Yard,Cut of cars,0,1082,0,13311,S016,39.104323,-84.538947,69.6,70.3,69.1
UP,1116KC009,2016-11-10,5:31 PM,Other (describe in narrative),0,ROSSVILLE,KS,60,3,Dusk,Cloudy,Main,Freight Train,25,27011,0,27011,E39C,39.202047,-95.903644,45.7,52.1,50
CSX,000181005,2019-01-26,4:00 PM,Other impacts,0,SELKIRK,NY,32,3,Dusk,Clear,Yard,Single Car,16,31119,0,31119,M407,42.565903,-73.854184,28.6,20.3,25.4
CSX,000212573,2023-07-28,6:37 PM,Side collision,0,SELKIRK,NY,74,3,Dusk,Clear,Yard,Light loco(s),10,26001,0,27209,H305,42.5757,-73.936,77,79.7,74.4
MNCW,75777,2021-10-19,11:30 AM,Obstruction,0,NEW YORK -BRONX,NY,57,2,Day,Clear,Main,Spec. MoW Equip.,0,2100,0,32774,H607,40.90077,-73.859155,53.7,57,67
BNSF,TC0418113,2018-04-23,4:55 PM,Derailment,0,FREMONT,NE,55,2,Day,Clear,Siding,Freight Train,4,1707,32000,33707,H307,41.47585,-96.484855,53.9,57.1,53.3
CSX,000199871,2021-09-02,6:56 AM,Derailment,0,ORANGEBURG,NY,59,1,Dawn,Cloudy,Main,Freight Train,20,272903,0,272903,M103,41.116046,-73.951668,69.1,66.4,64.6
CSX,000175812,2018-04-13,1:43 PM,Other impacts,0,MONTGOMERY,AL,78,2,Day,Clear,Yard,Cut of cars,10,2123,0,13823,M201,32.375967,-86.32647,61.6,65.1,71.3
IHB,2671,2021-03-09,2:10 AM,Side collision,0,RIVERDALE,IL,45,4,Dark,Cloudy,Yard,Yard/switching,9,85450,433,90961,S014,41.639711,-87.645171,51.6,53.6,60
IC,1092049,2021-03-03,12:00 PM,Other (describe in narrative),0,GEISMAR,LA,60,2,Day,Clear,Yard,Yard/switching,4,0,0,24266,H702,30.192282,-91.000521,50.8,52.1,56.2
BRC,14426,2021-02-18,4:45 AM,Other impacts,0,BEDFORD PARK,IL,15,4,Dark,Snow,Yard,Cut of cars,7,21288,0,21288,M408,41.767831,-87.776389,15.6,20.2,16
NS,140891,2021-03-11,7:00 AM,Raking collision,0,CINCINNATI,OH,63,1,Dawn,Clear,Yard,Cut of cars,0,32902,4594,45496,H306,39.105834,-84.539912,55,61.2,54
ATK,150191,2017-10-30,1:20 PM,Other (describe in narrative),0,FAIRFIELD,CT,55,2,Day,Cloudy,Main,Passenger Train - Pulling,65,22990,0,22990,M404,41.32261,-72.89089,64.9,57.5,52.5
CSX,000193260,2020-10-10,5:47 PM,Side collision,0,SELKIRK,NY,50,3,Dusk,Clear,Yard,Yard/switching,4,553,0,12326,E99C,42.565903,-73.854184,48.4,61.6,52.1
GTW,863666,2015-08-27,10:02 PM,Derailment,0,DEARBORN,MI,58,4,Dark,Cloudy,Yard,Freight Train,7,96289,18925,115214,M503,42.294759,-83.18451,62.4,62.3,63.9
UP,0919MA023,2019-09-10,12:30 PM,Broken train collision,1,DUPO,IL,90,2,Day,Clear,Yard,Yard/switching,11,506505,104720,821225,H503,38.528708,-90.209247,77.1,80.5,80.8
NS,152842,2023-04-18,1:20 AM,Other impacts,0,GREENSBORO,NC,55,4,Dark,Clear,Yard,Single Car,0,1500,314,19814,H021,36.060802,-79.835085,59.6,61.3,67.1
BNSF,TC1223106,2023-12-15,8:16 AM,Derailment,0,DILWORTH,MN,39,1,Dawn,Clear,Yard,Yard/switching,4,9411,3909,13320,H607,46.87415,-96.661456,38,39.2,32.2
ATK,178458,2024-02-17,3:45 PM,Hwy-rail crossing,0,VINTON,LA,45,2,Day,Cloudy,Main,Passenger Train - Pulling,70,17785,0,17785,M308,30.160098,-93.637926,62.9,49.9,44.7
NS,156416,2024-04-19,3:55 AM,Other impacts,0,SOUTHMONT,NC,60,4,Dark,Clear,Yard,Single Car,0,0,17447,18447,M599,35.74086,-80.330499,72.5,65.6,66.7
LI,80678,2023-09-18,9:05 PM,Other (describe in narrative),0,FARMINGDALE,NY,70,4,Dark,Clear,Main,,0,0,105730,107230,E85C,40.735285,-73.444017,66.8,68,66.8
CUOH,CUO754521R,2021-04-18,11:20 PM,Derailment,0,AMSTERDAM,OH,45,4,Dark,Rain,Industry,Freight Train,7,0,74200,170979,E43C,40.428503,-80.904692,47.1,46.5,52
ATK,135959,2015-01-15,2:45 PM,Other (describe in narrative),0,NEW YORK NEW YORK,NY,34,2,Day,Clear,Main,Passenger Train - Pulling,90,11381,0,11381,E78L,40.746834,-73.981977,24.4,29.8,31.8
CSX,000170137,2017-07-10,12:40 PM,Other impacts,0,WILLARD,OH,70,2,Day,Cloudy,Yard,Cut of cars,0,24014,0,295254,H302,41.059857,-82.723964,68.2,67.1,75.1
UP,1114NP035,2014-11-28,6:38 AM,Derailment,0,NORTH PLATTE,NE,67,1,Dawn,Cloudy,Yard,Single Car,0,7643,0,12831,M411,41.149069,-100.819498,30.1,38.4,36.9
NJTR,201811544,2018-11-24,5:30 AM,Derailment,0,KEARNY,NJ,37,4,Dark,Cloudy,Yard,Yard/switching,5,11500,1874,13374,H992,40.743722,-74.100939,23.8,36.7,50.7
NS,127780,2017-12-15,3:24 AM,Derailment,0,OREGON,OH,17,4,Dark,Clear,Yard,Yard/switching,4,17174,0,35024,E39C,41.663389,-83.467411,16.3,22.3,33.2
NS,145807,2022-07-10,8:00 AM,Side collision,0,LINWOOD,NC,70,2,Day,Cloudy,Yard,Yard/switching,10,27461,7879,35340,H306,35.739883,-80.331724,76.5,68.8,71.1
CSX,000175581,2018-04-02,8:15 AM,Side collision,0,BIRMINGHAM,AL,72,2,Day,Clear,Yard,Yard/switching,4,0,0,70989,H607,33.543607,-86.790089,65.3,68.2,72.4
CSX,000174140,2018-01-16,6:00 PM,Other impacts,0,BIRMINGHAM,AL,40,3,Dusk,Clear,Yard,Yard/switching,4,30833,0,32633,H018,33.543607,-86.790089,38.2,29.2,18.4
BNSF,PR0622105,2022-06-19,2:08 AM,Derailment,0,ALLIANCE,NE,80,4,Dark,Clear,Yard,Light loco(s),6,20600,20000,40600,H607,42.093939,-102.875347,80.3,78.7,65.9
CSX,000192202,2020-08-22,11:10 AM,Side collision,0,SELKIRK,NY,78,2,Day,Clear,Yard,Single Car,5,13993,0,21130,M411,42.565903,-73.854184,68.4,71.3,70.1
NIRC,2017070454,2017-11-21,11:30 PM,Other impacts,0,BLUE ISLAND,IL,30,4,Dark,Clear,Yard,Yard/switching,5,54068,0,54068,H018,41.656106,-87.67653,41.3,38.1,28.9
CSX,000158183,2016-03-16,3:30 PM,Derailment,0,ANSONIA,OH,48,2,Day,Clear,Yard,Freight Train,3,14156,0,14156,H704,40.211663,-84.641497,57.3,55.9,48.3
NS,156178,2024-03-28,1:32 AM,Other (describe in narrative),0,SCHENECTADY,NY,45,4,Dark,Rain,Yard,Freight Train,4,14150,20000,46150,H702,42.814066,-73.942703,43.6,44,41.9
UP,0122HL027,2022-01-13,8:28 PM,Other (describe in narrative),0,ABILENE,KS,38,4,Dark,Cloudy,Main,Freight Train,2,50584,350,50934,E21C,38.904709,-97.305701,37,42.7,40.4
CSX,000219131,2024-07-06,6:45 PM,Obstruction,0,WARSAW,NC,90,3,Dusk,Clear,Yard,Freight Train,8,157340,0,157340,M404,34.999785,-78.094121,84.7,84.5,80.9
NJTR,202202070,2022-01-12,7:58 PM,Derailment,0,HOBOKEN,NJ,37,4,Dark,Clear,Yard,Yard/switching,2,17574,476,18050,H021,40.735967,-74.035785,18.3,30.5,39.1
BNSF,TC0720104,2020-07-08,8:10 PM,Other (describe in narrative),0,WILLMAR,MN,78,3,Dusk,Clear,Yard,Yard/switching,4,32672,0,32672,E31C,45.123725,-95.044549,76.7,79.4,76.8
CSX,000163418,2016-10-06,6:45 PM,Hwy-rail crossing,0,OPELIKA,AL,83,2,Day,Clear,Main,Freight Train,49,22490,0,22490,M302,32.699296,-85.347025,73.6,71.9,73.2
ALS,20191122,2019-11-22,5:30 AM,Derailment,0,EAST ST LOUIS,IL,35,1,Dawn,Clear,Yard,Yard/switching,4,5000,7921,12921,M411,38.595712,-90.147437,63.8,40.7,36.9
CSX,000158292,2016-03-17,7:18 PM,Other impacts,0,SELKIRK,NY,45,3,Dusk,Clear,Yard,Single Car,8,21729,0,39795,E06C,42.565903,-73.854184,51.2,48.2,40.8
ATK,142210,2016-05-02,1:38 PM,Hwy-rail crossing,0,ROANOKE,LA,75,2,Day,Cloudy,Main,Passenger Train - Pulling,69,11343,0,11343,M302,30.237854,-92.878161,69.9,70.6,68.3
BNSF,KS0922112,2022-09-28,1:22 PM,Derailment,0,EMPORIA,KS,84,2,Day,Clear,Yard,Freight Train,7,30239,6500,36739,H518,38.401082,-96.217031,68.9,64,61.3
UP,0817TC001,2017-08-01,1:22 AM,Rear end collision,0,AMES,IA,65,4,Dark,Clear,Main,Cut of cars,0,10085,0,16357,H302,42.028053,-93.57995,69.9,72.8,73.3
CSX,000148099,2015-06-16,5:00 PM,Other impacts,0,BALTIMORE,MD,86,3,Dusk,Cloudy,Yard,Single Car,2,400,0,14098,M599,39.23543,-76.591321,79.2,82.4,77.2
WE,210011,2021-01-29,6:40 PM,Rear end collision,0,BREWSTER,OH,21,4,Dark,Clear,Main,Cut of cars,0,218,0,21556,H607,40.71385,-81.606233,21.2,20.1,21.7
CSX,000140854,2015-01-31,10:52 AM,Derailment,0,BIRMINGHAM,AL,60,2,Day,Clear,Yard,Freight Train,9,152580,502120,654700,S011,33.543695,-86.790082,42.6,44.8,52.3
UP,1218GP045,2018-12-25,10:30 PM,Other impacts,0,NORTH PLATTE,NE,34,4,Dark,Cloudy,Yard,Yard/switching,6,1151,1848,57761,S007,41.15228,-100.82105,31.8,29.7,33.5
UPME,0618CM013,2018-06-27,2:53 PM,Obstruction,0,CHICAGO,IL,74,2,Day,Clear,Yard,Passenger Train - Pushing,2,300,97138,97438,H510,41.88576,-87.640649,73.8,72.8,77.1
BNSF,KS1216200,2016-12-16,2:30 PM,Hwy-rail crossing,0,KIOWA,KS,64,2,Day,Cloudy,Main,Freight Train,64,20000,0,20000,M302,37.035415,-98.475873,23.7,42.4,15.7
NMRX,1062015,2015-01-06,10:52 PM,Derailment,0,ALBUQUERQUE,NM,38,4,Dark,Clear,Yard,Commuter Train - Pulling,9,36406,148,36554,M503,35.085808,-106.646913,32,40.2,36.3
NS,141234,2021-04-13,1:09 PM,Side collision,0,BELLEVUE,OH,55,2,Day,Clear,Yard,Single Car,2,15000,0,45000,H316,41.291944,-82.784808,52.9,54.8,51.8
MNCW,83036,2024-07-18,1:12 AM,Other impacts,0,BREWSTER,NY,64,4,Dark,Rain,Yard,EMU,8,75000,0,568833,H307,41.406766,-73.062129,78,76.6,71.4
NJTR,202105176,2021-04-30,11:50 PM,Derailment,0,DOVER,NJ,65,4,Dark,Clear,Yard,Yard/switching,4,49943,22379,72322,H704,40.884286,-74.547193,69,61.4,51.5
ATK,139425,2015-09-04,5:50 AM,Derailment,0,HARRISON,NJ,72,1,Dawn,Clear,Yard,,0,0,0,13400,H704,40.742073,-74.139213,83.3,79.1,73.4
NS,138927,2020-08-21,11:50 PM,Derailment,0,BELLEVUE,OH,66,4,Dark,Clear,Yard,Yard/switching,4,133,100,45915,E30C,41.288298,-82.79778,66.7,71.1,74.6
CSX,000201234,2021-11-10,1:30 PM,Derailment,0,CHILLICOTHE,OH,60,2,Day,Clear,Yard,Freight Train,5,14890,500,15390,M503,39.333944,-82.968056,52.1,52.3,54.9