reportingrailroadcode,accidentnumber,date,time,accidenttype,hazmatreleasedcars,station,stateabbr,temperature,visibility_code,visibility,weathercondition,tracktype,equipmenttype,trainspeed,equipmentdamagecost,trackdamagecost,totaldamagecost,primaryaccidentcausecode,latitude,longitude,prior_temp,actual_temp,following_temp
UP,0623GL016,2023-06-18,9:50 PM,Derailment,0,ST PAUL,MN,70,4,Dark,Cloudy,Main,Light loco(s),0,4726,0,820044,H503,44.927459,-93.040384,72.3,70.8,76.6
PATH,I11202201,2022-11-08,8:25 PM,Other impacts,0,JERSEY CITY,NJ,52,4,Dark,Clear,Yard,Maint./inspect Car,8,5000,0,5000,H017,40.723184,-74.054171,70.7,52.4,47
CSX,000210348,2023-03-16,2:52 PM,Derailment,0,GLENDALE,KY,60,2,Day,Cloudy,Main,Freight Train,27,870010,213030,1083040,H513,37.60197,-85.905012,36.2,48.9,41.9
ATK,158682,2019-04-26,5:37 AM,Derailment,0,NEW HAVEN,CT,54,1,Dawn,Clear,Main,,0,0,49216,49216,E59C,41.30825,-72.924156,53.3,54.2,52.1
NS,125661,2017-07-02,5:00 PM,Raking collision,0,IRONDALE,AL,85,3,Dusk,Clear,Yard,Light loco(s),4,7500,0,12700,H306,33.548905,-86.67801,78.9,78.8,80.9
NS,143049,2021-09-20,9:45 PM,Derailment,0,NEWARK,NJ,72,4,Dark,Clear,Main,Freight Train,6,56000,0,70092,H518,40.688728,-74.162056,72.6,69.3,72.1
CSX,000175250,2018-03-14,11:33 PM,Side collision,0,CHICAGO,IL,38,4,Dark,Clear,Yard,Freight Train,5,51185,0,104907,H306,41.763095,-87.725101,30,34.1,37.9
MNR,111,2014-12-03,2:10 PM,Other (describe in narrative),0,EASTON,ME,10,2,Day,Clear,Main,Freight Train,1,50000,0,50000,H021,46.66338,-67.905371,9.8,25.7,20.7
NS,138864,2020-08-15,10:30 PM,Other (describe in narrative),0,BELLEVUE,OH,65,4,Dark,Clear,Yard,Yard/switching,3,15000,600,15600,E27C,41.288306,-82.801342,78.2,76.5,70
BLF,20245204,2024-08-16,11:15 AM,Obstruction,0,FT PIERCE,FL,86,2,Day,Clear,Main,Passenger Train - Pulling,70,24005,0,24255,M402,27.303671,-80.20535,84.3,83.6,83.1
PATH,I09202101,2021-09-02,9:48 AM,Derailment,0,JERSEY CITY,NJ,70,2,Day,Cloudy,Yard,EMU,8,10674,28109,38783,M103,40.732048,-74.063244,72,68.9,67.5
IC,938223,2017-10-07,3:55 AM,Hwy-rail crossing,0,KANKAKEE,IL,66,4,Dark,Clear,Siding,Freight Train,0,13000,231,13231,M308,41.054254,-87.906206,68.3,68.6,63.5
CSX,000179403,2018-10-18,2:15 AM,Other impacts,0,SELKIRK,NY,38,4,Dark,Clear,Yard,Cut of cars,10,26573,96,26669,S016,42.565903,-73.854184,44,38.1,45.4
IORY,IOR077619R,2019-06-12,3:19 AM,Side collision,0,EVENDALE,OH,57,4,Dark,Cloudy,Yard,Freight Train,9,214149,0,314007,H702,39.261472,-84.422822,63.4,64.4,60.9
UP,0324MA011,2024-03-10,8:35 AM,Derailment,0,SHREVEPORT,LA,45,2,Day,Clear,Yard,Yard/switching,10,29311,165,32139,T211,32.426022,-93.892794,53.5,52.7,55
NJTR,201508474,2015-08-04,12:50 AM,Derailment,0,HOBOKEN,NJ,78,4,Dark,Clear,Yard,Yard/switching,5,55500,3521,59021,H704,40.735919,-74.036891,82.3,81,78.8
ATK,137749,2015-06-09,8:08 AM,Other (describe in narrative),0,BALTIMORE,MD,72,2,Day,Clear,Main,Passenger Train - Pulling,105,8518,18500,27018,E78L,39.304002,-76.589384,72.2,75.3,73.7
CSX,000165026,2016-12-09,3:20 AM,Side collision,0,SELKIRK,NY,33,4,Dark,Cloudy,Yard,Single Car,10,28538,0,34586,E23C,42.565903,-73.854184,33.3,27.2,20.7
CSX,000184244,2019-07-19,8:06 PM,Derailment,0,WALBRIDGE,OH,84,3,Dusk,Clear,Main,Freight Train,8,42733,20750,63483,H519,41.572948,-83.492604,78.7,85.1,85.2
WNYP,W2018003,2018-01-18,3:58 PM,Derailment,0,OLEAN,NY,18,2,Day,Clear,Yard,Freight Train,6,324674,0,324674,E46C,42.083594,-78.47083,10.1,12.8,26
BNSF,KS0423105,2023-04-06,1:20 AM,Derailment,0,INGALLS,KS,28,4,Dark,Clear,Main,Freight Train,40,2720,45000,47720,E53C,37.848065,-100.501087,36.3,41.8,49.2
LI,68457,2018-09-08,9:42 AM,Obstruction,0,SUNNY SIDE,NY,77,2,Day,Clear,Main,EMU,60,0,14878,14878,M404,40.74854,-73.927373,74.4,68.6,61
MNCW,75777,2021-10-19,11:30 AM,Obstruction,0,NEW YORK -BRONX,NY,57,2,Day,Clear,Main,Spec. MoW Equip.,0,13962,0,32774,H607,40.90077,-73.859155,53.7,57,67
NS,129370,2018-05-05,4:15 PM,Broken train collision,0,BELLEVUE,OH,78,3,Dusk,Clear,Yard,Yard/switching,4,68731,36473,181594,E34C,41.288306,-82.801342,68,62.5,62.3
UP,0922HL014,2022-09-17,12:54 AM,Other impacts,0,COFFEYVILLE,KS,77,4,Dark,Clear,Yard,Yard/switching,4,18681,200,18881,H312,37.029682,-95.623167,76.9,82.5,86
CPKC,23111001,2023-11-10,3:25 AM,Derailment,0,GOODMAN,MO,35,4,Dark,Clear,Main,Freight Train,37,16689,7315,24004,E21C,36.780093,-94.402247,51.3,48.8,48.9
CSX,000214961,2023-12-06,11:41 AM,Obstruction,0,ROWLAND,NC,54,2,Day,Clear,Main,Maint./inspect Car,0,6061,0,15361,H997,34.635232,-79.226272,46.9,43.7,40
UP,0117DV030,2017-01-26,12:16 AM,Derailment,0,GREELEY,CO,20,4,Dark,Clear,Main,Freight Train,40,1280642,723728,2004370,E53C,40.480928,-104.699272,21.7,20.3,24.1
NS,134566,2019-07-02,5:45 PM,Derailment,0,CORINTH,MS,86,3,Dusk,Clear,Yard,,0,0,9171,11740,H524,34.934146,-88.506226,80.9,81.5,79.4
CSX,000198509,2021-06-28,3:00 PM,Derailment,0,OTTAWA,IL,75,2,Day,Rain,Yard,Cut of cars,3,30528,2500,33328,M105,41.354211,-88.830469,76.6,74.3,76.5
BNSF,CH0823116,2023-08-24,5:25 AM,Derailment,0,GALESBURG,IL,85,1,Dawn,Clear,Yard,Cut of cars,0,1200,0,49550,H306,40.93421,-90.370218,84.7,85.8,83.7
WE,240056C,2024-07-16,4:05 PM,Derailment,0,BREWSTER,OH,85,2,Day,Clear,Yard,Yard/switching,0,25000,990,25990,H306,40.707003,-81.598179,78,79.6,75.2
NS,151049,2022-10-04,1:00 PM,Other impacts,0,SOUTHMONT,NC,70,2,Day,Clear,Yard,Single Car,4,150,18434,37318,H312,35.735975,-80.336626,57.3,55.9,59.4
LI,82162,2024-03-22,3:18 AM,Obstruction,0,SAYVILLE,NY,29,4,Dark,Clear,Siding,Spec. MoW Equip.,5,12601,0,12601,H607,40.7405,-73.09192,34.7,33.8,45.3
LI,80683,2023-09-14,11:59 PM,Obstruction,0,MANHASSET,NY,66,4,Dark,Cloudy,Main,EMU,40,0,70000,70000,M404,40.79665,-73.699942,75.4,71.4,63.7
BNSF,SW0320106,2020-03-18,1:30 AM,Side collision,0,BELEN,NM,44,4,Dark,Clear,Yard,Yard/switching,2,77908,0,156887,H307,34.641678,-106.771296,55.1,49,46.1
UP,0521GL009,2021-05-11,2:15 AM,Derailment,0,SOUTH ST PAUL,MN,41,4,Dark,Clear,Yard,Yard/switching,9,3681,22260,25941,H522,44.904762,-93.044358,47.6,49.1,54.9
NS,137340,2020-03-01,6:45 AM,Other impacts,0,PORT DICKINSON,NY,17,1,Dawn,Clear,Yard,Freight Train,0,500,0,20361,H399,42.098659,-75.856665,16.9,25,43.6
WE,210031,2021-04-17,2:39 AM,Derailment,0,CAREY,OH,35,4,Dark,Clear,Yard,Yard/switching,2,22342,0,22342,H306,40.956151,-83.371168,48,48.8,51.2
NS,144596,2022-03-04,6:05 PM,Other impacts,0,IRONDALE,AL,66,3,Dusk,Clear,Yard,Single Car,7,15000,0,16361,H019,33.548905,-86.678008,59.1,64.4,68.5
NS,129610,2018-05-25,5:30 PM,Derailment,0,ELKHART,IN,82,3,Dusk,Clear,Yard,Yard/switching,0,8056,0,13102,H306,41.67736,-85.978495,68.5,72.4,75.9
BNSF,KS0223101,2023-02-07,10:26 AM,Derailment,0,KANSAS CITY,KS,50,2,Day,Clear,Yard,Yard/switching,3,9306,3500,43839,M407,39.082185,-94.677828,51.6,42.2,34.9
PATH,I03202201,2022-03-20,4:57 PM,Side collision,0,HARRISON,NJ,56,2,Day,Cloudy,Yard,EMU,2,13698,27013,395780,H205,40.741252,-74.141081,57.9,54.8,53
CSX,000203664,2022-03-17,2:54 AM,Derailment,0,FONDA,NY,40,4,Dark,Clear,Main,Freight Train,44,29200,64,29264,E53C,42.948195,-74.287034,43.1,47,51.5
CSS,CSS000008,2021-04-29,5:45 PM,Raking collision,0,BURNHAM,IL,62,2,Day,Clear,Yard,Freight Train,7,29593,0,29593,H302,41.63564,-87.592172,49.7,51.5,47.5
UP,0724RM012,2024-07-12,9:40 PM,Derailment,0,POCATELLO,ID,92,4,Dark,Clear,Yard,Yard/switching,4,243026,14960,257986,E39C,42.872743,-112.459819,75.9,74.6,72.7
CSX,000144833,2015-04-06,12:00 PM,Side collision,0,DECATUR,AL,65,2,Day,Clear,Yard,Cut of cars,0,38730,0,42291,H302,34.615037,-86.984354,54.4,61.9,67.9
NS,151086,2022-10-08,4:30 PM,Derailment,1,SANDUSKY,OH,55,3,Dusk,Clear,Main,EMU,31,1768698,503572,2272270,E54L,41.437439,-82.686554,51.2,48.2,51.7
CSX,000139275,2014-12-23,7:00 AM,Derailment,0,JUNCTION CITY,GA,53,1,Dawn,Rain,Main,Freight Train,10,32679,12050,44729,M501,32.64587,-84.504597,49,54.8,58.4
CSX,000215356,2024-01-04,10:02 PM,Derailment,0,BAKERSVILLE,NC,16,4,Dark,Clear,Main,Freight Train,18,37235,46528,83763,E07C,35.930247,-82.117044,34.4,31.8,31.4
IHB,2324,2017-06-25,7:21 AM,Derailment,0,RIVERDALE,IL,68,1,Dawn,Clear,Yard,Yard/switching,5,11880,271,12151,H503,41.640763,-87.654244,67.6,64.1,63.2
PW,PWR440023A,2023-06-08,9:30 PM,Obstruction,0,WORCESTER,MA,52,4,Dark,Cloudy,Industry,Yard/switching,2,16000,0,16000,M404,42.248242,-71.807378,56.1,54.8,56.1
LI,72908,2020-08-18,11:00 PM,Raking collision,0,LONG ISLAND CITY,NY,72,4,Dark,Cloudy,Yard,Work train,4,0,17678,17678,M404,40.742118,-73.947426,72,74.2,71.7
CSX,000178591,2018-09-05,1:49 PM,Derailment,0,CLEVELAND,OH,93,2,Day,Clear,Yard,Freight Train,4,36732,56888,93620,H525,41.571338,-81.55684,80.2,83.4,76.4
UP,0615WH002,2015-06-05,11:20 AM,Derailment,0,ARKANSAS CITY,KS,90,2,Day,Clear,Yard,Freight Train,6,278,0,239732,H702,37.052879,-97.032871,79.1,78.8,80.4
LI,82924,2024-07-06,8:33 AM,Derailment,0,QUEENS VILLAGE,NY,71,2,Day,Clear,Yard,Passenger Train - Pulling,2,544629,60060,604689,H704,40.71699,-73.72877,77.1,77.4,80.8
NS,141234,2021-04-13,1:09 PM,Side collision,0,BELLEVUE,OH,55,2,Day,Clear,Yard,Single Car,0,30000,0,45000,H316,41.291944,-82.784808,52.9,54.8,51.8
MNCW,78130,2021-07-29,7:44 AM,Fire/violent rupture,0,CROTON ON HUDSON,NY,70,2,Day,Cloudy,Main,,0,0,0,23016,M406,41.18972,-73.88257,72.3,70.8,72.7
CWRO,201812,2018-02-20,11:55 AM,Derailment,0,CLEVELAND,OH,65,2,Day,Clear,Industry,Yard/switching,5,5000,7000,12000,T222,41.453544,-81.67415,49.5,67.8,45.7
LI,75957,2021-11-11,3:30 AM,Other impacts,0,NEW YORK NEW YORK,NY,48,4,Dark,Clear,Yard,EMU,2,15542,0,15542,E31C,40.755131,-74.004172,59,53.9,61.6
AGR,AGR913616,2016-07-25,9:30 PM,Derailment,0,KIMBROUGH,AL,86,4,Dark,Clear,Main,Freight Train,0,0,150,143461,M599,32.037852,-87.558033,84.3,83.8,80.3
NS,133648,2019-04-21,6:00 PM,Other impacts,0,MINGO JUNCTION,OH,57,3,Dusk,Cloudy,Yard,Yard/switching,5,3600,0,303570,H305,40.297051,-80.616662,54.7,48.9,54.5
PATH,I041918,2018-04-19,1:50 PM,Other impacts,0,JERSEY CITY,NJ,0,2,Day,Rain,Yard,Yard/switching,8,0,14211,14211,E69L,40.7236,-74.0548,45.6,44.2,42.9
UP,0717PR007,2017-07-06,12:28 AM,Other impacts,0,SOUTH HOLLAND,IL,68,4,Dark,Clear,Yard,Freight Train,3,13670,0,27099,H702,41.610482,-87.611334,76.4,79.8,76.7
NS,140135,2020-12-31,6:00 PM,Derailment,0,BELLEVUE,OH,28,3,Dusk,Clear,Yard,Cut of cars,0,169313,0,1639062,H508,41.297936,-82.760942,37.8,30.9,32
NS,140570,2021-02-11,3:20 AM,Derailment,0,BELLEVUE,OH,16,4,Dark,Snow,Yard,Yard/switching,5,64354,6468,70822,M404,41.288344,-82.801972,13.9,17.6,22.6
MRL,2016059,2016-05-16,10:20 AM,Derailment,0,MISSOULA,MT,50,2,Day,Cloudy,Main,Freight Train,25,40000,22000,62000,E46C,46.985177,-114.103655,53.7,54.4,57
CSX,000192869,2020-09-25,7:20 PM,Derailment,0,CINCINNATI,OH,70,3,Dusk,Clear,Industry,Yard/switching,4,289626,100,289726,H599,39.186286,-84.493804,64.8,65.3,67
BNSF,KS1023104,2023-10-06,11:28 AM,Derailment,0,KANSAS CITY,KS,52,2,Day,Clear,Yard,Yard/switching,8,4579,11957,16536,H316,39.085014,-94.692165,67.3,54.1,51.6
CSX,000210844,2023-04-17,9:14 AM,Hwy-rail crossing,0,NEWARK,NJ,68,2,Day,Fog,Main,Light loco(s),15,1369,0,13718,M304,40.709173,-74.145171,63.1,60.2,53
LI,76432,2022-01-29,9:45 AM,Hwy-rail crossing,0,FARMINGDALE,NY,15,2,Day,Snow,Main,EMU,50,386674,0,386674,M399,40.734309,-73.448192,31.6,20.7,18
CSX,000179431,2018-10-21,5:00 AM,Other impacts,0,FEURA BUSH,NY,44,4,Dark,Clear,Yard,Single Car,19,0,0,33654,M407,42.565903,-73.854184,53.3,41.8,41.7
MBTA,2023110,2023-09-10,12:07 PM,Fire/violent rupture,0,BELMONT,MA,73,2,Day,Clear,Main,Passenger Train - Pulling,0,27187,0,27187,E71L,42.231622,-71.112464,74.2,70.6,70.4
LI,78081,2022-09-24,8:45 PM,Other (describe in narrative),0,ALBERTSON,NY,68,4,Dark,Clear,Main,Passenger Train - Pushing,35,45404,0,45404,M599,40.771367,-73.641641,58,59.4,65.9
ATK,172181,2022-09-28,10:00 AM,Derailment,0,TRENTON,NJ,50,2,Day,Clear,Main,,0,0,3182577,3182577,E69C,40.206562,-74.769451,62.2,58.6,58.3
WE,230058,2023-08-18,2:45 AM,Derailment,0,MEDINA,OH,65,4,Dark,Clear,Yard,Freight Train,3,26040,1681,27721,E85C,41.017716,-81.731099,68.5,65,64.4
NS,115492,2015-05-01,9:35 PM,Derailment,0,IRONDALE,AL,68,4,Dark,Clear,Yard,Light loco(s),5,27098,3287,30385,T215,33.548905,-86.678008,63,60.3,62.5
UP,1216SL002,2016-12-05,12:44 PM,Obstruction,0,BRIGHTON,IL,46,2,Day,Clear,Siding,Spec. MoW Equip.,0,90000,0,130100,H307,39.056424,-90.122215,37.9,37.9,37.6
CSX,000186343,2019-11-01,11:50 AM,Other impacts,0,KENTON,OH,39,2,Day,Cloudy,Main,Freight Train,5,11778,0,12293,E08C,40.637239,-83.598274,45.3,35,38.8
NS,115319,2015-04-18,4:05 PM,Side collision,0,BELLEVUE,OH,65,3,Dusk,Clear,Yard,Yard/switching,5,1100,0,19500,H399,41.288346,-82.803539,60.2,60.1,56.6
ATK,166702,2021-03-25,12:40 AM,Obstruction,0,NEWARK,NJ,50,4,Dark,Rain,Main,Spec. MoW Equip.,5,16003,0,32006,H699,40.715136,-74.177267,52,57.1,64.2
MNCW,2017020921,2017-02-09,7:42 AM,Derailment,0,PORT JERVIS,NY,24,1,Dawn,Snow,Yard,,0,0,0,29909,M101,41.375532,-74.69545,39.9,24.1,21.3
BEAR,BER693124D,2024-02-07,9:15 PM,Derailment,0,JOHNSONVILLE,NY,35,4,Dark,Cloudy,Main,Freight Train,25,606786,0,606786,M505,43.903301,-73.560067,26.3,30.1,35.5
BNSF,KS0322101,2022-03-02,4:19 PM,Derailment,0,KANSAS CITY,KS,70,2,Day,Clear,Yard,Yard/switching,10,33916,61974,95890,M407,39.085044,-94.685996,54.3,59.4,48.7
CSX,000156127,2016-01-17,1:50 AM,Side collision,0,SELKIRK,NY,29,4,Dark,Cloudy,Yard,Yard/switching,4,6899,0,18985,H316,42.565903,-73.854184,34.5,30.7,20
ALS,0723AS001,2023-07-01,11:26 AM,Derailment,0,EAST ST LOUIS,IL,83,2,Day,Clear,Yard,,0,0,19456,71976,H503,38.583865,-90.13557,83,77.9,75.1
UP,0523HL031,2023-05-25,11:34 AM,Derailment,0,KANSAS CITY,KS,74,2,Day,Clear,Yard,Yard/switching,3,17185,0,100760,M203,39.097463,-94.665905,71,73.9,70.6
CSX,000184040,2019-07-10,8:33 PM,Side collision,0,INDIANAPOLIS,IN,85,4,Dark,Clear,Yard,Light loco(s),8,17920,0,143401,H306,39.759791,-86.327526,77.6,82.1,79.4
CSX,000140502,2015-01-24,2:32 AM,Side collision,0,MOBILE,AL,40,4,Dark,Clear,Yard,Yard/switching,4,1121,126,23743,H318,30.712991,-88.046871,49.3,45.8,51.9
NS,143158,2021-10-05,5:08 AM,Other impacts,0,ATTICA,NY,65,1,Dawn,Clear,Siding,Light loco(s),0,33,0,100033,H210,42.859365,-78.269313,64,61.1,62.2
NS,157066,2024-06-14,1:00 AM,Derailment,0,MERIDIAN,MS,80,4,Dark,Clear,Yard,Yard/switching,6,6661,19495,26156,H702,32.353376,-88.732101,76.8,80.4,83.6
NYA,NYA00107F,2023-09-18,9:05 PM,Other (describe in narrative),0,FARMINGDALE,NY,70,4,Dark,Clear,Main,Freight Train,26,1500,0,107230,E85C,40.735285,-73.444017,66.8,68,66.8
CSX,000179971,2018-11-20,8:45 AM,Side collision,0,JEFFERSON,GA,45,2,Day,Clear,Main,Freight Train,4,10642,0,21794,E08C,34.141665,-83.636639,52.1,52.3,44.4
CSX,000180735,2019-01-12,9:49 PM,Side collision,0,SELKIRK,NY,5,4,Dark,Clear,Yard,Single Car,9,2071,0,16696,H302,42.565903,-73.854184,15.4,16.9,14.7
CSX,000163025,2016-09-21,11:00 AM,Derailment,0,WALBRIDGE,OH,84,2,Day,Clear,Yard,Cut of cars,5,14938,50,14988,M411,41.586779,-83.537302,71,72,74.4
NS,128583,2018-02-20,8:05 AM,Other impacts,0,ELKHART,IN,52,2,Day,Clear,Yard,Yard/switching,4,16032,0,31964,M411,41.67736,-85.978495,47,58.5,33.5
LI,80359,2023-08-03,11:13 AM,Derailment,0,JAMAICA,NY,79,2,Day,Clear,Main,EMU,54,1505056,2171933,3676989,S099,40.704995,-73.787789,71.1,72.1,72.6
MRL,2018058,2018-04-22,11:30 AM,Derailment,0,MISSOULA,MT,55,2,Day,Cloudy,Yard,Yard/switching,10,90000,0,90000,H601,46.886799,-114.013767,46.2,45,45
UP,0321MA044,2021-03-24,10:30 AM,Derailment,0,SHREVEPORT,LA,62,2,Day,Clear,Main,Freight Train,15,196809,5826,209385,H603,32.512839,-93.743296,67,65.1,67.5
CMQX,032015,2015-03-28,10:15 AM,Derailment,0,BROWNVILLE,ME,25,2,Day,Clear,Main,Freight Train,10,6160,22500,28660,E64C,45.307069,-69.03339,36.1,28.5,25.6
ATK,135259,2014-11-18,7:00 AM,Other (describe in narrative),0,NORTH BERGEN,NJ,30,1,Dawn,Cloudy,Main,Passenger Train - Pulling,90,21849,0,21849,E78L,40.772612,-74.044225,44.1,31.7,27.7
CSX,000175940,2018-04-21,4:27 AM,Other impacts,0,CINCINNATI,OH,68,1,Dawn,Clear,Yard,Single Car,6,15015,100,16286,S014,37.850351,-84.256836,47.6,49.7,54.9
CSX,000202512,2022-01-20,12:30 AM,Derailment,0,BUFFALO,NY,19,4,Dark,Cloudy,Yard,Yard/switching,10,127923,2066,129989,M101,42.901926,-78.773366,35.9,14.5,9.3
NS,129141,2018-04-13,3:45 AM,Derailment,0,BELLEVUE,OH,48,4,Dark,Clear,Yard,Yard/switching,3,1000,2400,21500,H99E,41.288306,-82.801342,60.2,54.4,43
BNSF,SW0921108,2021-09-07,11:00 PM,Derailment,0,GALLUP,NM,52,4,Dark,Clear,Yard,Yard/switching,4,93879,0,94229,H318,35.512064,-108.799959,67,67.2,72.1
NS,116434,2015-07-09,8:26 AM,Other impacts,0,BELLEVUE,OH,70,2,Day,Rain,Yard,Cut of cars,0,13000,0,14444,H306,41.288346,-82.803539,64.5,68,68.4
CSX,000177046,2018-06-17,7:28 AM,Other impacts,0,CINCINNATI,OH,85,1,Dawn,Clear,Yard,Cut of cars,14,40109,6982,47091,E09C,39.124551,-84.542521,77.6,81.6,83.4
BPRR,BPR425220D,2020-05-18,10:50 PM,Derailment,0,EAST AURORA,NY,59,4,Dark,Cloudy,Main,Freight Train,34,500000,15195,515195,H703,42.767747,-78.612194,55.6,56.7,61.4
MNCW,75886,2021-11-04,10:42 AM,Obstruction,0,BEACON,NY,47,2,Day,Cloudy,Main,Spec. MoW Equip.,0,4462,0,12184,H607,41.497942,-73.983384,39.2,35.9,35.7
GRW,02,2018-01-16,3:15 AM,Derailment,0,GARY,IN,5,4,Dark,Snow,Industry,Yard/switching,5,14410,2199,16609,H305,41.613259,-87.330446,16.3,12.9,12
WE,170070,2017-06-05,2:30 AM,Derailment,0,AKRON,OH,61,4,Dark,Clear,Yard,Yard/switching,5,1825,17373,19198,H702,41.065216,-81.444385,71.3,67.3,60.4
NOPB,D20190113E,2019-01-13,7:00 PM,Derailment,0,NEW ORLEANS,LA,48,3,Dusk,Clear,Main,Freight Train,5,460000,4660,477505,E46L,30.002793,-90.02831,61.5,49.1,43.8
LI,EQ20170702,2017-07-18,5:16 AM,Derailment,0,LONG BEACH,NY,73,1,Dawn,Clear,Yard,EMU,5,238027,0,238027,H607,40.593698,-73.663396,77.5,78.6,81.4
BNSF,KS1117113,2017-11-24,8:50 PM,Derailment,0,KANSAS CITY,KS,65,3,Dusk,Cloudy,Yard,Yard/switching,5,87161,15500,102661,M599,39.086725,-94.680657,47.6,61.8,50.1
CSX,000217791,2024-05-03,10:00 PM,Side collision,0,CUMBERLAND,MD,55,4,Dark,Rain,Yard,Yard/switching,4,6923,227,183063,H702,39.644507,-78.760868,70.1,66.8,55
NS,123714,2017-01-26,11:40 AM,Other impacts,0,AMHERST,OH,36,2,Day,Rain,Yard,Spec. MoW Equip.,10,40000,0,40009,M599,41.405801,-82.271138,41.6,36.3,30.6
BNSF,MT0722102,2022-07-05,4:19 PM,Other (describe in narrative),0,CUSTER,MT,81,2,Day,Clear,Main,Freight Train,39,0,20000,20000,H202,46.131635,-107.555007,70.7,71.9,74.4
BNSF,SW0221101,2021-02-04,6:47 AM,Derailment,0,GRANTS,NM,36,1,Dawn,Clear,Main,Freight Train,50,132890,43000,175890,E33C,35.140014,-107.832036,45.8,37.5,32.9
CSX,000155580,2015-12-29,11:27 PM,Side collision,0,NEW YORK,NY,34,4,Dark,Cloudy,Industry,Cut of cars,4,11246,0,22637,H307,40.811928,-73.898171,40.3,40.4,43.2
CSX,000174140,2018-01-16,6:00 PM,Other impacts,0,BIRMINGHAM,AL,40,3,Dusk,Clear,Yard,Cut of cars,3,1800,0,32633,H018,33.543607,-86.790089,38.2,29.2,18.4
UP,0315ST003,2015-03-02,12:54 PM,Fire/violent rupture,0,THREE RIVERS,NM,51,2,Day,Cloudy,Main,Freight Train,15,126091,0,126091,M406,33.321658,-106.074962,54.2,51,49.8
CSX,000219708,2024-08-01,12:15 PM,Derailment,0,WALBRIDGE,OH,90,2,Day,Clear,Yard,Yard/switching,9,11747,25052,36799,S011,41.589911,-83.496929,81.9,81.3,75.6
WE,170101,2017-09-07,6:46 AM,Derailment,0,STREETSBORO,OH,46,4,Dark,Clear,Industry,Cut of cars,10,7084,5353,12437,H020,41.24602,-81.373795,59.4,55.5,58.9
UP,0624RM017,2024-06-21,6:17 PM,Derailment,0,BLACKFOOT,ID,84,3,Dusk,Clear,Industry,Freight Train,5,13902,1760,15662,H210,43.208319,-112.388775,61.7,67,71.5
IHB,2573,2020-01-08,10:40 AM,Derailment,0,EAST CHICAGO,IN,31,2,Day,Clear,Yard,Yard/switching,6,22500,3500,26000,T220,41.654155,-87.442514,32.9,22.3,39
BNSF,PR0817106,2017-08-06,3:49 PM,Derailment,0,DENVER,CO,77,2,Day,Cloudy,Yard,Yard/switching,4,13262,3300,18685,H318,39.775915,-104.981068,68,62.9,59.4
NS,123520,2017-01-11,2:11 PM,Hwy-rail crossing,0,DAYTON,OH,52,2,Day,Rain,Main,Freight Train,27,241,11313,11554,M303,39.742761,-84.208542,41.1,44.6,53.3
KO,IN200310,2020-03-10,3:00 AM,Derailment,0,GREAT BEND,KS,34,4,Dark,Fog,Industry,Freight Train,5,3000,18000,46000,H306,38.364087,-98.682307,46.7,44.1,54.9
MNCW,78612,2022-12-09,12:40 AM,Side collision,0,PORT JERVIS,NY,45,4,Dark,Clear,Yard,,0,0,8640,85578,H607,41.378469,-74.698418,45.9,33.7,28.9
NJTR,201707226,2017-06-22,3:45 AM,Derailment,0,HOBOKEN,NJ,70,4,Dark,Clear,Yard,Yard/switching,0,2570,11429,13999,H399,40.734618,-74.034538,77.4,76.2,80
IC,1029697,2020-03-14,5:05 PM,Side collision,0,MARKHAM,IL,32,2,Day,Cloudy,Yard,Single Car,3,9500,0,12000,H318,41.595022,-87.650822,41.8,36.3,35.2
CSX,000172307,2017-10-19,11:00 AM,Other impacts,0,RAVENNA,OH,60,2,Day,Clear,Main,Spec. MoW Equip.,15,11412,32,29436,H997,41.151809,-81.157605,54,57.6,55.4
ATK,153234,2018-05-12,4:15 PM,Derailment,0,LONG ISLAND CITY,NY,59,2,Day,Cloudy,Yard,Light loco(s),5,170000,0,170000,H017,40.744679,-73.94854,65.2,56.7,53.1
MNCW,2019147,2019-09-26,6:49 PM,Other (describe in narrative),0,NEW HAVEN,CT,75,2,Day,Clear,Main,EMU,16,0,20105,20105,H605,41.30365,-72.92255,67.2,66.3,63.8
CSX,000203694,2021-11-03,12:30 PM,Derailment,0,UTICA,NY,60,2,Day,Clear,Industry,,0,0,64,30064,H212,43.103091,-75.217538,40.4,38.3,36.4
DMVW,DM221018A,2022-10-18,8:20 PM,Hwy-rail crossing,0,WESTBY,MT,46,4,Dark,Clear,Industry,Freight Train,3,30000,0,30000,M302,48.872946,-104.051468,39.5,43,51.6
NS,145311,2022-05-20,4:00 AM,Other impacts,0,LINWOOD,NC,72,1,Dawn,Cloudy,Yard,Single Car,2,400,0,19413,H312,35.74086,-80.330498,76.9,78.4,75.3
MNCW,2018030317,2018-03-03,9:10 AM,Other impacts,0,BREWSTER,NY,40,2,Day,Clear,Yard,Cut of cars,2,1621,59210,60831,H509,41.407265,-73.62241,36.3,37,36.6
BNSF,PR1115111,2015-11-26,7:44 PM,Other (describe in narrative),0,ALLIANCE,NE,19,3,Dusk,Snow,Main,Freight Train,5,0,15000,15000,H605,42.094295,-102.880032,26.6,18.4,19.9