reportingrailroadcode,accidentnumber,date,time,accidenttype,hazmatreleasedcars,station,stateabbr,temperature,visibility_code,visibility,weathercondition,tracktype,equipmenttype,trainspeed,equipmentdamagecost,trackdamagecost,totaldamagecost,primaryaccidentcausecode,latitude,longitude,prior_temp,actual_temp,following_temp
BNSF,NE1115111,2015-11-26,5:55 PM,Derailment,0,LINCOLN,NE,27,3,Dusk,Sleet,Yard,Yard/switching,5,3989,200000,203989,M202,40.808022,-96.740978,49.9,31.9,22.6
BNSF,NE0715114,2015-07-27,12:59 AM,Derailment,0,LINCOLN,NE,80,4,Dark,Clear,Main,Yard/switching,10,5624,74000,79624,E46C,40.810504,-96.714961,81.6,83.5,81.1
CP,1000556096,2017-05-11,5:50 AM,Other impacts,0,KANSAS CITY,MO,65,4,Dark,Cloudy,Yard,Yard/switching,8,138,0,11903,H602,39.1289,-94.419299,73.5,66.2,66.2
CSX,000174514,2018-02-05,11:15 AM,Other (describe in narrative),0,UTICA,NY,19,2,Day,Cloudy,Main,Freight Train,50,23000,50,23050,E72L,43.110435,-75.25073,30.7,17.7,16.5
BAYL,BAY896724D,2024-02-12,1:00 PM,Derailment,0,COTTONDALE,FL,95,2,Day,Clear,Siding,Freight Train,7,3000,11250,14250,H703,30.77863,-85.380021,67.1,66.6,52.4
WE,180056,2018-06-09,8:35 AM,Other (describe in narrative),0,AKRON,OH,69,2,Day,Cloudy,Yard,Single Car,0,15000,336,15336,M502,41.065244,-81.450616,73.3,70.4,68.8
BNSF,TC1223115,2023-12-31,9:52 PM,Derailment,0,MINNEAPOLIS,MN,28,4,Dark,Snow,Yard,Yard/switching,12,18166,0,18166,M407,45.03405,-93.271876,28.6,26.4,23.2
CSX,000178989,2018-09-28,6:00 AM,Raking collision,0,SELKIRK,NY,52,1,Dawn,Rain,Yard,Yard/switching,8,23757,100,23857,M407,42.565903,-73.854184,59.5,56.4,57.2
UP,0424GP009,2024-04-14,2:46 PM,Derailment,0,CHAPPELL,NE,77,2,Day,Clear,Main,Freight Train,68,2440966,380993,2821959,E64C,41.091499,-102.472669,60.6,61.4,65.6
NS,131863,2018-11-29,8:35 PM,Hwy-rail crossing,0,WARSAW,IN,34,4,Dark,Clear,Main,Freight Train,18,16,40411,40427,M308,41.28471,-85.85032,22.4,29.5,32.4
PATH,I081115,2015-08-11,4:55 AM,Obstruction,0,NEWARK,NJ,70,4,Dark,Clear,Main,EMU,30,0,1300000,1300000,M599,40.735657,-74.172366,74.8,75.2,77.5
CSX,000172738,2017-11-08,2:06 AM,Derailment,0,SELKIRK,NY,31,4,Dark,Clear,Yard,Cut of cars,5,43151,8442,51593,H316,42.565903,-73.854184,38.9,34.3,36.5
MNCW,2018101216,2018-10-12,8:40 AM,Derailment,0,NEW HAVEN,CT,61,2,Day,Clear,Yard,,0,0,0,15505,H799,41.38868,-72.86089,72.9,60.8,51
NS,120277,2016-04-27,6:20 AM,Derailment,0,SAINT BERNARD,OH,62,1,Dawn,Clear,Yard,Single Car,0,460,9414,65457,H306,39.143378,-84.543969,68.6,57.7,64.6
UP,0623GC030,2023-06-25,7:14 AM,Other impacts,0,MARINGOUIN,LA,77,2,Day,Clear,Yard,Single Car,5,61576,0,62880,M411,30.525438,-91.552401,82.7,86,82.5
NS,153141,2023-05-21,2:45 PM,Hwy-rail crossing,0,MADISON,MO,70,2,Day,Clear,Main,Freight Train,47,1538000,206444,1744444,M308,39.477669,-92.167301,58.7,63.9,66.4
UP,1120GL003,2020-11-06,6:35 PM,Derailment,0,COLUMBUS,NE,68,3,Dusk,Cloudy,Yard,Freight Train,4,14734,30588,45322,H523,41.427635,-97.365302,54.1,56.8,64.5
NS,117190,2015-09-01,4:50 AM,Derailment,0,KEARNY,NJ,71,1,Dawn,Cloudy,Industry,Freight Train,5,24551,500,25051,H306,40.753026,-74.118819,83.1,81,80.2
CSX,000180577,2019-01-02,8:20 PM,Other impacts,0,WAYCROSS,GA,29,4,Dark,Clear,Yard,Cut of cars,8,0,0,73884,M411,31.213524,-82.353588,69.7,64.6,65.9
WE,190112,2019-12-07,4:05 PM,Derailment,0,BREWSTER,OH,35,2,Day,Clear,Yard,Yard/switching,6,55000,0,55000,H318,40.714603,-81.606931,37.2,28.8,38.7
NJTR,202106241,2021-06-05,12:08 PM,Other (describe in narrative),0,DENVILLE,NJ,90,2,Day,Clear,Main,Commuter Train - Pulling,55,16538,0,16538,M199,40.884241,-74.542749,70,76.9,80.8
SAPT,SAP446419,2019-07-16,12:30 PM,Hwy-rail crossing,0,GARDEN CITY,GA,98,2,Day,Clear,Yard,Light loco(s),10,17000,0,17000,M302,32.11535,-81.146335,86.3,87.1,87.3
CUOH,CUO814821D,2021-06-27,6:00 PM,Derailment,0,NEWARK,OH,85,2,Day,Clear,Main,Freight Train,6,10232,4535,14767,M203,40.061078,-82.350753,79.3,81.4,79.6
ATN,ATN151193,2015-07-30,9:25 AM,Side collision,0,BESSEMER,AL,80,2,Day,Clear,Yard,,0,0,0,0,H020,33.34873,-86.471598,81.3,84.3,81.3
NS,146456,2022-09-10,3:49 AM,Derailment,0,PORT DICKINSON,NY,65,4,Dark,Fog,Yard,Freight Train,8,6000,23556,29556,H306,42.098692,-75.856888,65.2,66.6,63.1
NS,115184,2015-04-09,1:25 AM,Derailment,0,IRONDALE,AL,64,4,Dark,Clear,Yard,Yard/switching,0,700,0,20175,H021,33.548905,-86.678008,71.6,75,69.2
CSX,000141979,2015-02-20,1:30 AM,Side collision,0,BIRMINGHAM,AL,21,4,Dark,Cloudy,Yard,Yard/switching,2,80703,0,209853,H020,33.513495,-86.803837,22.3,27.1,50.7
RJCW,RJCW2401,2024-01-23,12:05 PM,Derailment,0,GREENVILLE,OH,43,1,Dawn,Clear,Main,Freight Train,8,121400,76500,197900,T222,40.0626,-84.6394,27.4,38.5,49.6
NJTR,201907405,2019-07-19,1:00 PM,Derailment,0,HOBOKEN,NJ,93,2,Day,Clear,Yard,Light loco(s),5,12480,424,12904,H702,40.735178,-74.027609,75.1,81.4,89
NS,123856,2017-02-06,2:52 AM,Other (describe in narrative),0,CLEVELAND,OH,25,4,Dark,Cloudy,Main,Freight Train,11,15000,0,15000,E21C,41.428763,-81.816004,34.8,37.7,53.2
NS,146184,2022-08-14,6:00 PM,Other impacts,0,LOUISVILLE,KY,82,3,Dusk,Cloudy,Yard,Single Car,0,100,0,11364,H302,38.263516,-85.801423,73.6,76.1,76.1
ATK,139911,2015-11-06,2:00 PM,Hwy-rail crossing,0,BIRMINGHAM,AL,78,2,Day,Clear,Main,Passenger Train - Pulling,44,62082,0,62082,M308,33.413958,-86.939731,72.2,73.5,62.4
UP,1023HL004,2023-10-05,6:41 AM,Derailment,0,HERINGTON,KS,49,1,Dawn,Clear,Main,Freight Train,6,96391,137584,233975,H519,38.695353,-96.949428,64.4,62.3,51.4
BNSF,HL0920108,2020-09-15,3:50 AM,Derailment,0,OMAHA,NE,60,4,Dark,Clear,Yard,,0,0,298089,529060,T221,41.25439,-95.921587,66.3,69.9,67.8
ATK,144798,2016-10-21,2:13 PM,Derailment,0,ALBANY,NY,68,2,Day,Rain,Main,Work train,10,10781,800,11581,M599,42.64434,-73.740919,51.8,63.8,44.4
CSX,000189214,2020-03-19,4:44 AM,Side collision,0,SELKIRK,NY,39,1,Dawn,Rain,Yard,Single Car,7,145,0,11723,H995,42.565903,-73.854184,43,43.2,51.9
BRC,14328,2019-12-26,1:30 PM,Raking collision,0,CHICAGO,IL,50,2,Day,Clear,Industry,Cut of cars,0,14816,0,29632,H302,41.837659,-87.73864,49.9,53.8,35.1
CSX,000160834,2016-06-24,12:44 AM,Other impacts,0,MONTGOMERY,AL,72,4,Dark,Clear,Yard,Yard/switching,4,9235,0,12295,H018,32.399134,-86.317858,81.3,83.3,86
NS,151382,2022-11-05,5:02 AM,Derailment,0,LOUISVILLE,KY,52,1,Dawn,Clear,Yard,Light loco(s),4,100000,0,100000,H303,38.263516,-85.801424,66.2,68.5,61
NS,133044,2019-02-28,4:30 PM,Derailment,0,LUCASVILLE,OH,40,3,Dusk,Clear,Main,Freight Train,14,261821,668074,929895,E62C,38.888034,-82.997313,44.7,36.3,35.2
CSX,000151331,2015-08-26,4:48 AM,Side collision,0,CINCINNATI,OH,62,4,Dark,Clear,Yard,Single Car,6,11507,0,11507,S016,39.104323,-84.542438,63.6,65.6,66.5
ATK,181363,2024-04-29,2:33 AM,Obstruction,0,RAVENNA,OH,0,4,Dark,Clear,Main,Passenger Train - Pulling,57,38270,0,38270,M404,41.148834,-81.253213,70.7,70,61.7
CSX,000212127,2023-07-06,6:06 AM,Side collision,0,ROCKY MOUNT,NC,74,1,Dawn,Clear,Yard,Yard/switching,0,41020,0,41182,H310,35.917687,-77.805567,79.4,78.5,78.2
BNSF,TC0918110,2018-09-22,7:01 AM,Obstruction,0,SARTELL,MN,40,1,Dawn,Clear,Main,Freight Train,50,11000,0,11000,M402,45.621112,-94.200243,51.4,51,59.3
IC,1136452,2023-07-15,9:10 PM,Side collision,0,WAMAC,IL,79,4,Dark,Clear,Yard,Yard/switching,3,13804,0,14104,H310,38.505818,-89.145699,81.6,77.2,76.2
CSX,000162087,2016-08-13,6:50 PM,Side collision,0,SELKIRK,NY,89,2,Day,Clear,Yard,Yard/switching,7,80158,105039,359659,H306,42.565903,-73.854184,79.1,79.1,77.5
LI,81583,2024-01-04,5:31 PM,Hwy-rail crossing,0,WYANDANCH,NY,37,4,Dark,Clear,Main,EMU,67,19122,0,19122,M399,40.753504,-73.363708,36.7,38.6,31.2
NS,157838,2024-08-26,9:00 AM,Other impacts,0,IRONDALE,AL,75,2,Day,Clear,Yard,Spec. MoW Equip.,0,10000,0,37222,H402,33.555373,-86.683972,79.9,80.1,82.2
NS,124104,2017-02-25,8:25 PM,Other impacts,0,BELLEVUE,OH,28,4,Dark,Clear,Yard,Yard/switching,5,10000,2755,37755,H706,41.274423,-82.83357,59.8,38.2,32.6
CSX,000150858,2015-08-19,11:09 AM,Side collision,0,COLUMBUS,OH,86,2,Day,Clear,Industry,Yard/switching,5,75656,0,110211,H302,39.892803,-82.958421,74.9,75.8,70.8
IHB,2053,2015-01-03,6:45 PM,Derailment,0,RIVERDALE,IL,30,4,Dark,Rain,Yard,Yard/switching,5,16424,2625,19049,T220,41.639261,-87.652638,27.3,33.7,24.9
NS,128155,2018-01-16,1:55 PM,Derailment,0,TRENTON,GA,29,2,Day,Snow,Siding,Freight Train,9,88,29697,29785,M101,34.878769,-85.50249,34.4,26.7,16.1
UP,0317DV042,2017-03-31,12:16 AM,Derailment,0,FORT RILEY,KS,45,4,Dark,Cloudy,Industry,Yard/switching,6,81,61000,61081,H307,39.083977,-96.763374,44.7,46.8,47
NS,138393,2020-07-02,2:30 AM,Other impacts,0,BELLEVUE,OH,67,4,Dark,Clear,Yard,Single Car,0,7764,0,34520,H312,41.289407,-82.792543,75.5,77.3,78.9
NS,124919,2017-05-03,12:55 AM,Derailment,0,SLOAN,NY,48,4,Dark,Cloudy,Yard,Yard/switching,2,21658,100,21758,M405,42.882771,-78.819282,48.7,46.9,46.1
UP,0919PR019,2019-09-30,9:20 AM,Derailment,0,MELROSE PARK,IL,71,2,Day,Cloudy,Yard,Freight Train,10,31458,13391,44849,E40C,41.895715,-87.888906,63.2,75.2,79.1
GTW,992038,2019-03-22,11:35 AM,Other impacts,0,TOLEDO,OH,42,2,Day,Cloudy,Yard,Yard/switching,8,17447,0,17447,H318,41.708017,-83.503293,42.6,39.1,36.3
BNSF,CH0218103,2018-02-10,4:30 AM,Derailment,0,WILLOW SPRINGS,IL,17,1,Dawn,Snow,Yard,Yard/switching,3,1600,14000,15600,H307,41.752766,-87.864404,25.3,20.3,19.8
CSX,000148709,2015-07-03,8:30 AM,Derailment,0,WALBRIDGE,OH,73,2,Day,Clear,Yard,Cut of cars,4,22150,100,22250,M411,41.586402,-83.538082,67,65.6,67.6
NJTR,202108331,2021-07-07,9:30 PM,Hwy-rail crossing,0,MT OLIVE,NJ,73,4,Dark,Clear,Main,Commuter Train - Pulling,45,61213,0,61213,M303,40.909956,-74.744203,77.4,79.7,76.3
BNSF,TC0315116,2015-03-13,10:55 AM,Derailment,0,BROOKSTON,MN,45,2,Day,Clear,Main,Freight Train,40,6500,24745,31245,E53C,46.827665,-92.554843,38.3,40.4,43.1
CIND,CIN462620R,2020-06-23,12:30 PM,Derailment,0,CINCINNATI,OH,80,2,Day,Cloudy,Main,Freight Train,10,219829,0,238774,E40C,39.248746,-84.81562,75.7,73.7,70.6
KCS,17010602,2017-01-06,6:25 PM,Derailment,0,ASBURY,MO,6,4,Dark,Clear,Main,Freight Train,9,303814,1408649,1712463,E61C,37.28441,-94.609626,17.8,12.6,19.4
NIRC,9419000386,2021-08-05,7:25 PM,Other (describe in narrative),0,CHICAGO,IL,83,3,Dusk,Clear,Yard,EMU,5,19199,2071,21270,H702,41.673211,-87.615135,75,77.1,76.6
NIRC,9419000975,2022-08-06,9:15 AM,Derailment,0,BLUE ISLAND,IL,91,2,Day,Clear,Main,Commuter Train - Pulling,11,8716,16626,25342,H602,41.65578,-87.67688,79.2,83.4,79.3
KCS,22041001,2022-04-10,5:11 AM,Obstruction,0,ANACOCO,LA,60,4,Dark,Clear,Main,Freight Train,15,0,28645,28645,M404,31.184097,-93.288842,59.2,68.9,72
UP,0424GP012,2024-04-16,2:50 AM,Derailment,0,KEARNEY,NE,66,4,Dark,Rain,Main,Freight Train,59,27301,81137,108438,M105,40.720529,-98.968209,69.2,57,57.6
ATK,172432,2022-10-19,11:42 AM,Hwy-rail crossing,0,ROWLAND,NC,57,2,Day,Clear,Main,Passenger Train - Pulling,79,5074,0,30080,M308,34.537122,-79.292452,54.7,45.7,48.2
ATK,167896,2021-07-29,7:44 AM,Other (describe in narrative),0,CROTON ON HUDSON,NY,70,2,Day,Cloudy,Main,Passenger Train - Pulling,0,23016,0,23016,M406,41.18972,-73.88257,72.3,70.8,72.7
MRL,2020106,2020-11-05,7:50 PM,Other impacts,0,MISSOULA,MT,50,4,Dark,Clear,Yard,Cut of cars,0,4100,0,35760,H302,46.896413,-114.032703,43.6,51.9,47.7
NS,134862,2019-07-25,5:45 PM,Derailment,0,CHICAGO,IL,77,2,Day,Clear,Yard,,0,0,17287,17446,H306,41.820727,-87.670097,72,74.9,76.9
BNSF,SF0315126,2015-03-26,10:30 AM,Derailment,0,BLUE SPRINGS,MS,63,2,Day,Clear,Siding,Freight Train,3,13865,2300,16165,E02C,34.417039,-88.919757,63.9,59.3,43.7
MQT,MQT280719D,2019-12-18,11:44 AM,Derailment,0,LUDINGTON,MI,9,2,Day,Snow,Yard,Yard/switching,6,3346,15300,18646,T220,43.949684,-86.419676,26.8,15.6,24
BNSF,TC0216106,2016-02-10,3:40 PM,Derailment,0,FRIDLEY,MN,8,2,Day,Clear,Yard,Light loco(s),4,500,15133,15633,H307,45.04667,-93.273686,11,7.9,9.8
RALI,RAI561620,2020-02-29,9:45 PM,Side collision,0,LIVONIA,LA,52,4,Dark,Clear,Yard,Cut of cars,0,31956,0,63912,H702,30.533435,-91.562578,49.3,54.7,59.7
MNA,821418D,2018-10-15,1:45 AM,Derailment,0,JOPLIN,MO,37,4,Dark,Cloudy,Industry,Freight Train,7,127000,41000,168000,T220,37.080406,-94.506155,52,40.1,44.7
NS,126950,2017-10-09,3:33 PM,Derailment,0,CHICAGO,IL,72,2,Day,Clear,Yard,Freight Train,3,3425,8565,11990,H702,41.780205,-87.628943,66.4,66.6,62.2
DMVW,OAN81823,2023-08-18,1:10 PM,Obstruction,0,NAPOLEON,ND,78,2,Day,Clear,Industry,Light loco(s),10,7550,28636,36186,M404,46.504137,-99.772161,62.3,72.2,70.6
MRL,2020051,2020-05-27,4:15 PM,Obstruction,0,PLAINS,MT,80,2,Day,Clear,Main,Freight Train,9,0,0,40000,H499,47.522141,-114.994209,45.6,49,55.1
UP,0916TC001,2016-09-01,9:50 PM,Other impacts,0,ST PAUL,MN,60,4,Dark,Clear,Yard,Yard/switching,5,68756,53336,130046,E49C,44.938588,-93.049276,67.4,66,65
NS,121683,2016-08-16,1:00 AM,Derailment,0,HANNIBAL,MO,70,4,Dark,Cloudy,Main,Freight Train,8,12600,1307,13907,H702,39.687748,-91.387157,70.4,76.8,78.4
IC,911530,2017-01-20,4:25 AM,Derailment,0,JOHNSTON CITY,IL,52,4,Dark,Rain,Main,Freight Train,12,70000,242542,312542,H599,37.852174,-88.731139,47.9,55.3,57.6
CSX,000140850,2015-02-02,6:15 AM,Other impacts,0,ROCKY MOUNT,NC,54,1,Dawn,Rain,Yard,Cut of cars,2,6853,0,14362,H018,35.931645,-77.799742,44,51.5,32
LIRC,1218201901,2019-12-18,5:06 PM,Hwy-rail crossing,0,SELLERSBURG,IN,32,2,Day,Clear,Main,Freight Train,43,1500,13500,15000,M304,38.3709,-85.7462,34.7,26.7,30.6
CSX,000177547,2018-07-12,2:21 PM,Derailment,0,LEONIA,NJ,85,2,Day,Clear,Yard,Freight Train,9,16245,500,16745,T217,40.863231,-73.995971,80.4,76.2,76.9
WC,1010604,2019-08-27,5:21 AM,Derailment,0,GARY,IN,71,4,Dark,Cloudy,Yard,Yard/switching,4,1744,50197,51941,M411,41.627963,-87.421748,70.9,72.3,67.6
UP,0922GC025,2022-09-29,7:21 PM,Derailment,0,MARINGOUIN,LA,65,3,Dusk,Clear,Yard,Cut of cars,0,54851,0,329361,E39C,30.532596,-91.559239,68.8,62.3,63.8
NS,144643,2022-03-05,2:45 AM,Derailment,0,PERRYMAN,MD,32,4,Dark,Clear,Main,Freight Train,30,828121,0,2665230,E61C,39.556704,-76.078292,30,40,55.1
NS,139026,2020-08-31,5:40 PM,Derailment,0,ELKHART,IN,76,3,Dusk,Clear,Yard,Cut of cars,0,3354,0,635196,H504,41.67736,-85.978495,65.1,69.3,72.3
NS,144559,2022-03-02,12:51 AM,Other impacts,0,LOUISVILLE,KY,40,4,Dark,Clear,Yard,Single Car,4,77745,0,129945,H312,38.263516,-85.801423,53.7,57.6,52
UP,0216CB014,2016-02-21,7:34 PM,Derailment,0,CLINTON,IA,39,4,Dark,Clear,Yard,Freight Train,9,43507,57622,120177,T221,41.806852,-90.248152,42.7,36.6,32.8
UP,1115NP009,2015-11-13,1:15 PM,Derailment,0,NORTH PLATTE,NE,55,2,Day,Clear,Main,Freight Train,36,15828,172883,188711,E51C,41.1075,-100.621654,36.9,37.4,41.4
LSRC,M240821,2024-08-21,4:00 AM,Raking collision,0,FLINT,MI,50,4,Dark,Clear,Yard,Yard/switching,8,220000,0,220000,H302,43.085931,-83.677375,60.1,60.1,62.4
BNSF,NE0615103,2015-06-10,7:50 PM,Derailment,0,KENESAW,NE,70,3,Dusk,Rain,Main,Freight Train,17,366137,35000,401137,M105,40.600194,-98.715093,81.5,79.2,66.8
BNSF,PR0922203,2022-09-06,1:33 PM,Hwy-rail crossing,0,LITCHFIELD,NE,83,2,Day,Clear,Main,Freight Train,45,50000,0,50000,M302,41.150811,-99.147897,69,74.1,72
BNSF,MT1123108,2023-11-22,5:25 PM,Derailment,0,GLADSTONE,ND,10,3,Dusk,Clear,Industry,Freight Train,7,33813,27192,61005,H702,46.883672,-102.517365,33.2,39,18.8
UP,1121GP011,2021-11-05,7:00 PM,Other impacts,0,NORTH PLATTE,NE,55,3,Dusk,Clear,Yard,Cut of cars,0,6865,1200,15346,E09C,41.15155,-100.824767,42.9,52.6,47.2
PSBX,15060501,2015-06-05,7:00 AM,Other (describe in narrative),0,SHREVEPORT,LA,90,1,Dawn,Clear,Industry,Cut of cars,0,124697,0,364389,M103,32.360609,-93.628973,77.9,79.3,81
BNSF,MT0221101,2021-02-06,9:30 AM,Derailment,0,HARDIN,MT,0,2,Day,Snow,Industry,Freight Train,1,54079,1500,55579,M101,45.802879,-107.080204,23.7,2.4,-3.1
UP,0122GL024,2022-01-26,1:50 PM,Other impacts,0,ST PAUL,MN,9,2,Day,Cloudy,Yard,Yard/switching,2,37371,0,38903,H312,44.93565,-93.046719,-4.1,3.5,23.9
UP,0715CB003,2015-07-10,3:33 PM,Derailment,0,OMAHA,NE,79,2,Day,Clear,Main,Freight Train,12,9710,279392,289102,E54C,41.229095,-95.952994,71.6,72.8,80
MDS,19092601,2019-09-26,6:10 PM,Other impacts,0,MERIDIAN,MS,90,2,Day,Clear,Yard,Freight Train,0,87000,0,88703,M505,32.351002,-88.715988,81.4,81.4,82.6
CSX,000137662,2014-11-17,4:40 PM,Hwy-rail crossing,0,ANCHORAGE,KY,24,2,Day,Snow,Main,Freight Train,11,800,26000,26800,M399,38.30155,-85.498989,37.4,27.5,19.4
MNBR,MNB590020,2020-04-30,9:00 PM,Derailment,0,MERIDIAN,MS,46,4,Dark,Clear,Yard,Freight Train,10,5536,0,27547,H506,32.363172,-88.692639,67.1,63,64.7
UP,0223HL011,2023-02-07,9:24 AM,Hwy-rail crossing,0,PLEASANT HILL,MO,39,2,Day,Clear,Main,,0,0,198,24477,M302,38.81736,-94.29816,52.5,42.9,36.4
UP,0422GP026,2022-04-23,5:00 AM,Derailment,0,NORTH PLATTE,NE,45,1,Dawn,Cloudy,Yard,Yard/switching,3,12375,150,12525,M101,41.152822,-100.82532,75.5,53.8,47.8
SKOL,220816002,2022-08-16,3:00 AM,Derailment,0,HALLOWELL,KS,82,4,Dark,Clear,Yard,Freight Train,13,666055,7600,673655,T220,37.173016,-95.002897,84.7,77.7,71.7
UP,0822GP004,2022-08-08,9:13 PM,Other impacts,0,MITCHELL,NE,81,4,Dark,Cloudy,Yard,Freight Train,4,69080,500,111631,H318,41.929723,-103.856556,72.4,75.2,79.1
CP,1001554059,2021-08-28,4:02 PM,Derailment,1,NEW HAMPTON,IA,75,2,Day,Clear,Main,Freight Train,38,5696338,3006997,8703335,M103,43.03539,-92.383167,73.8,75.3,71.5
KCS,15013101,2015-01-31,4:00 AM,Other impacts,0,PEARL,MS,33,4,Dark,Cloudy,Yard,Yard/switching,5,0,0,19000,H318,32.253303,-90.140729,46.2,46.8,57.2
BNSF,NE0415112,2015-04-17,12:00 PM,Other (describe in narrative),0,BELLEVUE,NE,75,2,Day,Clear,Main,Spec. MoW Equip.,15,36000,0,36000,H997,41.125155,-95.889301,60.9,65.3,60.9
BNSF,HL0221107,2021-02-09,5:23 AM,Other (describe in narrative),0,SOUTH BEND,NE,-17,1,Dawn,Clear,Main,Freight Train,2,0,47000,47000,H705,40.997963,-96.237362,1.6,2.3,10.6
UP,0621GL031,2021-06-28,1:30 PM,Other impacts,0,COUNCIL BLUFFS,IA,82,2,Day,Cloudy,Yard,Light loco(s),4,17651,178550,238288,H306,41.248819,-95.875949,73,73.8,74.6
PW,PWR715724D,2024-02-27,7:10 PM,Derailment,0,WORCESTER,MA,50,4,Dark,Cloudy,Yard,Yard/switching,7,15605,510,16115,E44C,42.248353,-71.811231,38.3,46.5,51.1
NS,133213,2019-03-14,2:45 AM,Derailment,0,LOGANSPORT,IN,52,4,Dark,Cloudy,Yard,Freight Train,2,21025,7687,28712,E04C,40.750693,-86.358407,47.9,55.2,36.9
UP,0918LV004,2018-09-06,8:20 PM,Other impacts,0,WESTWEGO,LA,80,4,Dark,Clear,Yard,Single Car,0,10558,0,36360,H318,29.917551,-90.185149,81.5,81.1,80.6
KCS,19092602,2019-09-26,6:10 PM,Other impacts,0,MERIDIAN,MS,90,2,Day,Clear,Yard,Single Car,1,0,1703,88703,E0HC,32.351002,-88.715988,81.4,81.4,82.6
UP,0615CB009,2015-06-15,2:20 AM,Derailment,0,KENNARD,NE,68,4,Dark,Rain,Main,Freight Train,23,236113,362713,598826,E54C,41.455377,-96.220567,74.4,68.5,69.6
IC,890117,2016-06-01,12:30 PM,Derailment,0,GREENWOOD,MS,86,2,Day,Clear,Main,Freight Train,4,4430,0,32153,E24C,33.484185,-90.212133,77.5,74.9,75.7
BNSF,CH0219114,2019-02-16,10:23 AM,Side collision,0,CHICAGO,IL,15,2,Day,Snow,Yard,Light loco(s),2,12000,8000,47079,H306,41.823775,-87.714326,18.4,23.1,26.7
NS,144474,2022-02-21,4:46 PM,Hwy-rail crossing,0,JAMESTOWN,NC,63,3,Dusk,Clear,Main,,0,0,40000,68823,M302,35.991845,-79.938868,38.6,49.3,60
ATK,179045,2024-03-30,11:46 PM,Obstruction,0,TIOGA,ND,24,4,Dark,Clear,Main,Passenger Train - Pulling,69,13166,0,13166,M402,48.391715,-103.047709,30.9,27.2,25.5
UP,0221MA045,2021-02-23,7:16 PM,Derailment,0,EAST ST LOUIS,IL,43,3,Dusk,Clear,Yard,Freight Train,3,44639,0,45439,H518,38.583576,-90.135511,44.6,51.5,49.6
UP,0817KC030,2017-08-26,11:02 AM,Derailment,0,TOPEKA,KS,82,2,Day,Clear,Yard,Yard/switching,5,11255,1056,12311,H318,39.073223,-95.68626,71.6,73.8,73
BNSF,SF0616128,2016-06-29,12:09 AM,Derailment,0,ST LOUIS,MO,65,4,Dark,Clear,Yard,Freight Train,10,10000,10000,20000,H307,38.700126,-90.21777,80.6,73.1,71.3
BNSF,CH1216118,2016-12-30,9:20 PM,Obstruction,0,SUGAR CREEK,MO,34,4,Dark,Clear,Main,Freight Train,55,5200,102700,107900,M402,39.1552,-94.398776,40.9,42.1,39.1
NS,155741,2024-02-09,11:14 PM,Derailment,0,AURORA,NC,53,4,Dark,Clear,Main,,0,0,136943,1306208,E53C,35.298215,-76.846813,43.4,49.2,63.1
NS,132243,2019-01-01,12:40 AM,Derailment,0,AURORA,NC,50,4,Dark,Clear,Main,,0,0,222304,742355,T215,35.339048,-76.926499,60.6,68.8,54.2
PAL,2019OCT1D,2019-10-11,6:16 PM,Derailment,0,PRINCETON,KY,54,3,Dusk,Cloudy,Yard,,0,0,38923,38923,H503,37.1076,-87.903,70.6,63.5,46.9
UP,0919GP011,2019-09-11,10:30 PM,Other impacts,0,NORTH PLATTE,NE,74,4,Dark,Rain,Yard,Cut of cars,12,119286,0,1012804,M105,41.143721,-100.78511,73,76,64.6
CRSH,143719,2021-12-08,1:26 PM,Other impacts,0,NEWARK,NJ,42,2,Day,Clear,Yard,Single Car,0,7196,0,72411,H316,40.710014,-74.141941,39.9,38.7,36.4
TRRA,18019,2018-09-26,1:37 AM,Derailment,0,VENICE,IL,54,4,Dark,Clear,Yard,Yard/switching,5,2500,10308,12808,H525,38.661016,-90.159617,76.2,63.4,62
MRL,2019056,2019-04-26,1:44 AM,Rear end collision,0,LIVINGSTON,MT,40,4,Dark,Clear,Yard,Light loco(s),8,13500,0,13500,H702,45.666927,-110.554672,43.6,39.6,46.7
UP,0824GL008,2024-08-02,12:25 PM,Derailment,0,ST PAUL,MN,86,2,Day,Clear,Main,Freight Train,7,89244,0,102345,H506,44.956817,-93.080429,70.9,78.9,75.5
CSX,000184775,2019-08-16,2:00 AM,Derailment,0,INDIANAPOLIS,IN,65,4,Dark,Clear,Yard,Yard/switching,7,35705,2000,37705,M411,39.759791,-86.327526,73.3,73.4,73.6
BNSF,TC0916200,2016-09-13,6:40 AM,Hwy-rail crossing,0,ISANTI,MN,62,1,Dawn,Clear,Main,Freight Train,45,17155,0,17155,M302,45.449751,-93.255847,68.3,58.7,54.4
MNR,884755,2024-07-26,2:46 PM,Derailment,0,SHERMAN MILLS,ME,77,2,Day,Clear,Main,Freight Train,21,6863,6647,13510,H607,45.818233,-68.498029,65.1,70.4,70.4
CSX,000212146,2023-07-06,7:05 AM,Derailment,0,HAGERSTOWN,MD,85,1,Dawn,Clear,Yard,Freight Train,5,1271,523,16947,E46C,39.640916,-77.747818,80.6,80.8,79.6