reportingrailroadcode,accidentnumber,date,time,accidenttype,hazmatreleasedcars,station,stateabbr,temperature,visibility_code,visibility,weathercondition,tracktype,equipmenttype,trainspeed,equipmentdamagecost,trackdamagecost,totaldamagecost,primaryaccidentcausecode,latitude,longitude,prior_temp,actual_temp,following_temp
KCS,19012601,2019-01-26,5:15 AM,Other impacts,0,ARTESIA,MS,29,4,Dark,Clear,Yard,Yard/switching,7,26715,0,27215,H306,33.417064,-88.643361,35.7,38.8,43.2
BNSF,PR1219102,2019-12-03,9:00 PM,Derailment,0,ALLIANCE,NE,32,4,Dark,Clear,Yard,Yard/switching,5,22000,500,22500,H607,42.094217,-102.876028,22.9,28.3,26.3
CSX,000151009,2015-08-22,5:13 AM,Derailment,0,CUMBERLAND,MD,61,4,Dark,Clear,Yard,Cut of cars,4,10549,502,11051,M404,39.645924,-78.759692,64.8,63.1,67
CSX,000152192,2015-09-18,6:30 PM,Derailment,0,ATLANTA,GA,78,3,Dusk,Clear,Yard,Yard/switching,4,11334,0,120910,H403,33.799641,-84.439903,71.9,72.1,73.7
KCS,18012602,2018-01-26,8:30 AM,Derailment,0,HUME,MO,40,2,Day,Cloudy,Siding,Freight Train,6,182636,205257,387893,H702,38.101519,-94.590154,49.4,52.9,44.6
ADBF,080220241,2024-08-02,8:10 AM,Side collision,0,ADRIAN,MI,70,2,Day,Cloudy,Main,Single Car,8,88000,11000,1397360,E09C,41.89186,-84.01611,78.3,74.8,75.9
KO,IN210517,2021-05-17,3:30 PM,Other impacts,0,GREAT BEND,KS,70,2,Day,Clear,Siding,Light loco(s),3,600,0,24600,H302,38.364363,-98.663408,68.1,64.9,63.2
UP,0816NP017,2016-08-21,5:50 PM,Derailment,0,LEWELLEN,NE,75,2,Day,Cloudy,Main,Work train,35,8000,44453,52453,H019,41.301339,-101.976443,59.6,68.2,75.7
CRSH,116938,2015-08-13,10:10 AM,Raking collision,0,NEWARK,NJ,85,2,Day,Clear,Yard,Cut of cars,10,268,0,145414,S006,40.713668,-74.142477,77.5,76.4,77.4
UP,0817KC006,2017-08-09,7:11 AM,Derailment,0,TOPEKA,KS,70,2,Day,Cloudy,Main,Freight Train,3,236323,1104,237427,H503,39.063124,-95.679345,70.4,71.8,76
UP,1121GP015,2021-11-05,3:00 AM,Other (describe in narrative),0,NORTH PLATTE,NE,47,4,Dark,Clear,Yard,Single Car,0,29210,0,29210,M411,41.152232,-100.823035,42.9,52.6,47.2
ATK,157789,2019-02-24,9:55 PM,Hwy-rail crossing,0,KALAMAZOO,MI,16,4,Dark,Clear,Main,Passenger Train - Pulling,77,28042,6928,34970,M308,42.277913,-85.658016,36,35.4,18.3
NS,156217,2024-04-02,12:19 AM,Side collision,0,GREENSBORO,NC,60,4,Dark,Cloudy,Yard,Freight Train,6,12000,0,20000,H702,36.060802,-79.835085,68.6,72.2,67.2
UP,0921GP029,2021-09-25,10:45 AM,Other impacts,0,NORTH PLATTE,NE,63,2,Day,Clear,Yard,Yard/switching,0,0,0,86297,M407,41.151168,-100.817313,60.4,62.7,69.4
CPKC,24032901,2024-03-29,1:10 AM,Derailment,0,GIBSLAND,LA,50,4,Dark,Clear,Main,Freight Train,12,589491,52825,642316,H503,32.546576,-93.088398,54.3,61.9,65.6
WIRS,240526001,2024-05-26,11:30 AM,Other impacts,0,PLAQUEMINE,LA,85,2,Day,Clear,Yard,Cut of cars,0,9080,0,48116,H301,30.324441,-91.250189,84.7,84.2,87
BNSF,TC1120113,2020-11-29,4:17 PM,Derailment,0,MINOT,ND,40,2,Day,Clear,Yard,Yard/switching,6,8574,22000,30574,H607,48.237311,-101.198064,38.1,26.6,33.1
UP,0524GP007,2024-05-03,6:05 AM,Other impacts,0,NORTH PLATTE,NE,49,1,Dawn,Rain,Yard,Yard/switching,7,10414,1500,21195,M411,41.152306,-100.813164,53.2,52.3,49.8
BNSF,TC1017110,2017-10-05,2:39 AM,Rear end collision,0,COTTAGE GROVE,MN,45,4,Dark,Cloudy,Main,Freight Train,0,17140,0,32167,H605,44.798203,-92.917262,51.8,54.6,53.9
CSX,000167264,2017-03-07,3:11 PM,Hwy-rail crossing,0,BILOXI,MS,68,2,Day,Clear,Main,Freight Train,19,1600,32662,34262,M302,30.399122,-88.885661,69,69.1,64.2
LSRC,D210216,2021-02-16,4:00 PM,Derailment,0,FLINT,MI,19,2,Day,Cloudy,Yard,Yard/switching,1,17000,1000,18000,H702,43.0907,-83.677058,11.7,11.2,5.6
WC,1139416,2023-09-27,11:50 AM,Hwy-rail crossing,0,HOYT LAKES,MN,60,2,Day,Clear,Main,Freight Train,35,13195,0,13195,M302,47.276073,-91.866831,58.5,55.8,59.1
BNSF,MT0123110,2023-01-31,6:10 AM,Derailment,0,HAVRE,MT,5,1,Dawn,Clear,Yard,Light loco(s),3,2500,19789,22289,M101,48.55337,-109.666329,9,17.5,20.1
NS,133985,2019-05-18,10:00 PM,Other impacts,0,DECATUR,IL,63,4,Dark,Clear,Yard,Yard/switching,2,13984,11544,26724,H312,39.847592,-88.947449,75,75.7,70.2
BNSF,MT0218104,2018-02-09,9:15 AM,Derailment,0,HAVRE,MT,-12,2,Day,Clear,Yard,Light loco(s),3,12000,1000,13000,M101,48.553659,-109.670961,6,-11.7,-7.9
WC,1085786,2021-10-16,10:30 PM,Side collision,0,KEENAN,MN,34,4,Dark,Clear,Yard,Freight Train,3,11300,8000,129108,H017,47.392372,-92.618646,42.6,43.4,44.8
CSX,000148099,2015-06-16,5:00 PM,Other impacts,0,BALTIMORE,MD,86,3,Dusk,Cloudy,Yard,Single Car,2,400,0,14098,M599,39.23543,-76.591321,79.2,82.4,77.2
UP,1114NP022,2014-11-17,12:30 PM,Hwy-rail crossing,0,KEARNEY,NE,20,2,Day,Snow,Main,Freight Train,45,8000,10542,18542,M302,40.724657,-98.950125,14.5,14,24.6
CSX,000207455,2022-09-25,2:00 PM,Derailment,0,BALTIMORE,MD,65,2,Day,Cloudy,Yard,Freight Train,5,38239,534,38773,H704,39.260165,-76.646338,59.4,65.2,67.2
UP,0422HL009,2022-04-13,7:02 PM,Hwy-rail crossing,0,CENTERTOWN,MO,39,3,Dusk,Cloudy,Main,,0,0,200,14860,M302,38.620055,-92.411691,65.7,54.7,48.4
UP,0919GC025,2019-09-13,6:43 PM,Other impacts,0,LIVONIA,LA,91,3,Dusk,Cloudy,Yard,Yard/switching,3,580,1281,47888,S006,30.525929,-91.555276,81.2,82.1,81.3
BNSF,PR0115117,2015-01-26,10:46 PM,Derailment,0,HEMINGFORD,NE,33,4,Dark,Clear,Main,Freight Train,18,8000,383414,391414,E61C,42.404605,-103.216319,38.9,44.3,44.2
GRS,20141205P1,2014-12-05,8:01 PM,Hwy-rail crossing,0,DOVER,NH,32,4,Dark,Clear,Main,,0,0,17687,77358,M302,43.199286,-70.874804,32.5,24.2,32.8
NS,121134,2016-07-06,4:00 AM,Derailment,0,NEW ORLEANS,LA,82,1,Dawn,Clear,Yard,,0,0,17000,17000,H524,29.962434,-90.048934,88.5,89.9,90.1
UP,0716NP006,2016-07-27,1:45 AM,Derailment,0,LEXINGTON,NE,64,4,Dark,Rain,Yard,Cut of cars,5,17358,1713,19071,M105,40.770533,-99.717107,75.4,72.7,67.9
ALS,20210923,2021-09-23,11:25 PM,Derailment,0,EAST ST LOUIS,IL,50,4,Dark,Clear,Yard,Yard/switching,4,6000,27362,33362,M405,38.585242,-90.136444,61.7,58,63.7
UP,0624HL023,2024-06-18,5:30 PM,Derailment,0,ST JOSEPH,MO,89,2,Day,Cloudy,Yard,Freight Train,4,137976,124540,262516,M506,39.725953,-94.873138,84.6,83.8,71.6
NS,133908,2019-05-11,8:55 AM,Derailment,0,WHITLEY CITY,KY,72,2,Day,Cloudy,Main,Freight Train,22,122023,18326,140349,H504,33.044374,-83.240583,68.2,62.5,62.1
CSX,000167243,2017-03-05,7:05 AM,Derailment,0,INDIANAPOLIS,IN,32,1,Dawn,Cloudy,Yard,Cut of cars,14,13691,242,13933,E41C,39.759791,-86.327526,36.3,47.5,53.9
NS,130320,2018-07-23,10:00 PM,Other impacts,0,SOUTHMONT,NC,73,4,Dark,Clear,Yard,Yard/switching,2,3000,0,71265,M408,35.736022,-80.336566,73.1,71.9,74.6
BNSF,TC0224103,2024-02-08,2:55 AM,Derailment,0,FRIDLEY,MN,39,4,Dark,Clear,Yard,Yard/switching,9,5180,31794,36974,M411,45.043532,-93.272657,45.3,43.7,30.8
UP,0117SL019,2017-01-26,8:45 PM,Derailment,0,STE GENEVIEVE,MO,30,4,Dark,Cloudy,Yard,Yard/switching,9,16334,76817,101562,T211,37.990459,-90.048143,45.8,32.9,29.5
CSX,000150986,2015-08-20,11:13 PM,Rear end collision,0,LIVINGSTON,KY,76,4,Dark,Clear,Main,Light loco(s),25,96430,1500,97930,H220,37.291698,-84.218581,74.7,71.6,68.4
UP,0624GC010,2024-06-10,2:30 AM,Other impacts,0,LOTTIE,LA,76,4,Dark,Clear,Yard,Yard/switching,7,528,0,28726,M408,30.523196,-91.552559,83.7,83.1,81.1
NS,132559,2019-01-23,12:20 PM,Derailment,0,RANDLEMAN,NC,35,2,Day,Cloudy,Industry,Freight Train,4,84945,50,84995,H307,35.803223,-79.824855,27.5,43.4,54.5
UP,0522HL002,2022-05-02,5:46 PM,Other impacts,0,KANSAS CITY,KS,52,2,Day,Cloudy,Yard,Yard/switching,10,27954,0,143199,H307,39.096732,-94.667362,59.1,53.5,50.7
NS,131379,2018-10-19,10:30 AM,Other impacts,0,LAGRO,IN,52,2,Day,Cloudy,Main,Freight Train,34,13500,0,13500,E39C,40.83641,-85.735561,41.4,46.2,46.4
UP,0415NP010,2015-04-13,5:00 AM,Derailment,0,NORTH PLATTE,NE,38,4,Dark,Cloudy,Yard,Yard/switching,7,14930,128236,143166,H704,41.144081,-100.793337,59.5,48.3,56.6
ATK,157439,2019-02-03,5:30 PM,Obstruction,0,CHARLESTOWN,NH,29,4,Dark,Snow,Main,Passenger Train - Pulling,79,19907,0,19907,M402,43.182045,-72.439568,10.2,26.3,35.9
BNSF,TC0723104,2023-07-14,2:09 AM,Derailment,0,FRIDLEY,MN,65,4,Dark,Clear,Yard,Yard/switching,5,32873,16821,49694,E39C,45.064514,-93.271235,74.4,75.4,71.8
NYSW,16012201,2016-01-22,7:50 PM,Derailment,0,SPARTA,NJ,20,4,Dark,Cloudy,Siding,Freight Train,4,90835,250,91085,H999,41.08057,-74.649855,26.1,21.2,22.1
BNSF,TC0417100,2017-04-03,1:30 AM,Derailment,0,CANDO,ND,38,4,Dark,Clear,Main,Freight Train,7,33351,831999,865350,M103,48.565784,-99.289069,46,42.9,41.9
NJTR,201502061,2015-01-16,7:33 PM,Other (describe in narrative),0,CRANFORD,NJ,32,4,Dark,Clear,Main,Commuter Train - Pulling,15,13100,0,13100,H599,40.65793,-74.28572,29.1,30.2,22.3
BNSF,HL0319124,2019-03-27,7:35 PM,Derailment,0,LINCOLN,NE,51,3,Dusk,Clear,Main,Yard/switching,9,29431,29259,58690,E04C,40.858182,-96.640102,51,60.6,47.1
BNSF,MT0321106,2021-03-28,2:33 PM,Derailment,0,GREAT FALLS,MT,63,2,Day,Clear,Yard,Light loco(s),6,55948,2200,58148,H607,47.502705,-111.324154,44.8,54.7,30
LSRC,D210102,2021-01-02,9:00 AM,Derailment,0,SAGINAW,MI,36,2,Day,Clear,Industry,Yard/switching,6,27000,18000,45000,E64C,43.451444,-83.936474,24.1,31.1,32.3
BNSF,CH0119113,2019-01-22,7:43 PM,Side collision,0,ELWOOD,IL,33,3,Dusk,Clear,Yard,Freight Train,8,80898,0,90998,H607,41.403175,-88.155798,9,26.3,28.4
CSX,000181553,2019-02-23,11:02 PM,Hwy-rail crossing,0,BROWNSBURG,IN,44,4,Dark,Cloudy,Main,,0,0,0,31473,M308,39.823783,-86.346236,34.6,43.4,39.6
IC,1054648,2020-11-18,12:04 PM,Hwy-rail crossing,0,SARAH,MS,68,2,Day,Clear,Main,Freight Train,33,0,23000,23000,M302,34.569202,-90.209784,48.4,49.1,54.6
UP,0522GC006,2022-05-03,8:50 AM,Other impacts,0,SULPHUR,LA,74,2,Day,Clear,Industry,Yard/switching,4,4258,0,22710,H307,30.191025,-93.331954,76.8,78.4,78.5
UP,0521HL016,2021-05-26,8:18 AM,Other impacts,0,COFFEYVILLE,KS,67,2,Day,Cloudy,Yard,Yard/switching,3,0,0,19663,H312,37.019368,-95.624775,69.9,73.7,71
UP,0820MA019,2020-08-10,4:12 PM,Derailment,0,FESTUS,MO,95,2,Day,Cloudy,Main,Freight Train,29,160063,253214,413277,M204,38.234274,-90.426286,78.1,80.5,75.1
CSX,000219218,2024-07-10,10:30 PM,Hwy-rail crossing,0,BELLEVIEW,FL,83,4,Dark,Clear,Main,Freight Train,43,9500,10059,19559,M302,29.060355,-82.0471,79.6,82.2,82.4
TCWR,TCW022120A,2020-02-21,6:20 PM,Derailment,0,SACRED HEART,MN,35,4,Dark,Clear,Siding,Work train,9,15000,0,15000,M101,44.788456,-95.339412,3.8,25.6,27.1
NS,138639,2020-07-27,1:35 AM,Other (describe in narrative),0,MELVINDALE,MI,70,4,Dark,Clear,Yard,Freight Train,2,12000,0,12000,H702,42.278316,-83.173306,80.4,81.6,76.4
CSX,000216110,2024-02-09,11:14 PM,Derailment,0,AURORA,NC,53,4,Dark,Clear,Main,Freight Train,23,1169265,0,1306208,E53C,35.298215,-76.846813,43.4,49.2,63.1
BNSF,TC0616104,2016-06-11,11:30 AM,Other (describe in narrative),0,FRIDLEY,MN,75,2,Day,Clear,Yard,Yard/switching,10,15190,0,15190,S016,45.042873,-93.272574,78.8,80.1,71.5
CSX,000208861,2022-12-16,11:31 PM,Derailment,0,ROCKY MOUNT,NC,40,4,Dark,Clear,Yard,Yard/switching,4,10850,498,11348,E86C,35.917687,-77.805567,46,44.5,40.4
CSX,000177170,2018-06-24,9:45 PM,Derailment,0,LOUISVILLE,KY,78,4,Dark,Cloudy,Yard,Freight Train,5,12472,0,12472,H306,38.27995,-85.516779,74.9,79.4,75.2
NS,156705,2024-05-14,1:05 PM,Other impacts,0,GREENSBORO,NC,63,2,Day,Rain,Yard,Yard/switching,7,45987,1320,139281,H310,36.060802,-79.835085,62.5,62.6,63.2
IC,888868,2016-05-18,6:11 PM,Hwy-rail crossing,0,FLORA,MS,75,2,Day,Cloudy,Main,,0,0,793,23450,M308,32.449314,-90.121468,68.3,66.5,70.5
KO,230530005,2023-05-30,10:10 PM,Other impacts,0,WICHITA,KS,75,4,Dark,Clear,Main,Yard/switching,4,58406,0,67600,H310,37.582984,-97.418889,71,75.2,76.5
KO,IN200310,2020-03-10,2:50 AM,Derailment,0,GREAT BEND,KS,34,4,Dark,Fog,Industry,Freight Train,5,25000,0,46000,H306,38.364087,-98.682307,46.7,44.1,54.9
ATK,139773,2015-10-24,5:35 PM,Derailment,0,PONTIAC,MI,55,2,Day,Rain,Yard,Passenger Train - Pulling,3,20000,1650,21650,H303,42.629202,-83.289555,47.6,57,51.2
BNSF,TC1221201,2021-12-06,11:28 AM,Hwy-rail crossing,0,HIBBING,MN,-5,2,Day,Clear,Main,Maint./inspect Car,27,90000,0,90000,M302,47.310255,-92.809631,22.2,-0.5,-5.2
UP,0920GC033,2020-09-27,1:30 AM,Other impacts,0,MARINGOUIN,LA,70,4,Dark,Clear,Yard,Yard/switching,6,23875,17858,262849,M411,30.52644,-91.554669,73,75.7,70.6
BNSF,HL0718201,2018-07-03,8:20 AM,Hwy-rail crossing,0,SOUTH BEND,NE,76,1,Dawn,Clear,Main,Freight Train,52,9200,55000,64200,M308,41.02381,-96.2999,75.3,81.8,83.3
NS,136490,2019-12-12,3:00 PM,Derailment,0,ABOITE,IN,38,2,Day,Clear,Yard,Freight Train,11,27015,59241,86256,H524,41.000999,-85.317573,19.8,28,34.2
NS,114278,2015-02-09,4:10 PM,Side collision,0,HALFWAY,MD,33,3,Dusk,Cloudy,Yard,Freight Train,7,147000,0,147374,H210,39.625402,-77.736338,37.5,35.2,31.7
BNSF,TC0717201,2017-07-06,1:05 PM,Hwy-rail crossing,0,HIBBING,MN,90,2,Day,Clear,Main,Freight Train,42,25000,0,25000,M302,47.29559,-92.779315,72.6,70.9,61
UP,0521GP029,2021-05-30,11:10 AM,Other impacts,0,NORTH PLATTE,NE,58,2,Day,Rain,Yard,Yard/switching,2,117742,17700,146653,M407,41.146946,-100.833882,54,57.8,60.8
UP,0723ES010,2023-07-05,2:45 PM,Obstruction,0,CRYSTAL LAKE,IL,91,2,Day,Clear,Main,Spec. MoW Equip.,3,43808,0,43808,H997,42.229211,-88.287893,78.2,77.4,72.3
UP,0820GL038,2020-08-31,11:09 PM,Other (describe in narrative),0,ST PAUL,MN,62,4,Dark,Clear,Yard,Freight Train,6,0,49917,49917,H706,44.937561,-93.085616,67.7,66.1,63.9
CPKC,1002154802,2024-08-18,5:55 AM,Other impacts,0,ST PAUL,MN,60,4,Dark,Clear,Yard,Freight Train,8,26465,776,38955,H307,48.9261,-93.0231,71.9,72.9,70.8
KCT,UP091520,2020-09-15,7:48 AM,Derailment,0,KANSAS CITY,KS,58,1,Dawn,Clear,Main,,0,0,943000,1094515,H220,39.0818,-94.6012,68,69.2,71
UP,0919GP020,2019-09-01,4:48 AM,Derailment,0,NORTH PLATTE,NE,66,1,Dawn,Clear,Yard,Light loco(s),9,250,10658,10908,M101,41.149255,-100.852775,71.9,74.2,79.2
NS,154555,2023-10-21,9:00 PM,Other impacts,0,SPENCER,NC,65,4,Dark,Clear,Yard,Single Car,4,2500,0,23998,H312,35.731153,-80.342675,56.9,56.9,58.6
UP,0116TC009,2016-01-20,2:30 AM,Derailment,0,SHAKOPEE,MN,9,4,Dark,Snow,Industry,Freight Train,2,8261,97983,106244,T220,44.796853,-93.532295,0.8,17,22.2
GTW,909348,2016-12-21,12:13 PM,Hwy-rail crossing,0,BATTLE CREEK,MI,30,2,Day,Cloudy,Main,Freight Train,30,180,18430,18610,M303,42.316502,-85.187103,18.7,26.1,34
CP,1000556096,2017-05-11,5:50 AM,Other impacts,0,KANSAS CITY,MO,65,4,Dark,Cloudy,Yard,Cut of cars,0,3730,0,11903,H602,39.1289,-94.419299,73.5,66.2,66.2
BNSF,HL0420107,2020-04-20,7:00 PM,Derailment,0,OMAHA,NE,60,3,Dusk,Clear,Yard,,0,0,200000,266871,E46C,41.230948,-95.914154,52.8,56.9,55.7
BNSF,NE0515109,2015-05-27,1:30 AM,Derailment,0,OSMOND,NE,45,4,Dark,Clear,Industry,Freight Train,5,1895,55000,56895,M101,42.35132,-97.608379,61.5,67.7,70.2
BNSF,CH1218104,2018-12-03,4:09 AM,Derailment,0,INDEPENDENCE,MO,30,1,Dawn,Cloudy,Main,,0,0,718000,741797,E40C,39.115229,-94.467895,35.7,29.8,28.1
CSX,000211081,2023-04-30,10:25 AM,Derailment,0,RUSSELL,KY,55,2,Day,Cloudy,Yard,Yard/switching,7,11210,492,11702,T212,38.532124,-82.697693,58,54.2,46.3
CPKC,23080503,2023-08-05,9:26 PM,Other (describe in narrative),0,SULPHUR,LA,82,4,Dark,Clear,Yard,Cut of cars,0,41842,0,64613,M501,30.239739,-93.269235,87.8,87.5,87.6
UP,0618LV008,2018-06-04,9:41 AM,Other (describe in narrative),0,MARINGOUIN,LA,75,2,Day,Clear,Yard,Yard/switching,4,28553,1650,30203,M411,30.509932,-91.537799,81.7,82.9,76
UP,1219GP017,2019-12-14,12:45 PM,Derailment,0,NORTH PLATTE,NE,27,2,Day,Snow,Yard,Yard/switching,7,38323,57405,95728,E24C,41.150279,-100.811993,34.4,26.7,24.7
CSX,000212036,2023-06-29,1:10 PM,Derailment,0,ROSEDALE,MD,85,2,Day,Clear,Yard,Freight Train,5,38441,530,38971,H702,39.304517,-76.532485,72.8,72.2,72.5
CSX,000181270,2019-02-09,8:50 PM,Other impacts,0,INDIANAPOLIS,IN,25,4,Dark,Clear,Yard,Single Car,10,8387,0,17822,E04C,39.759791,-86.327526,18.3,18.8,27.1
BRC,14447,2021-04-06,1:20 AM,Side collision,0,BEDFORD PARK,IL,62,4,Dark,Clear,Yard,Yard/switching,4,11835,0,24217,H307,41.767567,-87.763408,67.6,70.5,70.8
UP,0516NP024,2016-05-23,12:50 PM,Other impacts,0,NORTH PLATTE,NE,76,2,Day,Clear,Yard,Yard/switching,2,569,0,11778,S007,41.149555,-100.84704,69.8,63.1,64.4
NJTR,201511592,2015-10-25,3:30 PM,Derailment,0,HOBOKEN,NJ,60,2,Day,Clear,Yard,Yard/switching,10,61479,2570,64049,H704,40.734537,-74.034162,49.2,59,51.3
UP,0915LV010,2015-09-11,10:45 AM,Derailment,0,TIOGA,LA,85,2,Day,Cloudy,Main,Freight Train,5,96672,4990,121361,H511,31.372648,-92.435949,79,76.8,72.9
BRC,14361,2020-04-26,7:48 PM,Other impacts,0,BEDFORD PARK,IL,46,3,Dusk,Clear,Yard,Cut of cars,4,13786,0,13786,E06C,41.7676,-87.45516,44.1,51.2,54.6
NS,156394,2024-04-17,12:15 AM,Derailment,0,NORTH KANSAS CITY,MO,51,4,Dark,Clear,Yard,,0,0,8980,23459,H702,39.146342,-94.550787,73.6,68.1,55.8
BNSF,MT1122103,2022-11-20,7:50 PM,Derailment,0,WEST GLACIER,MT,18,3,Dusk,Clear,Main,Freight Train,37,8738,11475,20213,E33C,48.495178,-113.950971,14,16.8,23.9
BNSF,TC0124116,2024-01-25,11:50 PM,Derailment,0,MINNEAPOLIS,MN,40,4,Dark,Cloudy,Yard,Yard/switching,5,187547,0,187547,M411,45.03444,-93.271454,33.7,35.5,37.2
NS,128225,2018-01-20,3:53 PM,Derailment,0,LEXINGTON,NC,59,2,Day,Clear,Yard,Yard/switching,2,27494,1989,29483,M405,35.750635,-80.318238,31.2,36.9,45.4
CRSH,143586,2021-11-25,4:40 AM,Other impacts,0,NEWARK,NJ,35,1,Dawn,Clear,Yard,Yard/switching,4,36584,0,42019,H318,40.705679,-74.129617,39.2,46.4,43.9
NS,123582,2017-01-16,8:40 AM,Obstruction,0,DANVILLE,KY,48,2,Day,Cloudy,Main,Freight Train,35,10572,1000,11572,M404,37.597857,-84.797832,38.5,50.7,57
KCS,22081801,2022-08-18,11:30 AM,Derailment,0,KANSAS CITY,MO,85,2,Day,Clear,Main,Freight Train,5,8742,0,62542,H702,39.120827,-94.496988,74.3,75.7,73.2
ALS,20210121,2021-01-21,11:48 PM,Derailment,0,BROOKLYN,IL,28,4,Dark,Clear,Yard,Freight Train,4,17000,0,32226,H503,38.640734,-90.154834,36.1,41.5,31.5
ATK,166260,2021-01-22,12:21 PM,Fire/violent rupture,0,DECATUR,MI,24,4,Dark,Snow,Main,Passenger Train - Pulling,81,27024,0,27024,E79L,42.126043,-85.936292,35.6,24.6,23.7
CP,1000593182,2017-07-22,1:50 PM,Other impacts,0,ST PAUL,MN,90,2,Day,Clear,Yard,Freight Train,6,66044,300,67490,E39C,44.936522,-93.037756,74.1,78.6,71.1
WC,989354,2019-02-27,9:00 AM,Derailment,0,POWERS,MI,3,2,Day,Snow,Yard,Yard/switching,6,9132,2000,11132,M101,45.687003,-87.528468,4.4,10.1,3.7
BNSF,PR0324201,2024-03-01,9:56 AM,Hwy-rail crossing,0,EXETER,NE,46,2,Day,Clear,Main,Freight Train,58,2048923,977000,3025923,M302,40.64471,-97.4637,42.4,40.7,45.7
CRSH,120844,2016-06-12,7:00 PM,Derailment,0,NEWARK,NJ,81,3,Dusk,Clear,Yard,Yard/switching,4,113191,3000,116191,H501,40.702852,-74.151512,74.9,78.7,66.4
BNSF,CH0718107,2018-07-21,2:15 AM,Other impacts,0,GALESBURG,IL,65,4,Dark,Clear,Yard,Yard/switching,8,16407,0,16407,H019,40.90533,-90.384908,70.7,71.9,69
UP,1218HL002,2018-12-03,4:09 AM,Derailment,0,INDEPENDENCE,MO,31,1,Dawn,Cloudy,Main,Freight Train,21,6377,17420,741797,E40C,39.115229,-94.467895,35.7,29.8,28.1
NS,142114,2021-07-06,1:00 PM,Derailment,0,MERIDIAN,MS,82,2,Day,Clear,Yard,Freight Train,3,85299,90767,176066,E40C,32.356773,-88.721826,78.6,77.6,76.3
BNSF,TC0317110,2017-03-04,4:05 AM,Derailment,0,MINNEAPOLIS,MN,40,1,Dawn,Clear,Yard,Light loco(s),10,86922,2000,88922,H607,45.030438,-93.269212,21.7,33.8,46.5
NS,156783,2024-05-21,2:00 AM,Other impacts,0,CHARLOTTE,NC,75,4,Dark,Clear,Yard,Single Car,7,46823,3800,144269,H318,35.247627,-80.811161,70.5,72.8,75.3
BNSF,MT0421103,2021-04-22,1:55 PM,Derailment,0,GREAT FALLS,MT,53,2,Day,Clear,Yard,Yard/switching,4,14188,1000,15188,H312,47.504874,-111.334488,40.4,34.5,29.8
UP,0822MA028,2022-08-19,8:30 PM,Derailment,0,EAST ST LOUIS,IL,77,4,Dark,Clear,Yard,Freight Train,2,86404,0,86404,H503,38.598093,-90.147513,72.1,73.7,76.1
BNSF,MT0419107,2019-04-20,11:10 PM,Side collision,0,GREAT FALLS,MT,43,4,Dark,Rain,Industry,Yard/switching,9,68659,0,102882,H307,47.521447,-111.298602,64.3,45.6,44.3
BNSF,TC0624108,2024-06-12,11:12 AM,Derailment,0,DULUTH,MN,71,2,Day,Cloudy,Yard,Freight Train,7,11700,68385,80085,H997,46.771211,-92.114623,52.9,64.6,67
BNSF,PR0422102,2022-04-06,4:37 AM,Derailment,0,SCOTTSBLUFF,NE,33,1,Dawn,Clear,Yard,Freight Train,7,18500,4049,22549,H702,41.850495,-103.640797,45.2,39.4,40.8
NS,117441,2015-09-19,12:00 PM,Derailment,0,MERIDIAN,MS,84,2,Day,Clear,Yard,Freight Train,4,15000,0,15000,H020,32.356773,-88.721826,74.3,75.4,75.8
UP,0522GC033,2022-05-26,7:50 PM,Other impacts,0,LAKE CHARLES,LA,88,3,Dusk,Clear,Yard,Cut of cars,0,88304,0,124715,H307,30.238266,-93.174966,75.4,76.9,80.1
PGR,07102015,2015-07-10,3:00 PM,Derailment,0,NORTHFIELD,MN,82,2,Day,Clear,Yard,,0,0,4610,23238,E64C,44.45249,-93.17337,69.1,74.1,73.1
CSX,000148099,2015-06-16,5:00 PM,Other impacts,0,BALTIMORE,MD,86,3,Dusk,Cloudy,Yard,Single Car,2,400,0,14098,M599,39.23543,-76.591321,79.2,82.4,77.2
UP,0523GP045,2023-05-16,10:00 AM,Other impacts,0,NORTH PLATTE,NE,50,2,Day,Fog,Yard,Single Car,0,100,0,37102,M407,41.141083,-100.768694,53.6,56.1,60
BNSF,TC0821103,2021-08-07,8:35 AM,Other impacts,0,MINNEAPOLIS,MN,68,1,Dawn,Rain,Yard,Yard/switching,6,2000,0,11952,M407,45.029661,-93.269913,75.8,71,73.2
CSX,000187141,2019-12-15,10:10 AM,Derailment,0,GRAND RAPIDS,MI,20,2,Day,Snow,Yard,Yard/switching,6,29000,3536,32536,H306,42.952673,-85.684184,31.7,27.6,28.2
UP,0624GP028,2024-06-20,3:55 PM,Other impacts,0,MITCHELL,NE,82,2,Day,Rain,Yard,Cut of cars,0,50491,0,220980,M102,41.931852,-103.88531,58,69.5,68.2
UP,0722GP016,2022-07-25,11:25 AM,Other impacts,0,NORTH PLATTE,NE,68,2,Day,Cloudy,Yard,Freight Train,4,172426,22860,195286,H017,41.15415,-100.842738,76.6,68.2,72.3
IC,1010595,2019-08-26,11:50 PM,Derailment,0,BATON ROUGE,LA,77,4,Dark,Clear,Yard,Yard/switching,4,32660,0,32660,H310,30.488383,-91.202797,77,79.2,83.3
BNSF,TC0923108,2023-09-26,10:16 PM,Derailment,0,DILWORTH,MN,59,4,Dark,Clear,Yard,Freight Train,4,4805,6935,11740,H607,46.874127,-96.70343,60.9,62.8,62.9