reportingrailroadcode,accidentnumber,date,time,accidenttype,hazmatreleasedcars,station,stateabbr,temperature,visibility_code,visibility,weathercondition,tracktype,equipmenttype,trainspeed,equipmentdamagecost,trackdamagecost,totaldamagecost,primaryaccidentcausecode,latitude,longitude,prior_temp,actual_temp,following_temp
KCT,UP220202,2022-02-02,4:54 PM,Derailment,0,KANSAS CITY,MO,20,2,Day,Clear,Main,,0,0,58000,287198,H503,39.08239,-94.60696,44.6,18.8,13.1
BNSF,HL0722101,2022-07-02,3:03 AM,Derailment,0,LINCOLN,NE,65,4,Dark,Clear,Yard,Freight Train,1,28984,62500,91484,H307,40.809031,-96.745608,74.3,73.4,76.7
ATK,159901,2019-07-06,5:41 PM,Obstruction,0,CHARLESTOWN,NH,73,3,Dusk,Clear,Main,Passenger Train - Pulling,77,13179,0,13179,M404,43.13777,-72.45237,75.1,75.2,70.4
NS,121141,2016-07-06,11:40 PM,Other impacts,0,ELKHART,IN,75,4,Dark,Clear,Yard,Yard/switching,6,14750,0,18394,H99E,41.67736,-85.978495,73.7,74.7,76.4
CSX,000178250,2018-08-16,6:28 PM,Derailment,0,LOUISVILLE,KY,75,3,Dusk,Clear,Yard,Freight Train,7,136090,231365,407192,S006,38.160709,-85.749174,76.8,76.6,80.6
NS,137062,2020-02-06,5:10 AM,Derailment,0,MELVINDALE,MI,25,1,Dawn,Snow,Yard,Freight Train,6,49800,0,74127,T221,42.273714,-83.191677,27,26.4,29.3
UP,0220GP016,2020-02-13,9:21 PM,Other impacts,0,NORTH PLATTE,NE,18,4,Dark,Clear,Yard,Yard/switching,1,26508,66,58018,S016,41.146011,-100.835028,26.4,14.2,28.2
NS,154659,2023-11-01,2:00 AM,Other (describe in narrative),0,LOUISVILLE,KY,32,4,Dark,Clear,Yard,Yard/switching,2,16600,5014,21614,H702,38.260822,-85.802514,37.2,38.4,42.4
CSX,000214200,2023-10-24,1:32 PM,Hwy-rail crossing,0,SHELBY,NC,70,2,Day,Clear,Main,Freight Train,20,6503,7754,14257,M303,35.316646,-81.653454,52,52.1,55.5
BNG,BNG2202,2022-12-06,12:35 PM,Derailment,0,WELLINGTON,KS,40,2,Day,Cloudy,Main,Freight Train,8,27000,10000,37000,T221,37.163854,-97.392736,42.8,38.7,42.2
ALS,201909051,2019-09-05,11:56 AM,Derailment,0,EAST ST LOUIS,IL,79,2,Day,Clear,Yard,,0,0,26455,50451,E66C,38.583389,-90.135504,76.8,70.3,75.9
UP,0919GP011,2019-09-11,10:30 PM,Other impacts,0,NORTH PLATTE,NE,74,4,Dark,Rain,Yard,Cut of cars,12,471356,422162,1012804,M105,41.143721,-100.78511,73,76,64.6
UP,0116NP010,2016-01-26,10:12 AM,Derailment,0,NORTH PLATTE,NE,25,2,Day,Clear,Yard,Yard/switching,3,5479,204417,224922,S016,41.150601,-100.845587,30.1,24.4,30.5
BNSF,KS0422104,2022-04-19,5:18 PM,Derailment,0,DODGE CITY,KS,58,3,Dusk,Clear,Yard,Freight Train,6,34769,2500,37269,M501,37.751202,-100.003097,47.1,51.2,63.7
BNSF,PR1017203,2017-10-20,7:06 AM,Hwy-rail crossing,0,MITCHELL,NE,32,1,Dawn,Clear,Main,Freight Train,44,17916,0,17916,M308,41.955274,-103.852567,56.4,57,49.6
SNJX,1162015,2015-01-16,3:56 PM,Hwy-rail crossing,0,DELRAN,NJ,39,2,Day,Clear,Main,DMU,50,15468,1893,17361,M308,40.033824,-74.968804,31,33.7,24.8
KCS,20031801,2020-03-18,1:20 AM,Derailment,0,RESERVE,LA,60,4,Dark,Clear,Yard,Light loco(s),3,18565,2041,20606,T220,30.071275,-90.577414,74.2,74.6,77.6
CSX,000197062,2021-04-16,6:57 AM,Derailment,0,NEW ORLEANS,LA,72,1,Dawn,Clear,Yard,Light loco(s),0,18574,748,21127,H703,30.005989,-90.019451,68.9,65.4,64.1
UP,0819MA041,2019-08-23,9:32 PM,Derailment,0,EAST ST LOUIS,IL,71,4,Dark,Clear,Yard,Freight Train,4,17803,0,18003,E09C,38.582529,-90.136418,73,73.9,70.1
UP,0422GP015,2022-04-19,6:00 AM,Other impacts,0,NORTH PLATTE,NE,40,1,Dawn,Cloudy,Yard,Single Car,11,0,0,28142,M407,41.150696,-100.812498,44.1,55.1,58.5
UP,0816TC001,2016-08-01,1:40 AM,Other impacts,0,SOUTH ST PAUL,MN,80,4,Dark,Clear,Yard,Cut of cars,3,11147,0,14112,H310,44.904578,-93.044218,74.4,76.5,79.1
CSX,000202292,2022-01-07,12:25 PM,Side collision,0,INDIANAPOLIS,IN,16,2,Day,Clear,Yard,Yard/switching,5,90661,0,187336,H702,39.759798,-86.327516,14.8,11.2,24.6
UP,0416SL001,2016-04-01,12:30 AM,Fire/violent rupture,0,POPLAR BLUFF,MO,55,4,Dark,Clear,Main,Freight Train,49,31844,0,31844,E74L,36.760543,-90.333977,66.4,54,53.5
ATK,166627,2021-03-15,6:14 AM,Hwy-rail crossing,0,BURLINGAME,KS,48,1,Dawn,Cloudy,Main,Passenger Train - Pulling,79,19961,0,19961,M302,38.702054,-95.82412,50,48.9,48
ABS,181110003,2018-11-10,10:30 AM,Derailment,0,ARTESIA,MS,45,2,Day,Clear,Yard,Freight Train,11,10000,0,18077,H525,33.409984,-88.647074,48.9,38.1,42.8
IC,841858,2015-02-25,10:30 AM,Side collision,0,JACKSON,MS,45,2,Day,Rain,Yard,Freight Train,2,550,0,13457,H399,32.313495,-90.190727,30.4,33.4,35.9
CSX,000144874,2015-04-15,3:40 AM,Derailment,0,SWANTON,MD,40,4,Dark,Cloudy,Main,Freight Train,12,91798,350,92148,M599,39.471928,-79.194837,59.1,54,54.3
UP,0521GL001,2021-05-01,3:50 PM,Derailment,0,COLUMBUS,NE,87,2,Day,Clear,Yard,Freight Train,10,1744,126589,128333,E64C,41.42771,-97.368737,64.2,74.6,70.5
ALS,20210822,2021-08-22,9:00 AM,Derailment,0,EAST ST LOUIS,IL,74,2,Day,Clear,Yard,Light loco(s),4,7000,6225,13225,H701,38.590236,-90.139259,79.8,79.2,77.1
NS,116071,2015-06-14,5:30 PM,Hwy-rail crossing,0,ST LOUIS,MO,80,3,Dusk,Clear,Main,Yard/switching,8,30,0,28595,M308,38.674396,-90.200769,80.2,77.8,79
BNSF,PR1019108,2019-10-11,9:50 PM,Rear end collision,0,LAKESIDE,NE,35,4,Dark,Clear,Main,Freight Train,0,1256925,0,1306925,H605,42.069497,-102.587301,25,24.9,34.2
BNSF,HL1218101,2018-12-03,1:44 PM,Other impacts,0,LINCOLN,NE,20,2,Day,Snow,Yard,Yard/switching,8,25713,0,25713,S006,40.808101,-96.754981,29.8,24.4,26.3
BNSF,CH0622203,2022-06-27,12:42 PM,Hwy-rail crossing,0,MENDON,MO,80,2,Day,Clear,Main,,0,0,407000,3907000,M302,39.560581,-93.181186,73.6,69.7,72.1
MRL,2022074,2022-12-05,11:39 AM,Side collision,0,LAUREL,MT,21,2,Day,Cloudy,Yard,Freight Train,14,235000,0,560000,H607,45.654785,-108.828118,30.3,23.4,13
KCS,15063003,2015-06-30,9:05 PM,Derailment,0,NORCO,LA,76,4,Dark,Rain,Industry,Yard/switching,7,473994,18013,492007,H702,30.010794,-90.405953,82.6,82.5,79.1
UP,0919MA015,2019-09-06,3:41 PM,Hwy-rail crossing,0,SHREVEPORT,LA,99,2,Day,Clear,Industry,Freight Train,6,10662,38828,49490,M308,32.44213,-93.806409,85.5,87,88.4
UP,0821GP020,2021-08-22,1:50 PM,Other impacts,0,NORTH PLATTE,NE,80,2,Day,Clear,Yard,Cut of cars,3,6293,0,83267,E59C,41.146648,-100.833358,64.9,73.8,77.6
GLC,GLC121415,2015-12-14,12:40 PM,Derailment,0,CLARE,MI,56,2,Day,Rain,Yard,Freight Train,7,6658,14764,21422,H702,43.823346,-84.778639,49.1,53.2,40.4
BNSF,RD0424126,2024-04-26,11:50 PM,Derailment,0,LACASSINE,LA,85,4,Dark,Clear,Yard,Freight Train,4,71950,154,72104,H302,30.237672,-92.945652,72.2,75.7,77.4
CRSH,116288,2015-06-28,11:00 AM,Derailment,0,CAMDEN,NJ,80,2,Day,Clear,Yard,Yard/switching,4,79262,0,79262,H312,39.949173,-75.10064,67.6,71.5,72
UP,0715NP025,2015-07-30,2:25 AM,Obstruction,0,NORTH PLATTE,NE,65,4,Dark,Clear,Yard,Yard/switching,7,9497,10672,20169,M404,41.148758,-100.848567,67.9,72.2,76.1
IC,1093785,2022-02-02,9:15 AM,Hwy-rail crossing,0,SIDON,MS,56,2,Day,Rain,Main,,0,0,0,41000,M302,33.390616,-90.214846,59,57.7,38.5
IC,1032211,2020-04-14,8:10 AM,Derailment,0,JACKSON,MS,54,2,Day,Clear,Main,Freight Train,17,11000,1908,16543,E71L,32.300265,-90.191306,53.8,52.3,52
BNSF,CH0715110,2015-07-13,1:37 PM,Derailment,0,CHICAGO,IL,78,2,Day,Cloudy,Yard,Freight Train,3,34543,500,35043,E46L,41.819619,-87.716584,75,77.8,74.4
CSX,000179789,2018-11-11,11:28 PM,Derailment,0,WAYCROSS,GA,54,4,Dark,Clear,Yard,Freight Train,0,0,97,13607,H399,31.213524,-82.353588,59.6,54.1,61.7
KCT,UP220410,2022-04-10,10:08 AM,Derailment,0,KANSAS CITY,KS,55,2,Day,Clear,Main,,0,0,443830,558238,E4TC,39.09084,-94.63211,47.9,64.9,57.7
YVRR,YV072023,2023-07-20,1:30 PM,Derailment,0,ROARING RIVER,NC,92,2,Day,Clear,Industry,Freight Train,9,0,4150,4150,M404,36.198007,-81.031698,73.7,72.9,76.2
UP,0419GC001,2019-04-01,5:02 AM,Other impacts,0,MARINGOUIN,LA,40,1,Dawn,Cloudy,Yard,Yard/switching,3,4022,0,44196,M411,30.525848,-91.555362,50.8,51,53.7
UP,0618NP029,2018-06-24,8:48 AM,Other impacts,0,NORTH PLATTE,NE,80,2,Day,Clear,Yard,Single Car,0,689,0,17845,M411,41.151827,-100.816178,72.3,66.9,61.9
ATK,167733,2021-07-15,5:32 PM,Hwy-rail crossing,0,JACKSON,MS,81,3,Dusk,Cloudy,Main,Passenger Train - Pulling,78,76426,0,77628,M303,32.184349,-90.240067,79.6,81.8,77.1
BNSF,HL1218103,2018-12-06,10:03 PM,Derailment,0,ST LOUIS,MO,39,4,Dark,Cloudy,Yard,Yard/switching,8,9000,4500,13500,E46C,38.602388,-90.312475,34.2,34.1,28.6
CSX,000202765,2022-01-30,3:36 AM,Side collision,0,INDIANAPOLIS,IN,23,4,Dark,Clear,Yard,Freight Train,8,86065,0,199433,H307,39.759798,-86.327516,15,25.9,28.4
BNSF,MT0618102,2018-06-12,7:22 PM,Derailment,0,MINOT,ND,75,3,Dusk,Clear,Yard,Freight Train,6,13000,8000,21000,H702,48.232784,-101.304731,64.9,65.6,69.4
NS,125551,2017-06-23,7:00 AM,Derailment,0,DANVILLE,KY,81,1,Dawn,Cloudy,Yard,Freight Train,2,3467,8055,11522,H504,37.654079,-84.787139,70.1,73.9,71.4
BNSF,MT0620101,2020-06-12,3:30 AM,Derailment,0,HAVRE,MT,55,4,Dark,Cloudy,Yard,Yard/switching,10,29389,1500,30889,H607,48.554295,-109.668817,65.4,75.6,74.2
KCS,17100201,2017-10-02,7:19 PM,Obstruction,0,VICKSBURG,MS,78,4,Dark,Clear,Main,Freight Train,38,15068,0,15068,M404,32.333092,-90.833158,76.1,72,77.1
NS,114992,2015-03-26,2:00 AM,Derailment,0,GREENSBORO,NC,52,4,Dark,Rain,Yard,Light loco(s),6,12651,50,12701,H306,36.059928,-79.842013,53.7,62.2,49
KCS,16050501,2016-05-05,8:23 AM,Hwy-rail crossing,0,RAYVILLE,LA,70,2,Day,Clear,Main,Freight Train,35,18063,586,18649,M304,32.47893,-91.77799,66.9,66.2,63.5
CSX,000187836,2019-04-25,12:45 AM,Fire/violent rupture,0,HILLSDALE,IN,51,4,Dark,Cloudy,Main,Freight Train,50,28000,0,28000,E74L,39.857846,-87.383354,53.2,57.5,56.9
CSX,000142137,2015-02-15,8:30 PM,Other impacts,0,HAMLET,NC,45,4,Dark,Clear,Yard,Cut of cars,4,26196,50,26246,M411,34.91463,-79.670657,40,26.6,27.8
UP,1020GP002,2020-10-05,8:45 AM,Derailment,0,NORTH PLATTE,NE,39,2,Day,Clear,Yard,Yard/switching,15,10813,150,10963,H303,41.154586,-100.832489,55.8,63.6,59.8
BNSF,TC0616114,2016-06-20,12:01 AM,Derailment,0,MINOT,ND,73,4,Dark,Clear,Yard,Freight Train,8,96854,51504,148358,E4BC,48.237592,-101.295132,74.5,68.5,72.3
BNSF,HL0322116,2022-03-22,1:37 AM,Derailment,0,LINCOLN,NE,41,4,Dark,Rain,Yard,Light loco(s),6,36114,461,36575,H303,40.80631,-96.743439,59.4,40.4,37.8
UP,0821GL013,2021-08-15,8:17 AM,Derailment,0,COUNCIL BLUFFS,IA,63,2,Day,Clear,Yard,Freight Train,7,46302,24000,70302,H514,41.250945,-95.871716,72.9,72.9,74.6
UP,0216NP016,2016-02-19,10:30 AM,Derailment,0,NORTH PLATTE,NE,64,2,Day,Clear,Yard,Freight Train,6,59965,96848,156813,M405,41.143943,-100.795415,47.8,51.2,42.7
BNSF,MT0323108,2023-03-29,8:01 AM,Derailment,0,HETTINGER,ND,6,1,Dawn,Clear,Yard,Freight Train,6,54048,0,82001,M101,45.999266,-102.640162,20.7,20.5,26.2
UP,0715LK016,2015-07-15,6:50 PM,Fire/violent rupture,0,SHREVEPORT,LA,90,2,Day,Cloudy,Main,Freight Train,10,27163,0,27163,E74L,32.437707,-93.807977,85.9,85.8,86.2
BNSF,MT1214105,2014-12-14,2:00 PM,Other (describe in narrative),0,MINOT,ND,28,2,Day,Cloudy,Yard,Yard/switching,4,60000,0,60000,H099,48.235747,-101.299882,34.6,28.3,22.9
NS,154775,2023-11-14,10:30 AM,Other impacts,0,SOUTHMONT,NC,49,2,Day,Clear,Yard,Single Car,5,65996,27154,122540,H312,35.74086,-80.330499,48.3,51.9,48.9
UP,0324GP017,2024-03-11,4:30 PM,Derailment,0,NORTH PLATTE,NE,62,2,Day,Cloudy,Yard,Yard/switching,4,186811,182918,369729,H506,41.156465,-100.85908,30.1,37.5,45.1
BNSF,TC1115101,2015-11-07,12:05 AM,Derailment,0,FRIDLEY,MN,36,4,Dark,Clear,Yard,Light loco(s),6,500,18200,18700,H704,45.037887,-93.26978,43.7,41.7,50.6
UP,0219GP031,2019-02-12,10:29 PM,Other impacts,0,NORTH PLATTE,NE,34,4,Dark,Cloudy,Yard,Cut of cars,0,745,0,56534,M411,41.150681,-100.819395,24.3,24.1,39
IC,1112131,2022-08-25,12:43 PM,Obstruction,0,YAZOO CITY,MS,85,2,Day,Cloudy,Main,Maint./inspect Car,0,0,0,30000,H993,32.970268,-90.337486,73.8,76.3,78.7
NS,152341,2023-02-18,1:10 PM,Other impacts,0,DURHAM,NC,58,2,Day,Clear,Yard,Single Car,8,150,0,15667,H312,35.994763,-78.902309,60.2,40.6,46.9
NS,133638,2019-04-21,2:20 AM,Derailment,0,LAURA,KY,43,4,Dark,Rain,Industry,Freight Train,0,3511,27651,31162,M101,37.743198,-82.500532,48.4,47.2,57.5
KCS,18012201,2018-01-22,3:00 AM,Other impacts,0,KANSAS CITY,MO,42,4,Dark,Cloudy,Yard,,0,0,7605,185251,H307,39.129761,-94.540198,54,40.2,32.3
UP,0717NP035,2017-07-29,9:40 AM,Other impacts,0,NORTH PLATTE,NE,69,2,Day,Clear,Yard,Yard/switching,2,3188,462,13374,S007,41.147594,-100.842859,74.2,73.6,73.6
BNSF,HL0322109,2022-03-14,3:10 AM,Other impacts,0,MONETT,MO,45,4,Dark,Clear,Yard,Freight Train,4,55730,0,55730,H307,36.919523,-93.922403,48.3,51.4,52.9
CSX,000213006,2023-08-20,10:15 AM,Derailment,0,ROSEDALE,MD,79,2,Day,Clear,Yard,Freight Train,4,20600,380,20980,H702,39.304517,-76.532485,71.4,74.1,79.4
NCVA,NCV640315,2015-01-01,8:35 PM,Derailment,0,AHOSKIE,NC,45,3,Dusk,Clear,Main,Freight Train,10,22604,72739,95343,T221,36.257472,-77.024122,31.5,36.4,46.1
UP,0819GL040,2019-08-29,1:25 AM,Other impacts,0,SHAKOPEE,MN,57,4,Dark,Clear,Yard,Yard/switching,6,5612,315,22251,H020,44.78784,-93.412654,62.8,65,62.6
UP,0822GP021,2022-08-28,8:30 AM,Derailment,0,ALDA,NE,67,2,Day,Clear,Main,Freight Train,45,3488,161959,165447,E33C,40.862463,-98.483119,74.4,78.4,75
WC,1069792,2021-05-06,11:00 AM,Fire/violent rupture,0,DULUTH,MN,60,2,Day,Clear,Main,Light loco(s),12,32258,0,32258,E74L,46.780608,-92.289065,45.9,47.3,42.7
UP,0823GP031,2023-08-19,6:40 PM,Derailment,0,NORTH PLATTE,NE,96,3,Dusk,Clear,Yard,Yard/switching,10,20624,800,21424,E64C,41.15123,-100.823239,77.6,83.3,79.4
KCS,19060602,2019-06-06,10:15 AM,Other impacts,0,JACKSON,MS,80,2,Day,Clear,Yard,Yard/switching,1,15091,0,15091,H307,32.306889,-90.197417,76.7,77.4,76
TCWR,20180518A,2018-05-18,9:15 AM,Derailment,0,MONTEVIDEO,MN,80,2,Day,Clear,Yard,Yard/switching,2,31000,94000,125000,H702,44.950659,-95.715765,75.2,70.6,55.3
ATK,137409,2015-05-12,3:55 PM,Other (describe in narrative),0,NEWARK,NJ,86,2,Day,Clear,Main,Passenger Train - Pulling,0,17918,0,17918,E78L,40.734316,-74.16398,74.8,76.1,62.2
UP,0819PR021,2019-08-14,12:00 PM,Other (describe in narrative),0,NORTHLAKE,IL,80,2,Day,Cloudy,Yard,Single Car,0,73620,0,73620,E27C,41.899778,-87.907617,75.1,71.8,70.4
UP,0821GP020,2021-08-22,1:50 PM,Other impacts,0,NORTH PLATTE,NE,80,2,Day,Clear,Yard,Yard/switching,2,76374,600,83267,E59C,41.146648,-100.833358,64.9,73.8,77.6
BNSF,TC0221102,2021-02-04,8:34 PM,Derailment,0,WILLMAR,MN,8,3,Dusk,Clear,Yard,Yard/switching,6,58743,1000,59743,H607,45.125812,-95.029207,24.5,15.6,6
WTA,220315WTA,2022-03-15,2:30 PM,Derailment,0,WICHITA,KS,59,2,Day,Clear,Yard,Yard/switching,4,40413,2350,42763,E64C,37.730706,-97.330981,52.2,49,57.7
BNSF,MT0918106,2018-09-14,9:45 PM,Derailment,0,HAVRE,MT,50,4,Dark,Clear,Yard,Light loco(s),2,11600,250,11850,H307,48.553003,-109.664904,49.7,51.9,56.9
BNSF,RD0620125,2020-06-27,2:23 AM,Derailment,0,LAFAYETTE,LA,82,4,Dark,Clear,Yard,Yard/switching,7,75940,170500,246440,H307,30.234766,-92.057405,81.3,82.6,83.1
KCS,15041401,2015-04-14,5:40 AM,Derailment,0,KANSAS CITY,MO,51,4,Dark,Clear,Yard,,0,0,1303,21303,E39C,39.128967,-94.521589,61.4,60.6,57.3
UP,0920GL015,2020-09-15,3:50 AM,Derailment,0,OMAHA,NE,63,4,Dark,Clear,Yard,Freight Train,5,230971,0,529060,T221,41.25439,-95.921587,66.3,69.9,67.8
MRL,2021109,2021-12-20,3:30 AM,Other impacts,0,LAUREL,MT,12,4,Dark,Clear,Yard,Yard/switching,5,25000,0,47000,H020,45.681246,-108.718312,32.2,19.4,38.1
BNSF,TC0316105,2016-03-28,9:15 AM,Derailment,0,MINNEAPOLIS,MN,53,2,Day,Clear,Yard,Yard/switching,7,8032,10458,18490,S099,45.033104,-93.271211,38.6,42.9,51.6
UP,0816NP011,2016-08-12,11:45 AM,Fire/violent rupture,0,CARLETON,NE,83,2,Day,Clear,Main,Freight Train,45,16930,0,16930,E71L,40.295393,-97.651296,81.7,73.4,73.7
BNSF,PR0815100,2015-08-01,5:35 PM,Other (describe in narrative),0,CRAWFORD,NE,82,3,Dusk,Clear,Main,Freight Train,39,0,97000,97000,H604,42.7231,-103.427059,73.5,76.4,77.1
BNSF,PR0120102,2020-01-04,4:40 PM,Derailment,0,HASTINGS,NE,35,2,Day,Clear,Main,Freight Train,10,42671,5000,47671,E40C,40.612792,-98.332673,32,32,38.4
UP,0520GP012,2020-05-14,11:35 PM,Derailment,0,NORTH PLATTE,NE,58,4,Dark,Clear,Yard,Freight Train,7,10341,1890,12231,H702,41.142681,-100.780074,50.2,59.8,57.7
UP,0623MA042,2023-06-30,2:35 AM,Derailment,0,DUPO,IL,76,4,Dark,Clear,Yard,Yard/switching,2,36158,0,36158,M405,38.513807,-90.215113,82.7,83,77.9
BNSF,PR0819102,2019-08-04,2:22 AM,Obstruction,0,MINDEN,NE,65,4,Dark,Clear,Main,,0,0,0,47562,M402,40.504348,-98.943711,75.5,77,77.3
LAS,240401007,2024-04-01,9:45 PM,Other impacts,0,DODSON,LA,65,4,Dark,Clear,Main,Cut of cars,15,44000,0,44000,H025,32.112109,-92.683339,67.7,73.3,71.2
UP,0919MA001,2019-09-01,3:08 PM,Derailment,0,SHREVEPORT,LA,94,2,Day,Clear,Yard,Freight Train,3,62995,3800,66795,H524,32.504984,-93.73139,83.2,84,84
UP,0919GP023,2019-09-21,10:04 PM,Other impacts,0,NORTH PLATTE,NE,51,4,Dark,Clear,Yard,Yard/switching,8,261174,0,324783,H607,41.152403,-100.830936,74.8,70.4,60.4
KO,230530005,2023-05-30,10:10 PM,Other impacts,0,WICHITA,KS,75,4,Dark,Clear,Yard,Cut of cars,0,9194,0,67600,H310,37.582984,-97.418889,71,75.2,76.5
BNSF,PR0518204,2018-05-30,10:16 PM,Hwy-rail crossing,0,PARKS,NE,58,4,Dark,Clear,Main,,0,0,2195,37856,M308,40.035153,-101.749048,62.9,67.6,71.8
BNSF,NE0816106,2016-08-31,6:23 AM,Derailment,0,LINCOLN,NE,75,1,Dawn,Clear,Yard,Freight Train,5,66708,29500,96208,H703,40.8,-96.75,73.1,73.5,68.7
BNSF,MT0424101,2024-04-09,6:30 AM,Other (describe in narrative),0,ELLISTON,MT,37,1,Dawn,Cloudy,Main,Light loco(s),5,0,33957,33957,H605,46.568829,-112.464591,42.1,46.9,44.8
UP,1121GP011,2021-11-05,7:00 PM,Other impacts,0,NORTH PLATTE,NE,55,3,Dusk,Clear,Yard,Cut of cars,6,7281,0,15346,E09C,41.15155,-100.824767,42.9,52.6,47.2
UP,0216NP012,2016-02-03,2:40 AM,Derailment,0,NORTH PLATTE,NE,20,4,Dark,Snow,Yard,Light loco(s),3,71907,2774,74681,M506,41.145262,-100.835807,26.4,18.1,16.1
UP,0921GP029,2021-09-25,10:45 AM,Other impacts,0,NORTH PLATTE,NE,63,2,Day,Clear,Yard,Single Car,0,86297,0,86297,M407,41.151168,-100.817313,60.4,62.7,69.4
KCS,21021101,2021-02-11,5:10 AM,Derailment,0,ARTESIA,MS,50,4,Dark,Rain,Siding,Cut of cars,5,37986,8772,46758,H008,33.412695,-88.642862,56.9,41.9,33.6
UP,0919GP018,2019-09-20,7:07 AM,Other impacts,0,NORTH PLATTE,NE,67,1,Dawn,Clear,Yard,Yard/switching,4,5082,0,10956,M411,41.150565,-100.818232,70.3,74.8,70.4
BNSF,CH1116108,2016-11-21,10:25 AM,Obstruction,0,CHILLICOTHE,IL,40,2,Day,Clear,Main,Freight Train,44,500,0,100500,H402,40.929758,-89.427908,27.7,30.6,38.6
BNSF,TC0715108,2015-07-16,3:59 PM,Derailment,0,WILLOW CITY,ND,79,2,Day,Cloudy,Main,Freight Train,9,89999,723677,813676,M103,48.642011,-100.31611,74.2,71.7,65.3
UP,0524GP007,2024-05-03,6:05 AM,Other impacts,0,NORTH PLATTE,NE,49,1,Dawn,Rain,Yard,Single Car,0,9281,0,21195,M411,41.152306,-100.813164,53.2,52.3,49.8
UP,0215NP021,2015-02-11,11:40 AM,Derailment,0,MCGREW,NE,55,2,Day,Clear,Main,Freight Train,50,1385088,336587,1721675,E62C,41.723854,-103.417687,46.2,36.7,37.3
BNSF,PR0224109,2024-02-11,8:03 PM,Derailment,0,ALLIANCE,NE,35,3,Dusk,Clear,Yard,Light loco(s),2,76158,154,76312,H017,42.093264,-102.873542,25.9,18.3,27.7
UP,0715NP020,2015-07-28,9:30 AM,Derailment,0,SIDNEY,NE,78,2,Day,Clear,Yard,Cut of cars,0,11227,0,24219,H021,41.145938,-102.990991,77.2,70,67.9
BNSF,HL0821112,2021-08-15,5:30 PM,Derailment,0,LINCOLN,NE,80,3,Dusk,Clear,Yard,Freight Train,5,104000,0,104000,H607,40.80631,-96.743418,74.9,76,78.3
NS,153724,2023-07-27,3:20 AM,Side collision,0,CHICAGO,IL,73,4,Dark,Fog,Yard,Yard/switching,10,15500,50650,101300,H306,41.694382,-87.564355,81.6,83.3,82.6
CSX,000140850,2015-02-02,6:15 AM,Other impacts,0,ROCKY MOUNT,NC,54,1,Dawn,Rain,Yard,Yard/switching,4,258,0,14362,H018,35.931645,-77.799742,44,51.5,32
UP,0817KC017,2017-08-15,11:37 AM,Hwy-rail crossing,0,PAOLA,KS,88,2,Day,Cloudy,Main,Freight Train,38,39080,101284,140364,M303,38.574205,-94.888084,73.9,76.4,75.7
ATK,140910,2016-01-16,12:13 PM,Derailment,0,HANNIBAL,MO,29,2,Day,Clear,Main,Passenger Train - Pulling,9,16000,0,17500,H702,39.929657,-91.436237,35,26.5,9.5
UP,0522GC019,2022-05-16,11:44 PM,Derailment,0,PORT ALLEN,LA,79,4,Dark,Clear,Main,Yard/switching,7,218026,1704,219730,H303,30.435707,-91.209964,78.8,80,81.7
UP,0916TC001,2016-09-01,9:50 PM,Other impacts,0,ST PAUL,MN,60,4,Dark,Clear,Yard,Cut of cars,0,22,0,130046,E49C,44.938588,-93.049276,67.4,66,65
UP,0521HL016,2021-05-26,8:18 AM,Other impacts,0,COFFEYVILLE,KS,67,2,Day,Cloudy,Yard,Cut of cars,5,19663,0,19663,H312,37.019368,-95.624775,69.9,73.7,71
BNSF,CH0418114,2018-04-22,9:10 PM,Derailment,0,GALESBURG,IL,40,4,Dark,Clear,Yard,Yard/switching,4,2000,9100,11100,H607,40.917133,-90.380107,55.9,58.8,60.4
UP,0115NP010,2015-01-08,3:30 AM,Derailment,0,PLYMOUTH,NE,-4,4,Dark,Clear,Industry,Yard/switching,10,7816,10490,18306,H022,40.303831,-96.984613,5.9,18.2,12.5
CSX,000174599,2018-02-09,12:35 AM,Derailment,0,CHICAGO,IL,23,4,Dark,Snow,Yard,Freight Train,6,5381,5912,11293,M501,41.779543,-87.679338,15.5,25.2,20.1
BRC,13916,2017-03-14,6:00 AM,Derailment,0,BEDFORD PARK,IL,19,4,Dark,Snow,Yard,,0,0,14447,14447,T220,41.765304,-87.76823,28.9,24.7,25.1
BNSF,CH0218120,2018-02-28,3:30 AM,Derailment,0,CHICAGO,IL,35,4,Dark,Clear,Yard,Light loco(s),5,6750,10000,16750,H704,41.819484,-87.718063,51.2,48.2,39.2
UP,0522GC033,2022-05-26,7:50 PM,Other impacts,0,LAKE CHARLES,LA,88,3,Dusk,Clear,Yard,Yard/switching,8,33669,2742,124715,H307,30.238266,-93.174966,75.4,76.9,80.1
BNSF,MT0419101,2019-04-02,3:45 PM,Obstruction,0,LIBBY,MT,50,2,Day,Clear,Main,Spec. MoW Equip.,0,410000,0,770012,H317,48.364143,-114.996205,41.4,43.5,40.5
NS,130105,2018-07-06,1:41 AM,Other (describe in narrative),0,GREENSBORO,NC,92,4,Dark,Clear,Yard,Yard/switching,5,12709,85,12794,H307,36.059927,-79.842017,80.5,76.3,73