reportingrailroadcode,accidentnumber,date,time,accidenttype,hazmatreleasedcars,station,stateabbr,temperature,visibility_code,visibility,weathercondition,tracktype,equipmenttype,trainspeed,equipmentdamagecost,trackdamagecost,totaldamagecost,primaryaccidentcausecode,latitude,longitude,prior_temp,actual_temp,following_temp
NOPB,020150405T,2015-04-05,7:00 PM,Other impacts,0,NEW ORLEANS,LA,80,3,Dusk,Clear,Yard,Yard/switching,4,11074,0,11074,H018,29.915593,-90.106228,68.8,68.6,76
CSX,000186353,2019-11-01,7:45 PM,Derailment,0,GARY,IN,39,4,Dark,Cloudy,Yard,Freight Train,9,27208,33000,60208,T220,41.617106,-87.373125,35.2,34.3,38.9
CSX,000182320,2019-04-12,4:35 AM,Derailment,0,RUSSELL,KY,62,4,Dark,Cloudy,Yard,Yard/switching,6,16876,510,17386,T220,38.531874,-82.697192,67.5,68.3,59.8
ATK,136592,2015-03-06,9:23 PM,Derailment,0,ODENTON,MD,15,4,Dark,Clear,Main,Passenger Train - Pulling,85,57406,288630,346036,E69C,39.084205,-76.707895,30.4,18.6,27.9
KCS,17100501,2017-10-05,5:00 PM,Other impacts,0,ARTESIA,MS,85,2,Day,Clear,Main,Freight Train,4,24817,0,24817,H318,33.43874,-88.54364,73.4,70.3,72.3
PSBX,15060501,2015-06-05,7:00 AM,Other (describe in narrative),0,SHREVEPORT,LA,90,1,Dawn,Clear,Industry,Cut of cars,0,74401,0,364389,M103,32.360609,-93.628973,77.9,79.3,81
UP,0823GL031,2023-08-15,4:15 PM,Hwy-rail crossing,0,WORTHINGTON,MN,76,2,Day,Clear,Main,Freight Train,34,12555,300,12855,M302,43.587921,-95.643917,60.9,63.9,72
UP,0321GP006,2021-03-05,11:00 AM,Other impacts,0,NORTH PLATTE,NE,52,2,Day,Clear,Yard,Cut of cars,0,5441,0,114882,M407,41.1437,-100.795497,44.9,46,51.3
UP,0216CB014,2016-02-21,7:34 PM,Derailment,0,CLINTON,IA,39,4,Dark,Clear,Yard,Cut of cars,0,19048,0,120177,T221,41.806852,-90.248152,42.7,36.6,32.8
IC,1112131,2022-08-25,12:43 PM,Obstruction,0,YAZOO CITY,MS,85,2,Day,Cloudy,Main,Maint./inspect Car,19,30000,0,30000,H993,32.970268,-90.337486,73.8,76.3,78.7
NS,132445,2019-01-16,4:00 AM,Other (describe in narrative),0,PAW CREEK,NC,40,1,Dawn,Clear,Yard,Freight Train,10,108046,60096,168142,H704,35.230222,-80.967484,41.8,41.5,41.1
MRL,2019102,2019-09-07,5:10 AM,Side collision,0,MISSOULA,MT,55,4,Dark,Cloudy,Yard,Light loco(s),12,60000,0,160000,H607,46.88,-114.004686,67.2,65.3,60.7
BNSF,MT0717108,2017-07-12,11:05 PM,Derailment,0,BELDEN,ND,70,4,Dark,Clear,Industry,Freight Train,4,15000,700,15700,H607,46.871837,-103.278725,73.6,62.6,64.1
IC,1069457,2021-05-06,5:35 PM,Derailment,0,JACKSON,MS,80,2,Day,Clear,Yard,Yard/switching,3,10342,1775,12117,H503,32.326614,-90.187256,65.3,66.2,65.1
CSX,000152199,2015-09-18,3:30 PM,Derailment,0,ATLANTA,GA,72,3,Dusk,Clear,Yard,Freight Train,9,247793,14408,262201,H503,33.799641,-84.439903,71.9,72.1,73.7
MRL,2020023,2020-03-14,12:30 AM,Derailment,0,HELENA,MT,-2,4,Dark,Snow,Main,Freight Train,14,4000,76250,80250,E60C,46.657184,-112.276436,22.9,4.9,4.8
BNSF,HL1217117,2017-12-22,3:40 AM,Obstruction,0,OLIVE BRANCH,MS,42,4,Dark,Rain,Main,Freight Train,52,500,12500,13000,M404,34.91689,-89.766615,51.1,60.4,40.7
BNSF,TC0216113,2016-02-29,7:47 PM,Derailment,0,ST PAUL,MN,20,3,Dusk,Clear,Yard,Yard/switching,5,58266,94024,152290,H703,44.969286,-93.160946,34.4,25.4,19
IC,1018725,2019-11-12,7:50 PM,Side collision,0,GEISMAR,LA,32,3,Dusk,Cloudy,Yard,Yard/switching,4,17500,0,35000,H307,30.195824,-91.015813,67.2,42.7,39.5
ATK,170347,2022-04-13,6:39 PM,Hwy-rail crossing,0,CENTERTOWN,MO,39,2,Day,Clear,Main,Passenger Train - Pulling,47,14660,0,14860,M302,38.619771,-92.408699,65.7,54.7,48.4
BRC,14492,2021-11-29,8:13 PM,Derailment,0,BEDFORD PARK,IL,27,4,Dark,Cloudy,Yard,Cut of cars,5,15929,500,16429,T220,41.76814,-87.74735,33.3,34.6,42.1
UP,0219GP031,2019-02-12,10:29 PM,Other impacts,0,NORTH PLATTE,NE,34,4,Dark,Cloudy,Yard,Yard/switching,5,7789,48000,56534,M411,41.150681,-100.819395,24.3,24.1,39
CRSH,140176,2021-01-01,3:30 PM,Derailment,0,RIVER ROUGE,MI,30,2,Day,Sleet,Industry,Yard/switching,3,23243,0,23243,H307,42.275963,-83.165942,30,29.5,34
UP,0922GC009,2022-09-09,7:54 PM,Derailment,0,WESTWEGO,LA,76,3,Dusk,Clear,Yard,Yard/switching,6,25075,850,25925,E40C,29.915593,-90.186705,78.2,78.3,80.2
NS,154555,2023-10-21,9:00 PM,Other impacts,0,SPENCER,NC,65,4,Dark,Clear,Yard,Cut of cars,4,5500,15998,23998,H312,35.731153,-80.342675,56.9,56.9,58.6
CP,1000506841,2017-02-02,3:08 AM,Derailment,0,SOUTH BEND,IN,17,4,Dark,Clear,Main,Freight Train,47,6855,0,16355,E33C,41.679089,-86.290822,32.9,19.7,20.1
PATH,I072916,2016-07-29,5:51 PM,Obstruction,0,KEARNY,NJ,75,2,Day,Clear,Main,EMU,30,17925,0,17925,M299,40.768434,-74.145421,82.8,77.3,77.2
NS,156787,2024-05-21,6:00 PM,Other (describe in narrative),0,GREENSBORO,NC,83,3,Dusk,Clear,Yard,Yard/switching,4,34469,7469,41938,H702,36.059928,-79.842014,68.3,71.4,73.9
CSX,000193469,2020-10-28,4:01 AM,Rear end collision,0,DEARBORN,MI,41,1,Dawn,Cloudy,Main,Freight Train,4,50709,1000,51709,H306,42.322359,-83.163724,40.5,45.3,45.6
UP,0422GP006,2022-04-09,3:30 PM,Other impacts,0,NORTH PLATTE,NE,82,2,Day,Clear,Yard,Cut of cars,13,11384,0,63160,E06C,41.151849,-100.824697,42.9,53,50.5
RRVW,92616GCDWI,2016-09-26,10:15 AM,Hwy-rail crossing,0,DWIGHT,ND,50,2,Day,Clear,Main,Freight Train,25,39514,9200,48714,M302,46.311391,-96.74961,57.4,53.9,50.5
BNSF,MT0223106,2023-02-24,3:36 AM,Derailment,0,DES LACS,ND,-24,4,Dark,Clear,Main,Freight Train,48,807826,243814,1051640,H019,48.248124,-101.494031,-10.3,-11.2,2.8
CRSH,143712,2021-12-10,5:05 AM,Hwy-rail crossing,0,CAMDEN,NJ,38,1,Dawn,Clear,Yard,Freight Train,8,13209,0,13209,M308,39.945124,-75.103439,37,42.5,57.1
CSX,000220151,2024-08-25,5:54 PM,Derailment,0,ROCKY MOUNT,NC,85,3,Dusk,Clear,Yard,Yard/switching,7,96055,99829,195884,E42C,35.917687,-77.805567,68.9,71.7,74.5
CSX,000212146,2023-07-06,7:05 AM,Derailment,0,HAGERSTOWN,MD,85,1,Dawn,Clear,Yard,Cut of cars,0,15153,0,16947,E46C,39.640916,-77.747818,80.6,80.8,79.6
NS,121545,2016-08-03,10:00 PM,Derailment,0,ELKHART,IN,76,4,Dark,Clear,Yard,Yard/switching,2,10819,1118,11937,E39C,41.677391,-85.978436,75.6,77,79.4
KCS,16081602,2016-08-16,10:00 AM,Other impacts,0,NEOSHO,MO,80,2,Day,Clear,Main,Single Car,50,0,15400,15400,H018,36.833816,-94.370383,68.6,72,75.2
UP,0117LV033,2017-01-15,3:45 PM,Other impacts,0,LIVONIA,LA,68,2,Day,Clear,Yard,Yard/switching,4,12223,0,12863,H306,30.521776,-91.550718,63.3,63.4,69.2
UP,0922GC025,2022-09-29,7:21 PM,Derailment,0,MARINGOUIN,LA,65,3,Dusk,Clear,Yard,Cut of cars,0,73921,0,329361,E39C,30.532596,-91.559239,68.8,62.3,63.8
CSX,000177994,2018-08-03,4:28 AM,Derailment,0,HAMLET,NC,84,4,Dark,Clear,Yard,Cut of cars,0,51552,136014,250830,H706,34.925491,-79.646587,77.7,73.4,77.1
KO,230524002,2023-05-24,1:15 PM,Derailment,0,WILLOWBROOK,KS,82,2,Day,Clear,Main,Freight Train,7,6509,85600,92109,E86C,38.107634,-98.026094,68.6,66.9,68.3
NS,135572,2019-09-20,10:45 PM,Other impacts,0,LOUISVILLE,KY,72,4,Dark,Clear,Yard,Yard/switching,3,26461,119,26580,H312,38.263535,-85.801414,79.4,79.7,80
CSX,000193469,2020-10-28,4:01 AM,Rear end collision,0,DEARBORN,MI,41,1,Dawn,Cloudy,Main,Freight Train,0,0,0,51709,H306,42.322359,-83.163724,40.5,45.3,45.6
UP,0224GP040,2024-02-01,7:48 PM,Other impacts,0,NORTH PLATTE,NE,48,3,Dusk,Clear,Yard,Single Car,0,0,0,30419,M407,41.150464,-100.813507,39.2,41.1,37.4
UP,0719GP026,2019-07-23,3:30 AM,Other impacts,0,NORTH PLATTE,NE,58,4,Dark,Clear,Yard,Light loco(s),7,250,264,14577,H602,41.143751,-100.795476,68.5,68.1,73.2
CSX,000156714,2016-02-01,12:00 PM,Other impacts,0,CUMBERLAND,MD,45,2,Day,Rain,Yard,Cut of cars,4,10876,628,12174,H318,39.630056,-78.751449,44.1,42.1,36.6
UP,0620GP028,2020-06-28,6:34 PM,Other impacts,0,NORTH PLATTE,NE,93,3,Dusk,Clear,Yard,Cut of cars,0,34839,0,45863,S007,41.146602,-100.833957,78.5,78.8,81.6
BNSF,MT0222104,2022-02-12,10:02 PM,Other impacts,0,GREAT FALLS,MT,30,4,Dark,Clear,Industry,Cut of cars,0,23623,0,40933,H307,47.521504,-111.297475,26.9,32.2,39.7
BNSF,HL0818124,2018-08-29,12:30 AM,Other impacts,0,LINCOLN,NE,57,4,Dark,Clear,Yard,Yard/switching,4,22419,0,22419,H318,40.807813,-96.73412,71.6,65.1,72.2
BNSF,MT0819108,2019-08-25,3:00 AM,Derailment,0,HAVRE,MT,50,4,Dark,Clear,Yard,Freight Train,10,65500,0,65500,H303,48.555275,-109.683627,73.1,59.3,57.1
UP,0420GP009,2020-04-02,11:00 AM,Other impacts,0,NORTH PLATTE,NE,22,2,Day,Snow,Yard,Yard/switching,3,128555,792,184551,M407,41.147128,-100.830809,53.3,25.2,26.6
BNSF,TC0921102,2021-09-09,9:30 AM,Derailment,0,FRIDLEY,MN,69,2,Day,Clear,Yard,Yard/switching,4,13342,20800,34142,S006,45.042505,-93.272519,65.4,64,67.9
UP,0920GC033,2020-09-27,1:30 AM,Other impacts,0,MARINGOUIN,LA,70,4,Dark,Clear,Yard,Cut of cars,6,221116,0,262849,M411,30.52644,-91.554669,73,75.7,70.6
ATK,161066,2019-09-12,12:30 PM,Other (describe in narrative),0,TRENTON,NJ,90,2,Day,Clear,Main,Passenger Train - Pulling,110,31200,690,31890,E78L,40.217052,-74.742935,76.8,75.3,63.7
BNSF,TC1220105,2020-12-27,11:40 AM,Other impacts,0,ULEN,MN,20,2,Day,Cloudy,Industry,Yard/switching,1,2000,2000,14694,H301,47.057718,-96.258184,15.6,16.6,6.4
BNSF,TC1222120,2022-12-23,4:15 PM,Derailment,0,ELDRIDGE,ND,-12,2,Day,Clear,Main,Work train,20,23000,210000,233000,M101,46.898747,-98.885868,-14,-9.9,-9.9
MRL,2022053,2022-08-05,8:30 AM,Other impacts,0,WINSTON,MT,70,2,Day,Clear,Main,Spec. MoW Equip.,20,25500,0,35500,H997,46.425405,-111.625862,80.4,75.9,63.7
UP,0617KC019,2017-06-18,2:30 AM,Derailment,0,KANSAS CITY,MO,85,4,Dark,Clear,Yard,Yard/switching,3,74345,1584,93963,H307,39.123536,-94.518339,80.1,74.9,76.7
UP,0319GP006,2019-03-04,4:11 PM,Other impacts,0,NORTH PLATTE,NE,14,2,Day,Clear,Yard,Cut of cars,0,492,0,18025,M411,41.147688,-100.833722,-0.3,-3.5,8.2
UP,0723GP005,2023-07-07,6:06 PM,Other impacts,0,NORTH PLATTE,NE,81,3,Dusk,Clear,Yard,Cut of cars,5,1272,0,20531,M411,41.151452,-100.821226,60.6,70.2,60.4
BNSF,HL0722110,2022-07-16,6:21 PM,Derailment,0,OMAHA,NE,82,3,Dusk,Clear,Yard,Freight Train,9,34051,195501,229552,H702,41.21259,-95.93186,85.1,77.6,78.3
KAW,230714002,2023-07-14,5:00 PM,Other (describe in narrative),0,NORTH KANSAS CITY,MO,90,2,Day,Rain,Yard,Cut of cars,0,35000,0,35000,M103,39.142092,-94.55241,83.9,80.3,77.7
UP,0422GP015,2022-04-19,6:00 AM,Other impacts,0,NORTH PLATTE,NE,40,1,Dawn,Cloudy,Yard,Yard/switching,3,28142,0,28142,M407,41.150696,-100.812498,44.1,55.1,58.5
BNSF,MT0218106,2018-02-12,10:39 AM,Other impacts,0,HAVRE,MT,-17,2,Day,Clear,Yard,Yard/switching,6,22000,379040,401040,H703,48.554351,-109.669495,1.9,-21.7,11.8
ATK,177166,2023-11-15,8:25 PM,Obstruction,0,BOWIE,MD,52,4,Dark,Cloudy,Main,,0,0,61546,87238,M402,39.012208,-76.771901,47.7,47.2,51.3
BNSO,BNSO317121,2017-03-26,1:00 PM,Derailment,0,CHICAGO,IL,60,2,Day,Cloudy,Yard,Commuter Train - Pulling,8,10000,0,10750,H704,41.860583,-87.64081,43.4,53.7,47.6
UP,0615CB013,2015-06-21,12:35 AM,Hwy-rail crossing,1,DUNCAN,NE,70,4,Dark,Clear,Main,Freight Train,60,365737,161270,527007,M302,41.352156,-97.579344,77.5,74.7,78.8
MRL,2021052,2021-06-27,3:30 AM,Other impacts,0,LAUREL,MT,66,4,Dark,Cloudy,Yard,Cut of cars,5,1000,0,30000,H020,45.681503,-108.717701,71.4,76.9,74.1
BNSF,KS1222102,2022-12-02,1:40 AM,Side collision,0,KANSAS CITY,KS,45,4,Dark,Clear,Yard,Yard/switching,3,6517,3500,16217,E39C,39.087248,-94.697809,38.8,49.4,26.5
UP,1115CB007,2015-11-16,6:00 PM,Derailment,0,GRAND ISLAND,NE,63,3,Dusk,Cloudy,Yard,Yard/switching,5,502,12456,12958,H702,40.932322,-98.326851,48.5,55.6,42.4
TRRA,21041OR,2021-09-30,7:51 AM,Derailment,0,MADISON,IL,72,1,Dawn,Clear,Yard,,0,0,1148,1148,T220,38.672246,-90.163161,73,72.5,72.4
BNSF,NE0116109,2016-01-15,8:45 AM,Derailment,0,HOLDREGE,NE,35,1,Dawn,Cloudy,Siding,Light loco(s),4,5500,0,45500,M501,40.43212,-99.388027,40.1,32.5,26.8
CSX,000202133,2021-12-30,11:42 PM,Derailment,0,DUNDALK,MD,38,4,Dark,Clear,Yard,Freight Train,4,8900,7971,16871,H702,39.254196,-76.497296,46.9,48.1,50
MRL,2019102,2019-09-07,5:10 AM,Side collision,0,MISSOULA,MT,55,4,Dark,Cloudy,Yard,Freight Train,0,100000,0,160000,H607,46.882017,-114.004686,67.2,65.3,60.7
IR,IR233339,2023-06-10,9:30 PM,Derailment,0,OTTAWA,IL,66,4,Dark,Clear,Industry,Yard/switching,8,22000,0,22000,T216,41.348663,-88.872936,67.5,72.8,60.7
NS,153485,2023-06-30,10:00 PM,Other impacts,0,SOUTHMONT,NC,75,4,Dark,Clear,Yard,Single Car,0,2240,10537,13655,H312,35.738906,-80.33295,75.3,77.4,77.5
NS,145320,2022-05-20,10:40 PM,Other (describe in narrative),0,DECATUR,IL,60,4,Dark,Clear,Yard,Yard/switching,9,59123,20787,79910,H702,39.851597,-88.92466,70.3,76.6,61.4
UP,0816SL004,2016-08-04,6:00 AM,Fire/violent rupture,0,DEXTER,MO,75,1,Dawn,Clear,Main,Freight Train,5,18251,0,18251,E71L,36.723571,-90.423361,81.2,83.9,84.1
UP,0820MA027,2020-08-16,2:40 PM,Derailment,0,ST LOUIS,MO,83,2,Day,Cloudy,Yard,,0,0,888,888,H508,38.629602,-90.24245,78.7,74.7,75.6
NS,151090,2022-10-08,12:00 AM,Other impacts,0,MEXICO,MO,54,4,Dark,Clear,Yard,Single Car,0,27229,0,35188,H017,39.169427,-91.882444,48.9,43,50.7
ATK,136241,2015-02-10,10:35 AM,Other (describe in narrative),0,BALTIMORE,MD,25,2,Day,Clear,Main,Passenger Train - Pulling,15,10200,11000,21200,E78L,39.307599,-76.615489,35.1,32.6,33.2
TCWR,TCW022120B,2020-02-21,7:39 PM,Derailment,0,MINNEAPOLIS,MN,28,4,Dark,Clear,Yard,Freight Train,8,37104,0,63504,H503,44.974034,-93.201461,4.1,24.9,29.9
SKOL,170909001,2017-09-09,1:00 AM,Derailment,0,INDEPENDENCE,KS,62,4,Dark,Clear,Main,Freight Train,10,31006,0,31006,T221,37.263676,-95.602078,69.5,69.8,69.9
NS,154097,2023-09-02,12:15 AM,Other impacts,0,GREENSBORO,NC,68,4,Dark,Clear,Main,Single Car,9,30500,14343,114843,H318,36.035021,-79.78021,69.2,70.5,76.4
BNSF,TC0117206,2017-01-30,2:10 PM,Hwy-rail crossing,0,LYONS,NE,40,2,Day,Clear,Main,Freight Train,40,625,21293,21918,M302,42.002899,-96.489315,35.2,37.7,36.3
NS,156705,2024-05-14,1:05 PM,Other impacts,0,GREENSBORO,NC,63,2,Day,Rain,Yard,Single Car,4,45987,0,139281,H310,36.060802,-79.835085,62.5,62.6,63.2
GTW,1024355,2020-01-19,6:55 PM,Obstruction,0,VICKSBURG,MI,15,4,Dark,Cloudy,Main,Freight Train,43,3502,9420,12922,M402,42.155855,-85.467693,30.4,16.8,18.5
IC,1096213,2022-03-05,8:22 PM,Hwy-rail crossing,0,GLENDORA,MS,62,4,Dark,Clear,Main,,0,0,0,26067,M302,34.014233,-90.281499,61.7,67.6,75.1
TCWR,TCW021021A,2021-02-10,4:00 PM,Other impacts,0,GRANITE FALLS,MN,0,2,Day,Clear,Industry,Work train,10,19082,0,19082,H306,44.803082,-95.489242,4.1,0.4,-4.6
BNSF,TC1221206,2021-12-27,12:22 PM,Hwy-rail crossing,0,CLOQUET,MN,20,2,Day,Snow,Main,Freight Train,30,5000,25000,30000,M302,46.723747,-92.44062,17.4,16.8,8.2
NS,117166,2015-08-29,7:20 PM,Derailment,0,MACON,GA,75,3,Dusk,Clear,Yard,Yard/switching,2,11000,1000,12000,H995,32.813729,-83.622793,76.6,75.3,74.3
CSX,000148099,2015-06-16,5:00 PM,Other impacts,0,BALTIMORE,MD,86,3,Dusk,Cloudy,Yard,Single Car,2,400,0,14098,M599,39.23543,-76.591321,79.2,82.4,77.2
BNSF,PR0715119,2015-07-29,8:10 PM,Other impacts,0,ALLIANCE,NE,74,3,Dusk,Clear,Yard,Light loco(s),22,10000,0,40000,H307,42.084985,-102.886903,67.4,64.6,72.1
MS,MSR171919A,2019-09-04,8:00 AM,Other (describe in narrative),0,NORTH MUSKEGON,MI,58,2,Day,Rain,Siding,Cut of cars,0,12000,0,12000,M105,43.300164,-86.249096,69.4,64.1,59.7
CSX,000204923,2022-05-14,3:00 AM,Obstruction,0,PINEVILLE,KY,62,4,Dark,Clear,Main,Maint./inspect Car,22,19469,0,19469,M404,36.718915,-83.637679,69,66.4,68.8
BNSF,MT0917201,2017-09-12,3:25 PM,Hwy-rail crossing,0,WIBAUX,MT,86,2,Day,Clear,Main,Freight Train,49,13738,0,13738,M302,46.984047,-104.157091,68.9,69.3,64.7
NS,121141,2016-07-06,11:40 PM,Other impacts,0,ELKHART,IN,75,4,Dark,Clear,Yard,Yard/switching,4,3144,500,18394,H99E,41.67736,-85.978495,73.7,74.7,76.4
UP,1220HL007,2020-12-06,1:32 PM,Derailment,0,ST JOSEPH,MO,46,2,Day,Clear,Yard,Freight Train,7,294412,37480,331892,E44C,39.730373,-94.869472,32.8,34.4,35.1
BNSF,KS0717102,2017-07-18,10:57 AM,Derailment,0,KANSAS CITY,KS,85,2,Day,Clear,Yard,Cut of cars,0,24864,0,37110,H318,39.079013,-94.666541,84.8,84.8,85.4
UP,0624GC017,2024-06-16,11:45 PM,Other impacts,0,LOTTIE,LA,76,4,Dark,Clear,Yard,Light loco(s),2,123,0,212616,H306,30.521261,-91.548889,84,78.8,78.3
UP,0819PR011,2019-08-09,1:00 PM,Derailment,0,MELROSE PARK,IL,82,2,Day,Cloudy,Yard,Light loco(s),8,1000,59830,60830,H704,41.891324,-87.871421,78.2,72.8,74.8
UP,0819GL030,2019-08-19,1:43 AM,Derailment,0,BLAIR,NE,66,4,Dark,Clear,Main,Freight Train,34,21875,20736,42611,M503,41.545408,-96.137051,72.4,75.5,82.8
KCS,21033001,2021-03-30,1:40 AM,Derailment,0,RICHLAND,MS,60,4,Dark,Clear,Yard,Yard/switching,9,2491,10769,13260,M507,32.25576,-90.145661,56.3,64.6,62.8
WIRS,240526001,2024-05-26,11:30 AM,Other impacts,0,PLAQUEMINE,LA,85,2,Day,Clear,Yard,Yard/switching,3,39036,0,48116,H301,30.324441,-91.250189,84.7,84.2,87
SKOL,220414006,2022-04-14,4:30 AM,Derailment,0,MOLINE,KS,38,4,Dark,Clear,Main,Yard/switching,6,13886,0,13886,E85C,37.365389,-96.269086,52.1,48.8,62.7
BNSF,PR0117105,2017-01-09,5:15 PM,Derailment,0,AGUILAR,CO,47,3,Dusk,Clear,Siding,Cut of cars,0,21765,0,21765,M105,37.360821,-104.588676,29.2,46.8,44.7
KCS,22040703,2022-04-07,8:30 AM,Derailment,0,KANSAS CITY,MO,49,2,Day,Cloudy,Yard,Freight Train,7,63367,37131,100498,M204,39.129323,-94.536146,51.1,43.9,40.9
PW,PWR737324O,2024-03-15,3:09 AM,Derailment,0,WORCESTER,MA,45,4,Dark,Clear,Yard,,0,0,86820,113416,H503,42.253439,-71.80785,48.9,42,43.5
BNSF,HL1019117,2019-10-18,11:30 AM,Derailment,0,AMORY,MS,75,2,Day,Clear,Yard,Freight Train,10,6430,12500,18930,H704,33.971058,-88.479656,53.6,53,58.2
UP,0923GL002,2023-09-03,2:50 AM,Derailment,0,ST PAUL,MN,82,4,Dark,Cloudy,Yard,Freight Train,0,88679,0,115788,H307,44.902574,-93.042221,80.4,85,84.6
BNSF,MT0224107,2024-02-06,6:03 AM,Derailment,0,REEDPOINT,MT,35,1,Dawn,Clear,Main,Freight Train,45,25000,294600,319600,E61C,45.686047,-109.447571,40.7,38,34.5
UP,1021GL031,2021-10-22,9:19 PM,Other impacts,0,MANKATO,MN,39,4,Dark,Clear,Yard,Yard/switching,0,87241,0,108553,H702,44.193593,-93.987394,44.5,39.3,40.2
BNSF,TC1023204,2023-10-15,12:22 PM,Hwy-rail crossing,0,GRANVILLE,ND,53,2,Day,Clear,Main,Freight Train,40,15298,0,15298,M302,48.254493,-100.917334,44.4,41,49.3
BNSF,RD0520206,2020-05-27,9:32 PM,Hwy-rail crossing,0,LAFAYETTE,LA,73,4,Dark,Clear,Main,Freight Train,38,1000,27500,28500,M308,30.182606,-91.990182,75.7,76.1,74.8
RLLX,RLLX52120,2020-05-21,4:30 PM,Other impacts,0,LACASSINE,LA,84,2,Day,Clear,Yard,Yard/switching,13,10700,0,10700,H602,30.238747,-92.950707,77.9,78.9,80
BNSF,HL0722119,2022-07-25,1:13 AM,Derailment,0,NORTH KANSAS CITY,MO,75,4,Dark,Cloudy,Yard,Freight Train,6,78219,160000,238219,H525,39.138473,-94.583637,84.2,71.3,70.8
UP,1119GL011,2019-11-12,8:15 PM,Derailment,0,GRAND ISLAND,NE,31,4,Dark,Clear,Yard,Freight Train,8,36227,87725,123952,H703,40.937223,-98.31354,15.7,20.6,36.4
ATK,162667,2020-01-02,9:14 PM,Other (describe in narrative),0,NEW BRUNSWICK,NJ,42,4,Dark,Clear,Yard,,0,0,1613,12827,E78L,40.477353,-74.47079,36.6,36.2,45.1
ATK,162792,2020-01-16,5:48 PM,Obstruction,0,CLAREMONT,NH,29,3,Dusk,Cloudy,Main,Passenger Train - Pulling,66,11688,0,11688,M404,43.370403,-72.377792,36.4,30.4,9.7
UP,0919GC017,2019-09-10,3:00 PM,Hwy-rail crossing,0,OPELOUSAS,LA,89,2,Day,Clear,Main,Freight Train,40,15843,767,16610,M302,30.540731,-92.105596,81.4,79,81
BNSF,HL0322122,2022-03-27,6:46 PM,Derailment,0,HANNIBAL,MO,40,3,Dusk,Cloudy,Main,Freight Train,8,160149,2643,162792,H525,39.927031,-91.43728,40.1,35.9,39.3
BRC,14447,2021-04-06,1:20 AM,Side collision,0,BEDFORD PARK,IL,62,4,Dark,Clear,Yard,Yard/switching,2,9382,3000,24217,H307,41.767567,-87.763408,67.6,70.5,70.8
UP,0216NP010,2016-02-09,11:30 AM,Fire/violent rupture,0,BUSHNELL,NE,43,2,Day,Clear,Main,Freight Train,50,109151,0,109151,E79L,41.229402,-103.78442,30.5,37.5,42.4
ATK,160203,2019-07-22,1:00 PM,Hwy-rail crossing,0,MERIDIAN,MS,84,2,Day,Clear,Main,Passenger Train - Pulling,64,14595,0,14595,M302,32.300533,-88.762824,78.4,80,77.1
MRL,2023052,2023-05-30,6:25 AM,Head on collision,0,LAUREL,MT,55,1,Dawn,Clear,Yard,Yard/switching,5,0,0,95000,H318,45.676489,-108.734455,67.2,68.3,66.6
BNSF,TC0623104,2023-06-23,4:25 AM,Derailment,0,DILWORTH,MN,65,1,Dawn,Clear,Yard,Yard/switching,5,29944,2518,32462,H607,46.874135,-96.70448,72,65.5,68.2
CRSH,117534,2015-09-25,3:50 AM,Raking collision,0,CAMDEN,NJ,58,4,Dark,Clear,Yard,Cut of cars,0,1367,0,37713,H702,39.952292,-75.091324,67.9,67.7,65.1
UP,0322GP001,2022-03-01,10:30 AM,Derailment,0,NORTH PLATTE,NE,51,2,Day,Clear,Yard,Yard/switching,9,168763,1760,220024,H506,41.153054,-100.85136,40.6,46.4,48.9
UP,0415CB011,2015-04-28,2:20 PM,Hwy-rail crossing,0,SILVER CREEK,NE,60,2,Day,Clear,Main,Freight Train,44,19531,0,19531,M308,41.312671,-97.671697,52.2,54.5,55
UP,0721GP026,2021-07-19,4:34 AM,Other impacts,0,NORTH PLATTE,NE,63,1,Dawn,Clear,Yard,Freight Train,0,0,0,123188,H306,41.154205,-100.844309,77.4,74.7,72.1
MRL,2019107,2019-09-22,12:50 PM,Derailment,0,HELENA,MT,75,2,Day,Clear,Main,Freight Train,13,18000,0,18000,E35C,46.655746,-112.275465,55.6,62.3,60.3
BNSF,MT1214103,2014-12-13,6:43 AM,Derailment,0,CULBERTSON,MT,20,1,Dawn,Clear,Main,Freight Train,54,73372,1000,74372,E69C,48.135224,-104.586408,33.1,35.1,31.1
NS,129228,2018-04-22,11:30 PM,Derailment,0,LEXINGTON,KY,59,4,Dark,Clear,Yard,Freight Train,3,41485,320,41805,H020,38.065827,-84.516929,53.5,58.3,57
UP,0121GP021,2021-01-22,12:45 AM,Other impacts,0,NORTH PLATTE,NE,31,4,Dark,Cloudy,Yard,Cut of cars,0,32455,0,93535,S007,41.147852,-100.841472,29.8,28.7,26
BNSF,KS1020102,2020-10-01,10:59 PM,Derailment,0,NEWTON,KS,54,4,Dark,Clear,Yard,Freight Train,8,2675,137500,140175,E65C,38.035156,-97.362957,64.5,54.1,55.5
UP,0222ES035,2022-02-15,10:35 AM,Obstruction,0,DELIA,KS,52,2,Day,Clear,Main,Spec. MoW Equip.,2,9695,0,31695,H993,39.233229,-95.957052,36.5,48.9,53.7
CSX,000211994,2023-06-27,1:18 PM,Derailment,0,CUMBERLAND,MD,78,2,Day,Cloudy,Yard,Freight Train,5,42466,1438,43904,M599,39.644507,-78.760868,71.3,68.3,69.2