reportingrailroadcode,accidentnumber,date,time,accidenttype,hazmatreleasedcars,station,stateabbr,temperature,visibility_code,visibility,weathercondition,tracktype,equipmenttype,trainspeed,equipmentdamagecost,trackdamagecost,totaldamagecost,primaryaccidentcausecode,latitude,longitude,prior_temp,actual_temp,following_temp
BNSF,NE0716105,2016-07-05,10:00 PM,Derailment,0,BRADSHAW,NE,80,4,Dark,Rain,Industry,Freight Train,3,68041,250,68291,M105,40.880604,-97.805934,68.2,78.1,78.6
UP,0422GP010,2022-04-13,5:00 PM,Other impacts,0,NORTH PLATTE,NE,46,2,Day,Cloudy,Yard,Single Car,7,7080,1500,8728,M105,41.150402,-100.81012,56.5,32.3,37.2
BNSF,HL1217112,2017-12-18,9:15 AM,Derailment,0,ST LOUIS,MO,49,2,Day,Cloudy,Yard,Yard/switching,10,23265,15000,38265,H307,38.606377,-90.309026,47.1,46.6,43.5
UP,0415NP006,2015-04-11,8:45 PM,Derailment,0,NORTH PLATTE,NE,50,4,Dark,Cloudy,Yard,Yard/switching,4,19462,58540,78002,H307,41.144291,-100.794847,44.2,58.3,59.5
MRL,2021062,2021-07-26,9:18 AM,Other impacts,0,BILLINGS,MT,83,2,Day,Clear,Yard,Single Car,1,1000,0,17000,H302,45.807412,-108.44089,80,82.3,84.7
DMVW,FRED218,2016-02-18,11:25 PM,Hwy-rail crossing,0,FREDONIA,ND,30,4,Dark,Fog,Main,Freight Train,10,26298,0,26298,M306,46.326593,-99.100262,24.4,31.7,38.8
UP,0718KC006,2018-07-11,3:51 AM,Derailment,0,KANSAS CITY,MO,89,4,Dark,Clear,Yard,Yard/switching,6,9178,20599,29777,T220,39.119797,-94.537043,88.6,89.9,91.2
UP,1115NP019,2015-11-28,8:20 AM,Derailment,0,NORTH PLATTE,NE,27,2,Day,Cloudy,Yard,Yard/switching,4,13893,0,24703,S007,41.145262,-100.835807,21,25.7,28
UP,1021GL031,2021-10-22,9:19 PM,Other impacts,0,MANKATO,MN,39,4,Dark,Clear,Yard,Yard/switching,4,20112,1200,108553,H702,44.193593,-93.987394,44.5,39.3,40.2
NS,136546,2019-12-17,10:20 AM,Raking collision,0,ELKHART,IN,32,2,Day,Cloudy,Yard,Freight Train,9,87388,0,215585,H399,41.67736,-85.978495,28,29,21.5
WC,994730,2019-04-14,10:23 PM,Broken train collision,0,GARY,IN,32,4,Dark,Snow,Yard,Yard/switching,10,205149,1600,206749,H508,41.61088,-88.073467,43.6,35.3,42.8
NS,135769,2019-10-09,1:30 AM,Other (describe in narrative),0,CHICAGO,IL,57,4,Dark,Clear,Yard,Freight Train,3,0,40032,40032,H306,41.795105,-87.635349,59.2,61.1,63.9
UP,1015NP041,2015-10-31,1:49 PM,Fire/violent rupture,0,HASTINGS,NE,55,2,Day,Clear,Main,Freight Train,49,12868,0,12868,E72L,40.605948,-98.392959,41,50.2,60
DC,06,2019-04-08,10:20 PM,Derailment,0,DETROIT,MI,42,4,Dark,Clear,Main,Freight Train,6,15266,3979,19245,M299,42.267745,-83.123791,52.2,62.4,56.4
BNSF,HL0621110,2021-06-20,7:00 AM,Derailment,0,LINCOLN,NE,71,1,Dawn,Clear,Yard,Yard/switching,5,24300,7000,31300,H607,40.807682,-96.756513,79.3,79.4,70.8
CSX,000148099,2015-06-16,5:00 PM,Other impacts,0,BALTIMORE,MD,86,3,Dusk,Cloudy,Yard,Single Car,2,11298,0,14098,M599,39.23543,-76.591321,79.2,82.4,77.2
NS,146273,2022-08-23,4:15 PM,Side collision,0,DECATUR,IL,82,3,Dusk,Clear,Yard,Yard/switching,4,85000,0,87000,H318,39.858406,-88.898384,72,70.8,70.4
NS,132955,2019-02-23,12:05 PM,Other (describe in narrative),0,ELKHART,IN,42,2,Day,Cloudy,Yard,Yard/switching,2,15818,14261,30079,H306,41.67736,-85.978495,31.3,36.7,34.5
UP,0819PR006,2019-08-08,11:05 AM,Other impacts,0,NORTHLAKE,IL,82,2,Day,Clear,Yard,Yard/switching,8,7023,10388,50355,H318,41.899843,-87.907786,77.9,78,72.7
IC,1012099,2019-09-10,3:40 PM,Hwy-rail crossing,0,HAMMOND,LA,91,2,Day,Clear,Main,Freight Train,18,20000,0,20000,M308,30.505573,-90.508439,83.2,80.3,80.4
BNSF,TC1017127,2017-10-23,9:10 PM,Derailment,0,MINNEAPOLIS,MN,40,4,Dark,Clear,Yard,Yard/switching,4,58946,175922,234868,E07C,45.031609,-93.271253,53.9,52.6,44.6
UP,0624GP035,2024-06-27,2:55 PM,Derailment,0,NORTH PLATTE,NE,82,2,Day,Clear,Yard,Yard/switching,13,78266,3195,81461,E40C,41.147689,-100.843799,75.1,77.2,78.2
UP,0122GC043,2022-01-01,4:30 AM,Other impacts,0,LOTTIE,LA,74,1,Dawn,Cloudy,Yard,Yard/switching,5,344,0,23601,S016,30.523087,-91.55289,75.4,76.5,48.8
UP,0217KC004,2017-02-07,4:45 PM,Derailment,0,KANSAS CITY,MO,37,2,Day,Clear,Yard,Single Car,0,15521,0,50573,M411,39.122976,-94.516456,46.8,42.4,26.6
NS,156085,2024-03-18,1:50 AM,Derailment,0,CHARLOTTE,NC,61,4,Dark,Cloudy,Yard,Work train,4,14020,8801,22821,H599,35.228064,-80.852619,62.6,53.9,45.2
KCS,15030201,2015-03-02,12:15 PM,Other impacts,0,UNION,MS,55,2,Day,Cloudy,Yard,Cut of cars,1,8768,0,27006,H318,32.566917,-89.120556,53.3,54.4,62.5
NS,126960,2017-10-10,10:00 AM,Derailment,0,ELKHART,IN,58,2,Day,Cloudy,Yard,Yard/switching,2,13379,0,13379,M411,41.67736,-85.978495,65.6,64.3,55.7
KCS,19032202,2019-03-22,1:30 PM,Derailment,0,SHREVEPORT,LA,70,2,Day,Clear,Industry,Freight Train,5,37780,304,38084,H021,32.420616,-93.747294,60,60.8,64.3
BNSF,PR1019110,2019-10-14,4:01 AM,Derailment,0,COWLES,NE,36,1,Dawn,Clear,Main,Freight Train,9,176789,40000,216789,T212,40.237534,-98.446352,44.4,54.6,50.7
UP,0723GP005,2023-07-07,6:06 PM,Other impacts,0,NORTH PLATTE,NE,81,3,Dusk,Clear,Yard,Cut of cars,5,18259,0,20531,M411,41.151452,-100.821226,60.6,70.2,60.4
BNSF,HL0220120,2020-02-09,12:30 AM,Other (describe in narrative),0,MOUND CITY,MO,20,4,Dark,Clear,Main,Freight Train,40,40255,10000,50255,E44C,40.061179,-95.38507,28.1,35.8,31.1
NS,119799,2016-03-19,3:00 AM,Derailment,0,GEORGETOWN,KY,51,4,Dark,Clear,Yard,Freight Train,4,4600,6924,11524,H306,38.245992,-84.555282,50.6,44.3,39.5
UP,0724MA019,2024-07-08,4:53 PM,Obstruction,0,WASHINGTON,MO,82,2,Day,Rain,Main,,0,0,89648,89648,M101,38.53265,-90.924129,77,73,69.7
ATK,169884,2022-02-25,12:09 AM,Derailment,0,SAINT LOUIS,MO,19,4,Dark,Clear,Yard,Passenger Train - Pulling,10,95400,45000,140400,T220,38.620785,-90.197891,27,25.1,26.8
UP,0819GC014,2019-08-14,8:00 PM,Derailment,0,LIVONIA,LA,82,4,Dark,Cloudy,Yard,Yard/switching,10,403438,64304,467742,H303,30.532547,-91.559291,84.9,82.1,81.7
BNSF,HL0217107,2017-02-22,12:01 AM,Derailment,0,SPRINGFIELD,MO,60,4,Dark,Clear,Yard,Yard/switching,4,12663,150,12813,M411,37.227428,-93.326906,57.1,59,64.3
KCS,20051702,2020-05-17,12:30 AM,Other impacts,0,ARTESIA,MS,72,4,Dark,Cloudy,Yard,Cut of cars,5,1548,0,22270,H020,33.414151,-88.643028,76,75,69.8
UP,1216SL002,2016-12-05,12:44 PM,Obstruction,0,BRIGHTON,IL,46,2,Day,Clear,Siding,Spec. MoW Equip.,0,40000,0,130100,H307,39.056424,-90.122215,37.9,37.9,37.6
NS,116422,2015-07-08,6:15 PM,Derailment,0,PELHAM,NC,85,3,Dusk,Cloudy,Industry,Freight Train,1,12705,164,12869,M101,36.538442,-79.458779,77.5,78.3,81.9
IC,1004834,2019-07-08,7:15 PM,Side collision,0,JACKSON,MS,90,2,Day,Clear,Yard,Single Car,4,1500,0,19500,H307,32.32266,-90.172531,80.5,83.2,86.7
UP,0315NP016,2015-03-10,8:55 AM,Derailment,0,NORTH PLATTE,NE,31,2,Day,Clear,Yard,Light loco(s),1,37194,10064,47258,H017,41.1455,-100.833625,41.7,43.4,45.6
IC,846126,2015-03-02,1:40 PM,Obstruction,0,OSYKA,MS,67,2,Day,Rain,Main,,0,0,25,25283,M404,31.227353,-90.449173,58.6,61.7,66.6
CSX,000181598,2019-01-13,11:06 AM,Obstruction,0,ENFIELD,NC,34,2,Day,Rain,Main,,0,0,0,13902,M404,36.247456,-77.631393,34.2,34.9,33.1
NS,124680,2017-04-12,7:30 AM,Hwy-rail crossing,0,MARTINSBURG,MO,61,1,Dawn,Clear,Main,Freight Train,54,3452,32927,36379,M303,39.101794,-91.647234,51.7,57.2,65.6
CSX,000190008,2020-05-03,9:40 PM,Derailment,0,DETROIT,MI,66,4,Dark,Cloudy,Yard,Freight Train,3,5842,3468,149942,H702,42.326655,-83.09746,63.2,65.3,47.3
NS,156278,2024-04-06,11:00 AM,Derailment,0,WALKERTOWN,NC,61,2,Day,Clear,Industry,Cut of cars,0,67475,0,106175,H524,36.161794,-80.17776,48,48.9,52.6
CSX,000217634,2024-04-26,5:15 AM,Other (describe in narrative),0,NEW ORLEANS,LA,68,4,Dark,Clear,Yard,Yard/switching,8,169906,15284,185190,H306,30.005993,-90.019455,74.3,76.7,77.8
NS,137062,2020-02-06,5:10 AM,Derailment,0,MELVINDALE,MI,25,1,Dawn,Snow,Yard,Yard/switching,4,7582,16745,74127,T221,42.273714,-83.191677,27,26.4,29.3
UP,1218HL009,2018-12-14,4:33 AM,Derailment,0,INDEPENDENCE,MO,36,1,Dawn,Cloudy,Main,Freight Train,3,219208,44168,456404,H702,39.112603,-94.476961,42.4,37,38.3
IC,939713,2017-10-22,12:15 AM,Side collision,0,JACKSON,MS,70,4,Dark,Cloudy,Yard,Freight Train,0,16176,0,37792,M502,32.31268,-90.190934,73.7,68.8,61.1
IC,1004834,2019-07-08,7:15 PM,Side collision,0,JACKSON,MS,90,2,Day,Clear,Yard,Yard/switching,4,18000,0,19500,H307,32.32266,-90.172531,80.5,83.2,86.7
BNSF,NE0515107,2015-05-31,3:00 AM,Derailment,0,HOLDREGE,NE,54,4,Dark,Clear,Industry,Freight Train,3,42480,0,42480,H702,40.413407,-99.4184,54.6,59.3,64.2
BNSF,MT1222102,2022-12-13,9:55 PM,Derailment,0,GREAT FALLS,MT,17,4,Dark,Clear,Yard,Yard/switching,6,12011,4879,16890,H020,47.517316,-111.280885,10.3,15.5,22.9
BNSF,KS0422201,2022-04-21,8:00 AM,Hwy-rail crossing,0,COURTLAND,KS,58,1,Dawn,Fog,Main,Freight Train,17,69752,6511,76263,M302,39.798879,-97.911499,61.1,61.6,75.7
BNSF,TC0624103,2024-06-06,10:56 PM,Derailment,0,STANTON,ND,55,4,Dark,Clear,Industry,Freight Train,4,15000,5000,20000,M101,47.276969,-101.312814,62.7,60.7,55.7
NS,154476,2023-10-11,8:25 AM,Other (describe in narrative),0,BUECHEL,KY,61,2,Day,Clear,Yard,Yard/switching,5,15050,4036,19086,H702,38.193357,-85.648433,53.9,55,64.9
GRW,03,2017-01-20,2:54 PM,Derailment,0,GARY,IN,43,2,Day,Cloudy,Industry,Yard/switching,4,483,10435,10918,H702,41.61921,-87.352286,36.7,40.9,49.7
UP,0922GC025,2022-09-29,7:21 PM,Derailment,0,MARINGOUIN,LA,65,3,Dusk,Clear,Yard,Yard/switching,10,199989,600,329361,E39C,30.532596,-91.559239,68.8,62.3,63.8
CSX,000142805,2015-03-10,8:40 PM,Derailment,0,RUSSELL,KY,52,4,Dark,Rain,Yard,Cut of cars,5,12849,100,12949,H318,38.531911,-82.69725,44.2,44.8,53.1
NS,153777,2023-08-01,9:47 AM,Other (describe in narrative),0,GREENSBORO,NC,81,2,Day,Clear,Yard,Freight Train,4,8300,6095,14395,H702,36.059928,-79.842014,77.5,74.7,72.7
BNSF,HL0319113,2019-03-11,6:10 PM,Derailment,0,LINCOLN,NE,38,3,Dusk,Clear,Yard,Light loco(s),5,77532,1000,78532,H307,40.808844,-96.742076,29.3,31.3,40.6
UP,0624GC004,2024-06-03,12:34 PM,Other impacts,0,LOTTIE,LA,85,2,Day,Cloudy,Yard,Single Car,2,0,0,13668,M411,30.525665,-91.555987,75,79.2,75.7
BNSF,TC0420103,2020-04-12,5:00 PM,Derailment,0,DILWORTH,MN,48,3,Dusk,Clear,Yard,Yard/switching,4,30186,3000,33186,H607,46.874161,-96.661312,36.9,30.8,25.4
MNN,MN11112022,2022-11-11,2:15 PM,Derailment,0,ELDRED,MN,21,2,Day,Snow,Main,Freight Train,6,90000,0,90000,M101,47.673466,-96.800532,25.8,19.8,18.3
ATK,135482,2014-12-09,6:10 PM,Hwy-rail crossing,0,JACKSON,MS,46,4,Dark,Clear,Main,Passenger Train - Pulling,68,2700,0,20439,M308,32.401409,-90.148422,49.3,48,41.7
CSX,000148099,2015-06-16,5:00 PM,Other impacts,0,BALTIMORE,MD,86,3,Dusk,Cloudy,Yard,Single Car,2,400,0,14098,M599,39.23543,-76.591321,79.2,82.4,77.2
CRSH,143586,2021-11-25,4:40 AM,Other impacts,0,NEWARK,NJ,35,1,Dawn,Clear,Yard,Yard/switching,0,5000,435,42019,H318,40.705679,-74.129617,39.2,46.4,43.9
NS,114371,2015-02-15,11:15 PM,Derailment,0,LEXINGTON,KY,18,4,Dark,Clear,Yard,Freight Train,7,13014,11374,24388,H702,38.077334,-84.5184,26.5,13,12.3
PATH,I090315,2015-09-03,4:03 PM,Derailment,0,HARRISON,NJ,74,2,Day,Clear,Yard,EMU,20,9916,10489,20405,H699,40.737532,-74.148869,80.2,83.3,79.1
IC,907013,2016-11-21,6:49 PM,Derailment,0,HARVEY,IL,28,4,Dark,Clear,Yard,Freight Train,6,11000,3668,14668,H704,41.577893,-87.655726,28.9,30.7,33.9
IC,1070213,2021-05-12,5:30 PM,Derailment,0,JACKSON,MS,75,2,Day,Cloudy,Yard,Freight Train,5,33272,22601,55873,H503,32.30809,-88.191781,68,64.4,66.3
KCS,19030203,2019-03-02,10:34 PM,Derailment,0,BATON ROUGE,LA,65,4,Dark,Cloudy,Yard,Freight Train,5,7882,0,15161,H307,30.468846,-91.17695,65.5,66.9,59.7
CSX,000214426,2023-11-07,9:40 PM,Hwy-rail crossing,0,HORSE CAVE,KY,64,4,Dark,Clear,Main,Freight Train,44,715,51248,51963,M303,37.187442,-85.898081,57.9,63.9,68.3
NS,154093,2023-08-31,3:50 AM,Derailment,0,CATAWBA,NC,74,4,Dark,Clear,Industry,Freight Train,12,16000,143926,159926,E60C,35.669047,-81.044884,74.5,73.3,69.5
CSX,000179538,2018-10-26,11:55 PM,Side collision,0,INDIANAPOLIS,IN,44,4,Dark,Clear,Yard,Yard/switching,3,15372,2549,581521,H399,39.759791,-86.327526,46.2,45.7,47.4
UP,1119GP032,2019-11-26,8:30 PM,Derailment,0,NORTH PLATTE,NE,27,4,Dark,Clear,Yard,Yard/switching,9,5183,6314,11497,M101,41.151559,-100.828379,40.6,30.5,17.5
CSX,000182548,2019-01-28,11:20 AM,Obstruction,0,AUBURN,IN,32,2,Day,Snow,Industry,Freight Train,1,0,19172,19172,M101,41.352411,-85.076927,12.3,21.6,9.1
KCT,UP112318,2018-11-23,9:45 PM,Fire/violent rupture,0,KANSAS CITY,MO,45,4,Dark,Clear,Main,,0,0,0,19978,E74L,39.08858,-94.56903,51.6,49.9,49.5
NICD,N2000004,2020-03-03,9:35 AM,Other (describe in narrative),0,GARY,IN,40,2,Day,Rain,Yard,Single Car,0,33050,1584,34634,H999,41.604374,-87.334956,42.5,38.7,38.1
NS,115453,2015-04-30,6:13 AM,Hwy-rail crossing,0,ASHEVILLE,NC,72,1,Dawn,Clear,Main,Freight Train,14,30000,0,30000,M303,35.568715,-82.519047,54.3,53.8,51.9
UP,1018KC014,2018-10-10,9:00 AM,Other impacts,0,KANSAS CITY,MO,55,2,Day,Clear,Yard,Yard/switching,2,9558,50,11518,S014,39.11989,-94.53495,69.3,55.1,48.3
KCS,15013101,2015-01-31,4:00 AM,Other impacts,0,PEARL,MS,33,4,Dark,Cloudy,Yard,Single Car,0,19000,0,19000,H318,32.253303,-90.140729,46.2,46.8,57.2
BNSF,TC0817113,2017-08-24,2:25 AM,Other (describe in narrative),0,MINNEAPOLIS,MN,59,4,Dark,Cloudy,Main,,0,0,36936,36936,H403,45.016219,-93.260197,66,65.1,64.1
BNSF,HL0323118,2023-03-17,11:39 AM,Derailment,0,ST JOSEPH,MO,40,2,Day,Cloudy,Yard,Light loco(s),3,19200,0,58400,H306,39.735023,-94.854687,43.7,30.8,20.8
DMVW,DE0215280,2015-02-10,3:30 PM,Derailment,0,FULLERTON,ND,25,2,Day,Clear,Industry,Cut of cars,2,65000,0,65000,H018,46.094238,-98.254298,17.9,25.4,6.5
CSX,000202292,2022-01-07,12:25 PM,Side collision,0,INDIANAPOLIS,IN,16,2,Day,Clear,Yard,Freight Train,0,95099,1576,187336,H702,39.759798,-86.327516,14.8,11.2,24.6
NS,125030,2017-05-12,7:30 PM,Derailment,0,ALTON,IL,72,3,Dusk,Clear,Industry,Freight Train,7,9580,1500,11080,H306,38.888699,-90.180439,66.6,64.5,66.5
BNSF,MT0919101,2019-09-01,8:45 AM,Side collision,0,GLENDIVE,MT,68,1,Dawn,Clear,Yard,Cut of cars,0,11197,0,18697,H307,47.102861,-104.713515,63.3,65.9,69.7
UP,0515LV010,2015-05-19,12:45 PM,Derailment,0,ADDIS,LA,88,2,Day,Clear,Yard,Freight Train,7,341821,412849,754670,E40C,30.395018,-91.322137,75.5,75,75.1
NS,157315,2024-07-09,1:30 AM,Derailment,0,WENTZVILLE,MO,66,4,Dark,Rain,Yard,Freight Train,8,28715,5305,34020,H220,38.810377,-90.814335,72.8,69.4,75.6
MACZ,179430,2024-04-17,7:22 PM,Obstruction,0,MIDDLE RIVER,MD,66,3,Dusk,Clear,Main,Commuter Train - Pulling,58,398467,0,398467,M503,39.3336,-76.43626,63.7,60.5,59.6
BNSF,NE0215110,2015-02-27,11:00 PM,Derailment,0,LINCOLN,NE,25,4,Dark,Clear,Yard,Freight Train,10,13575,0,13575,E4BC,40.807486,-96.73208,8.2,7.9,15.8
BNSF,HL0921101,2021-09-01,12:18 AM,Derailment,0,AMORY,MS,71,4,Dark,Cloudy,Main,Freight Train,51,20000,3900,23900,M404,33.940756,-88.448568,75.8,78.6,77.8
CSX,000183593,2019-06-16,12:24 AM,Derailment,0,LOUISVILLE,KY,72,4,Dark,Clear,Yard,Yard/switching,5,54221,5000,59221,E07C,38.160709,-85.749174,76.5,76.6,74.8
CSX,000181270,2019-02-09,8:50 PM,Other impacts,0,INDIANAPOLIS,IN,25,4,Dark,Clear,Yard,Single Car,10,9435,0,17822,E04C,39.759791,-86.327526,18.3,18.8,27.1
MRL,2021052,2021-06-27,3:30 AM,Other impacts,0,LAUREL,MT,66,4,Dark,Cloudy,Yard,Yard/switching,0,29000,0,30000,H020,45.681503,-108.717701,71.4,76.9,74.1
BNSF,MT0821106,2021-08-25,5:30 PM,Derailment,0,GREAT FALLS,MT,75,3,Dusk,Clear,Yard,Yard/switching,5,72806,220000,292806,H514,47.50342,-111.32588,53.5,57.1,61.6
UP,0224GL024,2024-02-16,8:00 PM,Derailment,0,SOUTH ST PAUL,MN,13,4,Dark,Clear,Yard,Yard/switching,4,8715,9800,18515,H702,44.902907,-93.042623,23.9,13.9,18.8
BNSF,PR0718103,2018-07-08,1:45 PM,Derailment,0,MCCOOK,NE,80,2,Day,Clear,Yard,Freight Train,5,3200,9700,12900,H307,40.197268,-100.62925,79.9,82.7,80.9
ATK,171095,2022-06-27,12:42 PM,Hwy-rail crossing,0,MENDON,MO,80,2,Day,Clear,Main,Passenger Train - Pulling,89,3500000,0,3907000,M302,39.560581,-93.181186,73.6,69.7,72.1
GTW,864691,2015-09-07,2:25 AM,Hwy-rail crossing,0,NEWPORT,MI,73,4,Dark,Clear,Main,Freight Train,23,0,15943,15943,M399,42.002365,-83.308853,76.2,79,78.5
NS,126392,2017-08-26,3:45 AM,Other impacts,0,WILMORE,KY,73,4,Dark,Clear,Main,Freight Train,40,11087,0,11187,E89C,37.791745,-84.726513,66.4,67.2,70
KCS,21071302,2021-07-13,3:59 PM,Hwy-rail crossing,0,BROOKLYN,MS,90,2,Day,Clear,Main,Freight Train,40,10,11540,11550,M308,31.058938,-89.188087,75,78.9,80.1
NS,113423,2014-12-13,4:45 AM,Derailment,0,LIBERTY GROVE,MD,37,1,Dawn,Clear,Main,Freight Train,21,3400,227373,230773,E06C,39.63988,-76.148015,37,36.5,40
UP,0723GL039,2023-07-28,6:00 AM,Derailment,0,ST PAUL,MN,71,1,Dawn,Clear,Yard,Yard/switching,4,250,36080,36330,H702,44.915365,-93.055431,83.2,77,72.3
UP,0319GP046,2019-03-24,10:45 PM,Derailment,0,NORTH PLATTE,NE,47,4,Dark,Cloudy,Yard,Yard/switching,8,11658,4058,15716,E42C,41.151705,-100.818203,44.5,46.3,46.1
MWS,M2023AUG1D,2023-08-29,8:00 AM,Side collision,0,BEDFORD PARK,IL,84,2,Day,Cloudy,Yard,Yard/switching,10,20000,120000,300000,H306,41.766172,-87.77746,70.9,72.3,65.7
UP,0115NP034,2015-01-23,7:15 PM,Derailment,0,NORTH PLATTE,NE,30,4,Dark,Cloudy,Yard,Yard/switching,9,3392,7322,10714,H702,41.154746,-100.855578,25,28.4,35.9
IC,851525,2015-05-28,10:11 AM,Side collision,0,JACKSON,MS,76,2,Day,Clear,Yard,Freight Train,8,32339,0,323669,H706,32.325708,-90.18754,75,76.8,78.6
BNSF,CH0715113,2015-07-18,4:30 AM,Derailment,0,GALESBURG,IL,72,1,Dawn,Clear,Yard,Yard/switching,8,39000,164000,203000,H504,40.870288,-90.394751,81.3,80.6,75.3
UP,0319GP006,2019-03-04,4:11 PM,Other impacts,0,NORTH PLATTE,NE,14,2,Day,Clear,Yard,Yard/switching,4,2051,15482,18025,M411,41.147688,-100.833722,-0.3,-3.5,8.2
SKOL,220311006,2022-03-11,3:58 AM,Derailment,0,MOLINE,KS,45,4,Dark,Clear,Industry,Yard/switching,6,11060,500,11560,T221,37.358384,-96.267639,31.4,27.2,31.8
IHB,2702,2021-10-02,5:15 AM,Derailment,0,BURNHAM,IL,63,4,Dark,Clear,Yard,Yard/switching,2,12100,3982,16082,H702,41.645926,-87.525256,70.4,69.3,67.4
UP,0919GC027,2019-09-13,5:10 PM,Hwy-rail crossing,0,KEATCHIE,LA,95,2,Day,Cloudy,Main,Freight Train,36,13404,832,14236,M302,32.193742,-93.893292,82.9,83.7,87.4
NS,121521,2016-08-02,12:50 PM,Hwy-rail crossing,0,WINSLOW,IN,88,2,Day,Clear,Main,Freight Train,0,2912,10000,12912,M308,38.398004,-87.223707,76,77.7,78.6
BNSF,MT0518103,2018-05-12,10:34 AM,Other (describe in narrative),0,WILLISTON,ND,50,2,Day,Clear,Main,Freight Train,8,0,20000,20000,H702,48.144088,-103.602347,44.8,51.3,56
CSX,000214244,2023-10-26,4:15 PM,Hwy-rail crossing,0,MARSHVILLE,NC,79,3,Dusk,Clear,Main,Freight Train,39,3951,15508,19459,M303,34.986456,-80.391303,57.7,63.3,65.4
NS,154168,2023-09-09,3:32 PM,Other impacts,0,SOUTHMONT,NC,84,2,Day,Clear,Yard,Single Car,4,0,3768,13350,H312,35.738906,-80.33295,77.4,72,71.6
CSX,000219495,2024-06-20,8:30 PM,Obstruction,0,PLAISTOW,NH,75,4,Dark,Rain,Main,,0,0,0,27604,M404,42.847774,-71.086642,82.6,82.6,72.8
BNSF,TC1217100,2017-12-01,1:15 PM,Obstruction,0,HIBBING,MN,40,2,Day,Clear,Industry,Freight Train,1,11000,0,11000,M404,47.48045,-92.967995,32.4,29.2,27.7
MRL,2023052,2023-05-30,6:25 AM,Head on collision,0,LAUREL,MT,55,1,Dawn,Clear,Yard,Single Car,10,95000,0,95000,H318,45.676489,-108.734455,67.2,68.3,66.6
ATK,143486,2016-07-27,5:25 PM,Other (describe in narrative),0,WOODBRIDGE,NJ,85,3,Dusk,Clear,Main,Passenger Train - Pulling,60,20259,0,20259,E78L,40.554593,-74.344133,82,82.4,81.8
CSX,000180540,2019-01-01,12:40 AM,Derailment,2,AURORA,NC,66,4,Dark,Clear,Main,Freight Train,23,519954,97,742355,T215,35.339048,-76.926499,60.6,68.8,54.2
NCRC,OP011422,2022-01-14,3:05 AM,Derailment,0,ORD,NE,16,4,Dark,Clear,Siding,Freight Train,5,10000,37766,47766,H702,41.59138,-98.90386,41.6,31.5,17.5
UP,0220GC027,2020-02-23,11:45 PM,Derailment,0,DONALDSONVILLE,LA,56,4,Dark,Cloudy,Yard,Yard/switching,6,15470,66,15536,H306,30.09091,-90.990479,48.7,57.9,65.3
UP,0616SL007,2016-06-16,7:55 AM,Derailment,0,ST LOUIS,MO,91,2,Day,Clear,Yard,Yard/switching,8,19952,53983,73935,H703,38.612267,-90.190653,86.5,88.2,79.4
UP,0920GL020,2020-09-16,9:50 AM,Other impacts,0,COLUMBUS,NE,62,2,Day,Clear,Yard,Freight Train,4,147167,14803,427722,H702,41.427644,-97.363699,67.8,62.6,57.4
DMVW,DE123016,2016-12-30,2:15 AM,Derailment,0,UNDERWOOD,ND,5,4,Dark,Clear,Industry,Freight Train,5,20942,0,20942,M101,47.374139,-101.098001,17.9,18.1,18.8
CSX,000138868,2014-12-14,3:00 AM,Derailment,0,HAMLET,NC,40,4,Dark,Clear,Yard,Single Car,9,32054,3500,35554,H993,34.91463,-79.670657,45.3,42.7,43.9
BNSF,TC0916104,2016-09-06,3:35 PM,Derailment,0,FREMONT,NE,91,2,Day,Clear,Industry,Freight Train,4,58595,6000,64595,E4BC,41.465235,-96.492555,79.2,78.8,73.4
ATK,180793,2024-06-20,8:30 PM,Obstruction,0,PLAISTOW,NH,75,4,Dark,Clear,Main,Passenger Train - Pushing,72,27604,0,27604,M404,42.84751,-71.08691,82.6,82.6,72.8
NS,153971,2023-08-19,4:00 PM,Other impacts,0,GREENSBORO,NC,90,3,Dusk,Clear,Yard,Freight Train,7,6350,0,32254,H306,36.059928,-79.842014,76.6,72.8,76.6
NIRC,941000462,2021-09-25,11:10 AM,Hwy-rail crossing,0,CHICAGO,IL,68,2,Day,Clear,Main,Commuter Train - Pushing,77,4500,46042,50542,M302,41.72131,-87.65026,66,61.1,69.4
NS,156783,2024-05-21,2:00 AM,Other impacts,0,CHARLOTTE,NC,75,4,Dark,Clear,Yard,Single Car,0,46823,0,144269,H318,35.247627,-80.811161,70.5,72.8,75.3
UP,0422GP010,2022-04-13,5:00 PM,Other impacts,0,NORTH PLATTE,NE,46,2,Day,Cloudy,Yard,Single Car,0,148,0,8728,M105,41.150402,-100.81012,56.5,32.3,37.2
CRSH,137873,2020-05-03,9:40 PM,Derailment,0,DETROIT,MI,52,4,Dark,Cloudy,Yard,,0,0,140632,149942,H702,42.320592,-83.134192,63.2,65.3,47.3
BNSF,PR0719102,2019-07-02,12:45 PM,Derailment,0,AURORA,NE,84,2,Day,Clear,Yard,Cut of cars,10,26710,0,26710,H020,40.862578,-98.001098,79.8,76.8,77.4
BNSF,MT1223102,2023-12-14,4:16 AM,Derailment,0,MINOT,ND,30,1,Dawn,Clear,Yard,Freight Train,5,18755,26192,44947,H307,48.237789,-101.293728,30.8,32.4,25.1