reportingrailroadcode,accidentnumber,date,time,accidenttype,hazmatreleasedcars,station,stateabbr,temperature,visibility_code,visibility,weathercondition,tracktype,equipmenttype,trainspeed,equipmentdamagecost,trackdamagecost,totaldamagecost,primaryaccidentcausecode,latitude,longitude,prior_temp,actual_temp,following_temp
BNSF,TC0915105,2015-09-12,4:45 AM,Raking collision,0,GRAND FORKS,ND,43,4,Dark,Clear,Main,Yard/switching,6,19069,0,19069,H302,47.977176,-97.088446,54.3,60.1,68.8
UP,0422GP006,2022-04-09,3:30 PM,Other impacts,0,NORTH PLATTE,NE,82,2,Day,Clear,Yard,Cut of cars,0,49416,2360,63160,E06C,41.151849,-100.824697,42.9,53,50.5
UP,0822HL022,2022-08-23,6:40 PM,Derailment,0,SALINA,KS,88,3,Dusk,Clear,Yard,,0,0,700,40700,H704,38.854928,-97.593593,75.1,75.7,77.7
NS,145188,2022-05-05,1:35 PM,Side collision,0,NEW ORLEANS,LA,72,2,Day,Clear,Yard,Cut of cars,0,0,0,40598,H307,29.975954,-90.044582,81.4,81.7,77.7
NS,153971,2023-08-19,4:00 PM,Other impacts,0,GREENSBORO,NC,90,3,Dusk,Clear,Yard,Cut of cars,0,6222,19682,32254,H306,36.059928,-79.842014,76.6,72.8,76.6
CSX,000220165,2024-08-26,2:50 PM,Other impacts,0,MONROE,NC,91,2,Day,Clear,Yard,Freight Train,3,5000,257,55257,H021,34.984837,-80.548089,72,74.3,76.8
MDDE,050124,2024-05-01,10:40 AM,Other (describe in narrative),0,FEDERALSBURG,MD,75,2,Day,Clear,Siding,Freight Train,0,0,0,0,H999,38.686632,-75.782167,73.3,70.3,71.7
TCWR,01222020A,2020-01-22,9:00 AM,Derailment,0,SACRED HEART,MN,34,2,Day,Cloudy,Siding,Work train,6,12800,12800,25600,M101,44.788456,-95.339412,12.4,32.6,30.8
NS,156637,2024-05-08,10:10 AM,Derailment,0,DURHAM,NC,77,2,Day,Cloudy,Industry,Light loco(s),6,12400,0,12400,M101,35.982604,-78.885846,74.3,77,72.2
KCT,UP220528,2022-05-28,12:16 AM,Obstruction,0,KANSAS CITY,MO,65,4,Dark,Clear,Main,,0,0,5000,869635,H499,39.09435,-94.53928,64.4,74.5,79.1
CSX,000140086,2015-01-15,8:00 PM,Derailment,0,WILMINGTON,NC,42,4,Dark,Cloudy,Yard,Yard/switching,4,65488,602,66090,T221,34.275186,-78.047045,35.6,40.7,44.6
CSX,000212881,2023-08-11,1:51 AM,Other impacts,0,CURTIS BAY,MD,75,4,Dark,Clear,Yard,Yard/switching,4,10412,0,13784,H018,39.218816,-76.584115,76.7,78.2,81.3
UP,0518NP010,2018-05-07,2:09 AM,Other impacts,0,NORTH PLATTE,NE,50,4,Dark,Cloudy,Yard,Yard/switching,4,3609,9367,12976,M411,41.145686,-100.807486,62.8,67.1,68.6
MBTA,2024057,2024-04-17,3:42 PM,Hwy-rail crossing,0,BEVERLY,MA,48,2,Day,Clear,Main,Passenger Train - Pushing,45,31487,0,31487,M302,42.559576,-70.824784,53.3,45.9,45
UP,0523HL031,2023-05-25,11:34 AM,Derailment,0,KANSAS CITY,KS,74,2,Day,Clear,Yard,Cut of cars,0,23589,0,100760,M203,39.097463,-94.665905,71,73.9,70.6
BNSF,TC1020105,2020-10-15,3:49 PM,Derailment,0,HIBBING,MN,35,2,Day,Snow,Industry,Freight Train,1,500,17106,17606,H607,47.478892,-92.971367,37.4,33.4,28.4
NS,129977,2018-06-26,6:20 PM,Other impacts,0,SPENCER,NC,79,3,Dusk,Clear,Yard,Cut of cars,0,2500,0,10779,M411,35.734074,-80.339009,76.3,72.2,73
BNSF,MT1017101,2017-10-13,5:00 PM,Side collision,0,WILLISTON,ND,46,3,Dusk,Cloudy,Main,Freight Train,47,1248983,982030,2531542,H021,48.150048,-103.576409,42.3,35,38.9
NS,154097,2023-09-02,12:15 AM,Other impacts,0,GREENSBORO,NC,68,4,Dark,Clear,Main,Freight Train,10,70000,0,114843,H318,36.035021,-79.78021,69.2,70.5,76.4
BNSF,PR0518106,2018-05-09,5:35 AM,Derailment,0,ALLIANCE,NE,45,1,Dawn,Clear,Yard,Yard/switching,3,16259,0,16259,H307,42.07803,-102.890573,61,60.1,59.3
UP,0216NP004,2016-02-03,5:48 PM,Other (describe in narrative),0,NORTH PLATTE,NE,1,3,Dusk,Snow,Yard,Single Car,0,15772,0,15772,M411,41.14488,-100.804752,26.4,18.1,16.1
NJTR,201508495,2015-07-16,10:20 AM,Other (describe in narrative),0,WEEHAWKEN,NJ,80,2,Day,Clear,Main,Commuter Train - Pulling,45,11000,0,11000,E78L,40.77107,-74.054045,76.8,72.1,72.9
LSI,64786,2015-07-18,1:35 PM,Derailment,0,MARQUETTE,MI,75,2,Day,Clear,Yard,Freight Train,8,65028,62869,127897,M507,46.582689,-87.403908,63,71.3,74
BNSF,KS1020106,2020-10-15,3:15 PM,Derailment,0,KANSAS CITY,KS,60,2,Day,Clear,Yard,Freight Train,6,29888,30000,59888,H307,39.080348,-94.671214,68.3,55.2,48.9
CP,1000368739,2016-03-24,12:23 PM,Hwy-rail crossing,0,CALLAWAY,MN,37,2,Day,Clear,Main,Freight Train,40,228855,230860,459715,M302,46.977341,-95.911177,33.1,33.5,35.6
NS,143290,2021-10-27,7:20 PM,Derailment,0,WENTZVILLE,MO,59,3,Dusk,Rain,Industry,Yard/switching,9,12139,0,12139,E39C,38.812425,-90.832584,49.7,56.5,52.6
BNSF,TC0822204,2022-08-17,11:30 AM,Hwy-rail crossing,0,PLAINVIEW,NE,82,2,Day,Clear,Main,Freight Train,10,25000,0,25000,M302,42.34949,-97.7779,68.3,70.2,74.9
UP,0715NP020,2015-07-28,9:30 AM,Derailment,0,SIDNEY,NE,78,2,Day,Clear,Yard,Yard/switching,5,8834,225,24219,H021,41.145938,-102.990991,77.2,70,67.9
BNSF,MT1022102,2022-10-07,2:15 AM,Derailment,0,MINOT,ND,25,4,Dark,Clear,Yard,Yard/switching,8,6399,9083,15482,H307,48.233087,-101.304178,38.2,40.3,55.5
TRRA,23040OR,2023-08-15,9:18 PM,Derailment,0,VENICE,IL,72,4,Dark,Clear,Yard,Freight Train,2,124500,17033,141533,M405,38.674213,-90.161507,75.9,69.6,70.8
BNSF,MT0123103,2023-01-07,2:30 AM,Derailment,0,HAVRE,MT,5,4,Dark,Clear,Yard,Light loco(s),4,500,15225,15725,M404,48.554746,-109.660545,14.4,20.9,13.1
BNSF,CH0923101,2023-09-04,3:45 PM,Derailment,0,CICERO,IL,88,2,Day,Clear,Yard,Light loco(s),5,10000,111369,121369,E51L,41.837906,-87.766007,81.3,82.5,82.6
UP,0417NP025,2017-04-22,12:16 PM,Other impacts,0,NORTH PLATTE,NE,75,2,Day,Cloudy,Yard,Yard/switching,6,10812,93048,109811,H601,41.146186,-100.834233,49.8,46.6,54.1
MNCW,74117,2021-02-10,1:00 AM,Other impacts,0,STAMFORD,CT,30,4,Dark,Clear,Yard,Yard/switching,2,22391,0,44782,M199,41.049261,-73.053406,24.2,24.8,25.5
BNSF,CH0715101,2015-07-03,12:13 PM,Derailment,0,AURORA,IL,82,2,Day,Clear,Yard,Yard/switching,5,10000,18500,28500,T217,41.775567,-88.240809,61.1,66.6,69.7
BRC,014227,2019-02-02,6:00 AM,Derailment,0,BEDFORD PARK,IL,20,4,Dark,Clear,Yard,Freight Train,3,10839,12300,23139,H310,41.767267,-87.784989,12.3,31,43.1
NECR,NEC347220A,2020-01-16,5:48 PM,Obstruction,0,CLAREMONT,NH,29,3,Dusk,Snow,Main,,0,0,0,11688,E79L,43.370403,-72.377792,36.4,30.4,9.7
CSX,000213130,2023-08-27,3:42 AM,Other impacts,0,ROCKY MOUNT,NC,75,4,Dark,Clear,Yard,Cut of cars,0,33307,0,92487,H306,35.917687,-77.805567,84,79.9,78.3
IC,1010946,2019-08-29,3:00 AM,Side collision,0,ST GABRIEL,LA,80,4,Dark,Rain,Yard,Single Car,0,16000,0,16600,H301,30.175869,-90.986413,82.7,82.3,82.5
UP,0516CB006,2016-05-17,6:40 PM,Derailment,0,OMAHA,NE,68,2,Day,Clear,Main,Freight Train,14,150468,101400,251868,M405,41.24976,-95.92117,53.3,56.3,59.3
ATK,136438,2015-02-10,11:45 AM,Other (describe in narrative),0,BALTIMORE,MD,25,2,Day,Clear,Main,Passenger Train - Pulling,110,356,11000,11356,E78L,39.307599,-76.615489,35.1,32.6,33.2
UP,1218MA076,2018-12-27,12:30 PM,Derailment,0,STE GENEVIEVE,MO,47,2,Day,Rain,Industry,Yard/switching,5,30535,100,30635,M504,37.969932,-90.076063,41,51.1,36.6
IC,1097172,2022-03-14,4:45 AM,Derailment,0,JACKSON,MS,53,4,Dark,Cloudy,Yard,Freight Train,4,6721,40528,47249,H503,32.312242,-90.188577,43.1,53.6,59.1
UP,0719GP026,2019-07-23,3:30 AM,Other impacts,0,NORTH PLATTE,NE,58,4,Dark,Clear,Yard,Freight Train,0,14063,0,14577,H602,41.143751,-100.795476,68.5,68.1,73.2
UP,0321GP006,2021-03-05,11:00 AM,Other impacts,0,NORTH PLATTE,NE,52,2,Day,Clear,Yard,Cut of cars,1,106590,0,114882,M407,41.1437,-100.795497,44.9,46,51.3
MRL,2019118,2019-10-16,3:50 AM,Derailment,0,HELENA,MT,35,4,Dark,Clear,Yard,Freight Train,8,200000,23500,223500,H306,46.599682,-112.006761,41.7,49.2,49.6
PSBX,15060501,2015-06-05,7:00 AM,Other (describe in narrative),0,SHREVEPORT,LA,90,1,Dawn,Clear,Industry,Cut of cars,0,7495,0,364389,M103,32.360609,-93.628973,77.9,79.3,81
NS,129977,2018-06-26,6:20 PM,Other impacts,0,SPENCER,NC,79,3,Dusk,Clear,Yard,Single Car,2,3500,4779,10779,M411,35.734074,-80.339009,76.3,72.2,73
UP,0320GL002,2020-03-05,12:00 PM,Fire/violent rupture,0,FREMONT,NE,51,2,Day,Clear,Main,Freight Train,0,326281,0,326281,E79L,41.427774,-96.451961,47.8,44.5,39
BNSF,TC1116116,2016-11-28,8:53 PM,Derailment,0,MINNEAPOLIS,MN,35,4,Dark,Cloudy,Yard,Yard/switching,10,9411,4500,13911,S007,45.032475,-93.27063,35.3,47.3,36.4
KCS,20041401,2020-04-14,8:10 AM,Derailment,0,JACKSON,MS,54,2,Day,Clear,Main,,0,0,3635,16543,E71L,32.300265,-90.191306,53.8,52.3,52
NS,114278,2015-02-09,4:10 PM,Side collision,0,HALFWAY,MD,33,3,Dusk,Cloudy,Yard,Freight Train,0,2,372,147374,H210,39.625402,-77.736338,37.5,35.2,31.7
CSX,000175342,2018-03-21,2:30 AM,Other impacts,0,INDIANAPOLIS,IN,30,4,Dark,Clear,Yard,Single Car,3,41000,0,97620,H318,39.759791,-86.327526,35.7,35.4,35.9
NS,127161,2017-10-25,5:30 AM,Derailment,0,NEW HAVEN,IN,40,1,Dawn,Clear,Yard,Yard/switching,5,8572,6904,15476,H306,41.074135,-85.038844,46.9,42.6,42.8
UP,1020HL012,2020-10-18,7:30 PM,Derailment,0,NEBRASKA CITY,NE,41,3,Dusk,Rain,Industry,Freight Train,6,22682,40000,62682,E85C,40.652151,-95.81499,58.9,40.9,39.8
UP,0922GP007,2022-09-07,6:10 AM,Derailment,0,SIDNEY,NE,66,1,Dawn,Clear,Yard,Freight Train,7,9445,88768,98213,H307,41.146223,-102.972795,81.3,81.7,82.3
CRSH,121031,2016-06-28,1:45 AM,Raking collision,0,CAMDEN,NJ,72,4,Dark,Rain,Yard,Yard/switching,4,9795,0,20454,H318,39.951361,-75.090918,73.6,75.5,76.6
CSX,000142731,2015-03-09,12:19 PM,Hwy-rail crossing,0,HALIFAX,NC,64,2,Day,Clear,Main,,0,0,30713,2044084,M303,36.330764,-77.59412,50.7,53.2,59.2
CSX,000182736,2019-05-01,3:03 PM,Hwy-rail crossing,0,CRAWFORDSVILLE,IN,70,2,Day,Rain,Main,Maint./inspect Car,33,15000,0,15000,M399,40.011175,-86.828397,54.9,64.2,61.1
IHB,2618,2020-07-23,7:00 AM,Derailment,0,EAST CHICAGO,IN,74,1,Dawn,Clear,Yard,,0,0,16040,16040,H602,41.650642,-87.437414,76.4,72.8,74.1
RTDC,16865,2016-07-25,10:43 PM,Derailment,0,DENVER,CO,57,4,Dark,Clear,Yard,EMU,14,25841,1000,26841,H607,39.789985,-104.995987,76.1,75.3,79
BNSF,HL1221103,2021-12-05,9:15 PM,Derailment,0,LINCOLN,NE,30,4,Dark,Clear,Yard,Freight Train,10,13900,4500,18400,H504,40.808097,-96.727825,38.9,44.5,25.7
UP,0817DV010,2017-08-07,10:53 AM,Derailment,0,SHARON SPRINGS,KS,72,2,Day,Cloudy,Siding,Freight Train,8,19158,432,19590,H702,38.894536,-101.718439,68.8,63.6,63.8
MRL,2021062,2021-07-26,9:18 AM,Other impacts,0,BILLINGS,MT,83,2,Day,Clear,Yard,Single Car,4,16000,0,17000,H302,45.807412,-108.44089,80,82.3,84.7
CSX,000202443,2022-01-14,9:40 PM,Derailment,0,NEWARK,NJ,28,4,Dark,Clear,Yard,Freight Train,3,5150,0,14578,H704,40.686535,-74.162575,36.9,36.8,15.9
NJTR,201509544,2015-09-04,5:50 AM,Derailment,0,HARRISON,NJ,72,1,Dawn,Clear,Yard,Yard/switching,10,13400,0,13400,H704,40.742073,-74.139213,83.3,79.1,73.4
NS,156014,2024-03-12,3:15 AM,Other impacts,0,CHARLOTTE,NC,48,4,Dark,Clear,Yard,Yard/switching,4,18541,5283,23824,H318,35.228064,-80.852619,49.7,55.3,61.4
MCRL,MC240423A,2024-04-23,5:53 PM,Other (describe in narrative),0,NEW BEDFORD,MA,50,2,Day,Clear,Main,Freight Train,10,2525,37693,40218,M599,41.679711,-70.940407,47.1,45.5,50.9
BNSF,HL1016103,2016-10-07,4:20 AM,Derailment,0,SPRINGFIELD,MO,63,1,Dawn,Cloudy,Yard,Freight Train,10,29792,200,29992,H704,37.229558,-93.305372,73,57.4,55.1
NS,151090,2022-10-08,12:00 AM,Other impacts,0,MEXICO,MO,54,4,Dark,Clear,Yard,Single Car,20,7959,0,35188,H017,39.169427,-91.882444,48.9,43,50.7
UP,0324GP004,2024-03-03,8:00 PM,Other impacts,0,NORTH PLATTE,NE,40,4,Dark,Clear,Yard,Freight Train,10,66571,0,71681,H306,41.14921,-100.852411,43.9,44.2,40.8
IHB,2264,2016-11-17,6:40 PM,Other impacts,0,GARY,IN,60,4,Dark,Clear,Industry,Yard/switching,4,63000,0,63000,H021,41.602137,-87.439913,47.2,59,56.7
UP,0122GC043,2022-01-01,4:30 AM,Other impacts,0,LOTTIE,LA,74,1,Dawn,Cloudy,Yard,Single Car,5,23257,0,23601,S016,30.523087,-91.55289,75.4,76.5,48.8
CSX,000203148,2022-02-17,11:40 AM,Derailment,0,NEWARK,NJ,47,2,Day,Cloudy,Yard,Freight Train,3,6582,0,16478,H702,40.704566,-74.129962,35.4,57.5,45.9
IAIS,2020009,2020-03-20,3:13 AM,Obstruction,0,PERU,IL,45,4,Dark,Cloudy,Main,Freight Train,22,30486,0,30486,M402,41.325121,-89.121277,51,42.2,33.2
IC,851394,2015-05-27,4:30 AM,Side collision,0,BATON ROUGE,LA,81,4,Dark,Cloudy,Yard,Freight Train,5,11149,25,115473,H307,30.469647,-91.189297,73.3,72.2,77.3
ATK,166782,2021-04-05,6:40 AM,Hwy-rail crossing,0,HUDSONVILLE,MI,53,1,Dawn,Cloudy,Main,Passenger Train - Pulling,61,80799,0,80799,M308,42.841031,-85.934906,52.8,58.7,63.5
CSX,000219046,2024-07-02,4:15 PM,Other impacts,0,MATTAWAMKEAG,ME,81,3,Dusk,Clear,Yard,Cut of cars,3,23188,2955,28643,H018,45.508939,-68.356683,69.2,69.2,70.7
BNSF,MT0324109,2024-03-30,11:46 PM,Obstruction,0,TIOGA,ND,24,4,Dark,Clear,Main,,0,0,0,13166,M402,48.391715,-103.047709,30.9,27.2,25.5
UP,0419GP050,2019-04-27,10:26 PM,Fire/violent rupture,0,SUTHERLAND,NE,51,4,Dark,Clear,Main,Freight Train,40,326281,0,326281,E73L,41.173181,-101.205524,55.8,49.2,46.6
NSSR,2401,2024-08-21,10:00 PM,Derailment,0,DULUTH,MN,77,4,Dark,Clear,Yard,Passenger Train - Pushing,6,54000,0,54000,M503,46.778053,-92.107133,61.1,63,64
CSX,000180519,2018-12-30,10:27 AM,Derailment,2,MARION,NC,52,2,Day,Clear,Main,Freight Train,22,40931,2037,42968,M199,35.857598,-82.005269,49.2,48.4,51.6
UP,0315KC002,2015-03-05,1:43 AM,Derailment,0,KANSAS CITY,KS,9,4,Dark,Clear,Yard,Yard/switching,3,3886,54087,57973,S103,39.092662,-94.653588,25.8,23.1,43.7
NS,130922,2018-09-12,3:00 PM,Obstruction,0,MILAN,MI,58,2,Day,Cloudy,Main,Spec. MoW Equip.,16,39342,0,39342,H997,42.079873,-83.681005,64.1,62.7,66.1
ATK,159188,2019-05-24,10:25 AM,Hwy-rail crossing,0,TINSLEY,MS,86,2,Day,Clear,Main,Passenger Train - Pulling,51,250000,0,250000,M302,32.718598,-90.438267,80.2,79.8,79.9
KCS,20051702,2020-05-17,12:30 AM,Other impacts,0,ARTESIA,MS,72,4,Dark,Cloudy,Yard,Cut of cars,2,20722,0,22270,H020,33.414151,-88.643028,76,75,69.8
KO,211215004,2021-12-15,3:30 PM,Derailment,0,ALAMOTA,KS,40,2,Day,Clear,Main,Freight Train,0,50759,337199,387958,M406,38.46248,-100.348858,47.6,49.3,30.5
UP,0520GC024,2020-05-27,10:50 PM,Other impacts,0,LAKE CHARLES,LA,66,4,Dark,Cloudy,Yard,Single Car,0,157,0,23207,M599,30.238434,-93.193701,73.2,73.4,72.9
UP,0620GP028,2020-06-28,6:34 PM,Other impacts,0,NORTH PLATTE,NE,93,3,Dusk,Clear,Yard,Single Car,0,10874,0,45863,S007,41.146602,-100.833957,78.5,78.8,81.6
UP,0816NP025,2016-08-27,3:01 AM,Derailment,0,NORTH PLATTE,NE,78,4,Dark,Fog,Yard,Yard/switching,2,3233,0,84939,S016,41.15398,-100.829009,61,66.9,74.4
UP,1019GP007,2019-10-13,8:22 AM,Derailment,0,NORTH PLATTE,NE,22,2,Day,Clear,Yard,Yard/switching,4,1440,22284,23724,M404,41.145843,-100.794809,38.2,41.2,49.2
BNSF,MT0224112,2024-02-26,6:00 PM,Derailment,0,GLENDIVE,MT,7,3,Dusk,Cloudy,Yard,Cut of cars,9,44764,0,44764,M105,47.104204,-104.848952,38.6,38.2,5.7
IC,1103110,2022-05-19,8:00 AM,Other (describe in narrative),0,BATON ROUGE,LA,77,2,Day,Clear,Yard,Yard/switching,9,28000,0,28000,H318,30.609476,-91.164551,81.1,81.2,81.7
NS,116292,2015-06-29,9:40 AM,Derailment,0,MERIDIAN,MS,90,2,Day,Clear,Yard,Yard/switching,5,14000,6308,30308,H306,32.359958,-88.709614,77.6,77.7,73.7
UP,1120GP003,2020-11-04,11:15 PM,Other impacts,0,NORTH PLATTE,NE,48,4,Dark,Clear,Yard,Yard/switching,5,11529,0,11629,M411,41.152005,-100.82447,49,53,53.5
UP,0817KC026,2017-08-21,9:00 AM,Derailment,0,KANSAS CITY,KS,76,2,Day,Cloudy,Yard,Yard/switching,7,87716,85047,172763,H019,39.092247,-94.646149,82.3,77.9,72.4
UP,0621GP003,2021-06-02,3:27 PM,Derailment,0,NORTH PLATTE,NE,79,2,Day,Clear,Yard,Yard/switching,4,46827,11751,58578,M204,41.147238,-100.828764,60,65.3,71.9
UP,1119GP023,2019-11-18,6:45 AM,Derailment,0,NORTH PLATTE,NE,37,1,Dawn,Cloudy,Yard,Yard/switching,7,7022,10396,17418,H506,41.150311,-100.809767,40.6,48.1,41
NS,131993,2018-12-09,8:00 PM,Hwy-rail crossing,0,PURVIS,MS,40,4,Dark,Clear,Main,Freight Train,44,11679,9278,20957,M308,31.207039,-89.386778,48,42.3,44.1
UP,0823GP003,2023-08-02,12:45 PM,Other impacts,0,NORTH PLATTE,NE,83,2,Day,Clear,Yard,Single Car,5,56431,264,56695,M411,41.147608,-100.833736,77.1,77.6,74.8
BNSF,MT0420102,2020-04-06,9:12 PM,Derailment,0,MINOT,ND,45,4,Dark,Clear,Yard,Freight Train,9,24618,107283,131901,E46C,48.238086,-101.158037,30.6,38.9,41.2
BNSF,HL0422107,2022-04-12,1:28 PM,Derailment,0,LIBERAL,MO,74,2,Day,Clear,Main,Freight Train,37,5262,62000,67262,E33C,37.51743,-94.45043,58.2,68.8,51.5
UP,0524GP019,2024-05-18,3:31 PM,Obstruction,0,LODGEPOLE,NE,70,2,Day,Clear,Main,Freight Train,60,0,17360,17360,M404,41.145445,-102.629218,69.1,61.4,62.3
UP,0519GP010,2019-05-12,1:45 AM,Derailment,0,NORTH PLATTE,NE,35,4,Dark,Clear,Yard,Yard/switching,4,37435,150251,187686,H702,41.15067,-100.814451,49.1,50.3,58.9
ATK,162074,2019-11-23,11:54 PM,Hwy-rail crossing,0,WAYNE,MI,32,4,Dark,Clear,Main,Passenger Train - Pulling,65,10000,14932,24932,M308,42.281952,-83.363183,36.1,31.6,37.3
BNSF,TC0716101,2016-07-04,11:40 PM,Other impacts,0,FRIDLEY,MN,70,4,Dark,Clear,Yard,Yard/switching,3,1000,17000,18000,M201,45.037604,-93.273437,70.8,71.5,74.8
NS,136192,2019-11-12,2:30 AM,Derailment,0,BROOKLYN,IL,12,4,Dark,Snow,Main,Freight Train,5,1732,0,24732,E64C,38.657783,-90.160589,32,15.6,24
GRW,17,2019-12-17,7:30 AM,Hwy-rail crossing,0,GARY,IN,35,2,Day,Clear,Industry,Yard/switching,9,32540,0,32540,M302,41.61139,-87.35108,29.3,26.9,19.5
MRL,2021053,2021-06-27,9:09 PM,Hwy-rail crossing,0,SPRINGDALE,MT,85,3,Dusk,Clear,Main,Freight Train,56,30000,1000,31000,M308,45.701148,-110.261991,69.1,71.6,71.8
BNSF,KS1222102,2022-12-02,1:40 AM,Side collision,0,KANSAS CITY,KS,45,4,Dark,Clear,Yard,Light loco(s),3,6200,0,16217,E39C,39.087248,-94.697809,38.8,49.4,26.5
UP,1115NP019,2015-11-28,8:20 AM,Derailment,0,NORTH PLATTE,NE,27,2,Day,Cloudy,Yard,Cut of cars,0,10210,600,24703,S007,41.145262,-100.835807,21,25.7,28
IC,1039642,2020-06-25,12:06 AM,Derailment,0,WALKER,LA,75,4,Dark,Clear,Main,Freight Train,30,1894096,518587,2412683,M402,30.495378,-90.865126,75,76.7,80.3
UP,0916TC001,2016-09-01,9:50 PM,Other impacts,0,ST PAUL,MN,60,4,Dark,Clear,Yard,Light loco(s),0,7932,0,130046,E49C,44.938588,-93.049276,67.4,66,65
CSX,000178250,2018-08-16,6:28 PM,Derailment,0,LOUISVILLE,KY,75,3,Dusk,Clear,Yard,Cut of cars,0,39737,0,407192,S006,38.160709,-85.749174,76.8,76.6,80.6
BNSF,MT0218109,2018-02-04,9:20 AM,Other (describe in narrative),0,BROWNING,MT,19,2,Day,Snow,Main,Spec. MoW Equip.,5,38000,0,38000,M101,48.420375,-113.226158,4.8,4.5,6.7
BNSF,MT0223109,2023-02-28,10:53 PM,Obstruction,0,MANDAN,ND,20,4,Dark,Snow,Main,Freight Train,50,0,12000,12000,M404,46.825218,-100.937751,26.5,18.1,8.9
ATK,136580,2015-03-09,12:19 PM,Hwy-rail crossing,0,HALIFAX,NC,64,2,Day,Clear,Main,Passenger Train - Pulling,70,2013371,0,2044084,M303,36.33077,-77.594127,50.7,53.2,59.2
UP,1017KC006,2017-10-04,11:56 PM,Other impacts,0,KANSAS CITY,MO,65,4,Dark,Clear,Yard,Single Car,0,64,0,18719,M411,39.122249,-94.507192,77.9,65.1,70.1
UP,0621GP034,2021-06-26,7:55 AM,Other impacts,0,NORTH PLATTE,NE,63,1,Dawn,Cloudy,Yard,Single Car,0,65,0,198930,M411,41.147434,-100.833779,69.5,69,69.7
UP,0315NP003,2015-03-05,2:00 PM,Derailment,0,NORTH PLATTE,NE,48,2,Day,Clear,Yard,Yard/switching,4,38206,123146,161352,E39C,41.143616,-100.794382,17.9,22.1,36.1
ATK,155335,2018-09-07,11:35 PM,Other (describe in narrative),0,WEEHAWKEN,NJ,60,4,Dark,Clear,Main,,0,0,198415,260570,E78L,40.771555,-74.042015,82.1,73.6,67.6
WC,1009109,2019-08-12,2:00 AM,Side collision,0,GARY,IN,73,4,Dark,Cloudy,Yard,Yard/switching,0,34440,0,40870,M407,41.629672,-87.399614,73.9,75,75.2
CSX,000144162,2015-04-02,10:30 PM,Derailment,0,RICHMOND,KY,40,4,Dark,Rain,Main,Yard/switching,6,102127,0,102127,H525,37.850352,-84.256836,52,61,58.8
CSX,000193806,2020-11-13,1:57 AM,Hwy-rail crossing,0,BLUE ISLAND,IL,35,4,Dark,Clear,Main,Freight Train,6,38377,17100,55477,M308,41.646926,-87.680481,42.5,36.9,37.5
IAIS,2021038,2021-09-13,2:10 PM,Derailment,0,ROCK ISLAND,IL,84,2,Day,Clear,Main,Freight Train,5,60000,73889,133889,E46C,41.508881,-90.558123,77.5,75.6,74.6
BNSF,PR0624201,2024-06-07,12:37 PM,Hwy-rail crossing,0,HAIGLER,NE,92,2,Day,Clear,Main,Freight Train,50,48500,18028,66528,M302,40.053983,-102.015674,68.6,76.6,67.9
MBTA,2024049,2024-03-15,6:35 AM,Raking collision,0,LEOMINSTER,MA,41,1,Dawn,Clear,Main,Passenger Train - Pushing,59,15359,0,15359,M404,42.562166,-71.757174,46.9,42.5,44.8
BNSF,PR1019114,2019-10-28,1:43 AM,Derailment,0,COWLES,NE,30,4,Dark,Clear,Main,Freight Train,8,190248,35000,225248,H993,40.230432,-98.444985,38.2,28.2,28
CSX,000176040,2018-04-26,2:57 AM,Derailment,0,ROCKY MOUNT,NC,53,4,Dark,Clear,Yard,Freight Train,9,113346,127,113473,E29C,35.886867,-77.818431,63.1,63.8,65.2
BNSF,MT0322101,2022-03-11,6:09 AM,Other (describe in narrative),0,BLAISDELL,ND,-13,1,Dawn,Clear,Siding,Cut of cars,3,0,49455,49455,H020,48.337904,-102.089326,1.9,-6.1,20.6
UP,0224GP040,2024-02-01,7:48 PM,Other impacts,0,NORTH PLATTE,NE,48,3,Dusk,Clear,Yard,Single Car,10,30419,0,30419,M407,41.150464,-100.813507,39.2,41.1,37.4
IC,1014759,2019-10-05,1:45 PM,Derailment,0,BATON ROUGE,LA,90,2,Day,Clear,Yard,Freight Train,4,32000,0,32000,M405,30.507205,-91.184073,80.6,78.7,80.1
UP,0519GP037,2019-05-31,10:40 AM,Derailment,0,MITCHELL,NE,57,2,Day,Clear,Yard,Yard/switching,13,31730,10992,42722,E99C,41.930669,-103.887235,58.4,63,62.2
BNSF,MT0222104,2022-02-12,10:02 PM,Other impacts,0,GREAT FALLS,MT,30,4,Dark,Clear,Industry,Yard/switching,5,17310,0,40933,H307,47.521504,-111.297475,26.9,32.2,39.7
BNSF,PR0715119,2015-07-29,8:10 PM,Other impacts,0,ALLIANCE,NE,74,3,Dusk,Clear,Yard,Light loco(s),0,30000,0,40000,H307,42.084985,-102.886903,67.4,64.6,72.1
UP,0120ME015,2020-01-20,6:15 AM,Other impacts,0,NORTH PLATTE,NE,10,1,Dawn,Clear,Yard,Light loco(s),5,0,0,19217,H017,41.15145,-100.812906,23.4,16.6,25.3
UP,0821GL026,2021-08-25,5:08 PM,Side collision,0,ST PAUL,MN,84,2,Day,Clear,Main,Freight Train,0,2381,0,648137,H221,44.949689,-93.072719,73.5,75.5,67.6