reportingrailroadcode,accidentnumber,date,time,accidenttype,hazmatreleasedcars,station,stateabbr,temperature,visibility_code,visibility,weathercondition,tracktype,equipmenttype,trainspeed,equipmentdamagecost,trackdamagecost,totaldamagecost,primaryaccidentcausecode,latitude,longitude,prior_temp,actual_temp,following_temp
BNSF,HL0824205,2024-08-20,3:41 PM,Hwy-rail crossing,0,HAYTI,MO,82,2,Day,Clear,Main,Freight Train,43,13000,0,13000,M302,36.227965,-89.754464,77.1,72.1,69.5
BNSF,MT1119103,2019-11-14,8:50 PM,Derailment,0,BROADVIEW,MT,38,3,Dusk,Clear,Siding,Freight Train,10,120000,4000,126000,H504,46.054552,-108.846495,40,39.4,46.8
KCS,20042002,2020-04-20,2:35 PM,Obstruction,0,VICKSBURG,MS,65,2,Day,Clear,Main,Freight Train,32,203513,97352,300865,M101,32.344237,-90.862974,66.6,61.8,65.9
RRVW,032019,2019-03-20,10:00 PM,Derailment,0,GWINNER,ND,25,4,Dark,Clear,Industry,Work train,8,14000,3319,17319,M101,46.226381,-97.670433,28.6,32.4,28.8
BNSF,TC0821112,2021-08-25,5:08 PM,Side collision,0,ST PAUL,MN,82,3,Dusk,Clear,Main,Freight Train,0,67110,303000,648137,H221,44.949689,-93.072719,73.5,75.5,67.6
UP,0617KC019,2017-06-18,2:30 AM,Derailment,0,KANSAS CITY,MO,85,4,Dark,Clear,Yard,Single Car,0,18034,0,93963,H307,39.123536,-94.518339,80.1,74.9,76.7
NS,127016,2017-10-14,4:00 PM,Hwy-rail crossing,0,GROVER,NC,83,3,Dusk,Clear,Main,Freight Train,45,189,13069,13258,M303,35.172041,-81.444503,67.5,67.1,68.9
MNA,665018D,2018-05-16,11:00 AM,Derailment,0,CARTHAGE,MO,80,2,Day,Clear,Yard,Commuter Train - Pushing,3,40000,3200,43200,M405,37.177379,-94.286225,69.4,70.5,70.2
UP,0815SL003,2015-08-05,9:45 AM,Derailment,0,SALEM,IL,68,2,Day,Clear,Yard,Freight Train,6,17656,7016,24672,T220,38.660243,-88.907642,77.8,73.6,75.3
BNSF,MT1219104,2019-12-15,2:00 AM,Derailment,0,HAVRE,MT,10,4,Dark,Clear,Main,Freight Train,10,20931,2000,22931,H702,48.555587,-109.687544,10.8,19.2,19
IHB,2681,2021-05-24,11:45 PM,Derailment,0,RIVERDALE,IL,73,4,Dark,Clear,Yard,Yard/switching,4,21241,6884,28125,H702,41.639302,-87.658823,72.3,73.6,76.5
BNSF,HL0622103,2022-06-06,1:09 PM,Derailment,0,LINCOLN,NE,80,2,Day,Clear,Yard,Freight Train,10,61200,9500,70700,H607,40.806452,-96.741367,70.1,71.8,72.3
PATH,I100416,2016-10-04,8:00 PM,Other (describe in narrative),0,JERSEY CITY,NJ,74,4,Dark,Clear,Main,Work train,10,5280,288040,293320,M208,40.72857,-74.077642,65.4,64.8,60.1
ATK,161094,2019-09-15,6:11 PM,Other (describe in narrative),0,PRINCETON JUNCTION,NJ,70,4,Dark,Clear,Main,Passenger Train - Pulling,110,31200,4801,36001,E78L,40.323294,-74.621157,68.2,73.3,70.8
CRSH,117534,2015-09-25,3:50 AM,Raking collision,0,CAMDEN,NJ,58,4,Dark,Clear,Yard,Yard/switching,7,20698,0,37713,H702,39.952292,-75.091324,67.9,67.7,65.1
UP,0222GL010,2022-02-12,8:35 PM,Derailment,0,GRAND ISLAND,NE,34,4,Dark,Cloudy,Yard,Freight Train,1,41450,197925,239375,H306,40.93751,-98.31252,37.2,24.2,27.1
CSX,000211477,2023-05-25,3:16 PM,Other impacts,0,SOUTH SHORE,KY,72,2,Day,Clear,Main,Freight Train,30,120823,0,1697972,H993,38.72793,-82.881206,65.1,62.8,62.7
BNSF,NE0515101,2015-05-07,11:00 AM,Derailment,0,LINCOLN,NE,70,2,Day,Clear,Main,Freight Train,19,265750,831702,1097452,M103,40.767674,-96.804766,65.5,67.4,56.2
UP,0216CB017,2016-02-24,12:30 AM,Derailment,0,FREMONT,NE,35,4,Dark,Clear,Yard,Yard/switching,7,34495,41742,76237,M506,41.428466,-96.494457,37.6,32.2,32.1
UP,1218MA005,2018-12-03,9:30 PM,Derailment,0,ST LOUIS,MO,30,4,Dark,Sleet,Yard,Yard/switching,4,13218,18402,31620,H702,38.612161,-90.190685,45.7,36.7,32.6
KCS,22030501,2022-03-05,3:07 PM,Other impacts,0,KANSAS CITY,MO,60,2,Day,Cloudy,Yard,Yard/switching,4,100767,413,101327,M105,39.129821,-94.529459,53.7,60.3,34.2
BNSF,MT0116100,2016-01-07,4:50 AM,Derailment,0,EPPING,ND,19,1,Dawn,Fog,Industry,Freight Train,7,56000,15000,71000,H702,48.285267,-103.314284,18.3,18.8,3.8
BNSF,PR0715120,2015-07-30,9:35 AM,Derailment,0,ALLIANCE,NE,68,2,Day,Clear,Yard,Yard/switching,8,15328,0,15328,H318,42.081465,-102.888404,64.6,72.1,71.6
CSX,000151198,2015-08-23,5:34 AM,Other impacts,0,HAMLET,NC,75,1,Dawn,Clear,Yard,Cut of cars,10,13918,0,13918,E0HC,34.91463,-79.670657,78.2,77.2,77.8
IC,994355,2019-04-11,12:18 PM,Hwy-rail crossing,0,WESSON,MS,81,2,Day,Clear,Main,,0,0,250,18517,M308,31.41056,-90.2352,70.3,71.7,65.7
UP,1015LV007,2015-10-10,6:50 PM,Side collision,0,AMA,LA,66,4,Dark,Clear,Yard,Cut of cars,0,3396,0,15663,H306,29.933887,-90.307682,76.7,73.5,69
UP,1116TC003,2016-11-08,1:25 AM,Obstruction,0,STILLWATER,MN,44,4,Dark,Cloudy,Main,Freight Train,18,124197,5980,130177,M404,44.991107,-92.77741,53.5,46,43.8
HESR,HES990419R,2019-03-18,10:50 PM,Derailment,0,AKRON,MI,32,4,Dark,Clear,Industry,Freight Train,7,23000,5000,28000,H303,43.572706,-83.510019,28.1,32.5,34.4
BNSO,SO0522201,2022-05-11,8:16 AM,Hwy-rail crossing,0,CLARENDON HILLS,IL,82,1,Dawn,Clear,Main,Passenger Train - Pushing,61,150000,0,250000,M302,41.797006,-87.954674,79.3,82.1,83.5
NS,146273,2022-08-23,4:15 PM,Side collision,0,DECATUR,IL,82,3,Dusk,Clear,Yard,Single Car,0,2000,0,87000,H318,39.858406,-88.898384,72,70.8,70.4
DMVW,DE920CRO,2017-09-20,5:20 PM,Derailment,0,CROSBY,ND,61,2,Day,Clear,Main,Freight Train,9,27036,14000,41036,T221,48.912478,-103.300955,57.8,52.1,50.9
CSX,000190634,2020-06-03,12:35 PM,Hwy-rail crossing,0,COLUMBUS,IN,84,2,Day,Cloudy,Main,Freight Train,46,1271,0,56271,M302,39.253209,-85.940433,75.6,78.3,76.3
BNSF,TC0623202,2023-06-02,11:58 AM,Hwy-rail crossing,0,CASSELTON,ND,75,2,Day,Clear,Main,Freight Train,40,1000,34000,35000,M302,46.903107,-97.263311,76.6,78.9,80.2
KCS,17100501,2017-10-05,5:00 PM,Other impacts,0,ARTESIA,MS,85,2,Day,Clear,Main,Cut of cars,1,0,0,24817,H318,33.43874,-88.54364,73.4,70.3,72.3
BNSF,TC0416112,2016-04-24,10:35 AM,Derailment,0,GRANDIN,ND,54,2,Day,Cloudy,Main,Freight Train,16,15379,221846,237225,E53C,47.236829,-97.001666,54.8,49.1,43.1
BNSF,MT0419101,2019-04-02,3:45 PM,Obstruction,0,LIBBY,MT,50,2,Day,Clear,Main,Maint./inspect Car,0,50000,0,770012,H317,48.364143,-114.996205,41.4,43.5,40.5
UP,0322GP001,2022-03-01,10:30 AM,Derailment,0,NORTH PLATTE,NE,51,2,Day,Clear,Yard,Freight Train,0,3068,0,220024,H506,41.153054,-100.85136,40.6,46.4,48.9
NS,145188,2022-05-05,1:35 PM,Side collision,0,NEW ORLEANS,LA,72,2,Day,Clear,Yard,Freight Train,5,40000,598,40598,H307,29.975954,-90.044582,81.4,81.7,77.7
CSX,000216257,2024-02-18,1:28 AM,Derailment,0,HAMLET,NC,35,4,Dark,Clear,Yard,Yard/switching,5,17211,912,18123,M405,34.925465,-79.646591,49.1,38.4,42.2
BNSF,PR0417111,2017-04-20,4:51 AM,Derailment,0,THEDFORD,NE,50,1,Dawn,Clear,Main,Freight Train,40,833391,725000,1558391,E59C,41.980359,-100.54947,53.4,52.2,47.5
UP,0624GP028,2024-06-20,3:55 PM,Other impacts,0,MITCHELL,NE,82,2,Day,Rain,Yard,Freight Train,0,49799,17644,220980,M102,41.931852,-103.88531,58,69.5,68.2
UP,0324GP037,2024-03-29,11:17 PM,Other impacts,0,NORTH PLATTE,NE,41,4,Dark,Clear,Yard,Cut of cars,0,114413,0,228826,M407,41.147128,-100.831842,45.3,44.9,42
IC,999499,2019-05-24,10:25 AM,Hwy-rail crossing,0,TINSLEY,MS,86,2,Day,Clear,Main,,0,0,0,250000,M302,32.718598,-90.438267,80.2,79.8,79.9
UP,0919GP023,2019-09-21,10:04 PM,Other impacts,0,NORTH PLATTE,NE,51,4,Dark,Clear,Yard,Yard/switching,10,26259,37350,324783,H607,41.152403,-100.830936,74.8,70.4,60.4
KCS,22030501,2022-03-05,3:07 PM,Other impacts,0,KANSAS CITY,MO,60,2,Day,Cloudy,Yard,Cut of cars,2,147,0,101327,M105,39.129821,-94.529459,53.7,60.3,34.2
CSX,000143422,2015-03-21,9:05 PM,Other impacts,0,WAYCROSS,GA,70,4,Dark,Cloudy,Yard,Cut of cars,5,24502,0,33019,M407,31.213524,-82.353589,70,74.7,68.3
CSX,000178617,2018-09-06,12:52 AM,Derailment,0,LOUISVILLE,KY,79,4,Dark,Clear,Yard,Freight Train,1,84059,9349,93408,E35C,38.160709,-85.749174,82.2,79.9,79.5
BNSF,PR0718111,2018-07-27,7:36 PM,Derailment,0,MCCOOK,NE,76,3,Dusk,Cloudy,Yard,Freight Train,5,11000,15000,26000,H599,40.197385,-100.630754,70.6,68,70.5
UP,0819PR014,2019-08-13,2:00 PM,Derailment,0,WEST CHICAGO,IL,84,2,Day,Clear,Yard,Freight Train,3,30142,50788,80930,H702,41.883054,-88.243423,75.5,76.1,72.2
MRL,2018116,2018-09-10,9:15 AM,Other impacts,0,REEDPOINT,MT,79,2,Day,Clear,Siding,Single Car,30,150000,0,150000,E08C,45.70682,-109.502323,66.8,65.3,61.9
NS,130363,2018-07-27,6:13 AM,Derailment,0,PAW CREEK,NC,72,1,Dawn,Clear,Yard,Light loco(s),10,12488,100,12588,H306,35.230222,-80.967484,79.4,80.9,81.3
MRL,2022053,2022-08-05,8:30 AM,Other impacts,0,WINSTON,MT,70,2,Day,Clear,Main,Spec. MoW Equip.,28,10000,0,35500,H997,46.425405,-111.625862,80.4,75.9,63.7
TRRA,23029,2023-05-05,11:00 PM,Hwy-rail crossing,0,ST LOUIS,MO,68,4,Dark,Clear,Industry,Freight Train,10,4000,45400,49400,M308,38.707617,-90.226167,58.7,62.3,70.4
NCRC,OP121719,2019-12-17,4:45 PM,Raking collision,0,ALBION,NE,20,3,Dusk,Clear,Main,Cut of cars,5,31300,0,33020,H302,41.693378,-98.003929,13.5,20.8,24.8
NS,121417,2016-07-26,8:41 PM,Derailment,0,NEW HAVEN,IN,83,4,Dark,Cloudy,Main,Freight Train,11,33207,901,34108,H210,41.071597,-85.058354,78.4,75.3,76.6
UP,0919GP014,2019-09-12,12:15 AM,Other (describe in narrative),0,NORTH PLATTE,NE,65,4,Dark,Rain,Yard,Cut of cars,1,0,31075,31075,M105,41.154829,-100.817947,76,64.6,63.3
UP,0722MA025,2022-07-11,10:00 PM,Derailment,0,VILLA GROVE,IL,78,4,Dark,Clear,Yard,Freight Train,8,64364,24837,89201,H704,39.859375,-88.162726,72.4,75.2,75.2
UP,1120GP006,2020-11-02,3:30 PM,Other (describe in narrative),0,NORTH PLATTE,NE,78,2,Day,Clear,Yard,Cut of cars,0,34651,0,34651,M411,41.143614,-100.791376,38.5,46.5,49
UP,0220GP025,2020-02-22,4:40 AM,Derailment,0,NORTH PLATTE,NE,18,1,Dawn,Clear,Yard,Yard/switching,5,33225,37122,70347,H703,41.150504,-100.813499,31.3,36.1,38.5
NS,156278,2024-04-06,11:00 AM,Derailment,0,WALKERTOWN,NC,61,2,Day,Clear,Industry,Freight Train,6,38700,0,106175,H524,36.161794,-80.17776,48,48.9,52.6
CSX,000165107,2016-12-12,2:04 AM,Derailment,0,MANVILLE,NJ,30,4,Dark,Rain,Yard,Freight Train,5,20233,20240,40473,H506,40.544479,-74.579652,27.2,35.6,34.2
UP,0822GC021,2022-08-23,10:00 PM,Other impacts,0,LOTTIE,LA,74,4,Dark,Clear,Yard,Yard/switching,5,60418,0,62999,H306,30.514796,-91.545735,77.4,75.6,77
NS,154168,2023-09-09,3:32 PM,Other impacts,0,SOUTHMONT,NC,84,2,Day,Clear,Yard,Cut of cars,0,9582,0,13350,H312,35.738906,-80.33295,77.4,72,71.6
CSX,000219046,2024-07-02,4:15 PM,Other impacts,0,MATTAWAMKEAG,ME,81,3,Dusk,Clear,Yard,Freight Train,2,2500,0,28643,H018,45.508939,-68.356683,69.2,69.2,70.7
CSX,000203009,2022-02-09,7:25 PM,Other impacts,0,INDIANAPOLIS,IN,37,3,Dusk,Cloudy,Yard,Cut of cars,4,578,0,21798,H503,39.759798,-86.327516,28.3,40.4,33
UP,0823GP003,2023-08-02,12:45 PM,Other impacts,0,NORTH PLATTE,NE,83,2,Day,Clear,Yard,Single Car,5,0,0,56695,M411,41.147608,-100.833736,77.1,77.6,74.8
NS,122922,2016-11-28,11:45 AM,Other (describe in narrative),0,NEW ALBANY,KY,50,2,Day,Rain,Yard,Yard/switching,3,0,30566,30566,H318,38.263535,-85.801414,38.1,47.2,54.8
UP,0515NP004,2015-05-06,5:26 PM,Derailment,0,DAVENPORT,NE,68,2,Day,Cloudy,Main,Freight Train,38,214494,14300,228794,M105,40.298967,-97.733766,66.4,63,65.4
UP,0119HL036,2019-01-31,3:38 PM,Derailment,0,KANSAS CITY,MO,32,2,Day,Clear,Yard,Yard/switching,7,8546,105586,114132,E35C,39.12035,-94.529222,2.5,18.6,35.7
BNSF,TC0122117,2022-01-30,7:18 AM,Other (describe in narrative),0,BROOKSTON,MN,-8,1,Dawn,Clear,Main,Freight Train,40,1500,20000,21500,E07C,46.86603,-92.589609,11.7,13.9,18.9
NICD,N1900027,2019-11-16,6:38 PM,Head on collision,0,MICHIGAN CITY,IN,35,4,Dark,Clear,Yard,Freight Train,8,50000,0,178000,H017,41.714634,-86.87123,28.1,30.7,31.1
NS,129479,2018-05-16,12:25 AM,Derailment,0,LEXINGTON,NC,69,4,Dark,Cloudy,Yard,Yard/switching,8,41716,49903,91619,M404,35.750635,-80.318238,73.5,69.7,72.3
BNSF,MT1019201,2019-10-02,2:11 PM,Hwy-rail crossing,0,BAINVILLE,MT,40,2,Day,Rain,Main,Freight Train,50,12452,0,12452,M302,48.143065,-104.374155,39.4,37.6,38.7
NS,114553,2015-02-26,3:05 PM,Derailment,0,BAXLEY,GA,40,2,Day,Cloudy,Main,Spec. MoW Equip.,10,80000,0,80000,H997,31.794226,-82.398998,45.5,44.3,46.8
UP,0620GP028,2020-06-28,6:34 PM,Other impacts,0,NORTH PLATTE,NE,93,3,Dusk,Clear,Yard,Yard/switching,17,0,150,45863,S007,41.146602,-100.833957,78.5,78.8,81.6
BNSF,MT0115102,2015-01-10,9:30 PM,Derailment,0,DICKINSON,ND,7,4,Dark,Cloudy,Yard,Freight Train,5,27273,1700,28973,H702,46.876093,-102.816002,-1.7,8.7,6.9
MRL,2015019,2015-01-27,7:55 AM,Derailment,0,LIVINGSTON,MT,50,1,Dawn,Clear,Yard,Light loco(s),4,50000,0,50000,H303,45.667117,-110.554383,54.7,53.7,44.9
CSX,000211445,2023-05-24,8:22 AM,Side collision,0,CURTIS BAY,MD,70,2,Day,Clear,Yard,Yard/switching,7,23807,0,36430,H306,39.241171,-76.604186,66.2,66.9,64
UP,0818LV029,2018-08-23,3:00 PM,Other (describe in narrative),0,WESTWEGO,LA,75,2,Day,Clear,Yard,Single Car,0,13147,0,13147,M411,29.918543,-90.189734,85,84.4,84.3
ATK,181026,2024-07-08,5:24 PM,Derailment,0,AUGUSTA,MO,75,2,Day,Clear,Main,Passenger Train - Pulling,61,209622,0,209622,M404,38.532276,-90.915359,76.8,73,69.6
UP,0819MA006,2019-08-03,2:53 AM,Derailment,0,EAST ST LOUIS,IL,70,4,Dark,Clear,Yard,Freight Train,3,25086,0,25185,H525,38.586133,-90.132147,74.4,77.6,77
NJTR,201607370,2016-07-11,11:25 PM,Derailment,0,KEARNY,NJ,70,4,Dark,Clear,Yard,Yard/switching,6,367000,13818,380818,H704,40.744383,-74.10194,74,73.5,75.5
BNSF,TC0717109,2017-07-29,3:15 PM,Derailment,0,HIBBING,MN,75,2,Day,Clear,Industry,Freight Train,1,45403,131928,177331,M101,47.483885,-92.965926,65.5,67.3,68.9
NS,127094,2017-10-19,1:35 PM,Derailment,0,FORT WAYNE,IN,50,2,Day,Clear,Yard,Freight Train,6,267897,4000,271897,H306,41.071372,-85.127609,54.1,57.4,58.6
MBTA,2024048,2024-03-18,12:01 PM,Hwy-rail crossing,0,LITTLETON,MA,42,2,Day,Clear,Main,Passenger Train - Pushing,39,60346,0,60346,M303,42.538149,-71.512283,46.9,40.5,37.4
BNSF,HL0220121,2020-02-26,8:01 PM,Derailment,0,CHAFFEE,MO,45,3,Dusk,Clear,Yard,Freight Train,9,40863,8000,48863,H307,37.182628,-89.651905,43.9,35.7,35.9
CSX,000220165,2024-08-26,2:50 PM,Other impacts,0,MONROE,NC,91,2,Day,Clear,Yard,Single Car,3,5000,0,55257,H021,34.984837,-80.548089,72,74.3,76.8
UP,0919GC025,2019-09-13,6:43 PM,Other impacts,0,LIVONIA,LA,91,3,Dusk,Cloudy,Yard,Cut of cars,3,18943,0,47888,S006,30.525929,-91.555276,81.2,82.1,81.3
UP,0721GP026,2021-07-19,4:34 AM,Other impacts,0,NORTH PLATTE,NE,63,1,Dawn,Clear,Yard,Yard/switching,14,118256,4932,123188,H306,41.154205,-100.844309,77.4,74.7,72.1
BNSF,TC1023102,2023-10-03,5:15 PM,Derailment,0,DULUTH,MN,65,3,Dusk,Clear,Yard,Yard/switching,5,2697,47832,50529,E67C,46.767081,-92.118836,67,71,61.9
NS,131995,2018-12-10,4:55 AM,Derailment,0,DECATUR,IL,13,1,Dawn,Fog,Yard,Freight Train,4,12496,816,13312,H704,39.852179,-88.918354,21.6,22.7,32.3
MSE,1601DERAIL,2016-03-08,7:00 PM,Derailment,0,MOSS POINT,MS,70,2,Day,Clear,Siding,Yard/switching,5,12550,980,13530,H305,30.581944,-88.566666,59,67.8,70.3
UP,0519GP017,2019-05-18,7:45 PM,Derailment,0,NORTH PLATTE,NE,62,3,Dusk,Cloudy,Yard,Yard/switching,10,134216,304213,438429,E29C,41.153921,-100.816891,66.7,55.9,47.2
UP,0121GP021,2021-01-22,12:45 AM,Other impacts,0,NORTH PLATTE,NE,31,4,Dark,Cloudy,Yard,Yard/switching,2,6065,55015,93535,S007,41.147852,-100.841472,29.8,28.7,26
PATH,I022616,2016-02-26,4:45 PM,Derailment,0,HARRISON,NJ,34,2,Day,Clear,Yard,EMU,2,15750,5000,20750,H599,40.737532,-74.148869,49.9,34.5,33.9
BNSF,TC0823101,2023-08-04,12:01 AM,Derailment,0,PERHAM,MN,72,4,Dark,Clear,Main,Freight Train,13,150000,240000,390000,M599,46.654777,-95.650878,76.1,71.3,73
GSM,10172018,2018-10-17,2:05 PM,Obstruction,0,BRYSON CITY,NC,70,2,Day,Cloudy,Main,Spec. MoW Equip.,15,42000,0,42000,M101,35.287183,-83.66764,62.6,61,53.1
CSX,000178617,2018-09-06,12:52 AM,Derailment,0,LOUISVILLE,KY,79,4,Dark,Clear,Yard,Yard/switching,6,0,0,93408,E35C,38.160709,-85.749174,82.2,79.9,79.5
NS,136924,2020-01-24,12:05 AM,Other (describe in narrative),1,PETAL,MS,50,4,Dark,Clear,Industry,Freight Train,8,637022,31216,668238,H306,31.346279,-89.271844,49.7,52.6,45.3
BNSF,NE0116111,2016-01-16,4:49 PM,Derailment,0,WESTON,MO,31,3,Dusk,Cloudy,Main,Freight Train,34,2500,250250,252750,E53C,39.430668,-94.931103,31.5,24.2,5.6
CRSH,143400,2021-11-08,1:15 AM,Derailment,0,NEWARK,NJ,45,4,Dark,Clear,Yard,Yard/switching,5,5556,9010,14566,H702,40.705271,-74.135569,46,55.7,59.4
IC,851525,2015-05-28,10:11 AM,Side collision,0,JACKSON,MS,76,2,Day,Clear,Yard,Yard/switching,7,131689,159641,323669,H706,32.325708,-90.18754,75,76.8,78.6
NS,116272,2015-06-27,9:10 AM,Derailment,0,MONTREAT,NC,72,2,Day,Clear,Main,Freight Train,15,68000,8011,76011,H506,35.656953,-82.254288,77.5,73,69.8
CSX,000184564,2019-08-03,5:42 PM,Rear end collision,0,LAWRENCEVILLE,GA,86,3,Dusk,Clear,Main,Light loco(s),22,4871,64,14835,H607,33.957069,-84.008609,74.4,76.7,74.7
UP,1119GP011,2019-11-08,12:57 PM,Hwy-rail crossing,0,SHELTON,NE,48,2,Day,Clear,Main,Freight Train,29,12643,16400,29043,M303,40.778251,-98.740903,24.7,37.7,52.7
UP,1121MA040,2021-11-27,7:40 PM,Derailment,0,ST LOUIS,MO,44,3,Dusk,Clear,Yard,Yard/switching,3,4400,7500,11900,H702,38.612434,-90.1906,31.1,40.9,40.4
ATK,135475,2014-12-05,8:01 PM,Hwy-rail crossing,0,DOVER,NH,32,4,Dark,Clear,Main,Passenger Train - Pulling,10,59671,0,77358,M302,43.199286,-70.874804,32.5,24.2,32.8
IC,939713,2017-10-22,12:15 AM,Side collision,0,JACKSON,MS,70,4,Dark,Cloudy,Yard,Yard/switching,4,18296,3320,37792,M502,32.31268,-90.190934,73.7,68.8,61.1
CSX,000207772,2022-10-12,9:20 AM,Hwy-rail crossing,0,HAWESVILLE,KY,64,2,Day,Rain,Main,Maint./inspect Car,20,24310,0,24310,H993,37.926659,-86.804523,63.2,65.4,55.2
BNSF,TC1217105,2017-12-11,9:00 PM,Other impacts,0,MOORHEAD,MN,10,4,Dark,Clear,Main,Freight Train,12,52101,0,52101,H602,46.817474,-96.747007,25.8,23.2,24.7
ATK,146864,2017-03-27,10:38 AM,Derailment,0,CHICAGO,IL,48,2,Day,Rain,Main,Passenger Train - Pulling,13,50782,461768,512550,E40C,41.868783,-87.63754,53.7,47.6,42.8
BNSF,PR0715107,2015-07-17,8:55 PM,Side collision,0,ALLIANCE,NE,73,3,Dusk,Clear,Yard,Single Car,0,10162,0,12322,H607,42.067508,-102.897728,70.6,68.9,65.4
CSX,000213130,2023-08-27,3:42 AM,Other impacts,0,ROCKY MOUNT,NC,75,4,Dark,Clear,Yard,Yard/switching,5,59180,0,92487,H306,35.917687,-77.805567,84,79.9,78.3
BNSF,MT0218116,2018-02-26,12:30 AM,Derailment,0,MINOT,ND,18,4,Dark,Clear,Yard,Yard/switching,7,45825,1000,46825,E34C,48.238287,-101.158092,24.2,29.4,23.4
BNSF,TC0124113,2024-01-21,5:15 PM,Derailment,0,MINNEAPOLIS,MN,17,3,Dusk,Clear,Yard,Yard/switching,9,82270,36390,118660,E60C,45.027264,-93.268326,2.1,14.4,25.7
BNSF,SF0616125,2016-06-25,9:05 PM,Derailment,0,HANNIBAL,MO,82,3,Dusk,Clear,Yard,Freight Train,6,25125,313732,338857,H702,39.921396,-91.440019,77,81.4,80.7
DMVW,INC102122,2022-10-21,12:00 PM,Other (describe in narrative),0,NAPOLEON,ND,48,2,Day,Clear,Main,Freight Train,10,0,18150,18150,M506,46.502134,-99.76908,52.9,51.9,51
CSX,000220548,2024-08-05,8:50 AM,Fire/violent rupture,0,NORTH BERWICK,ME,78,2,Day,Clear,Main,,0,0,0,70443,M406,43.286327,-70.753179,75.2,75.4,67.8
BNSF,MT0919101,2019-09-01,8:45 AM,Side collision,0,GLENDIVE,MT,68,1,Dawn,Clear,Yard,Light loco(s),8,5000,2500,18697,H307,47.102861,-104.713515,63.3,65.9,69.7
UP,0219GP010,2019-02-07,4:38 PM,Derailment,0,AMES,NE,7,2,Day,Cloudy,Main,Freight Train,49,92125,1730056,1822181,E07C,41.452512,-96.636535,14,7,6.2
NS,116535,2015-07-15,5:50 AM,Derailment,0,LEXINGTON,NC,85,1,Dawn,Clear,Yard,Yard/switching,8,16910,11149,28059,H399,35.750595,-80.318288,76.8,78.2,75.6
MNA,821618R,2018-10-16,1:05 PM,Derailment,0,ADRIAN,MO,60,2,Day,Clear,Industry,Freight Train,4,91700,38000,129700,T220,38.38598,-94.353286,38.4,44.4,53.6
NKCR,NKCR161377,2016-01-15,8:45 AM,Derailment,0,HOLDREGE,NE,20,1,Dawn,Clear,Industry,,0,0,40000,45500,H509,40.43212,-99.388027,40.1,32.5,26.8
UP,0217KC004,2017-02-07,4:45 PM,Derailment,0,KANSAS CITY,MO,37,2,Day,Clear,Yard,Yard/switching,2,25477,9575,50573,M411,39.122976,-94.516456,46.8,42.4,26.6
KCS,16031601,2016-03-16,5:30 PM,Fire/violent rupture,0,ABERDEEN,MS,75,2,Day,Clear,Main,Spec. MoW Equip.,10,48046,0,48046,E99C,33.793325,-88.554257,70,68.3,59.6
ATK,162555,2019-12-30,12:20 PM,Obstruction,0,CLAREMONT,NH,32,2,Day,Rain,Main,Passenger Train - Pulling,46,19945,0,19945,M404,43.314037,-72.380295,30.4,29.3,30.5
LIRC,0815201901,2019-08-15,7:15 AM,Hwy-rail crossing,0,JEFFERSONVILLE,IN,70,1,Dawn,Clear,Main,,0,0,0,11728,M302,38.330151,-85.749765,81.4,78.3,78.6
KCS,19030203,2019-03-02,10:34 PM,Derailment,0,BATON ROUGE,LA,65,4,Dark,Cloudy,Yard,Cut of cars,0,6779,0,15161,H307,30.468846,-91.17695,65.5,66.9,59.7
BNSF,TC0824104,2024-08-07,11:11 PM,Derailment,0,WILLMAR,MN,68,4,Dark,Clear,Yard,Freight Train,6,816528,157057,973585,H607,45.126938,-95.019544,64.6,64.6,60.7
IC,1139244,2023-09-24,1:50 PM,Side collision,0,GILMAN,IL,81,2,Day,Clear,Industry,Freight Train,5,15500,0,46343,H302,40.759534,-88.02182,68.6,65.1,67.2
UP,0723GP005,2023-07-07,6:06 PM,Other impacts,0,NORTH PLATTE,NE,81,3,Dusk,Clear,Yard,Single Car,0,100,900,20531,M411,41.151452,-100.821226,60.6,70.2,60.4
SKOL,230515003,2023-05-15,7:00 PM,Derailment,0,COFFEYVILLE,KS,72,2,Day,Clear,Industry,,0,0,27400,28200,H599,37.03022,-95.610998,73.1,70.2,62.1
IC,1015546,2019-10-11,5:30 PM,Side collision,0,BATON ROUGE,LA,70,2,Day,Rain,Yard,Yard/switching,3,96080,0,106680,H306,30.477346,-91.187652,77.6,76.8,62.4
UP,0322GP022,2022-03-31,10:23 PM,Derailment,0,NORTH PLATTE,NE,34,4,Dark,Cloudy,Yard,Yard/switching,4,162378,21839,184217,H607,41.155447,-100.842527,33,36,39.6
KCS,17030201,2017-03-02,12:10 AM,Other impacts,0,KANSAS CITY,MO,33,4,Dark,Cloudy,Yard,Yard/switching,3,5391,0,44073,H702,39.12695,-94.51904,44.6,42,42.1
NS,139586,2020-02-13,8:13 PM,Obstruction,0,SPENCER,NC,54,4,Dark,Cloudy,Main,,0,0,0,11116,M404,35.720101,-80.375337,54.1,57.6,42.9