reportingrailroadcode,accidentnumber,date,time,accidenttype,hazmatreleasedcars,station,stateabbr,temperature,visibility_code,visibility,weathercondition,tracktype,equipmenttype,trainspeed,equipmentdamagecost,trackdamagecost,totaldamagecost,primaryaccidentcausecode,latitude,longitude,prior_temp,actual_temp,following_temp
UP,0917KC020,2017-09-24,10:10 PM,Derailment,0,KANSAS CITY,MO,82,4,Dark,Clear,Yard,Freight Train,4,38615,59644,98259,T220,39.123392,-94.535053,82.4,82.4,79.4
MWS,M2023AUG1D,2023-08-29,8:00 AM,Side collision,0,BEDFORD PARK,IL,84,2,Day,Cloudy,Yard,Yard/switching,10,40000,120000,300000,H306,41.766172,-87.77746,70.9,72.3,65.7
BNSF,RD1117110,2017-11-15,7:05 AM,Side collision,0,LAFAYETTE,LA,68,1,Dawn,Clear,Yard,Yard/switching,5,28120,0,49765,H318,30.235114,-92.043549,61.9,63.4,64.1
UP,0717KC024,2017-07-30,11:54 AM,Derailment,0,KANSAS CITY,MO,79,2,Day,Clear,Main,Freight Train,8,11223,0,26293,M405,39.108606,-94.501909,76.9,75.1,72.4
CSX,000198461,2021-06-24,3:15 PM,Side collision,0,DEARBORN,MI,82,2,Day,Clear,Yard,Yard/switching,3,539,500,66312,H306,42.302762,-83.149685,63.8,73.8,72.9
CSX,000156546,2016-01-16,11:54 AM,Other impacts,0,AVON,IN,25,2,Day,Clear,Yard,Cut of cars,12,9265,0,24216,M407,39.759791,-86.327526,41.6,29.8,15.8
ATK,140287,2015-12-03,6:45 AM,Hwy-rail crossing,0,ABERDEEN,NC,40,1,Dawn,Clear,Main,Passenger Train - Pulling,50,69706,0,70383,M308,35.096797,-79.45479,59.3,47.8,41.8
UP,1119GP008,2019-11-07,5:50 AM,Derailment,0,NORTH PLATTE,NE,16,1,Dawn,Clear,Yard,Light loco(s),5,37734,696,38430,H702,41.155128,-100.852074,29.2,26.7,39.1
BNSF,MT0224201,2024-02-09,11:30 AM,Hwy-rail crossing,0,WHITE EARTH,ND,26,2,Day,Clear,Main,,0,0,0,60315,M308,48.344908,-102.677503,25.3,23,15.9
NS,130389,2018-07-28,10:00 PM,Other impacts,0,NEW ORLEANS,LA,79,4,Dark,Clear,Yard,Single Car,3,200,17682,17965,H312,29.989434,-90.044345,87.5,87.3,84.4
UP,0117LV033,2017-01-15,3:45 PM,Other impacts,0,LIVONIA,LA,68,2,Day,Clear,Yard,Yard/switching,4,40,600,12863,H306,30.521776,-91.550718,63.3,63.4,69.2
ATK,160438,2019-08-04,2:23 AM,Obstruction,0,MINDEN,NE,68,4,Dark,Clear,Main,Passenger Train - Pulling,79,47562,0,47562,M402,40.509976,-98.925952,75.5,77,77.3
UP,0417NP025,2017-04-22,12:16 PM,Other impacts,0,NORTH PLATTE,NE,75,2,Day,Cloudy,Yard,Single Car,0,5951,0,109811,H601,41.146186,-100.834233,49.8,46.6,54.1
BNSF,SF1215112,2015-12-24,6:00 PM,Derailment,0,ST LOUIS,MO,52,3,Dusk,Cloudy,Yard,Yard/switching,10,8862,4500,13362,H312,38.601429,-90.31328,57.9,45.1,45.7
ATK,181450,2024-08-05,8:50 AM,Fire/violent rupture,0,NORTH BERWICK,ME,0,2,Day,Clear,Main,Passenger Train - Pulling,75,70443,0,70443,M406,43.28489,-70.75517,75.2,75.4,67.8
UP,0516CB008,2016-05-22,12:19 AM,Hwy-rail crossing,0,BLAIR,NE,62,4,Dark,Clear,Main,Freight Train,39,455,25275,25730,M301,41.542695,-96.155949,60.5,70.1,70.3
ATK,179476,2024-04-17,5:22 PM,Obstruction,0,MIDDLE RIVER,MD,66,3,Dusk,Clear,Main,,0,0,0,398467,M503,39.3336,-76.43626,63.7,60.5,59.6
ATK,135545,2014-12-11,10:30 AM,Other (describe in narrative),0,SEABROOK,MD,33,2,Day,Clear,Main,Passenger Train - Pulling,115,8559,2000,10559,E78L,38.970103,-76.849022,43.3,38.2,39.8
BNSF,HL1219113,2019-12-26,6:30 AM,Derailment,0,KANSAS CITY,MO,37,1,Dawn,Cloudy,Yard,Yard/switching,5,2746,0,10914,H607,39.129125,-94.525865,58.5,40.4,35.7
UP,0723HL015,2023-07-18,1:06 PM,Hwy-rail crossing,0,TOPEKA,KS,77,2,Day,Cloudy,Main,Freight Train,32,12229,300,12529,M302,39.071067,-95.704177,79.6,76.1,77.9
NS,146171,2022-08-10,12:30 AM,Other impacts,0,IRONDALE,AL,82,4,Dark,Clear,Yard,Cut of cars,7,99252,0,118275,M407,33.548905,-86.678008,80.3,79.4,78.1
UP,0120ME015,2020-01-20,6:15 AM,Other impacts,0,NORTH PLATTE,NE,10,1,Dawn,Clear,Yard,Light loco(s),5,19217,0,19217,H017,41.15145,-100.812906,23.4,16.6,25.3
UP,0122GL024,2022-01-26,1:50 PM,Other impacts,0,ST PAUL,MN,9,2,Day,Cloudy,Yard,Single Car,0,1532,0,38903,H312,44.93565,-93.046719,-4.1,3.5,23.9
BNSF,MT0823201,2023-08-04,9:05 AM,Hwy-rail crossing,0,WHITE EARTH,ND,62,2,Day,Rain,Main,Freight Train,70,0,193405,193405,M304,48.344908,-102.677503,74.6,65.7,68.4
UP,0520HL017,2020-05-28,10:58 AM,Raking collision,0,BELLAIRE,KS,67,2,Day,Clear,Industry,Cut of cars,1,46050,0,108981,E06C,37.779348,-97.212516,65.5,70.2,68
GDLK,D714115,2015-12-04,2:40 AM,Derailment,0,KALAMAZOO,MI,30,4,Dark,Clear,Yard,,0,0,41500,65500,M405,42.294296,-85.564625,37.2,38.4,32.8
UP,0816NP025,2016-08-27,3:01 AM,Derailment,0,NORTH PLATTE,NE,78,4,Dark,Fog,Yard,Yard/switching,3,75722,5984,84939,S016,41.15398,-100.829009,61,66.9,74.4
CSX,000202483,2022-01-18,11:40 AM,Side collision,0,INDIANAPOLIS,IN,32,2,Day,Clear,Yard,Yard/switching,10,336647,0,927106,H306,39.759798,-86.327516,25.7,32.8,35.3
NS,131169,2018-10-03,6:00 PM,Derailment,0,DAYTON,IN,70,3,Dusk,Clear,Yard,Yard/switching,6,141885,5123,147008,E30C,40.374415,-86.831992,70.3,74.2,67.8
CRSH,133087,2019-03-05,9:55 AM,Hwy-rail crossing,0,FRANKLINVILLE,NJ,34,2,Day,Clear,Main,Spec. MoW Equip.,10,34368,0,34368,M302,39.618221,-75.082087,34.8,27.9,23.7
ATK,173699,2023-02-07,9:24 AM,Hwy-rail crossing,0,PLEASANT HILL,MO,35,2,Day,Clear,Main,Passenger Train - Pulling,58,24279,0,24477,M302,38.817418,-94.298162,52.5,42.9,36.4
UP,0920HL004,2020-09-05,10:13 AM,Derailment,0,WICHITA,KS,81,2,Day,Clear,Yard,Freight Train,4,318,58541,58859,H503,37.723734,-97.327337,77.2,80.4,83
UP,0715NP002,2015-07-04,2:15 AM,Other (describe in narrative),0,NORTH PLATTE,NE,68,4,Dark,Clear,Yard,Light loco(s),4,55791,10768,66559,H702,41.146157,-100.839652,70.1,76.7,82.3
UP,0822GP004,2022-08-08,9:13 PM,Other impacts,0,MITCHELL,NE,81,4,Dark,Cloudy,Yard,Single Car,0,42051,0,111631,H318,41.929723,-103.856556,72.4,75.2,79.1
BNSF,PR0315121,2015-03-09,3:00 PM,Rear end collision,0,BRIDGEPORT,NE,50,2,Day,Clear,Main,Spec. MoW Equip.,10,5000,0,105000,H997,41.528661,-103.02378,37.9,41.7,42.7
NS,128583,2018-02-20,8:05 AM,Other impacts,0,ELKHART,IN,52,2,Day,Clear,Yard,Single Car,0,15932,0,31964,M411,41.67736,-85.978495,47,58.5,33.5
CRSH,140879,2021-03-09,9:25 PM,Derailment,0,DETROIT,MI,45,4,Dark,Clear,Yard,Light loco(s),3,0,23000,23000,H704,42.316197,-83.113799,46.8,45.6,54.3
UP,0221HL021,2021-02-19,7:51 PM,Derailment,0,TOPEKA,KS,32,3,Dusk,Cloudy,Main,Freight Train,12,3369,53913,57282,E60C,39.066255,-95.674337,15.5,22.6,29.7
NS,130660,2018-08-21,4:10 AM,Other impacts,0,CHICAGO,IL,70,1,Dawn,Rain,Yard,Yard/switching,3,3984,4807,84978,H306,41.820356,-87.679311,74.7,72.6,70.2
CSX,000214658,2023-11-22,1:45 PM,Derailment,2,LIVINGSTON,KY,50,2,Day,Clear,Main,Freight Train,30,801909,1238970,2040879,E53C,37.317538,-84.238134,54,42.5,39.5
BNSF,MT1017101,2017-10-13,5:00 PM,Side collision,0,WILLISTON,ND,46,3,Dusk,Cloudy,Main,Freight Train,5,300529,0,2531542,H021,48.150048,-103.576409,42.3,35,38.9
BNSF,PR0715101,2015-07-02,2:15 AM,Derailment,0,ALLIANCE,NE,61,4,Dark,Rain,Yard,Cut of cars,5,30384,0,30384,M105,42.066964,-102.898399,76.4,69.2,69.3
LIRC,0312201901,2019-03-12,10:30 AM,Hwy-rail crossing,0,AUSTIN,IN,41,2,Day,Clear,Main,,0,0,18000,26285,M302,38.745769,-85.807994,45.3,42.1,56.5
BNSF,CH0119113,2019-01-22,7:43 PM,Side collision,0,ELWOOD,IL,33,3,Dusk,Clear,Yard,Light loco(s),9,6000,4100,90998,H607,41.403175,-88.155798,9,26.3,28.4
BNSF,TC0124117,2024-01-28,7:45 AM,Derailment,0,FRIDLEY,MN,40,1,Dawn,Clear,Yard,Yard/switching,19,52034,0,52034,M407,45.036419,-93.271939,33.3,30.9,36.7
CSX,000140850,2015-02-02,6:15 AM,Other impacts,0,ROCKY MOUNT,NC,54,1,Dawn,Rain,Yard,Cut of cars,5,7101,150,14362,H018,35.931645,-77.799742,44,51.5,32
MRL,2020106,2020-11-05,7:50 PM,Other impacts,0,MISSOULA,MT,50,4,Dark,Clear,Yard,Yard/switching,3,31660,0,35760,H302,46.896413,-114.032703,43.6,51.9,47.7
UP,0919GP012,2019-09-07,12:00 PM,Other (describe in narrative),0,NORTH PLATTE,NE,73,2,Day,Cloudy,Yard,Single Car,0,33983,0,33983,M507,41.144684,-100.833492,66.6,70,66.3
NS,142615,2021-08-21,12:24 PM,Hwy-rail crossing,0,KANSAS CITY,MO,80,2,Day,Clear,Yard,Freight Train,6,12053,300,12353,M302,39.185904,-94.427557,82.1,75.5,77.6
UP,0816TC001,2016-08-01,1:40 AM,Other impacts,0,SOUTH ST PAUL,MN,80,4,Dark,Clear,Yard,Light loco(s),7,1673,1292,14112,H310,44.904578,-93.044218,74.4,76.5,79.1
ATK,140362,2015-12-09,2:05 AM,Other impacts,0,ISELIN,NJ,34,4,Dark,Cloudy,Main,Maint./inspect Car,0,15000,0,15000,M599,40.533609,-74.386016,42.4,44.5,51.8
KCS,22072201,2022-07-22,6:20 PM,Derailment,0,KANSAS CITY,MO,96,2,Day,Clear,Yard,Freight Train,3,40622,8355,48977,H704,39.126258,-94.503527,83.7,88.3,91.2
WC,1009109,2019-08-12,2:00 AM,Side collision,0,GARY,IN,73,4,Dark,Cloudy,Yard,Cut of cars,5,6430,0,40870,M407,41.629672,-87.399614,73.9,75,75.2
ATK,178349,2024-02-09,11:29 AM,Hwy-rail crossing,0,WHITE EARTH,ND,22,2,Day,Cloudy,Main,Passenger Train - Pulling,79,60315,0,60315,M302,48.344907,-101.761192,25.3,23,15.9
GDLK,210226002,2021-02-26,4:30 PM,Derailment,0,SCHOOLCRAFT,MI,40,3,Dusk,Clear,Main,Freight Train,10,19000,0,19000,E53C,42.094011,-85.632032,30.6,30.5,39.1
NS,156705,2024-05-14,1:05 PM,Other impacts,0,GREENSBORO,NC,63,2,Day,Rain,Yard,Cut of cars,5,45987,0,139281,H310,36.060802,-79.835085,62.5,62.6,63.2
BLF,20244732,2024-06-01,6:47 PM,Obstruction,0,HOLLYWOOD,FL,82,2,Day,Clear,Main,Passenger Train - Pulling,78,18987,0,18987,M402,26.0338,-80.149851,85,83.4,82.4
UP,1015LV007,2015-10-10,6:50 PM,Side collision,0,AMA,LA,66,4,Dark,Clear,Yard,Freight Train,1,8791,2286,15663,H306,29.933887,-90.307682,76.7,73.5,69
CSX,000202849,2022-02-01,12:15 PM,Obstruction,0,INDIANAPOLIS,IN,56,2,Day,Clear,Yard,Single Car,6,300,0,46714,M411,39.759798,-86.327516,28.4,45,38.6
KCS,15022502,2015-02-25,10:30 AM,Side collision,0,JACKSON,MS,45,2,Day,Rain,Yard,Light loco(s),10,12907,0,13457,H399,32.313495,-90.190727,30.4,33.4,35.9
IC,1014609,2019-10-03,4:45 PM,Derailment,0,FULTON,KY,52,2,Day,Clear,Yard,Yard/switching,4,10108,3000,13108,H020,36.503427,-88.888082,79.4,78.6,67.1
BNSF,TC0823116,2023-08-31,1:18 AM,Derailment,0,WILLMAR,MN,75,4,Dark,Clear,Yard,Freight Train,4,9500,2121,11621,H525,45.123158,-95.052241,70,71.1,74.5
ATK,158574,2019-04-21,6:55 PM,Fire/violent rupture,0,DOWAGIAC,MI,0,3,Dusk,Clear,Main,Passenger Train - Pulling,0,14665,0,14665,M406,41.98083,-86.10889,45.6,53.7,64.6
BNSF,HL0824201,2024-08-08,12:00 PM,Hwy-rail crossing,0,PHELPS CITY,MO,71,2,Day,Clear,Main,Single Car,20,70000,0,70000,M302,40.367231,-95.586567,71.8,70,62.4
BNSF,RD0822113,2022-08-05,9:33 AM,Other impacts,0,LACASSINE,LA,90,2,Day,Clear,Yard,Freight Train,6,30567,0,30567,H318,30.237727,-92.957627,79.9,79.9,81
KCS,20043001,2020-04-30,9:00 PM,Derailment,0,MERIDIAN,MS,46,4,Dark,Clear,Yard,,0,0,3997,27547,H506,32.363172,-88.692629,67.1,63,64.7
BNSF,PR0315121,2015-03-09,3:00 PM,Rear end collision,0,BRIDGEPORT,NE,50,2,Day,Clear,Main,Spec. MoW Equip.,0,100000,0,105000,H997,41.528661,-103.02378,37.9,41.7,42.7
ATK,175848,2023-08-07,6:05 PM,Hwy-rail crossing,0,GRANITE CITY,IL,80,2,Day,Clear,Main,Passenger Train - Pulling,79,12661,0,12661,M308,38.751662,-90.103633,77.7,75.9,76.2
UP,0621GP034,2021-06-26,7:55 AM,Other impacts,0,NORTH PLATTE,NE,63,1,Dawn,Cloudy,Yard,Yard/switching,7,15829,183036,198930,M411,41.147434,-100.833779,69.5,69,69.7
CP,1000593182,2017-07-22,1:50 PM,Other impacts,0,ST PAUL,MN,90,2,Day,Clear,Yard,Yard/switching,4,1146,0,67490,E39C,44.936522,-93.037756,74.1,78.6,71.1
CMR,02182016,2016-02-18,10:30 AM,Derailment,0,OLIVETTE,MO,44,2,Day,Cloudy,Yard,Freight Train,5,68752,15100,83852,T221,38.685562,-90.390051,41.2,47.2,63.5
BNSF,MT1020103,2020-10-10,8:40 PM,Derailment,0,GREAT FALLS,MT,42,3,Dusk,Clear,Main,Freight Train,7,12010,0,12010,M204,47.501388,-111.314357,59.1,62.7,48.5
UP,0817KC002,2017-08-02,4:20 AM,Derailment,0,WICHITA,KS,72,4,Dark,Clear,Yard,Yard/switching,3,200355,35910,236265,T220,37.732854,-97.319817,74.1,78.2,78.2
WTRY,WTR434519,2019-06-24,11:29 AM,Derailment,0,WILMINGTON,NC,92,2,Day,Clear,Yard,Yard/switching,6,1147,26407,27554,M507,34.196169,-77.949198,74.5,79.4,85.1
UP,0815SL004,2015-08-05,11:15 AM,Hwy-rail crossing,0,BLOOMINGTON,IL,79,2,Day,Clear,Main,Spec. MoW Equip.,10,33674,12630,46304,M308,40.363659,-89.112487,73.2,73.9,73.2
BNSF,PR1114116,2014-11-20,1:00 PM,Derailment,0,ALLIANCE,NE,50,2,Day,Clear,Yard,Freight Train,8,127998,188903,316901,E40C,42.088414,-102.886931,28.1,27.3,34.7
UP,0118NP055,2018-01-08,8:09 PM,Fire/violent rupture,0,NORTH PLATTE,NE,32,4,Dark,Clear,Yard,Light loco(s),0,70861,0,70861,E73L,41.145307,-100.832668,32.9,32.1,39.9
WC,1150547,2024-05-26,7:15 AM,Derailment,0,PROCTOR,MN,65,2,Day,Clear,Yard,Freight Train,1,31894,36560,68454,H525,46.750465,-92.234331,56.5,55.2,56.7
KCS,21010701,2021-01-07,12:10 PM,Derailment,0,VICKSBURG,MS,40,2,Day,Rain,Main,Freight Train,15,128000,0,128000,H505,32.344301,-90.883748,49.2,47.1,41.7
BNSF,HL1019119,2019-10-20,4:17 PM,Derailment,0,LINCOLN,NE,60,2,Day,Clear,Yard,Yard/switching,4,27561,1200,28761,E76L,40.80785,-96.776539,57.6,54.1,47.9
CRSH,121031,2016-06-28,1:45 AM,Raking collision,0,CAMDEN,NJ,72,4,Dark,Rain,Yard,Yard/switching,4,8399,2260,20454,H318,39.951361,-75.090918,73.6,75.5,76.6
ATK,164541,2020-06-04,10:37 PM,Derailment,0,OMAHA,NE,80,4,Dark,Clear,Main,Passenger Train - Pulling,30,47100,0,49100,E46L,41.229003,-95.915335,81.3,80.3,83.2
NS,114865,2015-03-16,10:45 PM,Derailment,0,BALTIMORE,MD,48,4,Dark,Clear,Yard,Freight Train,6,13564,300,13864,H702,39.29664,-76.540858,46.7,43.6,52.8
CSX,000176589,2018-05-24,11:30 AM,Side collision,0,LOUISVILLE,KY,85,2,Day,Clear,Yard,Yard/switching,4,11122,38759,111890,H306,38.160709,-85.749174,77.2,75.4,76.6
NS,126392,2017-08-26,3:45 AM,Other impacts,0,WILMORE,KY,73,4,Dark,Clear,Main,Freight Train,0,100,0,11187,E89C,37.791745,-84.726513,66.4,67.2,70
BNSF,TC0323143,2023-03-29,5:56 PM,Derailment,0,MANDAN,ND,22,3,Dusk,Clear,Yard,Light loco(s),3,18000,0,18000,M101,46.824337,-100.900964,14.7,6.5,18.8
BEAR,BER737524A,2024-03-15,6:35 AM,Raking collision,0,LEOMINSTER,MA,37,1,Dawn,Fog,Main,Freight Train,0,0,0,0,M505,42.556206,-71.751892,46.9,42.5,44.8
CRSH,144419,2022-02-17,11:40 AM,Derailment,0,NEWARK,NJ,66,2,Day,Clear,Yard,,0,0,9896,16478,H702,40.704566,-74.129962,35.4,57.5,45.9
UP,0524GP023,2024-05-22,8:17 PM,Derailment,0,NORTH PLATTE,NE,65,4,Dark,Cloudy,Yard,Freight Train,8,58797,92662,151459,E64C,41.143811,-100.785672,53.7,57.4,64.3
CPKC,1002154802,2024-08-18,5:55 AM,Other impacts,0,ST PAUL,MN,60,4,Dark,Clear,Yard,Yard/switching,1,11684,30,38955,H307,48.9261,-93.0231,71.9,72.9,70.8
BNSF,RD0322108,2022-03-07,6:40 PM,Obstruction,0,LAFAYETTE,LA,65,3,Dusk,Clear,Yard,Cut of cars,0,155,17202,17357,M402,30.234822,-92.048838,74.2,70,54.1
NS,153485,2023-06-30,10:00 PM,Other impacts,0,SOUTHMONT,NC,75,4,Dark,Clear,Yard,Single Car,4,878,0,13655,H312,35.738906,-80.33295,75.3,77.4,77.5
CSX,000215969,2024-02-05,6:25 AM,Derailment,0,ROCKY MOUNT,NC,38,1,Dawn,Clear,Yard,Yard/switching,6,81559,655,82214,H702,35.917687,-77.805567,39.9,42.4,40.6
CSX,000220165,2024-08-26,2:50 PM,Other impacts,0,MONROE,NC,91,2,Day,Clear,Yard,Cut of cars,0,45000,0,55257,H021,34.984837,-80.548089,72,74.3,76.8
KCS,19012601,2019-01-26,5:15 AM,Other impacts,0,ARTESIA,MS,29,4,Dark,Clear,Yard,Cut of cars,0,500,0,27215,H306,33.417064,-88.643361,35.7,38.8,43.2
NS,157583,2024-08-02,8:10 AM,Side collision,0,ADRIAN,MI,73,2,Day,Cloudy,Main,Freight Train,26,382019,261000,1397360,H021,41.89207,-84.015975,78.3,74.8,75.9
UP,0216CB012,2016-02-20,10:15 AM,Derailment,0,BOONE,IA,50,2,Day,Clear,Yard,Cut of cars,0,5828,0,86302,T220,42.060759,-93.8547,46.3,41.6,34.4
UP,0320GL018,2020-03-23,5:30 AM,Other impacts,0,GRAND ISLAND,NE,39,1,Dawn,Fog,Yard,Cut of cars,0,48805,0,56321,H306,40.936462,-98.314948,39.7,42.5,50.7
MRL,2019091,2019-08-02,4:25 AM,Derailment,0,MISSOULA,MT,55,4,Dark,Clear,Main,Freight Train,24,37152,2132,39284,M299,46.963892,-114.116272,74.9,73.2,70
NS,136546,2019-12-17,10:20 AM,Raking collision,0,ELKHART,IN,32,2,Day,Cloudy,Yard,Yard/switching,10,61873,66324,215585,H399,41.67736,-85.978495,28,29,21.5
CRSH,116938,2015-08-13,10:10 AM,Raking collision,0,NEWARK,NJ,85,2,Day,Clear,Yard,Yard/switching,10,144396,750,145414,S006,40.713668,-74.142477,77.5,76.4,77.4
UP,1215NP022,2015-12-21,1:00 AM,Hwy-rail crossing,1,SIDNEY,NE,14,4,Dark,Fog,Main,Freight Train,69,1408285,497746,1906031,M305,41.210984,-103.096964,31.3,27.7,33.3
UP,0519GP034,2019-05-17,12:50 AM,Other (describe in narrative),0,NORTH PLATTE,NE,67,4,Dark,Cloudy,Yard,Single Car,0,49009,0,49009,M411,41.14932,-100.852771,70.3,66.7,55.9
UP,1120GP003,2020-11-04,11:15 PM,Other impacts,0,NORTH PLATTE,NE,48,4,Dark,Clear,Yard,Cut of cars,2,100,0,11629,M411,41.152005,-100.82447,49,53,53.5
NS,129480,2018-05-16,7:25 AM,Hwy-rail crossing,0,LEESBURG,IN,64,1,Dawn,Clear,Main,Freight Train,33,20308,77780,98088,M303,41.33195,-85.84449,66.8,65.9,67.2
UP,1020GP025,2020-10-24,8:38 PM,Hwy-rail crossing,0,GLENVIL,NE,33,4,Dark,Cloudy,Main,Freight Train,30,11206,3862,15068,M303,40.494748,-98.241597,33.1,31,27.1
UP,0422GP037,2022-04-29,5:50 PM,Derailment,0,SHELTON,NE,73,2,Day,Cloudy,Main,Freight Train,39,174392,110625,285017,M105,40.773184,-98.759317,68.1,62.6,49.5
CP,1000946766,2019-02-28,10:00 AM,Other impacts,0,KANSAS CITY,MO,23,2,Day,Cloudy,Yard,Cut of cars,1,26000,0,36000,H020,39.128761,-94.517204,23.1,22.6,31
CSX,000211477,2023-05-25,3:16 PM,Other impacts,0,SOUTH SHORE,KY,72,2,Day,Clear,Main,Spec. MoW Equip.,0,1577110,39,1697972,H993,38.72793,-82.881206,65.1,62.8,62.7
MRL,2017027,2017-02-14,10:04 AM,Other impacts,0,ALBERTON,MT,30,2,Day,Clear,Main,Freight Train,36,50000,0,50000,H402,47.018,-114.518,20.8,23.1,24.8
UP,0117DV017,2017-01-03,10:23 PM,Obstruction,0,STEAMBOAT SPGS,CO,32,4,Dark,Cloudy,Main,Freight Train,33,39942,150,40092,M101,40.492785,-106.951407,22.5,17.8,21.3
NS,153363,2023-06-15,2:47 AM,Derailment,0,STREATOR,IL,55,4,Dark,Clear,Yard,,0,0,163,13663,H702,41.09805,-88.810772,71.3,71.5,61.9
BNSF,CH0921106,2021-09-13,5:10 AM,Derailment,0,GALESBURG,IL,64,1,Dawn,Clear,Yard,Yard/switching,4,12846,1000,13846,H316,40.900133,-90.387571,72.2,72,70.7
CSX,000148099,2015-06-16,5:00 PM,Other impacts,0,BALTIMORE,MD,86,3,Dusk,Cloudy,Yard,Single Car,2,400,0,14098,M599,39.23543,-76.591321,79.2,82.4,77.2
NJTR,202103095,2021-02-23,4:20 PM,Other (describe in narrative),0,NEWARK,NJ,40,2,Day,Clear,Main,Commuter Train - Pulling,0,16990,0,16990,H508,40.733039,-74.166098,33.2,38.6,44.2
NS,125387,2017-06-11,4:00 AM,Other (describe in narrative),0,CHICAGO,IL,74,1,Dawn,Cloudy,Yard,Yard/switching,3,30,35743,35773,H702,41.697633,-87.564578,78.5,82.6,84.7
UP,0323GL035,2023-03-14,12:00 PM,Other (describe in narrative),0,SOUTH ST PAUL,MN,50,2,Day,Clear,Yard,Single Car,0,16138,0,16138,M507,44.903753,-93.04344,24.3,21.7,36.9
CSX,000211283,2023-05-12,9:30 AM,Derailment,0,CUMBERLAND,MD,65,2,Day,Clear,Yard,Yard/switching,2,12400,112,12512,H504,39.64453,-78.760879,60.9,66.8,62.2
NIRC,2018070653,2018-04-15,5:04 PM,Hwy-rail crossing,0,BLUE ISLAND,IL,34,3,Dusk,Rain,Main,Commuter Train - Pushing,70,30312,0,30312,M308,41.67755,-87.66651,39.6,35.9,31.1
BNSF,MT0124114,2024-01-31,6:00 AM,Derailment,0,LAUREL,MT,31,1,Dawn,Clear,Yard,Freight Train,6,16501,0,236592,H318,45.675546,-108.741889,49.8,48,44.3
IC,851394,2015-05-27,4:30 AM,Side collision,0,BATON ROUGE,LA,81,4,Dark,Cloudy,Yard,Freight Train,4,104299,0,115473,H307,30.469647,-91.189297,73.3,72.2,77.3
UP,0715PR007,2015-07-15,7:17 PM,Other impacts,0,NORTHLAKE,IL,70,4,Dark,Cloudy,Yard,Single Car,0,3745,0,18790,M411,41.893905,-87.889093,73.2,66,67.1
TCWR,TCW073017,2017-07-30,2:00 PM,Derailment,0,COLOGNE,MN,80,2,Day,Clear,Main,Freight Train,0,600000,50000,650000,E4BC,44.7689,-93.7806,72.6,73.1,74.6
NS,144559,2022-03-02,12:51 AM,Other impacts,0,LOUISVILLE,KY,40,4,Dark,Clear,Yard,Single Car,0,51900,300,129945,H312,38.263516,-85.801423,53.7,57.6,52
CSX,000177267,2018-06-28,10:05 AM,Derailment,0,LOUISVILLE,KY,88,2,Day,Clear,Yard,Yard/switching,5,132651,9076,141727,E64C,38.160709,-85.749174,77.4,81.8,82.7
BNSF,PR1019204,2019-10-22,7:02 AM,Hwy-rail crossing,0,GARRISON,NE,43,1,Dawn,Clear,Main,Freight Train,23,14490,0,14490,M308,41.205214,-97.148397,45.1,46.3,48
NS,130320,2018-07-23,10:00 PM,Other impacts,0,SOUTHMONT,NC,73,4,Dark,Clear,Yard,Yard/switching,7,68265,0,71265,M408,35.736022,-80.336566,73.1,71.9,74.6
BNSF,PR0719106,2019-07-09,3:05 AM,Derailment,0,SUPERIOR,NE,70,4,Dark,Rain,Main,Freight Train,6,950000,158000,1108000,M103,40.037262,-98.159102,77.8,77.9,75.4
UP,0217SL005,2017-02-06,11:30 PM,Derailment,0,POPLAR BLUFF,MO,65,4,Dark,Clear,Yard,Yard/switching,4,31664,16732,48396,M405,36.73486,-90.412561,41.9,52.3,64.3
KCT,UP220411,2022-04-11,7:53 AM,Derailment,0,KANSAS CITY,MO,55,1,Dawn,Clear,Main,,0,0,151722,771921,M204,39.109,-94.504,64.9,57.7,67.2
MBTA,2024043,2024-02-27,2:03 PM,Other (describe in narrative),0,ACTON,MA,42,2,Day,Clear,Main,Passenger Train - Pushing,52,40459,0,40459,M404,42.463285,-71.466755,39.2,42.6,53.7
CSX,000176589,2018-05-24,11:30 AM,Side collision,0,LOUISVILLE,KY,85,2,Day,Clear,Yard,Freight Train,8,62009,0,111890,H306,38.160709,-85.749174,77.2,75.4,76.6
MNCW,72717,2020-07-29,10:06 AM,Derailment,0,STAMFORD,CT,83,2,Day,Clear,Yard,EMU,3,80147,0,80147,H999,41.05201,-73.52896,82.7,78.7,78.4
ALS,20210820,2021-08-20,9:50 AM,Derailment,0,EAST ST LOUIS,IL,88,2,Day,Clear,Yard,Yard/switching,4,209012,12852,221864,H018,38.596875,-90.146534,76.2,79,79.8
IC,834788,2014-12-09,6:10 PM,Hwy-rail crossing,0,FLORA,MS,40,4,Dark,Clear,Main,,0,0,17739,20439,M308,32.401409,-90.148422,49.2,47.8,41.6
NECR,NEC394619A,2019-12-30,12:20 PM,Obstruction,0,CLAREMONT,NH,32,2,Day,Rain,Main,,0,0,0,19945,M404,43.314037,-72.380295,30.4,29.3,30.5
BNSF,PR0120109,2020-01-15,1:30 AM,Derailment,0,ALLIANCE,NE,34,4,Dark,Clear,Yard,Yard/switching,8,19404,0,19404,H303,42.067926,-102.898005,27.8,20.4,23.7