reportingrailroadcode,accidentnumber,date,time,accidenttype,hazmatreleasedcars,station,stateabbr,temperature,visibility_code,visibility,weathercondition,tracktype,equipmenttype,trainspeed,equipmentdamagecost,trackdamagecost,totaldamagecost,primaryaccidentcausecode,latitude,longitude,prior_temp,actual_temp,following_temp
KCS,19070203,2019-07-02,5:45 PM,Derailment,0,CORINTH,MS,86,3,Dusk,Clear,Yard,Freight Train,5,2569,0,11740,H505,34.934146,-88.506226,80.9,81.5,79.4
UP,0819PR020,2019-08-14,12:00 PM,Other (describe in narrative),0,CHICAGO,IL,80,2,Day,Cloudy,Yard,Single Car,0,41751,0,41751,E29C,41.899778,-87.907617,75.9,72.8,71.1
NS,129691,2018-06-02,1:40 PM,Derailment,0,ASHEVILLE,NC,80,2,Day,Clear,Main,Freight Train,4,12614,32387,45001,M405,35.586522,-82.567315,72.2,73.7,74.2
UP,0717NP005,2017-07-06,7:27 AM,Hwy-rail crossing,0,DIX,NE,89,2,Day,Clear,Main,Freight Train,46,15431,44608,60039,M302,41.238953,-103.528069,79.3,80.6,73.6
BNSF,HL0819117,2019-08-14,10:57 PM,Derailment,0,LINCOLN,NE,80,4,Dark,Clear,Yard,Freight Train,6,10000,2100,12100,H702,40.807779,-96.778945,79.6,70.5,66.1
UP,0822HL023,2022-08-18,11:30 AM,Derailment,0,KANSAS CITY,MO,79,2,Day,Clear,Yard,,0,0,3800,62542,H702,39.120827,-94.496988,74.3,75.7,73.2
NS,140069,2020-12-20,8:15 PM,Other impacts,0,MELVINDALE,MI,38,4,Dark,Clear,Yard,Yard/switching,4,13303,500,13803,H312,42.275586,-83.184337,33.2,35.5,35.6
BNSF,KS0822101,2022-08-03,3:51 AM,Side collision,0,KANSAS CITY,KS,72,4,Dark,Clear,Yard,Yard/switching,9,55420,0,82420,H607,39.081097,-94.673796,88.5,83.7,83.4
CSX,000179808,2018-11-12,11:38 AM,Derailment,0,ATHENS,GA,45,2,Day,Rain,Siding,Yard/switching,3,66582,3529,70111,M503,33.969975,-83.399842,43.7,42.8,48.7
BNSF,MT0124114,2024-01-31,6:00 AM,Derailment,0,LAUREL,MT,31,1,Dawn,Clear,Yard,Yard/switching,4,40091,180000,236592,H318,45.675546,-108.741889,49.8,48,44.3
NS,152510,2023-03-10,4:55 PM,Derailment,0,SHARP,NC,71,3,Dusk,Clear,Yard,Freight Train,6,14751,2834,17585,S011,35.738906,-80.33295,45.9,48.7,46.6
CAGY,CAG902324D,2024-08-21,8:00 AM,Derailment,0,INDIANOLA,MS,68,2,Day,Clear,Main,Freight Train,10,33000,10006000,10039000,E24C,33.433307,-90.597529,76.8,74,74.6
NS,117232,2015-09-03,3:20 PM,Derailment,0,CHARLOTTE,NC,80,2,Day,Clear,Yard,Freight Train,6,10000,4100,14100,H518,35.240792,-80.82288,81.7,81.9,80.1
UP,0122GL011,2022-01-19,7:40 PM,Other (describe in narrative),0,COLUMBUS,NE,6,3,Dusk,Cloudy,Yard,Yard/switching,3,11552,0,11552,H523,41.427454,-97.368721,37,11.7,3.9
BNSF,CH0617107,2017-06-10,2:15 AM,Derailment,0,ELWOOD,IL,70,4,Dark,Clear,Yard,Yard/switching,4,14766,0,14766,E24C,41.3806,-88.151797,76.3,78.1,82.2
NS,146078,2022-08-04,3:45 PM,Hwy-rail crossing,0,DURHAM,NC,90,2,Day,Clear,Main,,0,0,894,17424,M303,35.972452,-78.866814,82,83.6,83.3
TCWR,TCW091217A,2017-09-12,9:20 AM,Hwy-rail crossing,0,MILAN,MN,75,2,Day,Clear,Main,Freight Train,28,40000,0,40000,M302,45.0442,-95.5241,71.1,73.8,75
UP,0819GL040,2019-08-29,1:25 AM,Other impacts,0,SHAKOPEE,MN,57,4,Dark,Clear,Yard,Cut of cars,1,16324,0,22251,H020,44.78784,-93.412654,62.8,65,62.6
NS,156783,2024-05-21,2:00 AM,Other impacts,0,CHARLOTTE,NC,75,4,Dark,Clear,Yard,Single Car,0,46823,0,144269,H318,35.247627,-80.811161,70.5,72.8,75.3
CRSH,135421,2019-09-07,6:30 PM,Raking collision,0,RIVER ROUGE,MI,70,3,Dusk,Clear,Yard,Cut of cars,0,1578,0,131151,H020,42.260292,-83.143082,64,67.8,63.4
BNSF,MT0921102,2021-09-04,8:13 PM,Derailment,0,GREAT FALLS,MT,65,3,Dusk,Clear,Yard,Freight Train,7,72753,8715,81468,H525,47.516444,-111.360114,56.3,59.9,68.7
UP,0422GL005,2022-04-04,5:20 PM,Derailment,0,FREMONT,NE,59,2,Day,Clear,Main,Freight Train,34,5108,465450,470558,E53C,41.447236,-96.558772,51.3,43.9,50.2
UP,0719GP033,2019-07-28,4:13 AM,Derailment,0,NORTH PLATTE,NE,70,1,Dawn,Clear,Yard,Yard/switching,10,36400,147125,183525,H506,41.14986,-100.809822,77.1,77.7,73
UP,0321GL024,2021-03-25,4:52 PM,Hwy-rail crossing,0,FREMONT,NE,49,2,Day,Cloudy,Main,Freight Train,20,287,86812,87099,M303,41.427793,-96.492536,43.3,42.7,44.4
ATK,139565,2015-10-10,8:56 AM,Hwy-rail crossing,0,MINTER CITY,MS,62,2,Day,Clear,Main,Passenger Train - Pulling,70,23607,0,23632,M302,33.767929,-90.242249,73.8,63.8,61.5
BNSF,RD0418117,2018-04-15,9:30 PM,Other impacts,0,LAFAYETTE,LA,48,4,Dark,Clear,Yard,Yard/switching,7,13777,0,13777,H318,30.234578,-92.054072,64.6,53.7,58.1
CRSH,142666,2021-08-20,11:13 PM,Other (describe in narrative),0,CAMDEN,NJ,75,4,Dark,Rain,Yard,Yard/switching,4,32127,0,32127,H312,39.950922,-75.090877,82.9,78.1,76.8
NS,152341,2023-02-18,1:10 PM,Other impacts,0,DURHAM,NC,58,2,Day,Clear,Yard,Single Car,0,15000,517,15667,H312,35.994763,-78.902309,60.2,40.6,46.9
NS,154775,2023-11-14,10:30 AM,Other impacts,0,SOUTHMONT,NC,49,2,Day,Clear,Yard,Single Car,5,29390,0,122540,H312,35.74086,-80.330499,48.3,51.9,48.9
UP,0318NP011,2018-03-07,2:00 AM,Fire/violent rupture,0,NORTH PLATTE,NE,20,4,Dark,Clear,Yard,Freight Train,0,269754,0,269754,E72L,41.155169,-100.842162,33.4,29.8,34
CP,1000630587,2017-10-05,2:39 AM,Rear end collision,0,COTTAGE GROVE,MN,45,4,Dark,Cloudy,Main,Freight Train,17,15000,27,32167,H605,44.78323,-92.889224,51.8,54.6,53.9
UP,0915LV007,2015-09-05,8:01 PM,Derailment,0,LIVONIA,LA,85,4,Dark,Clear,Yard,Yard/switching,1,5963,47842,53805,M402,30.538683,-91.563864,80.1,81.5,79.6
BNSF,PR1019108,2019-10-11,9:50 PM,Rear end collision,0,LAKESIDE,NE,35,4,Dark,Clear,Main,Freight Train,26,35000,15000,1306925,H605,42.069497,-102.587301,25,24.9,34.2
UP,0122GP031,2022-01-20,1:06 PM,Other impacts,0,NORTH PLATTE,NE,13,2,Day,Cloudy,Yard,Cut of cars,4,0,0,41399,E49C,41.146686,-100.837987,16.5,10.3,20.1
CRSH,117534,2015-09-25,3:50 AM,Raking collision,0,CAMDEN,NJ,58,4,Dark,Clear,Yard,Yard/switching,8,12898,2750,37713,H702,39.952292,-75.091324,67.9,67.7,65.1
UP,0821GP023,2021-08-22,6:30 PM,Derailment,0,NORTH PLATTE,NE,90,3,Dusk,Clear,Yard,Yard/switching,4,6703,24620,31323,E79L,41.15347,-100.832688,64.9,73.8,77.6
BNSF,CH0317113,2017-03-13,3:20 AM,Derailment,0,GALESBURG,IL,28,4,Dark,Sleet,Yard,Yard/switching,2,23373,0,23373,S016,40.905203,-90.384999,28.4,28.9,20.5
NS,131370,2018-10-18,6:00 AM,Other impacts,0,SPENCER,NC,60,1,Dawn,Clear,Yard,Yard/switching,8,24125,7345,31470,M411,35.732126,-80.341453,64.8,52.7,51.4
CSX,000150986,2015-08-20,11:13 PM,Rear end collision,0,LIVINGSTON,KY,76,4,Dark,Clear,Main,Freight Train,0,0,0,97930,H220,37.291698,-84.218581,74.7,71.6,68.4
CRSH,143399,2021-11-07,6:43 PM,Derailment,0,NEWARK,NJ,50,3,Dusk,Clear,Yard,Yard/switching,7,2482958,277031,2759989,H704,40.711028,-74.144926,45.2,46,55.7
BNSF,TC0518103,2018-05-03,3:05 AM,Derailment,0,FRIDLEY,MN,59,4,Dark,Cloudy,Yard,Yard/switching,9,7281,6000,13281,M411,45.040232,-93.273102,57.5,63.5,66.5
CSX,000199081,2021-07-26,5:30 AM,Derailment,0,ROSEDALE,MD,83,4,Dark,Clear,Yard,Freight Train,3,32623,100,32723,M405,39.304566,-76.532433,80,81.4,80.8
BNSF,HL0220118,2020-02-24,12:43 PM,Derailment,0,LINCOLN,NE,41,2,Day,Cloudy,Industry,Yard/switching,5,2703,20000,22703,H306,40.823958,-96.70543,39.9,38.7,34.5
UP,0324GP039,2024-03-29,9:16 PM,Hwy-rail crossing,0,ALDA,NE,53,4,Dark,Cloudy,Main,Freight Train,56,8330,10925,19255,M303,40.869825,-98.467009,49.7,49.6,41.3
UP,0220GP016,2020-02-13,9:21 PM,Other impacts,0,NORTH PLATTE,NE,18,4,Dark,Clear,Yard,Single Car,0,31444,0,58018,S016,41.146011,-100.835028,26.4,14.2,28.2
CSX,000212127,2023-07-06,6:06 AM,Side collision,0,ROCKY MOUNT,NC,74,1,Dawn,Clear,Yard,Yard/switching,1,50,112,41182,H310,35.917687,-77.805567,79.4,78.5,78.2
BNSF,PR0222119,2022-02-22,2:30 PM,Derailment,0,ALLIANCE,NE,3,2,Day,Clear,Yard,Light loco(s),3,15043,6900,21943,H702,42.093345,-102.866015,7.7,-6,-2.8
UP,0817NP009,2017-08-05,3:40 AM,Other (describe in narrative),0,NORTH PLATTE,NE,60,4,Dark,Clear,Yard,Yard/switching,3,32904,0,32904,S016,41.147894,-100.837967,63,71.1,69.9
KCS,18042401,2018-04-24,4:44 AM,Derailment,0,EDWARDS,MS,60,4,Dark,Clear,Main,Freight Train,50,10320,861255,871575,E62C,32.347846,-90.456495,57.8,62.8,65.5
CSX,000202849,2022-02-01,12:15 PM,Obstruction,0,INDIANAPOLIS,IN,56,2,Day,Clear,Yard,Spec. MoW Equip.,0,46414,0,46714,M411,39.759798,-86.327516,28.4,45,38.6
ATK,162105,2019-11-27,8:47 PM,Obstruction,0,SANDSTONE,MI,36,4,Dark,Rain,Main,Passenger Train - Pulling,77,22933,0,22933,M404,42.258492,-84.56282,43.9,43.5,34.7
ATK,136925,2015-04-06,7:05 PM,Hwy-rail crossing,0,GREENSBORO,NC,70,3,Dusk,Clear,Main,Passenger Train - Pulling,79,0,0,12267,M302,36.083678,-79.740504,52.1,62.5,64.2
UP,1115NP012,2015-11-19,5:52 PM,Other (describe in narrative),0,MORRILL,NE,40,4,Dark,Clear,Yard,Freight Train,4,139,10911,11050,E86C,41.930378,-103.856071,37.3,28.3,27.9
UP,0816SL018,2016-08-27,12:30 AM,Fire/violent rupture,0,ST LOUIS,MO,70,4,Dark,Cloudy,Main,Freight Train,10,340495,0,340495,E73L,38.622929,-90.264506,80.9,80.6,82.5
BNSF,MT0819201,2019-08-17,5:49 PM,Hwy-rail crossing,0,BAINVILLE,MT,60,3,Dusk,Clear,Main,Freight Train,66,13000,0,13000,M302,48.140267,-104.336345,69.3,58,60.8
BNSF,HL0219104,2019-02-04,10:15 AM,Derailment,0,ST JOSEPH,MO,22,2,Day,Clear,Yard,Yard/switching,10,11173,57321,68494,T221,39.745259,-94.850626,54.9,29.9,19.8
UP,1020GP045,2020-10-31,10:20 AM,Obstruction,0,NORTH PLATTE,NE,49,2,Day,Clear,Yard,Yard/switching,7,13470,1920,15390,M404,41.15243,-100.826951,47.4,49.1,38.5
NS,144409,2022-02-16,6:08 PM,Hwy-rail crossing,0,GARY,IN,50,3,Dusk,Rain,Main,,0,0,0,18484,M308,41.624832,-87.39398,28.7,47.1,30.2
BNSF,TC0817204,2017-08-10,7:40 AM,Hwy-rail crossing,0,GRANVILLE,ND,57,1,Dawn,Clear,Main,,0,0,0,13818,M302,48.264895,-100.864304,62.9,65,66.2
UP,0215KC002,2015-02-05,6:32 AM,Derailment,0,NEBRASKA CITY,NE,-10,1,Dawn,Cloudy,Industry,Freight Train,3,193532,13998,207530,M404,40.668582,-95.855391,16.6,9.1,31.8
BNSF,TC0823104,2023-08-06,12:30 AM,Derailment,0,MANDAN,ND,70,4,Dark,Clear,Yard,Yard/switching,4,11395,10547,21942,H607,46.827721,-100.874686,67.5,68.2,66.8
NPR,GX011801,2018-01-18,2:30 PM,Obstruction,0,WARREN,MN,29,2,Day,Clear,Main,Spec. MoW Equip.,15,150000,0,160000,H221,48.192409,-96.769534,16.3,26.2,32.9
BNSF,MT0419101,2019-04-02,3:45 PM,Obstruction,0,LIBBY,MT,50,2,Day,Clear,Main,Single Car,10,1000,55012,770012,H317,48.364143,-114.996205,41.4,43.5,40.5
UP,0919GC025,2019-09-13,6:43 PM,Other impacts,0,LIVONIA,LA,91,3,Dusk,Cloudy,Yard,Cut of cars,3,27084,0,47888,S006,30.525929,-91.555276,81.2,82.1,81.3
BNSF,TC0416113,2016-04-29,11:41 AM,Obstruction,0,GLENFIELD,ND,64,2,Day,Clear,Main,Maint./inspect Car,4,11264,0,11264,H402,47.529247,-98.754509,46.2,48.1,49.7
MNA,MNA846024A,2024-06-26,6:00 AM,Other (describe in narrative),0,CARTHAGE,MO,75,1,Dawn,Rain,Yard,Freight Train,0,30000,0,30000,E73L,37.1762,-94.27785,86,79.1,78.7
KCS,21122101,2021-12-21,7:18 PM,Derailment,0,VICKSBURG,MS,68,4,Dark,Clear,Main,Freight Train,38,750089,528700,1278789,E69C,32.346673,-90.752244,41.7,44.8,44.8
CSX,000179543,2018-10-27,8:20 PM,Derailment,0,LOUISVILLE,KY,50,4,Dark,Clear,Yard,Yard/switching,8,17441,48,17489,H210,38.159284,-85.748802,51.9,50.5,54.6
BNSF,TC0821103,2021-08-07,8:35 AM,Other impacts,0,MINNEAPOLIS,MN,68,1,Dawn,Rain,Yard,Yard/switching,5,9952,0,11952,M407,45.029661,-93.269913,75.8,71,73.2
NS,135030,2019-08-08,10:20 AM,Hwy-rail crossing,0,GARY,IN,87,2,Day,Cloudy,Main,Freight Train,35,468,110292,110760,M303,41.624851,-87.394034,75.7,76.7,71.1
CSX,000148099,2015-06-16,5:00 PM,Other impacts,0,BALTIMORE,MD,86,3,Dusk,Cloudy,Yard,Single Car,2,400,0,14098,M599,39.23543,-76.591321,79.2,82.4,77.2
UP,0523GP045,2023-05-16,10:00 AM,Other impacts,0,NORTH PLATTE,NE,50,2,Day,Fog,Yard,Single Car,4,36903,99,37102,M407,41.141083,-100.768694,53.6,56.1,60
IC,1008226,2019-08-05,8:40 PM,Derailment,0,GEISMAR,LA,77,4,Dark,Clear,Main,Yard/switching,2,10100,5000,15100,M599,30.166802,-90.963951,81.5,81.9,84
NS,157874,2024-08-30,2:15 PM,Derailment,0,GREENSBORO,NC,89,2,Day,Clear,Yard,Yard/switching,5,6350,18769,25119,H702,36.060802,-79.835085,81.6,77.2,76
CSX,000215788,2024-01-27,7:45 PM,Derailment,0,WORCESTER,MA,35,4,Dark,Clear,Main,Yard/switching,4,3371,13158,16529,M299,42.255036,-71.805358,35.8,35.5,33.5
BNSF,TC0622204,2022-06-28,9:20 PM,Hwy-rail crossing,0,DAWSON,ND,67,4,Dark,Clear,Main,Passenger Train - Pulling,59,15000,500,15500,M302,46.864077,-99.826582,69.7,66.2,71.3
BNSF,MT1223103,2023-12-16,8:30 AM,Other impacts,0,GREAT FALLS,MT,43,1,Dawn,Clear,Yard,Freight Train,2,4748,0,77803,H307,47.502667,-111.324564,34.3,45.7,35.4
CSX,000177994,2018-08-03,4:28 AM,Derailment,0,HAMLET,NC,84,4,Dark,Clear,Yard,Freight Train,8,63264,0,250830,H706,34.925491,-79.646587,77.7,73.4,77.1
WTRY,WTR605920,2020-05-28,9:50 AM,Derailment,0,WILMINGTON,NC,79,2,Day,Cloudy,Yard,Yard/switching,7,5855,22687,28542,E39C,34.201914,-77.952005,73,77,77.2
UP,1216PR005,2016-12-10,10:00 PM,Derailment,0,NORTHLAKE,IL,22,4,Dark,Snow,Yard,Yard/switching,5,46783,5980,52763,M101,41.905174,-87.915655,22.2,20.9,28.9
CSX,000156546,2016-01-16,11:54 AM,Other impacts,0,AVON,IN,25,2,Day,Clear,Yard,Cut of cars,0,14951,0,24216,M407,39.759791,-86.327526,41.6,29.8,15.8
BNSF,PR1215105,2015-12-07,12:30 AM,Derailment,0,ALLIANCE,NE,36,4,Dark,Clear,Yard,Cut of cars,5,40614,0,839880,M105,42.094212,-102.875955,32.9,43.4,44
CRSH,115858,2015-05-29,8:30 PM,Derailment,0,STERLING HEIGHTS,MI,75,4,Dark,Cloudy,Yard,Freight Train,4,1217,9859,11076,H702,42.581434,-83.040072,67.1,69.3,67.6
UP,0224GC030,2024-02-17,3:45 PM,Hwy-rail crossing,0,VINTON,LA,48,2,Day,Clear,Main,,0,0,0,17785,M308,30.160104,-93.637933,62.9,49.9,44.7
ATK,172114,2022-09-20,3:55 AM,Obstruction,0,MC COOK,NE,70,4,Dark,Clear,Main,Passenger Train - Pulling,58,15015,0,15015,M402,40.196622,-100.609872,78.8,85.5,67.6
BNSF,HL0120109,2020-01-14,6:45 AM,Derailment,0,SAINT LOUIS,MO,40,1,Dawn,Clear,Yard,Light loco(s),4,20400,3200,23600,H307,38.60327,-90.311947,33.8,41.3,47
GTW,864723,2015-09-06,9:30 AM,Other impacts,0,PONTIAC,MI,75,2,Day,Clear,Yard,Freight Train,3,11678,25,11703,H318,42.65871,-83.323928,74.3,77,78
UP,0117SL019,2017-01-26,8:45 PM,Derailment,0,STE GENEVIEVE,MO,30,4,Dark,Cloudy,Yard,Cut of cars,0,8411,0,101562,T211,37.990459,-90.048143,45.8,32.9,29.5
ITSL,ITSL176,2017-09-13,10:30 PM,Other impacts,0,GRANDVIEW,MO,70,4,Dark,Clear,Yard,Yard/switching,10,80000,0,80000,H018,38.84255,-94.560829,67.1,70.3,73.7
UP,0319GP008,2019-03-05,1:30 AM,Derailment,0,NORTH PLATTE,NE,-4,4,Dark,Clear,Yard,Yard/switching,10,23548,29056,52604,H607,41.143189,-100.780167,-3.5,8.2,18.8
UP,0419GC001,2019-04-01,5:02 AM,Other impacts,0,MARINGOUIN,LA,40,1,Dawn,Cloudy,Yard,Cut of cars,3,40174,0,44196,M411,30.525848,-91.555362,50.8,51,53.7
UP,0716CB003,2016-07-06,12:45 AM,Other impacts,0,CARROLL,IA,80,4,Dark,Rain,Main,Freight Train,45,100,95625,95725,M105,42.101916,-94.954192,77.5,75.8,73.1
NS,116176,2015-06-22,2:45 AM,Derailment,0,GREENSBORO,NC,76,4,Dark,Clear,Yard,Freight Train,6,10600,2615,13215,H702,36.059928,-79.842013,82.9,83.1,85.9
UP,0215NP011,2015-02-05,11:45 PM,Other (describe in narrative),0,GIBBON,NE,32,4,Dark,Clear,Industry,Freight Train,2,25720,6175,31895,M501,40.744771,-98.862227,15.8,20.4,44.2
LAS,240401007,2024-04-01,9:45 PM,Other impacts,0,DODSON,LA,65,4,Dark,Clear,Main,Cut of cars,0,0,0,44000,H025,32.112109,-92.683339,67.7,73.3,71.2
NPR,DR032201,2022-03-14,10:24 AM,Derailment,0,GRANO,ND,25,2,Day,Clear,Main,Work train,26,45000,2000,47000,M101,48.617211,-101.597365,20.9,26.9,36.3
WC,1099647,2022-04-12,9:00 PM,Derailment,0,DULUTH,MN,33,4,Dark,Rain,Yard,Freight Train,5,7536,166267,173803,H307,46.752482,-92.135547,40.5,36,34.6
ATK,158461,2019-04-11,12:18 PM,Hwy-rail crossing,0,WESSON,MS,81,2,Day,Clear,Main,Passenger Train - Pulling,70,18267,0,18517,M308,31.698866,-90.397942,70.3,71.7,65.7
BNSF,TC0918103,2018-09-07,9:55 PM,Derailment,0,DILWORTH,MN,65,4,Dark,Clear,Yard,Yard/switching,4,13158,5000,18158,H607,46.874166,-96.681755,59.1,65.1,64.7
CSX,000180427,2018-12-20,10:39 AM,Other impacts,0,ROCKY MOUNT,NC,40,2,Day,Fog,Yard,Single Car,6,17343,97,19640,H318,35.918853,-77.804447,38.5,54,60.6
CP,1000727632,2018-03-30,3:05 AM,Fire/violent rupture,0,KENSAL,ND,5,4,Dark,Snow,Main,Freight Train,40,63588,4911,68499,E51L,47.289567,-98.705923,24.5,13,9.1
MRL,2021088,2021-11-07,1:45 AM,Derailment,0,BILLINGS,MT,44,4,Dark,Clear,Yard,Freight Train,10,70000,12000,82000,H703,45.773251,-108.520734,53.3,44.4,39.4
KCS,20030902,2020-03-09,2:20 AM,Derailment,0,BATON ROUGE,LA,48,4,Dark,Cloudy,Industry,Freight Train,3,10570,1448,12994,H306,30.56251,-91.212556,59.4,65.3,67.9
ATK,136626,2015-03-11,1:10 PM,Other (describe in narrative),0,ISELIN,NJ,32,2,Day,Clear,Main,Maint./inspect Car,0,0,25000,25000,M402,40.598786,-74.285131,41.9,49.2,43.8
MRL,2021109,2021-12-20,3:30 AM,Other impacts,0,LAUREL,MT,12,4,Dark,Clear,Yard,Cut of cars,14,22000,0,47000,H020,45.681246,-108.718312,32.2,19.4,38.1
BNSF,HL0719202,2019-07-10,9:55 PM,Hwy-rail crossing,0,SHERMAN,MS,81,4,Dark,Clear,Main,Freight Train,34,2500,30327,32827,M308,34.36502,-88.847989,86,86.1,83.2
BNSF,RD1019116,2019-10-23,12:30 PM,Other impacts,0,LACASSINE,LA,70,2,Day,Clear,Yard,Freight Train,10,54755,0,54755,H307,30.238995,-92.883645,63.9,62,63.9
BNSF,TC0324201,2024-03-20,9:30 AM,Hwy-rail crossing,0,BUFFALO,ND,44,2,Day,Clear,Main,Single Car,40,15000,0,15000,M399,46.919483,-97.555782,33.5,17.8,22.8
UP,0422GP013,2022-04-17,7:20 PM,Derailment,0,NORTH PLATTE,NE,61,3,Dusk,Cloudy,Yard,Freight Train,15,47716,412180,459896,E49C,41.140163,-100.763566,37.5,50.6,44.1
UP,0322GP001,2022-03-01,10:30 AM,Derailment,0,NORTH PLATTE,NE,51,2,Day,Clear,Yard,Single Car,0,46433,0,220024,H506,41.153054,-100.85136,40.6,46.4,48.9
BNSF,TC0218109,2018-02-05,5:00 AM,Derailment,0,KARLSRUHE,ND,-13,1,Dawn,Clear,Main,Freight Train,26,0,650000,650000,E61C,48.097516,-100.644895,-8,-3.4,-4.2
PAL,20191AUGD,2019-08-30,3:29 AM,Derailment,0,LOUISVILLE,KY,73,4,Dark,Clear,Main,Freight Train,7,0,0,4768,H306,38.230628,-85.776698,72.9,78.7,78.8
BNSF,TC0824102,2024-08-02,12:09 PM,Derailment,0,ST  PAUL,MN,75,2,Day,Clear,Main,,0,0,13101,102345,H506,44.954299,-93.077965,70.9,78.9,75.5
UP,0623GL008,2023-06-11,6:35 PM,Derailment,0,SOUTH ST PAUL,MN,68,3,Dusk,Clear,Yard,Freight Train,4,4281,7896,12177,H702,44.926089,-93.065683,70.4,59.7,66.9
BRC,14427,2021-02-17,9:50 PM,Other impacts,0,BEDFORD PARK,IL,7,4,Dark,Cloudy,Yard,Cut of cars,11,15566,0,15566,M411,41.767873,-87.754258,14.2,15.6,20.2
CSX,000212881,2023-08-11,1:51 AM,Other impacts,0,CURTIS BAY,MD,75,4,Dark,Clear,Yard,Single Car,3,1844,1528,13784,H018,39.218816,-76.584115,76.7,78.2,81.3
BNSF,HL0322112,2022-03-19,11:05 AM,Derailment,0,ST LOUIS,MO,49,2,Day,Cloudy,Yard,Yard/switching,5,97372,82464,179836,H607,38.600182,-90.315713,56.6,47,53.4
BNSF,HL0319125,2019-03-16,12:13 PM,Other (describe in narrative),0,PLATTSMOUTH,NE,55,2,Day,Rain,Main,Freight Train,0,500000,0,500000,M103,41.04882,-95.929639,36.7,39.6,37.2
UP,0224GP022,2024-02-17,1:00 AM,Obstruction,0,NORTH PLATTE,NE,8,4,Dark,Clear,Yard,Yard/switching,6,90771,16356,107127,M410,41.150145,-100.813963,20.9,19.7,29.9
UP,0721GP006,2021-07-07,1:10 AM,Derailment,0,NORTH PLATTE,NE,67,4,Dark,Cloudy,Yard,Yard/switching,6,22116,3700,25816,H306,41.1465,-100.834926,75.8,72.7,80.2
UP,0621GP031,2021-06-23,2:45 PM,Derailment,0,NORTH PLATTE,NE,95,2,Day,Clear,Yard,Cut of cars,10,12311,99,12410,M404,41.151647,-100.813248,73.2,78.4,75.8
UP,0719GP034,2019-07-28,3:15 PM,Derailment,0,MITCHELL,NE,89,2,Day,Clear,Yard,Freight Train,8,14269,1129,15398,E85C,41.929566,-103.853594,72.1,74.4,73.1
NJTR,201506320,2015-06-02,5:14 AM,Obstruction,0,HOBOKEN,NJ,55,4,Dark,Rain,Main,Commuter Train - Pushing,3,22300,1502,23802,H221,40.735263,-74.028627,56.1,52.6,58.9
UP,0719GP032,2019-07-26,2:00 PM,Derailment,0,NORTH PLATTE,NE,89,2,Day,Clear,Yard,Yard/switching,7,797,256472,257269,M409,41.153033,-100.837658,76.8,76.1,77.1
UP,0222HL012,2022-02-23,10:15 AM,Derailment,0,COFFEYVILLE,KS,12,2,Day,Snow,Yard,Yard/switching,3,57354,198,57552,H525,37.029811,-95.625223,25.6,13.8,19.9
NS,137879,2020-04-30,8:45 PM,Derailment,0,MERIDIAN,MS,60,4,Dark,Clear,Yard,,0,0,18014,27547,H506,32.362378,-88.69804,67.1,63,64.7
UP,0618NP029,2018-06-24,8:48 AM,Other impacts,0,NORTH PLATTE,NE,80,2,Day,Clear,Yard,Single Car,0,1043,0,17845,M411,41.151827,-100.816178,72.3,66.9,61.9
BNSF,KS0422101,2022-04-01,6:15 AM,Derailment,0,NEWTON,KS,33,1,Dawn,Clear,Main,Freight Train,2,581,28831,29412,H305,38.023129,-97.383148,37.3,47.1,52
BNSF,TC1223107,2023-12-14,5:38 PM,Other impacts,0,GRAND FORKS,ND,32,3,Dusk,Clear,Yard,Yard/switching,4,24550,0,24550,H318,47.918114,-97.073863,19.2,32.1,31.4
NIRC,9419001180,2022-11-29,4:58 AM,Hwy-rail crossing,0,MIDLOTHIAN,IL,39,4,Dark,Cloudy,Main,Commuter Train - Pushing,65,16048,18859,34907,M308,41.621807,-87.71753,38.2,48.7,26.4
NS,145869,2022-07-10,11:50 AM,Derailment,0,JENNINGS,MO,90,2,Day,Clear,Yard,Freight Train,6,3900,37116,41016,H525,38.701954,-90.22688,77.3,78.5,85
NS,137483,2020-03-14,9:30 AM,Other impacts,0,ELKHART,IN,39,2,Day,Cloudy,Yard,Yard/switching,3,22225,13167,36717,H302,41.67736,-85.978495,42.7,36.1,36.7
UP,1119GP007,2019-11-06,1:47 AM,Fire/violent rupture,0,BAYARD,NE,30,4,Dark,Clear,Main,Freight Train,0,21175,0,21175,E73L,41.710807,-103.290278,40.6,27.5,30.7
ATK,147253,2017-04-29,8:30 PM,Obstruction,0,JEFFERSON CITY,MO,53,3,Dusk,Rain,Main,Passenger Train - Pulling,57,13154,0,13154,M404,38.599031,-91.936486,58.8,57.6,62.4
UP,0823GP014,2023-08-03,3:00 AM,Derailment,0,NORTH PLATTE,NE,71,4,Dark,Rain,Yard,Cut of cars,5,14813,6427,21240,M105,41.141939,-100.776345,77.6,74.8,74.5
UP,0715NP004,2015-07-04,6:30 AM,Derailment,0,NORTH PLATTE,NE,60,1,Dawn,Clear,Yard,Yard/switching,8,3543,12322,15865,H702,41.142874,-100.779447,70.1,76.7,82.3
CSX,000215150,2023-12-19,11:55 AM,Derailment,0,RUSSELL,KY,38,2,Day,Cloudy,Yard,Yard/switching,2,36447,11642,48089,E39C,38.532101,-82.69768,37.7,30.8,29.9