reportingrailroadcode,accidentnumber,date,time,accidenttype,hazmatreleasedcars,station,stateabbr,temperature,visibility_code,visibility,weathercondition,tracktype,equipmenttype,trainspeed,equipmentdamagecost,trackdamagecost,totaldamagecost,primaryaccidentcausecode,latitude,longitude,prior_temp,actual_temp,following_temp
CSX,000186061,2019-10-19,6:35 PM,Hwy-rail crossing,0,OAKTOWN,IN,60,3,Dusk,Clear,Main,Freight Train,34,22908,2299,25207,M302,38.804448,-87.456792,47.6,53.3,59.2
UP,0320GL018,2020-03-23,5:30 AM,Other impacts,0,GRAND ISLAND,NE,39,1,Dawn,Fog,Yard,Yard/switching,5,6853,663,56321,H306,40.936462,-98.314948,39.7,42.5,50.7
NS,122100,2016-09-18,7:01 PM,Derailment,0,GAINESVILLE,GA,75,3,Dusk,Clear,Yard,Freight Train,10,12611,1040,13651,H307,34.284638,-83.824374,75.2,71.2,76.8
ATK,136497,2015-03-02,1:40 PM,Obstruction,0,OSYKA,MS,67,2,Day,Rain,Main,Passenger Train - Pulling,60,25258,0,25283,M404,31.227353,-90.449173,58.6,61.7,66.6
BNSF,CH0117103,2017-01-12,7:11 AM,Derailment,0,CHICAGO,IL,15,1,Dawn,Cloudy,Yard,Freight Train,5,18850,136686,155536,E46C,41.774737,-88.245898,33.9,24.9,22.6
YVRR,03242015,2015-03-24,4:30 PM,Derailment,0,ELKIN,NC,65,2,Day,Clear,Main,Freight Train,20,40000,18862,58862,E49C,36.278259,-80.759471,54.1,54.8,50.6
BNSF,KS1122103,2022-11-05,8:07 AM,Derailment,0,KANSAS CITY,KS,60,1,Dawn,Rain,Yard,Yard/switching,3,34829,50100,86324,M410,39.080901,-94.672777,53.2,46.4,54.1
BNSF,MT0415106,2015-04-21,9:52 PM,Derailment,0,STANLEY,ND,28,4,Dark,Clear,Yard,Work train,2,31998,119751,151749,H307,48.32873,-102.353167,38.2,35.1,37.3
IMRR,IMR156222A,2022-08-05,7:45 PM,Obstruction,0,SPRINGFIELD,IL,82,3,Dusk,Clear,Main,,0,0,35000,35000,E29C,39.81634,-89.63469,77.7,78.2,82
BNSF,PR1215105,2015-12-07,12:30 AM,Derailment,0,ALLIANCE,NE,36,4,Dark,Clear,Yard,Freight Train,10,573015,226251,839880,M105,42.094212,-102.875955,32.9,43.4,44
BNSF,MT0419107,2019-04-20,11:10 PM,Side collision,0,GREAT FALLS,MT,43,4,Dark,Rain,Industry,Cut of cars,0,34223,0,102882,H307,47.521447,-111.298602,64.3,45.6,44.3
UP,0324GP037,2024-03-29,11:17 PM,Other impacts,0,NORTH PLATTE,NE,41,4,Dark,Clear,Yard,Yard/switching,24,114413,0,228826,M407,41.147128,-100.831842,45.3,44.9,42
CSX,000202483,2022-01-18,11:40 AM,Side collision,0,INDIANAPOLIS,IN,32,2,Day,Clear,Yard,Freight Train,9,5979,109712,927106,H306,39.759798,-86.327516,25.7,32.8,35.3
UP,0216NP021,2016-02-24,11:20 AM,Hwy-rail crossing,0,CHAPPELL,NE,43,2,Day,Clear,Main,Freight Train,47,25505,250,25755,M302,41.07698,-102.438233,32.6,31.4,28.1
UP,0717NP035,2017-07-29,9:40 AM,Other impacts,0,NORTH PLATTE,NE,69,2,Day,Clear,Yard,Single Car,0,9724,0,13374,S007,41.147594,-100.842859,74.2,73.6,73.6
UP,0818SL002,2018-08-02,4:00 AM,Derailment,0,ST LOUIS,MO,74,1,Dawn,Cloudy,Yard,Yard/switching,3,363616,225054,588670,H525,38.618654,-90.18912,72,74,79.8
UP,1214NP012,2014-12-15,9:30 AM,Other (describe in narrative),0,NORTH PLATTE,NE,40,2,Day,Clear,Yard,Cut of cars,0,12597,0,12597,M411,41.154188,-100.816818,41.4,28.2,21
UP,0720GP023,2020-07-20,12:00 PM,Other impacts,0,NORTH PLATTE,NE,79,2,Day,Clear,Yard,Single Car,3,0,600,53201,M411,41.146788,-100.833913,75.4,74.7,72.5
UP,0221HL016,2021-02-13,4:02 AM,Other impacts,0,LINCOLNVILLE,KS,-2,1,Dawn,Clear,Main,Freight Train,11,79227,0,79227,H306,38.465148,-96.962878,4.1,3.7,-0.1
UP,1122HL012,2022-11-13,8:22 PM,Derailment,0,LINWOOD,KS,34,4,Dark,Clear,Siding,Work train,9,11566,25488,37054,M101,38.995551,-95.042467,25.1,27.2,34.6
UP,0624GP028,2024-06-20,3:55 PM,Other impacts,0,MITCHELL,NE,82,2,Day,Rain,Yard,Cut of cars,5,103046,0,220980,M102,41.931852,-103.88531,58,69.5,68.2
NS,129810,2018-06-14,5:00 AM,Derailment,0,LOGANSPORT,IN,72,1,Dawn,Cloudy,Industry,Freight Train,5,53394,0,53394,M101,40.736436,-86.392539,73,66.4,72.7
NS,132957,2019-02-23,2:30 PM,Other impacts,0,DECATUR,IL,46,2,Day,Clear,Yard,Yard/switching,3,5967,6725,13805,H312,39.854801,-88.908191,33.9,43,33.6
NS,153558,2023-07-08,4:30 AM,Derailment,0,IRONDALE,AL,71,1,Dawn,Cloudy,Yard,Single Car,4,300,0,11662,M411,33.548905,-86.678009,78.8,76.4,77.3
CSX,000182964,2019-05-14,9:30 PM,Derailment,0,JEFFERSON,GA,60,4,Dark,Clear,Main,Freight Train,15,47682,442,48124,E08C,34.143454,-83.641388,66.5,61.3,62.5
IAIS,2020007,2020-02-23,9:25 PM,Derailment,0,COUNCIL BLUFFS,IA,1,4,Dark,Clear,Yard,Yard/switching,9,42200,30529,72729,E64C,41.234505,-95.836747,40.5,42.8,37.2
ATK,174381,2023-04-10,11:00 AM,Derailment,0,ENFIELD,CT,67,2,Day,Clear,Yard,Spec. MoW Equip.,3,43845,0,43845,H599,41.943459,-72.611199,42.2,49,57.7
NS,115089,2015-04-01,2:45 PM,Derailment,0,MACON,GA,77,2,Day,Clear,Yard,Freight Train,5,14800,0,47850,H306,32.813729,-83.622793,60,66.6,66.5
BNSF,CH0117112,2017-01-26,4:45 AM,Other impacts,0,GALESBURG,IL,29,1,Dawn,Clear,Yard,Yard/switching,7,34393,0,34393,M407,40.907247,-90.384926,35.4,30.4,26.9
SLRG,SL170131A,2017-01-31,8:25 PM,Derailment,0,ALAMOSA,CO,27,4,Dark,Clear,Yard,Cut of cars,0,2750,1500,21000,H607,37.464679,-105.827746,6.2,9.2,13.5
NS,154228,2023-09-16,10:21 AM,Side collision,0,IRONDALE,AL,80,2,Day,Cloudy,Yard,Yard/switching,10,27000,10152,72152,H702,33.555373,-86.683972,76.1,74.3,74.5
NS,152042,2023-01-19,5:20 AM,Derailment,0,IRONDALE,AL,54,1,Dawn,Rain,Yard,Yard/switching,10,16755,0,19837,M408,33.555373,-86.683972,62.8,62.7,47.9
NS,135388,2019-09-05,4:15 AM,Other (describe in narrative),0,MACON,GA,78,1,Dawn,Clear,Yard,Yard/switching,4,12622,1159,13781,H704,32.774023,-83.635615,81.1,83.5,80
NS,153715,2023-07-26,6:40 AM,Rear end collision,0,IRONDALE,AL,78,1,Dawn,Cloudy,Yard,Yard/switching,10,11752,0,19561,H999,33.548905,-86.678009,81.9,84.8,84.7
CSX,000193416,2020-10-22,7:36 PM,Side collision,0,RIVERDALE,IL,73,3,Dusk,Clear,Yard,Yard/switching,6,536,0,36290,H306,41.649836,-87.634368,50.7,61.1,55.2
NS,151431,2022-11-10,11:30 PM,Other impacts,0,IRONDALE,AL,59,4,Dark,Rain,Yard,Single Car,0,500,0,3750,M411,33.548905,-86.678009,63.9,65.5,65.2
NS,154344,2023-09-27,10:00 PM,Side collision,0,MUSCLE SHOALS,AL,60,4,Dark,Clear,Yard,Freight Train,4,6600,1544,80094,H702,34.712551,-87.616783,74.6,76,73.8
CSX,000183025,2019-05-17,11:46 AM,Other impacts,0,JUNCTION CITY,GA,86,2,Day,Clear,Main,Freight Train,25,6962,0,25004,M501,32.624247,-84.473986,71.9,74.7,77.1
BNSF,CH0117113,2017-01-30,12:01 AM,Derailment,0,GALESBURG,IL,18,4,Dark,Clear,Main,Light loco(s),8,7000,24751,31751,H702,40.909249,-90.380694,27.2,28.3,38.1
IC,855271,2015-06-14,12:30 PM,Derailment,0,LENZBURG,IL,85,2,Day,Clear,Industry,Freight Train,9,48047,7570,55617,T215,38.264102,-89.814945,79,77,78.5
NS,154595,2023-10-26,12:00 PM,Derailment,0,IRONDALE,AL,80,2,Day,Clear,Yard,Cut of cars,0,5400,5738,23786,E32C,33.555373,-86.683972,68.5,71.7,73.1
TRRA,19026,2019-11-12,2:30 AM,Derailment,0,MADISON,IL,15,4,Dark,Clear,Yard,,0,0,23000,24732,E64C,38.675378,-90.162218,31.9,15.6,24.2
ATK,178756,2024-03-08,6:58 PM,Obstruction,0,PELL CITY,AL,60,4,Dark,Cloudy,Main,Passenger Train - Pulling,31,32822,0,33222,M404,33.59147,-86.26699,59.1,61.9,61.3
MNCW,78597,2022-11-22,11:30 PM,Derailment,0,NEW HAVEN,CT,35,4,Dark,Clear,Yard,EMU,7,117663,0,117663,H607,41.29682,-72.82578,36.6,44.5,44.3
IR,192563,2019-08-08,2:00 PM,Hwy-rail crossing,0,YORKVILLE,IL,90,2,Day,Clear,Main,Light loco(s),25,0,0,0,M302,41.646388,-88.409722,74.2,74.8,68.3
NS,116941,2015-08-14,1:15 PM,Derailment,0,TENNILLE,GA,92,2,Day,Clear,Yard,Freight Train,6,40000,900,40900,H318,32.931581,-82.820583,79.6,79.6,78.3
NS,156730,2024-05-15,8:10 PM,Other impacts,0,TRUSSVILLE,AL,73,4,Dark,Clear,Main,Freight Train,6,46076,0,46076,H318,33.64361,-86.572324,70.6,71.8,72.9
NS,156117,2024-03-21,6:00 AM,Hwy-rail crossing,0,,AL,50,1,Dawn,Clear,Main,Freight Train,53,3,20000,20003,M303,34.72155,-87.807225,34.3,37.7,40.9
NS,152880,2023-04-21,3:15 PM,Other impacts,0,DECATUR,AL,70,2,Day,Cloudy,Yard,Cut of cars,4,25500,1534,65321,E30C,34.61234,-87.023428,68.9,67,58.6
UP,0915PR017,2015-09-19,3:08 PM,Side collision,0,NORTHLAKE,IL,75,2,Day,Clear,Yard,Single Car,6,1148,1050,16973,H020,41.894929,-87.898258,71,63.8,61
AGR,AGR168523,2023-06-14,4:20 PM,Obstruction,0,BOLIGEE,AL,69,2,Day,Cloudy,Main,Freight Train,30,100000,0,100000,M404,32.826743,-88.065979,71.4,75.5,73.7
NS,154908,2023-11-30,2:05 AM,Other (describe in narrative),0,IRONDALE,AL,32,4,Dark,Clear,Yard,Yard/switching,4,2418,102227,104645,H702,33.555373,-86.683972,40.8,47.3,59.7
NS,132957,2019-02-23,2:30 PM,Other impacts,0,DECATUR,IL,46,2,Day,Clear,Yard,Single Car,0,1113,0,13805,H312,39.854801,-88.908191,33.9,43,33.6
CSX,000183025,2019-05-17,11:46 AM,Other impacts,0,JUNCTION CITY,GA,86,2,Day,Clear,Main,Cut of cars,5,16657,1385,25004,M501,32.624247,-84.473986,71.9,74.7,77.1
NIRC,9419000960,2022-08-04,5:25 PM,Derailment,0,CHICAGO,IL,78,2,Day,Clear,Main,Commuter Train - Pulling,15,136,0,41588,T222,41.878195,-87.638444,82.2,77.5,79.9
MNCW,82472,2024-05-07,10:56 PM,Fire/violent rupture,0,STAMFORD,CT,60,4,Dark,Clear,Main,,0,0,25000,150000,E79L,41.055678,-73.524247,60.8,66.1,68.9
NS,153690,2023-07-22,1:15 AM,Other (describe in narrative),0,IRONDALE,AL,85,4,Dark,Clear,Yard,Yard/switching,4,300,14717,15017,H702,33.555373,-86.683972,83.2,77.1,79.2
NS,153104,2023-05-17,2:35 AM,Derailment,0,IRONDALE,AL,75,4,Dark,Clear,Yard,Cut of cars,0,121129,155988,408586,H506,33.555373,-86.683972,73.7,71.1,71.8
BNSF,KS0215101,2015-02-01,6:15 AM,Derailment,0,KANSAS CITY,KS,8,1,Dawn,Snow,Yard,Yard/switching,5,263571,166342,429913,S015,39.075366,-94.729153,37.5,28.7,17.2
BNSF,CH0615101,2015-06-06,1:00 AM,Derailment,0,GALESBURG,IL,65,4,Dark,Clear,Yard,Yard/switching,4,64883,139247,204130,E07C,40.917074,-90.38003,73.5,67.5,73.2
CSX,000152683,2015-10-01,3:35 AM,Derailment,0,WAYCROSS,GA,77,4,Dark,Cloudy,Yard,Yard/switching,9,42813,1500,44313,S099,31.205611,-82.363512,80.5,78.4,70.9
NS,153061,2023-05-11,6:22 AM,Raking collision,0,IRONDALE,AL,66,1,Dawn,Cloudy,Yard,Yard/switching,2,2891,0,18391,H702,33.548905,-86.678009,75.3,74.9,72
GWR,GWRC171950,2017-12-10,3:11 PM,Hwy-rail crossing,0,GREELEY,CO,50,2,Day,Clear,Main,Light loco(s),10,30623,462,31085,M302,40.450468,-104.773408,36.3,29.9,32.6
MNBR,MNB420023,2023-05-18,4:40 PM,Derailment,0,YANTLEY,AL,80,2,Day,Cloudy,Main,Freight Train,25,55000,25000,80000,M404,32.22204,-88.31226,72.9,73.8,75.3
UP,0723ES010,2023-07-05,2:45 PM,Obstruction,0,CRYSTAL LAKE,IL,91,2,Day,Clear,Main,Spec. MoW Equip.,3,0,0,43808,H997,42.229211,-88.287893,78.2,77.4,72.3
UP,1020PR021,2020-10-26,7:20 AM,Derailment,0,RIVERDALE,IL,37,1,Dawn,Cloudy,Main,Freight Train,2,348757,0,437064,H503,41.642142,-87.650442,44.4,38.2,35.5
CSX,000142306,2015-03-02,1:04 PM,Side collision,0,SAVANNAH,GA,68,2,Day,Clear,Yard,Yard/switching,7,39283,18500,62776,H699,32.027669,-81.148944,45.6,58.5,61.2
UP,1020PR020,2020-10-26,1:00 AM,Other impacts,0,MELROSE PARK,IL,42,4,Dark,Cloudy,Yard,Single Car,0,40414,0,106707,H318,41.894211,-87.879573,43.1,36.9,35.9
BRC,14548,2022-06-24,7:18 AM,Other impacts,0,BEDFORD PARK,IL,67,1,Dawn,Cloudy,Yard,Yard/switching,3,13162,0,19694,H018,41.76878,-87.75035,77.8,81.4,75.6
CSX,000180931,2019-01-23,12:14 PM,Hwy-rail crossing,0,KENNESAW,GA,57,2,Day,Clear,Main,Freight Train,28,7630,9168,16798,M303,34.022674,-84.614608,36.8,50.9,41
NS,153758,2023-07-30,12:00 PM,Derailment,0,IRONDALE,AL,78,2,Day,Cloudy,Yard,Single Car,8,314,0,165004,M411,33.548905,-86.678009,84.7,79.5,81.7
CSX,000186211,2019-10-25,11:49 AM,Hwy-rail crossing,0,RENSSELAER,IN,55,2,Day,Clear,Main,Freight Train,40,12484,50,12534,M303,40.914858,-87.021634,47.9,44.4,44.7
UP,0816CB007,2016-08-12,3:47 PM,Derailment,0,SIOUX CITY,IA,85,2,Day,Clear,Yard,Yard/switching,4,49178,89469,138647,H702,42.487873,-96.392474,78.2,72.9,73
NS,153724,2023-07-27,3:20 AM,Side collision,0,CHICAGO,IL,73,4,Dark,Fog,Yard,Freight Train,0,35150,0,101300,H306,41.694382,-87.564355,81.6,83.3,82.6
CSX,000166181,2017-01-23,11:36 AM,Rear end collision,0,DANVILLE,IL,41,2,Day,Cloudy,Main,Freight Train,0,34363,628,136758,H605,40.182306,-87.619518,44.9,39,38.1
BNSF,PR0617118,2017-06-25,3:51 AM,Other impacts,0,PUEBLO,CO,60,4,Dark,Clear,Yard,Yard/switching,7,7172,0,113901,H307,38.273433,-104.6287,67.8,70.6,72.6
CSX,000213839,2023-10-01,11:40 PM,Derailment,0,BIRMINGHAM,AL,69,4,Dark,Clear,Yard,Freight Train,3,24832,97,24929,H503,33.543615,-86.790111,75.7,76.1,75.1
NS,116852,2015-08-07,1:11 PM,Head on collision,0,RIDDLEVILLE,GA,94,2,Day,Clear,Main,Freight Train,27,217632,171325,4605468,H404,32.951395,-82.727133,78.8,79.6,81.3
CSX,000219878,2024-08-10,3:00 AM,Derailment,0,MONTGOMERY,AL,75,4,Dark,Clear,Yard,Yard/switching,5,16682,1196,17878,H702,32.376041,-86.326437,85.8,84.6,81.9
NS,153094,2023-05-15,9:30 AM,Other (describe in narrative),0,MUSCLE SHOALS,AL,82,2,Day,Clear,Yard,Cut of cars,1,0,12591,12591,H310,34.712551,-87.616783,77.8,76.5,75.3
NS,133247,2019-03-17,10:10 PM,Derailment,0,CHICAGO,IL,34,4,Dark,Clear,Yard,Freight Train,6,24534,6849,31383,M506,41.795105,-87.635349,34.8,36,36.2
NS,156594,2024-05-04,11:30 AM,Derailment,0,IRONDALE,AL,80,2,Day,Clear,Yard,Yard/switching,8,204761,109833,314594,H504,33.548905,-86.678009,77.2,75.7,74.1
BNSF,KS0822101,2022-08-03,3:51 AM,Side collision,0,KANSAS CITY,KS,72,4,Dark,Clear,Yard,Yard/switching,3,25500,1500,82420,H607,39.081097,-94.673796,88.5,83.7,83.4
NS,156595,2024-05-03,1:30 PM,Other impacts,0,IRONDALE,AL,78,2,Day,Clear,Yard,Single Car,0,35774,0,37274,M411,33.548905,-86.678009,75.6,77.2,75.7
CC,860654,2015-07-30,4:44 AM,Hwy-rail crossing,0,ADDISON,IL,68,4,Dark,Clear,Main,Freight Train,38,5801,138688,144489,M308,41.909982,-88.00787,79.9,77.6,77.1
MNCW,77731,2022-08-11,12:45 AM,Other impacts,0,NEW HAVEN,CT,74,4,Dark,Cloudy,Yard,EMU,2,22476,0,22476,M507,41.294075,-72.928838,80.1,78.7,76.8
MNCW,77711,2022-08-07,8:10 PM,Other (describe in narrative),0,NEW HAVEN,CT,84,3,Dusk,Clear,Yard,Yard/switching,5,18309,3132,21441,H999,41.296165,-72.92472,81.9,83.6,83.6
UP,0617SL019,2017-06-27,1:30 PM,Obstruction,0,ROCKWOOD,IL,75,2,Day,Clear,Main,Freight Train,45,50,0,15417,H993,37.800159,-89.623877,68.3,67.9,73.4
NS,156507,2024-03-08,6:58 PM,Obstruction,0,PELL CITY,AL,60,3,Dusk,Clear,Main,,0,0,400,33222,M404,33.591494,-86.266744,59.1,61.9,61.3
CSX,000212612,2023-07-30,5:20 PM,Derailment,0,LINEVILLE,AL,87,2,Day,Clear,Main,Freight Train,40,12350,2586,14936,M204,33.218809,-85.612991,83.2,78.1,81.1
NS,154228,2023-09-16,10:21 AM,Side collision,0,IRONDALE,AL,80,2,Day,Cloudy,Yard,Yard/switching,10,35000,0,72152,H702,33.555373,-86.683972,76.1,74.3,74.5
UP,0121MA035,2021-01-27,2:08 AM,Derailment,0,EAST ST LOUIS,IL,30,4,Dark,Cloudy,Yard,,0,0,4220,19220,H503,38.59563,-90.155866,35.5,28.9,22
CSX,000216647,2024-03-10,5:30 AM,Other impacts,0,MOBILE,AL,50,1,Dawn,Clear,Yard,Yard/switching,0,47503,0,57440,H318,30.711363,-88.046535,67,58.7,54.8
NS,152740,2023-04-05,4:25 PM,Derailment,0,HELENA,AL,75,3,Dusk,Clear,Main,Freight Train,16,20000,700,20700,E21C,33.286015,-86.930294,74.4,75.2,70.5
NS,155841,2024-02-23,3:25 AM,Other (describe in narrative),0,IRONDALE,AL,50,4,Dark,Clear,Yard,Yard/switching,2,64700,20800,85500,H702,33.548905,-86.678009,62.2,59.1,53
ATK,178061,2024-01-19,4:00 PM,Obstruction,0,AVON PARK,FL,72,2,Day,Clear,Main,Passenger Train - Pulling,44,12167,0,12167,M404,27.59066,-81.502832,62.5,64.7,54.8
BNSF,PR1217107,2017-12-10,12:25 AM,Derailment,0,PUEBLO,CO,28,4,Dark,Clear,Yard,Yard/switching,8,11500,0,11500,H607,38.267219,-104.620127,43.1,35.1,36
NS,154121,2023-09-01,8:45 PM,Other impacts,0,MUSCLE SHOALS,AL,85,4,Dark,Clear,Yard,Single Car,0,150,0,13369,H312,34.712551,-87.616783,74.9,76.6,75.7
IC,851768,2015-06-01,2:00 AM,Hwy-rail crossing,0,LEMONT,IL,49,4,Dark,Clear,Industry,Freight Train,1,13793,75,13868,M302,41.680783,-87.989397,49.6,53.9,58.6
NS,156341,2024-04-12,10:30 AM,Derailment,0,IRONDALE,AL,75,2,Day,Clear,Yard,Yard/switching,2,5600,35402,41002,E21C,33.548905,-86.678009,61.6,59.4,61.6
GC,GCR787515,2015-11-12,2:25 AM,Derailment,0,SAVANNAH,GA,57,4,Dark,Clear,Yard,Freight Train,5,12829,10000,22829,E64C,32.078316,-81.125426,61.9,67.1,61.3
MNCW,79544,2023-04-18,8:30 AM,Derailment,0,STAMFORD,CT,49,2,Day,Clear,Yard,EMU,9,73294,37157,110451,H701,41.050655,-73.531084,55.5,50.6,48.3
UP,0922MA014,2022-09-10,5:16 AM,Derailment,0,MODOC,IL,61,1,Dawn,Clear,Yard,Freight Train,9,23816,287590,311406,M203,38.018084,-90.000765,68.6,72.7,66.2
NS,134451,2019-06-22,4:30 PM,Obstruction,0,ODELL,IN,72,3,Dusk,Cloudy,Main,Freight Train,0,2199,27698,29897,M404,40.338162,-87.125522,64.8,69.2,72.3
CSX,000194860,2021-01-07,3:55 PM,Derailment,0,CHICAGO,IL,36,3,Dusk,Clear,Yard,Freight Train,4,16040,0,41040,H702,41.8222,-87.684043,34.4,36.6,33.8
CSX,000213555,2023-09-19,7:50 AM,Hwy-rail crossing,0,AUBURN,AL,65,1,Dawn,Clear,Main,Freight Train,45,9113,3045,12158,M303,32.599172,-85.578932,70.3,70.1,71.3
CSX,000215855,2024-01-27,7:23 PM,Hwy-rail crossing,0,JACKSONVILLE,FL,72,3,Dusk,Cloudy,Main,,0,0,116,13128,M308,30.302853,-81.719988,71.7,72,66
NS,155013,2023-12-10,7:25 AM,Other impacts,0,IRONDALE,AL,52,1,Dawn,Rain,Yard,Single Car,2,1000,9000,13200,M411,33.548905,-86.678009,64.7,50.3,38.8
CFRC,23317,2023-11-13,2:30 AM,Other impacts,0,ORLANDO,FL,75,4,Dark,Clear,Main,Spec. MoW Equip.,5,40995,0,81990,H699,28.499848,-81.37732,73,71.1,72.7
NS,154341,2023-09-27,11:30 AM,Other (describe in narrative),0,LINCOLN,AL,85,2,Day,Clear,Main,Spec. MoW Equip.,2,26000,0,26000,H402,33.613986,-86.123679,75.6,71.9,68.7
NS,153558,2023-07-08,4:30 AM,Derailment,0,IRONDALE,AL,71,1,Dawn,Cloudy,Yard,Single Car,4,600,0,11662,M411,33.548905,-86.678009,78.8,76.4,77.3
ALS,20200329,2020-03-29,12:15 AM,Derailment,0,EAST ST LOUIS,IL,70,4,Dark,Cloudy,Yard,Yard/switching,7,93000,432,93432,H504,38.622929,-90.154938,69.5,59.4,54.1
CC,858570,2015-07-12,2:50 AM,Derailment,0,FREEPORT,IL,75,4,Dark,Clear,Yard,Freight Train,8,10375,14794,25169,H511,42.305127,-89.638278,65.6,72.5,77.1
CSX,000166181,2017-01-23,11:36 AM,Rear end collision,0,DANVILLE,IL,41,2,Day,Cloudy,Main,Freight Train,12,101767,0,136758,H605,40.182306,-87.619518,44.9,39,38.1
MNCW,2019180,2019-12-05,12:15 AM,Obstruction,0,BRIDGEPORT,CT,45,4,Dark,Clear,Yard,EMU,3,24296,0,24296,H307,41.18489,-73.163715,35.1,38.6,40.9
CSX,000205418,2022-05-26,5:24 AM,Derailment,0,HAMDEN,CT,51,1,Dawn,Clear,Yard,,0,0,1780,27000,H603,41.361148,-72.886552,58.6,59.9,66.9
BNSF,PR1116113,2016-11-21,11:02 AM,Derailment,0,PUEBLO,CO,55,2,Day,Clear,Yard,Yard/switching,10,11228,28634,39862,H503,38.271678,-104.623791,54,51.1,44.7
BNSF,CH0916103,2016-09-06,7:00 AM,Derailment,0,AFTON,IA,87,1,Dawn,Clear,Main,Maint./inspect Car,2,13484,0,13484,H997,41.030551,-94.197351,76.1,79.8,75.2
NS,116852,2015-08-07,1:11 PM,Head on collision,0,RIDDLEVILLE,GA,94,2,Day,Clear,Main,Freight Train,34,4216511,0,4605468,H404,32.951395,-82.727133,78.8,79.6,81.3
FCR,FCR192561,2019-08-06,5:10 AM,Other impacts,0,ATLANTA,GA,85,4,Dark,Clear,Siding,Yard/switching,20,42764,0,42764,H025,33.728105,-84.590138,78.9,79.9,82.4
UP,1020PR020,2020-10-26,1:00 AM,Other impacts,0,MELROSE PARK,IL,42,4,Dark,Cloudy,Yard,Yard/switching,4,63297,2996,106707,H318,41.894211,-87.879573,43.1,36.9,35.9
CSX,000177519,2018-07-09,9:32 AM,Derailment,0,CEDARTOWN,GA,90,2,Day,Clear,Industry,Freight Train,5,289,69658,69947,M101,34.009215,-85.259238,76.8,77.1,79.9
NS,153758,2023-07-30,12:00 PM,Derailment,0,IRONDALE,AL,78,2,Day,Cloudy,Yard,Cut of cars,8,24583,140107,165004,M411,33.548905,-86.678009,84.7,79.5,81.7
UP,0621GL031,2021-06-28,1:30 PM,Other impacts,0,COUNCIL BLUFFS,IA,82,2,Day,Cloudy,Yard,Yard/switching,5,42087,0,238288,H306,41.248819,-95.875949,73,73.8,74.6
UP,0617SL019,2017-06-27,1:30 PM,Obstruction,0,ROCKWOOD,IL,75,2,Day,Clear,Main,Spec. MoW Equip.,25,15367,0,15417,H993,37.800159,-89.623877,68.3,67.9,73.4
NS,133985,2019-05-18,10:00 PM,Other impacts,0,DECATUR,IL,63,4,Dark,Clear,Yard,Single Car,0,1196,0,26724,H312,39.847592,-88.947449,75,75.7,70.2
BNSF,PR0317111,2017-03-28,8:30 PM,Other impacts,0,STERLING,CO,45,3,Dusk,Rain,Yard,Yard/switching,4,23060,0,23060,H307,40.632673,-103.198748,47,45.2,42.2
NS,135323,2019-08-30,9:30 AM,Derailment,0,ATLANTA,GA,88,2,Day,Clear,Yard,Freight Train,6,15418,12317,27735,H506,33.793527,-84.444462,76.6,76.2,78
NS,156642,2024-05-09,3:05 AM,Other impacts,0,IRONDALE,AL,76,4,Dark,Clear,Yard,Light loco(s),8,103994,14700,222688,H702,33.548905,-86.678009,79.7,76.5,71.5
CC,888489,2016-05-15,11:28 AM,Other impacts,0,COUNCIL BLUFFS,IA,64,2,Day,Clear,Yard,Yard/switching,7,24252,240,24492,H312,41.27155,-95.863152,49,55,52.7
CSX,000145258,2015-04-22,1:27 PM,Derailment,0,WAYCROSS,GA,81,2,Day,Clear,Yard,Yard/switching,8,15601,3426,19027,M411,31.213524,-82.353589,70.6,70.7,75.6
CSX,000216647,2024-03-10,5:30 AM,Other impacts,0,MOBILE,AL,50,1,Dawn,Clear,Yard,Yard/switching,4,9840,97,57440,H318,30.711363,-88.046535,67,58.7,54.8
NS,155013,2023-12-10,7:25 AM,Other impacts,0,IRONDALE,AL,52,1,Dawn,Rain,Yard,Single Car,2,1000,0,13200,M411,33.548905,-86.678009,64.7,50.3,38.8
ABS,230813001,2023-08-13,12:30 AM,Other impacts,0,TUSCALOOSA,AL,83,4,Dark,Clear,Yard,Yard/switching,5,5000,0,61000,H306,33.202063,-87.573306,84,86.2,87
NS,153838,2023-08-07,2:18 AM,Other (describe in narrative),0,CHICAGO,IL,68,4,Dark,Cloudy,Yard,Light loco(s),5,36699,2000,38699,H702,41.795347,-87.635317,68.8,72.6,73.9
UP,0922MA024,2022-09-18,5:45 AM,Derailment,0,DUPO,IL,66,1,Dawn,Clear,Yard,Freight Train,8,14747,16720,31467,H522,38.528708,-90.209247,74.7,75,81.5
IAIS,2016024,2016-05-05,7:25 PM,Hwy-rail crossing,0,ATALISSA,IA,65,3,Dusk,Clear,Main,Freight Train,38,53000,159,53159,M302,41.569411,-91.169032,55.7,54.8,66.4
NS,153104,2023-05-17,2:35 AM,Derailment,0,IRONDALE,AL,75,4,Dark,Clear,Yard,Cut of cars,2,95429,0,408586,H506,33.555373,-86.683972,73.7,71.1,71.8