reportingrailroadcode,accidentnumber,date,time,accidenttype,hazmatreleasedcars,station,stateabbr,temperature,visibility_code,visibility,weathercondition,tracktype,equipmenttype,trainspeed,equipmentdamagecost,trackdamagecost,totaldamagecost,primaryaccidentcausecode,latitude,longitude,prior_temp,actual_temp,following_temp
CSX,000215730,2024-01-23,1:20 PM,Derailment,0,TAMPA,FL,80,2,Day,Clear,Main,Yard/switching,8,67916,11771,79687,M101,27.920798,-82.397585,57.5,68.4,73.6
NS,154879,2023-11-24,8:45 AM,Other (describe in narrative),0,DECATUR,AL,55,2,Day,Cloudy,Yard,Freight Train,3,2500,12000,14500,H702,34.61547,-86.983774,41,50.7,48.2
MNBR,MNB767324D,2024-04-16,2:00 PM,Derailment,0,WHITE HALL,AL,77,2,Day,Clear,Main,Freight Train,10,134000,207000,341000,M405,32.331533,-86.587106,67.3,70.6,69.6
NS,153715,2023-07-26,6:40 AM,Rear end collision,0,IRONDALE,AL,78,1,Dawn,Cloudy,Yard,Light loco(s),6,6500,1309,19561,H999,33.548905,-86.678009,81.9,84.8,84.7
ATK,147710,2017-05-31,2:20 PM,Hwy-rail crossing,0,DE SOTO,IL,85,2,Day,Clear,Main,Passenger Train - Pulling,77,18833,0,19844,M304,37.781215,-89.222927,70.2,70.8,73.4
ATK,166413,2021-02-13,1:10 PM,Obstruction,0,BRANFORD,CT,25,2,Day,Cloudy,Main,Passenger Train - Pulling,110,29661,0,29661,M404,41.27518,-72.800613,25.3,26.6,32.8
BLF,20243924,2024-01-12,12:56 PM,Hwy-rail crossing,0,MELBOURNE,FL,65,2,Day,Clear,Main,Passenger Train - Pulling,80,24503,0,25570,M308,28.071437,-80.601913,55.7,71.6,67.3
IC,856858,2015-06-27,10:15 PM,Hwy-rail crossing,0,RANTOUL,IL,66,4,Dark,Clear,Main,,0,0,523,17071,M308,40.282752,-88.171116,69.9,68.7,69.1
NS,151431,2022-11-10,11:30 PM,Other impacts,0,IRONDALE,AL,59,4,Dark,Rain,Yard,Single Car,0,500,0,3750,M411,33.548905,-86.678009,63.9,65.5,65.2
UP,0521GL029,2021-05-27,9:28 PM,Derailment,0,BOONE,IA,45,4,Dark,Cloudy,Yard,Yard/switching,4,66337,1408,67745,H318,42.065313,-93.87713,69,57.1,44.7
NS,153558,2023-07-08,4:30 AM,Derailment,0,IRONDALE,AL,71,1,Dawn,Cloudy,Yard,Light loco(s),4,600,10162,11662,M411,33.548905,-86.678009,78.8,76.4,77.3
FEC,X03011224,2024-01-12,12:56 PM,Hwy-rail crossing,0,MELBOURNE,FL,65,2,Day,Clear,Main,,0,0,1067,25570,M308,28.071437,-80.601913,55.7,71.6,67.3
IHB,2789,2022-10-13,11:45 AM,Derailment,0,FRANKLIN PARK,IL,57,2,Day,Clear,Yard,Yard/switching,4,500,675,37815,H312,41.919373,-87.860019,58.8,46.7,46.7
MNCW,79320,2023-03-18,10:41 AM,Other (describe in narrative),0,NEW HAVEN,CT,47,2,Day,Clear,Yard,Yard/switching,5,18322,0,18322,H399,41.296526,-72.924209,45.2,47.9,37.6
NS,156141,2024-03-24,8:15 AM,Other (describe in narrative),0,IRONDALE,AL,52,2,Day,Clear,Yard,Yard/switching,4,9900,9000,18900,H702,33.548905,-86.678009,58.8,56.4,61.9
NS,154996,2023-12-08,7:10 AM,Other impacts,0,IRONDALE,AL,33,1,Dawn,Clear,Yard,Cut of cars,10,146800,0,146800,M411,33.555373,-86.683972,45.2,54.6,64.7
NS,151172,2022-10-16,1:30 AM,Derailment,0,IRONDALE,AL,56,4,Dark,Clear,Yard,Yard/switching,8,217777,214083,431860,M404,33.555373,-86.683972,66.2,67.5,63.2
BLF,20243915,2024-01-10,2:00 PM,Hwy-rail crossing,0,MELBOURNE,FL,65,2,Day,Clear,Main,Passenger Train - Pulling,70,47232,0,47980,M308,28.071437,-80.601913,72,59,55.7
NS,154121,2023-09-01,8:45 PM,Other impacts,0,MUSCLE SHOALS,AL,85,4,Dark,Clear,Yard,Single Car,0,1000,0,13369,H312,34.712551,-87.616783,74.9,76.6,75.7
NS,123868,2017-02-06,4:30 PM,Derailment,0,IRONDALE,AL,72,3,Dusk,Clear,Yard,Yard/switching,2,32060,0,32060,M407,33.548905,-86.67801,48.9,56.5,59.4
INRD,644242,2018-08-06,8:45 PM,Derailment,0,PALESTINE,IL,90,3,Dusk,Clear,Main,Freight Train,5,200000,8000,208000,H704,39.004985,-87.610696,78.1,79.5,74.5
SLRG,SL170131A,2017-01-31,8:25 PM,Derailment,0,ALAMOSA,CO,27,4,Dark,Clear,Main,Freight Train,4,15250,1500,21000,H607,37.464527,-105.826806,6.2,9.2,13.5
CSX,000184753,2019-08-15,7:15 AM,Hwy-rail crossing,0,JEFFERSONVILLE,IN,70,2,Day,Clear,Main,Freight Train,20,11728,0,11728,M302,38.330151,-85.749765,81.4,78.3,78.6
NS,153061,2023-05-11,6:22 AM,Raking collision,0,IRONDALE,AL,66,1,Dawn,Cloudy,Yard,Yard/switching,2,3000,12500,18391,H702,33.548905,-86.678009,75.3,74.9,72
IC,1065152,2021-01-31,1:20 AM,Obstruction,0,CARBONDALE,IL,48,4,Dark,Rain,Main,,0,0,0,15855,M404,37.723478,-89.215701,40.4,40.2,34.6
CSX,000213373,2023-09-09,5:05 PM,Derailment,0,MONTGOMERY,AL,92,3,Dusk,Cloudy,Yard,Yard/switching,4,19382,2292,21674,H702,32.376258,-86.326212,77.6,76.8,78.9
NS,115089,2015-04-01,2:45 PM,Derailment,0,MACON,GA,77,2,Day,Clear,Yard,Yard/switching,2,29000,4050,47850,H306,32.813729,-83.622793,60,66.6,66.5
NS,119482,2016-02-24,11:30 AM,Obstruction,0,MOUNT VERNON,IL,40,2,Day,Cloudy,Main,Freight Train,35,24581,0,24581,M404,38.373375,-88.913759,43,35.8,36.1
CSX,000212590,2023-07-29,8:30 PM,Derailment,0,BROOKWOOD,AL,78,4,Dark,Clear,Main,Freight Train,2,49995,0,89995,M599,33.271755,-87.312357,81.8,83,79.8
CSX,000184564,2019-08-03,5:42 PM,Rear end collision,0,LAWRENCEVILLE,GA,86,3,Dusk,Clear,Main,Freight Train,0,9900,0,14835,H607,33.957069,-84.008609,74.4,76.7,74.7
UP,0317DV018,2017-03-10,11:53 PM,Derailment,0,GOLDEN,CO,45,4,Dark,Cloudy,Main,Freight Train,7,220211,764,220975,E05C,39.933497,-105.400982,54.4,43.9,41.6
NS,156595,2024-05-03,1:30 PM,Other impacts,0,IRONDALE,AL,78,2,Day,Clear,Yard,Single Car,6,1500,0,37274,M411,33.548905,-86.678009,75.6,77.2,75.7
NS,135868,2019-10-17,3:05 PM,Other (describe in narrative),0,JACKSONVILLE,IL,68,2,Day,Clear,Industry,Freight Train,8,19856,5143,24999,H306,39.732091,-90.187297,45.9,44,50.4
BNSF,KS0822103,2022-08-10,10:12 AM,Raking collision,0,ATTICA,KS,99,2,Day,Clear,Main,Freight Train,30,285000,0,285000,M501,37.263605,-98.136562,82.3,82.1,81.1
GC,GCR270318,2018-09-10,4:00 PM,Derailment,0,CLAXTON,GA,92,2,Day,Clear,Siding,Freight Train,3,15666,4153,19819,E4BC,32.143464,-81.735503,78.7,79,79.1
NS,156032,2024-03-13,3:15 PM,Hwy-rail crossing,0,VANCE,AL,78,2,Day,Clear,Main,Freight Train,50,314,25000,25314,M303,33.174832,-87.233324,55.6,60.4,68.5
NS,156642,2024-05-09,3:05 AM,Other impacts,0,IRONDALE,AL,76,4,Dark,Clear,Yard,Yard/switching,8,103994,0,222688,H702,33.548905,-86.678009,79.7,76.5,71.5
ATK,162111,2019-11-27,8:14 AM,Obstruction,0,NILWOOD,IL,39,2,Day,Cloudy,Main,Passenger Train - Pulling,65,15718,0,15718,M404,39.36448,-89.830876,47.1,41.6,33.4
NIRC,MEJ100,2016-11-01,11:51 AM,Hwy-rail crossing,0,CHICAGO,IL,70,2,Day,Clear,Main,EMU,30,1482,19968,21450,M302,41.765884,-87.582504,51.1,68.2,61.7
NS,134248,2019-06-08,1:45 PM,Other (describe in narrative),0,COLUMBUS,GA,77,2,Day,Rain,Yard,Freight Train,2,16500,0,16500,H704,32.465828,-84.982415,76.9,74.3,75.1
NS,132794,2019-02-10,7:55 PM,Derailment,0,CHICAGO,IL,25,3,Dusk,Clear,Main,Yard/switching,5,9306,13829,23135,H704,41.820805,-87.673669,15.8,26,30.1
MNCW,2019179,2019-12-04,8:00 PM,Other (describe in narrative),0,NEW HAVEN,CT,50,4,Dark,Clear,Yard,EMU,5,18174,0,18174,M507,41.29792,-72.92425,34.8,36.7,39.9
CSX,000167381,2017-03-10,6:03 PM,Derailment,0,RESACA,GA,58,3,Dusk,Clear,Main,Freight Train,19,366060,31301,397361,H519,34.614373,-84.934779,53.8,57.5,42.5
BNSF,HL0524107,2024-05-11,12:18 AM,Derailment,0,BIRMINGHAM,AL,65,4,Dark,Clear,Yard,Freight Train,3,27022,19000,46022,H525,33.536138,-86.830759,71.5,66.6,68.8
NS,156169,2024-03-27,2:49 AM,Other impacts,0,IRONDALE,AL,49,4,Dark,Clear,Yard,Yard/switching,8,55350,16000,71350,M411,33.555373,-86.683972,61.7,57.5,54.9
IMRR,IMR420720O,2020-05-13,11:30 AM,Derailment,0,SPRINGFIELD,IL,55,2,Day,Cloudy,Yard,,0,0,681,24364,E64L,39.814998,-89.633707,49.7,51.2,66.4
BNSF,HL1016114,2016-10-17,10:46 AM,Derailment,0,KEOKUK,IA,85,2,Day,Clear,Yard,Freight Train,5,1000,177003,178003,H307,40.388996,-91.38657,74.1,78.1,70.1
NS,154595,2023-10-26,12:00 PM,Derailment,0,IRONDALE,AL,80,2,Day,Clear,Yard,Yard/switching,2,12648,0,23786,E32C,33.555373,-86.683972,68.5,71.7,73.1
NS,152042,2023-01-19,5:20 AM,Derailment,0,IRONDALE,AL,54,1,Dawn,Rain,Yard,Single Car,9,0,3082,19837,M408,33.555373,-86.683972,62.8,62.7,47.9
UP,0819MA030,2019-08-16,9:57 AM,Derailment,0,DUPO,IL,72,2,Day,Cloudy,Yard,Freight Train,16,21113,700,21813,H703,38.523314,-90.21209,75,75.6,78.9
MNCW,78598,2022-11-28,2:27 AM,Other (describe in narrative),0,NEW HAVEN,CT,54,4,Dark,Clear,Yard,EMU,3,18247,0,18247,H212,41.296178,-72.926519,49.7,51.6,38.8
BAYL,BAY748024D,2024-03-28,1:00 PM,Derailment,0,DOTHAN,AL,82,2,Day,Clear,Yard,Yard/switching,5,3000,9000,12000,H503,31.22534,-85.374522,66.7,61,59.1
NS,155013,2023-12-10,7:25 AM,Other impacts,0,IRONDALE,AL,52,1,Dawn,Rain,Yard,Single Car,2,1250,0,13200,M411,33.548905,-86.678009,64.7,50.3,38.8
BNSF,CH0117105,2017-01-13,6:55 PM,Derailment,0,GALESBURG,IL,25,3,Dusk,Clear,Yard,Yard/switching,10,98719,0,98719,S006,40.903767,-90.385814,23.4,21.2,26.5
NS,134721,2019-07-15,10:35 AM,Derailment,0,ELKHART,IN,90,2,Day,Clear,Yard,Yard/switching,4,4679,25194,29873,E07C,41.67736,-85.978495,78.6,79.9,76.7
NS,154996,2023-12-08,7:10 AM,Other impacts,0,IRONDALE,AL,33,1,Dawn,Clear,Yard,Single Car,10,0,0,146800,M411,33.555373,-86.683972,45.2,54.6,64.7
IR,IR171697,2017-03-12,6:50 AM,Derailment,0,WEDRON,IL,30,1,Dawn,Clear,Yard,Yard/switching,6,240594,6000,246594,H307,41.420333,-88.772833,25,28.4,28.8
CSX,000193416,2020-10-22,7:36 PM,Side collision,0,RIVERDALE,IL,73,3,Dusk,Clear,Yard,Yard/switching,4,35254,500,36290,H306,41.649836,-87.634368,50.7,61.1,55.2
NS,154584,2023-10-25,4:07 AM,Other impacts,0,FORT PAYNE,AL,50,1,Dawn,Clear,Main,Freight Train,3,40900,0,40900,H401,34.521252,-85.650045,64.3,64.1,70.3
NIRC,9419001046,2022-09-16,1:06 PM,Hwy-rail crossing,0,TINLEY PARK,IL,81,2,Day,Clear,Main,Commuter Train - Pushing,70,34287,2493,36780,M308,41.5903,-87.75558,70,72.2,75.2
NS,153104,2023-05-17,2:35 AM,Derailment,0,IRONDALE,AL,75,4,Dark,Clear,Yard,Cut of cars,0,36040,0,408586,H506,33.555373,-86.683972,73.7,71.1,71.8
NS,155841,2024-02-23,3:25 AM,Other (describe in narrative),0,IRONDALE,AL,50,4,Dark,Clear,Yard,Light loco(s),0,0,0,85500,H702,33.548905,-86.678009,62.2,59.1,53
NS,153838,2023-08-07,2:18 AM,Other (describe in narrative),0,CHICAGO,IL,68,4,Dark,Cloudy,Yard,Light loco(s),5,0,0,38699,H702,41.795347,-87.635317,68.8,72.6,73.9
NS,155013,2023-12-10,7:25 AM,Other impacts,0,IRONDALE,AL,52,1,Dawn,Rain,Yard,Single Car,2,950,0,13200,M411,33.548905,-86.678009,64.7,50.3,38.8
CSX,000215904,2024-02-01,1:30 PM,Derailment,0,MONTGOMERY,AL,59,2,Day,Clear,Yard,Yard/switching,4,1959,40025,41984,H704,32.376041,-86.326437,50.3,45.4,52.1
CSX,000182895,2019-05-10,4:43 AM,Derailment,0,ATLANTA,GA,68,1,Dawn,Clear,Siding,Cut of cars,2,13795,859,14654,H318,33.725835,-84.514299,71.1,72.5,72.9
BNSF,PR1217111,2017-12-08,1:12 PM,Derailment,0,PUEBLO,CO,57,2,Day,Cloudy,Yard,Yard/switching,3,9301,15000,24301,H703,38.271398,-104.625022,25.7,45.4,43.1
CSX,000180170,2018-12-04,6:26 PM,Derailment,0,SAVANNAH,GA,55,4,Dark,Clear,Main,Freight Train,20,105564,37480,143044,E53C,32.114857,-81.171142,64.3,53.2,43.7
UP,0217CB011,2017-02-16,2:17 PM,Derailment,0,SIOUX CITY,IA,62,2,Day,Clear,Yard,Freight Train,8,51676,103890,155566,E68L,42.483435,-96.388214,36.3,43.6,46.1
NS,151431,2022-11-10,11:30 PM,Other impacts,0,IRONDALE,AL,59,4,Dark,Rain,Yard,Single Car,0,250,0,3750,M411,33.548905,-86.678009,63.9,65.5,65.2
NS,155829,2024-02-21,7:55 PM,Hwy-rail crossing,0,,AL,57,3,Dusk,Clear,Main,Freight Train,50,288,100000,100288,M308,33.442382,-86.913471,32.3,36.6,37.1
UP,0317DV004,2017-03-05,6:35 PM,Derailment,0,DENVER,CO,56,4,Dark,Clear,Yard,Yard/switching,4,17840,99983,117823,M201,39.795262,-104.998067,50.4,54.2,36.7
NS,151431,2022-11-10,11:30 PM,Other impacts,0,IRONDALE,AL,59,4,Dark,Rain,Yard,Single Car,4,1500,0,3750,M411,33.548905,-86.678009,63.9,65.5,65.2
MNCW,74117,2021-02-10,1:00 AM,Other impacts,0,STAMFORD,CT,30,4,Dark,Clear,Yard,EMU,0,22391,0,44782,M199,41.049261,-73.053406,24.2,24.8,25.5
ALS,20220414,2022-04-14,7:50 AM,Raking collision,0,EAST ST LOUIS,IL,49,1,Dawn,Clear,Yard,Yard/switching,4,95500,33,95533,H307,38.598194,-90.148401,61,48.9,54.1
BLF,20244023,2024-01-27,6:57 PM,Hwy-rail crossing,0,BOCA RATON,FL,70,4,Dark,Clear,Main,Passenger Train - Pulling,62,41449,0,42623,M308,26.340899,-80.089517,77.5,78.1,75.2
IC,914208,2017-02-21,11:35 PM,Other impacts,0,DECATUR,IL,53,4,Dark,Clear,Yard,Yard/switching,0,35000,0,36000,H020,39.855992,-88.945291,58.8,57.9,57.6
CSX,000214983,2023-12-08,12:09 PM,Derailment,0,DECATUR,AL,72,2,Day,Clear,Industry,Yard/switching,3,35163,0,35163,H306,34.614919,-86.984423,44.2,52.3,63.7
UP,0521GL015,2021-05-16,1:54 PM,Derailment,10,SIBLEY,IA,73,2,Day,Cloudy,Main,Freight Train,46,2834847,583268,3418115,H504,43.380432,-95.75958,61.6,61.1,59.7
NS,154121,2023-09-01,8:45 PM,Other impacts,0,MUSCLE SHOALS,AL,85,4,Dark,Clear,Yard,Single Car,4,600,11619,13369,H312,34.712551,-87.616783,74.9,76.6,75.7
NS,151431,2022-11-10,11:30 PM,Other impacts,0,IRONDALE,AL,59,4,Dark,Rain,Yard,Single Car,0,1000,0,3750,M411,33.548905,-86.678009,63.9,65.5,65.2
BRC,13601,2015-07-13,5:00 PM,Derailment,0,BEDFORD PARK,IL,90,2,Day,Clear,Yard,Light loco(s),5,24000,775,24775,H303,41.764311,-87.734216,75.4,78.1,75.1
BNSF,SF0515107,2015-05-17,9:00 PM,Derailment,0,MITCHELL,IL,65,4,Dark,Clear,Yard,Freight Train,3,44781,0,44905,H607,38.694191,-90.165862,70.8,73.3,72.5
NS,123655,2017-01-21,4:50 PM,Derailment,0,HALFWAY,MD,50,3,Dusk,Fog,Yard,Freight Train,2,12500,18000,30500,E67C,39.623915,-77.736702,39.7,44.2,45.3
NIRC,9419001184,2022-11-26,10:10 PM,Derailment,0,CHICAGO,IL,46,4,Dark,Cloudy,Main,Commuter Train - Pushing,15,0,0,51612,T222,41.885807,-87.640783,42.5,44.4,42.7
NS,138597,2020-07-21,4:55 PM,Other impacts,0,ELKHART,IN,80,3,Dusk,Cloudy,Yard,Single Car,2,74309,0,159815,H302,41.67736,-85.978495,74.7,73.4,75.5
CSX,000160916,2016-06-28,4:30 PM,Other impacts,0,AVON,IN,70,3,Dusk,Cloudy,Yard,Yard/switching,7,19275,0,22275,H607,39.759791,-86.327526,80,72.6,67.2
IC,1132844,2023-05-14,5:20 AM,Derailment,0,GEISMAR,LA,65,4,Dark,Clear,Yard,Freight Train,4,21369,3513,24882,E4BC,30.180154,-90.976753,81.4,80.8,78.3
NOGC,OP12022016,2016-12-02,4:00 PM,Other impacts,0,HARVEY,LA,65,2,Day,Clear,Main,Freight Train,2,72899,0,72899,H021,29.908849,-90.079209,56.5,59.4,60.4
CSX,000173576,2017-12-20,10:10 AM,Raking collision,0,FRANKLIN,KY,50,2,Day,Rain,Main,Freight Train,7,11039,0,19426,H302,36.787002,-86.558191,47.8,47.8,47.1
NS,141126,2021-04-04,7:25 PM,Derailment,0,NEW ALBANY,IN,70,3,Dusk,Clear,Main,Freight Train,6,181974,237715,419689,H524,38.285191,-85.814102,49.4,60.4,64
NS,142774,2021-09-06,11:45 AM,Derailment,0,IRONDALE,AL,75,2,Day,Clear,Yard,Single Car,0,6351,0,146240,S006,33.555372,-86.683971,78.7,77.8,78.3
MBTA,1985,2015-03-10,9:40 AM,Derailment,0,BOSTON,MA,46,2,Day,Clear,Yard,Passenger Train - Pushing,4,150000,0,243210,H799,42.332868,-71.060107,37.6,38.4,46.9
CSX,000155211,2015-12-16,1:40 AM,Derailment,0,AVON,IN,41,4,Dark,Cloudy,Yard,Yard/switching,7,65451,17500,82951,M599,39.759792,-86.327527,41.3,44.9,32.7
CSX,000219886,2024-08-11,7:45 AM,Derailment,0,UNION MILLS,IN,75,1,Dawn,Clear,Main,Freight Train,40,119955,52438,172393,E61C,41.497673,-86.764352,64.4,65,65.5
CSX,000145852,2015-05-05,5:05 PM,Side collision,0,AUGUSTA,GA,86,2,Day,Clear,Yard,Light loco(s),0,0,0,17592,H307,33.455379,-81.952251,70.4,71.1,71.5
UP,0517DV024,2017-05-25,5:00 AM,Derailment,0,DENVER,CO,60,4,Dark,Clear,Yard,Yard/switching,9,17099,5980,23079,M204,39.78689,-104.99872,62.8,63.6,56.2
CC,906156,2016-11-12,2:00 AM,Hwy-rail crossing,0,BURLINGTON,IL,32,4,Dark,Clear,Main,Freight Train,20,41600,6935,48535,M308,42.050704,-88.556519,43.5,38.7,43.2
KCS,16082802,2016-08-28,12:00 PM,Other impacts,0,LAKE CHARLES,LA,85,2,Day,Rain,Yard,Cut of cars,4,10825,0,10825,H318,30.255495,-93.304995,78.5,76.3,79.2
IC,912164,2017-01-25,11:00 PM,Derailment,0,RESERVE,LA,54,4,Dark,Clear,Industry,Yard/switching,4,16030,6662,22692,M504,30.059949,-90.583011,58.7,66.6,56.6
CSX,000217109,2024-03-30,5:30 PM,Derailment,0,LOUISVILLE,KY,55,3,Dusk,Clear,Yard,Yard/switching,5,33126,14983,48109,T213,38.16074,-85.749136,58.7,66.3,65.2
BNSF,GC0115108,2015-01-28,6:49 AM,Derailment,0,LAFAYETTE,LA,55,1,Dawn,Clear,Yard,Yard/switching,6,45000,19200,64200,H307,30.234793,-92.033276,58.2,57.1,61.4
CMQX,1001881412,2023-04-15,8:28 AM,Derailment,0,NORTHEAST SOMERSET,ME,54,2,Day,Clear,Main,Freight Train,35,5235942,7536,5243478,M103,45.633287,-69.898287,51.9,41.3,43
NS,145717,2022-06-30,9:20 AM,Other impacts,0,NEW ORLEANS,LA,72,2,Day,Clear,Siding,Freight Train,5,22000,0,95500,H307,29.986469,-90.060863,83.1,82.1,81.7
CSX,000191390,2020-07-16,7:45 AM,Derailment,0,CHICAGO,IL,72,1,Dawn,Clear,Yard,Freight Train,8,0,0,18975,H307,41.779543,-87.679338,77.7,74.4,78.8
MBTA,YR202152,2021-07-27,8:01 PM,Obstruction,0,MIDDLEBORO,MA,72,3,Dusk,Clear,Main,Passenger Train - Pushing,45,17048,0,17048,M101,42.260026,-71.013594,77.9,74.5,67.6
UP,0315PR018,2015-03-10,6:30 PM,Derailment,0,NORTHLAKE,IL,40,3,Dusk,Clear,Yard,Cut of cars,0,498,0,57042,S007,41.899352,-87.903809,38.1,41.3,41.9
CSX,000175395,2018-03-25,6:00 PM,Derailment,0,WAYCROSS,GA,56,2,Day,Cloudy,Yard,Single Car,15,16076,0,69770,M407,31.213524,-82.353588,61.9,62.9,51.8
CSX,000205502,2022-06-11,5:10 PM,Derailment,0,BIRMINGHAM,AL,84,2,Day,Clear,Yard,Yard/switching,4,19551,328,19879,H503,33.543615,-86.790111,73.7,77.8,81.1
NS,137004,2020-01-30,2:35 PM,Other (describe in narrative),0,GEORGETOWN,KY,41,2,Day,Clear,Yard,Freight Train,11,249,10655,10904,H702,38.28946,-84.540288,34.5,36.6,37.9
CSX,000202045,2021-12-23,6:30 PM,Fire/violent rupture,0,SHORTER,AL,50,3,Dusk,Clear,Main,Freight Train,50,78000,95,78095,M406,32.41603,-85.964641,46,44.6,53.8
ATK,163135,2020-02-16,5:00 PM,Other impacts,0,BOSTON,MA,45,2,Day,Clear,Yard,Yard/switching,4,2553,2423,21139,H602,42.329791,-71.059291,21.2,38.2,40.6
WC,1063048,2021-03-03,3:25 AM,Derailment,0,GARY,IN,36,4,Dark,Clear,Yard,Light loco(s),14,600,12585,13185,H607,41.629587,-87.406394,30.3,41.3,32.5
UP,0620GL019,2020-06-27,7:30 AM,Derailment,0,COUNCIL BLUFFS,IA,70,2,Day,Cloudy,Yard,Yard/switching,5,18168,13030,31198,H703,41.246608,-95.875148,81.4,77.9,78.7
IC,1087731,2021-11-08,7:00 PM,Derailment,0,HARAHAN,LA,58,2,Day,Clear,Yard,Single Car,0,45000,0,46799,H315,29.973027,-90.204163,57.8,59.8,62.1
CSX,000209496,2023-01-26,12:56 AM,Derailment,0,MONTGOMERY,AL,39,4,Dark,Clear,Yard,Yard/switching,8,62478,0,64437,H703,32.376258,-86.326212,54.2,42.3,40
NS,134624,2019-07-07,2:02 PM,Other impacts,0,IRONDALE,AL,86,2,Day,Cloudy,Yard,Yard/switching,4,29000,450,29450,S007,33.548905,-86.67801,85.2,80,82.2
NS,146414,2022-09-06,1:30 PM,Other (describe in narrative),0,BIRMINGHAM,AL,80,2,Day,Cloudy,Industry,Yard/switching,3,10920,28843,39763,H307,33.535307,-86.757786,75.2,76.3,74.8
UP,1123ES023,2023-11-14,11:35 AM,Obstruction,0,ALEXANDRIA,LA,63,2,Day,Cloudy,Main,Spec. MoW Equip.,0,6489,0,6489,H997,31.19489,-92.422341,60.9,61,57.9
UP,0719PR014,2019-07-07,3:17 AM,Other impacts,0,NORTHLAKE,IL,68,4,Dark,Clear,Yard,Single Car,0,19669,0,31312,M411,41.89892,-87.907863,75.6,70.7,70.9
NS,153691,2023-07-22,1:37 AM,Other (describe in narrative),0,CHICAGO,IL,64,4,Dark,Clear,Yard,Freight Train,4,14460,11955,26415,H702,41.809672,-87.635775,73.4,73.5,74.2
NS,139460,2020-10-18,7:45 PM,Other impacts,0,IRONDALE,AL,72,3,Dusk,Clear,Yard,Single Car,0,400,0,11494,M411,33.548905,-86.67801,55.9,65.2,70.2
MBTA,7018,2016-06-05,9:00 AM,Other (describe in narrative),0,FRAMINGHAM,MA,65,2,Day,Clear,Main,Spec. MoW Equip.,5,0,24167,24167,H999,42.275071,-71.425558,69.4,64.8,72.7
TASD,D20220908A,2022-09-08,4:30 AM,Derailment,0,MOBILE,AL,70,4,Dark,Clear,Industry,Freight Train,4,29150,127,29277,M101,30.654284,-88.042299,81.2,77.8,78.1
CSX,000220124,2024-08-25,5:02 PM,Derailment,0,INDIANAPOLIS,IN,78,3,Dusk,Cloudy,Yard,Yard/switching,0,55700,0,91245,H305,39.759798,-86.327516,77.4,80.7,80.7
CSX,000180640,2019-01-03,12:38 AM,Hwy-rail crossing,0,CLARKSVILLE,IN,41,4,Dark,Clear,Main,Freight Train,41,8493,0,33493,M399,38.341978,-85.747525,43.2,40,42.2
KCS,19070401,2019-07-04,4:50 AM,Derailment,0,BATON ROUGE,LA,90,4,Dark,Clear,Industry,Cut of cars,0,0,0,17931,H306,30.565796,-91.205783,81.1,83.5,86
CSX,000191039,2020-06-24,8:29 PM,Other impacts,0,INDIANAPOLIS,IN,80,4,Dark,Clear,Yard,Single Car,4,9222,0,17980,M407,39.759791,-86.327526,70.9,70.9,73.3
UP,0624PR015,2024-06-29,12:40 AM,Derailment,0,MELROSE PARK,IL,64,4,Dark,Cloudy,Yard,Freight Train,6,5285,241632,246917,M101,41.894496,-87.877694,69.9,79.9,66
NS,130081,2018-07-04,5:06 AM,Other impacts,0,ELKHART,IN,70,1,Dawn,Clear,Yard,Yard/switching,2,1982,22633,24615,E39C,41.67736,-85.978495,78.6,80.9,78.9
KCS,17061302,2017-06-13,10:30 AM,Other impacts,0,SHREVEPORT,LA,84,2,Day,Clear,Yard,Single Car,0,10378,0,22172,M411,32.535843,-93.835273,80.3,82,84.1
MNBR,MNB656720,2020-09-03,9:35 AM,Hwy-rail crossing,0,THOMASTON,AL,82,2,Day,Clear,Main,Freight Train,25,5000,20000,25000,M303,32.264393,-87.625398,81.8,80.7,81.7
BRS,231010003,2023-10-10,6:25 PM,Other impacts,0,BATON ROUGE,LA,75,3,Dusk,Cloudy,Yard,Single Car,7,10044,3612,19313,H021,30.576074,-91.212791,65.7,69.4,63.9
NS,141011,2021-03-23,11:05 AM,Side collision,0,ELKHART,IN,68,2,Day,Clear,Main,Freight Train,4,153427,0,407480,E30C,41.677391,-85.978436,53.5,57.9,58.1
BNSF,CH1222114,2022-12-22,10:30 PM,Derailment,0,GALESBURG,IL,-5,4,Dark,Snow,Yard,Yard/switching,4,34130,0,34130,M101,40.932249,-90.372146,17.8,6,-5
CP,1001416213,2021-01-22,6:20 PM,Hwy-rail crossing,0,PRINCETON,IA,25,3,Dusk,Clear,Main,Freight Train,37,21,36786,36807,M302,41.67727,-90.340787,33.1,12.7,13.9
NS,152052,2023-01-20,2:14 AM,Side collision,0,ELKHART,IN,38,4,Dark,Cloudy,Yard,Cut of cars,8,277940,0,286151,H307,41.677392,-85.978437,40.2,33.2,30.7
NS,136234,2019-11-18,5:35 PM,Other impacts,0,ELKHART,IN,42,3,Dusk,Cloudy,Yard,Single Car,5,35000,18735,58735,E30C,41.67736,-85.978495,31.1,36.6,38.2