reportingrailroadcode,accidentnumber,date,time,accidenttype,hazmatreleasedcars,station,stateabbr,temperature,visibility_code,visibility,weathercondition,tracktype,equipmenttype,trainspeed,equipmentdamagecost,trackdamagecost,totaldamagecost,primaryaccidentcausecode,latitude,longitude,prior_temp,actual_temp,following_temp
UP,1117LV012,2017-11-12,9:54 AM,Hwy-rail crossing,0,VACHERIE,LA,70,2,Day,Clear,Main,Freight Train,50,57677,1946,59623,M302,30.010289,-90.670596,61.1,66.5,65.3
KCS,15080802,2015-08-08,8:20 AM,Hwy-rail crossing,0,MANSFIELD,LA,83,2,Day,Clear,Main,Freight Train,44,22237,255,22492,M302,31.90364,-93.71006,90.6,90.5,90.9
UP,0121GC013,2021-01-15,2:33 AM,Other impacts,0,LIVONIA,LA,49,4,Dark,Clear,Yard,Single Car,2,15847,0,33007,S016,30.525814,-91.555393,51.3,48.4,42.5
BNSF,KS0316103,2016-03-14,12:02 AM,Derailment,0,CIMARRON,KS,46,4,Dark,Cloudy,Main,,0,0,363000,3147355,M506,37.808482,-100.381272,56.6,57.4,49.5
CSX,000150324,2015-08-05,1:55 PM,Side collision,0,CHAVIES,KY,85,2,Day,Clear,Industry,Freight Train,3,0,0,18357,M501,37.360281,-83.370548,72.3,72.7,69.8
UP,0616TC007,2016-06-19,12:45 PM,Other impacts,0,EAGLE GROVE,IA,90,2,Day,Clear,Yard,Yard/switching,8,32,67484,68385,H021,42.675897,-93.916217,76.3,79,76.6
BLF,20244443,2024-04-18,11:16 AM,Hwy-rail crossing,0,MICCO,FL,84,2,Day,Clear,Main,Passenger Train - Pulling,102,22000,0,22656,M308,27.883617,-80.505732,75.2,74.1,76.2
IAIS,2022051,2022-11-16,7:55 PM,Derailment,0,SILVIS,IL,30,4,Dark,Cloudy,Yard,Freight Train,7,0,39225,39225,E4BC,41.51536,-90.423548,33.8,31.7,29.3
CP,1000302086,2015-11-13,11:30 PM,Derailment,0,BEDFORD PARK,IL,43,4,Dark,Clear,Yard,Freight Train,4,8796,0,14351,T221,41.757076,-87.713616,47.1,42,44.8
BNSF,CH1123113,2023-11-13,8:02 PM,Derailment,0,EOLA,IL,48,3,Dusk,Clear,Yard,Yard/switching,5,80560,0,80560,H302,41.77233,-88.256082,45.8,44.7,41.8
UP,0222GC012,2022-02-10,8:25 AM,Other impacts,0,WESTWEGO,LA,66,2,Day,Clear,Yard,Single Car,5,18560,0,33769,H307,29.918153,-90.192015,52,55,56.7
IC,1139149,2023-09-21,2:00 PM,Side collision,0,CICERO,IL,60,2,Day,Rain,Yard,Single Car,0,1099,0,18099,H318,41.799414,-87.791513,70.7,70.5,71.4
UP,0317PR004,2017-03-05,9:30 PM,Derailment,0,NORTHLAKE,IL,46,4,Dark,Cloudy,Yard,Yard/switching,5,25444,1320,26764,H702,41.909336,-87.915386,34.4,46.3,56.8
UP,1222HL005,2022-12-05,3:00 AM,Other impacts,0,KANSAS CITY,KS,35,4,Dark,Cloudy,Yard,Single Car,0,26073,0,36864,S099,39.097535,-94.66646,34.9,41.9,39.3
GRS,20210718W4,2021-07-18,10:15 PM,Derailment,0,ORANGE,MA,70,4,Dark,Cloudy,Main,Freight Train,20,10950,107200,118150,M101,42.35324,-72.26199,74.4,67.5,68.9
UP,0517PR023,2017-05-16,12:00 PM,Other (describe in narrative),0,NORTHLAKE,IL,70,2,Day,Clear,Yard,Single Car,0,42475,0,42475,M411,41.900159,-87.911359,66.6,75.9,77.9
CSX,000169991,2017-06-30,7:10 PM,Derailment,0,NEW ORLEANS,LA,87,2,Day,Clear,Main,Yard/switching,8,6591,16074,22665,M405,30.013075,-89.98707,80.5,85.6,86.6
UP,0719PR030,2019-07-26,5:00 AM,Derailment,0,SOUTH HOLLAND,IL,63,1,Dawn,Clear,Yard,Yard/switching,5,27448,658,28106,M410,41.634166,-87.612708,70.7,73.6,78
CSX,000194723,2020-12-30,4:55 PM,Obstruction,0,CONNERSVILLE,IN,41,3,Dusk,Cloudy,Main,Freight Train,0,0,0,80277,H997,39.658925,-85.2172,30.4,40.9,29.3
NS,146324,2022-08-27,5:50 PM,Other impacts,0,IRONDALE,AL,82,3,Dusk,Clear,Yard,Single Car,0,31512,0,54635,H019,33.555372,-86.683971,79.5,80.3,80.5
IC,992791,2019-03-02,10:34 PM,Derailment,0,BATON ROUGE,LA,65,4,Dark,Clear,Main,,0,0,500,15161,H307,30.468846,-91.17695,65.5,66.9,59.7
NS,133778,2019-04-30,4:30 PM,Derailment,0,PHELPS,KY,70,3,Dusk,Clear,Main,Freight Train,10,13324,2518,15842,E00C,37.497628,-82.137814,62.2,71.8,73.6
CSX,000205351,2022-06-05,5:50 AM,Derailment,0,ROSEDALE,MD,72,1,Dawn,Clear,Yard,Freight Train,4,75639,18588,94227,H306,39.304517,-76.532485,72.1,69.8,69.7
IC,872098,2015-11-23,12:02 AM,Derailment,0,MANTENO,IL,37,4,Dark,Clear,Main,Freight Train,35,51546,8300,59846,H503,41.251185,-87.833605,17.3,30.6,31.8
IC,975478,2018-10-10,1:59 PM,Hwy-rail crossing,0,FLUKER,LA,86,2,Day,Clear,Main,,0,0,1300,39850,M302,30.817517,-90.510321,76.9,77.1,68.8
TNHR,TNH879621,2021-12-02,10:15 AM,Derailment,0,MCKENZIE,AL,65,2,Day,Clear,Main,Freight Train,8,15500,3600,19100,T221,31.566352,-86.706083,54.6,58.2,58.1
BNSF,HL1219101,2019-12-08,4:39 AM,Derailment,0,ADAMSVILLE,AL,58,1,Dawn,Cloudy,Main,Freight Train,15,200674,35000,235674,M599,33.579755,-86.944682,54.5,58.2,64
UP,1222GL029,2022-12-27,2:00 PM,Other (describe in narrative),0,BOONE,IA,28,2,Day,Clear,Yard,Cut of cars,0,42653,0,42653,M501,42.060976,-93.859231,7.7,18.6,36.6
CSX,000171953,2017-10-01,2:44 PM,Derailment,0,ATLANTA,GA,64,2,Day,Clear,Yard,Cut of cars,0,77900,0,239835,E40C,33.790407,-84.432943,73.4,65.1,66.5
NS,131131,2018-09-30,12:30 PM,Derailment,0,IRONDALE,AL,85,2,Day,Clear,Yard,Yard/switching,5,31523,99844,131367,M405,33.548905,-86.67801,74.6,76.8,77.5
CSX,000155645,2015-12-31,6:10 PM,Derailment,0,WESTFIELD,MA,38,4,Dark,Clear,Yard,Freight Train,3,15000,1200,16200,T220,42.130033,-72.746199,30.4,36.6,35.9
UP,0318PR004,2018-03-06,6:20 PM,Raking collision,0,NORTHLAKE,IL,30,4,Dark,Snow,Yard,Yard/switching,7,93122,141346,260441,H307,41.929885,-87.914129,35.9,35.4,29.5
NS,153597,2023-07-11,5:30 AM,Derailment,0,DANVILLE,KY,58,1,Dawn,Clear,Yard,Work train,4,1054,13887,14941,H508,37.668068,-84.782202,70.7,72.7,74.3
NS,151948,2023-01-08,6:25 AM,Other impacts,0,IRONDALE,AL,49,1,Dawn,Cloudy,Yard,Single Car,3,1767,0,11756,H316,33.548905,-86.678009,54.5,56.5,45.1
CSX,000199154,2021-07-29,4:28 AM,Derailment,0,BIRMINGHAM,AL,80,4,Dark,Clear,Yard,Yard/switching,7,37677,57269,94946,S011,33.543607,-86.790089,81.9,83.3,82.2
UP,0621PR021,2021-06-22,10:30 PM,Other impacts,0,DOLTON,IL,60,4,Dark,Cloudy,Yard,Yard/switching,6,18727,5460,80840,H318,41.616239,-87.610539,67.6,63.8,68.6
NS,136751,2020-01-06,1:45 PM,Derailment,0,ATLANTA,GA,58,2,Day,Clear,Yard,Freight Train,7,1713,14492,16205,H525,33.793887,-84.445407,40.7,47.2,50.9
MBTA,1957,2015-02-04,11:40 AM,Hwy-rail crossing,0,BRAINTREE,MA,30,2,Day,Clear,Main,Passenger Train - Pushing,56,54583,7579,62162,M306,42.187214,-70.974191,12.2,24.2,25.7
BNSF,KS1221109,2021-12-08,11:20 AM,Other impacts,0,KANSAS CITY,KS,46,2,Day,Clear,Yard,Yard/switching,3,43470,0,43470,M411,39.085884,-94.691506,33.9,40.9,51.2
UP,0421GC032,2021-04-21,7:00 PM,Other impacts,0,LAKE CHARLES,LA,64,3,Dusk,Clear,Yard,Yard/switching,4,38432,0,42632,M411,30.238504,-93.183622,67.1,59.4,60.6
NS,128274,2018-01-24,2:05 PM,Derailment,0,LOGANSPORT,IN,28,2,Day,Clear,Main,Freight Train,17,12214,7447,35460,E24C,40.750693,-86.358407,32.8,29.4,31.3
NS,133557,2019-04-13,1:10 AM,Derailment,0,IRONDALE,AL,68,4,Dark,Clear,Yard,Yard/switching,7,200,30100,30300,M404,33.548905,-86.67801,70.1,68.8,64.9
ALS,20151020,2015-10-20,8:15 PM,Derailment,0,EAST ST LOUIS,IL,65,4,Dark,Cloudy,Yard,,0,0,149016,214259,H503,38.582855,-90.135948,59,63.7,69.1
UP,0117LK018,2017-01-13,9:15 AM,Derailment,0,SHREVEPORT,LA,63,2,Day,Clear,Main,Freight Train,8,14314,4132,62823,E60C,32.51437,-93.744289,70.7,66.6,64.7
GU,GU0827181,2018-08-27,12:15 AM,Derailment,0,GRAFTON,MA,75,4,Dark,Clear,Yard,,0,0,1300,13193,M599,42.240781,-71.708905,68.2,74.2,79.2
NS,152582,2023-03-19,7:35 AM,Other (describe in narrative),0,LOUISVILLE,KY,22,1,Dawn,Clear,Yard,Light loco(s),0,1100,0,14118,H306,38.263516,-85.801424,31.9,29.2,37.1
NS,132783,2019-02-08,9:06 PM,Derailment,0,VANCE,AL,36,4,Dark,Clear,Siding,Freight Train,9,68000,20557,88557,H303,33.181279,-87.210845,69.7,45.8,43.2
UP,0219GL093,2019-02-23,5:00 PM,Other impacts,0,MELROSE PARK,IL,39,2,Day,Rain,Yard,Yard/switching,2,24356,0,37838,M411,41.89873,-87.907931,30.4,37.9,30.6
CSX,000190505,2020-05-27,4:54 PM,Derailment,0,INDIANAPOLIS,IN,75,2,Day,Clear,Yard,Cut of cars,10,52403,500,52903,S011,39.759791,-86.327526,76,73.2,70.9
CSO,CSO221122A,2022-10-12,3:00 AM,Other (describe in narrative),0,WINDSOR LOCKS,CT,47,4,Dark,Cloudy,Yard,Freight Train,9,0,0,32200,H702,41.938064,-72.625389,53.4,57,62.3
AGR,AGR095723,2023-01-30,8:00 PM,Side collision,0,PINE HILL,AL,60,4,Dark,Cloudy,Yard,Freight Train,5,38928,0,41778,H301,31.96746,-87.46995,50.5,60.7,61.7
CSX,000187177,2019-12-15,6:30 PM,Derailment,0,BALTIMORE,MD,40,3,Dusk,Clear,Industry,Yard/switching,2,22131,0,22131,M405,39.276229,-76.55967,47.3,45.2,35.2
NS,132854,2019-02-14,1:10 AM,Other (describe in narrative),0,HOWARD,GA,49,4,Dark,Clear,Siding,Freight Train,8,750,62499,63249,H701,32.594471,-84.374916,48.5,47.3,57.2
IC,839326,2015-01-30,10:48 AM,Derailment,0,SALEM,IL,40,2,Day,Clear,Yard,Freight Train,6,6575,0,16015,T220,38.65521,-88.913362,42.5,33.3,36
UP,0524GC001,2024-05-02,6:15 AM,Other impacts,0,LOTTIE,LA,73,1,Dawn,Clear,Yard,Single Car,0,44654,0,160155,S016,30.526206,-91.555185,75.3,74.7,71.1
UP,0716KC009,2016-07-11,8:27 PM,Fire/violent rupture,0,BONNER SPRINGS,KS,85,3,Dusk,Clear,Main,Freight Train,55,11382,0,11382,E74L,39.05388,-94.893387,81.4,82.5,76.9
ATK,173615,2023-02-02,3:00 AM,Obstruction,0,OLD LYME,CT,19,4,Dark,Clear,Main,Spec. MoW Equip.,0,100000,0,100000,H607,41.310394,-72.343409,30.1,31.2,23.6
KCT,UP210730,2021-07-30,12:49 PM,Derailment,0,KANSAS CITY,KS,96,2,Day,Clear,Main,,0,0,5500,160623,H506,39.084788,-94.611618,88.8,87.6,79.7
EARY,EAR071522,2022-12-14,4:45 PM,Derailment,0,SYLACAUGA,AL,60,2,Day,Rain,Main,Freight Train,8,191000,20000,211000,T220,33.204314,-86.210835,55.4,57,47.6
NS,144944,2022-04-11,12:25 PM,Other impacts,0,ALTON,IL,62,2,Day,Rain,Yard,Single Car,0,198,0,14488,M408,38.885122,-90.164027,58.7,58.3,61.6
CSX,000204306,2022-04-15,9:10 PM,Derailment,0,BESSEMER,AL,62,4,Dark,Clear,Main,Freight Train,0,199,97,29284,H501,33.41088,-86.967903,64.2,65.2,64.2
CSX,000216249,2024-02-15,11:57 PM,Side collision,0,MIAMI-DADE,FL,70,4,Dark,Clear,Industry,Freight Train,5,11500,0,40097,H306,25.782393,-80.394111,66.3,69.2,71
BNSF,KS0621110,2021-06-24,7:15 AM,Side collision,0,KANSAS CITY,KS,63,1,Dawn,Cloudy,Yard,Yard/switching,4,18300,100,80228,M407,39.081238,-94.674116,79.3,81.2,74.8
CSX,000216406,2024-01-19,4:00 PM,Obstruction,0,AVON PARK,FL,52,3,Dusk,Clear,Main,,0,0,0,0,M404,27.59066,-81.502832,62.5,64.7,54.8
CSX,000187791,2020-01-11,9:30 AM,Derailment,0,HOPKINSVILLE,KY,60,2,Day,Rain,Yard,Cut of cars,0,12293,32,27982,M105,36.818692,-87.434961,62.5,56.2,41
NOPB,D20160613F,2016-06-13,11:18 AM,Derailment,0,METAIRIE,LA,85,2,Day,Cloudy,Main,,0,0,13500,19032,S011,29.58148,-90.101269,82.2,81.9,81.1
MBTA,19098,2019-04-09,7:40 PM,Side collision,0,BOSTON,MA,40,4,Dark,Clear,Main,Passenger Train - Pushing,40,23499,0,427875,H221,42.343286,-71.059998,44.6,38.5,41.5
UP,1218GL043,2018-12-21,7:22 PM,Hwy-rail crossing,0,LE MARS,IA,30,3,Dusk,Cloudy,Main,Freight Train,12,38393,200,38593,M303,42.778338,-96.185843,34.1,26.9,32.3
IHB,2466,2018-12-02,7:00 PM,Derailment,0,HAMMOND,IN,39,4,Dark,Rain,Yard,Freight Train,4,22500,2500,25000,H305,41.606489,-87.480532,39.5,42.4,33.3
BNSF,CH0119102,2019-01-11,12:40 AM,Derailment,0,GALESBURG,IL,15,4,Dark,Clear,Yard,Yard/switching,7,13258,16598,29856,H607,40.916167,-90.38076,20.8,26.1,29.6
ATK,165083,2020-08-10,2:59 PM,Hwy-rail crossing,0,PONCHATOULA,LA,90,2,Day,Clear,Main,Passenger Train - Pulling,74,116000,0,116000,M302,30.407217,-90.431709,81.5,82.3,82.6
IHB,2477,2018-12-22,2:30 AM,Derailment,0,EAST CHICAGO,IN,30,4,Dark,Cloudy,Yard,,0,0,13723,13723,H503,41.650507,-87.43791,34.2,31.9,34.1
UP,0319HL036,2019-03-28,4:40 PM,Derailment,0,KANSAS CITY,KS,59,2,Day,Cloudy,Industry,Light loco(s),6,23964,150,24114,M101,39.069612,-94.615059,61.4,58.6,48.9
NIRC,2021072023,2021-01-01,12:46 PM,Hwy-rail crossing,0,FRANKLIN PARK,IL,20,2,Day,Snow,Main,Commuter Train - Pushing,40,12594,0,12594,M310,41.93346,-87.85141,24.8,29.8,32
UP,0315PR032,2015-03-30,10:00 AM,Other (describe in narrative),0,NORTHLAKE,IL,35,2,Day,Clear,Yard,Single Car,5,13248,0,13248,H601,41.910868,-87.914992,35.5,47.4,48.3
BNSF,KS1222104,2022-12-05,4:28 AM,Side collision,0,KANSAS CITY,KS,40,1,Dawn,Clear,Yard,Light loco(s),3,5000,39710,129116,H607,39.086977,-94.694749,34.9,41.9,39.3
UP,0722GC002,2022-07-01,7:40 PM,Other impacts,0,WESTWEGO,LA,81,3,Dusk,Clear,Yard,Yard/switching,4,59348,0,83348,H302,29.918217,-90.18977,81.7,80.9,82.9
NS,143386,2021-11-06,6:20 PM,Other impacts,0,ELKHART,IN,55,3,Dusk,Clear,Yard,Single Car,3,5429,24060,32790,S006,41.677391,-85.978436,38.9,41.5,49.1
NS,143019,2021-10-01,6:24 PM,Derailment,0,IRONDALE,AL,77,3,Dusk,Clear,Yard,Yard/switching,2,150,30062,30212,H303,33.55653,-86.682975,75.6,76,74.3
IC,1134590,2023-06-21,2:00 AM,Side collision,0,ST ROSE,LA,80,4,Dark,Cloudy,Industry,Single Car,0,18000,0,18737,H020,29.948489,-90.352592,81.2,82.3,83.2
UP,0615CB019,2015-06-29,12:55 PM,Derailment,0,OSKALOOSA,IA,81,2,Day,Cloudy,Industry,Yard/switching,3,139,29750,29889,M101,41.977125,-92.823143,68.6,71.8,70.9
ATK,166617,2021-03-12,4:52 AM,Obstruction,0,WASHINGTON,MA,61,2,Day,Cloudy,Main,Passenger Train - Pulling,0,21989,0,21989,M404,42.37266,-73.11003,51.1,49.2,31
NS,125837,2017-07-17,4:40 AM,Derailment,0,LOUISVILLE,KY,73,1,Dawn,Clear,Main,Freight Train,3,85049,630653,715702,H702,38.273052,-85.796644,77.8,80.2,82.4
UP,0616NP021,2016-06-24,1:10 PM,Derailment,0,MERINO,CO,99,2,Day,Clear,Main,Work train,0,19057,0,19057,M299,40.500832,-103.327391,75.7,76.9,73.8
BNSF,CH0515109,2015-05-24,7:45 PM,Side collision,0,GALESBURG,IL,72,3,Dusk,Cloudy,Yard,Yard/switching,10,13200,0,13600,M408,40.914709,-90.3807,67.6,69.1,70.4
UP,0223PR016,2023-02-24,4:58 AM,Other impacts,0,MELROSE PARK,IL,19,1,Dawn,Cloudy,Yard,Yard/switching,1,62833,0,72783,H306,41.895526,-87.888945,33.7,24,31.9
UP,0624GC001,2024-06-01,5:00 AM,Other impacts,0,LOTTIE,LA,73,1,Dawn,Cloudy,Yard,Single Car,0,11032,0,24128,M411,30.521791,-91.550443,72.5,76.3,75
UP,0521ES041,2021-05-21,1:00 PM,Obstruction,0,WEST FRANKFORT,IL,80,2,Day,Clear,Main,Spec. MoW Equip.,25,38300,0,38300,M501,37.905879,-88.928376,75.1,73.4,73
UP,0919GC024,2019-09-11,2:00 PM,Other impacts,0,LIVONIA,LA,92,2,Day,Cloudy,Yard,Single Car,3,25967,0,26466,S006,30.525873,-91.555326,81.1,82.1,81.2
NS,144543,2022-02-28,10:30 AM,Other impacts,0,THOMASVILLE,AL,58,2,Day,Clear,Main,Spec. MoW Equip.,0,5000,0,25000,H599,31.888349,-87.733304,46.3,50.6,49
BNSF,KS0221106,2021-02-19,1:12 PM,Derailment,0,KANSAS CITY,KS,25,2,Day,Clear,Yard,Light loco(s),5,47532,1500,49032,H702,39.076416,-94.653067,16.1,21.8,31
ATK,177968,2024-01-13,2:32 PM,Obstruction,0,STONINGTON,CT,53,2,Day,Cloudy,Main,Passenger Train - Pulling,0,13760,0,13760,M403,41.344929,-71.954042,42.3,48.4,36.3
CSX,000205207,2022-05-26,11:36 PM,Other impacts,0,BIRMINGHAM,AL,68,4,Dark,Clear,Yard,Single Car,10,38470,856,123774,H318,33.543615,-86.790111,72.5,70.4,71.8
ALE,2001CONTR,2020-11-17,2:26 PM,Obstruction,0,PRICHARD,AL,73,2,Day,Clear,Main,Spec. MoW Equip.,0,25000,0,53000,H315,30.738818,-88.087084,57.4,57.2,57.8
ATK,157213,2019-01-14,8:40 AM,Raking collision,0,BOSTON,MA,20,2,Day,Clear,Yard,Spec. MoW Equip.,5,35000,0,35000,H999,42.240377,-71.136996,22.4,27.1,30
WC,1074278,2021-06-20,6:22 PM,Derailment,0,GARY,IN,80,2,Day,Clear,Yard,Yard/switching,2,11032,1216,13150,H018,41.629563,-87.406387,76,74.2,67.2
NOPB,D20150427E,2015-04-27,10:55 AM,Derailment,0,JEFFERSON,LA,75,2,Day,Rain,Main,Freight Train,4,280850,100435,662135,M105,29.95898,-90.181851,75.2,70.8,69.5
NS,141760,2021-06-03,5:00 PM,Derailment,0,IRONDALE,AL,76,3,Dusk,Cloudy,Yard,Single Car,0,56043,0,130855,H317,33.548905,-86.678008,75.4,75.9,75.1
UP,1214PR021,2014-12-01,9:00 AM,Other impacts,0,NORTHLAKE,IL,40,2,Day,Clear,Yard,Single Car,4,11785,0,11785,H601,41.893482,-87.87542,40.8,20.2,27.2
NS,129726,2018-06-05,4:09 PM,Derailment,0,MACON,GA,79,3,Dusk,Clear,Yard,Yard/switching,6,133421,504,133925,M408,32.813658,-83.622785,77.6,74.3,76
SLRG,SL160429A,2016-04-29,3:39 PM,Derailment,0,MONTE VISTA,CO,34,2,Day,Cloudy,Main,Freight Train,25,1500,79205,80705,T221,37.532036,-106.0294,44.8,33.2,35.4
CMQX,1001781814,2022-10-19,1:45 AM,Derailment,0,MILO,ME,35,4,Dark,Clear,Main,Freight Train,24,524992,22111,547103,M103,45.179993,-68.878476,57.7,55.8,43.9
UP,1221HL024,2021-12-29,10:31 AM,Broken train collision,0,PECK,KS,28,2,Day,Cloudy,Main,Single Car,0,7522,0,15957,H601,37.48413,-97.372579,47.5,30,32.4
NS,135998,2019-10-30,2:35 AM,Other impacts,0,IRONDALE,AL,62,4,Dark,Rain,Yard,Cut of cars,3,35516,0,48331,M407,33.548905,-86.67801,60.4,70.7,54
BNSF,KS0222109,2022-02-06,11:00 PM,Other (describe in narrative),0,KANSAS CITY,KS,33,4,Dark,Clear,Yard,Yard/switching,5,11647,0,11647,M599,39.085107,-94.688612,30.8,36.6,37.9
ALS,210620,2021-06-20,10:15 AM,Derailment,0,EAST ST LOUIS,IL,85,2,Day,Clear,Yard,Yard/switching,4,45000,5200,50200,S007,38.587495,-90.134623,81.6,82.8,70.2
CCHA,CCH102723,2023-02-12,9:59 PM,Derailment,0,SEALE,AL,37,4,Dark,Cloudy,Main,Freight Train,11,5000,102000,107000,E46L,32.338887,-85.053329,49.4,44.4,46.4
BRS,180901002,2018-09-01,10:55 AM,Derailment,0,BATON ROUGE,LA,90,2,Day,Clear,Yard,Cut of cars,12,27147,0,27147,H513,30.578496,-91.23354,78.8,77.8,77.4
WC,1062824,2021-03-01,5:27 AM,Derailment,0,GARY,IN,27,4,Dark,Clear,Yard,Yard/switching,7,7783,15792,23575,E79L,41.629571,-87.406437,41.2,29.5,30.3
NOGC,OP072715NO,2015-07-27,11:30 PM,Derailment,0,BELLE CHASSE,LA,75,4,Dark,Clear,Yard,Yard/switching,3,54000,2000,56000,T223,29.833,-90,82,84.3,83.9
CSX,000163601,2016-10-16,3:46 PM,Derailment,0,LOUISVILLE,KY,80,2,Day,Clear,Yard,Freight Train,8,12445,2256,14701,M599,38.292163,-85.510334,70.1,72.1,75.1
BNSF,CH0315108,2015-03-26,1:00 PM,Other (describe in narrative),0,SMITHSHIRE,IL,50,2,Day,Clear,Main,Spec. MoW Equip.,3,15000,0,15000,H997,40.800641,-90.757885,40,38.6,32
CSX,000170152,2017-07-11,11:26 AM,Derailment,0,HAGERSTOWN,MD,89,2,Day,Clear,Yard,Freight Train,4,42713,500,43213,M203,39.643761,-77.735033,76.7,78.2,80.2
CSX,000172891,2017-11-13,2:55 PM,Hwy-rail crossing,0,NICHOLLS,GA,73,2,Day,Clear,Main,Freight Train,47,11000,97,11097,M308,31.513642,-82.69484,54.7,59.2,55
BNSF,KS0716104,2016-07-19,7:50 PM,Derailment,0,TOPEKA,KS,93,3,Dusk,Clear,Yard,Freight Train,5,8481,8900,17381,H504,39.047171,-95.665821,83.4,84.2,87.2
UP,0415PR005,2015-04-10,1:15 PM,Derailment,0,STERLING,IL,56,2,Day,Clear,Yard,Yard/switching,4,11070,3101,14171,E64C,41.787903,-89.715009,58.3,46.7,49.5
GRS,20190910P1,2019-09-10,12:45 AM,Fire/violent rupture,0,GARDNER,MA,0,4,Dark,Clear,Yard,Single Car,0,50400,0,50400,M599,42.567534,-71.985131,59.6,62.2,73.1
IC,984243,2019-01-12,5:30 AM,Derailment,0,CICERO,IL,30,4,Dark,Cloudy,Yard,Cut of cars,0,22765,0,123308,H702,41.832447,-87.762941,27.7,30.4,29.7
MBTA,19011,2019-01-17,3:00 AM,Derailment,0,SOMERVILLE,MA,20,4,Dark,Clear,Yard,Passenger Train - Pulling,3,18470,0,18470,H702,42.373587,-71.075377,32.4,25.1,34.1
NS,154344,2023-09-27,10:00 PM,Side collision,0,MUSCLE SHOALS,AL,60,4,Dark,Clear,Yard,Yard/switching,6,71950,0,80094,H702,34.712551,-87.616783,74.6,76,73.8
CSX,000200579,2021-10-10,11:22 PM,Other impacts,0,INDIANAPOLIS,IN,72,4,Dark,Clear,Yard,Cut of cars,3,26650,0,28681,H999,39.759791,-86.327526,70.4,74,71.9
CSX,000180621,2019-01-06,2:27 PM,Derailment,0,NEW ORLEANS,LA,68,2,Day,Clear,Main,Light loco(s),5,200,11086,89641,H019,30.005989,-90.019451,53.7,58.4,63.2
NS,144543,2022-02-28,10:30 AM,Other impacts,0,THOMASVILLE,AL,58,2,Day,Clear,Main,Spec. MoW Equip.,0,20000,0,25000,H599,31.888349,-87.733304,46.3,50.6,49
CC,1067153,2021-04-12,10:25 AM,Derailment,0,COUNCIL BLUFFS,IA,55,2,Day,Clear,Yard,Yard/switching,9,126522,5594,132116,T220,41.284387,-95.863587,51.9,48.7,44.8
NS,138954,2020-08-25,12:30 AM,Side collision,0,IRONDALE,AL,72,4,Dark,Clear,Yard,Yard/switching,4,113756,101168,350924,H702,33.548905,-86.67801,79.6,77.1,81.7
NS,155386,2024-01-16,9:37 AM,Other impacts,0,RIVERSIDE,AL,19,2,Day,Cloudy,Main,Spec. MoW Equip.,15,15000,0,20000,H402,33.589121,-86.237558,43.7,23,21
NS,135596,2019-09-23,3:44 PM,Other (describe in narrative),0,DECATUR,IL,72,2,Day,Clear,Yard,Freight Train,8,8165,51045,59210,H525,39.861869,-88.885992,75.2,68.2,65.3
UP,0315PR028,2015-03-27,3:15 PM,Derailment,0,SOUTH HOLLAND,IL,36,2,Day,Cloudy,Yard,Freight Train,4,20917,7400,28317,M405,41.622747,-87.612177,37.8,27.6,27.8
BRC,13527,2015-02-23,12:30 AM,Derailment,0,BEDFORD PARK,IL,4,4,Dark,Clear,Yard,,0,0,3885,24343,H702,41.767426,-87.796281,19.7,6.5,18.7
BNSF,KS1020103,2020-10-02,12:28 AM,Other impacts,0,KANSAS CITY,KS,57,4,Dark,Clear,Yard,Yard/switching,7,15774,0,15774,H317,39.085486,-94.6919,54.6,53,56.5
UP,0717LV018,2017-07-11,9:30 PM,Fire/violent rupture,0,PORT ALLEN,LA,73,4,Dark,Cloudy,Main,Freight Train,7,17681,0,17681,E74L,30.506607,-91.204604,76.4,76.6,78.6
NIRC,9419000098,2021-02-15,8:25 PM,Derailment,0,BLUE ISLAND,IL,10,4,Dark,Snow,Siding,EMU,3,5317,12606,17923,M101,41.655749,-87.676108,1.2,7.8,14
NS,138569,2020-07-18,3:10 PM,Derailment,0,COALING,AL,94,2,Day,Clear,Main,Freight Train,39,884995,296804,1181799,H508,33.158907,-87.310808,83.7,84.4,84.1
CARR,CRR050801,2017-05-08,9:15 AM,Side collision,0,WORTHVILLE,KY,55,2,Day,Clear,Yard,Freight Train,5,24670,0,24670,M506,38.609276,-85.069229,52.6,53.2,61.9
EVWR,E2024JUL1D,2024-07-07,12:37 AM,Derailment,0,MOUNT VERNON,IN,76,4,Dark,Clear,Main,Freight Train,25,0,46041,46041,E86C,37.939216,-87.907233,75.8,76.4,76.8
ATK,143683,2016-08-05,3:00 PM,Other (describe in narrative),0,WESTWOOD,MA,85,2,Day,Clear,Main,Passenger Train - Pulling,0,17916,20000,37916,E78L,42.124124,-71.184844,70.8,72.6,76.7
UP,1018PR019,2018-10-15,2:30 PM,Other impacts,0,CHICAGO,IL,52,2,Day,Clear,Yard,Yard/switching,7,1508,0,49136,H306,41.843454,-87.636654,48.1,42.9,45.8
NS,143338,2021-11-02,1:45 AM,Side collision,0,ELKHART,IN,40,4,Dark,Clear,Yard,Yard/switching,7,16,0,11572,H305,41.677391,-85.978436,40.7,39.6,36.1