reportingrailroadcode,accidentnumber,date,time,accidenttype,hazmatreleasedcars,station,stateabbr,temperature,visibility_code,visibility,weathercondition,tracktype,equipmenttype,trainspeed,equipmentdamagecost,trackdamagecost,totaldamagecost,primaryaccidentcausecode,latitude,longitude,prior_temp,actual_temp,following_temp
CSX,000186398,2019-11-04,2:39 AM,Hwy-rail crossing,0,MCCORDSVILLE,IN,43,4,Dark,Clear,Main,Freight Train,20,11383,861,12244,M302,39.916718,-85.881137,41.3,48.2,43.2
NS,153058,2023-05-10,9:05 PM,Other impacts,0,IRONDALE,AL,72,4,Dark,Clear,Yard,Yard/switching,4,4100,12874,16974,M411,33.555373,-86.683972,77.2,75.3,74.9
NS,139858,2020-11-30,10:55 AM,Rear end collision,0,ARCOLA,IN,34,2,Day,Rain,Main,Spec. MoW Equip.,0,5000,0,30000,H997,41.085726,-85.373353,38.5,34.3,32.1
CSX,000186177,2019-10-23,8:39 AM,Obstruction,0,LOUISVILLE,KY,49,2,Day,Clear,Main,Spec. MoW Equip.,15,14818,0,18606,M501,38.273673,-85.521225,59.7,55.5,58.6
UP,0317PR011,2017-03-10,7:09 PM,Derailment,0,ROCHELLE,IL,19,4,Dark,Clear,Yard,Freight Train,8,28290,11873,40163,E64C,41.915265,-89.087066,34.6,26.9,23.4
BNSF,CH0615108,2015-06-30,11:05 AM,Derailment,0,AURORA,IL,75,2,Day,Clear,Yard,Yard/switching,8,18600,12000,30600,H704,41.771837,-88.267697,68.1,68.3,62.7
BNSF,NE0715116,2015-07-29,1:30 AM,Derailment,0,SIOUX CITY,IA,60,4,Dark,Clear,Main,Freight Train,9,30000,64000,94000,S011,42.50758,-96.375766,74.4,71.3,75.5
ATK,156901,2018-12-25,10:45 PM,Derailment,0,NEW ORLEANS,LA,65,4,Dark,Clear,Yard,Light loco(s),4,23384,8500,31884,H702,29.954429,-90.09231,54.3,62.3,63.4
CSX,000212333,2023-07-14,1:14 PM,Derailment,0,RICHMOND,KY,90,2,Day,Clear,Main,Freight Train,18,12164,0,12164,H601,37.732941,-84.289546,80.3,80.2,74.4
NS,135321,2019-08-30,4:40 AM,Other impacts,0,LOUISVILLE,KY,65,1,Dawn,Clear,Main,,0,0,4768,4768,H306,38.230628,-85.776698,72.9,78.7,78.8
BNSF,HL0322101,2022-03-01,5:49 AM,Derailment,0,BIRMINGHAM,AL,36,1,Dawn,Clear,Yard,Yard/switching,5,20518,4920,41394,H702,33.527486,-86.848575,48.3,50.3,56.4
NS,136783,2020-01-10,7:44 AM,Derailment,0,IRONDALE,AL,68,1,Dawn,Cloudy,Yard,Freight Train,7,18639,0,18639,H303,33.548905,-86.67801,51.9,65.6,65.9
CSX,000166576,2017-02-06,4:28 AM,Hwy-rail crossing,0,SONORA,KY,45,1,Dawn,Clear,Main,Freight Train,23,10000,35000,45000,M303,37.580026,-85.904015,45.1,44.2,57.1
UP,0516LV006,2016-05-06,4:30 PM,Derailment,0,ALEXANDRIA,LA,80,2,Day,Clear,Yard,Yard/switching,3,19370,10262,29632,H702,31.273451,-92.439514,68.1,66.4,67.3
IANR,WLD0213191,2019-02-13,12:01 AM,Other impacts,0,WATERLOO,IA,8,4,Dark,Snow,Yard,Light loco(s),7,12461,3500,35662,H525,42.465371,-92.314843,22.4,11.7,24.3
UP,0822MA035,2022-08-26,9:00 PM,Other (describe in narrative),0,DUPO,IL,74,4,Dark,Clear,Yard,Yard/switching,4,0,16320,16320,H318,38.509492,-90.216356,75.9,77.6,77.4
GRS,20200309W2,2020-03-09,11:15 AM,Obstruction,0,CONWAY,MA,66,2,Day,Clear,Main,Spec. MoW Equip.,0,35000,0,235000,H993,42.55696,-72.677904,38.3,50.2,55
UP,0716DV002,2016-07-05,2:05 PM,Derailment,0,GRAND JUNCTION,CO,90,2,Day,Clear,Yard,Yard/switching,7,15955,36001,191956,H309,39.062629,-108.555912,75.4,81.1,81.7
BNSF,CH0623109,2023-06-15,2:47 AM,Derailment,0,STREATOR,IL,60,4,Dark,Clear,Yard,Freight Train,3,12000,1500,13663,H307,41.09805,-88.810772,71.3,71.5,61.9
CSX,000207736,2022-10-11,11:12 AM,Other impacts,0,DECATUR,AL,73,2,Day,Clear,Yard,Single Car,4,18624,96,21000,H318,34.588496,-86.985263,55.5,59.8,66.2
KCS,19062001,2019-06-20,7:30 PM,Other impacts,0,BATON ROUGE,LA,80,3,Dusk,Cloudy,Industry,Yard/switching,5,9748,0,23310,H302,30.451468,-91.187147,84,85.4,85.6
TRRA,23053,2023-11-18,11:28 AM,Derailment,0,MADISON,IL,53,2,Day,Clear,Yard,Yard/switching,4,13697,62530,76227,H501,38.659084,-90.159006,56.7,41.6,45.5
UP,0517PR027,2017-05-31,12:00 PM,Other (describe in narrative),0,NORTHLAKE,IL,75,2,Day,Clear,Yard,Single Car,5,11388,0,11388,M411,41.900159,-87.911359,63.9,64.3,66.5
BNSF,GC1015110,2015-10-26,7:30 AM,Derailment,0,BEAUMONT,TX,60,1,Dawn,Rain,Yard,Freight Train,4,28933,334000,362933,M404,30.093626,-94.115884,66.8,63.3,65.1
NS,130781,2018-08-31,12:15 PM,Other (describe in narrative),0,OBERLIN,PA,78,2,Day,Cloudy,Yard,Yard/switching,2,30000,1510,31510,H702,40.256386,-76.802178,82.5,75.6,73.5
UP,0915FW019,2015-09-18,8:10 PM,Hwy-rail crossing,0,STANTON,TX,80,3,Dusk,Rain,Main,Freight Train,60,11179,441,11620,M304,32.121154,-101.810865,82.2,83,74.3
NS,156676,2024-05-12,2:30 AM,Side collision,0,DETROIT,MI,60,4,Dark,Clear,Yard,Freight Train,4,1500,30030,57530,H702,42.282906,-83.154444,54.7,57.5,70.6
NS,151318,2022-10-30,11:15 AM,Derailment,0,WEST FAIRVIEW,PA,65,2,Day,Clear,Yard,Yard/switching,5,66657,168,66825,H312,40.279833,-76.922472,46.2,47.1,53.6
SEPA,17566,2015-02-17,8:33 PM,Other (describe in narrative),0,PHILADELPHIA,PA,17,2,Day,Snow,Main,Passenger Train - Pulling,20,14288,0,14288,M406,40.0269,-75.2253,10.4,19.8,22.5
CSX,000148646,2015-07-01,11:45 PM,Derailment,0,MARYVILLE,TN,70,4,Dark,Cloudy,Main,Freight Train,34,119559,152121,271680,E53C,35.870749,-83.960941,71.5,72.1,71
NS,136152,2019-11-08,2:17 PM,Rear end collision,0,GEORGES STATION,PA,36,2,Day,Clear,Main,Freight Train,28,798252,0,1495922,H222,40.317328,-79.48932,40.3,27.9,30.6
NS,152021,2023-01-16,2:00 PM,Other (describe in narrative),0,MILLEN,GA,65,2,Day,Clear,Yard,Single Car,5,30913,0,30913,H020,32.801032,-81.94645,38.3,43.6,55
CSX,000186820,2019-11-28,5:45 AM,Other impacts,0,NASHVILLE,TN,34,4,Dark,Cloudy,Yard,Cut of cars,5,1599,292,17661,H306,36.112142,-86.770737,55.9,42.2,48.3
AWRR,170419001,2017-04-19,12:50 AM,Derailment,0,BERTRAM,TX,68,4,Dark,Clear,Main,Freight Train,28,566500,136000,702500,T220,30.747222,-98.063611,66.9,72.2,73.9
UP,0817HO029,2017-08-17,3:38 AM,Other impacts,0,HOUSTON,TX,85,4,Dark,Cloudy,Yard,Yard/switching,10,0,0,68980,S007,29.795491,-95.295205,87.5,88.5,87.7
BNSF,RD0118107,2018-01-08,11:07 PM,Derailment,0,PLAINVIEW,TX,45,4,Dark,Clear,Yard,Freight Train,4,129991,46000,175991,T220,34.193813,-101.701342,46.5,41.2,52.7
PTO,01072023,2023-01-08,8:02 AM,Obstruction,0,PORTLAND,OR,44,2,Day,Cloudy,Yard,Yard/switching,6,0,0,0,M402,45.533511,-122.723611,44.3,46.9,46.5
IC,1142881,2023-12-27,1:25 PM,Derailment,0,POLK,TN,48,2,Day,Clear,Main,Freight Train,4,107920,166500,274420,H303,36.249018,-89.120182,55.9,49.2,41
UP,0118PD040,2018-01-23,7:34 AM,Derailment,0,STANFIELD,OR,40,2,Day,Cloudy,Yard,Light loco(s),2,38034,1056,39090,T221,45.796309,-119.301539,39.6,35.6,48.2
CSX,000180903,2019-01-22,4:30 PM,Other impacts,0,NORTH CHARLESTON,SC,50,2,Day,Clear,Yard,Cut of cars,4,41932,102492,258251,H018,32.85697,-80.022954,36,39.9,57.7
CSX,000172031,2017-10-05,8:30 PM,Side collision,0,FLORENCE,SC,71,4,Dark,Clear,Yard,Yard/switching,7,3000,0,18730,H301,34.198275,-79.762502,68.4,73.1,72.3
BNSF,RD0617100,2017-06-03,4:10 PM,Derailment,0,GALVESTON,TX,86,3,Dusk,Clear,Yard,Freight Train,7,7824,118745,126569,E66C,29.294715,-94.840257,81.8,82.7,77.7
NS,144077,2022-01-19,7:00 PM,Other impacts,0,CHATTANOOGA,TN,55,3,Dusk,Cloudy,Yard,Yard/switching,3,500,0,12810,M408,35.072249,-85.255534,39,49.1,38.9
NS,138650,2020-07-26,7:50 PM,Raking collision,0,CONWAY,PA,80,3,Dusk,Clear,Yard,Yard/switching,4,61477,0,62272,H306,40.672356,-80.251823,76,77.5,78.6
BNSF,HL0824114,2024-08-31,8:45 AM,Derailment,0,MEMPHIS,TN,81,1,Dawn,Cloudy,Yard,Yard/switching,5,11884,300236,615149,M408,35.023995,-89.890366,79.8,79.7,77.4
CSX,000193388,2020-10-21,8:12 AM,Other impacts,0,NASHVILLE,TN,65,2,Day,Clear,Yard,Freight Train,7,127545,5060,173765,E31C,36.112142,-86.770737,70,69.3,71
CSX,000170225,2017-07-12,10:00 AM,Other impacts,0,NASHVILLE,TN,90,2,Day,Clear,Yard,Cut of cars,12,36500,150,36650,H601,36.100736,-86.75124,81.1,82.9,83.1
CSX,000178304,2018-08-21,11:30 PM,Other impacts,0,NASHVILLE,TN,72,4,Dark,Clear,Yard,Cut of cars,4,18313,0,18425,H308,36.112142,-86.770737,79.3,76.7,74.4
UP,0619GP019,2019-06-16,10:30 AM,Other impacts,0,NORTH PLATTE,NE,74,2,Day,Cloudy,Yard,Light loco(s),4,0,0,22430,H307,41.149585,-100.850463,72.1,63.6,65.1
NS,135342,2019-08-31,11:00 PM,Derailment,0,CONWAY,PA,68,4,Dark,Clear,Yard,Light loco(s),3,22172,11875,34047,H303,40.672356,-80.251823,71.9,67.9,67.7
BNSF,TC0821201,2021-08-06,2:53 PM,Hwy-rail crossing,0,SIOUX FALLS,SD,83,2,Day,Clear,Main,Light loco(s),35,500,20000,20500,M302,43.507516,-96.690413,75.2,74.8,78.4
UP,1220PN030,2020-12-31,12:00 PM,Other (describe in narrative),0,STANFIELD,OR,47,2,Day,Clear,Yard,Single Car,0,57993,0,57993,M411,45.795465,-119.273757,34.5,42.6,40.6
CPDR,CPD025617,2017-03-31,1:20 PM,Other (describe in narrative),0,FOUNTAIN INN,SC,72,2,Day,Clear,Main,Freight Train,22,41500,400,41900,E29C,34.694592,-82.225163,63.8,65.9,63.2
BNSF,HL0221118,2021-02-22,9:58 AM,Derailment,0,MEMPHIS,TN,48,2,Day,Clear,Yard,Yard/switching,6,16597,1000,17597,H316,35.027992,-89.892956,43,46.3,53.1
UP,0324PN028,2024-03-29,4:45 AM,Other impacts,0,STANFIELD,OR,40,1,Dawn,Clear,Yard,Cut of cars,0,111653,0,143112,H316,45.796534,-119.268289,46.7,47.2,46.5
UP,0922GL003,2022-09-03,7:45 PM,Derailment,0,ST PAUL,MN,72,3,Dusk,Clear,Yard,Yard/switching,7,4603,16920,21523,E47C,44.94271,-93.051565,78.4,67.4,63.7
BNSF,HL0922109,2022-09-17,10:20 PM,Derailment,0,MEMPHIS,TN,80,4,Dark,Clear,Yard,Freight Train,5,13186,0,17406,H503,35.123515,-90.023823,78.7,78.7,80.8
CSX,000170611,2017-08-02,4:55 AM,Derailment,3,HYNDMAN,PA,64,1,Dawn,Clear,Main,Freight Train,29,2130312,74904,2205216,H019,39.826327,-78.72203,70.5,72.6,70.9
RBMN,R01302301,2023-01-30,9:05 PM,Derailment,0,BARNESVILLE,PA,35,4,Dark,Clear,Main,Freight Train,29,59499,35117,94616,T212,40.821665,-76.012622,39.5,42.3,30.8
WE,230084SP,2023-11-17,4:20 PM,Rear end collision,0,MONESSEN,PA,57,2,Day,Rain,Industry,Spec. MoW Equip.,0,15000,0,15000,H997,40.137139,-79.830109,52.3,55.8,41.2
TZPR,TZP617218S,2018-03-23,12:45 AM,Other impacts,0,PEKIN,IL,41,4,Dark,Clear,Industry,Freight Train,3,20243,0,20243,H702,40.590228,-89.662197,40.2,42.4,32.7
NS,124378,2017-03-18,3:26 AM,Other impacts,0,ALLENTOWN,PA,35,4,Dark,Cloudy,Yard,Freight Train,0,90,0,17538,H602,40.61193,-75.426706,34.4,33.2,39.1
NS,146245,2022-08-20,1:30 AM,Derailment,0,CHATTANOOGA,TN,85,4,Dark,Cloudy,Main,Freight Train,25,434,63396,63830,H518,35.008467,-85.374354,74.7,75.4,76.2
CSX,000211185,2023-05-04,12:30 AM,Derailment,0,NASHVILLE,TN,58,4,Dark,Clear,Yard,Yard/switching,3,21342,0,23389,M503,36.112157,-86.770728,57.9,58.1,62.3
NS,127213,2017-10-28,6:15 PM,Derailment,0,GREER,SC,60,3,Dusk,Rain,Industry,Freight Train,4,1284,28000,29284,H306,34.935265,-82.225496,54.7,55.4,50
NS,139161,2020-09-15,6:57 AM,Other impacts,0,CONWAY,PA,66,1,Dawn,Clear,Yard,Single Car,7,300,0,32205,M411,40.672356,-80.251823,62.9,55.2,59.3
RCPE,RCP248217D,2017-03-20,4:20 AM,Derailment,0,SMITHWICK,SD,36,4,Dark,Clear,Main,Freight Train,9,100000,100000,200000,T220,43.2,-103.2,61.3,44.2,35.8
YRC,YRC989117,2017-01-17,11:00 AM,Side collision,0,YORK,PA,42,2,Day,Cloudy,Yard,Freight Train,0,19232,0,22115,H018,39.969191,-76.723468,29.3,38.4,43.9
WNYP,W2023002,2023-07-05,7:44 AM,Derailment,0,OLEAN,NY,70,1,Dawn,Cloudy,Yard,Yard/switching,3,2243,50000,52243,H799,42.08342,-78.476062,71.8,74,74.6
BNSF,MT0116101,2016-01-09,3:40 AM,Other impacts,0,LEMMON,SD,1,4,Dark,Cloudy,Main,Freight Train,5,39517,0,39517,H020,45.944358,-102.158017,13,-2.8,8.3
UP,0621PN010,2021-06-08,8:02 AM,Derailment,0,PORTLAND,OR,54,2,Day,Rain,Yard,Yard/switching,8,15011,16996,32007,H703,45.606232,-122.753458,57.5,59,59.7
UP,0222PN012,2022-02-14,11:59 PM,Other impacts,0,STANFIELD,OR,40,4,Dark,Clear,Yard,Single Car,2,3031,0,69353,H317,45.795025,-119.257723,35.8,41.6,45.9
CSX,000193151,2020-10-09,5:38 PM,Hwy-rail crossing,0,PENDLETON,IN,65,3,Dusk,Clear,Main,Freight Train,47,73351,502,73853,M302,39.996424,-85.738274,58.4,65.2,68.9
NS,155864,2024-02-26,11:00 AM,Hwy-rail crossing,0,,PA,50,2,Day,Clear,Main,Freight Train,10,800,20000,20800,M303,40.206477,-77.185132,80.2,80.4,79.6
URR,8123,2018-09-28,5:45 PM,Derailment,0,BRADDOCK,PA,68,3,Dusk,Clear,Yard,Yard/switching,3,50000,5961,55961,H702,40.38623,-79.846931,56.5,60.7,57.7
NS,133705,2019-04-25,10:15 PM,Other (describe in narrative),0,CHATTANOOGA,TN,64,4,Dark,Clear,Yard,Freight Train,5,28349,11843,40192,H702,36.135151,-84.649386,70.5,68.2,66.3
BNSF,RD0817106,2017-08-04,9:55 AM,Derailment,0,SHERMAN,TX,90,2,Day,Clear,Yard,Freight Train,5,12535,0,20450,H018,33.649102,-96.603336,78.2,81,84.1
BNSF,SF0216118,2016-02-25,1:30 PM,Derailment,0,MEMPHIS,TN,50,2,Day,Clear,Yard,Freight Train,3,11971,7000,18971,H503,35.028142,-89.897577,42.5,42.4,40.8
CSX,000201270,2021-10-23,10:56 PM,Other impacts,0,NASHVILLE,TN,60,4,Dark,Clear,Yard,Cut of cars,10,43667,121,43788,M407,36.112142,-86.770737,55.3,57.4,67.7
CSX,000177731,2018-07-21,6:00 PM,Side collision,0,NASHVILLE,TN,85,2,Day,Clear,Yard,Freight Train,3,174759,23248,198007,H306,36.112142,-86.770737,84.3,80.4,74.6
NJTR,202301019,2023-01-13,9:00 PM,Derailment,0,MORRISVILLE,PA,32,4,Dark,Clear,Yard,Passenger Train - Pulling,5,12441,446,12887,E99C,40.194612,-74.791972,44.8,47.5,31.2
CSX,000178380,2018-08-25,2:28 AM,Derailment,1,GREENWOOD,SC,68,4,Dark,Clear,Yard,Freight Train,3,75703,915,76618,H702,34.176776,-82.186736,68.2,70.7,74.4
UP,0723GP004,2023-07-03,6:30 AM,Derailment,0,NORTH PLATTE,NE,66,1,Dawn,Clear,Yard,Yard/switching,10,149075,0,1025688,S102,41.149844,-100.810169,72.6,77,73.8
ATK,142920,2016-06-17,12:01 AM,Other (describe in narrative),0,PHILADELPHIA,PA,70,4,Dark,Clear,Yard,Spec. MoW Equip.,5,0,10661,10661,H402,39.961318,-75.183168,66.8,71.4,71.8
BNSF,NW0821115,2021-08-24,4:15 AM,Derailment,0,PORTLAND,OR,56,1,Dawn,Clear,Yard,Cut of cars,4,9625,7043,16668,E09C,45.54924,-122.717241,61.6,68.7,67.2
ARR,2016106,2016-05-25,3:00 PM,Derailment,0,ANCHORAGE,AK,60,2,Day,Clear,Yard,Passenger Train - Pushing,4,12610,0,12610,H303,61.222756,-149.888214,55.5,55.3,59.2
CSX,000211929,2023-06-22,8:30 AM,Other impacts,0,NORTH CHARLESTON,SC,65,2,Day,Cloudy,Yard,Yard/switching,4,11160,1160,20820,E39C,32.856925,-80.022907,78.1,77.3,77.4
CSX,000152197,2015-09-17,1:58 PM,Other impacts,0,AVON,IN,80,2,Day,Clear,Yard,Cut of cars,5,16009,0,25642,S016,39.759222,-86.353899,68.6,69.9,72.3
CSX,000200010,2021-09-11,4:47 AM,Derailment,0,PEMBROKE,NC,55,1,Dawn,Clear,Main,Freight Train,36,25198,15952,41150,E53C,34.672776,-79.19975,71.5,69.5,73.6
NS,142192,2021-07-14,12:30 PM,Other (describe in narrative),0,WEST FAIRVIEW,PA,77,2,Day,Clear,Yard,Yard/switching,0,72250,0,72250,E30C,40.279807,-76.922451,81.3,81.5,81.1
NS,152959,2023-04-30,12:10 PM,Other impacts,0,CHATTANOOGA,TN,65,2,Day,Clear,Yard,Light loco(s),6,53740,2487,106774,H706,35.07225,-85.255535,64.9,62,56.5
IC,905562,2016-11-04,4:40 AM,Other (describe in narrative),0,MEMPHIS,TN,65,4,Dark,Clear,Industry,Yard/switching,6,16388,25,16413,H699,35.074526,-90.08552,72.6,65.9,56.5
CSX,000198082,2021-06-08,5:06 AM,Side collision,0,FLORENCE,SC,86,1,Dawn,Clear,Yard,Freight Train,5,4526,0,48886,H399,34.198275,-79.762502,79.4,76.4,79.8
CSX,000209011,2022-12-29,9:54 PM,Side collision,0,NASHVILLE,TN,60,4,Dark,Clear,Yard,Yard/switching,4,13308,0,19231,H307,36.112136,-86.770713,42.7,55.7,60.8
NS,125608,2017-06-28,9:35 AM,Derailment,0,NORTH CHARLESTON,SC,72,2,Day,Clear,Main,Yard/switching,7,3420,18102,21522,H306,32.867713,-79.999538,77.8,77.7,78.5
NS,134056,2019-05-24,12:30 PM,Other impacts,0,ROSSVILLE,TN,87,2,Day,Clear,Yard,Yard/switching,5,56228,0,56228,H306,35.048708,-89.545162,80.5,79.7,79.8
MBTA,YR202205,2022-01-21,5:51 PM,Hwy-rail crossing,0,WILMINGTON,MA,15,4,Dark,Clear,Main,Passenger Train - Pushing,47,32981,0,32981,M399,42.569286,-71.159347,32.7,13,15.4
AVR,0514159,2015-05-14,9:55 AM,Derailment,0,PITTSBURGH,PA,60,2,Day,Clear,Yard,Freight Train,0,110000,200,110200,H505,40.420494,-79.949724,49.1,54.2,67.1
KCS,15123001,2015-12-30,4:00 AM,Derailment,0,VICTORIA,TX,45,4,Dark,Cloudy,Siding,Freight Train,7,17912,101075,118987,H703,28.826481,-96.937453,46,51.6,52.3
UP,0816HO004,2016-08-02,8:00 AM,Hwy-rail crossing,0,SPRING,TX,90,2,Day,Clear,Main,Freight Train,10,447,46885,47332,M302,29.996041,-95.396207,86,86.6,86.9
UP,0318UT017,2018-03-15,9:20 PM,Derailment,0,POCATELLO,ID,30,4,Dark,Clear,Yard,Yard/switching,3,7517,4776,12293,M404,42.86627,-112.452548,42.2,38,39
NS,143897,2022-01-01,4:13 PM,Other impacts,0,CHATTANOOGA,TN,70,3,Dusk,Cloudy,Yard,Yard/switching,2,148829,0,148829,M411,34.777179,-86.525527,60.3,71.4,57.4
BNSF,RD1122130,2022-11-29,4:45 PM,Derailment,0,TULSA,OK,35,2,Day,Clear,Yard,Yard/switching,2,1000,48000,49000,M411,36.120606,-96.010914,47.9,54.1,34.5
RBMN,L07181601,2016-07-18,4:25 AM,Derailment,0,MOUNTAIN TOP,PA,65,1,Dawn,Clear,Yard,,0,0,0,15000,H306,41.166765,-75.864478,73.1,75.2,72.5
NS,130823,2018-09-04,7:49 PM,Derailment,0,FRANKLIN,PA,72,3,Dusk,Clear,Main,Freight Train,35,2864,67109,69973,E53C,40.34129,-78.89095,74.4,76,78.2
CSX,000152141,2015-09-17,10:50 AM,Head on collision,0,SPRINGFIELD,TN,74,2,Day,Clear,Main,Spec. MoW Equip.,0,0,0,25159,H099,36.479242,-86.855656,70,70.5,72.1
BNSF,HL1120108,2020-11-13,2:29 AM,Side collision,0,MEMPHIS,TN,68,4,Dark,Clear,Yard,Yard/switching,0,4788,0,14654,H021,35.02665,-89.892558,53,55.8,63.6
NS,153321,2023-06-10,12:40 PM,Derailment,0,WEST FAIRVIEW,PA,80,2,Day,Clear,Yard,Freight Train,5,43500,12829,56329,H704,40.279833,-76.922472,64.1,69.1,73.9
KCS,16032601,2016-03-26,9:55 PM,Derailment,0,WYLIE,TX,65,4,Dark,Clear,Yard,Yard/switching,3,103183,22992,126175,H503,33.028852,-96.504754,54.2,61,56.5
UP,0616SA011,2016-06-12,11:00 AM,Fire/violent rupture,0,GEORGE WEST,TX,85,2,Day,Clear,Main,Freight Train,40,45413,0,45413,E74L,28.199093,-97.895098,82.4,84.8,83.8
NS,124543,2017-03-31,8:05 AM,Derailment,0,COLUMBIA,SC,67,2,Day,Rain,Yard,Yard/switching,5,6156,15453,21609,H702,33.985333,-81.039083,68.3,71.4,66.2
NS,143805,2021-12-20,2:15 PM,Other impacts,0,LOCKBOURNE,OH,72,2,Day,Clear,Yard,Single Car,0,2696,0,11428,H307,39.782282,-82.957922,34.3,32.2,32.2
CSX,000209550,2023-01-31,10:24 AM,Side collision,0,PHILADELPHIA,PA,39,2,Day,Cloudy,Yard,Yard/switching,7,1656,271,13388,H306,39.898725,-75.16697,44.6,38.2,33.6
RCPE,RCP506723D,2023-08-16,3:37 PM,Derailment,0,STURGIS,SD,90,2,Day,Clear,Siding,Cut of cars,0,60000,15000,75000,M501,44.416547,-103.530211,71.1,76.7,70.9
CSX,000199399,2021-08-09,6:30 PM,Derailment,0,NORTH CHARLESTON,SC,84,3,Dusk,Cloudy,Yard,Yard/switching,6,119187,6226,125413,H702,32.85756,-79.989058,79.3,80.5,81.7
NS,124574,2017-04-03,11:58 AM,Derailment,0,ALTOONA,PA,65,2,Day,Clear,Yard,Light loco(s),5,11262,0,11262,H306,40.529625,-78.385381,46.4,52.8,58
ATK,164309,2020-04-27,1:30 PM,Obstruction,0,WEST KINGSTON,RI,41,2,Day,Cloudy,Main,Spec. MoW Equip.,0,200000,0,206000,H104,41.474287,-71.576895,46.6,43.9,45.8
NS,154109,2023-09-04,4:00 AM,Side collision,0,09612,MO,74,1,Dawn,Clear,Yard,Freight Train,9,6976,6976,20928,H702,38.698473,-90.223316,82.6,78.5,82.2
ATK,168341,2021-09-12,9:27 PM,Obstruction,0,SALEM,OR,65,4,Dark,Cloudy,Main,Passenger Train - Pushing,57,94061,0,94211,M402,44.895462,-122.997627,65.7,65.7,63.4
UP,0516HO009,2016-05-12,12:05 PM,Derailment,0,HOUSTON,TX,80,2,Day,Clear,Yard,Cut of cars,0,9470,0,14303,H021,29.78974,-95.299125,78.8,80.7,77.8
PR,2024020202,2024-02-28,5:30 PM,Other impacts,0,NORTH CHARLESTON,SC,61,3,Dusk,Clear,Yard,Freight Train,2,12001,0,20671,H018,32.89727,-79.97951,61.9,67.3,55.3
NS,145827,2022-07-13,2:20 AM,Obstruction,0,SEWARD,PA,70,4,Dark,Clear,Main,Freight Train,35,1719,26389,28108,M404,40.407977,-79.025353,72.5,71.1,68.1
BNSF,HL0918121,2018-09-24,2:30 PM,Derailment,0,MEMPHIS,TN,85,2,Day,Rain,Yard,Freight Train,6,49400,85000,134400,H503,35.107482,-89.990268,70.7,76.2,79.7
NS,145969,2022-07-27,3:17 AM,Derailment,0,BADEN,PA,71,4,Dark,Clear,Siding,Freight Train,5,750,49931,50681,H503,40.638227,-80.231926,69.9,72.4,75.6
BNSF,TX0915101,2015-09-11,8:45 PM,Derailment,0,HASLET,TX,70,3,Dusk,Clear,Yard,Light loco(s),9,24000,500,24500,H307,32.989779,-97.354327,81.7,80.8,74.4
CSX,000216296,2024-02-12,5:00 PM,Other (describe in narrative),0,CHATTANOOGA,TN,44,3,Dusk,Rain,Yard,Freight Train,7,27067,0,27067,M105,35.012657,-85.371486,56,55.6,46.1
NS,127578,2017-11-30,2:20 AM,Derailment,0,ALLENTOWN,PA,32,4,Dark,Clear,Yard,Yard/switching,7,37955,2536,40491,H306,40.61193,-75.426706,47,40.6,42.6
MBTA,7062,2017-10-10,6:09 AM,Obstruction,0,HINGHAM,MA,68,1,Dawn,Fog,Main,Passenger Train - Pushing,40,53909,0,53909,M404,42.245036,-70.850533,71.7,72.5,62.3
NS,113641,2015-01-02,6:30 AM,Other impacts,0,CONWAY,PA,25,1,Dawn,Clear,Yard,Yard/switching,5,102548,0,102548,M408,40.672361,-80.251826,26.5,30.6,36.3
UP,0318PD028,2018-03-20,10:20 AM,Derailment,0,PORTLAND,OR,50,2,Day,Clear,Yard,Yard/switching,7,19506,99,19605,H601,45.48517,-122.642714,45.1,45.8,46.9
UP,0823MA016,2023-08-15,5:04 AM,Derailment,0,MEMPHIS,TN,70,1,Dawn,Clear,Main,Freight Train,10,33116,0,33810,E34C,35.127699,-89.98818,83.3,73.9,73.1
UP,1117HO028,2017-11-22,8:40 PM,Other impacts,0,SPRING,TX,55,4,Dark,Clear,Yard,Cut of cars,5,33318,0,171266,H310,30.061664,-95.412612,63,59.6,50.6
UP,0320HL006,2020-03-09,8:20 PM,Fire/violent rupture,0,KANSAS CITY,KS,39,4,Dark,Clear,Main,Freight Train,40,17374,0,17374,E74L,38.859809,-94.612004,59.4,49.5,42.8
ATK,147849,2017-06-11,3:00 AM,Other (describe in narrative),0,PHILADELPHIA,PA,72,4,Dark,Clear,Main,,0,0,58582,58582,E75L,40.035837,-75.020225,76.1,79.9,82.6
NS,153042,2023-05-10,12:30 AM,Derailment,0,VAUCLUSE,SC,70,4,Dark,Clear,Industry,Freight Train,0,230210,20126,250336,H025,33.651669,-81.807605,76.6,71.8,70.6
CSX,000140697,2015-01-27,2:17 AM,Other (describe in narrative),0,MARTIN,SC,37,4,Dark,Clear,Main,Freight Train,41,2735102,41950,3048132,M505,33.068728,-81.476697,47.4,40,38.1