reportingrailroadcode,accidentnumber,date,time,accidenttype,hazmatreleasedcars,station,stateabbr,temperature,visibility_code,visibility,weathercondition,tracktype,equipmenttype,trainspeed,equipmentdamagecost,trackdamagecost,totaldamagecost,primaryaccidentcausecode,latitude,longitude,prior_temp,actual_temp,following_temp
UP,0919GC024,2019-09-11,2:00 PM,Other impacts,0,LIVONIA,LA,92,2,Day,Cloudy,Yard,Yard/switching,3,316,183,26466,S006,30.525873,-91.555326,81.1,82.1,81.2
NS,116137,2015-06-19,11:34 AM,Derailment,0,HARRISBURG,PA,81,2,Day,Clear,Yard,Freight Train,2,22205,21199,43404,H702,40.259698,-76.794313,72.1,75.7,74.2
BNSF,RD1019101,2019-10-02,12:28 AM,Derailment,0,COVINGTON,OK,78,4,Dark,Clear,Main,Freight Train,21,252467,30000,282467,M201,36.27169,-97.501206,81.1,80.3,60.3
NS,120988,2016-06-24,2:15 AM,Derailment,0,CONWAY,PA,64,4,Dark,Cloudy,Yard,Yard/switching,4,12240,100,12340,H504,40.672361,-80.251826,69.1,72.4,74.8
CSX,000180616,2019-01-04,6:35 AM,Other impacts,0,NASHVILLE,TN,42,1,Dawn,Rain,Yard,Cut of cars,4,132486,0,325721,H099,36.112142,-86.770737,42.5,47.5,45.8
SEPA,SEPA110722,2022-11-07,10:40 PM,Fire/violent rupture,0,GLENSIDE,PA,50,4,Dark,Clear,Main,EMU,0,59000,0,59000,E74L,40.114055,-75.153205,69.5,68.8,50.7
CRSH,118729,2015-12-29,3:30 AM,Raking collision,0,MORRISVILLE,PA,47,4,Dark,Rain,Yard,Single Car,3,32751,0,35198,H021,40.196817,-74.790952,40.6,44.1,45
NS,145114,2022-04-11,3:00 PM,Other (describe in narrative),0,BROWNSVILLE,PA,50,2,Day,Clear,Main,,0,0,19562,19562,H019,40.02088,-79.902975,41.4,50.5,57
CSX,000139478,2014-12-26,10:00 AM,Derailment,0,PROSPERITY,SC,50,2,Day,Clear,Industry,Cut of cars,0,4668,0,112353,H307,34.217679,-81.497163,48,44,46.8
SEPA,SEPA042022,2022-04-20,11:45 AM,Other (describe in narrative),0,PHILADELPHIA,PA,60,2,Day,Clear,Yard,EMU,3,155208,0,155208,H212,40.018088,-75.163105,44.6,48.6,53.9
UP,0117KC012,2017-01-23,5:00 AM,Other impacts,0,KANSAS CITY,KS,32,4,Dark,Cloudy,Yard,Light loco(s),9,665,33,23670,H021,39.141657,-94.62235,42.5,35.9,40.2
CRSH,128893,2018-03-17,5:40 PM,Raking collision,0,MORRISVILLE,PA,45,3,Dusk,Clear,Yard,Single Car,0,4593,0,11458,H018,40.194233,-74.802161,36,37.3,38
CSX,000218862,2024-06-24,5:30 PM,Other impacts,0,KINGSPORT,TN,89,2,Day,Cloudy,Yard,Cut of cars,3,19000,0,24000,H008,36.549664,-82.571194,79.5,78.6,75
CORP,COR560323D,2023-10-09,2:23 AM,Derailment,0,WOLF CREEK,OR,55,4,Dark,Rain,Main,Freight Train,14,96161,101000,197161,E4TC,42.697008,-123.3948,63.6,51.1,45.4
BNSF,HL1122103,2022-11-10,3:15 PM,Derailment,0,MEMPHIS,TN,65,2,Day,Clear,Yard,Freight Train,3,97895,220844,318739,H522,35.034513,-89.906304,68.8,62.3,57
CRSH,133780,2019-05-01,3:00 AM,Raking collision,0,MARCUS HOOK,PA,55,4,Dark,Clear,Yard,Single Car,0,13865,0,29930,H318,39.827097,-75.393784,61.2,56.5,65
CSX,000150399,2015-08-10,9:30 PM,Side collision,0,NASHVILLE,TN,87,4,Dark,Clear,Yard,Cut of cars,4,12458,0,12458,M408,36.112148,-86.770741,81,81.4,82
UP,1120GC017,2020-11-14,2:00 AM,Derailment,0,PORT ALLEN,LA,59,4,Dark,Cloudy,Industry,Freight Train,7,20695,4550,25245,H303,30.450053,-91.210894,64.6,67.9,65.8
NS,134895,2019-07-28,3:50 AM,Other (describe in narrative),0,MASCOT,TN,67,4,Dark,Clear,Yard,Freight Train,3,3704,26817,30521,H702,36.033005,-83.817278,75.5,76.4,77.6
IC,1004969,2019-07-10,9:30 AM,Hwy-rail crossing,0,DYERSBURG,TN,90,2,Day,Clear,Industry,Freight Train,7,53000,0,53000,M308,36.051104,-89.344233,83.3,80.4,80.2
BNSF,RD0117120,2017-01-28,8:42 AM,Other (describe in narrative),0,TEMPLE,TX,53,1,Dawn,Clear,Yard,Yard/switching,6,2000,60000,62000,E02C,31.113491,-97.349436,42.6,47.9,51.8
NS,136773,2020-01-08,10:00 AM,Other (describe in narrative),0,OBERLIN,PA,35,2,Day,Clear,Yard,Single Car,5,2000,9126,11126,H018,40.256386,-76.802178,34.2,30.7,26.8
NS,125268,2017-05-23,5:13 AM,Other impacts,0,FOUNTAIN HILL,PA,55,1,Dawn,Clear,Yard,Yard/switching,3,18000,0,18000,E29C,40.61193,-75.426706,58.2,60.6,62.9
SEPA,38609,2020-02-11,9:20 PM,Derailment,0,PHILADELPHIA,PA,49,4,Dark,Cloudy,Yard,EMU,5,15000,1213,16213,H306,39.98145,-75.234924,44.3,48,42.5
UP,1115WH006,2015-11-09,12:10 AM,Derailment,0,WELCH,OK,35,4,Dark,Cloudy,Main,Freight Train,43,16535,10000,26535,H503,36.981998,-95.095365,45.6,47.8,57.9
NS,152711,2023-04-03,11:50 AM,Hwy-rail crossing,0,FAIRFIELD,SC,53,2,Day,Cloudy,Main,Freight Train,31,28,19000,19028,M303,34.956698,-82.009983,60.6,57.9,66.7
UP,0422PN019,2022-04-17,5:06 PM,Derailment,0,STANFIELD,OR,57,2,Day,Clear,Yard,Freight Train,8,97706,8700,106406,H524,45.796511,-119.276505,38.5,45.9,48.9
NS,131221,2018-10-06,10:00 AM,Derailment,0,CONWAY,PA,79,2,Day,Clear,Yard,Freight Train,5,7150,11169,18319,E40C,40.672356,-80.251823,58.4,70.2,72.6
NS,135004,2019-08-06,11:42 AM,Other impacts,0,ALLENTOWN,PA,85,2,Day,Clear,Yard,Yard/switching,2,237250,3443,240693,E30C,40.61193,-75.426706,75.5,76.4,73.5
CSX,000177731,2018-07-21,6:00 PM,Side collision,1,NASHVILLE,TN,85,2,Day,Clear,Yard,Freight Train,5,0,0,198007,H306,36.112142,-86.770737,84.3,80.4,74.6
CSX,000220231,2024-08-30,1:30 AM,Other impacts,0,GETTYSBURG,PA,65,4,Dark,Clear,Main,Yard/switching,5,17079,0,34563,H302,39.856403,-77.155311,76.5,67.7,70.1
TRE,17010,2017-07-18,11:50 PM,Derailment,0,IRVING,TX,83,4,Dark,Clear,Main,,0,0,23457,33457,M405,32.816883,-96.945886,86.7,87.9,89.1
BNSF,RD0117119,2017-01-27,5:00 PM,Derailment,0,SILSBEE,TX,50,3,Dusk,Clear,Yard,Yard/switching,8,24363,3500,27863,H318,30.357529,-94.198217,50,46.3,50.1
RCPE,RCP402217G,2017-08-17,3:17 PM,Hwy-rail crossing,0,BLUNT,SD,80,2,Day,Clear,Main,Freight Train,10,11415,0,11415,M308,44.512318,-99.996872,66.1,68.1,70.1
CSX,000196621,2021-03-27,3:17 AM,Derailment,0,MADISON,TN,60,4,Dark,Cloudy,Main,Freight Train,0,402000,326707,1379358,E04C,36.244176,-86.724965,61.2,58.5,57.7
NS,128026,2018-01-06,7:20 PM,Derailment,1,CHATTANOOGA,TN,18,3,Dusk,Clear,Yard,Freight Train,6,43257,43061,86775,E30C,35.060736,-85.266798,23.3,25.3,27.1
UP,0518PD007,2018-05-08,7:00 PM,Other impacts,0,STANFIELD,OR,82,4,Dark,Rain,Yard,Single Car,5,3667,0,38426,M105,45.796647,-119.263273,68.4,67.3,63.1
UP,0119PN012,2019-01-11,5:05 PM,Derailment,0,PORTLAND,OR,40,2,Day,Cloudy,Yard,Yard/switching,5,7694,3946,11640,T220,45.60368,-122.740011,44.6,43.6,42.6
CSX,000186150,2019-10-23,6:30 AM,Derailment,0,NASHVILLE,TN,41,4,Dark,Clear,Main,Yard/switching,5,19000,8012,27012,H702,36.093116,-86.696013,59,54.2,55.5
NS,130467,2018-08-06,2:15 AM,Other impacts,0,CONWAY,PA,72,4,Dark,Clear,Yard,Freight Train,0,1250,0,35557,H306,40.672356,-80.251823,75.2,78,76.8
NS,124263,2017-03-09,11:35 PM,Other impacts,0,SHARPSBURG,PA,33,4,Dark,Snow,Main,Freight Train,40,13312,0,13312,E36L,40.493682,-79.931083,47.2,47.9,29.1
ATK,152121,2018-02-26,11:16 PM,Hwy-rail crossing,0,QUINBY,SC,47,4,Dark,Clear,Main,Passenger Train - Pulling,78,16714,0,16714,M308,34.202414,-79.704567,68.4,61.6,52.4
ATK,153700,2018-06-11,5:12 PM,Derailment,0,BOSTON,MA,65,2,Day,Clear,Yard,Light loco(s),6,104392,2500,106892,H703,42.331418,-71.060254,66,60.7,66.5
UP,1020HL003,2020-10-03,11:38 AM,Other impacts,0,KANSAS CITY,MO,60,2,Day,Clear,Yard,Single Car,4,896,0,28183,E34C,39.122684,-94.533422,53,56.5,51.2
MNCW,2015121019,2015-12-10,3:15 AM,Obstruction,0,STAMFORD,CT,49,4,Dark,Rain,Main,Spec. MoW Equip.,6,16235,0,16235,H607,41.04107,-73.550995,42.5,50.5,49.9
BRS,I171102005,2017-11-02,4:40 AM,Derailment,0,BATON ROUGE,LA,75,1,Dawn,Clear,Yard,Yard/switching,4,14000,10500,24500,H704,30.4583,-91.1403,65.6,74.5,74.4
UP,0915PR017,2015-09-19,3:08 PM,Side collision,0,NORTHLAKE,IL,75,2,Day,Clear,Yard,Cut of cars,0,14775,0,16973,H020,41.894929,-87.898258,71,63.8,61
UP,0317FW044,2017-03-30,6:50 PM,Other impacts,0,FORT WORTH,TX,77,2,Day,Clear,Yard,Yard/switching,4,110819,6728,260716,H307,32.714522,-97.397322,68.4,64.1,69.4
CRSH,127962,2018-01-02,4:57 AM,Derailment,0,NEWARK,NJ,16,1,Dawn,Clear,Yard,Yard/switching,8,14507,7500,22007,S016,40.704423,-74.129265,13,18.6,21.5
UP,0717HO013,2017-07-10,3:50 PM,Derailment,0,LA PORTE,TX,93,2,Day,Cloudy,Yard,Yard/switching,5,36683,18265,54948,H307,29.674952,-95.039107,84.8,80.5,84.4
ATK,164309,2020-04-27,1:30 PM,Obstruction,0,WEST KINGSTON,RI,41,2,Day,Cloudy,Main,Spec. MoW Equip.,10,6000,0,206000,H104,41.474287,-71.576895,46.6,43.9,45.8
UP,1015HO020,2015-10-19,9:00 AM,Fire/violent rupture,0,HOUSTON,TX,82,2,Day,Clear,Main,Freight Train,20,58490,0,58490,E79L,29.771822,-95.312568,68,67.3,70.5
CSX,000179273,2018-10-11,7:20 PM,Other impacts,0,PHILADELPHIA,PA,70,4,Dark,Rain,Yard,Yard/switching,5,25000,200,145126,H318,39.898302,-75.16734,74.6,75.3,61.4
BNSF,KS0220101,2020-02-01,12:55 AM,Derailment,0,AMARILLO,TX,38,4,Dark,Clear,Yard,Yard/switching,10,0,27424,27424,H307,35.195304,-101.829551,38.8,47.8,53.7
CRSH,136251,2019-11-18,4:30 AM,Derailment,0,FAIRLESS HILLS,PA,37,1,Dawn,Cloudy,Yard,Yard/switching,1,40523,1000,41523,H018,40.194384,-74.801761,36.7,40.3,43.3
BNSF,NW1121105,2021-11-03,4:25 PM,Derailment,0,PORTLAND,OR,50,2,Day,Rain,Yard,Light loco(s),8,3000,35000,38000,H607,45.610652,-122.711045,49.8,52.4,54.4
NS,143310,2021-10-28,10:10 PM,Derailment,0,YORK HAVEN,PA,50,4,Dark,Clear,Main,Freight Train,38,1228061,610713,1838774,E54C,40.097152,-76.70371,59.1,55.3,54
BNSF,RD0317123,2017-03-29,11:20 AM,Derailment,0,DALLAS,TX,69,2,Day,Clear,Industry,Freight Train,6,12999,14700,27699,H704,32.888311,-96.912741,70.8,69.4,64.1
UP,1016HO002,2016-10-01,5:05 AM,Derailment,0,HOUSTON,TX,63,1,Dawn,Clear,Yard,Yard/switching,6,165917,77913,243830,T220,29.831035,-95.28852,72.1,74.2,76.8
NS,128572,2018-02-19,5:00 AM,Other (describe in narrative),0,MASCOT,TN,64,1,Dawn,Clear,Yard,Freight Train,2,8130,31646,39776,H702,36.033005,-83.817278,48.6,59.3,66.9
BNSF,HL0519110,2019-05-17,2:23 PM,Derailment,0,MEMPHIS,TN,85,2,Day,Clear,Yard,Yard/switching,3,21000,84000,105000,H607,35.027468,-89.895308,78,78.4,75.2
UP,0616SA013,2016-06-14,11:56 PM,Hwy-rail crossing,0,TAYLOR,TX,85,4,Dark,Clear,Main,Freight Train,32,121,18000,18121,M303,30.55765,-97.452299,84.2,84.1,84.9
UP,0118NP007,2018-01-06,8:48 PM,Other impacts,0,NORTH PLATTE,NE,18,4,Dark,Cloudy,Yard,Single Car,0,5717,1421,12855,M411,41.15221,-100.819072,17,16.7,32.9
UP,0518PD019,2018-05-17,6:43 AM,Derailment,0,STANFIELD,OR,60,1,Dawn,Clear,Yard,Freight Train,8,54898,6826,61724,M405,45.793971,-119.269674,71.4,69.9,65.9
IC,908712,2016-12-13,11:55 AM,Derailment,0,MEMPHIS,TN,46,2,Day,Clear,Yard,,0,0,600,26010,H514,35.072928,-90.051756,49.3,44.4,36.9
BNSF,HL1122105,2022-11-14,2:00 PM,Derailment,0,MEMPHIS,TN,48,2,Day,Clear,Yard,Yard/switching,7,49520,0,49520,E30C,35.0487,-89.925299,36.1,39.7,43.2
RCPE,RCP588720A,2020-10-21,1:34 PM,Other impacts,0,AURORA,SD,30,2,Day,Snow,Yard,Light loco(s),11,20000,0,20000,H601,44.289945,-96.719544,32.7,31.7,30.4
NS,155127,2023-12-21,4:00 AM,Other (describe in narrative),0,FAIRLESS HILLS,PA,39,1,Dawn,Clear,Yard,Light loco(s),0,12000,300,12300,H702,40.189286,-74.867582,35.5,36.7,31.1
PTRA,2015000049,2015-11-09,1:45 PM,Derailment,0,DEER PARK,TX,75,2,Day,Clear,Industry,Freight Train,2,1000,15000,16000,H399,29.748029,-95.092201,62.2,64.1,69
NS,119315,2016-02-11,12:20 AM,Raking collision,0,MONETTA,SC,28,4,Dark,Clear,Industry,Freight Train,5,30000,1000,31000,H302,33.850042,-81.609586,31.6,38.5,41.5
IC,1139047,2023-09-19,3:44 PM,Side collision,0,MEMPHIS,TN,84,2,Day,Clear,Yard,Yard/switching,4,9585,0,21687,H307,35.080716,-90.0442,70.3,72.4,70.8
NS,144013,2022-01-12,10:44 PM,Derailment,0,FLEETWOOD,PA,25,4,Dark,Clear,Main,Freight Train,37,17747,0,17747,E33C,40.440947,-75.87464,18.4,25.9,34.1
UP,1123PN018,2023-11-25,3:24 AM,Derailment,0,EUGENE,OR,28,4,Dark,Fog,Yard,Yard/switching,4,4988,13479,18467,H306,44.067623,-123.126229,37.5,31.9,31.5
UP,0323PN012,2023-03-15,7:17 AM,Derailment,0,LA GRANDE,OR,29,2,Day,Snow,Yard,Freight Train,3,10894,3503,14397,H307,45.328437,-118.090983,31.6,33.4,30.7
NS,130467,2018-08-06,2:15 AM,Other impacts,0,CONWAY,PA,72,4,Dark,Clear,Yard,Yard/switching,4,20641,13616,35557,H306,40.672356,-80.251823,75.2,78,76.8
SCRF,SCR108317,2017-09-24,1:30 PM,Derailment,0,DARLINGTON,SC,79,2,Day,Clear,Main,Freight Train,13,62000,87611,149611,M204,34.372913,-79.933274,75.1,73.2,73.4
KCS,17092801,2017-09-28,10:41 AM,Hwy-rail crossing,0,DELHI,LA,77,2,Day,Clear,Main,Freight Train,53,6472,11938,18410,M304,32.4572,-91.49893,78.8,77.4,73.3
CSX,000206788,2022-08-20,2:01 PM,Other impacts,0,CHATTANOOGA,TN,72,2,Day,Cloudy,Yard,Single Car,0,68,0,17068,H318,35.012657,-85.371486,74.7,75.4,76.2
UP,0317HO036,2017-03-13,2:40 PM,Derailment,0,BROWNSVILLE,TX,68,2,Day,Cloudy,Yard,Freight Train,10,115397,3986,119383,H303,25.999363,-97.506846,67.4,62,65.1
SRC,202201,2022-11-02,11:23 AM,Obstruction,0,PARADISE,PA,69,2,Day,Clear,Yard,Light loco(s),10,30914,0,30914,H607,40.004812,-76.11286,61.4,58.4,54.6
BNSF,KS0616108,2016-06-28,8:21 AM,Head on collision,1,PANHANDLE,TX,70,1,Dawn,Clear,Main,Freight Train,65,6397615,0,15828190,H220,35.360988,-101.334873,79.3,80.8,77.9
CSX,000166016,2017-01-16,7:35 PM,Other impacts,0,WILLARD,OH,38,4,Dark,Clear,Yard,Cut of cars,2,35403,0,35583,H021,41.059857,-82.723964,26.8,33.5,49.6
NS,141471,2021-05-07,4:09 AM,Side collision,0,BELLEVUE,OH,38,1,Dawn,Cloudy,Yard,Yard/switching,3,55307,577,55884,H318,41.288213,-82.798855,47.6,47.9,46.6
AVR,081415115,2015-08-14,6:25 AM,Derailment,0,PITTSBURGH,PA,73,1,Dawn,Clear,Yard,Freight Train,0,24500,0,24500,M202,40.440624,-79.995888,66.8,72.4,75.3
NS,152398,2023-02-09,7:00 PM,Side collision,0,CREIGHTON,PA,68,3,Dusk,Cloudy,Yard,Light loco(s),3,104647,0,104707,H302,40.592418,-79.770673,41,55.3,40.2
NS,138162,2020-06-06,9:10 PM,Other (describe in narrative),0,MASCOT,TN,72,4,Dark,Clear,Yard,Freight Train,3,9268,5219,14487,H702,36.033005,-83.817278,75.6,76.9,79.5
CSX,000181828,2019-03-13,5:20 PM,Side collision,0,NORTH CHARLESTON,SC,60,2,Day,Clear,Yard,Single Car,5,454,0,11315,H318,32.85697,-80.022954,57.6,56.6,64.1
CSX,000170713,2017-08-06,2:31 AM,Hwy-rail crossing,0,HARDEEVILLE,SC,70,4,Dark,Clear,Main,,0,0,0,34330,M302,32.293497,-81.077272,80.5,82.5,83.2
ATK,149067,2017-08-18,7:00 AM,Hwy-rail crossing,0,PATRICK,SC,80,2,Day,Cloudy,Main,Passenger Train - Pulling,54,33661,0,85115,M302,34.575008,-80.045961,81.9,84.6,83.6
UP,1022PN014,2022-10-13,12:08 PM,Other impacts,0,PORTLAND,OR,61,2,Day,Clear,Yard,Yard/switching,7,11998,24675,39659,H312,45.549952,-122.690225,61.7,64,63.3
NS,128249,2018-01-22,10:45 PM,Derailment,0,ATTICA,OH,32,4,Dark,Rain,Main,Freight Train,41,1080613,384480,1465093,M105,41.112253,-82.871019,42,51.2,37.3
NS,122352,2016-10-07,7:53 PM,Side collision,0,NORTH EAST,PA,72,3,Dusk,Clear,Industry,Freight Train,8,17585,0,27822,H302,42.206347,-79.846369,63.5,65.5,59.8
CSX,000200015,2021-09-12,8:50 AM,Derailment,0,NASHVILLE,TN,80,2,Day,Clear,Yard,Single Car,9,500,150,14017,M408,36.112142,-86.770737,70.8,74.4,77.2
NS,128226,2018-01-21,3:00 AM,Derailment,0,BELLEVUE,OH,32,4,Dark,Clear,Yard,Cut of cars,2,18060,0,21118,M407,41.288306,-82.801342,36.3,40.5,50.4
UP,0323PN009,2023-03-10,12:40 PM,Other impacts,0,PORTLAND,OR,40,2,Day,Cloudy,Yard,Yard/switching,10,102542,0,185597,H309,45.549807,-122.690548,42.4,43.7,45.7
CSX,000204641,2022-04-30,8:30 AM,Side collision,0,GREENWOOD,SC,68,2,Day,Clear,Yard,Freight Train,0,1109,0,36800,H306,34.188493,-82.16507,62.4,66.4,69.3
BNSF,PR0117115,2017-01-18,2:15 AM,Derailment,0,ALLIANCE,NE,21,4,Dark,Clear,Yard,Light loco(s),4,23190,500,23690,H602,42.093015,-102.868877,24.1,30.3,29.8
NS,121961,2016-09-06,6:10 PM,Derailment,0,SAXON,SC,72,3,Dusk,Clear,Yard,Yard/switching,8,4743,7392,12135,E09L,34.961144,-81.957402,73.9,75.5,77.2
CORP,COR569323A,2023-10-14,1:12 AM,Other (describe in narrative),0,EUGENE,OR,48,4,Dark,Cloudy,Yard,Freight Train,0,18318,0,22139,H704,44.069444,-123.13,53.3,56.2,59.9
UP,0822GL034,2022-08-27,11:30 AM,Other impacts,0,SAVAGE,MN,75,2,Day,Rain,Industry,Freight Train,5,11858,0,17478,H607,44.782525,-93.354694,69.2,71.6,73.2
NS,122111,2016-09-19,2:30 PM,Derailment,0,LEESPORT,PA,75,2,Day,Cloudy,Industry,Freight Train,5,3000,25746,28746,T215,40.465185,-75.901723,76.5,72.2,72
NS,138172,2020-06-08,5:30 AM,Derailment,0,LUDLOW,KY,68,1,Dawn,Clear,Main,Freight Train,11,24547,4793,29340,H520,39.095691,-84.542718,73.9,73.2,76.7
NS,124377,2017-03-18,12:30 AM,Other impacts,0,ALLENTOWN,PA,35,4,Dark,Cloudy,Yard,Yard/switching,0,7250,0,12625,H305,40.61193,-75.426706,34.4,33.2,39.1
BNSF,RD1117123,2017-11-28,12:35 AM,Derailment,0,HOUSTON,TX,65,4,Dark,Clear,Yard,Freight Train,4,89475,15000,104475,E85C,29.602472,-95.298548,62.8,65.9,66.4
UP,0321GP036,2021-03-22,2:30 PM,Obstruction,0,NORTH PLATTE,NE,49,2,Day,Cloudy,Yard,Single Car,4,272,0,64212,M411,41.150002,-100.814979,50.3,41.4,39.6
UP,1220PN004,2020-12-04,3:14 PM,Fire/violent rupture,0,ROCKWOOD,OR,49,2,Day,Clear,Main,Freight Train,30,18865,0,18865,E74L,45.542872,-122.477255,43.2,42.3,40.3
BNSF,SF1114119,2014-11-30,2:30 AM,Derailment,0,HANNIBAL,MO,44,4,Dark,Clear,Yard,Light loco(s),6,51400,316337,367737,H702,39.92405,-91.438257,50.9,38.2,21.3
CGIV,20160715,2016-07-15,1:15 PM,Side collision,0,CHANNELVIEW,TX,90,2,Day,Clear,Industry,Freight Train,3,27000,0,27000,E05L,0,-95.116625,86.9,87.3,86.3
NS,138313,2020-06-21,5:00 PM,Other (describe in narrative),0,GREER,SC,90,3,Dusk,Clear,Yard,Freight Train,8,0,26000,26000,H307,34.935265,-82.225496,73.6,78,75.8
NS,116857,2015-08-08,9:15 AM,Derailment,0,MASCOT,TN,80,2,Day,Clear,Yard,Yard/switching,5,1400,13532,14932,M411,36.03306,-83.817174,75.8,77.3,79.1
UP,0916LV009,2016-09-10,12:15 AM,Other impacts,0,BEAUMONT,TX,87,4,Dark,Clear,Yard,Yard/switching,4,10482,0,22420,H602,30.07219,-94.157447,83.2,80.2,79.9
BNSF,GC0116109,2016-01-21,11:30 AM,Side collision,0,HOUSTON,TX,65,2,Day,Rain,Yard,Yard/switching,5,250,0,11268,H318,29.701858,-95.327702,60,61.3,45.4
PATH,I11092018,2018-11-09,6:09 PM,Other impacts,0,HARRISON,NJ,50,3,Dusk,Rain,Yard,EMU,11,48657,0,48657,H307,40.7401,-74.1436,50.2,46,42.5
NS,152002,2023-01-14,10:52 AM,Derailment,0,ATLANTA,GA,45,2,Day,Clear,Yard,Yard/switching,5,13101,10639,23740,H508,33.79352,-84.444441,42.7,37.2,39.2
NS,144233,2022-02-02,5:20 AM,Other (describe in narrative),0,MASCOT,TN,35,1,Dawn,Clear,Yard,Yard/switching,3,817,16269,17086,H702,36.033044,-83.817204,41.2,45,50.3
BNSF,PR0115106,2015-01-09,5:05 PM,Rear end collision,0,EDGEMONT,SD,18,3,Dusk,Clear,Yard,Yard/switching,10,30000,0,60500,H018,43.298756,-103.823242,25.4,6.3,27.6
CSX,000213967,2023-10-11,2:30 AM,Derailment,0,NASHVILLE,TN,55,4,Dark,Cloudy,Yard,Yard/switching,5,29826,5050,34876,H702,36.112136,-86.770713,61.3,61.1,66.5
NS,153196,2023-05-27,7:50 PM,Side collision,0,CONWAY,PA,58,3,Dusk,Clear,Yard,Yard/switching,2,12556,0,117957,H306,40.672362,-80.251826,59.5,63.2,65
NS,151304,2022-10-28,11:07 AM,Other impacts,0,COLUMBIA,SC,81,2,Day,Clear,Yard,Yard/switching,1,0,0,28269,H312,33.985296,-81.039107,62.9,64.1,60.6
CSX,000170096,2017-07-08,8:30 PM,Other impacts,0,PHILADELPHIA,PA,82,3,Dusk,Clear,Yard,Yard/switching,0,33917,0,49674,H018,39.898302,-75.16734,75.3,77.4,75.8
CSX,000205180,2022-05-21,5:45 AM,Obstruction,0,ULMER,SC,72,1,Dawn,Clear,Main,,0,0,0,11588,M404,33.062746,-81.216121,82.8,77.5,75.3
RRVW,102018,2018-10-20,11:30 AM,Hwy-rail crossing,0,OAKES,ND,40,2,Day,Clear,Main,Freight Train,22,43387,0,43387,M302,46.230639,-98.131134,49.3,33.7,41.1
NS,130124,2018-07-07,4:30 PM,Derailment,0,CONWAY,PA,80,3,Dusk,Clear,Yard,Freight Train,9,4745,23461,28206,H521,40.672356,-80.251823,72.2,66.9,69.3
KCS,19122601,2019-12-26,6:30 AM,Derailment,0,KANSAS CITY,MO,37,1,Dawn,Cloudy,Yard,,0,0,8168,10914,H607,39.129125,-94.525865,58.5,40.4,35.7
CBR,12152023,2023-12-15,3:00 AM,Derailment,0,SWISSHOME,OR,45,4,Dark,Rain,Main,Freight Train,10,45000,140000,185000,T222,44.049154,-123.762956,46.4,46.1,45.1
UP,0917FW006,2017-09-13,11:05 AM,Hwy-rail crossing,0,COAHOMA,TX,89,2,Day,Clear,Main,Freight Train,39,46708,33,46741,M302,32.298737,-101.289386,76.5,82.2,84.6
CSX,000191777,2020-08-04,4:45 AM,Other impacts,0,NEWBERRY,SC,80,1,Dawn,Cloudy,Industry,Cut of cars,3,10846,1423,20110,E08C,34.304057,-81.621423,76.9,75.6,77.4
CSX,000205346,2022-06-04,7:00 PM,Other impacts,0,HAMPTON,SC,75,3,Dusk,Clear,Main,Freight Train,10,250,0,128590,H302,32.869393,-81.107719,79.9,74.1,75.2
CSX,000173412,2017-12-13,10:55 AM,Side collision,0,CONNELLSVILLE,PA,23,2,Day,Cloudy,Yard,Yard/switching,10,5078,0,41627,H399,40.015496,-79.591663,28.1,18.6,25.5
NS,116184,2015-06-22,5:00 PM,Other (describe in narrative),0,CHATTANOOGA,TN,72,3,Dusk,Clear,Yard,Yard/switching,10,60000,0,60000,S016,35.10095,-85.233074,82.9,84.7,85.7
NS,129945,2018-06-24,4:33 PM,Derailment,0,SAXON,SC,98,3,Dusk,Clear,Yard,Freight Train,10,72849,1258,74107,H518,34.961175,-81.957445,75.9,78.8,76.7
NS,120560,2016-05-18,8:46 PM,Derailment,0,MONACA,PA,51,4,Dark,Cloudy,Yard,Freight Train,9,843,0,45414,M405,40.692371,-80.262047,55.6,54,55.7
IC,926399,2017-06-18,2:49 PM,Other impacts,0,MEMPHIS,TN,73,2,Day,Rain,Yard,Yard/switching,0,36000,25,36025,M105,35.073142,-90.072361,77.7,78,78.4
NS,124244,2017-03-08,3:15 PM,Derailment,0,NORTH CHARLESTON,SC,70,2,Day,Clear,Industry,Freight Train,4,3098,10100,22098,T221,32.867713,-79.999538,64.7,68,61.2
UP,0220PN008,2020-02-10,8:55 AM,Hwy-rail crossing,0,CASCADE LOCKS,OR,32,2,Day,Clear,Main,Freight Train,31,7749,48069,55818,M304,45.679355,-121.863165,40.4,42.9,40.4
UP,0322MA008,2022-03-10,5:43 AM,Derailment,0,MEMPHIS,TN,43,1,Dawn,Clear,Yard,Freight Train,6,42407,0,72028,H704,35.115377,-89.965245,46.3,50.7,41
CSX,000191677,2020-07-28,3:26 PM,Other impacts,0,NORTH CHARLESTON,SC,92,2,Day,Clear,Yard,Cut of cars,0,45617,97,55606,H993,32.85756,-79.989058,83.4,83.1,81.2
ATK,180614,2024-06-06,5:03 AM,Other (describe in narrative),0,MORRISVILLE,PA,0,1,Dawn,Clear,Main,Passenger Train - Pulling,119,416885,0,416885,M404,40.193211,-74.782081,72.2,76.3,75