reportingrailroadcode,accidentnumber,date,time,accidenttype,hazmatreleasedcars,station,stateabbr,temperature,visibility_code,visibility,weathercondition,tracktype,equipmenttype,trainspeed,equipmentdamagecost,trackdamagecost,totaldamagecost,primaryaccidentcausecode,latitude,longitude,prior_temp,actual_temp,following_temp
NS,123600,2017-01-17,1:15 AM,Derailment,0,BLAIRSVILLE,PA,36,4,Dark,Rain,Main,Yard/switching,10,3500,14781,18281,M599,40.429945,-79.250669,32.6,49.2,39.8
CSX,000207988,2022-10-25,11:10 AM,Derailment,0,COLUMBUS,OH,71,2,Day,Clear,Yard,Yard/switching,5,53617,1986,55603,H018,39.972311,-83.021134,61.1,65.5,55.1
TKEN,202102,2021-08-19,5:19 PM,Hwy-rail crossing,0,DYERSBURG,TN,92,2,Day,Clear,Main,Spec. MoW Equip.,0,59000,0,59000,M302,36.03335,-89.44135,74.5,78.1,77.4
LI,79199,2023-02-28,6:30 PM,Raking collision,0,LONG ISLAND CITY,NY,37,2,Day,Cloudy,Yard,,0,0,0,236047,M599,40.743259,-73.948871,37.9,35,39.4
ATK,166602,2021-02-20,2:15 AM,Derailment,0,ELIZABETHTOWN,PA,18,4,Dark,Clear,Siding,,0,0,11311,11311,M101,40.057577,-76.331146,31.1,27.6,27.9
CSX,000140788,2015-01-31,1:40 AM,Derailment,0,PHILADELPHIA,PA,10,4,Dark,Clear,Industry,Yard/switching,4,38722,2000,40722,T221,39.898261,-75.167681,33.8,21.5,31.8
UP,0221PN004,2021-02-06,12:26 PM,Other impacts,0,PORTLAND,OR,42,2,Day,Cloudy,Yard,Yard/switching,7,33734,4332,38066,H318,45.550053,-122.690056,48.2,44.3,44.6
NS,141537,2021-05-13,11:30 AM,Derailment,0,WEST FAIRVIEW,PA,72,2,Day,Clear,Yard,Yard/switching,5,24906,19402,44308,E30C,40.279807,-76.922451,55.1,57.3,61.1
UP,0420MA023,2020-04-24,7:27 AM,Derailment,0,SHREVEPORT,LA,58,2,Day,Clear,Main,Freight Train,1,107461,3296,121543,H524,32.5146,-93.744518,68.9,69.1,66.5
BNSF,KS0316201,2016-03-08,2:56 PM,Hwy-rail crossing,0,SLATON,TX,81,2,Day,Clear,Main,Freight Train,40,300,20000,20300,M302,33.453407,-101.657418,63.7,58.3,52.9
BNSF,GC0816112,2016-08-27,5:00 AM,Raking collision,0,THOMPSONS,TX,78,1,Dawn,Clear,Industry,Freight Train,2,70000,0,3301798,M501,29.476026,-95.639563,79.7,79.7,78.7
UP,0818PD041,2018-08-31,2:28 PM,Fire/violent rupture,0,ARLINGTON,OR,80,2,Day,Clear,Main,Freight Train,60,15191,0,15191,E74L,45.715806,-120.252355,69.8,67.8,66
BNSF,SW0217113,2017-02-26,12:45 AM,Derailment,0,CARLSBAD,NM,48,4,Dark,Clear,Industry,Freight Train,7,101856,27000,128856,T216,32.535032,-104.04013,45.8,52.8,56.4
CSX,000194667,2020-12-26,4:06 PM,Derailment,0,MURFREESBORO,TN,45,3,Dusk,Clear,Yard,Yard/switching,7,134547,8157,142704,H303,35.800594,-86.38926,21.2,31.7,45.8
UP,0916ST010,2016-09-07,7:07 PM,Hwy-rail crossing,0,VALENTINE,TX,85,2,Day,Cloudy,Main,Freight Train,69,20907,0,20907,M308,30.890841,-104.782234,73.9,76.1,77.2
BNSF,RD0417119,2017-04-21,10:40 PM,Derailment,0,FRISCO,TX,60,4,Dark,Rain,Industry,Freight Train,3,28000,46300,74300,E04C,33.146591,-96.830983,74.9,73.9,57
SEPA,SEPA072124,2024-07-21,7:30 PM,Derailment,0,PHILADELPHIA,PA,85,2,Day,Clear,Yard,EMU,5,26550,33359,59909,E46C,40.01827,-75.163041,76.9,78.8,77.3
TXPF,03112016,2016-03-11,12:20 PM,Obstruction,0,ALPINE,TX,51,2,Day,Clear,Yard,Spec. MoW Equip.,15,24079,0,24079,H997,30.566882,-103.487505,49.6,51.1,59.2
BNSF,TX1115201,2015-11-12,5:15 PM,Hwy-rail crossing,0,CROWLEY,TX,49,3,Dusk,Cloudy,Main,Freight Train,21,200,50000,50200,M302,32.552953,-97.364686,72.3,55.6,53.2
NS,129375,2018-05-06,8:41 AM,Derailment,0,WEST FAIRVIEW,PA,61,2,Day,Cloudy,Yard,Yard/switching,10,29515,2054,31569,H316,40.279807,-76.922451,66.6,58.3,62.1
NS,155933,2024-03-04,9:11 PM,Other impacts,0,WEST FAIRVIEW,PA,55,4,Dark,Clear,Yard,Light loco(s),10,25000,0,37039,H302,40.279833,-76.922472,51.2,56.4,50.3
CSX,000203564,2022-03-11,7:00 AM,Side collision,0,NASHVILLE,TN,40,1,Dawn,Clear,Yard,Yard/switching,10,18250,3000,75250,H305,36.112136,-86.770713,48.2,44.5,26.6
CRSH,133780,2019-05-01,3:00 AM,Raking collision,0,MARCUS HOOK,PA,55,4,Dark,Clear,Yard,Yard/switching,3,16065,0,29930,H318,39.827097,-75.393784,61.2,56.5,65
UP,0121GC038,2021-01-31,2:44 AM,Other (describe in narrative),0,LAKE CHARLES,LA,65,4,Dark,Cloudy,Yard,Freight Train,5,0,28264,28264,H303,30.229674,-93.149046,60.4,60.5,49.3
SEPA,SEPA051122,2022-05-11,8:00 AM,Other (describe in narrative),0,BRISTOL,PA,65,2,Day,Clear,Main,EMU,0,19863,0,19863,E64C,40.10481,-74.85506,60.7,61.5,64
CLNA,06031901,2019-06-03,2:50 PM,Derailment,0,NASHVILLE,NC,81,2,Day,Clear,Main,Freight Train,10,99022,31000,130022,T220,35.967936,-77.957631,75.2,74,69.8
TRRA,22029OR,2022-07-22,12:50 AM,Derailment,0,EAST ST LOUIS,IL,84,4,Dark,Clear,Main,,0,0,199551,199738,M204,38.613853,-90.180437,83.1,84.3,88.3
CSX,000194611,2020-12-17,7:15 AM,Other impacts,0,SELKIRK,NY,16,1,Dawn,Snow,Yard,Single Car,8,10761,0,17361,M101,42.565903,-73.854184,15.5,17.7,13.4
CSX,000199753,2021-08-28,1:20 AM,Derailment,0,VONORE,TN,80,4,Dark,Clear,Industry,Light loco(s),0,0,0,105483,H307,35.581271,-84.268054,79,80.1,79.4
CSX,000184859,2019-08-20,12:47 PM,Hwy-rail crossing,0,FAIRFIELD,PA,85,2,Day,Clear,Main,Freight Train,21,12700,1775,14475,M302,39.850043,-77.353091,80.5,81.5,80.1
NS,121300,2016-07-18,4:25 AM,Derailment,0,MOUNTAIN TOP,PA,65,1,Dawn,Clear,Yard,Freight Train,3,15000,0,15000,H306,41.166765,-75.864478,73.1,75.2,72.5
NS,144858,2022-04-01,4:00 AM,Raking collision,0,WORMLEYSBURG,PA,48,1,Dawn,Clear,Yard,Freight Train,5,26083,0,26083,H306,40.267672,-76.91251,56.6,50.6,45.4
WE,170127,2017-11-13,12:45 AM,Derailment,0,CLAIRTON,PA,30,4,Dark,Rain,Yard,Yard/switching,5,23763,4360,28123,H702,40.299783,-79.880895,38,39.7,39.8
BNSF,GC0716108,2016-07-13,4:57 PM,Derailment,0,SAN ANTONIO,TX,95,2,Day,Clear,Yard,Yard/switching,4,25524,1000,26524,H303,29.325202,-98.625846,86.3,88.3,87.2
NS,142825,2021-09-12,11:30 PM,Other impacts,0,CONWAY,PA,72,4,Dark,Clear,Yard,Single Car,5,35000,11538,57438,H312,40.672361,-80.251826,63.4,72.3,73.2
UP,0318SA006,2018-03-14,7:00 AM,Derailment,0,SAN ANTONIO,TX,50,4,Dark,Clear,Main,Freight Train,17,12501,12774,25275,E67C,29.435916,-98.50762,58.8,59.9,61.6
NS,130590,2018-08-15,8:30 AM,Other impacts,0,CALHOUN,TN,76,2,Day,Fog,Industry,Freight Train,6,16150,0,16150,H302,35.296594,-84.749089,75.1,75.4,77.9
NERR,11232017,2017-11-23,3:13 AM,Derailment,0,NASHVILLE,TN,31,4,Dark,Clear,Yard,,0,0,51716,51716,H503,0,0,39.5,38.4,45.6
NS,136739,2020-01-04,4:40 PM,Side collision,0,CHATTANOOGA,TN,41,3,Dusk,Rain,Yard,Yard/switching,3,13837,0,15753,H306,35.061525,-85.265992,54.2,49.6,43.2
BNSF,KS0316106,2016-03-21,1:15 AM,Side collision,0,AMARILLO,TX,38,4,Dark,Clear,Yard,Light loco(s),0,19853,0,24038,H607,35.191656,-101.831324,39.6,55.8,65.5
RJCP,RJCP1904,2019-03-26,3:45 PM,Derailment,0,COMMODORE,PA,50,2,Day,Clear,Main,Freight Train,9,22000,23700,45700,T221,40.723801,-78.423051,40.4,32.7,36.5
IC,967254,2018-07-24,10:15 PM,Side collision,0,SOUTH FULTON,TN,86,4,Dark,Clear,Yard,Cut of cars,6,102750,0,146099,H099,36.497472,-88.889327,73.5,75.5,76.8
NS,151478,2022-11-16,1:15 AM,Other impacts,0,CHATTANOOGA,TN,40,4,Dark,Clear,Yard,Single Car,0,19000,0,50551,H308,35.007198,-85.375514,45.9,44.1,37.9
PTRA,2016000014,2016-04-11,8:32 PM,Derailment,0,HOUSTON,TX,73,4,Dark,Clear,Yard,Freight Train,7,10199,25000,35199,H523,29.716624,-95.267183,70.6,74,73.9
PNWR,PNW055219D,2019-05-22,2:30 PM,Derailment,0,ALBANY,OR,68,2,Day,Clear,Yard,Yard/switching,6,12341,9070,21411,H301,44.64905,-123.066731,54.7,58.4,59
NS,153967,2023-08-19,8:30 AM,Other (describe in narrative),0,MEMPHIS,TN,74,2,Day,Clear,Yard,Freight Train,3,20000,150,20150,H702,35.115577,-89.97421,79.9,81.2,84.1
CSX,000178321,2018-08-22,8:35 PM,Other impacts,0,NORTH CHARLESTON,SC,80,4,Dark,Clear,Yard,Single Car,5,24452,0,27749,H318,32.842903,-79.956641,83.5,82.5,80.1
ATK,148808,2017-08-06,2:31 AM,Hwy-rail crossing,0,HARDEEVILLE,SC,70,4,Dark,Clear,Main,Passenger Train - Pulling,69,34330,0,34330,M301,32.293497,-81.077272,80.5,82.5,83.2
NS,125272,2017-05-31,1:50 PM,Raking collision,0,IRONDALE,AL,80,2,Day,Clear,Yard,Yard/switching,4,10750,0,10750,H316,33.548905,-86.67801,73.3,76,74.6
CSX,000210343,2023-03-15,3:25 PM,Hwy-rail crossing,0,STANTON,TN,53,2,Day,Clear,Main,Freight Train,46,21601,1628,23229,M303,35.435881,-89.470431,36.1,40.5,55
BNSF,SF1114113,2014-11-22,10:47 PM,Derailment,0,REPUBLIC,MO,54,4,Dark,Rain,Main,Freight Train,41,3587,73376,76963,E35C,37.18833,-93.406608,42.9,51.9,54.3
CSX,000219119,2024-07-07,1:55 PM,Derailment,0,MEMPHIS,TN,90,2,Day,Clear,Yard,Freight Train,6,21093,5097,37290,M503,35.16816,-89.962618,80,81.4,83.3
ATK,151818,2018-02-04,2:27 AM,Head on collision,0,WEST COLUMBIA,SC,39,4,Dark,Cloudy,Yard,Passenger Train - Pulling,52,16994885,0,17364967,H702,33.911285,-81.065321,37,44.8,47.2
CSX,000189525,2020-04-06,2:35 AM,Hwy-rail crossing,0,WAVERLY,TN,51,4,Dark,Clear,Main,Freight Train,48,600,10911,11511,M308,36.086387,-87.788731,59.8,65.7,69.1
UP,0216LK016,2016-02-18,6:51 PM,Derailment,0,GILMER,TX,69,3,Dusk,Clear,Main,Freight Train,30,35171,303679,338850,E51L,32.676424,-94.994302,52.4,60.9,66.5
BNSF,TC1218111,2018-12-13,5:40 AM,Derailment,0,DILWORTH,MN,25,1,Dawn,Fog,Yard,Yard/switching,4,40000,10000,50000,H607,46.87448,-96.678959,26.7,28.5,28
CSX,000208896,2022-12-20,2:20 AM,Derailment,0,NASHVILLE,TN,35,4,Dark,Clear,Yard,Yard/switching,5,8609,1998,10607,E21C,36.112136,-86.770713,33.4,41,40.6
BNSF,KS1217107,2017-12-31,11:15 PM,Other (describe in narrative),0,KANSAS CITY,KS,-2,4,Dark,Clear,Yard,Freight Train,5,31510,2200,33710,H704,39.088149,-94.698684,12.8,6.1,1.3
NS,140709,2021-02-22,6:30 PM,Derailment,0,NEWPORT,PA,30,3,Dusk,Clear,Main,Freight Train,55,1167855,837721,2005576,E61C,40.498715,-77.135367,27.4,32.3,39.9
NS,120883,2016-06-15,1:01 PM,Derailment,0,FOUNTAIN HILL,PA,83,2,Day,Clear,Yard,Yard/switching,0,12893,15258,28151,H702,40.61193,-75.426706,67.6,69.5,67.7
IC,977006,2018-10-26,2:15 AM,Derailment,0,MEMPHIS,TN,48,4,Dark,Clear,Yard,,0,0,107552,127382,H702,35.1495,-90.049,54.7,54.5,56.2
ATK,169666,2022-02-02,9:15 AM,Hwy-rail crossing,0,SIDON,MS,56,2,Day,Rain,Main,Passenger Train - Pulling,80,41000,0,41000,M302,33.390616,-90.214846,59,57.7,38.5
NS,154850,2023-11-21,6:05 PM,Hwy-rail crossing,0,HOMESTEAD,PA,44,3,Dusk,Clear,Main,Freight Train,36,44038,0,44038,M302,40.408051,-79.911945,39.7,43.1,43.3
UP,1115FW012,2015-11-12,3:45 PM,Hwy-rail crossing,0,MIDLAND,TX,60,2,Day,Clear,Main,Freight Train,62,11141,1565,12706,M304,31.94458,-102.17292,62,53.6,57.8
CSX,000216484,2024-01-24,3:00 AM,Other impacts,0,NASHVILLE,TN,37,4,Dark,Clear,Yard,Cut of cars,0,47105,0,47105,M204,36.112136,-86.770713,49.7,58,59.3
CSX,000211254,2023-05-08,11:15 PM,Other impacts,0,NASHVILLE,TN,60,4,Dark,Clear,Yard,Single Car,2,15631,0,15680,E69C,36.112157,-86.770728,71,69.8,73.7
UP,0923PN018,2023-09-16,7:40 AM,Other impacts,0,PORTLAND,OR,62,2,Day,Clear,Yard,Yard/switching,6,6289,99,11765,H307,45.555493,-122.69423,73.9,69.8,64
NS,137847,2020-04-30,11:19 AM,Other impacts,0,WEST FAIRVIEW,PA,61,2,Day,Rain,Yard,Single Car,10,4000,0,13516,M407,40.279807,-76.922451,57.8,59.9,58.8
NS,152781,2023-04-10,4:45 PM,Hwy-rail crossing,0,MACUNGIE,PA,65,3,Dusk,Clear,Main,Freight Train,52,17109,5064,22173,M303,40.516907,-75.557961,45.9,50.1,58.1
UP,1122PN019,2022-11-17,9:07 PM,Derailment,0,EUGENE,OR,34,4,Dark,Clear,Yard,,0,0,132,60560,H607,44.065779,-123.125857,35.7,33.8,35
KCS,22062703,2022-06-27,12:01 PM,Hwy-rail crossing,0,SALLISAW,OK,85,2,Day,Clear,Main,Freight Train,40,78501,0,78501,M302,35.44236,-94.76109,80.7,76.6,71.9
UP,1216NP005,2016-12-09,9:03 PM,Derailment,0,NORTH PLATTE,NE,12,4,Dark,Cloudy,Yard,Yard/switching,8,28967,2000,30967,M405,41.143596,-100.791986,8.3,14.4,23.6
UP,0421PN017,2021-04-15,12:12 AM,Derailment,0,UNION,OR,50,4,Dark,Cloudy,Main,Cut of cars,0,1170,0,3427992,H508,45.081715,-117.821995,44.9,48.6,51.8
CSX,000184770,2019-08-15,11:05 PM,Derailment,0,KINGSPORT,TN,72,4,Dark,Clear,Siding,Freight Train,6,18960,2752,21712,H704,36.552087,-82.582514,75.8,75.4,74.3
RCPE,826918D,2018-10-23,11:15 AM,Derailment,0,NEW UNDERWOOD,SD,50,2,Day,Clear,Main,Freight Train,38,2500,10950,13450,E53C,44.046978,-102.661251,46.9,47.9,55.9
UP,0517FW027,2017-05-25,1:30 PM,Other impacts,0,FORT WORTH,TX,91,2,Day,Clear,Yard,Cut of cars,1,13528,0,27650,S007,32.725359,-97.370789,69.1,78.6,84.7
UP,0921GL007,2021-09-07,12:01 PM,Hwy-rail crossing,0,FREMONT,NE,79,2,Day,Clear,Main,Freight Train,22,19459,427505,446964,M302,41.440401,-96.367415,76,73.8,67.2
CSX,000171965,2017-08-01,12:01 AM,Other (describe in narrative),0,SELKIRK,NY,76,4,Dark,Clear,Yard,Single Car,8,26000,0,26000,M407,42.565903,-73.854184,70.5,73.5,71
NS,132521,2019-01-21,5:09 AM,Other impacts,0,COLUMBIA,SC,40,1,Dawn,Clear,Yard,Freight Train,10,53717,2919,56636,H306,33.972536,-81.001444,49.2,34.4,37.1
CSS,CSS0305171,2017-03-05,3:40 PM,Side collision,0,MICHIGAN CITY,IN,60,2,Day,Clear,Industry,Single Car,0,125000,0,153000,H307,41.71109,-86.861934,30.3,44.8,53.9
CORP,COR725318D,2018-07-12,2:03 PM,Derailment,0,WINSTON,OR,92,2,Day,Clear,Main,Freight Train,11,10000,35000,45000,M599,43.120684,-123.383869,73.1,80.4,78.7
UP,1217HO019,2017-12-23,5:35 AM,Derailment,0,ROBSTOWN,TX,45,1,Dawn,Clear,Siding,,0,0,13090,13090,H702,27.782356,-97.666447,72.8,52.9,55.4
NS,154779,2023-11-14,8:45 PM,Other (describe in narrative),0,GREENVILLE,SC,58,4,Dark,Clear,Yard,Work train,9,5400,36107,41507,H702,34.85897,-82.413874,53.3,56.6,54.4
RBMN,L06172401,2024-06-17,7:00 PM,Derailment,0,PITTSTON,PA,96,3,Dusk,Clear,Yard,Freight Train,4,7810,35577,43387,H306,41.351859,-75.797582,66.7,76.8,81.6
NS,120150,2016-04-15,8:30 AM,Derailment,0,CONWAY,PA,59,2,Day,Clear,Yard,Yard/switching,8,32738,1672,34410,H306,40.672361,-80.251826,51.1,56.8,59.6
NS,139462,2020-10-19,3:30 AM,Derailment,0,ONEIDA,TN,52,4,Dark,Clear,Main,Freight Train,26,750,40581,41331,E61C,36.497214,-84.516765,52.3,63.1,64.4
NS,124654,2017-04-09,8:14 AM,Other impacts,0,CONWAY,PA,65,2,Day,Clear,Yard,Cut of cars,4,13933,0,13933,E99C,40.672356,-80.251823,43.1,54,67.8
NS,155613,2024-01-30,2:10 AM,Other (describe in narrative),0,WEST FAIRVIEW,PA,35,4,Dark,Clear,Yard,Work train,5,37150,4000,41150,H702,40.279833,-76.922472,41.4,37.7,37.8
NS,138947,2020-08-23,10:50 PM,Derailment,0,LIMESTONE,TN,70,4,Dark,Cloudy,Main,Freight Train,28,285229,193249,478478,E21C,36.245806,-82.562609,73.7,73.5,74.9
NS,152507,2023-03-10,12:15 PM,Other (describe in narrative),0,LOCKBOURNE,OH,37,2,Day,Cloudy,Siding,Yard/switching,5,3744,31937,35681,H702,39.807205,-82.962097,39.4,38.5,34.5
CSX,000192478,2020-09-07,7:26 AM,Derailment,0,NORTH CHARLESTON,SC,75,1,Dawn,Clear,Main,Freight Train,1,17227,97,17324,H514,32.871941,-79.994298,78.5,77.5,75.9
BNSF,KS0616200,2016-06-08,1:20 PM,Hwy-rail crossing,0,PANHANDLE,TX,85,2,Day,Clear,Main,Freight Train,32,11592,87164,98756,M302,35.325247,-101.417128,74.7,77.7,78.8
BNSF,TC0218116,2018-02-24,3:00 AM,Other impacts,0,MCLEAN,NE,17,4,Dark,Fog,Industry,Cut of cars,8,33498,0,33498,H018,42.371707,-97.425513,18.6,21.2,27.2
UP,0124HL002,2024-01-07,11:49 AM,Derailment,0,TOPEKA,KS,34,2,Day,Clear,Yard,Yard/switching,6,87047,58380,145427,H503,39.074812,-95.690372,33.4,33.9,35.6
UP,0122PN026,2022-01-18,5:35 PM,Derailment,0,PENDLETON,OR,33,2,Day,Rain,Main,Freight Train,15,7115,52346,59461,E67C,45.479845,-118.303178,31.3,41.2,36.7
CSX,000163900,2016-10-28,8:22 AM,Head on collision,0,CHESTER,PA,50,2,Day,Clear,Main,Freight Train,25,32319,2275,128163,H221,39.847014,-75.394248,51.5,51.9,54
ATK,138884,2015-08-22,6:03 AM,Other (describe in narrative),0,CHESTER,PA,75,1,Dawn,Clear,Main,,0,0,14235,25362,E78L,39.842072,-75.375609,79.9,76.3,75.5
PTRA,2015000034,2015-09-01,1:00 PM,Raking collision,0,HOUSTON,TX,79,2,Day,Rain,Yard,Cut of cars,4,13000,0,13000,E08C,29.713297,-95.256898,80.3,76.3,79.8
UP,1117FW039,2017-11-16,9:58 PM,Other (describe in narrative),0,FORT WORTH,TX,60,2,Day,Clear,Yard,Freight Train,0,78695,33,78728,M507,32.719347,-97.385975,70.8,67.4,75.5
LC,20190723D,2019-07-23,11:00 AM,Derailment,0,RICHBURG,SC,88,2,Day,Clear,Main,Freight Train,8,156033,5100,161133,E25C,34.684415,-80.950896,80.7,73.5,72.1
NS,139161,2020-09-15,6:57 AM,Other impacts,0,CONWAY,PA,66,1,Dawn,Clear,Yard,Single Car,0,31905,0,32205,M411,40.672356,-80.251823,62.9,55.2,59.3
NS,135743,2019-10-07,12:30 PM,Hwy-rail crossing,0,SUMMERVILLE,SC,76,2,Day,Cloudy,Main,Freight Train,48,3148,14000,17148,M308,33.040782,-80.213091,71.5,70.6,74.1
UP,1116SA007,2016-11-11,1:00 PM,Derailment,0,SAN ANTONIO,TX,75,2,Day,Clear,Yard,Yard/switching,4,10000,10000,20000,H307,29.321176,-98.645781,64,64.1,66.9
NS,113644,2014-12-26,10:00 AM,Derailment,0,PROSPERITY,SC,55,2,Day,Clear,Siding,,0,0,107685,112353,H307,34.217679,-81.497163,48,44,46.8
RCPE,RCP147516D,2016-11-28,10:00 AM,Derailment,0,DE SMET,SD,36,2,Day,Snow,Main,Freight Train,3,27500,1000,28500,H503,44.389099,-97.558122,34.2,34.2,30.9
BNSF,KS0616108,2016-06-28,8:21 AM,Head on collision,0,PANHANDLE,TX,70,1,Dawn,Clear,Main,Freight Train,33,8036734,1393841,15828190,H220,35.360988,-101.334873,79.3,80.8,77.9
TXN,160522001,2016-05-22,1:35 AM,Derailment,0,MONAHANS,TX,68,4,Dark,Clear,Industry,Yard/switching,4,126402,2000,128402,H702,31.638864,-102.984739,78.1,82.3,83
NS,126934,2017-10-08,9:15 PM,Derailment,0,CHATTANOOGA,TN,70,4,Dark,Rain,Yard,Yard/switching,8,1226,0,28983,H305,35.060736,-85.266798,73.8,73.6,78
UP,1023PN028,2023-10-18,8:26 PM,Other impacts,0,STANFIELD,OR,68,4,Dark,Clear,Yard,Yard/switching,2,42459,0,58078,E30C,45.796421,-119.26537,60,55.4,58.7
NJTR,201612593,2016-11-10,9:30 PM,Other (describe in narrative),0,KEARNY,NJ,52,2,Day,Clear,Yard,Yard/switching,5,12390,0,12390,H999,40.743925,-74.109876,53.6,49.4,51.4
CSX,000151771,2015-09-04,11:15 PM,Derailment,0,NASHVILLE,TN,75,4,Dark,Clear,Yard,Yard/switching,4,243968,22100,266068,E30C,36.09217,-86.760617,83.1,82.9,80.9
SEPA,23959,2017-06-11,3:00 AM,Other (describe in narrative),0,PHILADELPHIA,PA,72,4,Dark,Clear,Main,Passenger Train - Pulling,40,0,0,58582,E75L,40.035837,-75.020225,76.1,79.9,82.6
MQT,MQT984216S,2016-05-29,1:35 PM,Other impacts,0,BALDWIN,MI,75,2,Day,Clear,Yard,Yard/switching,4,28000,0,28000,H302,43.897165,-85.879664,71.6,67.5,66.7
UP,1020HL003,2020-10-03,11:38 AM,Other impacts,0,KANSAS CITY,MO,60,2,Day,Clear,Yard,Yard/switching,4,25949,1338,28183,E34C,39.122684,-94.533422,53,56.5,51.2
BPRR,BPR767724A,2024-04-12,4:20 AM,Other (describe in narrative),0,BUTLER,PA,54,4,Dark,Rain,Yard,Cut of cars,0,66712,0,66712,M103,40.87845,-79.87751,59.9,49.2,48.3
CSX,000141666,2015-02-17,9:20 PM,Derailment,0,NORTH CHARLESTON,SC,36,4,Dark,Clear,Yard,Yard/switching,2,1920,0,27943,H306,32.82851,-79.980185,41.1,46.6,41.5
CSX,000175788,2018-04-13,6:10 AM,Derailment,0,SELKIRK,NY,47,1,Dawn,Cloudy,Yard,Freight Train,10,6800,7000,13800,E46L,42.565903,-73.854184,43.9,51.8,42.9
CSX,000174907,2018-02-26,11:16 PM,Hwy-rail crossing,0,FLORENCE,SC,47,4,Dark,Clear,Main,,0,0,0,16714,M308,34.202414,-79.704567,68.4,61.6,52.5
BLE,1142934,2023-12-27,9:30 PM,Derailment,0,BUTLER,PA,45,4,Dark,Cloudy,Yard,Cut of cars,0,414,120000,740376,H704,40.891408,-79.878019,50.6,50,45.1
BNSF,TC0219206,2019-02-25,6:00 AM,Hwy-rail crossing,0,MILBANK,SD,-5,1,Dawn,Snow,Main,Freight Train,0,304114,0,1846661,M302,45.224439,-96.624436,5.5,-4.5,1
NS,152416,2023-02-23,10:30 PM,Other impacts,0,PORTSMOUTH,OH,32,4,Dark,Cloudy,Yard,Yard/switching,7,102264,409,102673,H318,38.736784,-82.971003,59.3,66,40.3
BNSF,RD0718137,2018-07-29,12:15 AM,Derailment,0,SILSBEE,TX,75,4,Dark,Clear,Yard,Freight Train,8,2159,23505,25664,H307,30.358821,-94.200606,83.6,83,83.5
BNSF,RD0418110,2018-04-10,9:01 PM,Other impacts,0,HOUSTON,TX,70,4,Dark,Clear,Yard,Yard/switching,6,88000,0,131894,H607,29.68332,-95.039598,58.7,66.7,67.8
CSX,000181536,2019-02-24,8:30 AM,Derailment,0,FLORENCE,SC,60,2,Day,Clear,Yard,Yard/switching,4,17218,97,17315,E31C,34.198275,-79.762502,45.7,58.8,52.2
NS,132323,2019-01-07,1:30 AM,Derailment,0,DETROIT,MI,33,4,Dark,Cloudy,Yard,Cut of cars,9,13675,20313,33988,E49C,42.28279,-83.154903,36.7,38.1,45.1
NS,133603,2019-04-17,5:50 PM,Derailment,0,SOUTHMONT,NC,78,3,Dusk,Clear,Yard,Yard/switching,4,13200,0,13200,M408,35.739919,-80.331678,55.6,65.9,69.8
URR,6109,2016-06-26,6:00 PM,Derailment,0,DUQUESNE,PA,80,2,Day,Clear,Main,Freight Train,17,2800,27500,30300,M405,40.368291,-79.875758,74.8,76.7,77.2
NS,136739,2020-01-04,4:40 PM,Side collision,0,CHATTANOOGA,TN,41,3,Dusk,Rain,Yard,Yard/switching,3,450,1466,15753,H306,35.061525,-85.265992,54.2,49.6,43.2
LI,EQ20150401,2015-04-01,11:09 PM,Derailment,0,JAMAICA,NY,33,4,Dark,Clear,Yard,Light loco(s),5,10901,500,11401,M507,40.697067,-73.822562,41.9,42.4,48.5
PNWR,PNW726918D,2018-07-17,4:05 PM,Derailment,0,ALBANY,OR,89,2,Day,Clear,Main,Freight Train,24,118258,59298,177556,T215,44.790656,-123.091099,76.9,69.9,70.6
CSX,000165759,2017-01-09,3:00 AM,Obstruction,0,ERIE,PA,15,4,Dark,Snow,Main,Freight Train,49,1772,16646,18418,M402,42.132259,-80.048984,16.7,18.5,36.3
NS,152466,2023-03-04,5:15 PM,Derailment,0,SPRINGFIELD,OH,52,3,Dusk,Clear,Main,Freight Train,36,2081879,320219,2402098,H504,39.904422,-83.73113,41.2,42.1,43.4
NS,134832,2019-07-23,6:30 PM,Derailment,0,WAYNESBURG,PA,80,3,Dusk,Clear,Main,Freight Train,0,686,17549,18235,H019,39.754991,-80.311355,70.7,68.2,65.5
UP,1020MA016,2020-10-09,11:21 PM,Derailment,0,MEMPHIS,TN,66,4,Dark,Rain,Main,Freight Train,1,10800,0,103422,E48C,35.127008,-90.063511,67.8,68.3,69.6
IC,868247,2015-10-14,3:20 AM,Derailment,0,SOUTH FULTON,TN,48,4,Dark,Clear,Main,Freight Train,11,4829,36610,41439,E67C,36.484348,-88.900217,60.8,59.3,63.8
CSX,000170707,2017-08-05,1:03 AM,Other impacts,0,LUGOFF,SC,75,4,Dark,Cloudy,Main,Freight Train,38,284998,71990,356988,M501,34.209019,-80.692696,78.5,80.9,78.4