reportingrailroadcode,accidentnumber,date,time,accidenttype,hazmatreleasedcars,station,stateabbr,temperature,visibility_code,visibility,weathercondition,tracktype,equipmenttype,trainspeed,equipmentdamagecost,trackdamagecost,totaldamagecost,primaryaccidentcausecode,latitude,longitude,prior_temp,actual_temp,following_temp
UP,0217FW047,2017-02-16,2:35 PM,Other impacts,0,FORT WORTH,TX,68,2,Day,Clear,Yard,Yard/switching,4,13144,18556,41001,M407,32.728093,-97.366263,48.7,52.7,59.5
CSX,000178321,2018-08-22,8:35 PM,Other impacts,0,NORTH CHARLESTON,SC,80,4,Dark,Clear,Yard,Single Car,5,3200,97,27749,H318,32.842903,-79.956641,83.5,82.5,80.1
IC,906083,2016-11-10,2:15 PM,Derailment,0,MEMPHIS,TN,65,2,Day,Clear,Yard,Yard/switching,4,3117,22996,26113,M408,35.072375,-90.079603,58.5,51.9,56.1
NS,114013,2015-01-22,2:00 PM,Raking collision,0,BLAIRSVILLE,PA,30,2,Day,Cloudy,Siding,Freight Train,0,38939,0,38939,M507,40.428804,-79.25158,30.9,29.3,28.6
KCS,16111901,2016-11-19,8:25 PM,Derailment,0,LAREDO,TX,53,4,Dark,Clear,Yard,Freight Train,7,4683,7800,12483,M405,27.499118,-99.395075,74,59.3,56.2
ATK,137404,2015-05-12,9:20 PM,Derailment,0,PHILADELPHIA,PA,70,4,Dark,Clear,Main,Passenger Train - Pulling,106,27140000,3630962,31538754,H999,39.957106,-75.184915,74.7,77.1,64.6
UP,0516FW002,2016-05-02,9:41 AM,Derailment,0,WESTBROOK,TX,50,2,Day,Clear,Main,Freight Train,45,44843,239781,284624,E53C,32.356564,-101.002296,54.7,55.3,59.4
NS,144812,2022-01-02,5:15 AM,Other impacts,0,WEST FAIRVIEW,PA,72,1,Dawn,Clear,Yard,Single Car,0,72990,0,91737,E31C,40.279807,-76.922451,52.2,51.7,31.3
NS,140282,2021-01-17,12:05 AM,Side collision,0,CONWAY,PA,30,4,Dark,Snow,Yard,Yard/switching,1,10148,0,59532,E30C,40.672361,-80.251826,29.1,32.3,30
MRL,2016116,2016-09-08,8:30 PM,Other impacts,0,BILLINGS,MT,72,4,Dark,Clear,Yard,Yard/switching,4,44000,0,44000,H018,45.773171,-108.520378,62.4,62.5,57.1
NS,141571,2021-05-16,4:45 AM,Derailment,0,ALLENTOWN,PA,60,1,Dawn,Clear,Yard,Yard/switching,5,15562,4132,19694,H504,40.611934,-75.426704,60.3,60.4,61.6
UP,0121GL016,2021-01-20,3:15 PM,Hwy-rail crossing,0,LU VERNE,IA,37,2,Day,Cloudy,Main,Freight Train,25,33470,1155,34625,M302,42.980298,-94.159103,21.8,25,29.9
CSX,000203170,2022-02-17,11:25 PM,Other impacts,0,MOBILE,AL,63,4,Dark,Rain,Yard,Cut of cars,2,3938,0,12902,H318,30.711363,-88.046535,59.5,66.9,52.9
NS,151564,2022-11-27,2:30 AM,Side collision,0,IRONDALE,AL,55,4,Dark,Clear,Yard,Cut of cars,3,0,0,0,M408,33.548905,-86.678009,57.3,60.2,50.7
KCS,19041101,2019-04-11,8:48 AM,Obstruction,0,DE QUINCY,LA,75,2,Day,Clear,Main,Freight Train,33,25859,0,25859,M402,30.45344,-93.434271,33.3,36.1,36.5
CSX,000196349,2021-03-16,12:03 AM,Derailment,0,HOMEWOOD,AL,65,4,Dark,Rain,Main,Freight Train,21,144291,0,180449,E27C,33.439868,-86.846785,67,65.9,64.1
CSX,000196845,2021-04-08,12:55 AM,Derailment,0,BIRMINGHAM,AL,39,4,Dark,Clear,Industry,Yard/switching,4,149655,1352,151790,M405,33.543664,-86.809414,71.2,72.3,65.6
NS,126290,2017-08-18,10:45 PM,Derailment,0,NEW HAVEN,IN,75,4,Dark,Clear,Main,Freight Train,25,264942,337833,602775,E65C,41.073407,-85.024884,76.7,72.1,71
IC,1094348,2022-02-09,4:00 AM,Side collision,0,CHAMPAIGN,IL,33,4,Dark,Clear,Yard,Yard/switching,1,18500,0,18500,H302,40.167373,-88.219258,27.1,35.3,30.5
BNSF,CH0115113,2015-01-17,6:50 AM,Other (describe in narrative),0,GALESBURG,IL,35,1,Dawn,Clear,Main,Yard/switching,10,250,19081,19331,H503,40.94035,-90.36828,27.6,38.1,35.5
BNSF,CH0317121,2017-03-26,1:00 PM,Derailment,0,CHICAGO,IL,60,2,Day,Cloudy,Yard,,0,0,750,10750,H704,41.860583,-87.64081,43.4,53.7,47.6
NS,131044,2018-09-22,7:30 PM,Derailment,0,IRONDALE,AL,78,3,Dusk,Clear,Yard,Freight Train,10,9064,9355,18419,M405,33.548905,-86.67801,83.1,83.7,80.5
CSX,000207391,2022-09-21,4:37 AM,Hwy-rail crossing,0,TERRE HAUTE,IN,75,4,Dark,Clear,Main,Freight Train,50,10494,0,12079,M303,39.554745,-87.276291,75.4,80.4,64.4
BNSF,KS1221118,2021-12-30,4:54 PM,Derailment,0,KANSAS CITY,KS,50,2,Day,Clear,Yard,Yard/switching,4,4579,14774,19353,M409,39.074784,-94.651594,28.1,35.3,41
UP,1217LV038,2017-12-30,12:05 PM,Other (describe in narrative),0,LIVONIA,LA,40,2,Day,Cloudy,Yard,Single Car,3,26651,0,26651,M411,30.520988,-91.551673,43.3,52.2,39.6
UP,0321HL020,2021-03-29,10:57 AM,Derailment,0,WICHITA,KS,58,2,Day,Clear,Main,Freight Train,8,15393,0,15393,E40C,37.715088,-97.330764,49.9,62.1,53.6
CSX,000212776,2023-08-07,8:03 AM,Derailment,0,COVINGTON,KY,80,2,Day,Clear,Main,Freight Train,5,5530,6278,11808,M204,39.051123,-84.499251,79.1,73.9,73
UP,0119GL010,2019-01-10,1:02 PM,Other impacts,0,AMES,IA,29,2,Day,Clear,Main,Work train,5,500,50,114560,E89C,42.02908,-93.570426,20.2,22.6,29
UP,0418UT019,2018-04-22,11:55 PM,Derailment,0,POCATELLO,ID,50,4,Dark,Rain,Yard,Yard/switching,6,7201,5049,12250,H702,42.858162,-112.443316,56.9,57.6,46.6
CSX,000187283,2019-12-21,2:00 AM,Other impacts,0,BIRMINGHAM,AL,53,4,Dark,Clear,Yard,Yard/switching,10,14622,66248,382258,E34C,33.543607,-86.790089,45.6,49.3,46.6
UP,1018LV031,2018-10-28,1:00 PM,Other impacts,0,SULPHUR,LA,78,2,Day,Clear,Yard,Single Car,4,14914,0,20474,H318,30.229728,-93.296376,64.1,70.1,70.6
CSX,000211245,2023-05-09,12:15 AM,Derailment,0,BIRMINGHAM,AL,69,4,Dark,Cloudy,Main,Freight Train,10,7528,5060,12588,E67C,33.484195,-86.828196,76.1,77,75.2
IAIS,2022053,2022-12-06,12:00 PM,Hwy-rail crossing,0,SPARLAND,IL,44,2,Day,Cloudy,Main,Light loco(s),24,0,0,0,M308,41.027486,-89.438365,35.1,38.3,38.8
UP,0519GL001,2019-05-01,8:30 PM,Other impacts,0,MELROSE PARK,IL,55,4,Dark,Rain,Yard,Cut of cars,2,3442,0,47388,H020,41.899572,-87.90765,43.7,51.2,43.9
CSX,000185981,2019-10-14,9:30 PM,Derailment,0,RUSSELL,KY,52,4,Dark,Clear,Yard,Yard/switching,4,34218,100,34318,E27C,38.531874,-82.697192,48.4,52.6,55.9
UP,1217PR019,2017-12-20,4:00 PM,Other (describe in narrative),0,MELROSE PARK,IL,30,2,Day,Clear,Yard,Single Car,5,15229,0,15229,M411,41.89873,-87.908322,43,32.2,36.9
KCS,17060301,2017-06-03,11:16 PM,Derailment,0,LEESVILLE,LA,75,4,Dark,Clear,Main,Freight Train,7,31107,28073,59180,H513,31.120258,-93.268504,78.1,77.7,70.4
UP,1215KC009,2015-12-12,4:25 AM,Derailment,0,HAVILAND,KS,30,4,Dark,Clear,Industry,Freight Train,3,56463,32190,88653,T221,37.61523,-99.106106,50.4,37,34.2
ATK,154583,2018-08-02,11:50 PM,Derailment,0,WASHINGTON,DC,86,4,Dark,Clear,Main,Passenger Train - Pulling,12,30364,8000,38364,M405,38.8973,-77.0063,80.9,77.8,77.2
UP,1021GC023,2021-10-09,5:24 PM,Other impacts,0,MARINGOUIN,LA,85,2,Day,Clear,Yard,Cut of cars,6,39928,0,39983,M411,30.526183,-91.554982,72.7,73,74.3
BNSF,CH0322113,2022-03-18,11:53 AM,Other impacts,0,EOLA,IL,55,2,Day,Cloudy,Yard,Freight Train,1,1890,0,31224,H307,41.769988,-88.274472,53.4,43.3,39.2
CP,1001255115,2020-06-10,7:09 PM,Side collision,0,MASON CITY,IA,70,3,Dusk,Clear,Main,Freight Train,14,17155,42,22881,H018,43.139065,-93.168677,71.8,64,68.2
CSX,000201531,2021-11-27,12:55 PM,Other impacts,0,INDIANAPOLIS,IN,36,2,Day,Clear,Yard,Single Car,3,2544,1154,11130,S007,39.759791,-86.327526,28.2,37.6,34.8
NS,142919,2021-09-22,10:30 PM,Derailment,0,BIRMINGHAM,AL,72,4,Dark,Clear,Main,,0,0,45000,166462,H519,33.508499,-86.814531,78.4,69.2,61.9
UP,0319MA043,2019-03-28,6:03 PM,Derailment,0,EAST ST LOUIS,IL,61,3,Dusk,Cloudy,Yard,Freight Train,2,13612,0,15747,H526,38.589612,-90.138829,48.5,58.4,58.4
BNSF,RD1222106,2022-12-08,10:45 PM,Derailment,0,LAFAYETTE,LA,50,4,Dark,Clear,Yard,Yard/switching,8,7550,47754,55304,H702,30.234481,-92.04732,73.2,72.6,72.4
NS,121778,2016-08-22,3:30 AM,Raking collision,0,IRONDALE,AL,77,4,Dark,Clear,Yard,Yard/switching,1,11062,0,19364,H316,33.548905,-86.67801,78.5,78.1,80.8
ABS,210129004,2021-01-29,8:15 PM,Derailment,0,TUSCALOOSA,AL,35,4,Dark,Clear,Industry,Yard/switching,4,12200,10300,22500,H510,33.202585,-87.603737,42,40.8,52.6
IC,994929,2019-04-17,12:55 AM,Side collision,0,GEISMAR,LA,64,4,Dark,Clear,Yard,Yard/switching,4,8500,150,12845,H702,30.179774,-90.978523,65.3,70.7,70.1
MMID,MMI428523D,2023-05-25,10:45 AM,Derailment,0,FINKSBURG,MD,68,2,Day,Clear,Main,Freight Train,17,48975,0,48975,M204,39.541189,-76.896704,67.1,61.7,62.8
IANR,WLD0213191,2019-02-13,12:01 AM,Other impacts,0,WATERLOO,IA,8,4,Dark,Snow,Yard,Light loco(s),0,19701,0,35662,H525,42.465371,-92.314843,22.4,11.7,24.3
TRRA,24023OR,2024-07-20,6:35 AM,Derailment,0,EAST ST LOUIS,IL,65,2,Day,Clear,Main,,0,0,5657,21667,H518,38.595555,-90.156111,72,72.9,75
UP,0520MA027,2020-05-22,6:00 AM,Obstruction,0,SHREVEPORT,LA,73,1,Dawn,Cloudy,Industry,Yard/switching,6,12742,0,12742,E7AL,32.43351,-93.921634,78,81.9,75.8
UP,0919PR001,2019-09-01,9:00 AM,Other impacts,0,MELROSE PARK,IL,65,2,Day,Cloudy,Yard,Single Car,10,0,0,23993,H318,41.895415,-87.888963,67.5,67,72.1
SKOL,180426004,2018-04-26,4:00 PM,Derailment,0,COLUMBUS,KS,72,2,Day,Clear,Yard,Work train,4,15000,8100,23100,H704,37.177676,-94.949383,54.6,54.5,59.3
BNSF,GC0515201,2015-05-29,9:40 PM,Hwy-rail crossing,0,KEITHVILLE,LA,77,4,Dark,Cloudy,Main,Freight Train,50,500,0,21500,M302,32.233715,-93.88848,77.4,77.9,75.1
SKOL,221219001,2022-12-19,8:00 AM,Derailment,0,CHEROKEE,KS,42,2,Day,Clear,Siding,Freight Train,6,13207,6100,19307,H504,37.351667,-94.795939,31.3,39.3,32
CSX,000209496,2023-01-26,12:56 AM,Derailment,0,MONTGOMERY,AL,39,4,Dark,Clear,Yard,Yard/switching,0,500,1459,64437,H703,32.376258,-86.326212,54.2,42.3,40
NIRC,9419000359,2021-07-17,7:15 AM,Other impacts,0,CHICAGO,IL,78,1,Dawn,Clear,Main,Spec. MoW Equip.,15,150000,0,150000,H997,41.67504,-87.61829,69.7,72,74.3
NS,143547,2021-11-23,7:15 AM,Hwy-rail crossing,0,CENTREVILLE,AL,32,1,Dawn,Cloudy,Main,Freight Train,10,43202,0,43202,M302,32.872693,-86.898171,54.8,43.5,47.5
IHB,2181,2016-02-08,12:10 AM,Rear end collision,0,HAMMOND,IN,32,4,Dark,Clear,Yard,Light loco(s),0,0,0,25890,H607,41.60563,-87.477071,38.7,29,18.8
BRC,13603,2015-07-20,11:15 AM,Other impacts,0,BEDFORD PARK,IL,80,2,Day,Clear,Yard,Yard/switching,7,16039,0,16039,S016,41.762006,-87.735417,81.3,77.6,76.3
IR,192408,2019-02-23,10:30 PM,Derailment,0,OREGON,IL,38,4,Dark,Rain,Main,Cut of cars,15,927000,13638,940638,M502,42.003519,-89.365955,26.8,34,25.3
ATK,153950,2018-06-26,3:20 PM,Hwy-rail crossing,0,BIRMINGHAM,AL,95,2,Day,Clear,Main,Passenger Train - Pulling,70,1815,0,79230,M308,33.468835,-86.882955,79.1,82.8,79.7
UP,0917NP014,2017-09-13,7:10 PM,Derailment,0,MARYSVILLE,KS,85,3,Dusk,Clear,Main,Freight Train,13,145037,439538,584575,E51C,39.855271,-96.654432,69,72.3,79.9
AGR,AGR817624O,2024-06-01,6:05 PM,Derailment,0,KIMBROUGH,AL,80,2,Day,Cloudy,Yard,,0,0,1500,21949,H306,32.032461,-87.572472,73.7,73.4,76
NS,141016,2021-03-23,11:00 PM,Other impacts,0,MUSCLE SHOALS,AL,72,4,Dark,Cloudy,Yard,Single Car,0,776,0,43556,E31C,34.712551,-87.616782,60.1,62.6,62.5
UP,0423HL023,2023-04-24,10:00 AM,Hwy-rail crossing,0,YATES CENTER,KS,58,2,Day,Clear,Main,Freight Train,40,1401457,444322,1845779,M308,37.835413,-95.693182,46.8,54.4,54.7
NS,140095,2020-12-23,11:44 AM,Derailment,0,PORTAGE,IN,40,2,Day,Clear,Main,Freight Train,40,701654,2223806,2925460,E53C,41.610666,-87.221325,36.5,44.9,16.4
NS,115876,2015-05-31,2:20 PM,Derailment,0,EAST POINT,GA,75,2,Day,Clear,Yard,Yard/switching,3,10550,3025,13575,H312,33.689885,-84.436434,76,74.6,72.6
IC,886050,2016-04-21,1:40 AM,Other impacts,0,KENNER,LA,65,4,Dark,Cloudy,Yard,Yard/switching,4,18500,25,18525,H318,29.971863,-90.186071,73.7,72.9,72.4
CSX,000191526,2020-07-21,11:40 AM,Hwy-rail crossing,0,OPELIKA,AL,93,2,Day,Clear,Main,Freight Train,41,11533,11598,23131,M302,32.630114,-85.419385,81.9,81.6,82.2
CSX,000192726,2020-09-18,3:35 PM,Other impacts,0,BIRMINGHAM,AL,80,2,Day,Clear,Main,Cut of cars,8,0,0,17201,H018,33.543607,-86.790089,77.6,73.5,69.6
LAS,170106001,2017-01-06,10:00 PM,Other (describe in narrative),0,MINDEN,LA,17,4,Dark,Sleet,Industry,Yard/switching,2,20000,0,20000,H020,32.588645,-93.511644,38.7,30.5,25.9
CSX,000177725,2018-07-21,7:20 AM,Raking collision,0,WORCESTER,MA,72,2,Day,Clear,Yard,Cut of cars,0,0,0,178911,H996,42.251633,-71.807986,70.1,66.1,67.4
ATK,157671,2019-02-19,12:29 AM,Derailment,0,BOSTON,MA,21,4,Dark,Clear,Yard,Yard/switching,6,18786,0,18786,M101,42.333738,-71.06159,29.4,24.4,25.8
NICD,N2400012,2024-06-25,9:00 AM,Obstruction,0,SOUTH BEND,IN,82,2,Day,Rain,Main,Passenger Train - Pulling,80,212398,8000,220398,M105,41.690306,-86.380899,73.4,75.8,74.7
UP,1020PN012,2020-10-12,6:05 PM,Derailment,0,NAMPA,ID,72,3,Dusk,Clear,Yard,Yard/switching,2,10786,597,11383,H318,43.586842,-116.569165,51.6,57.5,55.5
CSX,000210100,2023-03-01,12:00 AM,Other impacts,0,AVON,IN,36,4,Dark,Clear,Yard,Single Car,10,29954,10427,107069,S007,39.759821,-86.327532,44.8,53.7,44.3
UP,0223GC001,2023-02-01,11:50 PM,Other impacts,0,WESTWEGO,LA,56,4,Dark,Fog,Yard,Light loco(s),5,5242,250,33379,H310,29.917559,-90.186494,68,56.1,56.2
UP,0517DV002,2017-05-02,5:00 PM,Derailment,0,GLENWOOD SPGS,CO,50,2,Day,Cloudy,Main,Freight Train,21,45781,66706,112487,M404,39.55386,-107.31508,49.5,43.8,48
ATK,165845,2020-10-31,2:56 AM,Derailment,0,BOSTON,MA,31,4,Dark,Rain,Yard,,0,0,85000,162560,H702,42.33602,-71.060078,34.2,33.9,44.3
NS,136234,2019-11-18,5:35 PM,Other impacts,0,ELKHART,IN,42,3,Dusk,Cloudy,Yard,Single Car,7,5000,0,58735,E30C,41.67736,-85.978495,31.1,36.6,38.2
IC,1083454,2020-12-20,8:14 PM,Other (describe in narrative),0,LOCKPORT,IL,36,4,Dark,Clear,Main,,0,0,47898,47898,E69L,41.604465,-88.052181,38,34.5,37.7
KCS,15080301,2015-08-03,6:05 AM,Hwy-rail crossing,0,ZWOLLE,LA,75,1,Dawn,Clear,Main,Freight Train,42,88244,7635,95879,M399,31.63141,-93.64379,82.2,83.5,85.2
CSX,000208804,2022-12-13,2:00 PM,Hwy-rail crossing,0,FORT DEPOSIT,AL,63,2,Day,Cloudy,Main,Freight Train,32,33149,66979,100128,M303,32.049928,-86.545497,59.7,58.3,59.8
NS,151489,2022-11-17,1:10 PM,Hwy-rail crossing,0,BIRMINGHAM,AL,48,2,Day,Clear,Main,,0,0,16000,40156,M308,33.49963,-86.833102,43.3,35.7,38.7
ATK,163135,2020-02-16,5:00 PM,Other impacts,0,BOSTON,MA,45,2,Day,Clear,Yard,Light loco(s),0,13740,2423,21139,H602,42.329791,-71.059291,21.2,38.2,40.6
ATK,146968,2017-04-06,7:24 PM,Derailment,0,DENVER,CO,59,3,Dusk,Cloudy,Yard,Passenger Train - Pulling,5,44688,0,52895,H702,39.759021,-104.992486,38,48.6,61.1
NS,146356,2022-09-01,8:30 AM,Derailment,0,BIRMINGHAM,AL,72,2,Day,Clear,Yard,Yard/switching,2,26500,761,27261,S016,33.556422,-86.664184,79.3,77.7,79.7
NIRC,MEI065,2015-06-04,6:39 AM,Other (describe in narrative),0,HOMEWOOD,IL,72,1,Dawn,Clear,Main,EMU,0,7701,8213,15914,M599,41.555251,-87.671842,63.7,69.9,59.5
CSX,000194306,2020-12-01,10:20 AM,Fire/violent rupture,0,LOUISVILLE,KY,33,2,Day,Cloudy,Yard,Cut of cars,0,74461,0,74461,M406,38.160709,-85.749174,37.9,32.2,34.1
WC,1058952,2021-01-15,6:09 PM,Hwy-rail crossing,0,PLAINFIELD,IL,50,4,Dark,Fog,Main,Freight Train,34,0,28247,28247,M308,41.61388,-88.2,34.4,32.1,32.4
CSX,000198303,2021-06-17,10:29 AM,Derailment,0,ALPINE,AL,85,2,Day,Clear,Main,Freight Train,42,186632,759,187391,E33C,33.387519,-86.376936,72.4,73.7,76.4
NS,135791,2019-10-09,10:13 PM,Derailment,0,PINE KNOT,KY,60,4,Dark,Clear,Main,Freight Train,40,3500,7685,11185,E33C,36.646561,-84.438396,58.3,62.1,64.4
PW,PWR686421S,2021-02-04,5:25 AM,Side collision,0,WORCESTER,MA,31,1,Dawn,Snow,Yard,Yard/switching,9,12500,0,25500,H302,42.220806,-71.788278,28.4,30.2,32.1
NS,135584,2019-09-22,5:30 PM,Derailment,0,DALTON,GA,85,3,Dusk,Clear,Yard,Light loco(s),5,25974,400,26374,H702,34.772806,-84.966889,73,73.9,75.5
SLRG,SL180503A,2018-05-03,1:41 PM,Derailment,0,LA VETA,CO,52,2,Day,Cloudy,Main,Freight Train,10,222442,10000,232442,E40C,37.522778,-105.142778,42.3,35.2,41.8
BNSF,KS1222114,2022-12-29,11:00 AM,Derailment,0,WALTON,KS,56,2,Day,Clear,Siding,Freight Train,8,30266,36800,67066,E02C,38.130502,-97.24082,46.7,46.4,35.4
UP,1221HL004,2021-12-04,8:49 PM,Derailment,0,HERINGTON,KS,41,4,Dark,Clear,Yard,Yard/switching,2,10700,821,15279,E0HC,38.690777,-96.950069,49.9,43,51.2
UP,1020GL016,2020-10-14,3:05 AM,Derailment,0,COUNCIL BLUFFS,IA,52,4,Dark,Clear,Yard,Freight Train,4,20883,697,21580,H503,41.243976,-95.86585,58.4,61.5,46.7
CSX,000157861,2016-03-08,6:18 AM,Other impacts,0,AVON,IN,58,1,Dawn,Cloudy,Yard,Cut of cars,4,13767,0,20767,H306,39.759791,-86.327526,54.1,62.7,60.9
NS,132914,2019-02-20,2:50 PM,Other (describe in narrative),0,GAINESVILLE,GA,72,2,Day,Rain,Yard,Freight Train,8,8853,77884,86737,H702,34.2946,-83.81167,39,37.5,50.1
CSX,000175542,2018-03-30,6:43 PM,Derailment,0,LOUISVILLE,KY,60,2,Day,Clear,Yard,Freight Train,1,52321,2509,96530,H702,38.279951,-85.516779,59.2,48.8,51.2
IC,1139149,2023-09-21,2:00 PM,Side collision,0,CICERO,IL,60,2,Day,Rain,Yard,Yard/switching,0,17000,0,18099,H318,41.799414,-87.791513,70.7,70.5,71.4
KYLE,KYL218819D,2019-10-22,12:45 AM,Other (describe in narrative),0,COURTLAND,KS,50,4,Dark,Clear,Yard,Freight Train,5,25000,750,25750,H306,39.780567,-97.893778,49.5,50,56.2
NS,155636,2024-01-31,4:30 PM,Side collision,0,DECATUR,AL,35,3,Dusk,Clear,Yard,Freight Train,9,50000,0,61500,H018,34.61547,-86.983774,45.7,41,41.4
CSX,000203598,2022-03-14,10:10 AM,Derailment,0,BIRMINGHAM,AL,66,2,Day,Clear,Yard,Freight Train,10,12158,291,33476,E4BC,33.512358,-86.806415,40.6,52.8,56.2
ATK,157347,2019-01-26,2:20 PM,Hwy-rail crossing,0,KENNER,LA,60,2,Day,Cloudy,Main,Passenger Train - Pulling,61,11464,0,11820,M302,29.9741,-90.215904,48.1,49.6,52.8
UP,0722MA002,2022-07-01,6:48 PM,Derailment,0,EAST ST LOUIS,IL,93,3,Dusk,Clear,Yard,Freight Train,2,287188,0,287188,H514,38.583442,-90.135103,78.9,84.5,75.9
BNSF,KS0916105,2016-09-09,8:00 PM,Derailment,0,KIOWA,KS,68,3,Dusk,Cloudy,Yard,Cut of cars,10,32015,0,32015,M105,37.005204,-98.488009,81,76.9,66
GRS,20160514M1,2016-05-14,3:15 PM,Derailment,0,CHARLEMONT,MA,68,2,Day,Clear,Main,Freight Train,24,78787,7910,86697,M201,42.625414,-72.865894,58.6,58.4,43.7
CSX,000166388,2017-01-29,5:15 AM,Broken train collision,0,CUMBERLAND,MD,26,4,Dark,Cloudy,Yard,Yard/switching,4,48018,0,55616,E30C,39.630276,-78.753443,29.5,28.1,23.1
MBTA,7019,2016-04-30,2:45 PM,Other (describe in narrative),0,BOSTON,MA,60,2,Day,Clear,Yard,,0,0,0,17913,H993,42.323141,-71.053082,46.9,49.2,47.3
UP,1015ES009,2015-10-23,12:45 PM,Obstruction,0,GURNEE,IL,68,2,Day,Clear,Main,Spec. MoW Equip.,15,4272,0,69272,H199,42.370786,-87.895558,52.4,53.8,59.5
NS,154134,2023-08-31,9:20 PM,Derailment,0,IRONDALE,AL,82,4,Dark,Clear,Yard,Freight Train,2,15000,0,15000,E7AL,33.555373,-86.683972,79.1,76.2,76.9
UP,0616DV010,2016-06-16,12:38 AM,Side collision,0,DENVER,CO,60,4,Dark,Clear,Yard,Light loco(s),0,25418,0,36267,H302,39.80385,-104.962583,71.5,74.7,72.9
CSX,000193610,2020-11-04,2:28 PM,Derailment,0,DECATUR,AL,60,2,Day,Clear,Yard,Yard/switching,4,36401,1252,37653,M503,34.58851,-86.985257,46.3,50.8,53.1
CSX,000218213,2024-05-22,7:35 PM,Derailment,0,LAKELAND,FL,88,2,Day,Clear,Yard,Freight Train,5,20711,3282,23993,H306,28.027218,-82.011128,79.4,82.6,82.3
NS,145068,2022-04-23,10:25 PM,Side collision,0,DECATUR,IL,75,4,Dark,Clear,Yard,Yard/switching,4,130,450,15665,H306,39.852182,-88.918343,67.1,72.9,68.5
UP,0315SL017,2015-03-27,11:30 PM,Derailment,0,DUPO,IL,40,4,Dark,Cloudy,Yard,Freight Train,7,14782,300,15082,H306,38.519389,-90.21352,44,37.2,35.9
ATK,136159,2015-02-03,8:25 AM,Derailment,0,BOSTON,MA,18,2,Day,Snow,Yard,Yard/switching,5,29000,0,29000,H303,42.333058,-71.059999,18.4,14.1,27.1
CSX,000214655,2023-11-21,6:15 AM,Derailment,0,OWENSBORO,KY,45,4,Dark,Cloudy,Industry,Freight Train,10,1759,40158,41917,H309,37.788765,-87.142478,53.2,49.7,43.9
NS,137325,2020-02-28,3:34 PM,Obstruction,0,MOUNDVILLE,AL,57,2,Day,Clear,Main,,0,0,0,46137,M404,33.012362,-87.615333,41.7,44.4,48.4
UP,1114LV008,2014-11-16,11:20 PM,Derailment,0,LIVONIA,LA,40,4,Dark,Cloudy,Yard,Yard/switching,1,12555,0,12555,E34C,30.544363,-91.568979,44.5,61.4,41.8
WTA,180312WTA,2018-03-12,3:45 PM,Derailment,0,WICHITA,KS,50,2,Day,Clear,Yard,Light loco(s),17,1000,0,20687,H603,37.71525,-97.33082,40.4,37.6,41.7
NS,133643,2019-04-21,5:25 AM,Other impacts,0,MACON,GA,46,1,Dawn,Clear,Yard,Single Car,0,86666,0,555947,H312,32.813658,-83.622785,52.4,61,62.4
TASD,D20190906A,2019-09-06,4:00 PM,Derailment,0,MOBILE,AL,87,3,Dusk,Clear,Yard,,0,0,15385,16385,E46L,30.723,-88.0525,87.6,84.8,85
CSX,000204504,2022-04-24,3:15 AM,Side collision,0,BIRMINGHAM,AL,65,4,Dark,Clear,Yard,Cut of cars,4,3500,132,20186,E08C,33.543615,-86.790111,72.8,73.1,74
UP,0815CB016,2015-08-31,1:45 AM,Derailment,0,LOWDEN,IA,55,4,Dark,Fog,Main,Freight Train,50,6464,198821,205285,E61C,41.874157,-90.974515,65.9,72.1,78.3
WC,1127514,2023-03-09,11:38 AM,Derailment,0,GARY,IN,39,2,Day,Cloudy,Yard,Yard/switching,4,49303,9577,58880,E04C,41.630071,-87.412262,39.3,38.1,33.8
IC,977696,2018-11-02,1:45 AM,Side collision,0,BEDFORD PARK,IL,42,4,Dark,Clear,Industry,Yard/switching,5,15795,0,24895,H306,41.769159,-87.835186,49.8,44.5,43.4
UP,0721MA002,2021-07-01,5:01 PM,Derailment,0,SHREVEPORT,LA,93,2,Day,Clear,Main,Freight Train,7,95148,1408,96556,T222,32.504941,-93.72966,83.1,84.7,80.7
NS,152880,2023-04-21,3:15 PM,Other impacts,0,DECATUR,AL,70,2,Day,Cloudy,Yard,Cut of cars,4,25500,0,65321,E30C,34.61234,-87.023428,68.9,67,58.6
UP,1217KC010,2017-12-09,7:04 PM,Other (describe in narrative),0,KANSAS CITY,KS,38,4,Dark,Clear,Industry,Yard/switching,6,12544,33,12577,H601,39.141719,-94.601037,30.8,33.8,41.7
CSX,000200249,2021-09-22,11:50 PM,Derailment,0,BIRMINGHAM,AL,58,4,Dark,Clear,Main,Freight Train,14,121039,423,166462,H519,33.509477,-86.81225,78.4,69.2,61.9
CSX,000188368,2020-02-11,6:50 AM,Derailment,0,INDIANAPOLIS,IN,31,1,Dawn,Cloudy,Yard,Yard/switching,5,19404,250,19654,E67C,39.759791,-86.327526,36.2,34,31.9
UP,0716KC006,2016-07-06,2:29 PM,Hwy-rail crossing,0,HAVILAND,KS,100,2,Day,Clear,Main,Work train,47,25090,1000,26090,M302,37.613037,-99.14126,81.7,81.3,83.4
UP,0719PR032,2019-07-24,12:00 PM,Other (describe in narrative),0,NORTHLAKE,IL,79,2,Day,Clear,Yard,Single Car,0,34959,0,34959,M411,41.89558,-87.892996,70.6,71.9,74.3