reportingrailroadcode,accidentnumber,date,time,accidenttype,hazmatreleasedcars,station,stateabbr,temperature,visibility_code,visibility,weathercondition,tracktype,equipmenttype,trainspeed,equipmentdamagecost,trackdamagecost,totaldamagecost,primaryaccidentcausecode,latitude,longitude,prior_temp,actual_temp,following_temp
TASD,D20230422A,2023-04-22,7:30 PM,Derailment,0,MOBILE,AL,70,3,Dusk,Clear,Yard,Yard/switching,5,8636,6789,15425,H318,30.721415,-88.051221,69.7,69.4,66.4
UP,0223GC001,2023-02-01,11:50 PM,Other impacts,0,WESTWEGO,LA,56,4,Dark,Fog,Yard,Cut of cars,2,27887,0,33379,H310,29.917559,-90.186494,68,56.1,56.2
UP,0523PR017,2023-05-29,11:00 AM,Derailment,0,MELROSE PARK,IL,80,2,Day,Clear,Yard,Yard/switching,3,14229,600,14829,H318,41.894532,-87.877507,67,70.4,75.3
CSX,000173022,2017-11-22,3:23 PM,Other impacts,0,COVINGTON,KY,37,2,Day,Cloudy,Siding,Single Car,3,21433,0,21433,H018,39.041379,-84.51542,44,33.4,32.3
UP,0223PR016,2023-02-24,4:58 AM,Other impacts,0,MELROSE PARK,IL,19,1,Dawn,Cloudy,Yard,Light loco(s),1,9800,150,72783,H306,41.895526,-87.888945,33.7,24,31.9
UP,0518PD032,2018-05-13,12:00 PM,Other (describe in narrative),0,NAMPA,ID,65,2,Day,Clear,Yard,Single Car,0,24960,0,24960,H312,43.563005,-116.534028,56.9,57.3,61.2
BNSF,CH0323105,2023-03-08,6:00 PM,Derailment,0,WILLOW SPRINGS,IL,41,3,Dusk,Cloudy,Yard,Yard/switching,7,22446,1000,23446,H318,41.757708,-87.867112,39.2,40.3,38.2
NS,138609,2020-07-22,1:23 PM,Derailment,0,BOLIGEE,AL,95,2,Day,Clear,Siding,Freight Train,8,18260,47705,65965,E67C,32.759466,-88.024727,80.7,82.6,81.7
UP,0421PR011,2021-04-16,12:00 PM,Other impacts,0,ELWOOD,IL,50,2,Day,Clear,Yard,Single Car,0,11563,0,178443,H306,41.450409,-88.117406,46.6,46.9,46.4
UP,0915PR014,2015-09-23,5:20 AM,Derailment,0,CHICAGO,IL,68,4,Dark,Clear,Yard,Yard/switching,4,11353,2368,13721,H704,41.863456,-87.685674,67.6,69.4,68.2
NS,144010,2022-01-12,4:40 PM,Other impacts,0,IRONDALE,AL,49,3,Dusk,Clear,Yard,Yard/switching,2,46191,4046,50237,M411,33.548905,-86.678009,41,41.4,47.8
CSX,000174528,2018-02-06,6:00 AM,Derailment,0,WORCESTER,MA,19,1,Dawn,Cloudy,Yard,Yard/switching,6,32844,500,33344,H704,42.255139,-71.805321,30,20.8,24.1
NS,140933,2021-03-16,12:15 AM,Derailment,0,IRONDALE,AL,66,4,Dark,Cloudy,Yard,Yard/switching,3,600,38600,39200,H506,33.548905,-86.678009,67.1,65.9,64.1
UP,0116LV004,2016-01-09,9:19 PM,Hwy-rail crossing,0,OAKDALE,LA,47,4,Dark,Clear,Main,Freight Train,49,44297,15500,59797,M303,30.787575,-92.677632,59.4,55,41.2
CFE,CFE365723D,2023-03-23,5:00 PM,Derailment,0,FORT WAYNE,IN,48,2,Day,Clear,Yard,Cut of cars,0,5000,0,124407,E65C,41.060444,-85.096944,44.5,48.9,40
UP,0123GC002,2023-01-05,3:50 PM,Derailment,0,LOTTIE,LA,66,2,Day,Clear,Yard,Yard/switching,7,23862,51630,75492,E33C,30.521635,-91.550855,61.6,52.3,54.1
UP,0422HL011,2022-04-19,9:59 AM,Other impacts,0,EL DORADO,KS,52,2,Day,Cloudy,Yard,Yard/switching,1,34012,0,39150,H020,37.820601,-96.841276,46.3,50.3,63.7
NS,139783,2020-11-18,1:30 PM,Derailment,0,DECATUR,AL,68,2,Day,Clear,Yard,,0,0,10820,10820,H303,34.613682,-86.986609,45.9,45.4,51.5
NS,135998,2019-10-30,2:35 AM,Other impacts,0,IRONDALE,AL,62,4,Dark,Rain,Yard,Yard/switching,10,6200,6615,48331,M407,33.548905,-86.67801,60.4,70.7,54
BNSF,KS0720102,2020-07-07,7:30 AM,Derailment,0,KANSAS CITY,KS,85,1,Dawn,Clear,Yard,Yard/switching,4,12340,30185,42525,E30C,39.085948,-94.691485,84.2,86.1,86.7
KCS,19071501,2019-07-15,4:15 AM,Derailment,0,SHREVEPORT,LA,75,4,Dark,Rain,Main,Freight Train,8,1123,130075,131198,E67L,32.544844,-93.84849,75.9,80.7,86.7
NS,125399,2017-06-12,6:50 AM,Derailment,0,ATLANTA,GA,72,1,Dawn,Clear,Main,Freight Train,4,222319,303180,525499,H511,33.787202,-84.433345,76.4,77.9,78.3
CSX,000149173,2015-07-14,5:07 AM,Derailment,0,WAYCROSS,GA,78,4,Dark,Clear,Yard,Yard/switching,3,34153,601,34754,E30C,31.213524,-82.353589,85.5,83.2,84.2
NS,143262,2021-10-19,3:30 PM,Hwy-rail crossing,0,PINE HILL,AL,75,2,Day,Clear,Main,Freight Train,40,33,35000,35033,M308,31.978978,-87.586838,53.9,57.7,66.9
CSX,000199014,2021-07-21,11:11 PM,Hwy-rail crossing,0,PELHAM,AL,80,4,Dark,Clear,Main,Freight Train,30,12959,0,12959,M302,33.263142,-86.79326,75.1,77,79.6
CSX,000145694,2015-05-02,9:26 PM,Side collision,0,ATLANTA,GA,55,4,Dark,Clear,Yard,Single Car,9,1253,1060,57283,E09C,33.799641,-84.439903,59.7,63,66.2
CC,912994,2017-02-06,2:20 PM,Hwy-rail crossing,0,RYAN,IA,45,2,Day,Clear,Main,Freight Train,24,5515,15000,20515,M303,42.350883,-91.479183,28.3,34.8,33.7
BNSF,KS1019108,2019-10-14,10:30 PM,Side collision,0,KANSAS CITY,KS,64,4,Dark,Clear,Yard,Yard/switching,4,6375,0,34000,M407,39.082264,-94.678163,51.9,57.4,61.1
CSX,000194402,2020-12-12,5:15 PM,Other impacts,0,MOBILE,AL,60,3,Dusk,Clear,Yard,Cut of cars,0,38252,0,53484,H306,30.711374,-88.046532,58.5,65.7,64.1
ATK,164453,2020-05-21,3:35 PM,Obstruction,0,WEST SPRINGFIELD,MA,70,2,Day,Clear,Main,Passenger Train - Pulling,0,12641,0,12641,M404,42.099247,-72.602325,57.1,57.8,66.7
BNSF,KS0815100,2015-08-01,2:58 AM,Derailment,0,KANSAS CITY,KS,75,4,Dark,Clear,Yard,Yard/switching,3,3056,9000,13081,M408,39.082436,-94.679524,79.7,82.3,83.8
CSX,000198393,2021-06-16,4:00 PM,Other impacts,0,INDIANAPOLIS,IN,84,2,Day,Clear,Yard,Cut of cars,0,20203,0,23840,E76L,39.759791,-86.327526,71.2,70.4,73.7
NS,143020,2021-10-02,12:30 AM,Other (describe in narrative),0,IRONDALE,AL,35,4,Dark,Clear,Main,Light loco(s),4,0,49733,49733,H702,33.548905,-86.678009,76,74.3,72.1
PAL,2015APR3D,2015-04-21,8:15 PM,Derailment,0,PADUCAH,KY,54,4,Dark,Rain,Yard,Freight Train,5,13053,13068,26121,T221,37.054927,-88.610119,58,56,56.7
UP,0222GC012,2022-02-10,8:25 AM,Other impacts,0,WESTWEGO,LA,66,2,Day,Clear,Yard,Yard/switching,2,14284,925,33769,H307,29.918153,-90.192015,52,55,56.7
CSX,000219388,2024-07-17,9:13 PM,Derailment,0,INDIANAPOLIS,IN,78,3,Dusk,Clear,Industry,Freight Train,3,89168,48105,137273,H704,39.733629,-86.087384,77.1,77.6,68.8
NS,146433,2022-09-09,1:00 PM,Obstruction,0,SCHERERVILLE,IN,85,2,Day,Clear,Main,Freight Train,30,0,96000,96000,M404,41.522749,-87.466442,66.9,68.3,70.5
NS,132078,2018-12-17,12:30 AM,Derailment,0,BIRMINGHAM,AL,40,4,Dark,Cloudy,Main,,0,0,1445,29050,H507,33.542389,-86.808522,50.1,48.9,45.9
NS,123251,2016-12-21,5:20 PM,Other impacts,0,IRONDALE,AL,47,3,Dusk,Clear,Yard,Single Car,7,12101,0,12161,M407,33.548905,-86.67801,39.4,45.6,55
UP,1021GC019,2021-10-10,3:46 PM,Hwy-rail crossing,0,CHENEYVILLE,LA,84,2,Day,Cloudy,Main,Freight Train,40,13588,150,13738,M302,31.005564,-92.280901,72.9,74.5,77.6
CSX,000191039,2020-06-24,8:29 PM,Other impacts,0,INDIANAPOLIS,IN,80,4,Dark,Clear,Yard,Light loco(s),0,8658,0,17980,M407,39.759791,-86.327526,70.9,70.9,73.3
UP,0419MA045,2019-04-17,11:30 PM,Derailment,0,DUPO,IL,67,4,Dark,Rain,Yard,Light loco(s),6,18620,1250,19870,H202,38.519919,-90.213242,66.7,69.6,56.6
CSX,000194065,2020-11-23,6:20 PM,Derailment,0,BALTIMORE,MD,46,3,Dusk,Clear,Main,Freight Train,0,459345,1000,460345,H020,39.30526,-76.620342,53.5,51.1,43.9
NOPB,S20170507T,2017-05-07,9:00 AM,Side collision,0,NEW ORLEANS,LA,82,2,Day,Clear,Yard,Single Car,5,15000,0,15750,H318,29.915469,-90.117014,71.1,74.2,76.1
ATK,173189,2022-12-26,4:25 PM,Obstruction,0,BOLIGEE,AL,48,2,Day,Cloudy,Main,Passenger Train - Pulling,64,73814,0,73814,M404,32.735554,-88.056717,27.5,33.1,37.1
MBTA,YR202144,2021-07-16,1:51 AM,Other (describe in narrative),0,SOMERVILLE,MA,70,4,Dark,Clear,Industry,Passenger Train - Pulling,2,484,35748,36232,H999,42.376044,-71.076434,74.7,82.2,74.4
ATK,147885,2017-06-13,9:00 AM,Obstruction,0,DECATUR,MI,79,2,Day,Clear,Main,Maint./inspect Car,5,0,0,25000,H699,42.108098,-85.974457,81.9,78.1,78
CP,1000299049,2015-11-08,10:00 PM,Derailment,0,FRANKLIN PARK,IL,36,4,Dark,Clear,Yard,Freight Train,2,42387,4303,46690,H701,41.937931,-87.871873,43.3,41,43.1
BNSF,SF0315115,2015-03-17,6:55 PM,Derailment,0,VENICE,IL,43,3,Dusk,Clear,Yard,Light loco(s),8,20000,0,31834,T211,38.662743,-90.160729,63.4,52.9,41.8
UP,0318TC010,2018-03-08,6:04 AM,Derailment,0,LOWDEN,IA,14,1,Dawn,Clear,Main,Freight Train,55,15632,0,15632,E53C,41.878289,-90.995943,25.5,22,25.8
TZPR,TZP987219R,2019-03-16,1:25 AM,Other impacts,0,PEORIA,IL,30,4,Dark,Clear,Industry,Freight Train,5,64218,2000,66218,H510,40.590788,-89.66232,38.1,36.8,38
IC,1003612,2019-06-27,6:00 AM,Derailment,0,DESTREHAN,LA,85,4,Dark,Cloudy,Industry,Freight Train,5,173200,40000,213200,T222,29.950272,-90.345678,85.7,87,82.2
BNSF,CH0419107,2019-04-17,3:55 PM,Derailment,0,ALBIA,IA,65,2,Day,Clear,Industry,Freight Train,4,72858,2000,74858,H305,41.092575,-92.65539,63.6,65.9,49.4
MNCW,82830,2024-06-24,5:45 PM,Other (describe in narrative),0,NEW HAVEN,CT,72,2,Day,Cloudy,Yard,EMU,5,18177,0,18177,H311,41.296565,-72.924282,78.3,76.1,78
CSX,000170855,2017-08-10,11:00 PM,Derailment,0,INDIANAPOLIS,IN,70,4,Dark,Clear,Main,Cut of cars,9,153428,19336,172764,H020,39.759791,-86.327526,71.1,73.6,74.4
CSX,000160916,2016-06-28,4:30 PM,Other impacts,0,AVON,IN,70,3,Dusk,Cloudy,Yard,Yard/switching,0,3000,0,22275,H607,39.759791,-86.327526,80,72.6,67.2
CSX,000216249,2024-02-15,11:57 PM,Side collision,0,MIAMI-DADE,FL,70,4,Dark,Clear,Industry,Cut of cars,0,28500,97,40097,H306,25.782393,-80.394111,66.3,69.2,71
NS,113892,2015-01-13,3:30 PM,Derailment,0,CHICAGO,IL,19,2,Day,Clear,Main,Freight Train,3,22000,500,22500,H504,41.820166,-87.664515,22.4,17.5,13.2
MBTA,19093,2019-04-02,7:00 AM,Derailment,0,SOMERVILLE,MA,34,1,Dawn,Clear,Main,Passenger Train - Pushing,24,42284,39302,81586,E51L,42.391854,-71.075757,41.3,41.7,48.4
OVR,20160217,2016-02-17,8:00 AM,Obstruction,0,EVANSVILLE,IN,34,2,Day,Cloudy,Yard,,0,0,0,70654,S016,38.016495,-87.592844,34,36.7,42
NS,138597,2020-07-21,4:55 PM,Other impacts,0,ELKHART,IN,80,3,Dusk,Cloudy,Yard,Yard/switching,3,65118,20388,159815,H302,41.67736,-85.978495,74.7,73.4,75.5
NS,138867,2020-08-16,5:52 AM,Derailment,0,IRONDALE,AL,80,1,Dawn,Clear,Yard,Yard/switching,3,48271,10862,59133,H504,33.548905,-86.67801,81.2,81.1,81
CSX,000179877,2018-11-16,3:35 AM,Derailment,0,MOBILE,AL,35,4,Dark,Clear,Yard,Yard/switching,2,31650,1609,33259,H318,30.711374,-88.046532,41.3,47,51.6
MBTA,7011,2016-04-04,4:00 PM,Other (describe in narrative),0,BOSTON,MA,49,2,Day,Clear,Main,Passenger Train - Pulling,0,100000,0,100000,E74L,42.254703,-71.125686,35.2,27.3,29.6
MBTA,19104,2019-04-20,7:05 AM,Hwy-rail crossing,0,WEST BRIDGEWATER,MA,64,1,Dawn,Clear,Main,Passenger Train - Pushing,54,22464,3285,25749,M304,42.011917,-70.98124,64.5,66.5,61.1
CSX,000186921,2019-12-03,11:26 AM,Derailment,0,MIDLAND CITY,AL,49,2,Day,Clear,Industry,Freight Train,2,26744,97,26841,M501,31.312891,-85.547784,45.7,42.2,49.3
NIRC,MEJ121,2016-12-19,6:30 AM,Other (describe in narrative),0,CHICAGO,IL,16,4,Dark,Clear,Main,,0,0,5587,53061,M599,41.8095,-87.591,7.5,5.1,23.3
NS,154720,2023-11-07,4:44 PM,Derailment,0,IRONDALE,AL,73,3,Dusk,Clear,Yard,Single Car,4,30000,0,31800,M408,33.548905,-86.678009,61.1,64.5,67.9
UP,1115PR006,2015-11-08,6:15 PM,Side collision,0,NORTHLAKE,IL,42,4,Dark,Clear,Yard,Light loco(s),8,9876,0,14863,H301,41.928348,-87.914593,43.4,41.1,43.3
TRRA,23052I,2023-11-13,2:00 AM,Derailment,0,EAST ST LOUIS,IL,65,4,Dark,Clear,Industry,Yard/switching,3,274,43308,43582,M404,38.623111,-90.176737,48.6,47.8,45.9
IC,1007149,2019-07-28,5:03 PM,Hwy-rail crossing,0,UNIVERSITY PARK,IL,86,2,Day,Cloudy,Main,,0,0,500000,1561628,M308,41.45631,-87.724754,77.9,78.9,74
UP,0315PR027,2015-03-27,8:15 AM,Other impacts,0,NORTHLAKE,IL,20,2,Day,Cloudy,Yard,Cut of cars,0,4166,0,44374,S011,41.910868,-87.914992,36.4,27,27.6
IAIS,2017008,2017-02-07,11:55 AM,Hwy-rail crossing,0,DURANT,IA,34,2,Day,Cloudy,Main,Freight Train,38,39000,0,39000,M302,41.601612,-90.940971,37.6,37.8,22.8
ATK,137360,2015-05-10,1:34 PM,Hwy-rail crossing,0,AMITE,LA,85,2,Day,Clear,Main,Passenger Train - Pulling,77,510025,0,511019,M302,30.739826,-90.508937,75.1,77,74.3
ATK,151088,2017-12-20,10:59 PM,Derailment,0,CHICAGO,IL,32,4,Dark,Cloudy,Yard,Passenger Train - Pushing,0,14031,0,14031,H307,41.863551,-87.635628,43.3,33,37.1
UP,0223MA025,2023-02-19,7:19 PM,Other impacts,0,SHREVEPORT,LA,63,3,Dusk,Clear,Yard,Single Car,0,153,0,36469,H318,32.430323,-93.905929,44,56.3,70.4
IC,1089457,2021-12-01,3:38 PM,Hwy-rail crossing,0,INDEPENDENCE,LA,68,2,Day,Clear,Main,,0,0,0,89983,M302,30.682913,-90.507934,51.7,56.9,59.8
CSX,000171939,2017-09-30,9:00 AM,Derailment,0,ROSEDALE,MD,60,2,Day,Cloudy,Yard,Freight Train,4,44507,10000,54507,E67C,39.304566,-76.532433,62.6,60.7,56.7
BNSF,CH0417103,2017-04-06,10:40 AM,Derailment,0,CICERO,IL,38,2,Day,Clear,Yard,Freight Train,10,750,11396,12146,E67C,41.842507,-87.756547,43.4,42.7,44.5
NS,146171,2022-08-10,12:30 AM,Other impacts,0,IRONDALE,AL,82,4,Dark,Clear,Yard,Single Car,7,16960,2063,118275,M407,33.548905,-86.678008,80.3,79.4,78.1
FEC,X07012724,2024-01-27,6:57 PM,Hwy-rail crossing,0,BOCA RATON,FL,70,4,Dark,Clear,Main,,0,0,1174,42623,M308,26.340899,-80.089517,77.5,78.1,75.2
NS,124097,2017-02-24,8:45 PM,Other impacts,0,MUSCLE SHOALS,AL,70,4,Dark,Cloudy,Yard,Yard/switching,0,2813,0,17347,M408,34.712551,-87.616781,62.4,68.9,47.1
CSX,000194402,2020-12-12,5:15 PM,Other impacts,0,MOBILE,AL,60,3,Dusk,Clear,Yard,Yard/switching,3,15232,0,53484,H306,30.711374,-88.046532,58.5,65.7,64.1
NS,123110,2016-12-12,11:21 AM,Derailment,0,MIDDLESBOROUGH,KY,63,2,Day,Cloudy,Industry,Freight Train,4,44425,862,45287,H306,36.594991,-83.765671,44.7,42.1,44.4
ATK,148762,2017-08-02,3:40 AM,Side collision,0,WASHINGTON,DC,81,4,Dark,Clear,Yard,Yard/switching,15,94400,6045,116780,H199,38.9148,-76.9859,79.3,80.6,78.8
MBTA,19246,2019-12-06,11:31 PM,Derailment,0,BOSTON,MA,34,4,Dark,Clear,Yard,Work train,8,0,0,0,H303,42.351803,-71.113724,39.2,33.5,31
BNSF,TC0918104,2018-09-08,12:50 AM,Other (describe in narrative),0,SIOUX CITY,IA,50,4,Dark,Clear,Yard,Light loco(s),5,0,24000,24000,H607,42.529663,-96.364048,63.8,61,60.6
UP,0315LV010,2015-03-20,2:50 AM,Obstruction,0,CYPRESS,LA,60,4,Dark,Fog,Main,Freight Train,40,3297,8310,11607,M402,31.620284,-93.042102,67.4,70.4,59.7
BNSF,GC1015107,2015-10-15,4:45 AM,Derailment,0,AVONDALE,LA,75,1,Dawn,Clear,Yard,Freight Train,8,8281,0,11281,H307,29.916859,-90.185824,72.7,73.5,74.7
WC,900165,2016-09-08,9:35 AM,Hwy-rail crossing,0,STEPHENSON,MI,69,2,Day,Clear,Main,Freight Train,40,78,48314,48392,M308,45.376876,-87.612228,70.2,70.2,63.6
CSX,000173576,2017-12-20,10:10 AM,Raking collision,0,FRANKLIN,KY,50,2,Day,Rain,Main,Cut of cars,0,8387,0,19426,H302,36.787002,-86.558191,47.8,47.8,47.1
IC,1084882,2021-10-06,3:31 PM,Obstruction,0,CONVENT,LA,70,2,Day,Clear,Main,Freight Train,16,50114,20509,70623,H211,30.054025,-90.832788,75.3,75.6,76.6
ATK,162805,2020-01-19,2:05 PM,Derailment,0,WASHINGTON,DC,36,2,Day,Clear,Yard,Light loco(s),2,26349,1439,27788,H702,38.900497,-77.007507,32,39.6,29.3
IC,994929,2019-04-17,12:55 AM,Side collision,0,GEISMAR,LA,64,4,Dark,Clear,Yard,Freight Train,7,4195,0,12845,H702,30.179774,-90.978523,65.3,70.7,70.1
NS,152582,2023-03-19,7:35 AM,Other (describe in narrative),0,LOUISVILLE,KY,22,1,Dawn,Clear,Yard,Yard/switching,6,11133,1885,14118,H306,38.263516,-85.801424,31.9,29.2,37.1
BNSF,CH0515101,2015-05-03,10:00 PM,Derailment,0,AURORA,IL,53,4,Dark,Rain,Main,Freight Train,36,12916,200,13116,E33C,41.751979,-88.320898,62.8,64.3,65.2
BRS,I160930003,2016-09-30,5:00 PM,Derailment,0,BATON ROUGE,LA,85,2,Day,Clear,Yard,Yard/switching,5,17000,15000,32000,H702,30.4583,-91.1403,72.7,68.2,69.7
KCS,22072903,2022-07-29,3:00 PM,Hwy-rail crossing,0,RODESSA,LA,100,2,Day,Clear,Main,Freight Train,56,41585,2104,43689,M302,32.94484,-93.99371,89.4,86.4,83.7
CSX,000178205,2018-08-12,2:20 PM,Derailment,0,MOBILE,AL,80,2,Day,Clear,Industry,Freight Train,4,30976,0,39622,M101,30.711374,-88.046532,81.1,83.5,82.3
CSX,000172880,2017-11-14,5:06 PM,Side collision,0,LOUISVILLE,KY,55,3,Dusk,Clear,Yard,Freight Train,0,22486,1500,45186,H306,38.292163,-85.510334,44.7,46.5,45.9
CSX,000216357,2024-02-24,6:25 PM,Obstruction,0,PRESTONSBURG,KY,35,3,Dusk,Cloudy,Main,Freight Train,33,310000,0,310000,M404,37.665725,-82.742312,50.8,38.3,41.5
UP,0722GC002,2022-07-01,7:40 PM,Other impacts,0,WESTWEGO,LA,81,3,Dusk,Clear,Yard,Single Car,0,24000,0,83348,H302,29.918217,-90.18977,81.7,80.9,82.9
UP,0423HL009,2023-04-11,8:50 AM,Derailment,0,COFFEYVILLE,KS,53,2,Day,Clear,Main,Freight Train,17,132792,234800,367592,E47C,37.02874,-95.624575,61.8,62.9,64.6
UP,0917PD030,2017-09-26,6:00 PM,Derailment,0,NAPLES,ID,80,2,Day,Clear,Main,Spec. MoW Equip.,15,72037,0,72037,H402,48.606462,-116.388143,52.1,53.4,55.3
UP,1018PR030,2018-10-28,12:40 PM,Derailment,0,MELROSE PARK,IL,48,2,Day,Cloudy,Yard,Single Car,6,15843,1500,17343,M101,41.899624,-87.9086,48.7,47.3,47.1
GRW,03,2021-01-20,2:12 AM,Broken train collision,0,GARY,IN,15,4,Dark,Clear,Yard,Yard/switching,1,31600,0,63200,E35C,41.621884,-87.381215,25,24.1,34.9
MBTA,YR2020119,2020-10-07,12:36 PM,Fire/violent rupture,0,WHITMAN,MA,73,2,Day,Clear,Main,Passenger Train - Pushing,30,21536,0,21536,E74L,42.108061,-70.935274,55.6,62.4,56.7
CSX,000217094,2024-03-28,10:50 PM,Fire/violent rupture,0,DWALE,KY,50,4,Dark,Cloudy,Main,Freight Train,23,75000,0,75000,H515,37.629164,-82.724025,53.8,45.2,54.8
AGR,AGR674024L,2024-01-23,12:30 PM,Rear end collision,0,ALICEVILLE,AL,70,2,Day,Rain,Main,Spec. MoW Equip.,10,21000,0,21000,H607,33.013356,-88.148059,39.9,55.7,61.8
UP,1015ES009,2015-10-23,12:45 PM,Obstruction,0,GURNEE,IL,68,2,Day,Clear,Main,Spec. MoW Equip.,20,65000,0,69272,H199,42.370786,-87.895558,52.4,53.8,59.5
BNSF,KS0916100,2016-09-01,4:30 AM,Raking collision,0,KANSAS CITY,KS,63,4,Dark,Clear,Yard,Yard/switching,7,100,0,13300,H99C,39.084208,-94.687517,75.7,71,69.3
MBTA,7060,2017-07-12,6:48 PM,Other impacts,0,NEWTON,MA,75,2,Day,Rain,Main,Passenger Train - Pushing,55,20818,0,20818,M404,42.354875,-71.193755,74.1,74.8,63.8
KCS,14112002,2014-11-20,4:30 PM,Derailment,0,SHREVEPORT,LA,64,2,Day,Cloudy,Yard,Yard/switching,4,10819,6814,17633,M411,32.523378,-93.820301,47.7,53.5,56.2
NS,143338,2021-11-02,1:45 AM,Side collision,0,ELKHART,IN,40,4,Dark,Clear,Yard,Yard/switching,4,7168,4388,11572,H305,41.677391,-85.978436,40.7,39.6,36.1
NS,138954,2020-08-25,12:30 AM,Side collision,0,IRONDALE,AL,72,4,Dark,Clear,Yard,Freight Train,4,136000,0,350924,H702,33.548905,-86.67801,79.6,77.1,81.7
NS,120778,2016-06-07,11:30 PM,Derailment,0,SOUTH BEND,IN,54,4,Dark,Clear,Main,Freight Train,12,119845,191355,311200,E51L,41.669541,-86.260562,68,56.9,57.8
KO,211130002,2021-11-30,9:30 AM,Other impacts,0,SALINA,KS,50,2,Day,Clear,Industry,Cut of cars,0,3500,0,24003,H302,38.857007,-97.659286,50.4,42.4,47.8
CSX,000200297,2021-09-24,8:36 AM,Obstruction,0,CALERA,AL,65,2,Day,Clear,Main,Cut of cars,0,0,324,13588,M402,33.148831,-86.757428,62.3,62.7,64.7
NS,133643,2019-04-21,5:25 AM,Other impacts,0,MACON,GA,46,1,Dawn,Clear,Yard,Yard/switching,10,0,151416,555947,H312,32.813658,-83.622785,52.4,61,62.4
UP,0323HL013,2023-03-12,9:45 AM,Derailment,2,MCPHERSON,KS,31,2,Day,Clear,Main,Freight Train,35,855934,911666,1767600,E62C,38.35111,-97.672393,42.3,36.6,30
NS,156410,2024-04-18,2:15 PM,Other impacts,0,IRONDALE,AL,75,2,Day,Cloudy,Yard,Yard/switching,5,1039,16501,17540,M411,33.548905,-86.678009,71.1,71.7,72.8
MGRZ,792024,2024-07-09,3:15 PM,Other impacts,0,JEFFERSONVILLE,IN,89,2,Day,Clear,Industry,Yard/switching,4,16500,8850,25350,H307,38.32268,-85.6705,80.4,80.9,75.5
IHB,2624,2020-08-30,9:30 AM,Other impacts,0,HAMMOND,IN,75,2,Day,Clear,Yard,Yard/switching,0,10890,1047,14037,H306,41.604073,-87.472065,74.8,68.1,71
NS,154720,2023-11-07,4:44 PM,Derailment,0,IRONDALE,AL,73,3,Dusk,Clear,Yard,Yard/switching,5,800,1000,31800,M408,33.548905,-86.678009,61.1,64.5,67.9
WC,1701499,2024-08-15,10:46 AM,Side collision,0,GARY,IN,68,2,Day,Rain,Yard,Single Car,3,0,0,21000,M599,41.621794,-87.375403,72.7,70.5,74.7
UP,0222ES035,2022-02-15,10:35 AM,Obstruction,0,DELIA,KS,52,2,Day,Clear,Main,Spec. MoW Equip.,5,22000,0,31695,H993,39.233229,-95.957052,36.5,48.9,53.7
IC,900562,2016-09-12,11:00 AM,Other impacts,0,BATON ROUGE,LA,89,2,Day,Clear,Yard,Freight Train,3,11700,0,21730,H318,30.474911,-91.188373,78.7,79.3,77.5
CSX,000213694,2023-09-24,2:05 PM,Derailment,0,MONTGOMERY,AL,91,2,Day,Clear,Yard,Freight Train,4,38098,1460,39558,H702,32.376258,-86.326212,72.7,74.1,74.8
CSX,000165343,2016-12-20,11:05 PM,Derailment,0,WORCESTER,MA,24,4,Dark,Clear,Yard,Yard/switching,3,16593,314,16907,H303,42.255139,-71.805321,19.2,21.2,28.8
KCS,21121401,2021-12-14,9:00 AM,Hwy-rail crossing,0,CLARENCE,LA,67,2,Day,Clear,Main,Freight Train,47,15280,18990,34270,M304,31.82098,-93.03046,49.2,66.9,70.7
CSX,000150371,2015-08-09,1:27 AM,Obstruction,0,CANNONSBURG,KY,72,4,Dark,Clear,Industry,Yard/switching,5,20150,100,20250,H307,38.385346,-82.746065,73.8,74.3,75.7
CSX,000200989,2021-10-29,8:34 PM,Other impacts,0,BIRMINGHAM,AL,58,4,Dark,Rain,Yard,Yard/switching,0,122139,0,136801,H020,33.543607,-86.790089,62.3,53.5,55.5
KCS,19062001,2019-06-20,7:30 PM,Other impacts,0,BATON ROUGE,LA,80,3,Dusk,Cloudy,Industry,Cut of cars,0,13562,0,23310,H302,30.451468,-91.187147,84,85.4,85.6
BNSF,KS0816103,2016-08-15,8:25 AM,Side collision,0,KANSAS CITY,KS,81,1,Dawn,Cloudy,Yard,Yard/switching,1,70000,0,175836,H607,39.079644,-94.667004,79.4,76.5,79.1
UP,1018PR019,2018-10-15,2:30 PM,Other impacts,0,CHICAGO,IL,52,2,Day,Clear,Yard,Cut of cars,0,46981,0,49136,H306,41.843454,-87.636654,48.1,42.9,45.8
BNSF,HL0223119,2023-02-21,5:40 AM,Derailment,0,ADAMSVILLE,AL,72,1,Dawn,Rain,Industry,Freight Train,5,81915,38787,120702,M101,33.64248,-87.045133,59.5,66.3,71.8
BNSF,KS0916103,2016-09-14,4:23 PM,Derailment,0,KANSAS CITY,KS,75,2,Day,Clear,Yard,Light loco(s),5,16003,150,16153,S011,39.086819,-94.693423,74.5,71.2,76.3