reportingrailroadcode,accidentnumber,date,time,accidenttype,hazmatreleasedcars,station,stateabbr,temperature,visibility_code,visibility,weathercondition,tracktype,equipmenttype,trainspeed,equipmentdamagecost,trackdamagecost,totaldamagecost,primaryaccidentcausecode,latitude,longitude,prior_temp,actual_temp,following_temp
CSX,000210473,2023-03-27,4:00 AM,Other impacts,0,MONTGOMERY,AL,67,1,Dawn,Rain,Yard,Yard/switching,4,279004,774,292545,H309,32.376061,-86.32645,71.7,71.5,66.1
UP,0216DV002,2016-02-01,5:44 PM,Derailment,0,STEAMBOAT SPGS,CO,20,3,Dusk,Snow,Industry,Freight Train,2,61192,0,61192,M101,40.354686,-107.058898,18.6,18.1,13.7
UP,0123HL013,2023-01-18,2:37 AM,Other impacts,0,TOPEKA,KS,39,4,Dark,Cloudy,Yard,Cut of cars,5,13982,23113,37095,H318,39.067722,-95.672306,34.9,38.3,34.2
KYLE,KYL126119D,2019-07-25,6:20 PM,Derailment,0,BELOIT,KS,90,2,Day,Clear,Yard,Freight Train,5,0,68500,68500,M405,39.453863,-98.092903,72.6,76.8,81
UP,0118LK004,2018-01-04,3:35 AM,Derailment,0,BONITA,LA,21,4,Dark,Clear,Main,Freight Train,47,3055,14162,17217,E33C,32.921893,-91.673686,27.5,29.9,32.3
UP,0223MA025,2023-02-19,7:19 PM,Other impacts,0,SHREVEPORT,LA,63,3,Dusk,Clear,Yard,Yard/switching,10,36316,0,36469,H318,32.430323,-93.905929,44,56.3,70.4
UP,0422GC040,2022-04-29,4:45 PM,Other impacts,0,ADDIS,LA,84,2,Day,Clear,Yard,Freight Train,4,118201,238400,421030,H318,30.356203,-91.26793,66.7,69.3,72.5
PW,PW730118D,2018-07-21,7:20 AM,Raking collision,0,WORCESTER,MA,77,1,Dawn,Clear,Yard,,0,0,0,178911,H996,42.251633,-71.807986,70.1,66.1,67.4
NS,121750,2016-08-19,1:10 PM,Derailment,0,GARDEN CITY,GA,92,2,Day,Cloudy,Yard,Yard/switching,4,7190,4939,12129,H306,32.103678,-81.171833,84.6,82.8,84.5
TASD,D20200526A,2020-05-26,8:00 PM,Side collision,0,MOBILE,AL,70,4,Dark,Clear,Yard,Freight Train,0,20159,1800,25157,H306,30.7103,-88.0464,81.3,77.7,76.3
BAYL,BAY723721,2021-01-28,12:30 AM,Other impacts,0,DOTHAN,AL,48,4,Dark,Clear,Yard,Yard/switching,5,130823,3000,133823,H020,31.228435,-85.380698,60.4,46.2,44.1
IC,984243,2019-01-12,5:30 AM,Derailment,0,CICERO,IL,30,4,Dark,Cloudy,Yard,Freight Train,2,87600,12943,123308,H702,41.832447,-87.762941,27.7,30.4,29.7
UP,0421GC032,2021-04-21,7:00 PM,Other impacts,0,LAKE CHARLES,LA,64,3,Dusk,Clear,Yard,Single Car,0,4200,0,42632,M411,30.238504,-93.183622,67.1,59.4,60.6
BNSF,GC1015107,2015-10-15,4:45 AM,Derailment,0,AVONDALE,LA,75,1,Dawn,Clear,Yard,Freight Train,4,500,1000,11281,H307,29.916859,-90.185824,72.7,73.5,74.7
CSX,000155330,2015-12-19,2:15 AM,Broken train collision,0,AVON,IN,25,4,Dark,Clear,Yard,Yard/switching,4,33339,0,33339,E31C,39.759366,-86.346097,30.4,27.7,38.5
CSX,000201531,2021-11-27,12:55 PM,Other impacts,0,INDIANAPOLIS,IN,36,2,Day,Clear,Yard,Yard/switching,4,7432,0,11130,S007,39.759791,-86.327526,28.2,37.6,34.8
ATK,169741,2022-02-09,4:07 AM,Obstruction,0,HAVRE DE GRACE,MD,22,4,Dark,Clear,Main,Spec. MoW Equip.,0,1300000,0,1600000,H699,39.542716,-76.107698,34.6,33.9,40.2
NS,151968,2023-01-11,4:00 AM,Obstruction,0,IRONDALE,AL,50,1,Dawn,Clear,Yard,Yard/switching,4,102000,1844,103844,E32C,33.555373,-86.683972,46.9,59.4,61.6
NS,116699,2015-07-27,7:20 PM,Derailment,0,CHICAGO,IL,80,3,Dusk,Clear,Yard,Yard/switching,8,21605,250,21855,M405,41.802519,-87.634516,76.2,79.5,82.5
MACZ,2109160700,2021-09-16,7:00 AM,Side collision,0,BALTIMORE,MD,70,1,Dawn,Cloudy,Yard,Light loco(s),9,100000,0,300000,H702,39.27119,-76.60003,79.5,75.5,75
KCS,22012902,2022-01-29,2:30 PM,Derailment,0,GIBSLAND,LA,69,2,Day,Clear,Yard,,0,0,3319,18319,E4TL,32.546215,-93.052494,44.4,41.7,53.3
CSX,000180590,2019-01-02,11:33 AM,Other impacts,0,INDIANAPOLIS,IN,37,2,Day,Cloudy,Industry,Single Car,3,14100,0,18100,H018,39.806684,-86.045504,38.9,35.6,32.8
UP,0318PR004,2018-03-06,6:20 PM,Raking collision,0,NORTHLAKE,IL,30,4,Dark,Snow,Yard,Freight Train,10,25973,0,260441,H307,41.929885,-87.914129,35.9,35.4,29.5
WC,993309,2019-04-02,9:00 PM,Broken train collision,0,CHICAGO HTS,IL,41,4,Dark,Clear,Main,Freight Train,20,35000,0,47500,E30C,41.498176,-87.600195,36.4,44.1,47.1
BNSF,CH0519106,2019-05-11,5:16 AM,Other (describe in narrative),0,WILLOW SPRINGS,IL,45,1,Dawn,Clear,Yard,Light loco(s),5,0,13200,13200,H607,41.752245,-87.865336,49.6,47.4,46.7
ALS,0423AS008,2023-04-13,5:05 AM,Derailment,0,EAST ST LOUIS,IL,55,1,Dawn,Clear,Yard,Light loco(s),5,1680,3033,4713,S014,38.585394,-90.162255,66,63.7,67.1
UP,0319GL053,2019-03-18,9:10 AM,Derailment,0,CEDAR RAPIDS,IA,29,2,Day,Clear,Yard,Light loco(s),3,560,12807,13367,H702,41.932362,-91.716228,30.3,32.9,37.8
CSX,000156883,2016-02-06,12:36 AM,Derailment,0,FRAMINGHAM,MA,20,4,Dark,Clear,Yard,Freight Train,4,27300,628,27928,H702,42.277021,-71.416601,32.1,25.1,32
CP,1000576239,2017-06-15,9:10 PM,Derailment,0,BALLTOWN,IA,69,4,Dark,Rain,Main,Freight Train,35,390292,36200,426492,E24C,42.669373,-90.882409,76.8,77.5,74.4
CSX,000155628,2015-12-28,2:20 PM,Derailment,0,NEW ORLEANS,LA,75,2,Day,Clear,Yard,Yard/switching,5,24448,2020,26468,H523,30.005989,-90.019452,76.1,64,57
CSX,000207736,2022-10-11,11:12 AM,Other impacts,0,DECATUR,AL,73,2,Day,Clear,Yard,Single Car,4,2280,0,21000,H318,34.588496,-86.985263,55.5,59.8,66.2
UP,0319GP060,2019-03-30,7:24 AM,Fire/violent rupture,0,MISSOURI VALLEY,IA,32,2,Day,Cloudy,Main,Freight Train,30,60362,0,60362,M406,41.558765,-96.033946,39.2,36.8,36.1
NS,136848,2020-01-15,5:15 PM,Other impacts,0,IRONDALE,AL,65,3,Dusk,Clear,Main,Cut of cars,0,1500,0,17970,S016,33.548905,-86.67801,63.9,63.9,58.5
UP,0621GL028,2021-06-24,2:00 PM,Derailment,0,AMES,IA,84,2,Day,Clear,Main,Freight Train,30,1472282,517760,1990042,E47C,42.027249,-93.588041,74.7,77.2,75.9
CSX,000204632,2022-04-29,10:10 AM,Hwy-rail crossing,0,GORDON,AL,75,2,Day,Clear,Main,Freight Train,30,2259,17533,19792,M302,31.139488,-85.115131,70,70.8,71.7
NS,140049,2020-12-17,6:52 PM,Side collision,0,OSCEOLA,IN,26,3,Dusk,Clear,Yard,Light loco(s),7,1160,0,87173,H305,41.664668,-86.052581,28,28.9,31.1
IC,936481,2017-09-20,7:40 AM,Other impacts,0,ST GABRIEL,LA,88,2,Day,Clear,Yard,Yard/switching,6,55674,200,55874,H318,30.211186,-91.035655,81.2,79,78
UP,0622MA019,2022-06-13,7:10 AM,Hwy-rail crossing,0,GRANITE CITY,IL,94,2,Day,Clear,Yard,,0,0,100,30100,M302,38.687552,-90.131577,83.9,88.7,88.8
ATK,137689,2015-06-05,3:56 PM,Hwy-rail crossing,0,WILMINGTON,IL,80,2,Day,Clear,Main,Passenger Train - Pulling,52,26000,0,39993,M308,41.326867,-88.140688,71.3,65.4,65.4
UP,0619GC015,2019-06-12,7:05 PM,Derailment,0,ALEXANDRIA,LA,83,3,Dusk,Clear,Yard,Yard/switching,6,57016,6983,63999,H702,31.280578,-92.441066,73.3,74.7,76.2
CSX,000186177,2019-10-23,8:39 AM,Obstruction,0,LOUISVILLE,KY,49,2,Day,Clear,Main,Spec. MoW Equip.,15,3788,0,18606,M501,38.273673,-85.521225,59.7,55.5,58.6
UP,0319GL093,2019-03-31,3:20 AM,Derailment,0,MELROSE PARK,IL,27,4,Dark,Cloudy,Yard,Yard/switching,6,121382,22500,143882,H503,41.900102,-87.911372,38,30.9,38
NS,137107,2020-02-09,3:10 PM,Other impacts,0,NEW ORLEANS,LA,72,2,Day,Clear,Yard,Single Car,6,4000,0,14881,H312,29.973692,-90.045276,60.6,64.5,71.2
BNSF,HL0818123,2018-08-30,1:30 AM,Rear end collision,0,ADAMSVILLE,AL,75,4,Dark,Clear,Main,Freight Train,14,848253,27500,923312,H605,33.63348,-87.029869,79.7,79.1,78.3
KCS,15123003,2015-12-30,4:30 AM,Derailment,0,SHREVEPORT,LA,45,4,Dark,Clear,Yard,Light loco(s),4,0,15970,15970,H702,32.535189,-93.832752,42.1,46.3,44.2
NS,142774,2021-09-06,11:45 AM,Derailment,1,IRONDALE,AL,75,2,Day,Clear,Yard,Single Car,0,94874,0,146240,S006,33.555372,-86.683971,78.7,77.8,78.3
NS,151458,2022-11-12,4:30 AM,Derailment,0,BALTIMORE,MD,40,1,Dawn,Clear,Industry,Freight Train,8,21457,15000,36457,T221,39.282797,-76.561101,65.5,66.1,46.3
NS,151370,2022-11-02,2:45 PM,Other (describe in narrative),0,CHICAGO,IL,70,2,Day,Clear,Yard,Freight Train,3,4427,9393,13820,H702,41.694382,-87.564355,57.2,59.9,64.4
GRS,20220819BA,2022-08-19,10:00 PM,Side collision,0,SOUTH PORTLAND,ME,79,4,Dark,Clear,Yard,Freight Train,2,6270,96,6366,H210,43.614028,-70.300324,65.3,74.1,72.7
NS,141977,2021-06-24,2:45 AM,Derailment,0,IRONDALE,AL,64,4,Dark,Clear,Yard,Yard/switching,2,8700,70817,79517,M411,33.548905,-86.678009,74.1,78.6,78.5
UP,1019GL006,2019-10-07,11:50 AM,Other impacts,0,EAGLE GROVE,IA,60,2,Day,Clear,Yard,Single Car,0,56824,0,57585,H020,42.675265,-93.91461,52.1,53.5,57.6
NS,146202,2022-08-16,9:45 AM,Other (describe in narrative),0,MUSCLE SHOALS,AL,76,2,Day,Cloudy,Yard,Freight Train,5,1009,29896,30905,H306,34.712551,-87.616782,82.4,75.7,73.9
ABS,230328007,2023-03-23,10:30 PM,Derailment,0,TUSCALOOSA,AL,51,4,Dark,Clear,Industry,Freight Train,4,120000,140000,260000,T221,33.203986,-87.592898,64.6,70.7,73.9
BNSF,PR0716102,2016-07-08,9:30 AM,Other impacts,0,DENVER,CO,80,2,Day,Clear,Yard,Freight Train,0,140315,0,152952,H607,39.779313,-104.976035,74.2,74.3,79.1
BNSF,KS0222119,2022-02-21,11:50 PM,Derailment,0,KANSAS CITY,KS,32,4,Dark,Clear,Yard,Yard/switching,8,4964,8782,24395,M407,39.082271,-94.678196,47.3,54.5,21.2
BNSF,CH0617117,2017-06-24,3:55 PM,Derailment,0,CHICAGO,IL,80,2,Day,Clear,Yard,Yard/switching,9,12819,2000,14819,H306,41.810397,-87.715,75.6,68.5,64.3
CSX,000215955,2024-02-03,3:31 PM,Other (describe in narrative),0,JACKSONVILLE,FL,60,2,Day,Clear,Yard,Cut of cars,0,0,0,41344,H702,30.383475,-81.768295,56.6,56.7,63.3
CSX,000169801,2017-06-21,7:40 AM,Fire/violent rupture,0,INDIANAPOLIS,IN,71,2,Day,Clear,Yard,Single Car,2,106715,32,106747,M406,39.759791,-86.327526,71.8,76.6,76.5
ATK,150447,2017-11-01,12:04 PM,Other (describe in narrative),0,ROSEDALE,MD,55,2,Day,Clear,Main,Passenger Train - Pulling,110,2669,11181,13850,E78L,39.306691,-76.504447,49.1,50.9,60.5
NOPB,NOPB00044F,2023-05-08,9:25 PM,Derailment,0,METAIRE,LA,78,4,Dark,Clear,Main,,0,0,4553,4552,H501,0,0,76.6,77.8,76.7
UP,0221MA053,2021-02-26,12:40 PM,Derailment,0,EAST ST LOUIS,IL,49,2,Day,Cloudy,Main,,0,0,0,19087,H523,38.566948,-90.178067,39.3,40.5,47.4
WC,1142877,2023-12-26,2:05 PM,Other (describe in narrative),0,GARY,IN,50,2,Day,Clear,Yard,Yard/switching,5,13000,0,13000,M505,41.630026,-87.412,53.6,40.6,36.8
BNSF,CH0318111,2018-03-14,1:30 PM,Raking collision,0,GALESBURG,IL,40,2,Day,Clear,Yard,Yard/switching,4,2605,0,10705,M408,40.915869,-90.380994,31.7,35.7,41.3
CVR,CVR020321D,2021-02-03,7:00 PM,Side collision,0,ULYSSES,KS,51,3,Dusk,Cloudy,Industry,Cut of cars,0,29515,1900,82270,H399,37.54,-101.192222,40.5,47.5,37
CSX,000208713,2022-12-06,4:25 AM,Derailment,0,DOTHAN,AL,59,4,Dark,Clear,Yard,Freight Train,9,40248,0,113272,T211,31.230753,-85.387194,64.4,69.2,70.2
NS,125008,2017-05-10,1:35 PM,Other impacts,0,DANVILLE,KY,76,2,Day,Clear,Yard,Light loco(s),10,9000,0,51172,H017,37.682407,-84.781725,65.6,72,69.6
BNSF,PR0316115,2016-03-28,2:00 PM,Other (describe in narrative),0,COMMERCE CITY,CO,50,2,Day,Clear,Yard,Spec. MoW Equip.,4,18000,0,18000,H997,39.806758,-104.939511,34.1,46.5,45.6
NS,145717,2022-06-30,9:20 AM,Other impacts,0,NEW ORLEANS,LA,72,2,Day,Clear,Main,Cut of cars,0,73500,0,95500,H307,29.986469,-90.060863,83.1,82.1,81.7
NOPB,D20150907T,2015-09-07,5:15 AM,Broken train collision,0,NEW ORLEANS,LA,80,4,Dark,Clear,Yard,Yard/switching,3,54768,108,69674,H307,29.915514,-90.11827,82.5,83.8,84.5
MBTA,5703,2016-08-11,11:26 AM,Hwy-rail crossing,0,WAKEFIELD,MA,88,2,Day,Clear,Main,Passenger Train - Pushing,30,14622,0,14622,M304,42.4975,-71.071667,73.4,83.8,84.5
UP,0323PR018,2023-03-28,5:49 AM,Other impacts,0,MELROSE PARK,IL,27,1,Dawn,Cloudy,Yard,Cut of cars,0,15271,9688,39222,H318,41.895634,-87.888923,39,40.2,37.1
UP,0721HL004,2021-07-04,1:34 AM,Other (describe in narrative),0,HERINGTON,KS,67,4,Dark,Cloudy,Yard,Single Car,0,12390,0,12390,M501,38.664029,-96.949972,76.4,78,78.7
NS,138264,2020-06-17,8:15 AM,Derailment,0,IRONDALE,AL,72,2,Day,Clear,Yard,Yard/switching,3,14200,13677,27877,M405,33.555372,-86.683971,72.2,72.3,74.8
IC,978059,2018-11-03,2:00 PM,Derailment,0,METAIRIE,LA,72,2,Day,Clear,Main,,0,0,21085,65134,H503,29.970151,-90.173806,60.5,64.5,70.3
CSX,000208864,2022-12-17,4:37 AM,Derailment,0,BRUNSWICK,MD,40,1,Dawn,Clear,Yard,Freight Train,6,118262,2184,120446,H702,39.312989,-77.635425,39,37.6,33.8
CSX,000212165,2023-07-06,4:46 PM,Other impacts,0,RUSSELL,KY,82,2,Day,Clear,Yard,Cut of cars,7,28500,0,95953,H021,38.532101,-82.69768,78.5,76.2,77.2
UP,0524GC001,2024-05-02,6:15 AM,Other impacts,0,LOTTIE,LA,73,1,Dawn,Clear,Yard,Yard/switching,10,115501,0,160155,S016,30.526206,-91.555185,75.3,74.7,71.1
NS,155636,2024-01-31,4:30 PM,Side collision,0,DECATUR,AL,35,3,Dusk,Clear,Yard,Cut of cars,6,11500,0,61500,H018,34.61547,-86.983774,45.7,41,41.4
CSX,000210806,2023-04-14,8:03 AM,Other impacts,0,SHORTER,AL,74,2,Day,Clear,Main,Spec. MoW Equip.,12,2000,0,27300,M599,32.441824,-85.901658,67.8,66.4,66.6
ALS,0323AS003,2023-03-05,4:15 PM,Other impacts,0,EAST ST LOUIS,IL,62,2,Day,Clear,Yard,Cut of cars,7,80700,19062,147312,M407,38.594466,-90.146386,44.5,50.1,58.9
WC,961683,2018-06-05,11:24 AM,Obstruction,0,GARY,IN,60,2,Day,Clear,Yard,Yard/switching,10,14000,0,14000,H993,41.614927,-87.365134,68.2,62.9,65.5
BNSF,KS0316115,2016-03-31,2:15 PM,Other (describe in narrative),0,HOLCOMB,KS,57,2,Day,Clear,Main,Maint./inspect Car,4,14572,0,14572,M599,37.980311,-100.960342,57.5,44.7,40.3
CSX,000192464,2020-09-05,11:00 AM,Other impacts,0,MOBILE,AL,95,2,Day,Clear,Yard,Yard/switching,3,8658,0,79848,H309,30.711374,-88.046532,84.4,87.1,83.2
CSX,000197897,2021-05-30,10:05 PM,Other impacts,0,MONTGOMERY,AL,73,4,Dark,Clear,Yard,Yard/switching,6,11500,0,36632,H306,32.375967,-86.32647,70.8,66.4,72.2
WC,1121647,2022-12-30,3:15 AM,Derailment,0,GARY,IN,55,4,Dark,Rain,Yard,,0,0,5420,5420,H702,41.629815,-87.412033,50.9,43.7,33.4
UP,0416DV001,2016-04-01,1:00 AM,Derailment,0,DENVER,CO,30,4,Dark,Cloudy,Yard,Freight Train,7,12712,3644,16356,S103,39.771368,-104.973377,31.6,35.4,47.4
BNSF,GC0816103,2016-08-11,6:40 PM,Derailment,0,LAKE CHARLES,LA,92,3,Dusk,Clear,Main,Freight Train,24,326054,0,332424,H503,30.242268,-93.276019,83.2,83.4,83.4
BNSF,CH0115126,2015-01-31,4:00 AM,Derailment,0,GALESBURG,IL,27,1,Dawn,Cloudy,Yard,Yard/switching,4,33071,10000,43071,M101,40.903989,-90.385694,25.4,31.1,26.4
NS,130629,2018-08-18,2:15 PM,Derailment,0,MACON,GA,82,2,Day,Cloudy,Yard,Yard/switching,5,47123,27656,74779,E04C,32.813658,-83.622785,78.4,77.7,79.4
BNSF,KS1220109,2020-12-28,1:36 AM,Derailment,0,KANSAS CITY,KS,40,4,Dark,Clear,Yard,Yard/switching,2,14234,0,14234,E34C,39.087217,-94.701586,44.7,32.7,31.6
BNSF,GC0215105,2015-02-11,3:35 AM,Derailment,0,LAFAYETTE,LA,55,4,Dark,Clear,Main,Freight Train,5,500,12000,12500,H701,30.234967,-92.070003,54.6,56.6,53.7
NS,135990,2019-10-29,7:30 PM,Other impacts,0,IRONDALE,AL,72,3,Dusk,Clear,Yard,Yard/switching,4,17444,100,117544,M407,33.548905,-86.67801,57.5,60.4,70.7
GRS,20211226J1,2021-12-26,11:00 AM,Derailment,0,FAIRFIELD,ME,25,2,Day,Clear,Main,Freight Train,6,44500,11615,56115,T220,44.663783,-69.624596,21.8,29.2,25.2
CSX,000207444,2022-09-23,3:15 PM,Derailment,0,BIRMINGHAM,AL,90,2,Day,Clear,Yard,Cut of cars,7,11572,0,11572,H318,33.543615,-86.790111,80.1,69.3,72.6
CSX,000220124,2024-08-25,5:02 PM,Derailment,0,INDIANAPOLIS,IN,78,3,Dusk,Cloudy,Yard,Yard/switching,3,27650,7895,91245,H305,39.759798,-86.327516,77.4,80.7,80.7
TASD,D20180905A,2018-09-05,7:00 PM,Derailment,0,MOBILE,AL,80,3,Dusk,Cloudy,Industry,Freight Train,5,13564,3453,17017,T221,30.6705,-88.0428,79.1,78.8,81.3
IC,1021268,2019-12-13,12:00 PM,Derailment,0,GONZALES,LA,59,2,Day,Cloudy,Yard,Freight Train,10,183300,19000,202300,T220,30.23551,-91.080598,49.9,55.5,58.4
UP,1217PR031,2017-12-04,7:57 PM,Obstruction,0,BRAIDWOOD,IL,62,4,Dark,Cloudy,Main,,0,0,0,15061,M404,41.267569,-88.207738,42.4,58.3,33.5
ABS,230813001,2023-08-13,12:30 AM,Other impacts,0,TUSCALOOSA,AL,83,4,Dark,Clear,Yard,Cut of cars,0,55000,1000,61000,H306,33.202063,-87.573306,84,86.2,87
KCS,18120401,2018-12-04,1:30 AM,Derailment,0,SHREVEPORT,LA,40,4,Dark,Clear,Yard,Cut of cars,0,3971,0,29743,M411,32.533851,-93.834819,49.9,41.8,42.5
IC,951642,2018-03-02,7:36 AM,Hwy-rail crossing,0,HUMBOLDT,IL,34,2,Day,Clear,Main,,0,0,17744,24930,M308,39.601028,-88.321365,45,37.9,39.4
HRRC,0219,2019-07-17,5:23 PM,Derailment,0,STOCK BRIDGE,MA,92,2,Day,Clear,Main,Freight Train,10,1846,23206,25052,E29C,42.300087,-73.332886,54,49.3,49.6
UP,0617DV004,2017-06-02,2:52 PM,Derailment,0,GRAND JUNCTION,CO,85,2,Day,Cloudy,Main,Freight Train,28,106914,27294,134208,M199,39.03611,-108.567209,69.4,69.9,73.5
NS,146656,2022-09-30,2:25 PM,Other impacts,0,IRONDALE,AL,51,2,Day,Clear,Yard,Light loco(s),6,5605,275,34775,H310,33.548905,-86.678008,61.3,63.2,62
IC,851624,2015-05-29,2:30 AM,Derailment,0,OTTO,IL,80,4,Dark,Clear,Yard,Freight Train,3,48511,1577,50088,T220,41.05215,-87.889969,70.1,74.6,62.1
NS,141760,2021-06-03,5:00 PM,Derailment,0,IRONDALE,AL,76,3,Dusk,Cloudy,Yard,Yard/switching,2,73097,1715,130855,H317,33.548905,-86.678008,75.4,75.9,75.1
CSX,000204504,2022-04-24,3:15 AM,Side collision,0,BIRMINGHAM,AL,65,4,Dark,Clear,Yard,Yard/switching,0,16554,0,20186,E08C,33.543615,-86.790111,72.8,73.1,74
NOGC,NOGC00017F,2022-11-01,8:25 AM,Derailment,0,WESTWEGO,LA,70,2,Day,Clear,Yard,Freight Train,4,165000,0,206661,H607,29.91522,-90.1658,67.1,68.3,70
BRC,14255,2019-05-08,5:00 PM,Derailment,0,CHICAGO,IL,65,2,Day,Clear,Yard,,0,0,27673,72552,H702,41.763838,-87.730599,46.5,56.4,59.6
BRC,14271,2019-06-15,6:23 AM,Derailment,0,BEDFORD PARK,IL,65,1,Dawn,Clear,Yard,,0,0,3818,18111,M409,41.763806,-87.730325,67,66.2,58.8
ALM,ALM053116D,2016-08-12,11:48 AM,Derailment,0,COLLINSTON,LA,92,2,Day,Clear,Yard,Freight Train,7,30300,38050,68350,E46C,32.690328,-91.870598,82.5,81.8,74.9
BNSF,KS1222108,2022-12-21,5:13 AM,Derailment,0,KANSAS CITY,KS,-8,1,Dawn,Snow,Yard,Light loco(s),5,29400,3000,32400,H703,39.087384,-94.70002,23.2,28.4,1.1
WTA,171031WTA,2017-10-31,2:50 AM,Derailment,0,WICHITA,KS,30,4,Dark,Clear,Yard,Yard/switching,5,8390,1550,28534,M503,37.71452,-97.33046,48.6,35.8,47.6
KO,210815001,2021-08-15,7:15 PM,Derailment,0,GENESEO,KS,75,3,Dusk,Rain,Siding,Cut of cars,0,53000,0,53000,M105,38.514998,-98.182888,76.2,73.9,75.7
NS,144029,2022-01-15,6:00 AM,Other (describe in narrative),0,CALERA,AL,50,1,Dawn,Cloudy,Industry,Light loco(s),10,288,16000,16288,H702,33.095639,-86.802531,48.3,47.1,41.2
KO,240710002,2024-07-10,12:10 AM,Derailment,0,LYONS,KS,74,4,Dark,Clear,Industry,Freight Train,2,12600,225,12825,H702,38.17804,-98.113419,75.3,79.6,82.5
CSX,000208713,2022-12-06,4:25 AM,Derailment,0,DOTHAN,AL,59,4,Dark,Clear,Yard,Cut of cars,0,43788,29236,113272,T211,31.230753,-85.387194,64.4,69.2,70.2
NS,152352,2023-02-20,12:20 PM,Other (describe in narrative),0,DECATUR,IL,55,2,Day,Clear,Yard,Freight Train,3,15730,2108,17838,H702,39.858407,-88.898385,46.1,44.5,42.1
CSX,000192464,2020-09-05,11:00 AM,Other impacts,0,MOBILE,AL,95,2,Day,Clear,Yard,Cut of cars,3,70994,196,79848,H309,30.711374,-88.046532,84.4,87.1,83.2
UP,0319GL066,2019-03-21,4:45 PM,Other impacts,0,MELROSE PARK,IL,48,2,Day,Cloudy,Yard,Single Car,0,92,0,21419,M411,41.897901,-87.898267,41.8,40,38.4
BNSF,PR0418113,2018-04-19,6:05 PM,Derailment,0,DENVER,CO,53,3,Dusk,Clear,Yard,Yard/switching,8,11015,5000,16015,H503,39.768449,-104.991831,41.5,48.8,45.6
BNSF,KS0617117,2017-06-29,1:14 PM,Obstruction,0,LECOMPTON,KS,92,2,Day,Clear,Main,,0,0,0,16641,M404,39.031263,-95.344724,81.4,75.9,74.1
BNSF,HL1019124,2019-10-28,9:25 PM,Derailment,0,TEMPLETON,IA,30,4,Dark,Clear,Industry,Freight Train,10,257173,0,257173,H211,41.923311,-94.954044,40.6,33.1,31.8
NS,155638,2024-01-31,7:45 AM,Hwy-rail crossing,0,OAKMAN,AL,31,1,Dawn,Clear,Siding,Spec. MoW Equip.,5,25000,0,25000,M302,33.713908,-87.334928,47.7,45.7,44.7
CSX,000202836,2022-02-01,11:06 PM,Other impacts,0,MOBILE,AL,65,4,Dark,Cloudy,Yard,Yard/switching,8,14798,0,14798,H601,30.711363,-88.046535,52.4,57.4,61.9
NS,141016,2021-03-23,11:00 PM,Other impacts,0,MUSCLE SHOALS,AL,72,4,Dark,Cloudy,Yard,Cut of cars,3,3566,39214,43556,E31C,34.712551,-87.616782,60.1,62.6,62.5
NS,143187,2021-10-17,11:00 PM,Derailment,0,IRONDALE,AL,45,4,Dark,Clear,Yard,Yard/switching,4,12967,67027,79994,H506,33.548905,-86.678008,64.4,55.1,57.1
FEC,T09021624,2024-02-16,7:01 PM,Other (describe in narrative),0,VERO BEACH,FL,71,4,Dark,Clear,Main,,0,0,0,16000,M599,27.609091,-80.38457,65.8,68.3,64.7
IC,844674,2015-03-23,9:30 PM,Other impacts,0,GEISMAR,LA,60,4,Dark,Clear,Yard,Yard/switching,7,15200,0,15200,M599,30.169339,-90.966847,69.9,62,65.6
CFRC,24066,2024-03-06,3:12 PM,Derailment,0,DELAND,FL,83,2,Day,Clear,Industry,Spec. MoW Equip.,8,14795,250,15045,H303,28.976684,-81.332173,69.9,73.7,69
BNSF,KS1221112,2021-12-14,6:17 PM,Derailment,0,KANSAS CITY,KS,65,3,Dusk,Clear,Yard,Yard/switching,7,17687,1629,19316,M411,39.085881,-94.68962,46.9,56.2,67.4
NS,139460,2020-10-18,7:45 PM,Other impacts,0,IRONDALE,AL,72,3,Dusk,Clear,Yard,Single Car,6,10494,0,11494,M411,33.548905,-86.67801,55.9,65.2,70.2
NS,137025,2020-02-02,4:15 PM,Other (describe in narrative),0,FRANKFORT,IN,48,3,Dusk,Clear,Main,Freight Train,5,39419,8643,48062,M405,40.282467,-86.546804,36.2,45.9,48.2
NS,145472,2022-06-06,9:13 PM,Derailment,0,ELKHART,IN,76,4,Dark,Clear,Yard,Yard/switching,15,147173,178503,325676,H525,41.671248,-85.995315,69.9,69.1,63.8
BNSF,KS1019108,2019-10-14,10:30 PM,Side collision,0,KANSAS CITY,KS,64,4,Dark,Clear,Yard,Yard/switching,7,2125,25500,34000,M407,39.082264,-94.678163,51.9,57.4,61.1
ATK,167860,2021-07-27,4:31 AM,Derailment,0,SPRINGFIELD,MA,70,4,Dark,Clear,Yard,Passenger Train - Pulling,5,21765,4770,26535,H303,42.10336,-72.59637,76,72.7,70
UP,0816LV004,2016-08-11,6:40 PM,Derailment,0,WESTLAKE,LA,88,3,Dusk,Clear,Main,,0,0,6370,332424,H503,30.242268,-93.276019,83.3,83.4,83.6
CSX,000210100,2023-03-01,12:00 AM,Other impacts,0,AVON,IN,36,4,Dark,Clear,Yard,Yard/switching,10,66688,0,107069,S007,39.759821,-86.327532,44.8,53.7,44.3