reportingrailroadcode,accidentnumber,date,time,accidenttype,hazmatreleasedcars,station,stateabbr,temperature,visibility_code,visibility,weathercondition,tracktype,equipmenttype,trainspeed,equipmentdamagecost,trackdamagecost,totaldamagecost,primaryaccidentcausecode,latitude,longitude,prior_temp,actual_temp,following_temp
NIRC,CPH003,2014-12-09,3:30 AM,Derailment,0,BENSENVILLE,IL,35,4,Dark,Clear,Main,,0,0,580,102367,H505,41.95262,-87.918557,34.3,34.5,30.8
UP,1121GC017,2021-11-15,4:32 PM,Other (describe in narrative),0,MARINGOUIN,LA,65,2,Day,Clear,Yard,Yard/switching,4,20528,0,20528,M411,30.527882,-91.556531,50.8,58.5,62.9
CSX,000175593,2018-04-02,4:48 PM,Hwy-rail crossing,0,ACWORTH,GA,70,2,Day,Clear,Main,Freight Train,35,101283,11461,112744,M304,34.067101,-84.680702,60.6,67.1,67
KYLE,KYL795821L,2021-06-08,5:30 PM,Obstruction,0,SIMPSON,KS,85,2,Day,Clear,Main,Maint./inspect Car,0,0,0,25000,H402,39.393896,-97.950173,76.1,76.1,78.9
CSX,000196234,2021-03-11,3:25 AM,Side collision,0,INDIANAPOLIS,IN,50,4,Dark,Clear,Yard,Yard/switching,3,120919,2120,127490,H306,39.759791,-86.327526,61.3,59.9,49
NS,132449,2019-01-16,1:20 PM,Other impacts,0,MACON,GA,57,2,Day,Clear,Yard,Yard/switching,9,2390,11899,14364,M411,32.813658,-83.622785,42.3,41.8,45.2
ISRR,ISR041819A,2019-05-07,2:00 PM,Fire/violent rupture,0,OAKLAND CITY,IN,75,2,Day,Clear,Main,Spec. MoW Equip.,0,30000,0,30000,M406,38.350597,-87.337094,63.4,67.3,72.6
BLF,20244381,2024-04-07,6:02 AM,Hwy-rail crossing,0,NORTH MIAMI BEACH,FL,75,1,Dawn,Clear,Main,Passenger Train - Pulling,45,20752,0,21173,M308,25.947475,-80.147559,72.5,73.2,73.6
BRC,14403,2020-11-08,12:20 AM,Other impacts,0,BEDFORD PARK,IL,54,4,Dark,Clear,Yard,Single Car,3,13355,0,13355,H318,41.767743,-87.774872,61.7,66,69.6
UP,1018LV022,2018-10-17,8:20 AM,Hwy-rail crossing,0,ST JAMES,LA,70,2,Day,Fog,Main,Freight Train,45,40968,99,41067,M304,29.975727,-90.81849,76.7,70,71.7
UP,0616TC007,2016-06-19,12:45 PM,Other impacts,0,EAGLE GROVE,IA,90,2,Day,Clear,Yard,Single Car,1,869,0,68385,H021,42.675897,-93.916217,76.3,79,76.6
CSX,000184097,2019-07-12,5:56 PM,Hwy-rail crossing,0,BRUNDIDGE,AL,74,2,Day,Clear,Main,Freight Train,38,20576,97,20673,M302,31.720285,-85.813805,80.5,78.8,77.4
UP,0519GL038,2019-05-28,2:12 AM,Derailment,0,CEDAR RAPIDS,IA,61,4,Dark,Cloudy,Yard,,0,0,45496,95239,H514,41.993309,-91.674208,68.1,57.6,63.3
PAL,2016OCT1D,2016-10-09,1:01 PM,Derailment,0,MADISONVILLE,KY,75,2,Day,Clear,Yard,Freight Train,8,18653,0,22208,E40C,37.3375,-87.4867,60.6,58.9,61.1
BNSF,CH1123103,2023-11-02,8:10 PM,Derailment,0,MONTGOMERY,IL,42,3,Dusk,Clear,Industry,Yard/switching,9,4753,10000,14753,H307,41.712898,-88.35892,32.3,40.7,47.1
UP,0318KC019,2018-03-12,3:45 PM,Derailment,0,WICHITA,KS,50,2,Day,Clear,Main,,0,0,19687,20687,H603,37.715088,-97.330764,40.4,37.6,41.7
CSX,000206071,2022-07-12,8:33 AM,Derailment,0,BIRMINGHAM,AL,91,2,Day,Clear,Main,Freight Train,9,32208,23210,55418,E67C,33.47072,-86.84623,80.8,82.2,80.2
ATK,168721,2021-09-14,9:00 AM,Other (describe in narrative),0,MIDDLE RIVER,MD,80,2,Day,Clear,Main,,0,0,0,205193,H099,39.340192,-76.413927,79,77.9,78.4
UP,0716KC011,2016-07-14,7:30 AM,Derailment,0,HIAWATHA,KS,85,2,Day,Clear,Industry,Single Car,5,139,11509,11648,M504,39.854856,-95.542451,77.7,74.6,70.3
CSX,000194740,2020-12-31,12:03 AM,Derailment,0,DANVILLE,IN,28,4,Dark,Cloudy,Main,Freight Train,27,14200,101267,115467,E06C,39.732039,-86.601452,37.7,26.6,34.3
BNSF,CH1120112,2020-11-27,12:00 PM,Derailment,0,CHICAGO,IL,39,2,Day,Cloudy,Yard,Light loco(s),5,13321,300,13621,H525,41.810079,-87.71323,42.9,40.3,39.2
CSX,000216626,2024-03-07,8:35 PM,Other impacts,0,SOUTH PORTLAND,ME,37,4,Dark,Clear,Yard,Yard/switching,2,60,116,48350,H306,43.618877,-70.29904,41.4,40.4,38.5
NS,129635,2018-05-29,6:10 AM,Other (describe in narrative),0,MUSCLE SHOALS,AL,70,1,Dawn,Clear,Yard,Yard/switching,4,15,143576,143591,H702,34.712551,-87.616781,76.6,73.8,75.5
IC,1145031,2024-02-14,6:05 PM,Hwy-rail crossing,0,NEOGA,IL,46,3,Dusk,Clear,Main,,0,0,0,15721,M302,39.277483,-88.472424,39,41.7,43.4
BNSF,CH0315101,2015-03-08,4:15 AM,Derailment,0,GALESBURG,IL,29,1,Dawn,Clear,Yard,Yard/switching,7,17306,4000,21306,H307,40.915761,-90.38059,37.4,36.4,39.2
ATK,156672,2018-12-10,6:39 PM,Hwy-rail crossing,0,CHAMPAIGN,IL,24,4,Dark,Fog,Main,Passenger Train - Pulling,51,26518,0,28662,M304,40.12728,-88.23599,22.8,19,30
NICD,N1900002,2019-01-20,8:15 PM,Other impacts,0,MICHIGAN CITY,IN,15,4,Dark,Snow,Yard,Cut of cars,5,0,26547,26547,M101,41.713205,-86.864495,22.9,12.1,5.2
UP,0421PR011,2021-04-16,12:00 PM,Other impacts,0,ELWOOD,IL,50,2,Day,Clear,Yard,Single Car,0,166880,0,178443,H306,41.450409,-88.117406,46.6,46.9,46.4
IC,983532,2019-01-06,12:27 AM,Derailment,0,BATON ROUGE,LA,42,4,Dark,Cloudy,Yard,Freight Train,2,17800,775,18575,H306,30.513054,-91.182911,48.9,52.6,56.6
CSX,000202382,2022-01-12,11:46 PM,Derailment,0,WAYCROSS,GA,40,4,Dark,Cloudy,Yard,Yard/switching,5,2200,0,19918,H318,31.203671,-82.365788,45.4,49.2,52.5
CSX,000194888,2021-01-08,9:42 PM,Derailment,0,MONTGOMERY,AL,60,4,Dark,Cloudy,Yard,Yard/switching,4,29870,97,29967,H312,32.375967,-86.32647,44.8,42.8,38.6
NS,142774,2021-09-06,11:45 AM,Derailment,0,IRONDALE,AL,75,2,Day,Clear,Yard,Yard/switching,2,38322,6693,146240,S006,33.555372,-86.683971,78.7,77.8,78.3
UP,0822MA034,2022-08-26,10:12 PM,Derailment,0,DUPO,IL,81,4,Dark,Clear,Yard,Freight Train,3,23541,7960,31501,E64C,38.520892,-90.210449,75.9,77.6,77.4
CSX,000196734,2021-04-01,5:14 PM,Hwy-rail crossing,0,BESSEMER,AL,55,3,Dusk,Clear,Main,Light loco(s),25,28526,0,28526,M303,33.405715,-86.946044,59.6,45.3,45
LXVR,LXV437623D,2023-06-07,4:45 AM,Derailment,0,MILLPORT,AL,62,4,Dark,Clear,Main,Freight Train,5,2000,37582,39582,H702,33.57073,-88.033288,75.8,77.9,74.8
UP,0423GC023,2023-04-23,1:21 AM,Other (describe in narrative),0,MARINGOUIN,LA,59,4,Dark,Clear,Yard,Yard/switching,5,85154,0,85154,M201,30.526698,-91.555085,66.7,62.6,61.9
UP,0819GL008,2019-08-04,9:51 PM,Derailment,0,MARSHALLTOWN,IA,76,4,Dark,Clear,Yard,Freight Train,7,1660,42828,44488,H503,42.042945,-92.899816,73.6,73.4,75.2
BNSF,CH0515102,2015-05-03,8:10 PM,Other (describe in narrative),0,CHICAGO,IL,70,3,Dusk,Clear,Main,Freight Train,8,10901,0,10901,H305,41.845592,-87.739119,65.9,68.4,65.3
ATK,170134,2022-03-25,4:30 PM,Hwy-rail crossing,0,YORK,AL,75,2,Day,Clear,Main,Passenger Train - Pulling,58,21976,0,33976,M302,32.496715,-88.283928,55.6,56,56.8
CSX,000210072,2023-02-27,8:15 AM,Derailment,0,NEW ORLEANS,LA,75,2,Day,Clear,Main,Freight Train,8,28189,13223,41412,M204,30.013097,-89.987079,70.8,75.1,74.6
ATK,173868,2022-11-26,10:10 PM,Derailment,0,CHICAGO,IL,46,4,Dark,Cloudy,Main,,0,0,51612,51612,T222,41.885807,-87.640783,42.5,44.4,42.7
UP,0422HL013,2022-04-21,10:23 AM,Derailment,0,COFFEYVILLE,KS,67,2,Day,Rain,Yard,Yard/switching,8,47930,99,48029,H505,37.030181,-95.626515,60.6,68.5,74.7
MBTA,5718,2018-06-25,10:58 AM,Hwy-rail crossing,0,LITTLETON,MA,80,2,Day,Clear,Main,Passenger Train - Pulling,21,5558,76000,81558,M308,42.519345,-71.502324,66.3,67.1,65
CSX,000187283,2019-12-21,2:00 AM,Other impacts,0,BIRMINGHAM,AL,53,4,Dark,Clear,Yard,Cut of cars,25,301388,0,382258,E34C,33.543607,-86.790089,45.6,49.3,46.6
NS,130088,2018-07-05,3:13 AM,Derailment,0,PELL CITY,AL,72,4,Dark,Clear,Main,Freight Train,40,1446457,634078,2080535,H504,33.586973,-86.30817,79.7,79.6,77.2
GRW,01,2015-01-02,9:25 PM,Derailment,0,GARY,IN,32,4,Dark,Clear,Yard,Yard/switching,5,10214,31573,41787,H308,41.619421,-87.352278,22.6,26.7,33.4
NS,145581,2022-06-18,6:00 PM,Other (describe in narrative),0,IRONDALE,AL,80,3,Dusk,Clear,Yard,Single Car,6,300,13863,14163,S006,33.548905,-86.678009,82.3,81.2,77.7
INRD,644275,2021-03-05,3:35 PM,Derailment,0,JASONVILLE,IN,50,2,Day,Clear,Siding,Yard/switching,5,1000,10400,11400,H704,39.146251,-87.196672,42.1,36.1,37.4
NS,115668,2015-05-15,1:00 PM,Derailment,0,ATLANTA,GA,80,2,Day,Cloudy,Yard,Freight Train,2,20000,41454,61454,H303,33.793908,-84.445462,72.1,73.9,75
UP,0519HL014,2019-05-10,2:04 AM,Other impacts,0,KANSAS CITY,KS,44,4,Dark,Clear,Yard,Single Car,0,7740,0,16325,H312,39.096639,-94.662301,49.4,54.1,54.7
UP,0420PR021,2020-04-27,1:00 PM,Obstruction,0,LOVES PARK,IL,61,2,Day,Rain,Industry,Light loco(s),9,500,108724,109224,M101,42.276647,-89.083268,53.3,54.4,60.3
CP,1000151494,2014-12-09,3:30 AM,Derailment,0,BENSENVILLE,IL,35,4,Dark,Clear,Yard,Yard/switching,4,28078,73709,102367,H505,41.95262,-87.918557,34.3,34.5,30.8
CSX,000145694,2015-05-02,9:26 PM,Side collision,0,ATLANTA,GA,55,4,Dark,Clear,Yard,Single Car,5,54970,0,57283,E09C,33.799641,-84.439903,59.7,63,66.2
CSX,000196234,2021-03-11,3:25 AM,Side collision,0,INDIANAPOLIS,IN,50,4,Dark,Clear,Yard,Light loco(s),7,4451,0,127490,H306,39.759791,-86.327526,61.3,59.9,49
KCS,16081902,2016-08-19,12:22 PM,Derailment,0,SHREVEPORT,LA,84,2,Day,Cloudy,Yard,Yard/switching,4,677,20701,21378,H702,32.526987,-93.82652,76.1,78.5,81.4
NS,132478,2019-01-17,9:30 PM,Derailment,0,ELKHART,IN,28,4,Dark,Cloudy,Yard,Yard/switching,2,12276,3887,16163,H504,41.677719,-85.963137,29.8,28.9,30.6
CSX,000216800,2024-03-17,10:45 PM,Other impacts,0,OWENSBORO,KY,45,4,Dark,Clear,Yard,Yard/switching,3,2825,0,24975,H318,37.773969,-87.080107,50.9,47.6,33.9
MBTA,19098,2019-04-09,7:40 PM,Side collision,0,BOSTON,MA,40,4,Dark,Clear,Main,Passenger Train - Pushing,15,326236,0,427875,H221,42.343286,-71.059998,44.6,38.5,41.5
NS,121765,2016-08-20,1:00 PM,Hwy-rail crossing,0,HARRODSBURG,KY,80,2,Day,Cloudy,Main,Freight Train,15,581,152448,153029,M303,37.770826,-84.857387,75.6,73.9,73.4
MBTA,1955,2015-01-29,2:03 PM,Side collision,0,BOSTON,MA,28,2,Day,Clear,Yard,Passenger Train - Pulling,2,7203,0,16391,H999,42.240128,-71.130362,17.9,22.6,30.3
UP,0219GC027,2019-02-16,10:15 AM,Derailment,0,LOTTIE,LA,64,2,Day,Cloudy,Yard,Single Car,0,100,0,15219,E07C,30.526033,-91.555147,66.2,62.4,64.1
TRRA,15006,2015-03-13,4:45 PM,Other impacts,0,VENICE,IL,51,2,Day,Rain,Yard,Single Car,0,26000,18784,44784,M407,38.669883,-90.16289,53.7,50.7,53.5
BNSF,CH0519108,2019-05-17,5:00 AM,Other impacts,0,GALESBURG,IL,60,1,Dawn,Cloudy,Yard,Yard/switching,3,25162,0,25162,E09C,40.90542,-90.384501,72.7,67,64.9
BNSF,CH1214115,2014-12-26,8:30 PM,Derailment,0,GALESBURG,IL,41,3,Dusk,Cloudy,Yard,Yard/switching,4,40096,600,40696,H307,40.91583,-90.38059,38.4,44.7,37.3
CSX,000159422,2016-05-01,6:35 AM,Derailment,2,WASHINGTON DC,DC,50,4,Dark,Rain,Main,Freight Train,27,421774,487085,908859,E54C,38.929578,-76.993878,53.9,54.9,62.7
CSX,000207573,2022-09-30,11:45 PM,Hwy-rail crossing,0,MOBILE,AL,65,4,Dark,Clear,Main,Freight Train,22,0,16480,16480,M301,30.683209,-88.038554,67.4,68.5,69.3
CSX,000147646,2015-06-10,3:30 PM,Derailment,0,GREENSBORO,GA,89,2,Day,Clear,Main,Freight Train,35,137487,167298,304785,E51C,33.600387,-83.141547,70,67.9,71
UP,0815ES025,2015-08-13,3:30 PM,Obstruction,0,BONITA,LA,93,2,Day,Clear,Main,Spec. MoW Equip.,0,800,0,20533,H995,32.941736,-91.658613,84.2,80.8,79.4
CSX,000141429,2015-02-12,5:30 AM,Other impacts,0,AVON,IN,18,4,Dark,Snow,Yard,Single Car,10,1327,0,14199,E09C,39.759222,-86.353899,30.7,19.3,19.3
NS,138614,2020-07-23,1:15 AM,Derailment,0,IRONDALE,AL,75,4,Dark,Clear,Yard,Yard/switching,4,4998,5900,10898,H504,33.548905,-86.67801,81.6,83.1,79.5
UP,1118PR022,2018-11-25,4:10 PM,Derailment,0,STERLING,IL,31,2,Day,Snow,Yard,Yard/switching,4,2031,1320,11848,H302,41.788585,-89.725588,41.5,33.1,26.2
BNSF,KS1222104,2022-12-05,4:28 AM,Side collision,0,KANSAS CITY,KS,40,1,Dawn,Clear,Yard,Freight Train,6,84406,0,129116,H607,39.086977,-94.694749,34.9,41.9,39.3
CSX,000194337,2020-12-09,7:55 AM,Side collision,0,LOUISVILLE,KY,34,1,Dawn,Clear,Yard,Cut of cars,0,14299,0,21925,H302,38.160709,-85.749174,36,45.3,47.4
WC,1151672,2024-06-14,9:45 PM,Derailment,0,GARY,IN,63,4,Dark,Clear,Yard,Freight Train,2,3180,10938,14118,H702,41.623866,-87.384534,76.8,71.5,71.8
CSX,000150324,2015-08-05,1:55 PM,Side collision,0,CHAVIES,KY,85,2,Day,Clear,Industry,Cut of cars,0,18357,0,18357,M501,37.360281,-83.370548,72.3,72.7,69.8
CSX,000170912,2017-08-12,7:50 PM,Derailment,0,ELIZABETHTOWN,KY,82,2,Day,Clear,Main,Freight Train,22,1017541,165779,1183320,E39C,37.770348,-85.790136,72.7,74.4,71.6
FEC,X09013024,2024-01-30,9:33 PM,Hwy-rail crossing,0,POMPANO BEACH,FL,64,4,Dark,Clear,Main,,0,0,1010,17010,M302,26.231583,-80.125823,59.3,61.9,63.5
UP,0719PR005,2019-07-02,8:30 PM,Other impacts,0,MELROSE PARK,IL,74,4,Dark,Cloudy,Yard,Yard/switching,4,176396,98799,275295,H021,41.89324,-87.88414,79.9,82.5,77.4
BNSF,CH0822107,2022-08-08,8:00 PM,Derailment,0,ELWOOD,IL,70,3,Dusk,Cloudy,Yard,Freight Train,10,30000,4000,34000,H607,41.403445,-88.157212,78.3,75.4,69.4
UP,0518TC016,2018-05-19,1:00 PM,Derailment,0,MASON CITY,IA,70,2,Day,Clear,Yard,Light loco(s),4,250,21350,21600,H702,43.16634,-93.213083,70.1,62.7,53.9
SAN,09042019,2019-09-04,9:45 AM,Hwy-rail crossing,0,SANDERSVILLE,GA,85,2,Day,Clear,Main,Freight Train,19,11000,97,11097,M304,33.00073,-82.83596,79.3,81.3,83.8
UP,1119PR015,2019-11-25,3:45 AM,Derailment,0,NORTHLAKE,IL,38,4,Dark,Clear,Yard,Yard/switching,10,88477,40872,129349,H703,41.927391,-87.914558,41.6,44.1,41.4
BNSF,HL0322101,2022-03-01,5:49 AM,Derailment,0,BIRMINGHAM,AL,36,1,Dawn,Clear,Yard,Yard/switching,4,15956,0,41394,H702,33.527486,-86.848575,48.3,50.3,56.4
KCS,15091201,2015-09-12,12:15 AM,Other impacts,0,WESTLAKE,LA,76,4,Dark,Cloudy,Industry,Cut of cars,5,22231,0,87686,H318,30.239855,-93.268347,75.4,75.7,68.9
UP,0917TC020,2017-09-26,9:15 AM,Derailment,0,MASON CITY,IA,60,2,Day,Cloudy,Yard,Freight Train,3,92714,6010,98724,H704,43.161252,-93.210911,67.1,61.2,55.2
TSWS,911166002,2016-12-13,1:30 AM,Side collision,0,JOLIET,IL,19,4,Dark,Clear,Yard,Yard/switching,8,10000,0,35000,H399,41.481307,-88.097788,19.7,14.1,10.4
NS,152701,2023-03-27,7:44 AM,Other impacts,0,ELKHART,IN,42,1,Dawn,Cloudy,Yard,Single Car,3,28000,0,31700,M411,41.677392,-85.978437,42.4,42.5,37.8
BNSF,PR0716102,2016-07-08,9:30 AM,Other impacts,0,DENVER,CO,80,2,Day,Clear,Yard,Yard/switching,9,12000,637,152952,H607,39.779313,-104.976035,74.2,74.3,79.1
NS,130307,2018-07-22,11:30 PM,Other impacts,0,ELKHART,IN,72,4,Dark,Cloudy,Yard,Yard/switching,3,19960,0,19960,H399,41.67736,-85.978495,70,70.2,68.8
ATK,173131,2022-11-08,5:08 AM,Derailment,0,MIDDLE RIVER,MD,51,1,Dawn,Clear,Main,,0,0,8936,705105,H307,39.343895,-76.401641,66.9,52.2,48.2
UP,0519GC020,2019-05-07,4:53 PM,Hwy-rail crossing,0,SHREVEPORT,LA,85,2,Day,Clear,Main,Freight Train,38,1319983,153547,1473530,M303,32.270448,-93.534794,74.9,77.6,72.6
BNSF,HL0818123,2018-08-30,1:30 AM,Rear end collision,0,ADAMSVILLE,AL,75,4,Dark,Clear,Main,Freight Train,0,47559,0,923312,H605,33.63348,-87.029869,79.7,79.1,78.3
CSX,000173322,2017-12-08,5:00 AM,Side collision,0,RUSSELL,KY,28,4,Dark,Clear,Yard,Yard/switching,0,133203,0,141503,H607,38.531874,-82.697192,32,27,28.7
CSX,000195564,2021-01-28,12:30 AM,Other impacts,0,DOTHAN,AL,48,4,Dark,Clear,Yard,Cut of cars,5,0,0,133823,H020,31.228435,-85.380698,60.4,46.2,44.1
NS,128683,2018-03-02,8:35 AM,Derailment,0,IRONDALE,AL,72,2,Day,Clear,Yard,Yard/switching,8,3800,52083,55883,M405,33.548905,-86.67801,62,49.9,50.7
IHB,2624,2020-08-30,9:30 AM,Other impacts,0,HAMMOND,IN,75,2,Day,Clear,Yard,Yard/switching,3,2100,0,14037,H306,41.604073,-87.472065,74.8,68.1,71
IC,887424,2016-05-05,2:00 AM,Side collision,0,HARAHAN,LA,62,4,Dark,Clear,Yard,Light loco(s),0,15000,0,82965,H306,29.971744,-90.185961,70,72,70.2
BNSF,CH0119123,2019-01-27,8:00 PM,Derailment,0,GALESBURG,IL,15,3,Dusk,Clear,Yard,Yard/switching,8,26458,8200,34658,H308,40.914143,-90.380516,2.8,8.8,19.4
NS,144018,2022-01-14,12:30 AM,Other impacts,0,IRONDALE,AL,37,4,Dark,Clear,Yard,Single Car,4,500,1303,13732,M411,33.548905,-86.678009,47.8,44,46.5
UP,0517DV018,2017-05-19,9:30 PM,Derailment,0,LA SALLE,CO,32,4,Dark,Cloudy,Siding,Yard/switching,5,14795,5770,20565,H318,40.346137,-104.705141,39.3,37.4,48.5
BNSF,CH1115105,2015-11-13,8:32 AM,Derailment,0,CHICAGO,IL,47,1,Dawn,Clear,Yard,,0,0,500,180500,H307,41.871897,-87.638174,46.7,41.4,44.2
UP,1023GC040,2023-10-30,7:10 AM,Other impacts,0,ADDIS,LA,64,2,Day,Clear,Yard,Freight Train,5,554192,0,555066,H302,30.361959,-91.2701,76.1,60,50.6
KCS,22090503,2022-09-05,9:00 PM,Derailment,0,SHREVEPORT,LA,85,4,Dark,Clear,Yard,Yard/switching,10,185471,17340,202811,M411,32.532987,-93.83322,79.8,79.7,81.4
KCS,15100301,2015-10-03,8:05 AM,Derailment,0,MONROE,LA,59,2,Day,Clear,Yard,Light loco(s),6,12796,900,13696,E64L,32.50407,-92.10688,66.5,63.7,60.5
UP,1119MA055,2019-11-27,8:14 AM,Obstruction,0,NILWOOD,IL,38,2,Day,Cloudy,Main,,0,0,0,15718,M404,39.36448,-89.830876,47.1,41.6,33.4
KCS,18120401,2018-12-04,1:30 AM,Derailment,0,SHREVEPORT,LA,40,4,Dark,Clear,Yard,Yard/switching,4,24295,1477,29743,M411,32.533851,-93.834819,49.9,41.8,42.5
CSX,000191960,2020-08-12,12:48 PM,Raking collision,0,FLATWOODS,KY,91,2,Day,Clear,Yard,Light loco(s),0,0,0,51681,H607,38.540046,-82.712369,76.7,77.6,79.5
CSX,000212859,2023-08-10,9:02 PM,Side collision,0,BIRMINGHAM,AL,85,3,Dusk,Clear,Yard,Freight Train,0,44011,0,48514,H306,33.543615,-86.790111,78,77.8,82.2
IMRR,IMR347417O,2017-06-28,12:20 PM,Derailment,0,SPRINGFIELD,IL,84,2,Day,Clear,Yard,,0,0,1200,26900,E64L,39.810722,-89.630106,66.6,75.5,79.7
BNSF,CH0217106,2017-02-11,11:45 PM,Derailment,0,GALESBURG,IL,35,4,Dark,Clear,Yard,Freight Train,10,372732,702321,1075053,E04C,40.932682,-90.372015,32.8,44.4,38.2
MBTA,5711,2017-07-25,8:14 PM,Hwy-rail crossing,0,ABINGTON,MA,65,3,Dusk,Cloudy,Main,Passenger Train - Pushing,60,28891,6208,35099,M308,42.128016,-70.941289,61.1,60.2,66.1
CSX,000150371,2015-08-09,1:27 AM,Obstruction,0,CANNONSBURG,KY,72,4,Dark,Clear,Industry,Spec. MoW Equip.,0,0,0,20250,H307,38.385346,-82.746065,73.8,74.3,75.7
IC,847843,2015-04-24,8:40 PM,Hwy-rail crossing,0,HOLDEN,LA,75,4,Dark,Cloudy,Main,Freight Train,24,19535,170,19705,M308,30.503889,-90.687019,72.9,70.8,73.5
CSX,000190809,2020-06-15,5:36 AM,Side collision,0,MONTGOMERY,AL,67,4,Dark,Cloudy,Yard,Yard/switching,5,10408,0,36738,H702,32.375967,-86.32647,77.8,75.6,73.6
UP,0815CB013,2015-08-22,11:23 AM,Hwy-rail crossing,0,MECHANICSVILLE,IA,73,2,Day,Clear,Main,Freight Train,40,10205,102969,113174,M304,41.915414,-91.303893,68.7,69.5,65.7
MBTA,YR202043,2020-03-19,8:08 PM,Hwy-rail crossing,0,BEVERLY,MA,38,4,Dark,Rain,Main,Passenger Train - Pushing,53,14585,0,14585,M303,42.558911,-70.833883,42.6,41.6,52
BNSF,CH1015201,2015-10-16,3:45 AM,Hwy-rail crossing,0,GALESBURG,IL,52,4,Dark,Clear,Yard,Light loco(s),6,0,29345,29345,M302,40.93746,-90.367295,54.4,44.4,38.7
ABS,190724006,2019-07-24,2:15 AM,Derailment,0,GORDO,AL,70,4,Dark,Clear,Main,Freight Train,8,19712,103057,122769,E53C,33.31931,-87.8997,77.4,75.9,76.8
NICD,N2400010,2024-06-10,7:45 AM,Hwy-rail crossing,0,GARY,IN,82,1,Dawn,Clear,Main,Passenger Train - Pulling,24,170000,2715,172715,M599,41.605612,-87.367845,65.6,57.7,63
NS,143245,2021-10-22,9:15 PM,Other impacts,0,GARDEN CITY,GA,72,4,Dark,Clear,Yard,Freight Train,9,14040,0,38460,H021,32.111613,-81.175485,68.3,71.9,66.2
NIRC,MEI044,2015-06-12,1:30 PM,Hwy-rail crossing,0,CHICAGO,IL,60,2,Day,Cloudy,Main,EMU,25,75955,28009,103964,M308,41.764446,-87.564926,68.8,62.9,70.9
CSX,000211445,2023-05-24,8:22 AM,Side collision,0,CURTIS BAY,MD,70,2,Day,Clear,Yard,Light loco(s),0,11613,1010,36430,H306,39.241171,-76.604186,66.2,66.9,64
ATK,169149,2021-12-01,3:38 PM,Hwy-rail crossing,0,INDEPENDENCE,LA,68,2,Day,Clear,Main,Passenger Train - Pulling,78,89983,0,89983,M302,30.683,-90.507667,51.7,56.9,59.8
KCS,18122903,2018-12-29,8:25 AM,Derailment,0,SHREVEPORT,LA,42,2,Day,Cloudy,Yard,Yard/switching,7,6297,19557,25854,M405,32.525773,-93.824629,47,44.3,44.6
CSX,000141429,2015-02-12,5:30 AM,Other impacts,0,AVON,IN,18,4,Dark,Snow,Yard,Single Car,10,1200,0,14199,E09C,39.759222,-86.353899,30.7,19.3,19.3
UP,1222HL005,2022-12-05,3:00 AM,Other impacts,0,KANSAS CITY,KS,35,4,Dark,Cloudy,Yard,Yard/switching,4,10626,165,36864,S099,39.097535,-94.66646,34.9,41.9,39.3
UP,0216LK017,2016-02-18,9:30 AM,Derailment,0,SHREVEPORT,LA,59,2,Day,Cloudy,Main,Freight Train,4,15915,900,16815,H522,32.512272,-93.744619,52.7,60.6,67.7
CSX,000164388,2016-11-16,3:45 AM,Derailment,0,EAST SAINT LOUIS,IL,45,4,Dark,Clear,Yard,Freight Train,5,33474,435,33909,E41C,38.642253,-90.098853,50.7,54.7,65.4
BNSF,GC1015107,2015-10-15,4:45 AM,Derailment,0,AVONDALE,LA,75,1,Dawn,Clear,Yard,Freight Train,0,1500,0,11281,H307,29.916859,-90.185824,72.7,73.5,74.7
UP,1123ES023,2023-11-14,11:35 AM,Obstruction,0,ALEXANDRIA,LA,63,2,Day,Cloudy,Main,Spec. MoW Equip.,10,0,0,6489,H997,31.19489,-92.422341,60.9,61,57.9
BNSF,KS0222119,2022-02-21,11:50 PM,Derailment,0,KANSAS CITY,KS,32,4,Dark,Clear,Yard,Yard/switching,4,10649,0,24395,M407,39.082271,-94.678196,47.3,54.5,21.2
BRC,13508,2015-01-20,9:05 PM,Derailment,0,BEDFORD PARK,IL,35,4,Dark,Rain,Yard,Yard/switching,1,51287,48085,99372,H702,41.762936,-87.743604,34.2,35.9,33.6
IC,1128413,2023-03-17,8:10 PM,Side collision,0,PAXTON,IL,25,4,Dark,Clear,Industry,Light loco(s),3,2444,0,24341,H302,40.473853,-88.091469,42.9,33.8,20.3
IC,1086611,2021-10-27,2:15 PM,Derailment,0,GEISMAR,LA,80,2,Day,Clear,Yard,Yard/switching,4,35000,400,35400,H702,30.192402,-91.0006,73.7,74.8,65.7
CSX,000170060,2017-07-06,5:50 PM,Derailment,0,CUMBERLAND,MD,73,3,Dusk,Clear,Yard,Yard/switching,7,81994,15000,96994,H503,39.625216,-78.736373,75,71.8,74
CSX,000173485,2017-12-16,9:30 PM,Side collision,0,LOUISVILLE,KY,41,4,Dark,Clear,Yard,Yard/switching,4,14005,0,41265,H306,38.160709,-85.749174,32.1,41.9,43.2
ATK,145701,2016-12-28,1:20 PM,Hwy-rail crossing,0,INDEPENDENCE,LA,73,2,Day,Clear,Main,Passenger Train - Pulling,77,6415,0,24440,M303,30.444828,-90.4412,71.3,70.6,60.9