reportingrailroadcode,accidentnumber,date,time,accidenttype,hazmatreleasedcars,station,stateabbr,temperature,visibility_code,visibility,weathercondition,tracktype,equipmenttype,trainspeed,equipmentdamagecost,trackdamagecost,totaldamagecost,primaryaccidentcausecode,latitude,longitude,prior_temp,actual_temp,following_temp
MBTA,19207,2019-10-17,5:46 AM,Other impacts,0,SCITUATE,MA,50,1,Dawn,Clear,Main,Passenger Train - Pulling,30,24054,0,267054,M101,42.10074,-70.739867,52,55.6,52.8
ATK,142631,2016-05-29,5:30 PM,Derailment,0,"WASHINGTON, DC",DC,80,2,Day,Rain,Yard,Yard/switching,10,52300,2425,54725,H702,38.914633,-76.990733,77.7,73.1,73.4
CSX,000210075,2023-02-27,9:30 AM,Derailment,0,LOWNDESBORO,AL,68,2,Day,Cloudy,Main,Freight Train,8,57034,387,57421,H702,32.327737,-86.512128,69.6,72.2,72.8
CSX,000154636,2015-11-24,6:15 AM,Derailment,0,WEST SPRINGFIELD,MA,32,1,Dawn,Clear,Yard,Freight Train,4,17186,1000,18186,H503,42.098748,-72.603181,34.3,28.7,30.7
IC,937382,2017-09-28,6:00 PM,Derailment,0,KENNER,LA,80,2,Day,Clear,Yard,Freight Train,9,13194,3000,16194,M507,29.973088,-90.203903,82.2,83,82.7
NS,139460,2020-10-18,7:45 PM,Other impacts,0,IRONDALE,AL,72,3,Dusk,Clear,Yard,Single Car,6,300,300,11494,M411,33.548905,-86.67801,55.9,65.2,70.2
NS,143632,2021-12-02,10:25 AM,Derailment,0,MOBILE,AL,71,2,Day,Clear,Main,Freight Train,6,0,0,32077,M501,30.707239,-88.049283,54.1,59.6,61
CSX,000172880,2017-11-14,5:06 PM,Side collision,0,LOUISVILLE,KY,55,3,Dusk,Clear,Yard,Yard/switching,9,21200,0,45186,H306,38.292163,-85.510334,44.7,46.5,45.9
WC,978354,2018-11-08,9:00 AM,Derailment,0,GARY,IN,39,2,Day,Cloudy,Yard,Yard/switching,3,15500,996,16496,H702,41.627269,-87.39179,36.7,36.1,31.2
NS,137400,2020-03-05,9:00 PM,Other impacts,0,IRONDALE,AL,50,4,Dark,Fog,Yard,Single Car,9,44572,0,110433,S007,33.548905,-86.67801,56.1,52.1,49.3
CSX,000141429,2015-02-12,5:30 AM,Other impacts,0,AVON,IN,18,4,Dark,Snow,Yard,Single Car,10,11572,100,14199,E09C,39.759222,-86.353899,30.7,19.3,19.3
WC,993309,2019-04-02,9:00 PM,Broken train collision,0,CHICAGO HTS,IL,41,4,Dark,Clear,Main,Freight Train,0,12500,0,47500,E30C,41.498176,-87.600195,36.4,44.1,47.1
CSX,000198393,2021-06-16,4:00 PM,Other impacts,0,INDIANAPOLIS,IN,84,2,Day,Clear,Yard,Single Car,5,3637,0,23840,E76L,39.759791,-86.327526,71.2,70.4,73.7
CP,1001255115,2020-06-10,7:09 PM,Side collision,0,MASON CITY,IA,70,3,Dusk,Clear,Yard,Single Car,2,5642,42,22881,H018,43.139065,-93.168677,71.8,64,68.2
TRRA,21005OR,2021-01-27,2:08 AM,Derailment,0,EAST ST LOUIS,IL,30,4,Dark,Clear,Main,,0,0,58296,58296,H503,38.595624,-90.155882,35.5,28.9,22
NS,153705,2023-07-24,6:00 AM,Other impacts,0,LOUISVILLE,KY,70,1,Dawn,Clear,Yard,Single Car,4,43000,0,64000,H302,38.263516,-85.801424,76.2,76.6,78.8
BNSF,KS0916100,2016-09-01,4:30 AM,Raking collision,0,KANSAS CITY,KS,63,4,Dark,Clear,Yard,Yard/switching,4,13200,0,13300,H99C,39.084208,-94.687517,75.7,71,69.3
NS,143386,2021-11-06,6:20 PM,Other impacts,0,ELKHART,IN,55,3,Dusk,Clear,Yard,Single Car,3,3301,0,32790,S006,41.677391,-85.978436,38.9,41.5,49.1
NS,145252,2022-05-11,4:07 PM,Other impacts,0,MAYLENE,AL,88,3,Dusk,Clear,Main,Light loco(s),0,0,0,18013,H402,33.217748,-86.886428,71.3,74.7,77.6
NS,155317,2024-01-12,5:50 AM,Side collision,0,IRONDALE,AL,46,1,Dawn,Clear,Yard,Yard/switching,7,26944,3500,36194,M105,33.548905,-86.678009,52.6,53.9,36.4
BNSF,CH0822104,2022-08-02,9:04 PM,Derailment,0,GALESBURG,IL,77,4,Dark,Clear,Main,Freight Train,61,1740840,1900000,3640840,E6AC,40.943856,-90.315194,75.7,73.3,77.7
CSX,000171953,2017-10-01,2:44 PM,Derailment,0,ATLANTA,GA,64,2,Day,Clear,Yard,Freight Train,9,160052,1883,239835,E40C,33.790407,-84.432943,73.4,65.1,66.5
CSX,000146344,2015-05-18,2:10 AM,Derailment,0,IDEAL,GA,79,4,Dark,Clear,Main,Freight Train,40,3384,38094,41478,E39C,32.377725,-84.191823,75.9,75.3,77
CTHS,CTHS00007F,2024-05-19,10:43 AM,Obstruction,0,BERLIN,CT,70,2,Day,Cloudy,Main,Passenger Train - Pushing,82,68579,0,68579,M402,41.5821,-72.7738,60,63.4,63.2
UP,1018PR019,2018-10-15,2:30 PM,Other impacts,0,CHICAGO,IL,52,2,Day,Clear,Yard,Cut of cars,0,647,0,49136,H306,41.843454,-87.636654,48.1,42.9,45.8
CSX,000160826,2016-06-25,7:25 PM,Derailment,0,LOUISVILLE,KY,82,3,Dusk,Clear,Yard,Freight Train,5,20751,100,20851,E40C,38.166385,-85.750643,79.5,81.3,83.6
KAW,240722006,2024-07-22,3:00 AM,Other impacts,0,KANSAS CITY,KS,70,4,Dark,Clear,Yard,Cut of cars,8,14810,2674,34062,H310,39.078793,-94.631224,74.3,75,78.8
NIRC,MRK028,2017-05-27,10:20 PM,Hwy-rail crossing,0,BARTLETT,IL,65,4,Dark,Clear,Main,Commuter Train - Pushing,30,4913,5921,10834,M301,41.992098,-88.1838,59.5,63.8,66.6
CSX,000180761,2019-01-13,7:00 PM,Derailment,0,NEW ORLEANS,LA,45,4,Dark,Cloudy,Main,,0,0,12845,477505,E46L,30.005989,-90.019451,61.5,49.1,43.8
CSX,000210473,2023-03-27,4:00 AM,Other impacts,0,MONTGOMERY,AL,67,1,Dawn,Rain,Yard,Cut of cars,4,12767,0,292545,H309,32.376061,-86.32645,71.7,71.5,66.1
CSX,000216626,2024-03-07,8:35 PM,Other impacts,0,SOUTH PORTLAND,ME,37,4,Dark,Clear,Yard,Cut of cars,0,48174,0,48350,H306,43.618877,-70.29904,41.4,40.4,38.5
CSX,000212165,2023-07-06,4:46 PM,Other impacts,0,RUSSELL,KY,82,2,Day,Clear,Yard,Cut of cars,7,67341,112,95953,H021,38.532101,-82.69768,78.5,76.2,77.2
ALS,20190823,2019-08-23,9:32 PM,Derailment,0,EAST ST LOUIS,IL,91,2,Day,Clear,Yard,,0,0,200,18003,E09C,38.582529,-90.136418,73,73.9,70.1
ALS,20150805,2015-08-05,2:30 AM,Raking collision,0,EAST ST LOUIS,IL,65,4,Dark,Clear,Yard,Cut of cars,4,15750,0,15750,S016,38.58925,-90.140482,81.3,76.1,76.9
UP,1218RM028,2018-12-14,1:00 PM,Derailment,0,DUBOIS,ID,22,2,Day,Cloudy,Main,Freight Train,9,36934,13092,50026,H702,44.179079,-112.227561,17.1,13.4,25.5
UP,0423HL008,2023-04-08,7:25 PM,Derailment,0,TOPEKA,KS,67,3,Dusk,Clear,Yard,Yard/switching,4,3153,16957,20110,H505,39.069074,-95.675803,52.1,54.5,58.6
UP,0318TC011,2018-03-08,10:00 PM,Derailment,0,DES MOINES,IA,28,4,Dark,Cloudy,Yard,Yard/switching,5,1060,11910,12970,M507,41.620546,-93.590281,26.8,25.7,29.8
NS,146324,2022-08-27,5:50 PM,Other impacts,0,IRONDALE,AL,82,3,Dusk,Clear,Yard,Single Car,0,10026,0,54635,H019,33.555372,-86.683971,79.5,80.3,80.5
BNSF,PR0418117,2018-04-27,7:02 AM,Derailment,0,FORT COLLINS,CO,36,1,Dawn,Clear,Siding,Freight Train,10,6500,30000,36500,H607,40.595932,-105.027174,52.6,55.3,57.8
KCS,15082204,2015-08-22,6:15 PM,Derailment,0,MOSSVILLE,LA,90,2,Day,Cloudy,Yard,Yard/switching,5,45784,3800,49584,H702,30.256988,-93.305316,77.4,79.2,83.5
MBTA,YR202057,2020-04-22,4:58 AM,Derailment,0,EVERETT,MA,0,3,Dusk,Clear,Yard,Spec. MoW Equip.,10,0,40041,40041,M599,42.400222,-71.065478,42.8,38.7,43.9
IAIS,2023014,2023-03-29,12:40 PM,Raking collision,0,SILVIS,IL,42,2,Day,Clear,Industry,Yard/switching,1,60000,0,60000,H306,41.515273,-90.421017,40.2,38.9,47.6
NIRC,2018070605,2018-03-09,9:12 AM,Hwy-rail crossing,0,CHICAGO,IL,33,2,Day,Clear,Main,Commuter Train - Pulling,40,37729,1179,38908,M303,41.738512,-87.599856,28.7,30.6,33.3
AGR,AGR479519,2019-09-03,4:00 PM,Derailment,0,KIMBROUGH,AL,85,2,Day,Clear,Main,,0,0,4064,52546,M599,32.028674,-87.556934,79.9,80.3,81.2
NS,154826,2023-11-20,6:00 AM,Obstruction,0,CHICAGO,IL,46,1,Dawn,Clear,Yard,Freight Train,4,13950,0,13950,M402,41.795347,-87.635317,45.5,46.4,42.3
UP,0317LV038,2017-03-26,8:18 PM,Other impacts,0,LIVONIA,LA,85,4,Dark,Cloudy,Yard,Yard/switching,0,7271,0,15502,M411,30.53304,-91.55872,68.3,70.8,73.1
BNSF,KS0123115,2023-01-26,10:36 PM,Derailment,0,NEWTON,KS,24,4,Dark,Clear,Yard,Freight Train,7,12829,21250,34079,E64C,38.025081,-97.375827,28.6,29.4,39.2
UP,1117KC001,2017-11-01,3:20 AM,Hwy-rail crossing,0,BAILEYVILLE,KS,34,4,Dark,Cloudy,Main,Freight Train,37,25132,1226,26358,M308,39.841601,-96.181105,30.4,39.8,47.4
UP,1220GC005,2020-12-03,11:31 PM,Other (describe in narrative),0,LOTTIE,LA,49,4,Dark,Cloudy,Yard,Single Car,0,11814,0,11814,M411,30.519284,-91.54899,48.7,53.9,47.7
CSX,000157861,2016-03-08,6:18 AM,Other impacts,0,AVON,IN,58,1,Dawn,Cloudy,Yard,Yard/switching,4,7000,0,20767,H306,39.759791,-86.327526,54.1,62.7,60.9
KCS,20010201,2020-01-02,9:25 PM,Derailment,0,LEESVILLE,LA,60,4,Dark,Rain,Main,Freight Train,30,17584,233,17817,E53C,30.948827,-93.28158,45.8,56.1,59.3
NS,135467,2019-09-12,4:50 PM,Other (describe in narrative),0,DORAVILLE,GA,95,3,Dusk,Cloudy,Yard,Freight Train,2,25058,0,25058,H306,33.923529,-84.251853,79.3,80.9,80.7
NS,145485,2022-06-08,10:27 AM,Other impacts,0,ELKHART,IN,72,2,Day,Clear,Yard,Single Car,2,688,0,17250,M411,41.66849,-86.01427,63.8,59.8,63.1
CSX,000200297,2021-09-24,8:36 AM,Obstruction,0,CALERA,AL,65,2,Day,Clear,Main,Freight Train,32,13264,0,13588,M402,33.148831,-86.757428,62.3,62.7,64.7
CSX,000170362,2017-07-19,10:00 PM,Other impacts,0,LOUISVILLE,KY,82,4,Dark,Clear,Yard,Cut of cars,0,8000,0,174815,H020,38.160709,-85.749174,82.4,82.9,84.5
NS,137107,2020-02-09,3:10 PM,Other impacts,0,NEW ORLEANS,LA,72,2,Day,Clear,Yard,Single Car,6,4000,6881,14881,H312,29.973692,-90.045276,60.6,64.5,71.2
NS,153979,2023-08-18,8:25 AM,Derailment,0,MENTONE,AL,84,2,Day,Clear,Siding,Freight Train,7,202785,0,202785,E47C,34.645933,-85.568274,71.1,73.6,73.2
MBTA,7009,2016-03-21,7:27 AM,Other (describe in narrative),0,BEVERLY,MA,30,1,Dawn,Snow,Main,Passenger Train - Pulling,0,100000,0,100000,E74L,42.547282,-70.885511,30.4,33.5,38.5
CSX,000215955,2024-02-03,3:31 PM,Other (describe in narrative),0,JACKSONVILLE,FL,60,2,Day,Clear,Yard,Freight Train,6,0,41344,41344,H702,30.383475,-81.768295,56.6,56.7,63.3
CSX,000214554,2023-11-17,7:05 PM,Derailment,0,BROOKWOOD,AL,60,4,Dark,Clear,Industry,Freight Train,3,160963,13400,174363,M101,33.281471,-87.291869,65.1,64.5,60.8
GTW,975788,2018-10-14,3:00 AM,Hwy-rail crossing,0,MISHAWAKA,IN,37,4,Dark,Clear,Main,Freight Train,43,100,15137,15237,M308,41.69881,-86.15474,42.2,47.9,44
BNSF,HL1020108,2020-10-10,3:31 PM,Derailment,0,BIRMINGHAM,AL,75,2,Day,Clear,Yard,,0,0,4500,12500,H519,33.537027,-86.829305,70.5,71.6,71.1
NS,122010,2016-09-09,10:55 PM,Other impacts,0,IRONDALE,AL,72,4,Dark,Clear,Yard,Yard/switching,4,16107,0,16107,S016,33.548905,-86.67801,82,81.7,82.3
ALE,2101DERAIL,2021-12-02,10:20 AM,Derailment,0,MOBILE,AL,71,2,Day,Clear,Yard,,0,0,32077,32077,H703,30.707239,-88.049283,54.1,59.6,61
NOPB,D20160702E,2016-07-02,12:50 AM,Derailment,0,NEW ORLEANS,LA,85,4,Dark,Clear,Yard,Yard/switching,4,58000,10000,68000,H704,29.914863,-90.114366,87,88.9,88.2
CSX,000161982,2016-08-09,5:45 PM,Hwy-rail crossing,0,NEW ORLEANS,LA,86,2,Day,Clear,Main,Freight Train,49,9471,20000,29471,M302,30.040302,-89.896742,83.9,86.4,83.2
UP,0323PR002,2023-03-02,12:35 PM,Obstruction,0,MELROSE PARK,IL,38,2,Day,Cloudy,Yard,Yard/switching,5,11832,5846,17678,M404,41.916554,-87.913844,46.4,36.5,36
IHB,2283,2017-01-29,9:32 PM,Derailment,0,HAMMOND,IN,63,4,Dark,Clear,Main,,0,0,7986,25429,E62C,41.606145,-87.476539,27.7,26.5,25.7
ATK,141515,2016-03-14,12:02 AM,Derailment,0,CIMARRON,KS,46,4,Dark,Cloudy,Main,Passenger Train - Pulling,60,2784355,0,3147355,M506,37.808482,-100.381272,56.6,57.4,49.5
WC,1091131,2021-12-26,5:45 AM,Derailment,0,GARY,IN,27,4,Dark,Clear,Yard,Light loco(s),4,1579,10729,12308,H702,41.629532,-87.406319,43,33.3,38.9
MNR,837406,2024-04-03,1:20 PM,Hwy-rail crossing,0,MASARDIS,ME,38,2,Day,Clear,Main,Freight Train,11,20842,23197,44039,M302,46.50388,-68.36039,33.7,34.8,32
UP,1115PR006,2015-11-08,6:15 PM,Side collision,0,NORTHLAKE,IL,42,4,Dark,Clear,Yard,Light loco(s),0,4687,300,14863,H301,41.928348,-87.914593,43.4,41.1,43.3
UP,0323PR018,2023-03-28,5:49 AM,Other impacts,0,MELROSE PARK,IL,27,1,Dawn,Cloudy,Yard,Yard/switching,5,14263,0,39222,H318,41.895634,-87.888923,39,40.2,37.1
BNSF,KS1015101,2015-10-03,10:00 AM,Derailment,0,EMPORIA,KS,65,2,Day,Clear,Yard,Yard/switching,10,19341,7560,26901,H306,38.400845,-96.211246,53.5,52.8,54.8
NS,124982,2017-05-08,1:30 AM,Derailment,0,IRONDALE,AL,48,4,Dark,Clear,Yard,Yard/switching,8,19405,1103,20508,M202,33.548905,-86.67801,63.8,66.3,72.5
NOPB,NOPB00033F,2022-11-09,3:00 PM,Derailment,0,NEW ORLEANS,LA,81,2,Day,Clear,Yard,Yard/switching,4,20000,4000,24000,H306,29.91533,-90.114074,77.3,72.7,68
CSX,000200950,2021-10-27,8:45 AM,Derailment,0,BALTIMORE,MD,68,2,Day,Clear,Industry,Yard/switching,3,1932,10628,12560,M506,39.27632,-76.629007,59.6,60.6,57.3
UP,0423HL028,2023-04-27,1:30 AM,Derailment,0,KANSAS CITY,KS,56,4,Dark,Clear,Industry,Yard/switching,4,37268,1424,38692,H503,39.12701,-94.60451,58.2,60.7,59
UP,0619GC007,2019-06-05,3:20 AM,Derailment,0,WESTWEGO,LA,80,4,Dark,Cloudy,Yard,Yard/switching,5,41690,6788,48478,H607,29.917609,-90.183136,85.7,83.7,82.9
NS,157578,2024-08-01,11:15 PM,Derailment,0,DECATUR,AL,71,4,Dark,Clear,Industry,Freight Train,5,14700,5500,20200,M505,34.61547,-86.983774,84.6,86.1,84.2
UP,0122GC056,2022-01-15,12:05 AM,Derailment,0,WESTWEGO,LA,57,4,Dark,Clear,Yard,Yard/switching,2,14584,2250,16834,M405,29.917841,-90.188977,57.3,56.4,41.2
CSX,000168826,2017-05-11,10:49 AM,Hwy-rail crossing,0,FAIRBURN,GA,85,2,Day,Clear,Main,Freight Train,30,14093,0,14093,M304,33.537527,-84.625966,73.5,74.8,71.6
CSX,000174413,2018-01-31,2:28 AM,Derailment,0,CORBIN,KY,18,4,Dark,Clear,Yard,Yard/switching,5,59264,1000,60264,E46C,36.95077,-84.095867,27.8,36.8,43.6
CSX,000215646,2024-01-13,6:40 AM,Obstruction,0,SHEPHERDSVILLE,KY,23,4,Dark,Cloudy,Main,Freight Train,53,12304,0,12304,M404,37.956749,-85.705256,43,27.5,14.8
CSX,000177725,2018-07-21,7:20 AM,Raking collision,0,WORCESTER,MA,72,2,Day,Clear,Yard,Cut of cars,0,0,14260,178911,H996,42.251633,-71.807986,70.1,66.1,67.4
UP,1019GL006,2019-10-07,11:50 AM,Other impacts,0,EAGLE GROVE,IA,60,2,Day,Clear,Yard,Yard/switching,2,728,33,57585,H020,42.675265,-93.91461,52.1,53.5,57.6
UP,0217DV001,2017-02-01,5:05 AM,Obstruction,0,FRUITA,CO,35,4,Dark,Clear,Main,Freight Train,47,13739,990,14729,M402,39.167082,-108.756947,33.1,35.7,34.7
TASD,D20211022A,2021-10-22,1:20 AM,Derailment,0,MOBILE,AL,67,4,Dark,Fog,Yard,Yard/switching,5,16526,7883,24409,T221,30.70283,-88.0418,73.9,74,69.3
ATK,145837,2016-11-04,1:00 AM,Obstruction,0,BOSTON,MA,45,4,Dark,Clear,Main,,0,0,0,32704,H025,42.35153,-71.054994,56,50.8,45.8
CSX,000194124,2020-11-27,1:45 PM,Side collision,0,CUMBERLAND,MD,58,2,Day,Clear,Yard,Single Car,8,6811,0,32680,E08C,39.600571,-78.74039,51.4,50,45.8
NS,128297,2018-01-26,7:30 AM,Other impacts,0,GAINESVILLE,GA,70,1,Dawn,Clear,Yard,Single Car,0,150,0,10927,H312,34.304238,-83.799757,43.6,43.9,49.8
NS,135617,2019-09-25,6:30 AM,Other (describe in narrative),0,GEORGETOWN,KY,60,1,Dawn,Clear,Yard,Freight Train,1,5829,5789,11618,H306,38.277966,-84.547217,66,70.2,75
CSX,000187791,2020-01-11,9:30 AM,Derailment,0,HOPKINSVILLE,KY,60,2,Day,Rain,Yard,Cut of cars,0,15657,0,27982,M105,36.818692,-87.434961,62.5,56.2,41
CSX,000186844,2019-11-30,4:56 PM,Obstruction,0,AUXIER,KY,46,3,Dusk,Rain,Main,Freight Train,4,69700,0,69700,M404,37.743762,-82.781792,38.6,43.8,52.9
WC,1701499,2024-08-15,10:46 AM,Side collision,0,GARY,IN,68,2,Day,Rain,Yard,Yard/switching,3,21000,0,21000,M599,41.621794,-87.375403,72.7,70.5,74.7
NS,124097,2017-02-24,8:45 PM,Other impacts,0,MUSCLE SHOALS,AL,70,4,Dark,Cloudy,Yard,Yard/switching,2,14534,0,17347,M408,34.712551,-87.616781,62.4,68.9,47.1
IR,IR192473,2019-05-09,11:44 AM,Hwy-rail crossing,0,OTTAWA,IL,55,2,Day,Clear,Main,Light loco(s),9,3000,0,3000,M303,41.350555,-88.864722,58,55.5,50.9
MBTA,YR202018,2020-02-04,10:43 PM,Derailment,0,SOMERVILLE,MA,34,4,Dark,Clear,Yard,Yard/switching,6,144460,183732,328192,M599,42.375353,-71.076888,41,41,39.3
CSX,000212171,2023-07-07,1:10 PM,Hwy-rail crossing,0,TAMPA,FL,95,2,Day,Clear,Main,,0,0,9976,16550,M308,27.966051,-82.365054,86.3,85.9,83.8
ATK,148762,2017-08-02,3:40 AM,Side collision,0,WASHINGTON,DC,81,4,Dark,Clear,Yard,Light loco(s),0,16335,0,116780,H199,38.9148,-76.9859,79.3,80.6,78.8
UP,1021PR001,2021-10-01,6:24 AM,Other impacts,0,NORTHLAKE,IL,61,1,Dawn,Clear,Yard,Cut of cars,0,808,0,14413,M599,41.923776,-87.914358,68.8,72.1,71.8
UP,0719PR005,2019-07-02,8:30 PM,Other impacts,0,MELROSE PARK,IL,74,4,Dark,Cloudy,Yard,Cut of cars,4,100,0,275295,H021,41.89324,-87.88414,79.9,82.5,77.4
UP,0917TC001,2017-09-01,3:30 AM,Derailment,0,BELLE PLAINE,IA,62,4,Dark,Cloudy,Main,Freight Train,32,10455,3200,13655,E35C,41.897747,-92.252703,64.8,60.3,64.5
IAIS,202362,2023-11-10,9:24 AM,Hwy-rail crossing,0,ANNAWAN,IL,46,2,Day,Clear,Main,Freight Train,32,60000,0,60000,M308,41.3972,-89.9047,45.6,37.4,38.1
CSX,000175395,2018-03-25,6:00 PM,Derailment,0,WAYCROSS,GA,56,2,Day,Cloudy,Yard,Cut of cars,0,35178,18516,69770,M407,31.213524,-82.353588,61.9,62.9,51.8
CSX,000200579,2021-10-10,11:22 PM,Other impacts,0,INDIANAPOLIS,IN,72,4,Dark,Clear,Yard,Cut of cars,5,2031,0,28681,H999,39.759791,-86.327526,70.4,74,71.9
CP,1001024408,2019-07-05,6:18 AM,Hwy-rail crossing,0,COLUMBUS JCTN,IA,75,1,Dawn,Clear,Main,Freight Train,28,5395,7760,13155,M399,41.280736,-91.355685,80.4,81.2,78.9
MNR,689322,2023-04-11,6:05 PM,Derailment,0,OAKFIELD,ME,52,4,Dark,Clear,Yard,Yard/switching,5,0,14518,14518,H514,46.109821,-68.147621,45.2,50.8,45.8
CSX,000199534,2021-08-17,10:02 PM,Derailment,0,BRIDGEPORT,AL,75,4,Dark,Clear,Industry,Freight Train,8,27450,9539,36989,M202,34.951048,-85.706381,75.8,73.8,77.6
CSX,000196682,2021-03-30,1:00 PM,Other impacts,0,ANDERSON,IN,70,2,Day,Clear,Yard,Cut of cars,9,7517,0,44804,H306,40.098289,-85.693905,42.5,57.5,44.2
CSX,000194390,2020-12-10,9:00 AM,Derailment,0,INDIANAPOLIS,IN,55,2,Day,Clear,Yard,Freight Train,8,113517,91617,205134,H992,39.759791,-86.327526,41.1,43.8,51.3
IC,1087731,2021-11-08,7:00 PM,Derailment,0,HARAHAN,LA,58,2,Day,Clear,Yard,Yard/switching,4,250,1549,46799,H315,29.973027,-90.204163,57.8,59.8,62.1
KCS,18032502,2018-03-25,6:45 PM,Derailment,0,SHREVEPORT,LA,70,2,Day,Clear,Yard,Light loco(s),3,4360,7090,11450,H303,32.538424,-93.834996,70.9,70.1,71.6
CSX,000153287,2015-10-15,4:26 PM,Hwy-rail crossing,0,NAPPANEE,IN,64,3,Dusk,Cloudy,Main,Freight Train,59,33581,6454,40035,M303,41.44071,-85.99872,49.6,51.7,45.1
UP,0119MA041,2019-01-29,2:40 PM,Derailment,0,SHREVEPORT,LA,43,2,Day,Clear,Yard,Freight Train,8,13308,2646,15954,M101,32.436006,-93.918539,50.6,38.2,38.8
CSX,000187005,2019-12-08,2:39 PM,Raking collision,0,INDIANAPOLIS,IN,55,2,Day,Cloudy,Yard,Freight Train,8,105200,0,133065,H307,39.759791,-86.327526,31.9,41.9,50.4
UP,0418TC023,2018-04-24,4:30 PM,Obstruction,0,MASON CITY,IA,56,2,Day,Clear,Main,Freight Train,5,11250,955,12205,M503,43.155312,-93.210556,50.7,53.7,46.8
UP,0719PR014,2019-07-07,3:17 AM,Other impacts,0,NORTHLAKE,IL,68,4,Dark,Clear,Yard,Yard/switching,1,11610,33,31312,M411,41.89892,-87.907863,75.6,70.7,70.9
UP,0817LK010,2017-08-07,8:45 AM,Derailment,0,SHREVEPORT,LA,82,2,Day,Cloudy,Yard,Yard/switching,6,22680,4965,27645,H704,32.460976,-93.793801,80.3,77.6,77.5
UP,0421GC027,2021-04-20,2:00 AM,Other impacts,0,WESTWEGO,LA,63,4,Dark,Clear,Yard,Single Car,0,10530,0,22722,H306,29.916754,-90.181562,65.9,69.5,62.7
CSX,000215700,2024-01-23,7:16 AM,Other (describe in narrative),0,MONTGOMERY,AL,54,1,Dawn,Rain,Yard,Freight Train,4,42354,2527,44881,H306,32.376041,-86.326437,42.7,57.8,66.6
IHB,2287,2017-02-21,2:30 AM,Derailment,0,HAMMOND,IN,57,4,Dark,Clear,Yard,Freight Train,5,8087,3794,11881,H503,41.613633,-87.501234,54.5,56.9,56
UP,0916KC006,2016-09-11,11:50 PM,Derailment,0,PRATT,KS,75,4,Dark,Cloudy,Yard,Freight Train,7,12215,24386,36601,H303,37.653805,-98.738732,62.6,66.7,74
CSX,000204306,2022-04-15,9:10 PM,Derailment,0,BESSEMER,AL,62,4,Dark,Clear,Main,Freight Train,5,28988,0,29284,H501,33.41088,-86.967903,64.2,65.2,64.2
CSX,000206720,2022-08-17,8:35 AM,Derailment,0,MONTGOMERY,AL,71,2,Day,Rain,Yard,Yard/switching,4,34403,131,34534,H993,32.376258,-86.326212,82.1,76.7,77.6
CSX,000180682,2019-01-10,4:45 AM,Derailment,0,NEW ORLEANS,LA,36,1,Dawn,Clear,Yard,,0,0,9487,98487,H503,30.005989,-90.019451,57.8,50.3,52.5
ALS,20150601,2015-06-01,9:30 PM,Raking collision,0,EAST ST LOUIS,IL,60,4,Dark,Cloudy,Yard,Cut of cars,4,12000,28,12028,S011,38.58925,-90.140482,58.1,61.2,65
UP,0715SL002,2015-07-06,11:45 PM,Derailment,0,PONTIAC,IL,70,4,Dark,Rain,Industry,Freight Train,4,317327,185980,503307,E64C,40.919668,-88.600207,71.3,75.6,67.7
MACZ,2109160700,2021-09-16,7:00 AM,Side collision,0,BALTIMORE,MD,70,1,Dawn,Cloudy,Yard,Passenger Train - Pushing,0,200000,0,300000,H702,39.27119,-76.60003,79.5,75.5,75
ATK,136774,2015-03-23,1:04 PM,Derailment,0,CHICAGO,IL,35,2,Day,Snow,Yard,Light loco(s),2,12500,0,12500,H703,41.893237,-87.697377,33.2,30.7,32.4
CSX,000183443,2019-06-09,1:30 AM,Derailment,0,INDIANAPOLIS,IN,67,4,Dark,Clear,Yard,Yard/switching,4,138273,0,209239,M408,39.759791,-86.327526,72.6,70.4,68.2
CSX,000188722,2020-02-26,6:52 PM,Derailment,0,FLOMATON,AL,50,3,Dusk,Clear,Main,Freight Train,14,24127,418,24545,E47C,31.002607,-87.270567,64,52.6,43.7
CSX,000211288,2023-05-13,7:00 AM,Derailment,0,NEW ORLEANS,LA,73,1,Dawn,Clear,Yard,Yard/switching,2,152901,81728,234629,H702,30.006013,-90.01947,81.3,80.8,81.3
UP,1122PR011,2022-11-24,2:30 AM,Derailment,0,MELROSE PARK,IL,45,4,Dark,Clear,Industry,Yard/switching,5,1990,98034,100024,H307,41.889261,-87.84777,44.8,45.2,42.5
IC,890330,2016-06-03,7:12 AM,Derailment,0,CONVENT,LA,82,2,Day,Clear,Industry,Freight Train,5,174000,9040,183040,T221,30.048187,-90.829634,79.6,78.6,76
CSX,000166932,2017-02-19,4:44 AM,Derailment,0,MARSHALL,IL,34,1,Dawn,Clear,Main,Freight Train,17,0,37182,37182,H999,39.466066,-87.560987,52.6,51.9,53.7
MBTA,YR2020127,2020-10-31,2:56 AM,Derailment,0,BOSTON,MA,31,4,Dark,Cloudy,Yard,Passenger Train - Pulling,6,77560,0,162560,H702,42.33602,-71.060078,34.2,33.9,44.3
NS,144792,2022-03-14,10:10 AM,Derailment,0,BIRMINGHAM,AL,60,2,Day,Cloudy,Yard,,0,0,21027,33476,E4BC,33.512358,-86.806415,40.6,52.8,56.2
UP,0422GC040,2022-04-29,4:45 PM,Other impacts,0,ADDIS,LA,84,2,Day,Clear,Yard,Single Car,4,64429,0,421030,H318,30.356203,-91.26793,66.7,69.3,72.5