reportingrailroadcode,accidentnumber,date,time,accidenttype,hazmatreleasedcars,station,stateabbr,temperature,visibility_code,visibility,weathercondition,tracktype,equipmenttype,trainspeed,equipmentdamagecost,trackdamagecost,totaldamagecost,primaryaccidentcausecode,latitude,longitude,prior_temp,actual_temp,following_temp
UP,0319GL066,2019-03-21,4:45 PM,Other impacts,0,MELROSE PARK,IL,48,2,Day,Cloudy,Yard,Yard/switching,2,6495,0,21419,M411,41.897901,-87.898267,41.8,40,38.4
BNSF,KS0123121,2023-01-28,1:00 AM,Derailment,0,WICHITA,KS,30,4,Dark,Clear,Yard,,0,0,20000,25787,H704,37.73061,-97.326531,40.6,39.6,17.1
NOPB,D20150907T,2015-09-07,5:15 AM,Broken train collision,0,NEW ORLEANS,LA,80,4,Dark,Clear,Yard,Yard/switching,3,14690,108,69674,H307,29.915541,-90.11827,82.5,83.8,84.5
NS,145836,2022-07-14,9:15 PM,Other (describe in narrative),0,IRONDALE,AL,80,4,Dark,Clear,Yard,Yard/switching,6,70314,29758,100072,H306,33.548905,-86.678008,80.4,78.8,81.7
WC,1056326,2020-11-27,3:52 AM,Other (describe in narrative),0,GARY,IN,35,4,Dark,Cloudy,Yard,Cut of cars,15,14700,0,14700,H312,41.629525,-87.406391,42,37.8,36.4
TNHR,TNH922322,2022-02-23,9:15 AM,Derailment,0,MCKENZIE,AL,65,2,Day,Cloudy,Main,Freight Train,10,86327,60460,146787,T216,31.581995,-86.692826,69.5,71.9,70.9
UP,0120GC027,2020-01-27,1:00 PM,Other impacts,0,LIVONIA,LA,57,2,Day,Cloudy,Yard,Freight Train,0,24052,0,99689,E39C,30.521507,-91.549114,50.6,52,51.4
NS,132449,2019-01-16,1:20 PM,Other impacts,0,MACON,GA,57,2,Day,Clear,Yard,Single Car,0,75,0,14364,M411,32.813658,-83.622785,42.3,41.8,45.2
BRC,13542,2015-01-31,4:28 AM,Other impacts,0,BEDFORD PARK,IL,25,4,Dark,Clear,Yard,Yard/switching,2,15456,0,15456,M407,41.76143,-87.711385,27.3,32.1,28.7
UP,0822GC027,2022-08-30,10:07 AM,Other (describe in narrative),0,PLAQUEMINE,LA,80,2,Day,Clear,Industry,Single Car,0,20685,0,20685,M501,30.240711,-91.196325,81,81,82.5
UP,0616LV012,2016-06-13,11:18 AM,Derailment,0,METAIRIE,LA,81,2,Day,Cloudy,Main,Freight Train,10,532,0,19032,S011,29.923203,-90.071409,82.2,81.9,81.1
NS,152688,2023-03-31,11:15 AM,Derailment,0,DECATUR,IL,55,2,Day,Clear,Yard,Freight Train,5,42765,11401,56946,T211,39.862136,-88.884787,48.2,62.6,44.1
ALS,0323AS005,2023-03-14,8:30 AM,Side collision,0,EAST ST LOUIS,IL,31,2,Day,Clear,Yard,Yard/switching,4,47500,50,47550,H307,38.595821,-90.146091,32.7,34.7,41
ATK,180150,2024-05-09,8:53 AM,Obstruction,0,MENDOTA,IL,55,2,Day,Clear,Main,Passenger Train - Pulling,40,17889,0,17889,M404,41.547059,-89.11806,67.8,58.1,58.3
NS,146324,2022-08-27,5:50 PM,Other impacts,0,IRONDALE,AL,82,3,Dusk,Clear,Yard,Single Car,2,10026,3071,54635,H019,33.555372,-86.683971,79.5,80.3,80.5
BNSF,HL0918116,2018-09-17,12:40 PM,Other impacts,0,BIRMINGHAM,AL,89,2,Day,Clear,Yard,Yard/switching,5,17751,0,17751,H318,33.534312,-86.833307,81.7,81,82
CSX,000185957,2019-10-14,1:00 AM,Other impacts,0,INDIANAPOLIS,IN,40,4,Dark,Clear,Yard,Freight Train,1,9299,0,15793,H702,39.759791,-86.327526,51.4,51,55.9
CSX,000138052,2014-11-24,6:24 PM,Derailment,0,DEARBORN,MI,33,3,Dusk,Clear,Yard,Yard/switching,4,30805,1000,31805,H312,42.303435,-83.150096,48.4,48.2,32.5
BNSF,KS0621110,2021-06-24,7:15 AM,Side collision,0,KANSAS CITY,KS,63,1,Dawn,Cloudy,Yard,Yard/switching,0,61828,0,80228,M407,39.081238,-94.674116,79.3,81.2,74.8
NIRC,2017070273,2017-07-06,9:18 AM,Other (describe in narrative),0,CHICAGO,IL,81,2,Day,Clear,Main,DMU,10,54287,0,54287,E78L,41.884147,-87.623003,78.1,82.6,78.8
UP,0717LK040,2017-07-30,8:30 PM,Derailment,0,SHREVEPORT,LA,85,4,Dark,Clear,Yard,Single Car,0,95,0,17562,H704,32.432921,-93.911365,84.5,80.4,81.7
LIRC,LIRC0076F,2024-08-24,7:20 PM,Derailment,0,JEFFERSONVILLE,IN,89,3,Dusk,Clear,Yard,Yard/switching,6,8759,24190,32949,H702,38.303221,-85.751748,73.3,78.5,79.8
BRC,14403,2020-11-08,12:20 AM,Other impacts,0,BEDFORD PARK,IL,54,4,Dark,Clear,Yard,Light loco(s),5,0,0,13355,H318,41.767743,-87.774872,61.7,66,69.6
NIRC,MEI127,2015-11-11,8:46 PM,Other (describe in narrative),0,BLUE ISLAND,IL,55,4,Dark,Rain,Main,EMU,30,31564,7369,38933,M404,41.669373,-87.660627,45.9,52.3,46.4
CSX,000210171,2023-03-03,6:30 PM,Other (describe in narrative),0,HILLSDALE,IN,45,3,Dusk,Rain,Main,Freight Train,0,26000,0,26000,M199,39.80953,-87.387768,43.5,39.7,40.4
MBTA,19269,2019-12-26,3:40 PM,Derailment,0,BOSTON,MA,35,2,Day,Cloudy,Main,Passenger Train - Pushing,9,37647,15512,53159,H702,42.349769,-71.109525,36,36.5,44.3
CSX,000207082,2022-09-01,8:52 AM,Raking collision,0,RIVERDALE,IL,89,2,Day,Clear,Yard,Yard/switching,4,5568,0,18073,M204,41.650035,-87.643692,72.2,75.6,75.8
UP,0118LV046,2018-01-12,5:45 AM,Derailment,0,LOTTIE,LA,45,4,Dark,Cloudy,Yard,Light loco(s),3,10204,3488,13692,H702,30.533116,-91.562251,63.2,37.8,33.9
NS,130052,2017-10-08,11:59 AM,Obstruction,0,LEEDS,AL,75,2,Day,Rain,Main,,0,0,0,27829,M404,33.540934,-86.532618,76.5,76,77.6
BLF,20244386,2024-04-07,9:45 PM,Obstruction,0,FORT PIERCE,FL,72,4,Dark,Clear,Main,Passenger Train - Pulling,98,21125,0,21375,M402,27.38152,-80.296882,65.3,66.1,69.8
CSX,000207062,2022-09-04,1:00 PM,Derailment,0,BIRMINGHAM,AL,85,2,Day,Rain,Main,Freight Train,18,15314,15177,30491,E62C,33.473791,-86.83988,79.2,75.1,75.2
NS,143016,2021-10-01,4:15 PM,Derailment,0,IRONDALE,AL,82,3,Dusk,Clear,Yard,Yard/switching,8,43000,9446,52446,H504,33.548905,-86.678009,75.6,76,74.3
UP,0722MA030,2022-07-13,7:15 PM,Other impacts,0,SHREVEPORT,LA,97,3,Dusk,Cloudy,Yard,Cut of cars,0,0,0,11638,E29C,32.449884,-93.798699,88,88.9,85
NIRC,MEI079,2015-07-25,9:00 PM,Other (describe in narrative),0,CHICAGO,IL,80,4,Dark,Clear,Main,EMU,12,290000,19661,309661,H499,41.475747,-87.351242,78.3,79.9,76.2
NS,131123,2018-09-29,6:30 PM,Derailment,0,IRONDALE,AL,72,3,Dusk,Clear,Yard,Cut of cars,10,10500,2605,13105,M405,33.548905,-86.67801,73.2,74.6,76.8
UP,0617KC003,2017-06-07,2:16 AM,Derailment,0,HERINGTON,KS,63,4,Dark,Clear,Main,Freight Train,8,5886,6319,12205,H702,38.674335,-96.949475,74.8,72,71.6
BRC,13534,2015-03-05,6:10 PM,Other impacts,0,BEDFORD PARK,IL,19,2,Day,Clear,Yard,Cut of cars,15,19409,945,20354,M407,41.76175,-87.74134,22.7,13.8,17.2
MACZ,168369,2021-09-14,9:00 AM,Other (describe in narrative),0,MIDDLE RIVER,MD,80,2,Day,Clear,Main,Passenger Train - Pushing,90,205193,0,205193,H099,39.340192,-76.413927,79,77.9,78.4
BNSF,KS0623105,2023-06-04,5:24 AM,Derailment,0,KANSAS CITY,KS,75,1,Dawn,Clear,Yard,Yard/switching,3,25968,7000,32968,S007,39.083942,-94.689662,79.2,78,77.8
CARR,CRR050801,2017-05-08,9:15 AM,Side collision,0,WORTHVILLE,KY,55,2,Day,Clear,Yard,Single Car,0,0,0,24670,M506,38.609276,-85.069229,52.6,53.2,61.9
ABS,231128003,2023-11-28,4:30 AM,Derailment,0,TUSCALOOSA,AL,29,4,Dark,Clear,Yard,Freight Train,2,125000,32500,434500,H504,33.201104,-87.570423,42.2,41.4,41
UP,1118PR022,2018-11-25,4:10 PM,Derailment,0,STERLING,IL,31,2,Day,Snow,Yard,Single Car,0,8497,0,11848,H302,41.788585,-89.725588,41.5,33.1,26.2
ATK,139804,2015-10-20,4:00 AM,Other impacts,0,BALTIMORE,MD,50,4,Dark,Clear,Yard,Spec. MoW Equip.,5,0,0,18000,H997,39.296666,-76.540359,43.5,53.2,55.8
NIRC,RII053,2015-09-13,10:50 AM,Derailment,0,BLUE ISLAND,IL,60,2,Day,Clear,Main,Commuter Train - Pulling,8,6418,7153,13571,M507,41.498299,-87.9077,57.3,59.6,66.9
TASD,D20180812A,2018-08-12,12:00 AM,Derailment,0,MOBILE,AL,80,4,Dark,Clear,Industry,,0,0,8646,39622,M101,30.711374,-88.046532,81.1,83.5,82.3
BRC,13651,2015-11-13,10:40 PM,Derailment,0,BEDFORD PARK,IL,43,4,Dark,Clear,Yard,,0,0,5555,14351,T221,41.757076,-87.713616,47.1,42,44.8
CSX,000194337,2020-12-09,7:55 AM,Side collision,0,LOUISVILLE,KY,34,1,Dawn,Clear,Yard,Yard/switching,7,7626,0,21925,H302,38.160709,-85.749174,36,45.3,47.4
IC,863187,2015-08-23,8:05 AM,Other (describe in narrative),0,CLINTON,KY,90,2,Day,Cloudy,Main,Freight Train,4,15675,25,15700,H018,36.585095,-88.943249,71.8,76.2,67.5
ATK,148499,2017-07-14,9:30 PM,Other (describe in narrative),0,WASHINGTON,DC,85,3,Dusk,Cloudy,Yard,Yard/switching,10,11250,0,11250,E78L,38.915725,-76.988796,87.4,83.1,81.6
ATK,173615,2023-02-02,3:00 AM,Obstruction,0,OLD LYME,CT,19,4,Dark,Clear,Main,Spec. MoW Equip.,5,0,0,100000,H607,41.310394,-72.343409,30.1,31.2,23.6
WTA,210506WTA,2021-05-06,3:19 PM,Other impacts,0,WICHITA,KS,67,2,Day,Clear,Yard,Yard/switching,3,16350,0,16350,H318,37.718468,-97.331751,56.2,58.6,63.2
UP,0622MA003,2022-06-03,11:55 AM,Derailment,0,EAST ST LOUIS,IL,79,2,Day,Clear,Main,Yard/switching,8,0,66,66,H514,38.59715,-90.15564,70.1,68.8,72.8
NS,152505,2023-03-09,6:26 AM,Derailment,0,HEFLIN,AL,59,1,Dawn,Cloudy,Main,Freight Train,24,1938654,642712,2581366,E39L,33.662926,-85.647589,60.8,54.5,55.5
NS,144944,2022-04-11,12:25 PM,Other impacts,0,ALTON,IL,62,2,Day,Rain,Yard,Single Car,0,14290,0,14488,M408,38.885122,-90.164027,58.7,58.3,61.6
ALS,220911,2022-09-11,4:15 PM,Derailment,0,EAST ST LOUIS,IL,70,2,Day,Clear,Yard,Yard/switching,4,5800,9050,14850,M411,38.5954,-90.14707,73.1,67.6,65.9
UP,0415LV004,2015-04-04,12:15 PM,Derailment,0,AVONDALE,LA,75,2,Day,Clear,Yard,Yard/switching,6,33071,50764,83835,H702,29.91784,-90.204603,75.8,67.7,68.1
BLF,20244094,2024-02-13,12:05 AM,Hwy-rail crossing,0,WEST PALM BEACH,FL,68,4,Dark,Clear,Main,Passenger Train - Pulling,24,16000,0,16478,M301,26.706404,-80.055459,77.5,71.8,66.8
UP,0123HL010,2023-01-12,11:00 PM,Derailment,0,HERINGTON,KS,26,4,Dark,Clear,Main,Yard/switching,10,13911,3305,17216,H607,38.673381,-96.949505,36.4,29.4,25.5
NS,128657,2018-02-26,8:00 PM,Derailment,0,BOLIGEE,AL,60,4,Dark,Cloudy,Yard,,0,0,16193,20029,E07C,32.759466,-88.024727,57.6,59.5,58.3
CSX,000152166,2015-09-16,6:50 PM,Other impacts,0,RIVERDALE,IL,79,3,Dusk,Clear,Yard,Cut of cars,3,50900,0,50900,E31C,41.650474,-87.647465,70.1,69.5,73.1
IANR,WLP0220192,2019-02-20,12:57 PM,Other impacts,0,WATERLOO,IA,30,2,Day,Snow,Yard,Freight Train,7,16194,0,16194,H302,42.466111,-92.315205,5.5,26.9,13.9
CFE,CFE365723D,2023-03-23,5:00 PM,Derailment,0,FORT WAYNE,IN,48,2,Day,Clear,Yard,Yard/switching,4,96000,23407,124407,E65C,41.060444,-85.096944,44.5,48.9,40
CP,1000875796,2018-11-14,8:30 AM,Hwy-rail crossing,0,BUTLER,IN,30,2,Day,Clear,Main,Freight Train,25,13793,0,13793,M303,41.42971,-84.86073,29.8,25.6,30.8
UP,0318PR007,2018-03-08,8:31 AM,Other (describe in narrative),0,MELROSE PARK,IL,30,2,Day,Cloudy,Yard,Single Car,0,65549,0,65549,M411,41.898752,-87.907917,29.6,28.4,30.5
BNSF,CH0119105,2019-01-13,5:00 PM,Derailment,0,ADAIR,IL,17,3,Dusk,Clear,Main,Freight Train,44,659570,446520,1106090,E52C,40.40374,-90.478386,28.7,25.9,19.7
MBTA,1955,2015-01-29,2:03 PM,Side collision,0,BOSTON,MA,28,2,Day,Clear,Yard,Yard/switching,2,9188,0,16391,H999,42.240128,-71.130362,17.9,22.6,30.3
NS,134294,2019-06-11,11:30 AM,Side collision,0,MOBILE,AL,85,2,Day,Clear,Yard,Freight Train,9,220000,55868,293868,H306,30.706531,-88.048818,83.4,81.9,78.7
BNSF,RD1117125,2017-11-29,12:50 AM,Other impacts,0,ARKANSAS CITY,KS,48,4,Dark,Rain,Siding,Freight Train,6,18750,0,18750,H302,37.070497,-97.032814,58.3,46.7,46
NS,151948,2023-01-08,6:25 AM,Other impacts,0,IRONDALE,AL,49,1,Dawn,Cloudy,Yard,Yard/switching,3,9989,0,11756,H316,33.548905,-86.678009,54.5,56.5,45.1
UP,0623MA027,2023-06-20,4:45 AM,Derailment,0,EAST ST LOUIS,IL,64,1,Dawn,Clear,Yard,Freight Train,4,66100,0,140552,E4AC,38.584482,-90.133085,75.8,77.9,77.8
NS,142218,2021-07-15,12:45 PM,Hwy-rail crossing,0,FULTON,AL,92,2,Day,Clear,Main,Freight Train,35,14,25000,25014,M303,31.790076,-87.727547,80.5,81.4,77.7
NS,133643,2019-04-21,5:25 AM,Other impacts,0,MACON,GA,46,1,Dawn,Clear,Yard,Single Car,0,78764,0,555947,H312,32.813658,-83.622785,52.4,61,62.4
CSX,000181241,2019-02-07,2:16 PM,Hwy-rail crossing,0,HELENA,AL,74,2,Day,Clear,Main,Freight Train,36,22528,80,22608,M303,33.27467,-86.812955,68,68.7,45.6
KCS,15032702,2015-03-27,7:00 AM,Hwy-rail crossing,0,RUSTON,LA,40,2,Day,Clear,Main,Freight Train,46,1284,19083,20367,M304,32.528793,-92.675278,58.1,51.2,52
CSX,000191390,2020-07-16,7:45 AM,Derailment,0,CHICAGO,IL,72,1,Dawn,Clear,Yard,Cut of cars,8,18975,0,18975,H307,41.779543,-87.679338,77.7,74.4,78.8
CSX,000196511,2021-03-23,3:00 AM,Derailment,0,TALLADEGA,AL,55,4,Dark,Cloudy,Industry,Freight Train,8,40288,1321,141609,T211,33.430221,-86.111309,58.6,61.6,65.4
UP,0716DV002,2016-07-05,2:05 PM,Derailment,0,GRAND JUNCTION,CO,90,2,Day,Clear,Yard,Spec. MoW Equip.,0,140000,0,191956,H309,39.062629,-108.555912,75.4,81.1,81.7
CP,1001644857,2022-02-11,5:30 AM,Other impacts,0,BENSENVILLE,IL,33,4,Dark,Cloudy,Yard,Light loco(s),0,7246,0,12843,H799,41.941768,-87.885515,29.8,36.8,18.2
NS,132005,2018-10-31,7:18 PM,Raking collision,0,DANVILLE,KY,65,3,Dusk,Clear,Yard,Freight Train,2,13894,0,13894,H302,37.682407,-84.781725,51.4,60.9,61.3
CSX,000180621,2019-01-06,2:27 PM,Derailment,0,NEW ORLEANS,LA,68,2,Day,Clear,Main,Yard/switching,4,78355,0,89641,H019,30.005989,-90.019451,53.7,58.4,63.2
NS,142846,2021-09-14,2:55 PM,Derailment,0,MACON,GA,80,2,Day,Clear,Yard,Freight Train,0,25000,0,48657,E30C,32.813729,-83.622793,74.6,76.5,71.9
CSX,000180403,2018-12-19,7:41 PM,Other impacts,0,INDIANAPOLIS,IN,32,3,Dusk,Clear,Yard,Single Car,0,46791,0,46791,S099,39.759791,-86.327526,33.3,39.2,45.6
UP,0219GL093,2019-02-23,5:00 PM,Other impacts,0,MELROSE PARK,IL,39,2,Day,Rain,Yard,Single Car,0,13482,0,37838,M411,41.89873,-87.907931,30.4,37.9,30.6
UP,0920GC033,2020-09-27,1:30 AM,Other impacts,0,MARINGOUIN,LA,70,4,Dark,Clear,Yard,Single Car,6,0,0,262849,M411,30.52644,-91.554669,73,75.7,70.6
CSX,000171795,2017-09-18,9:10 PM,Derailment,0,NEW ORLEANS,LA,84,4,Dark,Cloudy,Yard,Yard/switching,6,413261,120539,534970,M405,30.005989,-90.019451,83.3,84.7,83.8
GRW,15,2017-06-27,2:35 PM,Derailment,0,GARY,IN,76,2,Day,Clear,Yard,Yard/switching,7,19739,0,19739,E29C,41.608801,-87.333966,62.9,64.2,69.1
CSX,000142138,2015-02-26,11:46 PM,Other impacts,0,AVON,IN,5,4,Dark,Clear,Yard,Single Car,5,1594,0,13874,E09C,39.759222,-86.353899,24.8,17.9,9.7
GWR,GWRC161534,2016-07-22,11:00 PM,Derailment,0,WINDSOR,CO,71,4,Dark,Clear,Main,Cut of cars,20,100144,10244,110388,H318,40.47,-104.887875,72.4,77.4,79.6
LAS,D640215,2015-01-01,1:55 PM,Derailment,0,HODGE,LA,36,2,Day,Rain,Main,Freight Train,8,0,15700,15700,H503,32.164453,-92.434642,37.4,37.5,45.7
CSX,000213655,2023-09-19,8:28 PM,Obstruction,0,TERRE HAUTE,IN,65,4,Dark,Cloudy,Main,Freight Train,20,18905,0,18905,M404,39.393653,-87.375567,62,62.9,67.4
NS,130875,2018-09-10,2:40 AM,Derailment,0,IRONDALE,AL,72,4,Dark,Clear,Yard,Yard/switching,15,13000,13761,37761,M407,33.548905,-86.67801,79.8,75,76.2
CSX,000151486,2015-08-31,2:30 PM,Side collision,0,WEST SPRINGFIELD,MA,84,2,Day,Clear,Yard,Single Car,3,200,0,38335,H318,42.098748,-72.603181,71.9,75.7,73.1
NS,142340,2021-07-24,9:00 AM,Derailment,0,MUSCLE SHOALS,AL,95,2,Day,Clear,Yard,Light loco(s),8,3850,11300,15150,M404,34.712551,-87.616782,83.1,83.3,85
BNSF,HL1220118,2020-12-27,8:36 PM,Derailment,0,KEOKUK,IA,48,3,Dusk,Clear,Yard,Freight Train,3,32000,70000,102000,H703,40.386593,-91.40313,28.5,36.7,25.4
KO,02170201,2017-02-01,2:30 AM,Derailment,0,BAZINE,KS,30,4,Dark,Clear,Main,Freight Train,7,200000,13310,213310,T220,38.440811,-99.798153,39.9,32.3,23.7
BNSF,CH0515109,2015-05-24,7:45 PM,Side collision,0,GALESBURG,IL,72,3,Dusk,Cloudy,Yard,Yard/switching,3,400,0,13600,M408,40.914709,-90.3807,67.6,69.1,70.4
ATK,172164,2022-09-27,5:04 PM,Obstruction,0,NEWCARROLLTON,MD,72,2,Day,Clear,Main,Passenger Train - Pulling,90,29955,0,29955,M404,38.949075,-76.871232,68.2,65,60.3
CSX,000200989,2021-10-29,8:34 PM,Other impacts,0,BIRMINGHAM,AL,58,4,Dark,Rain,Yard,Cut of cars,10,14498,164,136801,H020,33.543607,-86.790089,62.3,53.5,55.5
UP,0816LV015,2016-08-22,12:00 PM,Derailment,0,LIVONIA,LA,85,2,Day,Clear,Yard,Yard/switching,5,232,14592,14824,H303,30.53304,-91.55872,78.9,79.6,82.7
NS,127978,2018-01-03,12:15 PM,Derailment,0,MCINTOSH,AL,32,2,Day,Clear,Industry,Freight Train,3,12000,1500,13500,H306,31.256833,-88.007978,30,36.3,35.1
NS,145447,2022-06-03,12:16 PM,Derailment,0,ELKHART,IN,72,2,Day,Clear,Yard,Freight Train,8,83298,380413,463711,H306,41.677391,-85.978436,63.8,65.9,61.9
UP,0422HL020,2022-04-29,8:30 PM,Derailment,0,WHITE CITY,KS,72,4,Dark,Rain,Main,Freight Train,0,70666,400,71066,M102,38.749428,-96.801933,72.3,68.8,57.6
CSX,000204022,2022-04-05,6:32 AM,Derailment,0,MONTGOMERY,AL,65,1,Dawn,Cloudy,Yard,Freight Train,7,10947,1860,12807,H704,32.39635,-86.314904,62,62.5,71.4
UP,0719GC018,2019-07-08,10:30 PM,Derailment,0,PORT ALLEN,LA,84,4,Dark,Clear,Main,Yard/switching,4,100,29260,29360,H702,30.491573,-91.217711,86.1,86,87.2
ATK,148716,2017-07-24,12:10 PM,Other (describe in narrative),0,BALTIMORE,MD,89,2,Day,Clear,Main,Passenger Train - Pulling,90,17371,0,17371,E78L,39.304722,-76.591388,78.5,79.9,74
NS,140049,2020-12-17,6:52 PM,Side collision,0,OSCEOLA,IN,26,3,Dusk,Clear,Yard,Cut of cars,4,83926,2087,87173,H305,41.664668,-86.052581,28,28.9,31.1
IC,870149,2015-11-03,2:55 PM,Hwy-rail crossing,0,HAMMOND,LA,70,2,Day,Cloudy,Main,,0,0,25,27173,M302,30.407217,-90.431709,69.4,69.8,69.5
NS,115120,2015-04-03,8:50 PM,Hwy-rail crossing,0,MULBERRY,IN,35,4,Dark,Clear,Main,Freight Train,41,30,62042,62072,M302,40.338566,-86.661114,57.9,48.8,41.3
NS,153705,2023-07-24,6:00 AM,Other impacts,0,LOUISVILLE,KY,70,1,Dawn,Clear,Yard,Single Car,0,21000,0,64000,H302,38.263516,-85.801424,76.2,76.6,78.8
NS,130102,2018-07-05,6:00 PM,Other impacts,0,ELKHART,IN,80,3,Dusk,Clear,Yard,Yard/switching,2,150,0,19950,E39C,41.67736,-85.978495,80.9,78.9,72.2
CSX,000185957,2019-10-14,1:00 AM,Other impacts,0,INDIANAPOLIS,IN,40,4,Dark,Clear,Yard,Cut of cars,0,6494,0,15793,H702,39.759791,-86.327526,51.4,51,55.9
BNSF,KS0222112,2022-02-10,10:06 AM,Derailment,0,KANSAS CITY,KS,30,2,Day,Clear,Yard,Yard/switching,10,79740,1500,81240,M407,39.082315,-94.679297,43.5,40.8,44.9
UP,0722MA030,2022-07-13,7:15 PM,Other impacts,0,SHREVEPORT,LA,97,3,Dusk,Cloudy,Yard,Yard/switching,1,11638,0,11638,E29C,32.449884,-93.798699,88,88.9,85
NS,156062,2024-03-16,3:30 AM,Other (describe in narrative),0,DANVILLE,KY,37,4,Dark,Fog,Yard,Freight Train,1,27400,500,27900,H702,37.637861,-84.781619,57,49.9,49.2
CSX,000216800,2024-03-17,10:45 PM,Other impacts,0,OWENSBORO,KY,45,4,Dark,Clear,Yard,Single Car,0,22150,0,24975,H318,37.773969,-87.080107,50.9,47.6,33.9
IC,1140339,2023-10-20,11:20 PM,Side collision,0,DESTREHAN,LA,55,4,Dark,Clear,Main,Freight Train,3,13000,0,18834,H607,29.953389,-90.366465,71,74.9,74.2
NS,144018,2022-01-14,12:30 AM,Other impacts,0,IRONDALE,AL,37,4,Dark,Clear,Yard,Single Car,0,11929,0,13732,M411,33.548905,-86.678009,47.8,44,46.5
NS,151564,2022-11-27,2:30 AM,Side collision,0,IRONDALE,AL,55,4,Dark,Clear,Yard,Cut of cars,3,0,0,0,M408,33.548905,-86.678009,57.3,60.2,50.7
UP,0520HL010,2020-05-19,6:40 AM,Derailment,0,COFFEYVILLE,KS,50,1,Dawn,Cloudy,Yard,Freight Train,5,28626,33,28659,H525,37.017888,-95.625097,60.8,59.8,62.4
UP,0123HL018,2023-01-25,11:00 PM,Derailment,0,PARSONS,KS,24,4,Dark,Cloudy,Yard,Freight Train,7,13320,25360,38680,M409,37.3469,-95.2698,32,33.7,28.9
UP,0317LV019,2017-03-08,12:00 PM,Other (describe in narrative),0,SHREVEPORT,LA,69,2,Day,Clear,Industry,Single Car,0,14494,0,14494,M507,32.361386,-93.641933,63.4,59.5,68.3
BNSF,CH1222109,2022-12-17,3:15 AM,Derailment,0,GALESBURG,IL,22,4,Dark,Clear,Yard,Yard/switching,4,113874,3000,116874,M101,40.905943,-90.385974,27.6,21.3,15.8
CSX,000191039,2020-06-24,8:29 PM,Other impacts,0,INDIANAPOLIS,IN,80,4,Dark,Clear,Yard,Cut of cars,0,0,100,17980,M407,39.759791,-86.327526,70.9,70.9,73.3
KO,IN210101,2021-01-01,10:00 PM,Derailment,0,WICHITA,KS,28,4,Dark,Clear,Industry,Yard/switching,5,44645,20000,64645,T212,37.591744,-97.411016,29.8,31.5,32.3
NS,128718,2018-03-05,3:15 PM,Derailment,0,LOUISVILLE,KY,45,2,Day,Cloudy,Yard,Yard/switching,7,70023,0,70023,H017,38.263535,-85.801414,43.2,44.6,49.5
CSX,000204768,2022-05-06,9:35 PM,Hwy-rail crossing,0,DOTHAN,AL,65,4,Dark,Clear,Main,Freight Train,0,13498,958,14456,M302,31.217162,-85.3503,78.9,76,72.5
IAIS,2019006,2019-02-04,8:10 PM,Derailment,0,DES MOINES,IA,15,4,Dark,Cloudy,Main,,0,0,28808,57437,H702,41.587092,-93.591108,46.4,24.5,14
CSX,000191960,2020-08-12,12:48 PM,Raking collision,0,FLATWOODS,KY,91,2,Day,Clear,Yard,Freight Train,8,51681,0,51681,H607,38.540046,-82.712369,76.7,77.6,79.5
BNSF,RD1117110,2017-11-15,7:05 AM,Side collision,0,LAFAYETTE,LA,68,1,Dawn,Clear,Yard,Cut of cars,0,21645,0,49765,H318,30.235114,-92.043549,61.9,63.4,64.1
NS,156995,2024-06-08,6:32 AM,Derailment,0,ELKHART,IN,56,1,Dawn,Clear,Yard,Yard/switching,2,20610,10823,31433,M405,41.677392,-85.978437,65.7,64.8,64.9
PW,PWR686421S,2021-02-04,5:25 AM,Side collision,0,WORCESTER,MA,31,1,Dawn,Snow,Yard,Cut of cars,0,13000,0,25500,H302,42.220806,-71.788278,28.4,30.2,32.1
ATK,160924,2019-08-30,11:25 PM,Other (describe in narrative),0,CHICAGO,IL,65,4,Dark,Clear,Main,Passenger Train - Pulling,0,66777,0,66777,E03L,41.881832,-87.623177,72.7,68.5,68.2
CSX,000180403,2018-12-19,7:41 PM,Other impacts,0,INDIANAPOLIS,IN,32,3,Dusk,Clear,Yard,Single Car,7,0,0,46791,S099,39.759791,-86.327526,33.3,39.2,45.6
PAL,2015APR4D,2015-04-23,10:08 AM,Derailment,0,PROVIDENCE,KY,60,2,Day,Clear,Industry,Freight Train,4,18498,0,18498,T211,37.455169,-87.779663,54.8,51,52.4
UP,1021PR001,2021-10-01,6:24 AM,Other impacts,0,NORTHLAKE,IL,61,1,Dawn,Clear,Yard,Yard/switching,2,13355,250,14413,M599,41.923776,-87.914358,68.8,72.1,71.8
FEC,D14033024,2024-03-30,9:05 AM,Derailment,0,JACKSONVILLE,FL,70,2,Day,Clear,Yard,Yard/switching,5,25667,454,26121,H315,30.23975,-81.60241,61.7,65.2,68.6
UP,0219GP021,2019-02-07,2:31 PM,Derailment,0,SCRANTON,IA,7,2,Day,Cloudy,Main,Freight Train,40,102999,114708,217707,H503,42.022626,-94.569149,14.1,5.7,0.1
NS,145644,2022-06-22,10:30 PM,Other (describe in narrative),0,IRONDALE,AL,72,4,Dark,Clear,Yard,Yard/switching,4,4600,115455,120055,H702,33.548905,-86.678009,83.8,86.3,85.3