reportingrailroadcode,accidentnumber,date,time,accidenttype,hazmatreleasedcars,station,stateabbr,temperature,visibility_code,visibility,weathercondition,tracktype,equipmenttype,trainspeed,equipmentdamagecost,trackdamagecost,totaldamagecost,primaryaccidentcausecode,latitude,longitude,prior_temp,actual_temp,following_temp
UP,1116LK007,2016-11-11,7:48 PM,Raking collision,0,NORTH LITTLE ROCK,AR,55,4,Dark,Clear,Yard,Yard/switching,0,5405,0,78359,H302,34.775873,-92.221286,53,59,52.9
UP,0715PR023,2015-07-28,9:30 PM,Other impacts,0,NORTHLAKE,IL,78,4,Dark,Clear,Yard,Cut of cars,5,3575,3612,60749,H020,41.909337,-87.915129,77.9,80.9,80.4
BNSF,SW0618107,2018-06-21,9:00 AM,Derailment,0,SELIGMAN,AZ,85,2,Day,Clear,Main,Freight Train,17,265719,97000,362719,E22L,35.321871,-112.859961,70.1,74.9,75
BNSF,CH0215112,2015-02-23,12:30 AM,Derailment,0,CICERO,IL,4,4,Dark,Clear,Yard,Freight Train,5,20458,0,24343,H704,41.767426,-87.796281,19.4,6.3,18.6
ATK,147635,2017-05-24,11:00 PM,Other impacts,0,WASHINGTON,DC,62,4,Dark,Cloudy,Yard,Passenger Train - Pushing,0,34094,0,34237,H605,38.901897,-77.004706,63.8,62,63
CSX,000204823,2022-05-09,12:20 AM,Derailment,0,BLOOMINGTON,MD,44,4,Dark,Clear,Main,Freight Train,10,20791,576,21367,E79L,39.485127,-79.075794,49.8,52.9,56.9
CP,1000656068,2017-11-19,10:40 AM,Derailment,0,WINONA,MN,37,2,Day,Cloudy,Yard,Yard/switching,9,192961,5458,198419,T221,43.84769,-91.297749,35.5,29.5,43
UP,0821MA014,2021-08-05,8:00 AM,Other (describe in narrative),0,PINE BLUFF,AR,71,2,Day,Clear,Yard,Single Car,0,13392,0,13392,M411,34.253014,-91.936119,78.2,77.2,78.3
NS,131641,2018-11-12,10:25 PM,Side collision,0,IRONDALE,AL,53,4,Dark,Rain,Yard,Yard/switching,3,38970,50,39020,E09C,33.548905,-86.67801,47.1,48.3,45.5
BNSF,SW0417107,2017-04-18,11:00 AM,Obstruction,0,WILLIAMS,AZ,80,2,Day,Clear,Main,Spec. MoW Equip.,0,10000,0,14000,H402,35.275274,-112.186132,54.4,56.5,55.1
NS,137601,2020-03-28,2:30 AM,Other (describe in narrative),0,TUSCALOOSA,AL,72,4,Dark,Clear,Yard,Freight Train,8,6240,5971,12211,H307,33.198398,-87.555879,73.8,77.1,70.4
NS,135376,2019-09-03,4:00 PM,Derailment,0,KIMBROUGH,AL,87,3,Dusk,Clear,Main,Freight Train,7,48482,0,52546,H506,32.028674,-87.556934,79.9,80.3,81.2
KO,IN191229,2019-12-29,9:30 PM,Derailment,0,SALINA,KS,35,4,Dark,Snow,Industry,Cut of cars,15,20800,0,20800,H022,38.856208,-97.657049,43.2,34,33.4
BNSF,SW1022201,2022-10-03,3:27 PM,Hwy-rail crossing,0,SUN CITY,AZ,90,2,Day,Clear,Main,Freight Train,40,800,35000,35800,M302,33.597736,-112.271868,85.7,82.6,80.2
KCS,18120701,2018-12-07,10:50 AM,Derailment,0,SHREVEPORT,LA,47,2,Day,Rain,Yard,Freight Train,4,4042,17371,21413,E30C,32.537856,-93.839799,46.8,46.1,42.4
UP,0415LK013,2015-04-10,8:25 PM,Derailment,0,NORTH LITTLE ROCK,AR,65,4,Dark,Clear,Yard,Yard/switching,8,300,18562,18862,S006,34.763821,-92.260122,75.1,60.8,60.6
UP,0522GC039,2022-05-31,3:42 PM,Other impacts,0,MARINGOUIN,LA,91,2,Day,Cloudy,Yard,Single Car,0,41956,0,41956,M411,30.526811,-91.555188,80.1,78.8,78.7
WC,876033,2016-01-07,3:40 AM,Derailment,0,GARY,IN,33,4,Dark,Cloudy,Yard,,0,0,11039,75536,H704,41.621764,-87.377271,30.5,37.9,41.4
NS,136688,2019-12-31,2:20 PM,Other (describe in narrative),0,LAFAYETTE,IN,28,2,Day,Cloudy,Yard,Cut of cars,0,44083,0,307190,E30C,40.374638,-86.841312,37.2,32.3,36.5
TASD,D20210416A,2021-04-16,9:45 AM,Derailment,0,MOBILE,AL,68,2,Day,Cloudy,Industry,Freight Train,3,15167,20381,35548,H702,30.6648,-88.0399,64.8,63.8,62.9
UP,0823GC009,2023-08-12,2:14 AM,Other impacts,0,MARINGOUIN,LA,80,4,Dark,Clear,Yard,Single Car,5,0,0,51325,M411,30.525322,-91.552395,89.1,88.4,88.1
BNSF,SW0316102,2016-03-04,4:00 PM,Other impacts,0,PEACH SPRINGS,AZ,65,2,Day,Clear,Main,Maint./inspect Car,4,4000,18000,22000,H402,35.512935,-113.337949,60.1,61.9,60.1
FEC,D17040724,2024-04-07,9:45 PM,Obstruction,0,FT PIERCE,FL,72,4,Dark,Clear,Main,,0,0,250,21375,M402,27.38152,-80.296882,68.3,67.9,70.5
UP,0220MA016,2020-02-13,7:05 AM,Other impacts,0,NORTH LITTLE ROCK,AR,39,1,Dawn,Cloudy,Yard,Single Car,6,38818,99,63018,M407,34.774174,-92.223459,41.1,40.7,29.5
UP,0119MA025,2019-01-20,1:50 AM,Derailment,0,NORTH LITTLE ROCK,AR,29,4,Dark,Clear,Yard,Yard/switching,5,586,71350,71936,S006,34.774517,-92.222414,43.5,30.4,32.8
UP,0317LK047,2017-03-30,9:00 AM,Fire/violent rupture,0,PRESCOTT,AR,65,2,Day,Clear,Main,Freight Train,38,21655,33,21688,E73L,33.799266,-93.384473,70,59.4,59.9
CSX,000191914,2020-08-10,6:15 PM,Derailment,0,WAYCROSS,GA,88,3,Dusk,Clear,Yard,Freight Train,1,56404,18192,74596,E42C,31.213524,-82.353588,81.2,77.5,79.7
CSX,000195429,2021-02-02,7:50 AM,Derailment,0,FLATWOODS,KY,25,1,Dawn,Clear,Yard,Freight Train,6,28802,1500,30302,H704,38.540046,-82.712369,31.3,28.1,28.1
BRC,14318,2019-11-30,8:00 AM,Derailment,0,BEDFORD PARK,IL,36,2,Day,Rain,Yard,Single Car,17,27824,0,27824,M407,41.767271,-87.766133,37.6,38.6,39.1
MQT,MQT568018S,2018-02-02,1:15 PM,Other impacts,0,BALDWIN,MI,12,2,Day,Snow,Yard,Yard/switching,8,47518,0,47518,H021,43.89752,-85.884751,18.3,11.7,21.7
NS,145068,2022-04-23,10:25 PM,Side collision,0,DECATUR,IL,75,4,Dark,Clear,Yard,Cut of cars,4,15085,0,15665,H306,39.852182,-88.918343,67.1,72.9,68.5
BNSF,CH0919109,2019-09-29,12:53 AM,Derailment,0,CICERO,IL,70,4,Dark,Cloudy,Yard,Yard/switching,5,29493,0,29493,H307,41.842734,-87.754185,61.8,64.6,76
BNSF,SW0821115,2021-08-31,8:45 AM,Derailment,0,GLENDALE,AZ,95,1,Dawn,Clear,Yard,Cut of cars,0,970,0,139627,M503,33.527302,-112.173297,94.6,84.3,81
WC,1024689,2020-01-23,1:30 AM,Side collision,0,GARY,IN,31,4,Dark,Snow,Yard,Cut of cars,5,70900,0,95000,H099,41.626901,-87.419052,28.6,32.1,36
KCS,21082001,2021-08-20,4:49 PM,Hwy-rail crossing,0,WILTON,AR,95,2,Day,Clear,Main,Freight Train,20,2727186,320048,3047234,M302,33.75713,-94.19112,77.2,83.4,84.4
UP,0319GL066,2019-03-21,4:45 PM,Other impacts,0,MELROSE PARK,IL,48,2,Day,Cloudy,Yard,Single Car,0,14832,0,21419,M411,41.897901,-87.898267,41.8,40,38.4
NS,129444,2018-05-13,12:20 AM,Derailment,0,IRONDALE,AL,65,4,Dark,Clear,Yard,Yard/switching,4,15000,35692,50692,E45C,33.548905,-86.67801,76.9,78,80.3
BNSF,TC0118111,2018-01-17,7:30 PM,Derailment,0,CLOQUET,MN,29,3,Dusk,Clear,Yard,Freight Train,9,1500,41070,42570,H703,46.723712,-92.44134,3.4,13.8,28.9
NS,122858,2016-11-22,5:20 PM,Derailment,0,DECATUR,IL,42,3,Dusk,Cloudy,Yard,Yard/switching,3,40868,300,44453,H210,39.858895,-88.896691,31.7,39.8,45.2
UP,0715PR015,2015-07-27,7:30 PM,Derailment,0,CHICAGO HTS,IL,71,4,Dark,Clear,Yard,Yard/switching,5,38247,7613,45860,M405,41.500625,-87.613167,74.4,77.2,79.6
UP,0415PR006,2015-04-08,6:10 PM,Derailment,0,NORTHLAKE,IL,65,3,Dusk,Cloudy,Yard,Yard/switching,0,26720,264,26984,M411,41.89718,-87.901289,41.5,43.8,56.7
NS,142116,2021-07-07,2:40 AM,Other impacts,0,IRONDALE,AL,72,4,Dark,Rain,Yard,Yard/switching,3,21000,1445,22445,M411,33.548905,-86.678009,77.4,75.9,79
KRR,KRR002716D,2016-06-21,6:50 AM,Derailment,0,FOREMAN,AR,78,1,Dawn,Clear,Yard,Freight Train,3,10000,5000,15000,E4AC,33.725295,-94.426413,80.2,82.2,83.3
BNSF,CH1116108,2016-11-21,10:25 AM,Obstruction,0,CHILLICOTHE,IL,40,2,Day,Clear,Main,Maint./inspect Car,0,100000,0,100500,H402,40.929758,-89.427908,27.7,30.6,38.6
NS,136913,2020-01-23,12:55 AM,Other impacts,0,ELKHART,IN,29,4,Dark,Clear,Yard,Yard/switching,2,7548,293,28293,M407,41.668489,-86.014285,26.8,35,36.4
CSX,000192345,2020-08-29,3:16 PM,Derailment,0,TALLADEGA,AL,90,2,Day,Clear,Siding,Freight Train,10,161384,0,271991,T220,33.438552,-86.09987,77.9,79.3,78.8
UP,0115ES003,2015-01-16,12:30 PM,Obstruction,0,ALMA,AR,50,2,Day,Clear,Main,Spec. MoW Equip.,0,30000,0,86000,H307,35.457505,-94.275267,39,39.2,44.1
WC,1007593,2019-07-31,1:30 PM,Derailment,0,MANISTIQUE,MI,74,2,Day,Clear,Main,Freight Train,24,9360,104165,113525,M204,45.968724,-86.230469,61,58.2,62.2
UP,0719PR017,2019-07-11,9:30 PM,Other impacts,0,MELROSE PARK,IL,70,4,Dark,Cloudy,Yard,Cut of cars,2,1726,1500,12721,H021,41.914961,-87.91413,84.7,74.8,74.9
UP,0316WH006,2016-03-17,8:50 PM,Other impacts,0,PARSONS,KS,51,4,Dark,Clear,Yard,Cut of cars,0,24382,0,239214,H306,37.334204,-95.262965,50,52.1,45.2
CRSH,128351,2018-02-01,3:40 AM,Derailment,0,DETROIT,MI,36,4,Dark,Cloudy,Yard,Freight Train,7,60549,6000,80865,H306,42.322147,-83.127207,31.1,29.7,14.5
UP,0518ES031,2018-05-26,9:16 AM,Other impacts,0,PINE BLUFF,AR,86,2,Day,Clear,Yard,Spec. MoW Equip.,0,28939,33,28973,H993,34.249933,-91.939764,75.5,75,77.5
BNSF,CH0419112,2019-04-04,5:00 PM,Fire/violent rupture,0,MENDOTA,IL,45,2,Day,Rain,Main,,0,0,0,13940,M406,41.556826,-89.106669,45.4,44.5,45.3
ALE,2001DERAIL,2020-08-08,4:45 PM,Derailment,0,MOBILE,AL,92,2,Day,Clear,Yard,Yard/switching,5,0,17968,17968,H704,30.708814,-88.050648,83.3,82.8,84.5
CSX,000198125,2021-06-08,7:00 PM,Other impacts,0,ROANOKE,AL,70,3,Dusk,Rain,Main,Freight Train,50,14510,0,14510,M404,33.138838,-85.450007,75.8,74.4,75.4
UP,0720HL028,2020-07-30,4:27 PM,Other impacts,0,KANSAS CITY,KS,77,2,Day,Cloudy,Yard,Cut of cars,4,78486,0,440629,E04C,39.095103,-94.655057,77.4,73.7,73.4
NS,131375,2018-10-18,7:01 PM,Other impacts,0,DECATUR,AL,64,3,Dusk,Clear,Industry,Yard/switching,2,6055,7729,13784,H020,34.60842,-87.032088,59.1,56.5,60.7
BNSF,KS0621108,2021-06-14,11:11 AM,Side collision,0,KANSAS CITY,KS,80,2,Day,Clear,Yard,Yard/switching,0,44231,0,47492,H317,39.082321,-94.679092,78.2,80.5,83.8
MNN,MNN5272021,2021-05-27,8:25 AM,Derailment,0,ROSEAU,MN,45,2,Day,Clear,Main,Freight Train,10,10000,26180,36180,T221,48.838195,-95.895745,41.3,42.7,49.3
UP,0115PR015,2015-01-17,1:05 PM,Other (describe in narrative),0,NORTHLAKE,IL,25,2,Day,Cloudy,Yard,Single Car,10,11296,0,11296,H601,41.909293,-87.91538,28.5,37.1,35.5
UP,1217LK017,2017-12-13,6:41 AM,Raking collision,0,PINE BLUFF,AR,40,1,Dawn,Clear,Yard,Light loco(s),8,7446,265,12490,H702,34.255849,-91.934206,45.3,44.1,43.1
BNSF,HL0517202,2017-05-03,1:35 PM,Hwy-rail crossing,0,OSCEOLA,AR,70,2,Day,Rain,Main,Freight Train,52,1000,60000,61000,M308,35.732963,-89.964137,63.8,64,52.8
BNSF,KS1120107,2020-11-13,5:30 PM,Derailment,0,TOPEKA,KS,60,3,Dusk,Clear,Yard,Light loco(s),4,23952,250,24202,H703,39.054293,-95.644769,41.5,34.5,56
BNSF,KS0521108,2021-05-31,8:05 AM,Side collision,0,KANSAS CITY,KS,70,1,Dawn,Cloudy,Yard,Yard/switching,5,8300,0,11277,M407,39.082515,-94.680674,60.3,62.5,65.9
CSX,000200358,2021-09-28,9:15 AM,Hwy-rail crossing,0,SHEPHERDSVILLE,KY,65,2,Day,Clear,Main,Freight Train,45,9302,28911,38213,M302,37.990456,-85.713592,69.4,74.4,74.5
BNSF,HL1220116,2020-12-25,5:41 PM,Derailment,0,SPRINGFIELD,MO,60,3,Dusk,Clear,Yard,Yard/switching,4,7168,120000,127168,M411,37.228108,-93.324097,23.3,21.5,43.5
UP,1116ST002,2016-11-07,11:06 PM,Derailment,0,PHOENIX,AZ,72,4,Dark,Clear,Yard,Single Car,1,15764,0,56424,H318,33.444154,-112.148797,71.8,72.8,78.2
ARZC,ARZ933919D,2019-01-31,4:40 AM,Derailment,0,AGUILA,AZ,48,4,Dark,Clear,Main,Freight Train,9,194361,204734,399095,H503,33.944,-113.1719,59.2,57.4,59.7
UP,0917LK011,2017-09-05,7:39 AM,Other (describe in narrative),0,NORTH LITTLE ROCK,AR,75,2,Day,Clear,Yard,Yard/switching,6,13480,0,13480,M507,34.774256,-92.226875,79.6,72.6,66.4
IMSA,80015S001,2015-05-05,11:25 AM,RR grade crossing,0,JOLIET,IL,60,2,Day,Clear,Yard,Yard/switching,7,5000,8000,13000,M402,41.504975,-88.084589,66.4,57.7,66.2
TCWR,20190110A,2019-01-10,9:00 PM,Derailment,0,NORWOOD,MN,20,4,Dark,Cloudy,Main,Freight Train,10,20000,5500,25500,E67C,44.767246,-93.911047,9.6,18.1,25.4
UP,0818ST016,2018-08-17,1:05 PM,Derailment,0,TUCSON,AZ,96,2,Day,Clear,Yard,Yard/switching,5,12970,6686,19656,H702,32.203448,-110.938452,83.6,86.7,87.3
UP,0119ES037,2019-01-14,12:37 PM,Obstruction,0,MCGEHEE,AR,41,2,Day,Cloudy,Main,Spec. MoW Equip.,5,969,49775,50744,H993,33.634263,-91.398581,41.9,40.2,40.3
UP,1020LA016,2020-10-07,5:00 PM,Derailment,0,PHOENIX,AZ,101,2,Day,Clear,Siding,Freight Train,4,209116,3390,212506,H303,33.430025,-112.137591,87.2,86.7,86.1
UP,1018TC013,2018-10-20,3:55 AM,Derailment,0,ST PAUL,MN,38,4,Dark,Clear,Main,Light loco(s),8,42238,550,42788,H993,44.921153,-93.045025,57.9,40,39.4
UP,0620MA026,2020-06-20,2:26 PM,Derailment,0,PINE BLUFF,AR,87,2,Day,Cloudy,Yard,Yard/switching,3,116229,43202,159431,E36C,34.249494,-91.941234,79.2,78.5,76.4
UP,0315LK008,2015-03-09,11:22 AM,Hwy-rail crossing,0,JONESBORO,AR,40,2,Day,Fog,Main,Freight Train,35,20827,600,21427,M302,35.70558,-90.84959,37.6,39.5,49.1
CP,1000399733,2016-05-22,4:15 PM,Hwy-rail crossing,0,MORENCI,MI,70,2,Day,Clear,Main,Freight Train,47,49885,0,51385,M302,41.750959,-84.251405,62.1,62.8,60.1
IC,1001622,2019-06-11,11:30 AM,Side collision,0,MOBILE,AL,86,2,Day,Clear,Yard,Yard/switching,7,18000,0,293868,H306,30.705118,-88.046481,83.4,81.9,78.7
UP,0817LK006,2017-08-07,3:29 PM,Hwy-rail crossing,0,CONWAY,AR,82,2,Day,Cloudy,Main,Freight Train,44,12580,100,12680,M302,35.011567,-92.414516,75.3,74,75.8
WC,1058574,2021-01-11,4:55 PM,Side collision,0,GARY,IN,27,4,Dark,Clear,Yard,Yard/switching,5,25237,0,32713,H607,41.629772,-87.405684,25.9,25.2,29.3
UP,0123MA041,2023-01-12,9:53 AM,Derailment,0,NORTH LITTLE ROCK,AR,0,2,Day,Cloudy,Yard,Yard/switching,7,1268,0,31590,E09C,34.772808,-92.229817,66.2,53.3,38.3
UP,1017LK016,2017-10-10,9:20 PM,Derailment,0,PINE BLUFF,AR,70,4,Dark,Clear,Yard,Yard/switching,4,38938,132348,171286,E07C,34.249862,-91.940322,79.1,75.1,59.8
NS,139508,2020-10-23,5:40 AM,Derailment,0,ENGLISH,IN,50,1,Dawn,Clear,Main,Freight Train,26,55196,62161,117357,H518,38.344561,-86.417004,69.7,67.3,49.5
FEC,D22040624,2024-04-06,4:48 AM,Other (describe in narrative),0,NORTH MIAMI BEACH,FL,65,4,Dark,Clear,Main,,0,0,250,27653,M402,25.964035,-80.147431,72,72.5,73.2
NIRC,MEI016,2015-02-05,9:11 PM,Other impacts,0,CHICAGO,IL,11,4,Dark,Cloudy,Yard,EMU,5,5456,30000,35456,H306,41.857907,-87.620464,20.7,9.7,22.9
UP,0119MA015,2019-01-15,9:35 PM,Obstruction,0,DWIGHT,IL,36,4,Dark,Clear,Main,Freight Train,60,0,20300,20300,M402,41.098419,-88.420541,17.5,28,32.7
BNSF,SW1018110,2018-10-19,10:45 AM,Raking collision,0,SELIGMAN,AZ,50,2,Day,Clear,Main,Freight Train,10,1000,0,16000,H997,35.30175,-112.780862,42.2,44.6,52.3
IC,1051614,2020-10-17,8:45 PM,Derailment,0,HARAHAN,LA,65,4,Dark,Clear,Yard,Freight Train,6,12042,29762,41804,T217,29.972854,-90.201374,69.6,67.9,73.4
NS,131935,2018-12-05,5:00 PM,Derailment,0,MUSCLE SHOALS,AL,33,3,Dusk,Clear,Main,Freight Train,5,13400,3852,17252,E06C,34.706715,-87.658323,41,33.5,38.7
UP,0319GL047,2019-03-15,12:10 PM,Derailment,0,DOLTON,IL,39,2,Day,Clear,Yard,Freight Train,5,17528,7594,25122,T221,41.617461,-87.61089,52.7,37,34.4
BNSF,HL0717203,2017-07-26,2:08 PM,Hwy-rail crossing,0,CLARKEDALE,AR,94,2,Day,Clear,Main,Freight Train,49,2500,11000,13500,M308,35.309344,-90.235957,83.7,84.1,82.7
IC,1142710,2023-12-22,11:00 PM,Derailment,0,METAIRIE,LA,55,4,Dark,Clear,Yard,Yard/switching,2,5000,1300,16300,H312,29.972248,-90.19258,57.1,61.4,64.3
UP,0115ES003,2015-01-16,12:30 PM,Obstruction,0,ALMA,AR,50,2,Day,Clear,Main,Spec. MoW Equip.,0,51000,0,86000,H307,35.457505,-94.275267,39,39.2,44.1
NICD,N1500030,2015-11-16,4:52 PM,Hwy-rail crossing,0,PORTAGE,IN,50,4,Dark,Cloudy,Main,Passenger Train - Pulling,65,10694,0,10694,M399,41.617247,-87.189749,50.7,48.6,54
UP,0418LK006,2018-04-07,6:55 PM,Derailment,0,NORTH LITTLE ROCK,AR,65,4,Dark,Clear,Yard,Yard/switching,7,232433,180824,614837,E40C,34.775982,-92.219277,53,38.5,40.5
BNSF,TC0524107,2024-05-23,5:30 AM,Derailment,0,ALBERTA,MN,70,1,Dawn,Clear,Industry,Freight Train,7,327331,44883,372214,T212,45.574915,-96.030532,58.4,64.2,57.3
CSX,000184579,2019-08-05,1:15 PM,Other impacts,0,DECATUR,AL,80,2,Day,Clear,Yard,Single Car,0,0,0,11860,H401,34.58851,-86.985257,77.1,76,78.6
FEC,D53082923,2023-08-29,5:23 PM,Side collision,0,JACKSONVILLE,FL,90,2,Day,Cloudy,Yard,Single Car,0,2500,0,30388,H318,30.242281,-81.603169,84.6,85.4,82.4
UP,0515TC008,2015-05-19,2:00 PM,Hwy-rail crossing,0,NEW PRAGUE,MN,48,2,Day,Clear,Main,Freight Train,30,10562,431,10993,M304,44.572564,-93.583097,42.9,44.8,49.5
NS,139692,2020-11-10,8:45 AM,Other (describe in narrative),0,DECATUR,AL,72,2,Day,Cloudy,Yard,Cut of cars,5,1000,0,240206,E30C,34.615477,-86.983764,69.5,69.1,66.6
CSX,000197700,2021-05-20,12:40 PM,Hwy-rail crossing,0,ALBION,IN,87,2,Day,Clear,Main,Freight Train,35,3171,32766,35937,M304,41.391147,-85.424025,68.7,72.4,72.3
CSX,000201862,2021-12-13,7:11 PM,Hwy-rail crossing,0,HORSE CAVE,KY,48,4,Dark,Clear,Main,Freight Train,39,8500,35019,43519,M303,37.187442,-85.898081,34.2,39.2,45.9
NS,121480,2016-07-31,2:00 AM,Derailment,0,MELVINDALE,MI,70,4,Dark,Cloudy,Yard,,0,0,100,52230,H702,42.281784,-83.159848,72.6,74.1,75.5
NS,145589,2022-06-19,1:30 PM,Derailment,0,ROANOKE,IN,79,2,Day,Clear,Yard,Work train,10,118016,126070,244086,H506,40.976716,-85.34943,68,67,74.2
UP,0518TC010,2018-05-13,3:45 AM,Obstruction,0,KIESTER,MN,55,4,Dark,Cloudy,Main,Freight Train,12,100,19536,19636,M402,43.534294,-93.710825,48.6,53.6,60.5
UP,0316ST007,2016-03-17,9:15 AM,Fire/violent rupture,0,TUCSON,AZ,50,2,Day,Clear,Main,Freight Train,20,39693,0,39693,E74L,32.163052,-110.908433,66.8,68,67.9
UP,0619MA029,2019-06-14,7:51 PM,Hwy-rail crossing,0,FULTS,IL,71,3,Dusk,Clear,Main,Freight Train,47,232665,775600,1008265,M302,38.162025,-90.210507,64.1,64.5,74.5
BNSF,CH0619102,2019-06-02,1:07 PM,Derailment,0,QUINCY,IL,76,2,Day,Clear,Yard,,0,0,1500,59102,H507,39.960705,-91.36232,70.8,68.7,67.7
RJAL,RJAL2001,2020-09-30,2:10 PM,Other (describe in narrative),0,CHILDERSBURG,AL,76,2,Day,Clear,Yard,Yard/switching,2,15000,0,15000,H310,33.3346,-86.3547,60.7,59.9,63.8
NIRC,2019071782,2019-12-07,5:15 PM,Fire/violent rupture,0,JOLIET,IL,40,3,Dusk,Clear,Yard,Light loco(s),0,500000,0,500000,E74L,41.52941,-88.06969,34.7,31.4,41.2
UP,0116TC008,2016-01-16,4:54 PM,Derailment,0,BREWSTER,MN,-8,3,Dusk,Cloudy,Industry,Freight Train,3,48988,1250,50238,M101,43.701192,-95.466833,10.3,-0.9,-11.5
UP,1021LA038,2021-10-23,1:03 AM,Derailment,0,MARANA,AZ,67,4,Dark,Clear,Industry,Yard/switching,3,8033,7610,15643,H702,32.411316,-111.152205,70.8,70.4,70.8
KCT,UP210324,2021-03-24,1:05 AM,Derailment,0,KANSAS CITY,MO,51,4,Dark,Rain,Main,,0,0,36261,66938,M203,39.076093,-94.603321,53.8,48.1,44.1
TSWS,9202018003,2018-11-22,1:00 PM,Derailment,0,MARION,AR,45,2,Day,Clear,Yard,Light loco(s),6,15000,60000,75000,H702,35.203202,-90.279066,40.7,46.6,49.8
CSX,000206508,2022-08-03,5:14 PM,Hwy-rail crossing,0,BRUNSWICK,MD,95,3,Dusk,Clear,Main,,0,0,8781,11801,M308,39.31193,-77.627217,79.1,79,78.9
BNSF,SW0522201,2022-05-01,1:40 PM,Hwy-rail crossing,0,SANDERS,AZ,60,2,Day,Clear,Main,Freight Train,70,1200,20000,21200,M303,35.122795,-109.536823,52.9,57.9,58.5
ATK,153115,2018-05-07,4:15 AM,Derailment,0,WASHINGTON,DC,60,4,Dark,Clear,Yard,Light loco(s),10,15500,600,16100,H402,38.914751,-76.985908,64.1,66.6,67.2
ATK,162723,2020-01-11,12:10 AM,Obstruction,0,KNOBEL,AR,67,4,Dark,Rain,Main,Passenger Train - Pulling,75,23458,0,23557,M404,36.368478,-90.588792,60.7,46.3,34.6
BNSF,SW0618104,2018-06-05,3:56 PM,Rear end collision,0,TRUXTON,AZ,85,2,Day,Clear,Main,Work train,9,1163996,0,1336729,H605,35.432257,-113.630162,86.4,84,82
UP,0723GL018,2023-07-12,5:30 AM,Derailment,0,SOUTH ST PAUL,MN,64,1,Dawn,Clear,Yard,Freight Train,4,12481,9792,22273,H702,44.942775,-93.051471,67.7,67.9,73.1
AKMD,AKM096823,2023-02-03,2:00 PM,Derailment,0,MALVERN,AR,45,2,Day,Clear,Industry,Yard/switching,3,11450,8750,20200,M405,34.429571,-92.84304,34.1,38.5,38.7
ATK,171838,2022-08-26,2:10 PM,Other (describe in narrative),0,BALTIMORE,MD,91,2,Day,Cloudy,Main,Passenger Train - Pulling,0,11211,5290,16501,E78L,39.288976,-76.661143,76.5,80.7,79.7
UP,0122LA035,2022-01-07,7:30 AM,Other (describe in narrative),0,TUCSON,AZ,37,1,Dawn,Clear,Industry,Freight Train,4,14125,0,14125,E22C,33.132803,-111.500334,51.1,55.8,55.9
CSX,000182845,2019-05-08,4:28 PM,Derailment,0,CHICAGO,IL,73,2,Day,Clear,Yard,Yard/switching,2,44879,0,72552,H702,41.763838,-87.730599,46.5,56.4,59.6
MNA,MNA526617D,2017-12-29,1:35 AM,Derailment,0,BATESVILLE,AR,22,4,Dark,Cloudy,Main,Freight Train,9,75500,33000,108500,M204,35.770748,-91.654929,21.5,32.6,32.3
BNSF,NE0615110,2015-06-26,5:54 PM,Derailment,0,MELROSE,IA,75,3,Dusk,Clear,Main,Freight Train,9,159676,41000,200676,H305,40.972975,-92.985969,71.1,69.2,69.5
NS,133393,2019-03-30,5:45 PM,Other impacts,0,DETROIT,MI,35,3,Dusk,Cloudy,Main,Freight Train,5,50302,0,50302,H302,42.320865,-83.130504,44.4,39.5,29
ATK,157165,2019-01-12,12:29 PM,Derailment,0,HANNIBAL,MO,29,2,Day,Snow,Yard,Yard/switching,10,16500,0,18500,H307,40.044408,-91.49677,30.8,31.7,30.9
NIRC,2019071586,2019-09-13,3:18 PM,Hwy-rail crossing,0,CHICAGO,IL,73,2,Day,Clear,Main,Commuter Train - Pushing,40,210281,22081,232362,M304,41.756801,-87.687652,72.7,72.1,69.7
KCS,22121405,2022-12-14,5:23 PM,Derailment,0,SHREVEPORT,LA,58,2,Day,Clear,Yard,Yard/switching,4,5048,90713,95761,M411,32.532461,-93.831631,62.7,55.7,46.9
UP,1216ST009,2016-12-15,2:45 PM,Fire/violent rupture,0,DRAGOON,AZ,75,2,Day,Clear,Main,Freight Train,15,25065,0,25065,E74L,32.039181,-109.97453,57,60.8,62.3
UP,0724MA045,2024-07-25,7:04 PM,Other (describe in narrative),0,PINE BLUFF,AR,76,3,Dusk,Clear,Yard,Single Car,0,65641,0,65641,E23C,34.228738,-91.962892,78.9,76.9,76.8
BNSF,TC0216112,2016-02-25,7:15 AM,Other impacts,0,FRIDLEY,MN,38,1,Dawn,Cloudy,Yard,Light loco(s),10,20089,0,24589,H306,45.042334,-93.272688,35,29.4,32.9
CRSH,127835,2017-12-19,7:00 PM,Derailment,0,DETROIT,MI,42,3,Dusk,Cloudy,Yard,Yard/switching,5,30981,0,31131,H306,42.320846,-83.12976,38.2,42.2,31.5
UP,0516LK017,2016-05-14,2:50 AM,Hwy-rail crossing,0,BUCKNER,AR,65,4,Dark,Clear,Main,Freight Train,60,77509,14500,92009,M303,33.357056,-93.436203,68.2,65.6,63.4
BNSF,SW0616105,2016-06-18,9:30 AM,Other impacts,0,PHOENIX,AZ,98,2,Day,Clear,Yard,Yard/switching,8,19096,0,40885,H020,33.457689,-112.101038,92.1,95.9,102