reportingrailroadcode,accidentnumber,date,time,accidenttype,hazmatreleasedcars,station,stateabbr,temperature,visibility_code,visibility,weathercondition,tracktype,equipmenttype,trainspeed,equipmentdamagecost,trackdamagecost,totaldamagecost,primaryaccidentcausecode,latitude,longitude,prior_temp,actual_temp,following_temp
MCER,20181031,2018-10-30,11:55 AM,Derailment,0,WARE,MA,60,2,Day,Clear,Industry,Freight Train,5,121813,0,121813,H303,42.267672,-72.219781,45,40.2,42.1
NS,129378,2018-05-06,10:30 PM,Raking collision,0,IRONDALE,AL,63,4,Dark,Clear,Yard,Yard/switching,9,21306,5888,348022,H399,33.548905,-86.67801,69.8,69.4,71.4
ATK,151578,2017-09-29,10:30 AM,Other (describe in narrative),0,WASHINGTON,DC,70,2,Day,Clear,Main,,0,0,0,14729,E79L,38.907192,-77.03687,76,66.1,63.5
UP,0619PR023,2019-06-22,10:47 PM,Other (describe in narrative),0,MELROSE PARK,IL,70,4,Dark,Cloudy,Yard,Single Car,0,27041,33,27074,M411,41.899398,-87.907692,62.8,69.8,73
NS,130806,2018-09-03,5:55 PM,Other impacts,0,IRONDALE,AL,82,3,Dusk,Clear,Siding,Cut of cars,0,1527,10000,12027,M407,33.548905,-86.67801,82.8,82.2,81.4
UP,0517TC003,2017-05-05,5:15 PM,Derailment,0,ST PAUL,MN,78,2,Day,Clear,Yard,,0,0,43934,97749,M405,44.941214,-93.050242,56.7,60.9,57.2
CSX,000190427,2020-05-26,8:02 PM,Side collision,0,MOBILE,AL,70,4,Dark,Clear,Yard,Yard/switching,6,3198,0,25157,M501,30.684333,-88.038583,81.3,77.7,76.3
NS,129924,2018-06-17,4:15 AM,Other (describe in narrative),0,BIRMINGHAM,AL,62,1,Dawn,Clear,Main,Freight Train,10,75000,0,75000,M406,33.504791,-86.822327,81.1,77,80.1
UP,1017LK033,2017-10-24,3:41 PM,Fire/violent rupture,0,WEINER,AR,74,2,Day,Clear,Main,Freight Train,48,11401,0,11401,E79L,35.608855,-90.905504,61.5,55.9,53.4
NS,140613,2021-02-16,1:50 AM,Other impacts,0,ATLANTA,GA,36,4,Dark,Clear,Yard,Single Car,0,10356,0,20652,H601,33.793527,-84.444462,44.6,30.4,37.3
BNSF,HL1018119,2018-10-24,7:45 PM,Side collision,0,BLYTHEVILLE,AR,52,3,Dusk,Clear,Yard,Freight Train,5,577,0,83077,H306,35.920952,-89.826261,56.5,52.6,53.3
NS,136335,2019-11-27,7:45 AM,Other impacts,0,ALBANY,GA,68,1,Dawn,Clear,Yard,Single Car,4,0,11012,11012,H312,31.584475,-84.149669,54,66.8,58.7
NS,131266,2018-10-10,6:30 AM,Derailment,0,IRONDALE,AL,74,1,Dawn,Cloudy,Yard,Yard/switching,4,25000,7018,32018,M405,33.548905,-86.67801,78.1,75.3,70.8
CSX,000167703,2017-03-27,12:45 AM,Other impacts,0,HAGERSTOWN,MD,45,4,Dark,Rain,Yard,Cut of cars,0,47724,0,54801,H020,39.63446,-77.763853,48.7,54.4,57.1
BNSF,CH0818124,2018-08-29,1:30 PM,Other (describe in narrative),0,SORENTO,IL,64,2,Day,Clear,Main,Spec. MoW Equip.,0,0,23560,23560,M599,39.001583,-89.573808,80.8,71.7,72.9
CP,1000811923,2018-08-05,9:40 PM,Derailment,0,DAKOTA,MN,64,4,Dark,Rain,Siding,Freight Train,20,41458,1556,43014,H999,43.864316,-91.310602,77.3,76.6,73.2
NS,127743,2017-12-12,11:45 AM,Derailment,0,HUNTSVILLE,MO,44,2,Day,Clear,Main,Maint./inspect Car,3,75000,8254,83254,M599,39.433774,-92.543559,42.3,29.2,41.8
BNSF,TC1115114,2015-11-21,1:00 AM,Derailment,0,MINNEAPOLIS,MN,18,4,Dark,Clear,Yard,Yard/switching,10,2000,38637,40637,E86C,45.03537,-93.270574,28.4,22.4,25.8
UP,0524MA043,2024-05-26,3:35 AM,Derailment,0,MARION,AR,76,4,Dark,Cloudy,Main,,0,0,63181,70806,H703,35.194488,-90.243792,76.9,80.9,77.2
BNSF,KS0316107,2016-03-22,2:00 PM,Derailment,0,KANSAS CITY,KS,70,2,Day,Clear,Yard,Yard/switching,7,152309,32567,184876,H508,39.08759,-94.684376,49,61.7,68.1
UP,0218LK041,2018-02-27,1:36 PM,Hwy-rail crossing,0,LAMAR,AR,57,2,Day,Cloudy,Main,Light loco(s),31,52596,198,52794,M302,35.395232,-93.381201,46.4,49.4,55.6
ALS,20150416,2015-04-16,6:15 PM,Derailment,0,EAST ST LOUIS,IL,70,3,Dusk,Clear,Yard,Yard/switching,4,37000,3179,40179,M405,38.582142,-90.143714,60.4,64.8,67.1
NS,115180,2015-04-08,6:30 PM,Derailment,0,DECATUR,IL,64,3,Dusk,Cloudy,Yard,Yard/switching,4,36378,30459,66837,H508,39.851845,-88.920433,60.7,67,68.7
LNW,ID180107,2018-08-01,2:30 PM,Derailment,0,MCNEIL,AR,86,2,Day,Clear,Yard,,0,0,70266,76867,H504,33.3458,-93.2115,75.8,76.5,76.9
CSX,000174562,2018-02-07,1:35 PM,Derailment,0,BANGOR,MI,13,2,Day,Snow,Main,Freight Train,12,6781,9717,16498,E63L,42.285222,-86.138329,18.7,19.6,18.1
IR,IR182285,2018-10-28,7:30 AM,Other (describe in narrative),0,WEDRON,IL,45,1,Dawn,Cloudy,Yard,Yard/switching,5,82500,0,82500,H302,41.416444,-88.728263,47.6,47.8,45.8
NS,155508,2024-01-22,9:45 AM,Derailment,0,DANVILLE,KY,28,2,Day,Clear,Yard,Freight Train,3,19000,0,19000,H507,37.635015,-84.780807,9,28.4,43.4
NS,136688,2019-12-31,2:20 PM,Other (describe in narrative),0,LAFAYETTE,IN,28,2,Day,Cloudy,Yard,Yard/switching,4,173713,31860,307190,E30C,40.374638,-86.841312,37.2,32.3,36.5
UP,0524MA036,2024-05-26,2:05 PM,Derailment,0,NORTH LITTLE ROCK,AR,88,2,Day,Clear,Yard,Yard/switching,7,18613,10061,28674,M410,34.77566,-92.220332,78,82.8,83
MACZ,149733,2017-09-29,10:30 AM,Other (describe in narrative),0,"WASHINGTON, DC",DC,70,2,Day,Clear,Main,Commuter Train - Pulling,0,14729,0,14729,E79L,38.907192,-77.03687,76,66.1,63.5
KRR,639318D,2018-04-11,10:20 AM,Derailment,0,MCNAB,AR,68,2,Day,Clear,Main,Freight Train,8,20000,1500,21500,T220,33.646679,-93.860212,56.8,61.5,67.1
NIRC,2019071296,2019-03-07,6:00 PM,Other impacts,0,BLUE ISLAND,IL,26,3,Dusk,Clear,Yard,EMU,6,13373,14167,27540,H307,41.656139,-87.675853,20.7,23.5,30.7
BNSF,SW0122102,2022-01-04,2:20 AM,Derailment,0,WINSLOW,AZ,25,4,Dark,Clear,Yard,Freight Train,5,11250,35000,46250,H307,35.026173,-110.710179,22.6,33.5,36.1
UP,0824GC011,2024-08-06,4:43 PM,Other impacts,0,LOTTIE,LA,96,2,Day,Clear,Yard,Single Car,0,0,0,52040,S007,30.526152,-91.554289,86.1,87,85.7
UP,0418LK012,2018-04-06,9:30 AM,Fire/violent rupture,0,HIGGINSON,AR,45,2,Day,Rain,Main,Freight Train,20,88000,766,88766,E73L,34.651482,-92.234044,47.6,53.2,38.2
UP,1023MA032,2023-10-21,12:50 AM,Other impacts,0,PINE BLUFF,AR,64,4,Dark,Clear,Yard,Freight Train,0,0,0,41081,H307,34.230836,-91.959061,69.6,69.2,70.3
AM,AM10242022,2022-10-24,10:30 AM,Other (describe in narrative),0,MONETT,MO,45,2,Day,Rain,Yard,Freight Train,2,600,750000,750600,H021,36.920088,-93.91963,72.7,63.9,47.1
UP,0124MA015,2024-01-12,10:38 PM,Other impacts,0,PINE BLUFF,AR,19,4,Dark,Cloudy,Yard,Yard/switching,3,9060,8300,18757,E06C,34.249654,-91.94089,50.7,47.6,37.1
CSX,000208989,2022-11-22,10:06 AM,Other (describe in narrative),0,INDIANAPOLIS,IN,49,2,Day,Cloudy,Yard,Single Car,3,49470,0,49470,E21C,39.762915,-86.106839,35.2,39.8,43.2
KCS,21070901,2021-07-09,7:37 AM,Hwy-rail crossing,0,MENA,AR,88,1,Dawn,Clear,Main,Freight Train,40,40761,10937,77973,M308,34.554184,-94.339045,80.5,81.7,81.6
LAS,200714001,2020-07-14,7:20 PM,Derailment,0,MINDEN,LA,90,3,Dusk,Clear,Yard,Yard/switching,3,150000,6000,156000,H704,32.606328,-93.29197,84.1,86.4,85.6
MNNR,0118002,2018-01-26,7:45 PM,Derailment,0,ST PAUL,MN,39,3,Dusk,Clear,Yard,,0,0,1010,15871,H607,44.964809,-93.184155,25.6,37,27.6
UP,0415LK017,2015-04-14,2:04 PM,Derailment,0,NORTH LITTLE ROCK,AR,70,2,Day,Cloudy,Yard,Yard/switching,2,150,25000,25150,M404,34.774445,-92.222539,68.1,61.5,63.4
CSX,000183420,2019-06-06,6:40 PM,Obstruction,0,ROMULUS,MI,70,3,Dusk,Clear,Industry,Freight Train,3,2375,10966,13341,H306,42.265992,-83.396722,70.3,65,69.3
AKMD,AKM887016D,2016-02-05,2:36 PM,Derailment,0,MONTICELLO,AR,53,2,Day,Clear,Yard,Yard/switching,4,25000,9000,34000,E46C,33.627906,-91.769073,38.9,40.5,43.4
UP,0824MA038,2024-08-25,2:56 PM,Derailment,0,PINE BLUFF,AR,96,2,Day,Clear,Yard,Yard/switching,6,11779,7206,18985,H306,34.250535,-91.938935,82.9,81.6,82.9
UP,0121HL011,2021-01-18,7:55 AM,Other impacts,0,KANSAS CITY,KS,30,1,Dawn,Cloudy,Yard,Yard/switching,3,1624,99,25964,H318,39.094747,-94.65324,32.4,32.9,36.3
UP,1122MA029,2022-11-22,8:35 AM,Other impacts,0,PINE BLUFF,AR,38,2,Day,Cloudy,Yard,Yard/switching,8,250,1254,270504,H306,34.249932,-91.938493,41.2,47.6,49.8
UP,0221MA015,2021-02-06,7:00 AM,Other impacts,0,NORTH LITTLE ROCK,AR,40,1,Dawn,Cloudy,Yard,Yard/switching,0,4535,0,50117,M407,34.776035,-92.219129,42.3,43,35.1
NIRC,9419000306,2021-06-27,5:03 PM,Hwy-rail crossing,0,CHICAGO,IL,83,2,Day,Clear,Main,Commuter Train - Pushing,76,208735,29121,237856,M308,41.69944,-87.65841,75.1,77,73.1
UP,0818ST002,2018-08-04,9:30 AM,Derailment,0,CASA GRANDE,AZ,100,2,Day,Clear,Yard,Yard/switching,4,15949,860,16809,H303,32.888868,-111.776815,95.3,97.7,99.3
PHRR,001,2022-11-11,9:14 PM,Derailment,0,MADISON,IL,33,4,Dark,Clear,Industry,Yard/switching,5,1800,36541,38341,H303,38.4948,-89.5436,64.6,41.7,30.5
UP,1122MA020,2022-11-09,3:45 AM,Other (describe in narrative),0,PINE BLUFF,AR,63,4,Dark,Clear,Yard,Single Car,0,26156,0,26156,M411,34.249473,-91.940023,66.7,69.9,62
BNSF,SW0518105,2018-05-14,3:55 PM,Rear end collision,0,PEACH SPRINGS,AZ,85,2,Day,Clear,Main,Spec. MoW Equip.,0,90000,0,101000,H402,35.514445,-113.459683,66.5,67.1,70.5
BNSF,TC1215117,2015-12-16,6:45 AM,Derailment,0,DILWORTH,MN,5,1,Dawn,Clear,Yard,Freight Train,9,36968,181618,218586,H703,46.874122,-96.70449,28.1,23.4,19
IANR,CRD0204201,2020-02-04,5:44 AM,Other impacts,0,CEDAR RAPIDS,IA,28,4,Dark,Cloudy,Yard,Freight Train,8,37037,0,52987,H020,42.004254,-91.687493,33,27.8,23.2
UP,0824GC021,2024-08-20,12:55 AM,Derailment,0,VACHERIE,LA,79,4,Dark,Clear,Main,Freight Train,46,162890,158088,320978,E61C,29.996597,-90.728939,85.3,84.9,84.4
EBSR,032015,2015-03-20,7:05 PM,Derailment,0,EAST BROOKFIELD,MA,25,3,Dusk,Clear,Yard,Light loco(s),7,20000,5000,25000,H303,42.225697,-72.032013,22.4,23.6,32.2
UP,0416LK022,2016-04-29,1:00 PM,Hwy-rail crossing,0,LITTLE ROCK,AR,71,2,Day,Rain,Main,Spec. MoW Equip.,18,12120,0,12120,M304,34.672238,-92.361678,71.8,66.2,70.8
UP,0518UT005,2018-05-04,8:02 AM,Hwy-rail crossing,0,RUPERT,ID,55,2,Day,Clear,Main,Freight Train,50,60216,198,61914,M308,42.760048,-113.51141,52.8,58.1,62.4
UP,0116LK020,2016-01-22,9:40 AM,Other impacts,0,NORTH LITTLE ROCK,AR,32,2,Day,Clear,Yard,Yard/switching,7,2064,40000,42580,M411,34.763821,-92.260122,32.8,35.4,32.5
NS,134575,2019-07-03,1:30 AM,Derailment,0,IRONDALE,AL,72,4,Dark,Clear,Yard,Light loco(s),3,53943,0,53943,H306,33.548905,-86.67801,85.3,81.6,82.6
UP,0621MA031,2021-06-23,8:26 PM,Derailment,0,PINE BLUFF,AR,83,4,Dark,Clear,Yard,Yard/switching,4,7778,52699,60477,H306,34.244061,-91.946275,73.6,75,83.3
BNSF,CH1019112,2019-10-20,12:30 PM,Derailment,0,CHICAGO,IL,59,2,Day,Cloudy,Yard,,0,0,10000,20000,H703,41.86838,-87.637716,57,54.7,58.5
UP,0318LK006,2018-03-03,7:52 PM,Other impacts,0,PINE BLUFF,AR,55,3,Dusk,Clear,Yard,Yard/switching,8,17708,0,329597,H307,34.251062,-91.937929,52.4,50.8,49.9
UP,1216LK012,2016-12-07,12:40 PM,Hwy-rail crossing,0,HARRISBURG,AR,43,2,Day,Cloudy,Main,Freight Train,38,40383,0,40383,M304,35.606879,-90.720748,45.4,39.5,33.3
UP,0315PR027,2015-03-27,8:15 AM,Other impacts,0,NORTHLAKE,IL,20,2,Day,Cloudy,Yard,Cut of cars,5,39680,528,44374,S011,41.910868,-87.914992,36.4,27,27.6
UP,0316SL011,2016-03-27,5:20 PM,Derailment,0,ST LOUIS,MO,50,2,Day,Clear,Yard,Yard/switching,7,11702,12528,24230,H607,38.605691,-90.193881,50.4,48.7,48.4
UP,0421MA049,2021-04-10,7:08 AM,Obstruction,0,FULTON,AR,53,1,Dawn,Clear,Main,,0,0,0,13207,M404,33.62361,-93.733119,67.5,61.4,64.4
ATK,171538,2022-08-03,5:14 PM,Hwy-rail crossing,0,BRUNSWICK,MD,85,2,Day,Clear,Main,Passenger Train - Pulling,40,3020,0,11801,M308,39.311357,-77.627348,79.1,79,78.9
BNSF,CH0118111,2018-01-20,6:00 AM,Derailment,0,GALESBURG,IL,25,1,Dawn,Clear,Yard,Yard/switching,4,31576,3200,34776,H704,40.934292,-90.370155,36.4,39.9,45.3
NIRC,NCI001,2015-03-09,3:16 PM,Derailment,0,CHICAGO,IL,51,2,Day,Cloudy,Main,Passenger Train - Pulling,15,34693,20057,54750,H702,41.913655,-87.719055,36.4,39.7,43.1
NS,138750,2020-08-04,4:00 PM,Other impacts,0,DECATUR,AL,88,3,Dusk,Clear,Yard,Single Car,5,13685,0,106822,H312,34.615477,-86.983764,76.7,76.9,77
BNSF,SW0417107,2017-04-18,11:00 AM,Obstruction,0,WILLIAMS,AZ,80,2,Day,Clear,Main,Freight Train,25,4000,0,14000,H402,35.275274,-112.186132,54.4,56.5,55.1
BNSF,CH0919101,2019-09-02,7:46 PM,Derailment,0,ELWOOD,IL,80,3,Dusk,Clear,Yard,Yard/switching,4,109288,500,109788,S102,41.379436,-88.150509,67.2,70.6,71.5
UP,0519MA042,2019-05-18,7:10 PM,Derailment,0,TEXARKANA,AR,63,3,Dusk,Rain,Main,,0,0,498662,549564,E62C,33.501652,-93.942509,75.4,70.9,74.5
UP,0720HL028,2020-07-30,4:27 PM,Other impacts,0,KANSAS CITY,KS,77,2,Day,Cloudy,Yard,Yard/switching,1,83217,278926,440629,E04C,39.095103,-94.655057,77.4,73.7,73.4
IHB,2074,2015-03-05,10:30 AM,Derailment,0,RIVERDALE,IL,18,2,Day,Clear,Yard,Cut of cars,5,30575,1900,32475,M411,41.639052,-87.650041,22.8,13.2,14.3
CSX,000167168,2017-03-02,8:35 AM,Derailment,0,IJAMSVILLE,MD,42,2,Day,Cloudy,Main,Freight Train,25,211065,10929,221994,E09C,39.370188,-77.282314,60.5,44,33.5
BNSF,CH0418110,2018-04-08,3:45 AM,Obstruction,0,MEDIA,IL,48,4,Dark,Clear,Main,Maint./inspect Car,7,10600,8032,18632,M404,40.782484,-90.805689,27.7,28.9,32.8
UP,0219MA010,2019-02-07,7:39 AM,Derailment,0,SPARTA,IL,45,2,Day,Rain,Main,Freight Train,11,791783,149261,941044,E24C,38.135773,-89.696053,40.7,36.2,18.8
BNSF,HL0421125,2021-04-08,12:55 AM,Derailment,0,BIRMINGHAM,AL,65,4,Dark,Clear,Yard,,0,0,783,151790,M405,33.543664,-86.809414,71.2,72.3,65.6
CP,1000289944,2015-10-23,12:58 PM,Derailment,0,ST PAUL,MN,46,2,Day,Rain,Main,Freight Train,3,991,0,39191,H504,44.965515,-93.087474,49.7,51,51.2
WC,1024689,2020-01-23,1:30 AM,Side collision,0,GARY,IN,31,4,Dark,Snow,Yard,Yard/switching,5,24100,0,95000,H099,41.626901,-87.419052,28.6,32.1,36
ATN,ATN202860,2020-12-09,4:00 AM,Side collision,0,BIRMINGHAM,AL,32,1,Dawn,Clear,Yard,Freight Train,4,29359,0,38371,H305,33.543607,-86.790089,38.3,45.9,51.8
BNSF,KS0223109,2023-02-15,11:00 PM,Derailment,0,KANSAS CITY,KS,50,4,Dark,Rain,Yard,Freight Train,3,23621,42588,66209,H525,39.087395,-94.702662,49.3,38.8,27.2
UP,0720LA037,2020-07-29,6:06 AM,Derailment,1,TEMPE,AZ,90,1,Dawn,Clear,Main,Freight Train,22,559073,8711005,9270078,T220,33.435013,-111.944074,101.4,102.4,103.7
KCS,17110203,2017-11-02,10:44 AM,Hwy-rail crossing,0,SILOAM SPRINGS,AR,75,2,Day,Clear,Main,Freight Train,33,16206,0,16206,M303,36.14995,-94.54516,51.3,69,63.5
UP,1018LK033,2018-10-29,8:48 AM,Other impacts,0,NORTH LITTLE ROCK,AR,80,2,Day,Clear,Yard,Single Car,4,487,0,14284,M411,34.774857,-92.220709,63.1,58.7,65.5
UP,0318DV003,2018-03-04,10:30 AM,Other impacts,0,DENVER,CO,60,2,Day,Clear,Yard,Yard/switching,0,183925,0,214825,H318,39.773791,-104.970344,54.6,50.1,31.8
RJCC,RJCC2007,2020-08-25,10:23 PM,Derailment,0,LEXINGTON,KY,78,4,Dark,Clear,Yard,Yard/switching,3,20000,0,20000,H306,38.0536,-84.5089,75.9,77.3,77.9
BNSF,TC1118101,2018-11-01,2:00 AM,Derailment,0,MINNEAPOLIS,MN,45,4,Dark,Clear,Yard,Yard/switching,3,6874,12000,18874,H308,45.034367,-93.271226,43.9,41.1,40.1
CRL,CRL151092,2015-05-21,1:20 AM,Derailment,0,CHICAGO,IL,45,4,Dark,Clear,Yard,Freight Train,10,50000,35000,85000,H704,41.723252,-87.572859,45.4,56.9,58.2
AGR,AGR177118,2018-02-26,8:00 PM,Derailment,0,BOLIGEE,AL,60,4,Dark,Cloudy,Main,Freight Train,5,3836,0,20029,E07C,32.757786,-88.022891,57.6,59.5,58.3
UP,0720LA036,2020-07-28,7:30 AM,Other impacts,0,PHOENIX,AZ,91,1,Dawn,Clear,Yard,Single Car,5,28642,0,31418,H020,33.443784,-112.059964,100.3,101.5,102.4
BNSF,CH0315102,2015-03-13,3:50 AM,Derailment,0,HODGKINS,IL,55,4,Dark,Clear,Yard,Freight Train,9,8437,19000,27437,S011,41.756387,-87.861511,45,50.8,50.9
UP,0316LK012,2016-03-15,3:00 PM,Raking collision,0,NORTH LITTLE ROCK,AR,70,2,Day,Clear,Yard,Single Car,1,206,0,12622,S016,34.763821,-92.260122,63.6,73.2,62.8
BNSF,HL0823204,2023-08-26,11:39 AM,Hwy-rail crossing,0,BAY,AR,95,2,Day,Cloudy,Main,Freight Train,56,19017,1374,20391,M302,35.706703,-90.527339,87.1,84.5,77.6
BNSF,CH0315200,2015-03-30,11:35 AM,Hwy-rail crossing,0,LOCKPORT,IL,51,2,Day,Clear,Main,Freight Train,40,115000,19500,134500,M303,41.664836,-88.036877,35.6,48.6,49.6
BNSF,HL0419112,2019-04-16,3:30 AM,Derailment,0,JONESBORO,AR,62,4,Dark,Clear,Main,Freight Train,40,3000,182000,185000,E61C,35.794154,-90.621323,55.5,64,65.7
UP,0516LK011,2016-05-05,4:02 AM,Fire/violent rupture,0,TEXARKANA,AR,70,4,Dark,Clear,Main,Freight Train,30,12205,0,12205,E73L,33.422554,-94.036999,66.6,66.7,65.2
CSX,000190454,2020-05-27,4:23 AM,Side collision,0,INDIANAPOLIS,IN,65,4,Dark,Clear,Yard,Yard/switching,2,308267,35572,361256,H607,39.759791,-86.327526,76,73.2,70.9
CSX,000166027,2017-01-15,5:45 AM,Other impacts,0,WALDORF,MD,38,4,Dark,Clear,Industry,Cut of cars,3,13250,0,32572,M504,38.555845,-76.800848,35.4,39.6,40.3
UP,0524MA049,2024-05-31,5:40 PM,Other impacts,0,NORTH LITTLE ROCK,AR,77,2,Day,Rain,Yard,Yard/switching,3,13063,2200,30226,S016,34.774676,-92.221965,77.8,74.7,77.3
IC,891160,2016-06-10,6:19 PM,Derailment,0,MARKHAM,IL,89,2,Day,Clear,Yard,Freight Train,8,109015,76921,235327,H503,41.577893,-87.65605,63.8,79.6,83.6
UP,0418LK015,2018-04-10,2:03 PM,Other impacts,0,NORTH LITTLE ROCK,AR,58,2,Day,Clear,Yard,Yard/switching,7,397,39704,40101,M401,34.77114,-92.232982,49.3,52.7,58.1
CSX,000177996,2018-08-05,1:52 AM,Side collision,0,WAYCROSS,GA,78,4,Dark,Clear,Yard,Light loco(s),0,10321,0,23369,H607,31.213524,-82.353588,81.7,82.9,81.8
UP,0124MA037,2024-01-30,4:17 PM,Other impacts,0,PINE BLUFF,AR,74,2,Day,Cloudy,Yard,Yard/switching,10,33754,0,33754,S016,34.244207,-91.94644,46.3,56.9,47.5
UP,0515PR001,2015-05-01,10:00 AM,Other (describe in narrative),0,NORTHLAKE,IL,58,2,Day,Clear,Yard,Single Car,5,34591,0,34591,H601,41.910672,-87.915234,45.3,52.8,64.8
BNSF,CH0318117,2018-03-29,6:40 AM,Derailment,0,CHICAGO,IL,39,1,Dawn,Cloudy,Yard,Yard/switching,5,11954,1000,12954,H502,41.816605,-87.716303,45.2,43.8,40.5
CSX,000194501,2020-12-15,1:25 PM,Other impacts,0,INDIANAPOLIS,IN,26,2,Day,Snow,Yard,Cut of cars,9,15600,0,16224,S015,39.759791,-86.327526,31.4,28.5,29.5
NS,139314,2020-09-30,2:00 PM,Other (describe in narrative),0,IRONDALE,AL,76,2,Day,Clear,Yard,Light loco(s),5,39600,500,40100,H702,33.548905,-86.67801,62.4,63,64.3
BNSF,HL0119111,2019-01-12,12:29 PM,Derailment,0,HANNIBAL,MO,29,2,Day,Snow,Yard,,0,0,2000,18500,H307,39.927588,-91.436992,30.8,31.7,30.9
UP,0715PR023,2015-07-28,9:30 PM,Other impacts,0,NORTHLAKE,IL,78,4,Dark,Clear,Yard,Yard/switching,0,53562,0,60749,H020,41.909337,-87.915129,77.9,80.9,80.4
ATK,146765,2017-03-15,3:18 AM,Derailment,0,WASHINGTON,DC,20,4,Dark,Snow,Yard,Light loco(s),5,27048,0,27048,H303,40.750104,-73.929049,33.7,27.5,33.7
BNSF,CH0619119,2019-06-28,10:00 AM,Other (describe in narrative),0,WILLOW SPRINGS,IL,86,2,Day,Cloudy,Industry,Yard/switching,5,0,26683,26683,H307,41.738539,-87.880966,77.5,79.2,79.2
CSX,000140514,2015-01-22,10:36 PM,Derailment,0,SMITHBORO,IL,30,4,Dark,Clear,Main,Freight Train,49,42710,2500,45210,E32C,38.933558,-89.197346,36.6,32.4,32
UP,0920PR021,2020-09-27,7:01 AM,Derailment,0,DOLTON,IL,65,1,Dawn,Clear,Yard,Freight Train,5,1437,16651,18088,H511,41.620952,-87.612162,67.5,68.6,54.8
UP,1222PN020,2022-12-13,1:20 PM,Hwy-rail crossing,0,PORTLAND,OR,38,2,Day,Cloudy,Main,,0,0,99,12529,M303,45.511491,-122.664902,42.7,36.5,39.8
IC,1099816,2022-04-14,9:15 PM,Derailment,0,MEMPHIS,TN,52,4,Dark,Clear,Yard,Freight Train,11,123331,275866,399197,E4AC,35.06674,-90.097029,66.9,55.8,64.6
CRSH,120122,2016-04-13,1:35 AM,Derailment,0,PHILADELPHIA,PA,40,4,Dark,Clear,Industry,Yard/switching,1,10448,5000,15448,H307,39.921756,-75.188115,56.9,48,50.7
BNSF,HL0118114,2018-01-15,7:25 PM,Derailment,0,WILLOW SPRINGS,MO,6,3,Dusk,Clear,Main,Freight Train,37,4000,103500,107500,H995,36.930143,-91.958742,21.3,21.6,5.2
UP,0616LV003,2016-06-02,7:15 AM,Derailment,0,PORT ARTHUR,TX,80,1,Dawn,Rain,Industry,Freight Train,4,73005,20629,93634,E64C,29.874187,-93.997301,75.9,74.4,73.8
CRSH,140701,2021-02-22,12:45 AM,Derailment,0,TRAINER,PA,30,4,Dark,Clear,Yard,Work train,3,26334,5000,31334,M101,39.806265,-74.434205,28.5,32.6,40.2
BNSF,NW1019104,2019-10-08,9:53 PM,Derailment,0,PORTLAND,OR,40,4,Dark,Clear,Yard,,0,0,15280,15530,H607,45.561163,-122.742305,56.3,53,45.3
BNSF,HL0624110,2024-06-26,4:35 PM,Derailment,0,MEMPHIS,TN,89,2,Day,Cloudy,Main,,0,0,78499,111564,H508,35.126874,-90.059577,87,80.9,79.3
NS,122559,2016-10-27,6:50 AM,Derailment,0,SHEPHERD,TN,63,1,Dawn,Cloudy,Yard,Yard/switching,4,5809,4759,10568,H306,35.085649,-85.225966,62.9,70,66.1
NS,155668,2024-02-05,3:30 AM,Derailment,0,WEST FAIRVIEW,PA,35,4,Dark,Clear,Yard,Yard/switching,4,39000,4000,43000,H702,40.279833,-76.922472,37.5,35.5,34.8
SEPA,17429,2015-02-07,11:01 AM,Fire/violent rupture,0,VILLANOVA,PA,35,2,Day,Cloudy,Main,Passenger Train - Pulling,0,14319,0,14319,E74L,40.038366,-75.341126,22.5,32.8,37.5
PR,2023120206,2023-12-15,9:00 PM,Derailment,0,NORTH CHARLESTON,SC,48,4,Dark,Clear,Yard,Freight Train,4,10500,500,11000,H306,32.90443,-79.9676,49.7,49.2,58
UP,0117LK027,2017-01-23,6:30 AM,Fire/violent rupture,0,JEFFERSON,TX,50,4,Dark,Clear,Main,Freight Train,30,26786,0,26786,E72L,32.859571,-94.284038,56.4,50.7,59.5
NS,126532,2017-09-06,8:25 PM,Derailment,0,OBERLIN,PA,60,4,Dark,Rain,Yard,Yard/switching,7,12227,585,12812,H702,40.256386,-76.802178,70.3,62.5,62.8
ATK,160023,2019-07-12,8:12 AM,Derailment,0,ODENTON,MD,75,2,Day,Clear,Main,Work train,2,64700,0,64700,M299,38.90148,-77.004578,79.1,80.4,81
NS,156049,2024-03-14,11:55 PM,Other (describe in narrative),0,ROSSVILLE,TN,66,4,Dark,Rain,Yard,Light loco(s),2,3,14729,14732,H702,35.048717,-89.54509,65.2,69.3,57.5
NS,153552,2023-07-07,6:20 PM,Hwy-rail crossing,0,MEMPHIS,TN,80,3,Dusk,Clear,Main,Freight Train,26,0,20000,20000,M303,35.11551,-89.909508,80.3,78.8,77.8
CSX,000173700,2017-12-29,11:00 PM,Side collision,0,FLORENCE,SC,35,4,Dark,Cloudy,Yard,Yard/switching,5,1500,114,11780,H021,34.198275,-79.762502,32.6,33.5,40.9
PTRA,2018000030,2018-07-21,6:00 PM,Other (describe in narrative),0,HOUSTON,TX,90,2,Day,Clear,Main,,0,0,500,49150,H403,29.719451,-95.274764,87.6,87.4,87.8