reportingrailroadcode,accidentnumber,date,time,accidenttype,hazmatreleasedcars,station,stateabbr,temperature,visibility_code,visibility,weathercondition,tracktype,equipmenttype,trainspeed,equipmentdamagecost,trackdamagecost,totaldamagecost,primaryaccidentcausecode,latitude,longitude,prior_temp,actual_temp,following_temp
UP,0317HO054,2017-03-23,1:30 AM,Derailment,0,HOUSTON,TX,68,4,Dark,Clear,Yard,Yard/switching,4,24512,16851,41363,M404,29.822152,-95.288924,73.5,72.1,72.8
CSX,000156726,2016-02-02,1:00 AM,Other impacts,0,CINCINNATI,OH,35,4,Dark,Clear,Yard,Cut of cars,11,45126,0,45126,M407,39.104322,-84.538947,45,44.8,53.4
UP,1217UT021,2017-12-17,8:00 AM,Derailment,0,POCATELLO,ID,25,2,Day,Clear,Yard,Yard/switching,4,86885,22642,109527,H702,42.854891,-112.438959,26.4,25.2,34.6
BNSF,PR0119110,2019-01-13,3:15 AM,Derailment,0,ALLIANCE,NE,12,4,Dark,Fog,Yard,Yard/switching,8,32556,0,32556,H318,42.094598,-102.852566,23.8,24.5,22.3
NS,142627,2021-08-23,12:10 PM,Derailment,0,GEORGETOWN,KY,88,2,Day,Clear,Yard,Freight Train,4,18983,51330,70313,H506,38.245993,-84.555282,78.4,79,80.8
NS,154912,2023-11-30,3:47 PM,Hwy-rail crossing,0,EDGERTON,OH,52,2,Day,Clear,Main,Freight Train,50,2793,941,3734,M303,41.077688,-84.803347,28.5,41.4,43.4
CRSH,146803,2023-10-31,9:55 AM,Derailment,0,NEWARK,NJ,53,2,Day,Clear,Industry,Yard/switching,6,34012,0,34012,M501,40.674211,-74.154911,55.5,50.3,46.5
NS,129857,2018-06-16,10:41 AM,Derailment,0,PORTSMOUTH,OH,85,2,Day,Clear,Yard,Yard/switching,6,13936,1000,14936,M405,38.736963,-82.956996,71.7,75,79.1
CSX,000203197,2022-02-19,5:51 PM,Derailment,0,WILLARD,OH,17,2,Day,Clear,Yard,Yard/switching,6,22847,8997,31844,H312,41.059877,-82.72407,20.9,21.3,32.2
UP,0516PR015,2016-05-16,12:52 PM,Obstruction,0,MELROSE PARK,IL,65,2,Day,Clear,Yard,Yard/switching,4,58415,5110,63525,M404,41.896931,-87.896075,46.9,58,52.4
CSX,000219285,2024-07-14,3:15 AM,Derailment,0,ROCKY HILL,KY,75,4,Dark,Clear,Main,Freight Train,55,12507,8712,21219,E4AC,37.069123,-86.137147,79.5,81,82.5
UP,1015PR023,2015-10-21,5:28 AM,Derailment,0,JOLIET,IL,56,4,Dark,Clear,Yard,Freight Train,4,83088,100,83188,M501,41.531709,-88.078787,64.5,65.4,58.6
BNSF,RD0423121,2023-04-25,11:29 AM,Derailment,0,TULSA,OK,50,2,Day,Clear,Yard,Freight Train,10,35155,8460,43615,H503,36.132533,-96.009839,55.4,51.3,52.7
MNCW,2017032812,2017-03-28,12:41 AM,Other impacts,0,CROTON ON HUDSON,NY,34,4,Dark,Clear,Yard,Cut of cars,8,17651,0,17651,H306,41.196305,-73.886068,41.5,42.4,46.9
NS,133822,2019-05-03,4:30 PM,Derailment,0,CANTON,OH,68,3,Dusk,Clear,Industry,Yard/switching,10,31351,63953,95304,E36C,40.802354,-81.352148,66.2,62.9,52.1
UP,0818LK001,2018-08-01,2:30 PM,Derailment,0,MCNEIL,AR,90,2,Day,Clear,Yard,Yard/switching,6,6601,0,76867,H506,33.3458,-93.2115,75.8,76.5,76.9
KCT,UP240215,2024-02-15,11:30 AM,Derailment,0,KANSAS CITY,MO,46,2,Day,Clear,Main,Freight Train,0,0,67027,67027,E24C,39.10855,-94.50052,51,43.4,32.6
NS,146538,2022-09-20,9:00 AM,Derailment,0,SOUTH VIENNA,OH,72,2,Day,Clear,Main,Freight Train,14,88670,0,88670,S003,39.8931,-83.575859,70.4,68.1,73.8
KCS,18101001,2018-10-10,1:36 PM,Hwy-rail crossing,0,DELHI,LA,70,2,Day,Cloudy,Main,Freight Train,48,8164,23128,31292,M304,32.44525,-91.41029,78.2,72.8,64.5
UP,0121PN036,2021-01-25,8:05 PM,Derailment,0,STANFIELD,OR,35,4,Dark,Cloudy,Yard,Yard/switching,8,43557,6684,50241,E34C,45.794536,-119.253999,30.2,32.9,36.6
NJTR,201703090,2017-03-06,4:26 PM,Derailment,0,KEARNY,NJ,38,2,Day,Clear,Yard,Yard/switching,3,24000,15780,39780,T222,40.744238,-74.109746,25.4,34.5,47.5
BNSF,RD0119117,2019-01-15,6:40 AM,Derailment,0,OKLAHOMA CITY,OK,40,1,Dawn,Cloudy,Yard,Yard/switching,3,384,162753,163137,S006,35.37369,-97.483067,36,40.7,43.3
IC,1146158,2024-03-09,10:47 AM,Fire/violent rupture,0,YAZOO CITY,MS,56,2,Day,Cloudy,Main,Maint./inspect Car,5,269176,0,269176,M599,32.8373,-90.428604,62.5,56.8,51.7
WC,851301,2015-05-27,12:40 AM,Other (describe in narrative),0,INTERNATIONAL FALLS,MN,55,4,Dark,Clear,Main,Freight Train,0,240199,3231596,3471795,M406,48.495988,-93.334103,61.4,62.1,57
CSX,000146308,2015-05-16,9:45 PM,Derailment,0,AVON,IN,70,4,Dark,Clear,Yard,Yard/switching,7,36484,1000,37484,E46C,39.758864,-86.371503,69.8,67.8,71.3
BNSF,NE1214112,2014-12-24,12:39 PM,Derailment,0,FREMONT,NE,31,2,Day,Cloudy,Yard,Freight Train,8,92476,163666,256142,T221,41.427699,-96.495415,35.2,31.3,36.7
UP,1123HL025,2023-11-23,1:20 AM,Derailment,0,PEABODY,KS,38,4,Dark,Clear,Main,,0,0,63927,136010,H019,38.163463,-97.110796,39.9,42.3,31
UP,1223GC027,2023-12-19,7:54 PM,Other impacts,0,MARINGOUIN,LA,66,3,Dusk,Cloudy,Yard,Single Car,8,12556,0,12556,M411,30.525257,-91.553708,50.1,44.8,50.2
NS,128528,2018-02-14,1:14 PM,Derailment,0,SPENCER,NC,60,2,Day,Clear,Yard,Freight Train,12,90900,0,90900,H601,35.728973,-80.345439,42.2,46.1,64
NS,143782,2021-12-17,7:15 AM,Obstruction,0,VENICE,MO,72,1,Dawn,Rain,Main,Freight Train,6,6189,120000,153230,M402,38.674764,-90.201011,53.9,46.1,41.3
UP,0621GC003,2021-06-08,11:54 AM,Derailment,0,WESTWEGO,LA,87,2,Day,Cloudy,Yard,Yard/switching,2,2195,12734,14929,E40C,29.918249,-90.192601,82.3,84.6,83.6
ATK,161820,2019-11-02,11:53 PM,Obstruction,0,SHAWNEE,KS,36,4,Dark,Clear,Main,Passenger Train - Pulling,76,18624,0,18624,M402,39.04016,-94.87086,41,40.2,48.4
CSX,000148244,2015-06-23,9:45 AM,Hwy-rail crossing,0,BUFFALO,NY,75,2,Day,Cloudy,Industry,Yard/switching,6,15382,0,15382,M302,42.864034,-78.870275,70.9,71.9,65.1
NJTR,202001004,2020-01-02,9:14 PM,Other (describe in narrative),0,NEW BRUNSWICK,NJ,42,4,Dark,Clear,Yard,EMU,10,11214,0,12827,E78L,40.477353,-74.47079,36.6,36.2,45.1
CSX,000216306,2024-02-19,5:10 AM,Hwy-rail crossing,0,HAMMOND,IN,19,1,Dawn,Cloudy,Main,Freight Train,29,237,34502,34739,M308,41.630303,-87.500106,31.2,33.5,41.1
ATK,180747,2024-06-18,10:25 PM,Derailment,0,MOUNT RAINIER,MD,74,4,Dark,Cloudy,Yard,Light loco(s),5,86864,8230,95094,H607,38.9174,-76.988116,79.8,81.5,79.8
UP,0617NP019,2017-06-12,7:30 PM,Derailment,0,NORTH PLATTE,NE,81,2,Day,Clear,Yard,Yard/switching,4,10480,89970,100450,H702,41.152655,-100.831459,81.1,79.1,79.1
BNSF,PR0124107,2024-01-19,12:15 PM,Derailment,0,HARRISON,NE,13,2,Day,Clear,Main,Freight Train,45,8520,4989,13509,H019,42.898833,-103.574951,8,0.2,15.7
UP,0818NP001,2018-08-01,6:45 PM,Derailment,0,HASTINGS,NE,82,3,Dusk,Clear,Main,Freight Train,49,2542,246857,249399,E54C,40.605279,-98.391776,67.5,73.4,76.5
BNSF,TC0415123,2015-04-21,11:30 AM,Other (describe in narrative),0,MINNEAPOLIS,MN,50,2,Day,Clear,Main,Spec. MoW Equip.,10,15000,0,15000,H997,45.006171,-93.251816,40.9,37.3,40.4
UP,0517UT023,2017-05-29,12:10 AM,Derailment,0,SODA SPRINGS,ID,40,4,Dark,Clear,Main,Freight Train,37,165199,193663,358862,E30C,42.659208,-111.61302,48.9,51.6,54.1
NS,124390,2017-03-19,8:45 AM,Hwy-rail crossing,0,GREENSBORO,NC,64,2,Day,Clear,Main,,0,0,0,13065,M303,36.083698,-79.740429,52.7,47.6,49.1
UP,0718NP008,2018-07-06,8:50 AM,Derailment,0,OMAHA,NE,80,2,Day,Clear,Yard,Yard/switching,10,10704,1320,12024,H702,41.275084,-95.926368,76.2,75.8,77.3
LAS,190625009,2019-06-25,9:00 PM,Derailment,0,MINDEN,LA,82,4,Dark,Clear,Main,Freight Train,9,815303,17971,833274,T220,32.603845,-93.292189,73.9,77.4,78.3
UP,0915NP004,2015-09-04,8:30 AM,Derailment,0,NORTH PLATTE,NE,80,2,Day,Clear,Yard,Freight Train,6,5552,16715,22267,M409,41.144456,-100.791352,75.6,75.7,78.5
NS,143559,2021-11-24,1:22 PM,Derailment,0,JENNINGS,MO,55,2,Day,Clear,Yard,Freight Train,6,17607,46920,64527,H520,38.696145,-90.220947,39.3,54.4,39
NS,123571,2017-01-15,1:10 AM,Hwy-rail crossing,0,VANCE,AL,45,4,Dark,Clear,Main,Freight Train,50,15,43065,43080,M303,33.160749,-87.29986,60.6,59.4,62.6
UP,0923HL001,2023-09-04,12:18 AM,Derailment,0,COFFEYVILLE,KS,82,4,Dark,Cloudy,Siding,Freight Train,2,127046,0,127046,H514,37.03297,-95.653481,79.2,84.6,86.3
GRS,20220110N1,2022-01-10,7:20 PM,Derailment,1,BIDDEFORD,ME,20,4,Dark,Clear,Siding,Freight Train,5,71000,6123,77123,H303,43.4873,-70.47632,29.2,24.2,6
CSX,000206783,2022-08-20,1:08 AM,Obstruction,0,FAYETTEVILLE,NC,71,4,Dark,Rain,Main,Freight Train,15,32808,207,33015,M402,35.058455,-78.883177,70.8,74.4,74.8
LSRC,D220311,2022-03-11,12:45 PM,Derailment,0,BAY CITY,MI,26,2,Day,Clear,Main,Freight Train,9,4267,11720,15987,M204,43.588389,-83.850939,28.4,23.9,17.3
ATK,152432,2018-03-24,8:37 PM,Hwy-rail crossing,0,POTTERVILLE,MI,29,4,Dark,Clear,Main,Passenger Train - Pulling,63,22129,0,67785,M308,42.62567,-84.75087,32.2,31.1,29.7
AGR,AGR984917,2017-01-05,12:15 PM,Other (describe in narrative),0,ALICEVILLE,AL,48,2,Day,Cloudy,Main,Freight Train,36,22635,0,22635,E32C,33.13003,-88.15706,45.8,39.8,31.5
BNSF,TC0215105,2015-02-11,9:25 PM,Other impacts,0,MINNEAPOLIS,MN,-12,4,Dark,Clear,Yard,Single Car,5,24805,0,24805,S016,45.034068,-93.272858,24.7,16.9,3.2
BNSF,HL1216110,2016-12-21,4:45 PM,Derailment,0,LINCOLN,NE,40,2,Day,Clear,Yard,Yard/switching,4,38329,7200,45529,H607,40.859853,-96.635992,30.5,36.8,32.1
MRL,2015098,2015-07-07,9:20 AM,Other impacts,0,BILLINGS,MT,71,2,Day,Clear,Yard,Yard/switching,3,21000,0,21000,H702,45.810601,-108.434436,62.5,68.2,68.5
UP,0819HL009,2019-08-05,3:42 PM,Derailment,0,KANSAS CITY,MO,90,2,Day,Cloudy,Main,Freight Train,25,100,18105,18205,E47C,38.995027,-94.529764,80.5,82.3,83.4
CSX,000193922,2020-11-18,3:30 PM,Derailment,0,HAMLET,NC,40,2,Day,Clear,Yard,Yard/switching,1,43889,4885,48774,E46C,34.925491,-79.646587,48.8,42.9,41.8
CSX,000175796,2017-11-16,1:41 PM,Fire/violent rupture,0,JESSUP,MD,59,2,Day,Cloudy,Main,Freight Train,0,38065,0,38065,E73L,39.142455,-76.783353,43,49.7,42.7
BNSF,HL0320105,2020-03-05,6:00 AM,Derailment,0,LINCOLN,NE,42,1,Dawn,Clear,Yard,Yard/switching,5,8604,55000,63604,H316,40.807784,-96.750612,49.6,46.9,38.4
BNSF,PR0717101,2017-07-03,8:00 AM,Derailment,0,ALLIANCE,NE,75,1,Dawn,Clear,Industry,Freight Train,5,18619,250,18869,H306,42.129112,-102.908493,72.8,71.6,73.2
UP,1221HL009,2021-12-07,10:00 AM,Other (describe in narrative),0,ST. JOSEPH,MO,30,2,Day,Cloudy,Industry,Single Car,0,19157,0,19157,M501,39.725485,-94.874407,29.1,31.6,36.9
CSX,000214830,2023-11-30,4:00 PM,Derailment,0,GARY,IN,40,2,Day,Cloudy,Main,Freight Train,25,21353,6589,27942,E61C,41.617092,-87.373119,29.8,42,42.4
KCS,15081802,2015-08-18,6:45 PM,Derailment,0,KANSAS CITY,MO,78,2,Day,Rain,Yard,Yard/switching,5,51000,3489,54489,H318,39.129092,-94.522501,82.2,75.1,66.4
IC,1125643,2023-01-03,3:26 AM,Obstruction,0,CLINTON,KY,62,4,Dark,Rain,Main,,0,0,0,13260,M404,36.6673,-88.9934,63.4,63.4,48.6
BNSF,PR0118101,2018-01-05,9:50 AM,Derailment,0,HOLDREGE,NE,18,2,Day,Cloudy,Main,Freight Train,45,15000,8500,23500,H503,40.43809,-99.360534,24.7,15.1,18.9
KCS,15062504,2015-06-25,8:00 PM,Derailment,0,LADDONIA,MO,83,4,Dark,Cloudy,Siding,Freight Train,0,6890,47634,54524,M105,39.247194,-91.634353,74.6,79.4,70.8
UP,0415LK006,2015-04-01,10:40 PM,Fire/violent rupture,0,MALDEN,MO,55,4,Dark,Rain,Main,Freight Train,32,22011,0,22011,E99L,36.483385,-90.089958,59,60.8,66.7
UP,0719RM037,2019-07-29,5:15 AM,Other (describe in narrative),0,GREEN RIVER,WY,57,1,Dawn,Clear,Yard,Yard/switching,4,0,104100,104100,H307,41.523419,-109.460053,70.2,70.6,74.2
BNSF,SW0124111,2024-01-21,1:45 PM,Derailment,0,CLOVIS,NM,41,2,Day,Cloudy,Yard,Yard/switching,5,11375,10527,21902,H503,34.39678,-103.200781,25.1,31.4,41.3
NS,120363,2016-05-03,10:15 PM,Hwy-rail crossing,0,BIRMINGHAM,AL,62,4,Dark,Clear,Main,Freight Train,42,1010,198872,199882,M308,33.486908,-86.855613,69.7,66.9,61.9
BNSF,PR0523106,2023-05-14,11:56 AM,Other (describe in narrative),0,MULLEN,NE,58,2,Day,Clear,Main,Freight Train,40,44942,0,44942,E33C,42.046823,-100.946859,59.8,52.7,51.6
MNCW,75349,2021-08-06,10:33 AM,Fire/violent rupture,0,TARRYTOWN,NY,64,2,Day,Cloudy,Main,EMU,0,125337,0,125337,M406,41.076546,-73.864825,70.4,75,75.9
NJTR,201502075,2015-02-15,9:22 AM,Derailment,0,JERSEY CITY,NJ,13,2,Day,Clear,Main,Commuter Train - Pulling,5,66684,0,66684,H221,40.743582,-74.067676,24.3,14.9,12.1
NJTR,201505301,2015-04-27,1:50 AM,Other (describe in narrative),0,HOBOKEN,NJ,59,4,Dark,Clear,Yard,Yard/switching,5,11000,0,11000,H999,40.735762,-74.037629,54.1,54.3,60
MNCW,81496,2023-12-20,6:53 AM,Obstruction,0,CAMPBELL HALL,NY,25,2,Day,Clear,Main,,0,0,688,117447,M402,41.462052,-74.388009,32.6,30.8,29
NJTR,202010335,2020-09-23,11:59 PM,Other (describe in narrative),0,UNION,NJ,65,4,Dark,Clear,Main,Commuter Train - Pulling,50,12976,0,12976,H599,40.683367,-74.239184,60.1,68.9,67.6
ATK,176789,2023-10-14,9:01 PM,Other (describe in narrative),0,KEARNY,NJ,55,4,Dark,Rain,Main,,0,0,22686,22686,M505,40.746755,-74.114831,58.5,52.7,54.9
UP,1123HL032,2023-11-30,11:19 PM,Derailment,0,WICHITA,KS,35,4,Dark,Rain,Industry,Freight Train,7,78055,86488,164543,T220,37.751001,-97.276522,40.3,45.6,35.9
CSX,000198980,2021-07-21,11:08 AM,Derailment,0,AUBURN,IN,77,2,Day,Clear,Main,Freight Train,51,1268128,225016,1493144,M202,41.344688,-85.033642,72.2,68.8,67.4
BNSF,SW0216111,2016-02-24,11:45 AM,Derailment,0,GALLUP,NM,37,2,Day,Clear,Main,Maint./inspect Car,3,18000,0,18000,H997,35.354373,-108.015909,30.6,31.9,35
ATK,168043,2021-08-11,4:56 PM,Obstruction,0,NORTH BERWICK,ME,87,2,Day,Cloudy,Main,Passenger Train - Pulling,78,14324,0,14324,M404,43.286594,-70.752922,67.2,75.9,82.7
UP,0420PR017,2020-04-21,10:20 AM,Obstruction,0,CHICAGO,IL,38,2,Day,Clear,Yard,Freight Train,10,76663,132,76795,H996,41.885238,-87.640424,50.9,44,47.9
MNNR,0515001,2015-05-12,1:30 AM,Other impacts,0,ROSEVILLE,MN,45,4,Dark,Rain,Industry,Yard/switching,7,17425,2398,19823,H306,45.002021,-93.122853,50.7,47.1,54.5
BNSF,CH0916104,2016-09-07,3:00 AM,Obstruction,0,BROOKFIELD,IL,65,4,Dark,Clear,Yard,Maint./inspect Car,0,70000,0,70000,H997,41.819613,-87.85563,84,83.5,76.4
BNSF,SF0315122,2015-03-25,7:45 PM,Other (describe in narrative),0,ST LOUIS,MO,53,3,Dusk,Rain,Main,Freight Train,8,0,154433,154533,H605,38.62966,-90.237565,39.2,51.8,44
BNSF,HL0620103,2020-06-04,10:45 PM,Derailment,0,OMAHA,NE,80,4,Dark,Clear,Main,,0,0,2000,49100,E46L,41.229049,-95.915307,81.3,80.3,83.2
CSX,000176006,2018-04-24,6:30 AM,Derailment,0,NEW ORLEANS,LA,70,4,Dark,Clear,Yard,,0,0,200,32356,T220,30.005989,-90.019451,66.5,71.3,73.5
BNSF,MT0517104,2017-05-26,12:19 AM,Derailment,0,GREAT FALLS,MT,60,4,Dark,Clear,Industry,Yard/switching,9,50338,104000,154338,H307,47.519169,-111.307865,49.6,51.1,59.5
MBTA,YR202273,2022-06-08,4:05 PM,Derailment,0,BEVERLY,MA,78,2,Day,Clear,Yard,Passenger Train - Pushing,5,96146,34037,130183,H605,42.55269,-70.885243,68.1,69.2,68
CSX,000207522,2022-09-27,5:45 PM,Hwy-rail crossing,0,SEBREE,KY,72,3,Dusk,Clear,Main,Freight Train,28,9645,8178,17823,M304,37.596764,-87.531795,62.2,57.7,55.3
IR,212951,2021-05-17,11:00 AM,Other impacts,0,WEDRON,IL,60,2,Day,Clear,Industry,Yard/switching,4,63000,0,63000,H318,41.423426,-88.776477,61.4,61.3,63.6
DD,042719,2019-04-27,2:00 PM,Raking collision,0,PHILLIPSBURG,NJ,65,2,Day,Clear,Main,,0,0,0,15000,H996,40.687965,-75.200578,58.3,55.5,50
CSX,000201258,2021-11-11,10:17 AM,Derailment,0,GRANDVILLE,MI,51,2,Day,Cloudy,Industry,Freight Train,6,13638,50,13688,H303,42.914478,-85.74964,41.9,50.6,38.7
BNSF,PR0419113,2019-04-13,3:45 AM,Other impacts,0,BILL,WY,20,4,Dark,Clear,Main,Freight Train,5,87919,0,87919,H302,42.948973,-105.256642,28,33.1,46.3
BNSF,HL0221117,2021-02-20,6:56 PM,Derailment,0,LINCOLN,NE,25,3,Dusk,Clear,Yard,Freight Train,10,38744,0,38744,H607,40.807572,-96.774163,13.7,18.5,32.4
KCS,18052801,2018-05-28,12:25 PM,Derailment,0,LOUISVILLE,MS,80,2,Day,Clear,Main,Freight Train,10,31050,7797,38847,T221,32.886559,-89.103729,76.3,77,75.2
BNSF,TC0317115,2017-03-21,8:30 PM,Other (describe in narrative),0,NOYES,MN,27,3,Dusk,Clear,Siding,Freight Train,10,0,25570,25570,H704,48.962452,-97.183196,34.4,16.4,23.5
ATK,153351,2018-05-21,6:40 AM,Fire/violent rupture,0,FAYETTEVILLE,NC,72,2,Day,Cloudy,Main,Passenger Train - Pulling,43,21231,0,21328,M406,35.057002,-78.883971,76.1,77.9,78.5
KCT,UP081919,2019-08-19,4:31 AM,Derailment,0,INDEPENDENCE,MO,76,1,Dawn,Clear,Main,,0,0,97587,1051941,H508,39.112603,-94.476961,80.8,83.8,86.6
UP,1114WH010,2014-11-25,7:08 PM,Hwy-rail crossing,0,YATES CENTER,KS,37,4,Dark,Cloudy,Main,Freight Train,50,74117,0,74117,M303,37.806516,-95.688897,39.9,33.9,39.1
BNSF,KS0921203,2021-09-29,10:16 AM,Hwy-rail crossing,0,AUGUSTA,KS,73,2,Day,Clear,Main,Freight Train,40,25000,0,25000,M302,37.670048,-96.981088,76.9,75.4,67
BNSF,KS0115109,2015-01-16,1:50 PM,Derailment,0,KANSAS CITY,KS,62,2,Day,Clear,Yard,Yard/switching,4,76988,288149,365137,E07C,39.074049,-94.649702,34.1,42.4,47.8
NS,143220,2021-10-20,6:45 PM,Other impacts,0,LEXINGTON,NC,44,3,Dusk,Clear,Yard,Yard/switching,4,11360,0,11360,E20C,35.750594,-80.318289,54.9,56.5,61.1
UP,0315SL014,2015-03-25,7:45 PM,Other (describe in narrative),0,ST LOUIS,MO,52,4,Dark,Rain,Main,,0,0,100,154533,H605,38.627118,-90.230225,39.2,51.8,44
NICD,N2100008,2021-04-05,12:05 AM,Other (describe in narrative),0,MICHIGAN CITY,IN,61,4,Dark,Clear,Yard,Cut of cars,5,16277,1622,17899,H399,41.713205,-86.864495,57.4,61.9,65.9
RRVW,10182023,2023-10-18,3:00 PM,Derailment,0,BRECKENRIDGE,MN,55,2,Day,Cloudy,Yard,Yard/switching,7,217691,11573,229264,T220,46.262661,-96.57507,51.3,52.6,51.7
UP,0318PR008,2018-03-08,8:44 AM,Other (describe in narrative),0,MELROSE PARK,IL,30,2,Day,Cloudy,Yard,Single Car,0,72486,0,72486,M411,41.898752,-87.907917,29.6,28.4,30.5
NJTR,201906325,2019-06-14,8:09 PM,Derailment,0,KEARNY,NJ,70,4,Dark,Clear,Yard,Light loco(s),5,34002,793,34795,H702,40.745555,-74.100718,63.4,66.5,71.8
IC,1143763,2024-01-19,2:00 PM,Other impacts,0,GEISMAR,LA,54,2,Day,Clear,Yard,Yard/switching,4,41500,0,41500,S006,30.173268,-90.971442,53,52.8,37.7
NYSW,220314SD1,2022-03-14,5:46 PM,Derailment,0,SPARTA,NJ,47,3,Dusk,Clear,Siding,Freight Train,5,35000,3598,38598,H018,41.066379,-74.666443,25.6,39.4,51.9
NSR,NSR212877,2021-01-13,8:45 AM,Derailment,0,CLEVELAND,OH,40,2,Day,Clear,Yard,Freight Train,6,165000,26000,191000,M204,41.444684,-81.642786,30.6,39.6,44
BNSF,CH0821111,2021-08-28,10:35 AM,Derailment,0,GALESBURG,IL,83,2,Day,Clear,Yard,Yard/switching,4,44300,17000,61300,M408,40.914521,-90.380759,76.6,77.4,74.6
CSX,000178508,2018-08-31,3:45 PM,Derailment,0,WINDER,GA,88,2,Day,Clear,Main,Freight Train,39,58380,2187,60567,E21C,33.978088,-83.659568,78.9,77.1,78.5
CUOH,CUO802415D,2015-09-11,10:30 PM,Derailment,0,NEWARK,OH,62,4,Dark,Rain,Yard,Yard/switching,10,40000,5000,45000,H309,40.05669,-82.39579,71.7,64,60.3
BNSF,SW1121102,2021-11-27,4:45 PM,Derailment,0,GALLUP,NM,45,2,Day,Clear,Yard,Freight Train,9,5000,18000,23000,H503,35.525902,-108.751957,31.6,34,35.9
ATK,173303,2023-01-03,3:26 AM,Obstruction,0,CLINTON,KY,62,4,Dark,Rain,Main,Passenger Train - Pulling,80,13260,0,13260,M404,36.648405,-88.997498,63.4,63.4,48.6
ATK,180267,2024-05-17,7:56 PM,Hwy-rail crossing,0,NORTH TONAWANDA,NY,60,2,Day,Rain,Main,Passenger Train - Pulling,52,24204,0,24204,M308,43.04758,-78.889951,64.4,64.1,65.6
CSX,000159124,2016-04-18,6:15 AM,Derailment,0,FOSTORIA,OH,60,1,Dawn,Clear,Main,Freight Train,9,253039,92849,345888,E09C,41.151208,-83.402831,61.5,65.7,56.1
CSX,000216789,2024-03-18,12:30 AM,Other (describe in narrative),0,EAST SYRACUSE,NY,35,4,Dark,Cloudy,Yard,Yard/switching,5,102348,21800,124148,H702,43.067062,-76.048431,44.4,34.9,33.6
CSX,000171216,2017-08-25,2:00 PM,Derailment,0,SELKIRK,NY,75,2,Day,Clear,Yard,Cut of cars,10,34758,64,34822,M411,42.565903,-73.854184,64.1,63.5,59.3
ATK,181818,2024-08-27,12:39 AM,Derailment,0,NEW YORK,NY,70,4,Dark,Clear,Yard,Yard/switching,5,30401,0,30401,H307,40.750132,-73.927049,76.3,75.8,81.9
UP,1220HL008,2020-12-12,12:30 PM,Derailment,0,KANSAS CITY,KS,36,2,Day,Cloudy,Yard,Yard/switching,3,18746,6825,25571,E86C,39.093781,-94.649858,43.5,35.6,31.4
NS,133566,2019-04-14,10:00 AM,Derailment,0,BELLEVUE,OH,46,2,Day,Rain,Yard,Yard/switching,2,2500,17359,19859,S006,41.290566,-82.787317,52.7,43.3,42.1
NS,140070,2020-12-21,2:45 AM,Derailment,0,FOSTORIA,OH,30,4,Dark,Clear,Yard,Yard/switching,9,123390,980,124370,M404,41.165671,-83.373853,37.6,38,38.3
BNSF,SF0516109,2016-05-18,2:00 AM,Derailment,0,BIRMINGHAM,AL,71,4,Dark,Rain,Industry,Yard/switching,9,27107,19000,46107,M501,33.534913,-86.858056,71.9,71.9,69.3
CRSH,134613,2019-07-06,12:15 PM,Derailment,0,NEWARK,NJ,90,2,Day,Cloudy,Yard,Yard/switching,6,9811,11238,21049,M101,40.710168,-74.142748,78,81.5,78.2
NJTR,202104156,2021-04-06,11:45 PM,Derailment,0,KEARNY,NJ,44,4,Dark,Clear,Yard,Yard/switching,5,40442,7697,48139,E29C,40.7438,-74.1141,57.6,57.9,58.2
UP,1022HL030,2022-10-29,11:07 PM,Derailment,0,TOPEKA,KS,56,4,Dark,Cloudy,Main,Freight Train,4,298757,250,299007,H523,39.063154,-95.676549,56.3,53.3,57.4
WE,220087,2022-12-23,1:15 AM,Derailment,0,BREWSTER,OH,30,4,Dark,Sleet,Yard,Yard/switching,10,9506,8326,17832,H306,40.707003,-81.598179,38.2,6.2,3.3
CFE,CFE218219D,2019-10-22,1:55 AM,Derailment,0,FORT WAYNE,IN,55,4,Dark,Rain,Yard,Yard/switching,7,153106,51587,204693,H704,41.059303,-85.094064,58,50.7,50.3
NSCR,NS2020003,2020-06-25,11:00 AM,Other impacts,0,BIG LAKE,MN,80,2,Day,Clear,Yard,Passenger Train - Pushing,1,25000,10000,35000,M599,45.328088,-93.720163,67.1,70.6,75.3
BNSF,PR0418103,2018-04-07,3:11 AM,Derailment,0,SIDNEY,NE,13,4,Dark,Cloudy,Main,Freight Train,15,24875,1000,25875,E86C,41.076487,-103.053775,23.7,28,49.3
UP,1221TO021,2021-12-12,11:55 PM,Other (describe in narrative),0,LA MESA,NM,39,4,Dark,Clear,Industry,Freight Train,8,13119,0,13119,H311,31.860434,-106.695847,42.9,44,49.6
CSX,000179290,2018-10-12,3:10 PM,Hwy-rail crossing,0,PORT BYRON,NY,50,2,Day,Clear,Main,Freight Train,46,56311,9136,65447,M302,43.052472,-76.623269,68,49.8,45.1
PHRR,31924,2024-03-19,7:30 PM,Other impacts,0,GRANITE CITY,IL,63,3,Dusk,Clear,Industry,Freight Train,3,0,26000,26000,H306,38.68577,-90.176852,34.5,48,48.6