reportingrailroadcode,accidentnumber,date,time,accidenttype,hazmatreleasedcars,station,stateabbr,temperature,visibility_code,visibility,weathercondition,tracktype,equipmenttype,trainspeed,equipmentdamagecost,trackdamagecost,totaldamagecost,primaryaccidentcausecode,latitude,longitude,prior_temp,actual_temp,following_temp
UP,1216KC013,2016-12-20,2:02 AM,Fire/violent rupture,0,INDEPENDENCE,MO,16,4,Dark,Clear,Main,Freight Train,0,26719,0,26719,E73L,39.057612,-94.415764,13.6,28.6,36.2
ATK,160989,2019-09-02,2:40 PM,Fire/violent rupture,0,NEW YORK,NY,69,2,Day,Cloudy,Yard,Passenger Train - Pulling,8,22283,0,22283,E7BL,40.745696,-73.939412,70.8,72,73.8
ALS,20191104,2019-11-04,3:45 AM,Derailment,0,EAST ST LOUIS,IL,40,4,Dark,Clear,Yard,,0,0,26208,27267,H505,38.600105,-90.152614,42.8,48.8,45.4
NS,114625,2015-03-02,11:58 AM,Hwy-rail crossing,0,TUSCALOOSA,AL,60,2,Day,Cloudy,Main,Freight Train,43,11239,39001,50240,M302,33.138536,-87.573351,53.8,52.8,60.3
BNSF,PR1115202,2015-11-12,1:15 PM,Hwy-rail crossing,0,SIDNEY,NE,54,2,Day,Clear,Main,Maint./inspect Car,28,85000,0,85000,M302,41.10157,-103.031,35.6,36.6,37.9
CSX,000190945,2020-06-22,4:15 AM,Derailment,0,CINCINNATI,OH,85,4,Dark,Clear,Yard,Yard/switching,6,106502,336776,443278,M411,39.111198,-84.544067,74.2,75.7,73.7
KO,170402,2017-04-01,12:01 PM,Derailment,0,WICHITA,KS,48,2,Day,Clear,Industry,Freight Train,5,4500,13012,17512,E46C,37.591997,-97.410844,49.2,48.1,51.2
UP,1017PR009,2017-10-02,10:00 AM,Other (describe in narrative),0,MELROSE PARK,IL,67,2,Day,Cloudy,Yard,Single Car,0,17183,0,17183,H601,41.900031,-87.907553,60.8,71.6,72.3
NS,125135,2017-05-19,5:55 PM,Derailment,2,RIVERSIDE,AL,91,3,Dusk,Clear,Main,Freight Train,45,1131511,506637,1638148,H503,33.595938,-86.222794,77.9,79.7,74.6
ALS,20171011,2017-10-11,1:00 PM,Derailment,0,EAST ST LOUIS,IL,60,2,Day,Cloudy,Yard,Yard/switching,2,9600,33107,42707,M405,38.58687,-90.133203,70.6,56.7,58.1
CSX,000161220,2016-07-10,4:36 PM,Derailment,0,TONTOGANY,OH,74,3,Dusk,Clear,Main,Freight Train,7,81255,139013,220268,E53C,41.418935,-83.73964,72.4,73.8,76.8
GRS,20190109W1,2019-01-09,6:30 PM,Derailment,0,HOOSICK,NY,28,4,Dark,Cloudy,Siding,,0,0,773000,1341290,M507,42.898622,-73.352892,35.7,34.3,25.7
BNSF,CH1116102,2016-11-08,7:58 AM,Derailment,0,ALBIA,IA,50,1,Dawn,Clear,Main,Freight Train,20,6811,258000,264811,E62C,41.092487,-92.655042,53.6,53,43.1
NS,144019,2022-01-14,1:30 AM,Derailment,0,CHEEKTOWAGA,NY,23,4,Dark,Clear,Yard,Yard/switching,2,18315,800,19115,H018,42.890001,-78.780743,35.4,24,7.7
MNCW,78919,2023-01-23,5:22 PM,Derailment,0,WHITE PLAINS,NY,32,4,Dark,Clear,Yard,EMU,6,102733,11737,114470,H701,41.053735,-73.771691,36.2,35.9,37.3
NJTR,202106261,2021-06-09,4:09 PM,Derailment,0,KEARNY,NJ,82,2,Day,Clear,Yard,Light loco(s),5,25852,10306,36158,H704,40.744052,-74.104344,80.2,80.9,76.9
NJTR,202310415,2023-09-12,8:55 AM,Derailment,0,NEW YORK NEW YORK,NY,80,2,Day,Clear,Main,Commuter Train - Pushing,15,20951,0,70425,E79L,40.75058,-73.99352,74.2,74.2,75.2
NS,152108,2023-01-27,9:30 AM,Hwy-rail crossing,0,SOMERSET,KY,27,2,Day,Clear,Main,Freight Train,45,13549,0,13549,M302,37.121783,-84.627846,35.5,37,46.9
KCT,UP073017,2017-07-30,11:54 AM,Derailment,0,KANSAS CITY,MO,79,2,Day,Clear,Main,,0,0,15070,26293,M405,39.108606,-94.501909,76.9,75.1,72.4
CSX,000212706,2023-08-02,5:00 PM,Other impacts,0,BALTIMORE,MD,80,2,Day,Clear,Yard,Cut of cars,0,49763,112,49875,H307,39.241226,-76.616799,72.6,72.9,73
MRL,2021087,2021-11-02,10:20 AM,Derailment,0,MISSOULA,MT,30,2,Day,Clear,Yard,Yard/switching,10,6500,12000,18500,H312,46.884728,-114.009267,36.7,35.1,39.1
NS,155942,2024-03-05,2:50 PM,Hwy-rail crossing,0,BERRYHILL,NC,68,2,Day,Clear,Main,Freight Train,46,15000,55000,70000,M303,35.230125,-80.9778,58.4,59.2,56.6
NS,155575,2024-01-26,10:00 AM,Hwy-rail crossing,0,JAMESTOWN,NC,45,2,Day,Cloudy,Main,Freight Train,57,28,27957,27985,M308,35.994,-79.934499,63.2,65.3,56.3
WC,980014,2018-11-26,12:00 PM,Other impacts,0,PROCTOR,MN,16,2,Day,Clear,Yard,Yard/switching,5,13500,0,13500,H318,46.755693,-92.241719,21.3,15.2,16.1
UP,0821GP029,2021-08-28,1:37 PM,Derailment,0,NORTH PLATTE,NE,88,2,Day,Clear,Yard,Freight Train,3,25989,83504,109493,H607,41.155647,-100.820761,76.7,79.8,70.1
ATK,178843,2024-03-14,8:21 PM,Hwy-rail crossing,0,DURHAM,NC,74,4,Dark,Clear,Main,Passenger Train - Pulling,54,73575,0,81558,M308,35.979855,-78.879213,59.7,63.5,65.2
CSX,000139940,2015-01-13,1:00 AM,Derailment,0,HAMLET,NC,40,4,Dark,Rain,Yard,Yard/switching,4,16586,2482,19068,E4BC,34.91463,-79.670657,43,40.5,33.4
IC,1017273,2019-10-28,4:50 PM,Derailment,0,HELVETIA,LA,74,2,Day,Clear,Industry,Yard/switching,0,0,38632,38632,H303,30.074739,-90.871616,61.4,64.8,68
NS,156508,2024-03-14,8:21 PM,Hwy-rail crossing,0,DURHAM,NC,72,4,Dark,Clear,Main,,0,0,7983,81558,M308,35.979855,-78.879214,59.7,63.5,65.2
NS,134807,2019-07-22,1:00 PM,Hwy-rail crossing,0,MERIDIAN,MS,90,2,Day,Clear,Main,,0,0,0,14595,M302,32.300533,-88.762824,78.4,80,77.1
LAS,210514006,2021-05-14,12:30 AM,Derailment,0,HODGE,LA,75,4,Dark,Clear,Yard,Freight Train,5,16000,0,16000,E4BC,32.279147,-92.727895,63.9,62.3,66.6
NJTR,201907416,2019-07-01,11:30 PM,Other (describe in narrative),0,KEARNY,NJ,85,4,Dark,Clear,Yard,Yard/switching,1,12633,0,12633,E09C,40.764061,-74.097159,77.3,76.4,79.8
NS,134516,2019-06-28,4:45 AM,Other (describe in narrative),0,NEW ORLEANS,LA,72,1,Dawn,Clear,Yard,,0,0,124559,124559,H702,29.975082,-90.04485,87.6,83.3,81.9
NS,132834,2019-02-13,6:15 PM,Derailment,0,CHICAGO,IL,25,3,Dusk,Clear,Yard,Freight Train,3,14186,39581,53767,T217,41.757609,-87.668042,30.4,20.2,39.8
WC,954462,2018-04-01,6:20 AM,Derailment,0,MOUNTAIN IRON,MN,6,1,Dawn,Clear,Main,Freight Train,33,9905,179827,189732,M405,47.532595,-92.627483,15.7,17.3,20
BNSF,TC0717106,2017-07-12,3:30 AM,Derailment,0,FRIDLEY,MN,70,4,Dark,Clear,Yard,Yard/switching,7,709,13500,14209,M411,45.038245,-93.272654,75.4,76.7,63.7
ATK,136439,2015-02-10,11:55 AM,Other (describe in narrative),0,BALTIMORE,MD,25,2,Day,Clear,Main,Passenger Train - Pulling,110,21926,11000,32926,E78L,39.307599,-76.615489,35.1,32.6,33.2
UP,0222GP014,2022-02-16,11:45 AM,Derailment,0,NORTH PLATTE,NE,34,2,Day,Cloudy,Yard,Yard/switching,4,13265,79130,92395,E35C,41.148984,-100.808036,37.3,30.6,23
UP,1022HL035,2022-10-30,1:30 PM,Other (describe in narrative),0,ST. JOSEPH,MO,60,2,Day,Cloudy,Yard,Yard/switching,7,0,15320,15320,H702,39.730813,-94.86899,47.1,51.4,51.4
ATK,146741,2017-03-19,8:45 AM,Hwy-rail crossing,0,GREENSBORO,NC,50,2,Day,Clear,Main,Passenger Train - Pulling,75,13065,0,13065,M308,36.083698,-79.740429,52.7,47.6,49.1
BNSF,NE0716115,2016-07-25,9:30 AM,Derailment,0,AURORA,NE,81,2,Day,Clear,Yard,Freight Train,6,40798,4150,44948,H318,40.862323,-98.006826,77.2,73.3,74.2
NS,128983,2018-03-27,5:30 AM,Derailment,0,EAST CHICAGO,IN,50,1,Dawn,Rain,Main,,0,0,12162,12162,E61C,41.6658,-87.460649,41.8,48.6,45.1
BRC,14490,2021-11-27,6:00 PM,Derailment,0,BEDFORD PARK,IL,31,4,Dark,Cloudy,Yard,Cut of cars,17,47204,1000,48204,H313,41.76767,-87.77375,25.3,35.5,33.3
UP,1216PR017,2016-12-21,12:00 PM,Other impacts,0,NORTHLAKE,IL,25,2,Day,Clear,Yard,Single Car,7,11041,0,11041,M411,41.903096,-87.917886,22.6,28.4,32.8
UP,0915LV011,2015-09-12,4:22 PM,Fire/violent rupture,0,LIVONIA,LA,84,2,Day,Clear,Yard,Yard/switching,10,11733,66,11799,E71L,30.548112,-91.5724,74.2,73.5,67.6
BNSF,MT0315103,2015-03-22,5:15 AM,Derailment,0,GARRISON,MT,22,1,Dawn,Clear,Yard,,0,0,15000,198232,H307,46.5375,-112.8264,45.3,45,39.5
CSX,000197889,2021-05-29,3:10 PM,Obstruction,0,GAITHERSBURG,MD,53,2,Day,Rain,Industry,Light loco(s),2,0,13586,13586,H207,39.141643,-77.200593,65.7,50.9,50.3
IC,1073343,2021-06-11,3:20 PM,Hwy-rail crossing,0,MCLAIN,MS,90,2,Day,Clear,Main,Freight Train,49,14069,0,14069,M302,31.08599,-88.813341,76.8,81.4,82.5
KCT,UP042020,2020-04-20,12:50 PM,Obstruction,0,KANSAS CITY,MO,52,2,Day,Cloudy,Main,,0,0,0,30660,M404,39.088298,-94.561152,56.1,55.7,58.5
ATW,ATW582923D,2023-10-26,2:06 PM,Derailment,0,SANFORD,NC,72,2,Day,Clear,Yard,Yard/switching,4,42133,0,42133,H704,35.506528,-79.20628,54.9,60.9,63.1
BNSF,TC0221112,2021-02-24,12:30 AM,Derailment,0,HOLLOWAY,MN,25,4,Dark,Clear,Industry,Freight Train,4,12000,14000,26000,T221,45.248515,-95.906829,35.1,28.3,30.8
WC,1090958,2021-12-23,10:10 AM,Other (describe in narrative),0,MOUNTAIN IRON,MN,20,2,Day,Clear,Industry,Yard/switching,2,14826,0,14826,M404,47.556917,-92.616402,1.6,18.2,29.4
NS,130207,2018-07-15,10:45 AM,Derailment,0,SOUTHMONT,NC,89,2,Day,Clear,Yard,Yard/switching,4,3776,7438,11214,H312,35.736022,-80.336566,77.7,80.6,81.4
WC,926214,2017-06-16,7:50 AM,Derailment,0,PROCTOR,MN,65,2,Day,Clear,Yard,Yard/switching,5,12000,5447,17447,H506,46.762042,-92.250393,62.5,68.5,64.5
IC,850511,2015-02-02,1:30 PM,Other (describe in narrative),0,MANCHAC,LA,42,2,Day,Clear,Main,Spec. MoW Equip.,3,0,34795,34795,H999,30.250456,-90.402043,63.8,46.9,41.8
NS,139262,2020-09-25,8:51 PM,Derailment,0,FERGUSON,MO,75,4,Dark,Clear,Main,Freight Train,25,421074,166520,587594,H221,38.744156,-90.304623,65.7,68.1,73.2
BNSF,MT0520201,2020-05-29,10:45 AM,Hwy-rail crossing,0,BAINVILLE,MT,63,2,Day,Clear,Main,,0,0,26000,126000,M302,48.140267,-104.336345,57.3,56.1,61.6
CRSH,136482,2019-12-12,9:38 AM,Derailment,0,DETROIT,MI,38,2,Day,Clear,Main,,0,0,65371,273194,E00C,42.326713,-83.098053,21.3,25.7,33.5
BNSF,HL1218104,2018-12-07,1:20 AM,Derailment,0,ST LOUIS,MO,27,4,Dark,Cloudy,Yard,Yard/switching,3,17267,3800,21067,H506,38.612469,-90.303687,34.1,28.6,25.6
KJRY,KJRY210830,2021-08-30,9:00 PM,Raking collision,0,KEOKUK,IA,65,4,Dark,Clear,Yard,Yard/switching,2,22000,0,22000,H020,40.389168,-91.386051,79.3,75.6,70.7
GTW,1046185,2020-08-27,12:03 PM,Derailment,0,BATTLE CREEK,MI,80,2,Day,Clear,Yard,Yard/switching,4,19800,20109,39909,H702,42.331613,-85.145416,78.7,82.4,78.4
NS,153359,2023-06-15,4:26 AM,Hwy-rail crossing,0,LEXINGTON,NC,65,1,Dawn,Clear,Main,Freight Train,45,2000,13127,15127,M303,35.80867,-80.269181,70.6,73.2,75.3
BNSF,TC0217120,2017-02-20,1:06 PM,Other impacts,0,FRIDLEY,MN,60,2,Day,Rain,Yard,Yard/switching,6,18600,0,18600,M411,45.040729,-93.27271,48.5,58.5,45.7
NS,125133,2017-05-19,2:50 PM,Derailment,0,HUNTERSVILLE,NC,85,2,Day,Clear,Industry,Yard/switching,5,16350,0,16350,E08C,35.39816,-80.83749,77,78,78.2
CRSH,133396,2019-03-30,5:45 PM,Other impacts,0,DETROIT,MI,35,3,Dusk,Rain,Yard,,0,0,0,50302,H302,42.320865,-83.130504,44.4,39.5,29
BNSF,HL0920113,2020-09-28,12:35 PM,Derailment,0,AURORA,MO,70,2,Day,Clear,Yard,,0,0,15000,15250,H307,36.975844,-93.721303,65.6,56.7,55.9
ATK,146896,2017-04-02,10:06 AM,Hwy-rail crossing,0,DANFORTH,IL,50,2,Day,Clear,Main,Passenger Train - Pulling,70,34118,0,34658,M302,40.795978,-87.98767,47.2,51.1,54.6
IAIS,2016051,2016-11-01,1:39 AM,Other impacts,0,DIXMOOR,IL,60,4,Dark,Clear,Yard,Yard/switching,4,63000,0,63000,H607,41.638988,-87.670159,50.6,66.7,62.1
ATK,172425,2022-10-12,3:00 AM,Other (describe in narrative),0,WINDSOR LOCKS,CT,40,4,Dark,Clear,Siding,,0,0,32200,32200,H702,41.936539,-72.626196,53.4,57,62.3
BNSF,RD0822102,2022-08-04,3:55 AM,Derailment,0,ARKANSAS CITY,KS,89,4,Dark,Clear,Yard,Freight Train,6,20000,478000,498000,H503,37.068719,-97.032719,91.6,86.9,88.2
UP,0220GL008,2020-02-04,5:44 AM,Other impacts,0,CEDAR RAPIDS,IA,26,1,Dawn,Cloudy,Yard,,0,0,15950,52987,H020,42.004254,-91.687493,33,27.8,23.2
BLF,20244034,2024-01-30,9:33 PM,Hwy-rail crossing,0,POMPANO BEACH,FL,64,4,Dark,Clear,Main,Passenger Train - Pulling,76,16000,0,17010,M302,26.231583,-80.125823,59.3,61.9,63.5
FEC,X02011024,2024-01-10,2:00 PM,Hwy-rail crossing,0,MELBOURNE,FL,65,2,Day,Clear,Main,,0,0,748,47980,M308,28.071437,-80.601913,72,59,55.7
CSX,000217843,2024-05-06,4:50 PM,Derailment,0,MOBILE,AL,85,3,Dusk,Clear,Yard,Freight Train,2,38914,487,39401,H525,30.684319,-88.038593,77.6,80.3,81.2
EARY,EAR495523D,2023-08-08,3:30 PM,Derailment,0,SYCAMORE,AL,95,2,Day,Clear,Main,Freight Train,8,100000,25000,125000,T220,33.289191,-86.190992,80.8,73.5,77
ATK,178206,2024-01-27,7:19 PM,Hwy-rail crossing,0,JACKSONVILLE,FL,71,4,Dark,Clear,Main,Passenger Train - Pulling,30,13012,0,13128,M308,30.302853,-81.719988,71.7,72,66
KCS,15042003,2015-04-20,2:40 PM,Other impacts,0,LAKE CHARLES,LA,75,2,Day,Clear,Yard,Single Car,2,34181,0,34181,H318,30.253606,-93.304281,72,67.6,66.5
UP,0524GC005,2024-05-03,1:25 PM,Other impacts,0,SULPHUR,LA,67,2,Day,Rain,Yard,Freight Train,5,25639,0,25639,H999,30.237232,-93.463592,74.4,71.6,74.8
MBTA,5707,2017-01-01,1:15 PM,Hwy-rail crossing,0,HOLBROOK,MA,41,2,Day,Clear,Main,Passenger Train - Pulling,40,15768,0,15768,M308,42.156336,-71.027381,33.7,37.9,33
CSX,000219441,2024-07-20,12:00 AM,Derailment,0,CLOVERDALE,IN,79,4,Dark,Clear,Industry,Single Car,2,51328,3900,55228,M501,39.514092,-86.797308,69,71.3,72.6
UP,0219GC018,2019-02-11,12:49 AM,Derailment,0,ALEXANDRIA,LA,58,4,Dark,Fog,Yard,Yard/switching,7,9210,8003,17213,H306,31.251074,-92.434673,51.9,65.4,57.6
IHB,2099,2015-05-08,11:05 PM,Derailment,0,RIVERDALE,IL,60,4,Dark,Rain,Yard,Yard/switching,5,86836,3815,90651,M507,41.640887,-87.657505,71.7,69.7,55.3
MBTA,7086,2018-03-08,2:55 PM,Derailment,0,BOSTON,MA,40,2,Day,Clear,Yard,Passenger Train - Pulling,6,21145,0,21145,H607,42.241288,-71.128661,36.1,34,33.4
BNSF,KS0421101,2021-04-07,3:30 PM,Derailment,0,HOLCOMB,KS,45,2,Day,Clear,Industry,Freight Train,5,27600,9000,36600,M101,37.929794,-100.982846,64.6,41.9,53.3
BRC,13646,2015-11-06,3:45 AM,Other impacts,0,BEDFORD PARK,IL,55,4,Dark,Clear,Yard,Yard/switching,4,18513,5555,24068,S007,41.762582,-87.729752,65.6,51.6,45.4
BLF,20244114,2024-02-16,7:01 PM,Other impacts,0,VERO BEACH,FL,71,4,Dark,Clear,Main,Passenger Train - Pulling,79,16000,0,16000,M599,27.609091,-80.38457,65.8,68.3,64.7
NICD,N1700041,2017-12-07,4:50 AM,Hwy-rail crossing,0,MICHIGAN CITY,IN,15,4,Dark,Snow,Main,Passenger Train - Pulling,20,20673,0,20673,M399,41.712702,-86.894265,30.6,22.5,23.7
UP,1017LV029,2017-10-31,10:30 PM,Hwy-rail crossing,0,COUSHATTA,LA,65,4,Dark,Rain,Main,Freight Train,10,1648,69180,70828,M304,31.980082,-93.363477,56.5,55.8,64.1
ATK,164091,2020-04-12,5:05 PM,Obstruction,0,YORK,AL,76,2,Day,Rain,Main,Passenger Train - Pulling,63,12500,0,12500,M404,32.477335,-88.313373,56.2,67.8,58.8
CSX,000190077,2020-05-04,11:45 PM,Obstruction,0,ELKMONT,AL,65,4,Dark,Cloudy,Main,Freight Train,40,12139,97,12236,M404,34.910114,-86.902747,70.3,70.9,68.3
CSX,000200790,2021-10-20,1:42 AM,Other impacts,0,BIRMINGHAM,AL,56,4,Dark,Clear,Yard,Freight Train,7,185045,1486,213361,H306,33.543607,-86.790089,60.1,66.8,71.5
NS,135962,2019-10-26,9:25 PM,Other (describe in narrative),0,IRONDALE,AL,65,4,Dark,Clear,Yard,Yard/switching,10,242210,72903,315113,H306,33.548905,-86.67801,61.6,70.8,58.5
UP,1122GC036,2022-11-29,8:00 PM,Derailment,0,REEVES,LA,75,4,Dark,Cloudy,Siding,Freight Train,5,10112,162562,172674,H701,30.518994,-93.043231,56.2,71.9,59.2
CSX,000189339,2020-03-26,2:00 PM,Hwy-rail crossing,0,AUBURN,AL,80,2,Day,Clear,Main,Freight Train,38,4547,9777,14324,M303,32.609378,-85.503256,71.5,69.4,70.7
NS,137746,2020-04-16,6:18 AM,Derailment,0,EAST CHICAGO,IN,31,1,Dawn,Clear,Main,Freight Train,25,15138,41764,56902,E52C,41.655046,-87.445042,32.5,36.4,34.7
IHB,2170,2016-01-17,6:30 PM,Other (describe in narrative),0,EAST CHICAGO,IN,2,4,Dark,Cloudy,Yard,Yard/switching,8,64502,885,65387,H702,41.651438,-87.438889,28.3,6.4,3.5
NS,146309,2022-08-28,3:50 PM,Derailment,0,IRONDALE,AL,88,2,Day,Clear,Yard,Yard/switching,3,43577,1790,45367,M101,33.548249,-86.690659,80.3,80.5,81.8
TRRA,21002I,2021-01-20,5:03 AM,Derailment,0,EAST ST LOUIS,IL,24,4,Dark,Clear,Industry,Yard/switching,2,20431,33095,53526,H306,38.614831,-90.179729,34.8,36,41.3
NS,128890,2018-03-18,11:14 PM,Head on collision,0,LEXINGTON,KY,40,4,Dark,Clear,Main,Freight Train,0,2746367,0,4000114,H221,38.173832,-84.541094,48.6,47.9,49
BNSF,HL0319111,2019-03-11,2:05 AM,Derailment,0,KEOKUK,IA,33,4,Dark,Clear,Main,Freight Train,25,586632,970807,1557439,E59C,40.390725,-91.38052,35.9,36.7,39.6
PSBX,17060401,2017-06-04,4:20 AM,Other impacts,0,SHREVEPORT,LA,80,4,Dark,Clear,Yard,Yard/switching,4,13662,364,20753,H306,32.366488,-93.643588,77.5,75.6,77.3
NS,151023,2022-10-02,4:10 AM,Derailment,0,NATURAL BRIDGE,AL,45,1,Dawn,Clear,Main,Freight Train,23,28224,39413,67637,E00C,34.070449,-87.583697,61.3,63.2,63.3
CSS,CSS1219141,2014-12-19,5:20 AM,Derailment,0,MICHIGAN CITY,IN,30,4,Dark,Cloudy,Yard,Freight Train,8,361461,40228,434450,M507,41.705402,-86.92647,27.3,30.9,32.2
UP,0118LV071,2018-01-22,1:50 PM,Derailment,0,LIVONIA,LA,60,2,Day,Clear,Yard,Light loco(s),4,37240,916,38156,H702,30.532745,-91.561014,60.4,62.5,49
LIRC,0306202001,2020-03-06,4:10 PM,Hwy-rail crossing,0,EDINBURG,IN,37,2,Day,Cloudy,Main,Freight Train,48,1100,11000,12100,M308,39.3466,-85.9627,43.9,36,35
KCS,15042003,2015-04-20,2:40 PM,Other impacts,0,MOSSVILLE,LA,75,2,Day,Clear,Yard,Yard/switching,6,0,0,34181,H318,30.253606,-93.304281,72.1,67.6,67
KCS,22012601,2022-01-26,5:35 PM,Derailment,0,NEW ORLEANS,LA,55,2,Day,Clear,Yard,Freight Train,6,4356,12962,17318,H704,29.971562,-90.121128,50.4,47.8,50
NS,120978,2016-06-12,12:47 AM,Other impacts,0,ELKHART,IN,68,4,Dark,Clear,Yard,Yard/switching,8,14115,0,14115,M505,41.67736,-85.978495,82.5,71.7,68.6
BNSF,CH0622117,2022-06-08,8:36 PM,Obstruction,0,ALTONA,IL,68,3,Dusk,Clear,Main,,0,0,0,117663,M404,41.133012,-90.118225,69.3,66.5,67.5
UP,0319HL031,2019-03-25,8:30 PM,Derailment,0,KANSAS CITY,KS,51,4,Dark,Cloudy,Yard,Yard/switching,3,5532,19630,25162,E35C,39.096198,-94.662423,54,51,52.3
CSX,000211850,2023-06-16,11:20 AM,Derailment,0,BUCKNER,KY,72,2,Day,Clear,Industry,Freight Train,2,273,12753,13026,H306,38.382282,-85.440882,74.3,71,69.9
ATK,148735,2017-08-01,5:00 PM,Derailment,0,WASHINGTON,DC,87,2,Day,Cloudy,Yard,Light loco(s),0,23594,500,24094,H799,38.917101,-76.988124,77.5,79.3,80.6
BRC,14268,2019-06-09,12:40 PM,Derailment,0,BEDFORD PARK,IL,70,2,Day,Clear,Yard,Yard/switching,7,972408,0,972408,H306,41.768031,-87.760457,69.8,68.8,68.1
PW,PWR791224A,2024-05-07,10:56 PM,Fire/violent rupture,0,STAMFORD,CT,60,4,Dark,Clear,Main,Freight Train,20,125000,0,150000,E79L,41.055678,-73.524247,60.8,66.1,68.9
CSX,000215273,2023-12-31,1:09 AM,Hwy-rail crossing,0,HORSE CAVE,KY,32,4,Dark,Clear,Main,Freight Train,46,159,43785,43944,M308,37.179606,-85.907999,36.9,38.6,34.1
BNSF,KS0622110,2022-06-11,1:30 AM,Derailment,0,KANSAS CITY,KS,75,4,Dark,Clear,Yard,Yard/switching,10,52300,0,52300,M411,39.085204,-94.686462,75.1,79.9,84
CSX,000210415,2023-03-21,11:12 PM,Derailment,0,MONTGOMERY,AL,49,4,Dark,Clear,Yard,Yard/switching,4,23563,580,24143,E32C,32.376061,-86.32645,40.8,48,58.8
BNSF,CH0221120,2021-02-24,5:40 PM,Derailment,0,CHILLICOTHE,IA,5,3,Dusk,Clear,Industry,Freight Train,4,28000,0,28000,H607,41.090984,-92.552428,40.5,35.6,31
LAS,M644214,2014-12-01,8:30 PM,Fire/violent rupture,0,BRYCELAND,LA,46,4,Dark,Rain,Main,Yard/switching,0,100000,2800,102800,E74L,32.233545,-92.574165,67.2,57,43.3
CSX,000189386,2020-03-30,4:00 AM,Other impacts,0,INDIANAPOLIS,IN,50,4,Dark,Clear,Yard,Cut of cars,3,16456,0,16456,H318,39.762938,-86.106987,59,50.2,41
PSBX,17060401,2017-06-04,4:20 AM,Other impacts,0,SHREVEPORT,LA,80,4,Dark,Clear,Yard,Cut of cars,0,6727,0,20753,H306,32.366488,-93.643588,77.5,75.6,77.3
CSX,000166515,2017-02-04,5:30 AM,Derailment,0,INDIANAPOLIS,IN,15,4,Dark,Clear,Yard,Freight Train,5,17772,8819,26591,H525,39.759791,-86.327526,22.5,25,38.2
CSX,000175981,2018-04-23,4:58 PM,Obstruction,0,BROOKWOOD,AL,64,2,Day,Clear,Siding,Freight Train,5,38500,0,38500,M404,33.323857,-87.15907,64.7,63.5,60.8
BRC,13558,2015-04-06,11:40 AM,Other impacts,0,BEDFORD PARK,IL,60,2,Day,Clear,Yard,Yard/switching,1,30875,0,60750,H307,41.761046,-87.728808,57,52.1,43.9
MBTA,YR2020135,2020-11-25,9:20 PM,Obstruction,0,AYER,MA,41,3,Dusk,Rain,Main,Passenger Train - Pushing,41,15132,0,15132,M402,42.557923,-71.543066,34.2,31.9,39.7
CSX,000167215,2017-03-04,1:27 AM,Fire/violent rupture,0,HARALSON,GA,30,4,Dark,Cloudy,Main,Freight Train,0,193401,0,193401,E72L,33.227192,-84.569442,43.9,44.4,51.8
CTM,CT080215D,2015-08-02,3:01 PM,Derailment,0,BENSENVILLE,IL,87,2,Day,Clear,Yard,Freight Train,8,13450,410,13860,M503,41.973848,-87.94936,76,80.2,73.7
MBTA,7010,2016-03-21,8:00 AM,Other (describe in narrative),0,BEVERLY,MA,30,2,Day,Snow,Main,Passenger Train - Pushing,0,100000,0,100000,E74L,42.564476,-70.809395,30.4,33.5,38.5
CSX,000194339,2020-12-09,4:00 AM,Side collision,0,BIRMINGHAM,AL,32,1,Dawn,Clear,Yard,Freight Train,0,9012,0,38371,H305,33.543607,-86.790089,38.3,45.9,51.8
NS,116858,2015-08-08,1:45 PM,Derailment,0,SHIVELY,KY,85,2,Day,Clear,Yard,Yard/switching,4,26042,937,26979,H306,38.2349,-85.803991,72.6,76.9,78.8
UP,1015LK017,2015-10-12,1:29 PM,Hwy-rail crossing,0,PLAIN DEALING,LA,87,2,Day,Clear,Main,Freight Train,43,12821,2286,15107,M302,32.919382,-93.699516,68.9,80.6,76.5
SERX,136235NS,2019-11-18,11:53 PM,Derailment,0,RINCON,GA,52,4,Dark,Clear,Main,,0,0,200000,432152,M505,32.310818,-81.240031,52.1,55,54.2
NS,117915,2015-10-25,5:00 AM,Derailment,0,ELKHART,IN,45,1,Dawn,Clear,Yard,Yard/switching,18,286353,1000,287353,H601,41.677391,-85.978436,61.1,50.6,47.1
NS,134255,2019-06-09,9:00 PM,Other (describe in narrative),0,COLUMBUS,GA,72,4,Dark,Rain,Yard,Freight Train,5,0,12444,12444,H306,32.465828,-84.982415,74.3,75.1,76.2
NOPB,D20150301E,2015-03-01,6:15 PM,Derailment,0,NEW ORLEANS,LA,58,4,Dark,Clear,Industry,Freight Train,5,45868,16337,62205,M507,30.00468,-90.02233,52.6,58.9,65.8
CSX,000200790,2021-10-20,1:42 AM,Other impacts,0,BIRMINGHAM,AL,56,4,Dark,Clear,Yard,Cut of cars,0,26830,0,213361,H306,33.543607,-86.790089,60.1,66.8,71.5