reportingrailroadcode,accidentnumber,date,time,accidenttype,hazmatreleasedcars,station,stateabbr,temperature,visibility_code,visibility,weathercondition,tracktype,equipmenttype,trainspeed,equipmentdamagecost,trackdamagecost,totaldamagecost,primaryaccidentcausecode,latitude,longitude,prior_temp,actual_temp,following_temp
CSX,000157775,2016-03-04,5:10 PM,Other impacts,0,AVON,IN,40,3,Dusk,Cloudy,Yard,Cut of cars,16,31837,0,31837,M407,39.759221,-86.353899,35.3,33.1,37.3
ATK,141217,2016-02-19,10:45 AM,Hwy-rail crossing,0,JOLIET,IL,61,2,Day,Clear,Main,Passenger Train - Pulling,64,61000,0,61000,M308,41.480524,-88.090083,34.7,51.2,48.4
IC,1051476,2020-10-16,12:30 AM,Derailment,0,RESERVE,LA,70,4,Dark,Clear,Main,Yard/switching,4,14540,1260,15800,H702,30.059606,-90.59411,76.3,69.1,67.5
NS,137420,2020-03-07,9:10 AM,Derailment,0,HELENA,AL,40,2,Day,Clear,Main,Freight Train,12,179779,12889,192668,H506,33.278826,-86.931396,49.8,46.9,53.2
IAIS,2018019,2018-08-28,10:36 AM,Hwy-rail crossing,0,WEST LIBERTY,IA,82,2,Day,Clear,Main,Freight Train,38,29541,6271,35812,M302,41.569306,-91.263448,80.2,76.6,68.5
UP,0515LV016,2015-05-29,9:40 PM,Hwy-rail crossing,0,KEITHVILLE,LA,80,4,Dark,Cloudy,Main,,0,0,21000,21500,M302,32.233756,-93.888448,77.4,77.9,75.1
NS,128890,2018-03-18,11:14 PM,Head on collision,0,LEXINGTON,KY,40,4,Dark,Clear,Main,Freight Train,32,811368,442379,4000114,H221,38.173832,-84.541094,48.6,47.9,49
MCRL,MC160317A,2016-03-17,7:00 PM,Derailment,0,WALPOLE,MA,48,3,Dusk,Cloudy,Yard,,0,0,18062,20126,T217,42.14766,-71.258985,45.7,49.7,45.3
MBTA,7028,2016-10-10,5:05 AM,Other (describe in narrative),0,GLOUCESTER,MA,59,4,Dark,Clear,Main,Passenger Train - Pushing,45,38942,0,38942,M404,42.615562,-70.699106,56.2,49,48.7
BRC,13644,2015-10-31,5:00 PM,Derailment,0,BEDFORD PARK,IL,60,3,Dusk,Rain,Yard,Yard/switching,4,19822,925,20747,T221,41.763799,-87.742885,47.6,49,55
ATK,157677,2019-02-18,4:30 PM,Obstruction,0,BOSTON,MA,32,3,Dusk,Snow,Yard,Yard/switching,10,29723,0,29723,M402,42.333831,-71.060648,29.4,29.4,24.4
UP,0416LV008,2016-04-11,7:14 AM,Hwy-rail crossing,0,MONROE,LA,65,2,Day,Clear,Main,Freight Train,48,184,98418,98602,M304,32.351031,-92.105543,69.9,66.3,60.3
UP,0315SL021,2015-03-31,3:05 PM,Derailment,0,SPARTA,IL,72,2,Day,Clear,Main,Freight Train,1,36453,22644,59097,H607,38.165091,-89.646276,54,59.5,60
UP,0419HL029,2019-04-20,1:42 AM,Derailment,0,HERINGTON,KS,46,4,Dark,Clear,Main,Yard/switching,6,7653,3421,11074,H310,38.694903,-96.949563,53.4,61.5,73.2
CSX,000209874,2023-02-17,3:00 PM,Derailment,0,AVON,IN,30,2,Day,Cloudy,Yard,Yard/switching,5,16066,251,16317,H707,39.759821,-86.327532,44.6,29.1,33.8
UP,0520HL007,2020-05-18,11:51 AM,Derailment,0,COFFEYVILLE,KS,60,2,Day,Cloudy,Siding,Freight Train,4,42086,490,42576,H607,37.030305,-95.628845,65.6,60.8,59.8
IAIS,2019011,2019-02-20,7:54 AM,Hwy-rail crossing,0,ALTOONA,IA,28,1,Dawn,Cloudy,Main,Freight Train,33,24227,0,24227,M308,41.672572,-93.425809,7.9,27.2,19.7
CSX,000213961,2023-10-10,12:02 AM,Derailment,0,ALLEN,KY,47,4,Dark,Cloudy,Main,Freight Train,24,9712,34758,44470,E62C,37.61221,-82.729787,50.8,54,53.9
UP,0419GC011,2019-04-09,10:24 AM,Hwy-rail crossing,0,SHREVEPORT,LA,71,2,Day,Clear,Main,Freight Train,41,1383920,94075,1477995,M308,32.22665,-93.483671,69,71,73.2
CSX,000196138,2021-03-07,1:50 PM,Derailment,0,THEODORE,AL,64,2,Day,Clear,Industry,Freight Train,10,178275,2162,180437,H303,30.555061,-88.167384,59.6,53.5,54
UP,1216CB018,2016-12-30,3:35 PM,Hwy-rail crossing,0,LE MARS,IA,41,2,Day,Clear,Main,Freight Train,24,9390,5456,14846,M308,42.79305,-96.164634,32.6,30.4,27.1
WC,962400,2018-06-12,9:24 PM,Other impacts,0,GARY,IN,72,4,Dark,Clear,Yard,Yard/switching,2,16000,0,16000,H302,41.613376,-87.357217,66.5,72.8,73.1
KCS,15071401,2015-07-14,12:20 AM,Derailment,0,WEST LAKE,LA,85,4,Dark,Clear,Yard,Yard/switching,4,152,10352,10504,H312,30.24867,-93.302149,84.4,84,83.2
FEC,X11021324,2024-02-13,12:05 AM,Hwy-rail crossing,0,WEST PALM BEACH,FL,68,4,Dark,Clear,Main,,0,0,478,16478,M301,26.706404,-80.055459,77.5,71.8,66.8
NS,138367,2020-06-29,11:40 AM,Derailment,0,TUSCALOOSA,AL,90,2,Day,Clear,Yard,Freight Train,9,11529,1500,13029,H503,33.192435,-87.560364,83,83.9,82.5
NS,141192,2021-04-09,11:15 PM,Hwy-rail crossing,0,RICHMOND,IN,46,4,Dark,Clear,Main,Freight Train,35,750,16000,16750,M303,39.834781,-84.891488,64.3,63.2,60.8
NS,156928,2024-06-01,6:05 PM,Derailment,0,KIMBROUGH,AL,81,3,Dusk,Clear,Yard,Freight Train,8,20449,0,21949,H303,32.032461,-87.572472,73.7,73.4,76
WC,982633,2018-12-25,9:45 PM,Other impacts,0,GARY,IN,27,4,Dark,Clear,Yard,Yard/switching,5,104235,4680,108915,H021,41.619023,-87.372672,28.7,34.5,36.2
LXVR,LXV589220,2020-04-27,10:30 PM,Derailment,0,MILLPORT,AL,61,4,Dark,Clear,Main,Freight Train,9,10080,5000,15080,H018,33.573012,-88.025036,60.3,59,65.6
CSX,000206540,2022-08-05,6:20 PM,Hwy-rail crossing,0,ROSEDALE,MD,81,2,Day,Rain,Main,Freight Train,40,270335,138,270473,M302,39.323778,-76.497453,80.8,78.1,79.6
IC,1025424,2020-01-29,12:30 PM,Derailment,0,GEISMAR,LA,58,2,Day,Clear,Yard,Yard/switching,10,29600,2712,32312,H704,30.18631,-90.98943,55.8,57,56.2
NS,151865,2022-12-29,10:50 AM,Derailment,0,ROANOKE,IN,52,2,Day,Cloudy,Siding,Freight Train,12,111421,39141,150562,H504,40.980031,-85.348117,35,48.6,50.5
NS,131771,2018-11-23,11:00 AM,Derailment,0,IRONDALE,AL,51,2,Day,Cloudy,Yard,Yard/switching,4,5500,14465,19965,E34C,33.548905,-86.67801,45.6,48.7,51.2
UP,0716SL003,2016-07-07,1:35 AM,Derailment,0,BLOOMFIELD,MO,75,4,Dark,Clear,Main,Freight Train,25,61888,539389,601277,H306,36.937589,-89.863186,78.9,80.8,80.6
IC,1045405,2020-06-05,1:16 PM,Obstruction,0,KENTWOOD,LA,86,2,Day,Cloudy,Main,,0,0,0,12721,M404,30.976055,-90.485512,78.3,80.1,76.8
UP,1021MA014,2021-10-12,10:00 AM,Derailment,0,PINE BLUFF,AR,74,2,Day,Clear,Yard,Yard/switching,7,79337,3619,82956,M405,34.250082,-91.940827,75.3,70.8,77.5
BNSF,TC1120109,2020-11-24,3:50 AM,Other impacts,0,FRIDLEY,MN,35,4,Dark,Clear,Yard,Yard/switching,5,14837,0,14837,H316,45.041057,-93.272402,29.5,35.3,35.6
UP,0319MA023,2019-03-15,9:30 PM,Derailment,0,EAST ST LOUIS,IL,44,4,Dark,Clear,Main,Freight Train,5,5398,0,19441,E00C,38.597001,-90.155685,56.8,43.8,41.2
TASD,D20190503A,2019-05-03,10:15 AM,Derailment,0,MOBILE,AL,80,2,Day,Clear,Industry,Freight Train,12,63476,4069,67545,H607,30.7653,-88.0621,75.6,75.7,75.4
BNSF,SW1116106,2016-11-26,7:20 AM,Derailment,0,WINSLOW,AZ,31,4,Dark,Clear,Yard,Freight Train,4,28379,18000,46379,H607,35.022241,-110.700016,32.5,37.4,41.5
KCS,18121403,2018-12-14,4:33 AM,Derailment,0,KANSAS CITY,MO,39,4,Dark,Clear,Main,Freight Train,0,193028,0,456404,H702,39.112603,-94.476961,42.7,38.2,37.2
CSX,000176994,2018-06-14,10:07 AM,Other impacts,0,INDIANAPOLIS,IN,72,2,Day,Clear,Yard,Cut of cars,10,63791,32,63823,S007,39.759791,-86.327526,76.1,71.8,77.7
CSX,000189870,2020-04-26,11:33 PM,Other (describe in narrative),0,WAYCROSS,GA,65,4,Dark,Clear,Yard,Freight Train,7,56897,97,56994,H996,31.213524,-82.353588,72.3,71.4,63.3
KCS,15120301,2015-12-03,2:43 PM,Hwy-rail crossing,0,HATFIELD,AR,65,2,Day,Clear,Main,Freight Train,37,23031,0,23031,M302,34.487751,-94.378036,41.4,42,39.9
BNSF,TC0523105,2023-05-20,12:05 AM,Derailment,0,ST PAUL,MN,65,4,Dark,Clear,Yard,Freight Train,5,12723,0,12723,H307,44.939046,-93.039683,53,59.8,65.2
CSX,000187326,2019-12-23,5:24 AM,Hwy-rail crossing,0,LAFAYETTE,IN,26,1,Dawn,Clear,Main,Freight Train,18,39313,0,39313,M302,40.400355,-86.911509,36.8,38.2,38.9
BNSF,CH1120111,2020-11-25,9:17 PM,Derailment,0,LA ROSE,IL,40,4,Dark,Clear,Main,Freight Train,30,48515,35697,84212,E71L,40.92781,-89.451449,40.4,44.9,41.3
ATK,169963,2022-03-05,2:45 AM,Derailment,0,PERRYMAN,MD,32,4,Dark,Clear,Main,,0,0,1837109,2665230,E69C,39.441146,-76.234027,30,40,55.1
NS,127180,2017-10-26,6:25 AM,Hwy-rail crossing,0,TALLAPOOSA,GA,40,1,Dawn,Clear,Main,Freight Train,26,5092,21845,26937,M303,33.744173,-85.287306,48.8,50.4,57.2
CPKC,23101002,2023-10-10,6:25 PM,Other impacts,0,BATON ROUGE,LA,75,3,Dusk,Cloudy,Yard,Light loco(s),0,5657,0,19313,H018,30.576074,-91.212791,65.7,69.4,63.9
UP,0724MA013,2024-07-07,4:00 PM,Derailment,0,NORTH LITTLE ROCK,AR,91,2,Day,Cloudy,Yard,Yard/switching,10,17999,13984,31983,M101,34.771984,-92.230355,82,81.8,81.2
BNSF,SF0915105,2015-09-10,8:15 AM,Derailment,0,SPRINGFIELD,MO,80,1,Dawn,Clear,Yard,Yard/switching,5,25000,1000,26000,T220,37.228175,-93.324032,73.7,73.8,66.7
NS,135621,2019-09-26,10:45 AM,Derailment,0,IRONDALE,AL,85,2,Day,Clear,Yard,Yard/switching,4,48233,852,49085,E04C,33.548905,-86.67801,79.3,82.3,84
BNSF,HL0418117,2018-04-23,5:54 PM,Derailment,0,BIRMINGHAM,AL,65,3,Dusk,Clear,Yard,Yard/switching,7,28939,1000,29939,H607,33.527498,-86.847163,63.6,63.3,61
BNSF,TC1017107,2017-10-03,3:30 AM,Other (describe in narrative),0,FRIDLEY,MN,50,4,Dark,Clear,Yard,Yard/switching,5,18359,0,18359,M411,45.037317,-93.270605,61,61.6,50.9
UP,1114LK012,2014-11-17,2:15 PM,Derailment,0,NORTH LITTLE ROCK,AR,54,2,Day,Clear,Yard,Yard/switching,10,1747,18070,19817,M411,34.763821,-92.260122,38.2,33.3,32
UP,0323HL005,2023-03-04,5:13 PM,Derailment,0,WELLINGTON,KS,61,2,Day,Clear,Main,Freight Train,29,1101365,136878,1238243,T220,37.368384,-97.392025,45.1,50.6,59.9
UP,0219MA022,2019-02-08,1:02 PM,Derailment,0,BRADFORD,AR,33,2,Day,Clear,Main,Freight Train,9,24603,122449,147052,E07C,35.536071,-91.371509,49.9,26.2,29.9
BNSF,CH1114117,2014-11-28,6:10 PM,Other impacts,0,GALESBURG,IL,12,3,Dusk,Clear,Yard,Yard/switching,4,15498,0,15498,M407,40.9032,-90.38554,17.6,26.4,42.5
CSX,000180005,2018-11-05,12:00 AM,Other impacts,0,DECATUR,AL,55,4,Dark,Clear,Yard,Cut of cars,0,28146,164,28310,H307,34.614947,-86.984469,55.4,59.4,60.8
NS,137973,2020-05-16,11:00 PM,Other impacts,0,IRONDALE,AL,70,4,Dark,Clear,Yard,Yard/switching,4,15033,200,15233,S007,33.548905,-86.67801,76.4,76.6,74.1
UP,0522LA015,2022-05-11,9:29 AM,Hwy-rail crossing,0,MARICOPA,AZ,65,2,Day,Clear,Main,Freight Train,66,20294,15000,35294,M303,33.079463,-112.117511,76.6,75.3,71.3
NS,136863,2020-01-16,5:05 PM,Derailment,0,ABOITE,IN,25,3,Dusk,Clear,Siding,Freight Train,5,9766,12998,22764,H506,40.990638,-85.343663,36.3,29.5,23.4
UP,0715PR024,2015-07-31,9:00 AM,Other (describe in narrative),0,NORTHLAKE,IL,77,2,Day,Clear,Yard,Single Car,5,45026,0,45026,H601,41.909337,-87.915129,78.1,77.7,76.4
BNSF,KS0720109,2020-07-20,11:56 AM,Derailment,0,TOPEKA,KS,90,2,Day,Cloudy,Yard,Light loco(s),9,18709,0,18709,H607,39.05391,-95.662911,82.8,74.9,74.5
UP,0618LK014,2018-06-09,5:30 PM,Other impacts,0,NORTH LITTLE ROCK,AR,89,2,Day,Cloudy,Yard,Cut of cars,0,28756,0,30455,E32C,34.772567,-92.233194,78.1,77.7,80.2
BNSF,KS0323102,2023-03-02,2:10 PM,Derailment,0,KANSAS CITY,KS,50,2,Day,Clear,Yard,Light loco(s),3,28303,5000,33303,H607,39.079584,-94.666022,48.1,38,43.1
LRPA,062118,2018-06-21,9:09 AM,Hwy-rail crossing,0,LITTLE ROCK,AR,90,2,Day,Clear,Industry,Yard/switching,10,20000,0,20000,M302,34.707045,-92.186353,75.8,80.9,80.9
UP,1116LK014,2016-11-22,5:56 AM,Derailment,0,NORTH LITTLE ROCK,AR,43,4,Dark,Cloudy,Yard,Light loco(s),2,18620,0,18620,H307,34.763858,-92.260136,46.1,53.2,56.8
UP,0416SL007,2016-04-19,12:55 AM,Fire/violent rupture,0,WARRENSBURG,MO,50,4,Dark,Cloudy,Main,Freight Train,40,22791,0,22791,E74L,38.7628,-93.733544,64.2,62.7,61.5
MNA,MNA411919,2019-05-17,3:25 AM,Derailment,0,CRANE,MO,62,4,Dark,Clear,Main,Freight Train,8,2997,24330,27327,E53C,36.880109,-93.555373,74.3,73.3,67.8
BNSF,SF0116112,2016-01-23,9:49 PM,Derailment,0,NEOSHO,MO,30,4,Dark,Clear,Main,Freight Train,17,27017,1500,28517,E21C,36.915369,-94.343742,26.9,30.1,42.8
WC,973757,2018-09-22,3:45 PM,Fire/violent rupture,0,IRON,MN,50,2,Day,Clear,Main,Freight Train,30,12465,0,12465,E71L,47.450485,-92.608795,48.1,44.6,44.7
BNSF,TC0318111,2018-03-23,5:15 AM,Derailment,0,MINNEAPOLIS,MN,32,1,Dawn,Cloudy,Yard,Yard/switching,2,900,11000,11900,M411,45.033888,-93.2724,36.3,34.4,34.5
BRC,13547,2015-03-22,5:38 PM,Other impacts,0,BEDFORD PARK,IL,40,2,Day,Clear,Yard,Cut of cars,4,35416,3065,56737,H999,41.759573,-87.764428,41.6,34,31.2
UP,0616KC011,2016-06-22,12:15 AM,Derailment,0,KANSAS CITY,MO,83,4,Dark,Clear,Yard,Light loco(s),5,17810,4359,22169,H303,39.120801,-94.544625,85.3,90.8,85.6
UP,0920MA008,2020-09-07,5:50 AM,Other (describe in narrative),0,CHESTER,IL,64,1,Dawn,Clear,Siding,Yard/switching,10,0,49310,49310,S104,37.881482,-89.786436,73.8,77.2,76.7
ATK,163051,2020-02-06,5:20 AM,Obstruction,0,EMMET,AR,34,1,Dawn,Cloudy,Main,Passenger Train - Pulling,70,10904,0,10904,M404,33.743966,-93.453836,44.4,35.6,37.4
UP,1215LK004,2015-12-07,9:30 PM,Derailment,0,MARION,AR,53,4,Dark,Cloudy,Yard,Light loco(s),4,39725,5700,45425,H306,35.195934,-90.25415,48.2,45.9,49.9
UP,1122GC001,2022-11-01,8:25 AM,Derailment,0,WESTWEGO,LA,68,2,Day,Cloudy,Yard,Freight Train,0,2928,38733,206661,H702,29.91522,-90.1658,67.1,68.3,70
KCS,15011201,2015-01-12,5:33 AM,Derailment,0,HATFIELD,AR,34,4,Dark,Rain,Main,Freight Train,28,11613,84000,95613,E67C,34.476939,-94.379548,35,40.1,35.7
LRPA,2016001,2016-07-21,4:55 AM,Derailment,0,LITTLE ROCK,AR,85,4,Dark,Cloudy,Industry,,0,0,11000,20292,H524,34.717825,-92.2374,88.1,88.8,89.4
UP,0516KC014,2016-05-27,11:15 AM,Derailment,0,KANSAS CITY,MO,81,2,Day,Cloudy,Main,Freight Train,4,78459,185720,264179,H518,39.110291,-94.500675,70.5,69,68.9
CSX,000187829,2020-01-12,6:33 PM,Obstruction,0,ALPINE,AL,60,3,Dusk,Rain,Main,Freight Train,30,122564,48,122612,M404,33.397446,-86.331681,66.2,55.5,61.1
IC,985968,2019-01-29,5:30 AM,Other impacts,0,CHICAGO,IL,10,1,Dawn,Snow,Yard,Yard/switching,2,21797,64,21861,H318,41.804503,-87.780161,20.3,2.9,-16
UP,1116ST001,2016-11-05,6:28 AM,Derailment,0,PHOENIX,AZ,64,4,Dark,Clear,Main,Freight Train,4,3080,18954,22034,H702,33.444244,-112.073753,69.3,71.1,71.8
AKMD,AKM527419,2019-02-20,1:43 AM,Derailment,0,MALVERN,AR,40,4,Dark,Clear,Yard,,0,0,400,56261,M506,34.36569,-92.816703,36.3,44.3,40.6
KCS,18062701,2018-06-27,3:15 AM,Derailment,0,SHREVEPORT,LA,89,4,Dark,Clear,Yard,Freight Train,6,13943,50495,64438,H702,32.526318,-93.825434,87.6,88.7,89.1
BNSF,TC1115116,2015-11-11,5:30 PM,Other (describe in narrative),0,FRIDLEY,MN,52,2,Day,Rain,Yard,Yard/switching,5,11515,0,11515,M411,45.038513,-93.272873,51.2,47.5,41.9
BNSF,TC1015128,2015-10-24,5:30 AM,Derailment,0,ST PAUL,MN,50,1,Dawn,Rain,Yard,Freight Train,5,10020,4800,14820,H607,44.968824,-93.157612,51,51.2,46.7
NS,140904,2021-03-12,6:30 AM,Derailment,0,IRONDALE,AL,60,1,Dawn,Clear,Yard,Yard/switching,4,18273,16808,35081,H504,33.548905,-86.678009,62.4,65.7,68.5
UP,0318KC023,2018-03-15,9:30 AM,Derailment,0,POLO,MO,50,2,Day,Clear,Main,Spec. MoW Equip.,3,159,11764,11923,H702,39.59183,-94.012033,43.1,56.6,45.8
BNSF,TC0219110,2019-02-16,11:25 AM,Derailment,0,BROOKSTON,MN,18,2,Day,Cloudy,Main,Freight Train,39,2184224,116919,2301143,E61C,46.77433,-92.48495,6.6,8.1,13.6
BNSF,TC0618103,2018-06-13,8:20 AM,Derailment,0,MINNEAPOLIS,MN,67,1,Dawn,Clear,Yard,Yard/switching,5,4524,21500,26024,H506,45.040113,-93.270136,71.9,70,73
BNSF,HL0722107,2022-07-12,8:30 AM,Derailment,0,ST  JOSEPH,MO,75,1,Dawn,Clear,Yard,Yard/switching,4,6949,10729,17678,H318,39.72206,-94.865767,77.3,72.4,73.2
BNSF,TC0318107,2018-03-10,8:02 PM,Derailment,0,GRAND RAPIDS,MN,30,3,Dusk,Clear,Yard,Light loco(s),10,3300,15572,18872,H307,47.204021,-93.440061,18.9,22.9,29.7
NOPB,NOPB0084F,2024-08-14,10:30 PM,Side collision,0,METAIRE,LA,85,4,Dark,Clear,Yard,Yard/switching,4,18000,0,18000,H302,29.962,-90.18285,88.7,88.8,86.5
BNSF,SF0816113,2016-08-24,7:05 PM,Derailment,0,JONESBORO,AR,80,2,Day,Clear,Yard,Yard/switching,4,4500,23500,28000,H307,35.843425,-90.705397,77,82.1,82.5
ABS,200524001,2020-05-24,3:15 AM,Derailment,0,REFORM,AL,68,4,Dark,Clear,Main,Freight Train,11,13640,0,13640,M404,33.348862,-87.955017,74.8,77.7,80.1
UP,0121LA026,2021-01-25,12:21 PM,Other (describe in narrative),0,CASA GRANDE,AZ,53,2,Day,Rain,Yard,Freight Train,10,11917,466,12383,H318,32.891331,-111.780875,49.6,45.7,44.3
BNSF,HL0724113,2024-07-14,1:40 AM,Derailment,0,BLYTHEVILLE,AR,78,4,Dark,Clear,Yard,Freight Train,6,621,48190,48811,H607,35.920953,-89.826799,83.4,84,84.1
NS,135453,2019-09-11,9:15 AM,Derailment,0,IRONDALE,AL,92,2,Day,Clear,Yard,Freight Train,3,3857,12000,15857,H504,33.548905,-86.67801,85.4,82.2,83.2
UP,0115LK020,2015-01-24,8:11 AM,Derailment,0,TEXARKANA,AR,31,2,Day,Cloudy,Yard,Yard/switching,6,1108,12216,13324,T219,33.418561,-94.037689,42.1,43.3,49.7
RTDC,2015001,2015-07-16,4:25 AM,Derailment,0,DENVER,CO,65,1,Dawn,Clear,Main,,0,0,34900,57900,H306,39.758937,-104.994749,69.2,71.6,74.5
CSX,000190755,2020-06-11,2:15 PM,Derailment,0,ATLANTA,GA,85,2,Day,Clear,Yard,Cut of cars,0,17441,7090,24531,H020,33.794105,-84.417335,76.4,75.3,75.8
NIRC,2019071273,2019-02-26,11:10 AM,Hwy-rail crossing,0,CHICAGO,IL,25,2,Day,Clear,Main,Commuter Train - Pulling,35,15581,2680,18261,M303,41.734894,-87.721375,15.1,21,25.1
IC,1033843,2020-04-30,5:40 PM,Derailment,0,HARVEY,IL,52,2,Day,Cloudy,Yard,Freight Train,2,15680,5040,20720,H702,41.595153,-87.650853,52.1,44.6,52.2
UP,0119MA008,2019-01-10,1:40 PM,Hwy-rail crossing,0,WALDO,AR,50,2,Day,Clear,Industry,Freight Train,18,60953,0,60953,M302,33.32998,-93.308492,45.1,39.9,44
UP,0720MA037,2020-07-24,12:35 AM,Derailment,0,EARLE,AR,76,4,Dark,Cloudy,Main,Freight Train,48,1344788,170107,1514895,T221,35.273429,-90.442598,81.1,82.3,81.9
CSX,000208374,2022-11-16,6:50 AM,Derailment,0,SHELBIANA,KY,32,1,Dawn,Cloudy,Yard,Freight Train,4,18691,208,18899,H702,37.432068,-82.490047,39,35.8,29.4
CP,1000239033,2015-07-17,1:20 AM,Derailment,0,FRUITLAND,IA,74,4,Dark,Cloudy,Main,Freight Train,3,172746,13805,186551,H503,41.36539,-91.11581,72.1,82.1,82.1
BNSF,KS0621115,2021-06-29,12:23 PM,Derailment,0,EMPORIA,KS,75,2,Day,Rain,Yard,Freight Train,5,27201,8999,36200,H514,38.400904,-96.197876,73.4,73.3,75.9
ATK,163493,2020-03-13,11:41 PM,Obstruction,0,PONDERAY,ID,21,4,Dark,Snow,Main,Passenger Train - Pulling,80,13692,0,13692,M404,48.330631,-116.560257,33,29,17.4
UP,0317WH007,2017-03-14,9:50 AM,Hwy-rail crossing,0,POCASSET,OK,45,2,Day,Clear,Main,Freight Train,29,34103,0,34103,M302,35.188122,-97.950639,42.7,40.8,43.7
ALS,0623AS009,2023-06-20,4:45 AM,Derailment,0,CENTREVILLE,IL,67,1,Dawn,Clear,Yard,Freight Train,3,39500,34952,140552,E4AC,38.587598,-90.129105,75.8,77.8,77.7
UP,0916CB002,2016-09-03,9:38 AM,Derailment,0,COUNCIL BLUFFS,IA,70,2,Day,Clear,Yard,Yard/switching,6,6705,70755,77460,E29C,41.250126,-95.884302,66.8,67.3,70.7
UP,0820MA001,2020-08-02,10:50 PM,Derailment,0,NORTH LITTLE ROCK,AR,76,4,Dark,Cloudy,Yard,Yard/switching,10,6083,109804,115887,E64C,34.772003,-92.230169,77.4,77,77.5
ATK,175417,2023-07-07,1:10 PM,Hwy-rail crossing,0,TAMPA,FL,94,2,Day,Clear,Main,Passenger Train - Pulling,73,6574,0,16550,M308,27.966051,-82.365054,86.3,85.9,83.8
ALS,0423AS010,2023-04-13,1:30 PM,Raking collision,0,EAST ST LOUIS,IL,65,2,Day,Clear,Yard,Yard/switching,5,591,33,624,H99E,38.596331,-90.162255,66,63.7,67.1
UP,0720GL002,2020-07-02,9:30 PM,Derailment,0,COUNCIL BLUFFS,IA,79,4,Dark,Clear,Yard,Yard/switching,10,16290,12442,28732,H702,41.25009,-95.886772,77,78.3,80
UP,0518PR016,2018-05-18,7:20 AM,Derailment,0,ROCHELLE,IL,63,2,Day,Cloudy,Yard,Yard/switching,3,85348,297,85645,M405,41.905287,-89.108719,66,62.3,63.8
BRC,14179,2018-10-03,4:40 AM,Derailment,0,BEDFORD PARK,IL,65,4,Dark,Clear,Yard,Freight Train,3,9500,2207,11707,H702,41.767687,-87.754022,62.8,74.8,61.3
UP,0618LK014,2018-06-09,5:30 PM,Other impacts,0,NORTH LITTLE ROCK,AR,89,2,Day,Cloudy,Yard,Yard/switching,6,1666,33,30455,E32C,34.772567,-92.233194,78.1,77.7,80.2
IANR,PLD0810201,2020-08-10,12:53 PM,Derailment,0,PALO,IA,80,2,Day,Rain,Industry,Cut of cars,0,108199,250,108449,M105,42.086796,-91.80373,77.6,71.7,69.6
UP,0515PR023,2015-05-22,10:59 AM,Other (describe in narrative),0,NORTHLAKE,IL,65,2,Day,Clear,Yard,Single Car,10,48096,0,48096,H601,41.895953,-87.907423,55.9,57.1,65.2
CSX,000164878,2016-12-05,5:45 AM,Derailment,0,WAYCROSS,GA,70,4,Dark,Rain,Yard,Yard/switching,7,14838,2316,17154,H309,31.205611,-82.363511,64.6,68.9,73.9
UP,0615CB004,2015-06-08,9:30 PM,Derailment,0,SIOUX CITY,IA,75,4,Dark,Clear,Yard,Yard/switching,6,74947,109962,184909,T220,42.51917,-96.380221,69.7,74,80.7
CPKC,1002146114,2024-08-01,12:20 PM,Hwy-rail crossing,0,PLEASANT VALLEY,IA,82,2,Day,Clear,Main,,0,0,30,20030,M302,41.567392,-90.427805,77.1,77.5,76.6
NICD,N2100022,2021-10-15,5:22 PM,Hwy-rail crossing,0,GARY,IN,68,3,Dusk,Cloudy,Main,Passenger Train - Pulling,60,26791,0,26791,M308,41.605541,-87.371959,64.9,58.4,50.9
BNSF,PR1214119,2014-12-30,3:22 AM,Derailment,0,WALSENBURG,CO,-11,4,Dark,Cloudy,Main,,0,0,33679,36477,H702,37.625702,-104.781492,14.6,0.7,4.1
MBTA,3026,2015-11-20,11:06 AM,Hwy-rail crossing,0,NEWBURY,MA,59,2,Day,Clear,Main,Passenger Train - Pushing,24,14194,6803,20997,M304,42.790505,-70.875761,48.6,53.4,38.7
BNSF,KS0323108,2023-03-11,4:20 PM,Derailment,0,LA JUNTA,CO,60,2,Day,Clear,Yard,Freight Train,6,213913,7594,221507,H008,37.989543,-103.543392,46.2,48.9,38.3
UP,0419GP007,2019-04-03,8:15 AM,Hwy-rail crossing,0,PLATTEVILLE,CO,37,2,Day,Cloudy,Main,Freight Train,46,63053,99,63152,M303,40.260846,-104.799834,45.3,49.1,49.4
UP,0315NP001,2015-03-03,12:49 PM,Derailment,0,NORTH PLATTE,NE,29,2,Day,Clear,Yard,Yard/switching,4,17766,66,17832,H303,41.15089,-100.809998,30.3,25.4,17.9
PW,150602,2015-06-15,5:35 AM,Derailment,0,GROTON,CT,60,1,Dawn,Cloudy,Yard,Freight Train,8,32200,8200,40400,H704,41.366341,-72.082479,68.2,61.9,62.9
ATK,148383,2017-07-11,3:16 PM,Hwy-rail crossing,0,SEBRING,FL,88,2,Day,Cloudy,Main,Passenger Train - Pulling,71,11477,0,11574,M308,27.437746,-81.240266,81.5,81.3,79
BNSF,PR0419108,2019-04-11,2:33 PM,Derailment,0,LONGMONT,CO,45,2,Day,Clear,Yard,Freight Train,9,26800,12000,38800,T221,40.180671,-105.162096,39,33.2,34.6