reportingrailroadcode,accidentnumber,date,time,accidenttype,hazmatreleasedcars,station,stateabbr,temperature,visibility_code,visibility,weathercondition,tracktype,equipmenttype,trainspeed,equipmentdamagecost,trackdamagecost,totaldamagecost,primaryaccidentcausecode,latitude,longitude,prior_temp,actual_temp,following_temp
BNSF,KS1019107,2019-10-13,7:25 AM,Derailment,0,ABILENE,KS,45,1,Dawn,Clear,Industry,Freight Train,8,28896,0,28896,H307,38.915447,-97.221002,46.7,48.4,57.8
CSX,000162016,2016-08-10,10:30 AM,Derailment,0,FALMOUTH,KY,85,2,Day,Clear,Main,Freight Train,36,1256825,285911,1542736,H218,38.676943,-84.335411,76.5,79.5,81.3
ATK,167720,2021-07-15,9:29 PM,Hwy-rail crossing,0,PALATKA,FL,77,3,Dusk,Clear,Main,Passenger Train - Pulling,75,40466,0,59279,M302,29.745547,-81.642086,80.6,80.7,80.8
CSX,000169765,2017-06-21,9:00 AM,Hwy-rail crossing,0,GRANTVILLE,GA,72,2,Day,Rain,Main,Freight Train,33,5000,8722,13722,M303,33.234376,-84.83511,74.3,72.8,76.3
KCS,16100102,2016-10-01,9:35 AM,Derailment,0,SHREVEPORT,LA,72,2,Day,Clear,Yard,Yard/switching,3,5087,27253,32340,H504,32.540971,-93.841728,67.7,69.1,70.6
ATK,157589,2019-02-12,2:45 AM,Hwy-rail crossing,0,PEABODY,KS,29,4,Dark,Clear,Main,Passenger Train - Pulling,79,27135,0,27385,M302,38.188172,-97.045127,34.3,34.9,42.7
CSX,000168943,2017-05-17,4:27 PM,Hwy-rail crossing,0,EAST POINT,GA,88,2,Day,Clear,Main,Freight Train,30,10611,589,11200,M308,33.649104,-84.520758,78.5,78.5,80.1
LAS,170605003,2017-06-05,1:00 PM,Derailment,0,MINDEN,LA,85,2,Day,Clear,Yard,Yard/switching,6,5500,12000,17500,T220,32.6101,-93.291546,74.6,75.2,76.1
CSX,000200444,2021-10-03,11:40 AM,Hwy-rail crossing,0,DOVER,FL,87,2,Day,Clear,Main,,0,0,0,26513,M308,27.997215,-82.207401,80.1,78.1,78.5
NS,115084,2015-04-01,3:20 AM,Derailment,0,PERU,IN,39,4,Dark,Clear,Yard,Freight Train,4,12621,1100,13721,H303,40.770632,-86.022997,49.3,50.7,56.7
NS,114825,2015-03-14,5:25 AM,Other impacts,0,ELKHART,IN,43,1,Dawn,Fog,Yard,Yard/switching,4,84000,0,173572,M407,41.677391,-85.978436,42.7,44.3,42.6
ATK,156193,2018-11-08,10:39 AM,Hwy-rail crossing,0,PALATKA,FL,82,2,Day,Clear,Main,Passenger Train - Pulling,73,35841,0,35938,M304,29.745547,-81.642086,74.4,73.8,75
FEC,D47100520,2020-10-05,2:15 AM,Derailment,0,TITUSVILLE,FL,85,4,Dark,Cloudy,Yard,Yard/switching,8,35000,5746,40746,H018,28.531203,-80.791989,77.1,79.2,81.2
CSX,000176066,2018-04-29,3:12 PM,Derailment,0,JACKSONVILLE,FL,78,2,Day,Clear,Main,Yard/switching,2,111463,556,112019,M405,30.332804,-81.683666,71.7,70.9,69.9
BLF,20233644,2023-11-22,8:29 PM,Hwy-rail crossing,0,JENSEN BEACH,FL,77,4,Dark,Clear,Main,Passenger Train - Pulling,60,16000,0,16000,M308,27.243862,-80.227399,76.3,75.9,69.9
TPW,TPW587823D,2023-10-30,11:15 AM,Derailment,0,EAST PEORIA,IL,40,2,Day,Cloudy,Yard,Yard/switching,11,109854,15822,125676,M204,40.66734,-89.55916,41.4,34.9,32.3
NS,154835,2023-11-19,8:20 PM,Other impacts,0,ELKHART,IN,25,4,Dark,Clear,Yard,Yard/switching,5,12006,0,12006,H507,41.677392,-85.978437,37.1,41,41.3
NS,114825,2015-03-14,5:25 AM,Other impacts,0,ELKHART,IN,43,1,Dawn,Fog,Yard,Yard/switching,2,32200,57372,173572,M407,41.677391,-85.978436,42.7,44.3,42.6
ATK,136061,2015-01-26,8:30 PM,Fire/violent rupture,0,HOLBROOK,AZ,37,4,Dark,Clear,Main,Passenger Train - Pulling,90,11484,0,11484,M406,34.95391,-109.986806,34.6,37.5,45.9
UP,1019ST029,2019-10-30,1:15 AM,Derailment,0,TUCSON,AZ,54,4,Dark,Clear,Yard,Freight Train,3,4290,7283,11573,H702,32.202868,-110.938868,60,54.1,58.3
CSX,000173674,2017-12-24,7:50 PM,Derailment,0,ROCKY MOUNT,NC,45,3,Dusk,Clear,Yard,Yard/switching,6,18731,264,18995,M405,35.918853,-77.804447,59.2,49.4,40.5
BNSF,TC0423112,2023-04-07,7:55 PM,Derailment,0,SPIRITWOOD,ND,38,3,Dusk,Clear,Main,Freight Train,54,42941,3600,46541,M501,46.935035,-98.468013,17,21.9,24.9
NS,142462,2021-08-07,1:20 PM,Derailment,0,ATLANTA,GA,82,2,Day,Clear,Yard,Yard/switching,6,12163,149529,161692,H303,33.793527,-84.444462,76.9,76.7,77.8
KCS,17071105,2017-07-11,9:30 PM,Fire/violent rupture,0,PORT ALLEN,LA,73,4,Dark,Cloudy,Main,,0,0,0,17681,E74L,30.506607,-91.204604,76.4,76.6,78.6
ATK,176995,2023-10-27,1:45 PM,Raking collision,0,CHICAGO,IL,65,2,Day,Cloudy,Main,Yard/switching,10,11000,5431,16431,H999,41.87909,-87.64012,66.9,63.3,45.9
NS,122971,2016-12-02,7:15 AM,Hwy-rail crossing,0,FAIRFIELD,OH,72,1,Dawn,Clear,Main,Freight Train,40,30,20698,20728,M303,39.357891,-84.519298,40.6,39.1,38.4
ATK,141965,2016-04-14,9:58 AM,Hwy-rail crossing,0,GALVA,IL,60,2,Day,Clear,Main,Passenger Train - Pulling,75,154868,0,154868,M302,41.152833,-90.073888,49.1,54,60.6
UP,0624HL020,2024-06-14,12:15 PM,Derailment,0,PARSONS,KS,89,2,Day,Clear,Yard,Yard/switching,5,9350,46809,56159,H702,37.346522,-95.269687,80.7,84.4,83.4
BNSF,TC0624105,2024-06-10,5:50 AM,Derailment,0,SIOUX CITY,IA,82,1,Dawn,Clear,Main,,0,0,65000,119690,H702,42.488236,-96.38123,68.2,68,76.6
CSX,000219579,2024-07-28,9:00 PM,Derailment,0,SAVANNAH,GA,80,4,Dark,Clear,Yard,Yard/switching,7,21146,1468,22614,H601,32.02769,-81.148832,81.5,82,80.9
FEC,X21112321,2021-11-23,9:56 AM,Hwy-rail crossing,0,DELRAY BEACH,FL,73,2,Day,Clear,Main,,0,0,253,11208,M308,26.461654,-80.070318,73.6,65.4,66.9
CSX,000150393,2015-08-10,3:50 AM,Derailment,0,PENSACOLA,FL,79,1,Dawn,Clear,Main,Freight Train,2,84325,39056,123381,H503,30.454135,-87.228817,81.2,84.1,84.6
ALS,201811262,2018-11-26,1:45 AM,Derailment,0,EAST ST LOUIS,IL,30,4,Dark,Sleet,Yard,Yard/switching,2,16500,2237,18737,M405,38.890603,-90.184276,49.3,28.2,23.1
WC,1114115,2022-09-16,12:37 PM,Derailment,0,MUNDELEIN,IL,84,2,Day,Clear,Industry,Freight Train,5,7000,4975,11975,H303,42.245802,-87.985425,68.2,72,75.3
CSX,000163182,2016-03-01,10:15 AM,Obstruction,0,WEST PALM BEACH,FL,75,2,Day,Clear,Main,,0,0,1000,221180,M404,26.863321,-80.233235,67.9,69.8,72.8
CSX,000149792,2015-07-27,10:01 AM,Hwy-rail crossing,0,DEMOCRAT,KY,80,2,Day,Clear,Main,Freight Train,23,11229,1953,13182,M302,37.22223,-82.856246,75.9,76.5,78
UP,0718TC005,2018-07-05,7:00 PM,Derailment,0,GRINNELL,IA,85,3,Dusk,Clear,Main,Freight Train,24,5017,309988,315005,M405,41.766007,-92.717876,80.4,77.5,72.1
BNSF,CH0417101,2017-04-04,6:00 PM,Derailment,0,EOLA,IL,55,3,Dusk,Cloudy,Yard,Yard/switching,8,20400,51415,71815,T222,41.772487,-88.25615,49.8,49,42.7
UP,0415ST023,2015-04-18,1:29 PM,Obstruction,0,DEMING,NM,71,2,Day,Clear,Yard,Spec. MoW Equip.,3,20000,16500,36500,H997,32.278886,-107.70631,51.4,56.7,62.2
CSX,000173700,2017-12-29,11:00 PM,Side collision,0,FLORENCE,SC,35,4,Dark,Cloudy,Yard,Cut of cars,10,10166,0,11780,H021,34.198275,-79.762502,32.6,33.5,40.9
CSX,000187336,2019-12-22,5:15 AM,Derailment,0,CINCINNATI,OH,32,4,Dark,Clear,Main,Freight Train,24,491306,75263,566569,E29C,39.093676,-84.650368,36.2,35.7,38.9
RJCV,RJCV2001,2020-02-14,1:35 PM,Derailment,0,MOUNT HOPE,WV,35,2,Day,Clear,Main,Freight Train,7,25300,9000,34300,T212,37.9206,-81.158,43.6,23.6,26.7
NS,124424,2017-03-21,2:30 AM,Derailment,0,MEMPHIS,TN,63,4,Dark,Clear,Yard,Yard/switching,3,11887,2277,14164,H702,35.115734,-89.981446,70.1,69.4,53.9
ATK,156667,2018-12-10,5:35 PM,Hwy-rail crossing,0,SHENANDOAH JUNCTION,WV,32,4,Dark,Clear,Main,Passenger Train - Pulling,60,66884,0,66884,M302,39.362899,-77.864881,27.6,25.6,30
BNSF,HL1219109,2019-12-22,9:10 AM,Derailment,0,MEMPHIS,TN,33,2,Day,Rain,Yard,Yard/switching,4,19745,500,20245,E24C,35.027529,-89.895,47.5,48.8,53.5
BNSF,PR1218115,2018-12-28,11:32 PM,Derailment,0,MOORCROFT,WY,12,4,Dark,Clear,Main,Freight Train,21,10000,255000,265000,E06C,44.187533,-104.821471,16.9,12.6,22.5
CSX,000215558,2024-01-14,4:00 AM,Obstruction,0,STAUNTON,VA,31,1,Dawn,Clear,Main,Freight Train,30,19258,0,19258,M404,38.147109,-79.090714,37.4,32.5,26.5
BNSF,NW1214111,2014-12-15,12:40 AM,Derailment,0,TACOMA,WA,32,4,Dark,Clear,Yard,Freight Train,4,13117,1000,14117,H607,46.894916,-122.8625,40.9,45,44.2
UP,0918PR014,2018-09-14,10:25 AM,Hwy-rail crossing,0,GRAND MARSH,WI,79,2,Day,Clear,Main,Freight Train,35,29026,66,29092,M303,43.894042,-89.717683,66.8,69.9,73
BNSF,SW0816104,2016-08-06,6:00 PM,Derailment,0,GALLUP,NM,82,3,Dusk,Clear,Yard,Freight Train,8,22762,500,23262,H607,35.519998,-108.769932,66.8,68.7,69.7
UP,0516NP010,2016-05-12,8:00 PM,Fire/violent rupture,0,SHAWNEE,WY,60,3,Dusk,Clear,Main,Freight Train,0,25610,0,25610,E79L,42.868623,-105.244967,42,48.9,42.1
NS,123665,2017-01-22,10:15 PM,Other (describe in narrative),0,NORFOLK,VA,60,4,Dark,Rain,Yard,Light loco(s),8,60,26922,26982,H702,36.87191,-76.295127,50,49.9,53
CSX,000213420,2023-09-11,1:05 PM,Derailment,0,MARTINSBURG,WV,86,2,Day,Clear,Main,Freight Train,36,3676,34017,37693,E53C,39.447328,-77.918992,68.2,72,68.9
NS,114539,2015-02-26,6:30 AM,Derailment,0,HARRISBURG,PA,25,1,Dawn,Clear,Yard,Yard/switching,4,51598,1800,53398,H704,40.287835,-76.889314,23.8,26.9,22.2
ATK,174668,2023-05-10,12:13 PM,Obstruction,0,GREAT CACAPON,WV,70,2,Day,Clear,Main,Passenger Train - Pulling,53,14386,0,14386,M404,39.587746,-78.394587,58.5,56.7,60.1
UP,1218SX025,2018-12-29,7:50 AM,Derailment,0,HEARNE,TX,47,1,Dawn,Cloudy,Yard,Yard/switching,9,59126,47267,106393,H303,30.867027,-96.583415,51.1,47.9,46.1
NS,133382,2019-03-29,6:20 AM,Hwy-rail crossing,0,BESSEMER CITY,NC,40,1,Dawn,Clear,Main,Freight Train,25,8968,2375,11343,M303,35.285974,-81.266755,50,58.1,65.7
BNSF,HL0418119,2018-04-27,12:30 AM,Derailment,0,NORTH KANSAS CITY,MO,42,4,Dark,Clear,Yard,Freight Train,0,10000,51000,62250,E4BC,39.125275,-94.496551,55,62,60
NS,139611,2020-11-01,9:16 PM,Derailment,0,BRAMWELL,WV,40,4,Dark,Cloudy,Main,Freight Train,12,60000,215616,275616,H019,37.325842,-81.330567,40.1,45.8,31.6
UP,0519ES049,2019-05-24,3:22 AM,Derailment,0,PYOTE,TX,76,4,Dark,Clear,Main,Spec. MoW Equip.,20,12324,0,12324,E68C,31.527191,-103.141379,84.8,80,78.2
FOXY,230302006,2023-03-02,8:20 PM,Derailment,0,GREEN BAY,WI,25,4,Dark,Clear,Industry,Yard/switching,8,17542,175,17717,H503,44.525392,-87.999759,33.9,28.4,27.9
CP,1000502394,2017-01-24,8:05 PM,Derailment,0,SUPERIOR,WI,32,4,Dark,Cloudy,Yard,Yard/switching,10,6458,1382,388787,E40C,46.727088,-92.084272,35.5,32.9,30.1
UP,0416PR002,2016-04-10,4:50 PM,Derailment,0,WAUWATOSA,WI,46,2,Day,Cloudy,Yard,Freight Train,2,22263,27893,50156,M405,43.088123,-88.062024,27.6,39.5,42.8
BNSF,NW0122109,2022-01-07,5:30 PM,Derailment,0,PASCO,WA,35,3,Dusk,Clear,Industry,Yard/switching,2,28215,0,28215,H210,46.259546,-119.087,28.6,41.2,37.5
WC,952357,2018-03-10,2:30 AM,Other (describe in narrative),0,FOND DU LAC,WI,26,4,Dark,Clear,Yard,Yard/switching,4,0,14990,14990,H318,43.822223,-88.479263,27,27.9,31.3
UP,0517NP002,2017-05-03,9:03 AM,Fire/violent rupture,0,MANVILLE,WY,38,2,Day,Cloudy,Main,Freight Train,0,139900,0,139900,E73L,42.757193,-104.816563,44.1,44.9,52.6
CSX,000189993,2020-04-30,3:51 PM,Obstruction,0,DANVILLE,WV,62,2,Day,Rain,Main,Freight Train,18,32722,0,32722,M404,38.015263,-81.827944,64,51.4,48.5
BNSF,NW0819105,2019-08-07,1:00 PM,Derailment,0,PASCO,WA,98,2,Day,Clear,Yard,Freight Train,4,4200,7600,11800,H702,46.263197,-119.098861,79.6,84.5,81.2
ATK,173843,2023-02-14,8:10 PM,Derailment,0,SEATTLE,WA,35,4,Dark,Cloudy,Yard,Passenger Train - Pulling,2,43624,7400,51024,H307,47.5861,-122.332013,42.2,36.5,36
UP,1018PD020,2018-10-27,1:00 AM,Derailment,0,TOUCHET,WA,48,4,Dark,Cloudy,Industry,,0,0,23528,148528,T216,46.108064,-118.914678,59.3,55.8,53.7
BNSF,RD0622208,2022-06-29,9:56 AM,Hwy-rail crossing,0,RHOME,TX,93,2,Day,Clear,Main,Freight Train,40,4000,25000,29000,M302,33.026276,-97.44442,81.4,81.8,85.9
UP,0823GC022,2023-08-31,5:00 AM,Derailment,0,BEAUMONT,TX,72,1,Dawn,Clear,Yard,Freight Train,5,6261,9680,15941,E64C,30.012471,-94.078097,86.1,84,85.3
WC,860411,2015-07-27,10:40 PM,Derailment,0,APPLETON,WI,80,4,Dark,Clear,Yard,Freight Train,8,16400,4807,21207,H704,44.266533,-88.435949,73.9,75,76.1
NS,154989,2023-12-07,9:51 PM,Hwy-rail crossing,0,RIPPLEMEAD,VA,32,4,Dark,Clear,Main,Freight Train,35,0,20787,20787,M302,37.332996,-80.678746,35,38.3,44.5
UP,0516UT010,2016-05-24,11:15 PM,Derailment,0,SALT LAKE CITY,UT,47,4,Dark,Clear,Yard,Freight Train,5,23947,0,23947,E64L,40.800782,-111.9193,56.3,59.6,59.1
PTRA,2019000014,2019-06-10,10:15 PM,Derailment,0,HOUSTON,TX,80,4,Dark,Clear,Yard,Cut of cars,10,20000,2200,22200,H318,29.766811,-95.293268,88.5,84.9,80.9
UP,0217UT010,2017-02-13,11:45 PM,Derailment,0,RIVERDALE,UT,26,4,Dark,Clear,Yard,Yard/switching,5,8159,30385,38544,H524,41.184655,-111.990043,31.5,29.7,32.8
UP,0223RM006,2023-02-05,7:43 AM,Derailment,0,OGDEN,UT,30,2,Day,Cloudy,Yard,Freight Train,3,266240,34611,300851,H306,41.213316,-111.983614,27.9,30.4,31.2
UP,1216ST013,2016-12-26,3:50 AM,Derailment,0,EL PASO,TX,36,4,Dark,Clear,Yard,Freight Train,4,14760,250,15010,H307,31.762909,-106.399943,45.6,40.7,44.1
UP,0122SX001,2022-01-03,5:30 PM,Derailment,0,SAN ANTONIO,TX,55,2,Day,Clear,Yard,Yard/switching,10,32722,55101,87823,H707,29.372438,-98.560651,41.1,41.3,51.6
UP,0818HO036,2018-08-13,11:40 AM,Derailment,0,SUGAR LAND,TX,97,2,Day,Clear,Main,,0,0,426137,433683,E03C,29.622205,-95.625661,84.8,86.4,86.2
UP,0224SX016,2024-02-20,4:10 AM,Derailment,0,EAGLE PASS,TX,54,1,Dawn,Clear,Yard,Freight Train,5,60451,23950,84401,H524,28.7801,-100.470948,56.4,63.4,69.1
BNSF,NW1115118,2015-11-17,3:42 PM,Obstruction,0,TACOMA,WA,40,2,Day,Clear,Main,,0,0,0,30629,M404,47.23598,-122.395747,41.6,51.3,44.6
DCTA,DCTA00006F,2023-12-05,1:00 AM,Other (describe in narrative),0,LEWISVILLE,TX,53,4,Dark,Clear,Main,,0,0,18377,18877,E99L,33.05424,-96.99252,51.5,52.6,52.4
UP,0623TO010,2023-06-09,10:54 AM,Hwy-rail crossing,0,FORT WORTH,TX,83,2,Day,Clear,Main,Freight Train,15,28725,63185,91910,M302,32.73003,-97.364779,78.6,82.9,85.6
UP,0821HO009,2021-08-09,2:30 PM,Derailment,0,HOUSTON,TX,95,2,Day,Cloudy,Yard,Freight Train,6,6717,14092,20809,E40C,29.79303,-95.293833,85.1,85.6,85.9
BNSF,NW0516116,2016-05-25,1:00 PM,Other (describe in narrative),0,WENATCHEE,WA,83,2,Day,Clear,Siding,Maint./inspect Car,6,20000,0,20000,H997,47.372385,-120.197104,63.2,65.7,62.2
CSX,000218788,2024-06-21,1:20 AM,Derailment,0,NEWPORT NEWS,VA,71,4,Dark,Clear,Yard,Freight Train,5,30000,0,30000,M501,37.017219,-76.448281,75.6,79.5,84.9
TSWS,77720171,2017-04-02,6:43 AM,Derailment,0,SALT LAKE CITY,UT,45,1,Dawn,Rain,Yard,Yard/switching,7,335032,30499,365531,H525,40.751312,-112.001007,52.8,47.4,44.2
PTRA,2022000011,2022-03-02,5:50 PM,Derailment,0,DEER PARK,TX,70,2,Day,Clear,Industry,Freight Train,7,115000,2500,117500,H303,29.72052,-95.15513,56.2,59,63.7
ATK,180075,2024-05-05,1:13 PM,Obstruction,0,MILLBORO,VA,74,2,Day,Clear,Main,Passenger Train - Pulling,60,20264,0,20264,M404,37.950485,-79.64746,56.2,58.2,63
CSX,000158299,2016-03-03,11:10 PM,Derailment,0,LAUREL HILL,NC,55,4,Dark,Clear,Main,Freight Train,29,48870,1356,50226,E39C,34.806638,-79.54176,53.1,42,45
TRE,18007,2018-08-25,12:09 PM,Hwy-rail crossing,0,FORT WORTH,TX,97,2,Day,Clear,Main,Commuter Train - Pulling,75,210000,960,210960,M308,32.810828,-97.090454,89.7,88.5,87.9
UP,0515LV001,2015-05-03,6:45 PM,Derailment,0,BEAUMONT,TX,75,3,Dusk,Clear,Yard,,0,0,40997,115859,H607,30.076043,-94.107324,70.5,69.9,71.4
ATK,179358,2024-04-15,5:22 PM,Other (describe in narrative),0,METUCHEN,NJ,75,2,Day,Clear,Main,Passenger Train - Pulling,110,27389,20542,47931,E78L,40.539689,-74.364237,59.9,68.8,61.7
UP,0415FW015,2015-04-15,4:15 PM,Derailment,0,ARLINGTON,TX,84,2,Day,Clear,Yard,Freight Train,7,2010,12170,14180,E41C,32.739304,-97.046222,58.3,64.4,68.7
CSX,000162089,2016-08-14,3:23 AM,Derailment,0,NEW CASTLE,PA,78,4,Dark,Fog,Main,Freight Train,21,37194,26700,63894,E79L,40.991839,-80.400151,79.9,74.2,73.8
CSX,000158293,2016-03-17,7:00 PM,Derailment,0,WALPOLE,MA,48,3,Dusk,Cloudy,Yard,Freight Train,4,2064,0,20126,T217,42.147659,-71.258984,45.7,49.7,45.3
UP,1021ES055,2021-10-25,12:23 PM,Hwy-rail crossing,0,PLAQUEMINE,LA,82,2,Day,Clear,Industry,Spec. MoW Equip.,5,39044,33,39077,M302,30.238278,-91.203884,74.4,74.4,71.6
UP,0515FW009,2015-05-16,10:20 AM,Fire/violent rupture,0,FORT WORTH,TX,78,2,Day,Cloudy,Yard,Single Car,0,24590,0,24590,E99C,32.767257,-97.323313,75.2,76.7,72.9
TCT,580274,2017-11-30,5:20 PM,Raking collision,0,TEXAS CITY,TX,68,3,Dusk,Clear,Yard,Yard/switching,4,15050,0,15050,H306,29.355408,-94.931848,65.8,66.1,63.9
UP,1216ES010,2016-12-18,2:30 PM,Obstruction,0,BRYAN,TX,29,2,Day,Clear,Main,Spec. MoW Equip.,10,12739,0,12739,M404,30.701062,-96.392203,67.4,29.8,32
CSX,000187050,2019-12-09,5:25 PM,Hwy-rail crossing,0,BONNEAU,SC,65,3,Dusk,Cloudy,Main,Freight Train,36,47435,19614,67049,M304,33.401567,-79.923892,47.1,56.5,67.2
UP,0321MA043,2021-03-19,4:46 PM,Hwy-rail crossing,0,ELKHART,IL,51,2,Day,Cloudy,Main,,0,0,15085,29124,M303,40.022852,-89.481446,41.6,39.2,41.8
KCS,16062803,2016-06-28,3:29 PM,Derailment,0,TEXARKANA,TX,95,2,Day,Clear,Industry,Yard/switching,10,28708,52049,80757,H703,33.252506,-94.069565,81.8,81.1,81.5
NS,157626,2022-09-17,10:20 PM,Derailment,0,MEMPHIS,TN,80,4,Dark,Clear,Yard,,0,0,0,17406,H503,35.12339,-90.023393,78.7,78.7,80.8
NS,140191,2021-01-01,12:30 PM,Derailment,0,EAST MOUNT CARMEL,IN,44,2,Day,Cloudy,Industry,Freight Train,1,12017,0,12017,M101,38.364957,-87.787158,29.7,38.6,36
UP,0815ES004,2015-08-06,7:30 AM,Obstruction,0,PENDLETON,OR,60,2,Day,Clear,Main,Spec. MoW Equip.,15,13852,0,23545,H212,45.696997,-118.399321,72,67.2,68.8
NS,117740,2015-10-11,6:30 PM,Other impacts,0,CHICAGO,IL,72,3,Dusk,Clear,Yard,Freight Train,5,22775,0,24375,H307,41.722569,-87.547237,55.3,65,66.6
NS,117740,2015-10-11,6:30 PM,Other impacts,0,CHICAGO,IL,72,3,Dusk,Clear,Yard,Yard/switching,0,800,800,24375,H307,41.722569,-87.547237,55.3,65,66.6
BNSF,GC0316104,2016-03-08,10:20 AM,Derailment,0,LACASSINE,LA,72,2,Day,Cloudy,Yard,Yard/switching,10,71435,0,71435,H318,30.237793,-92.936824,66.9,70.2,72.7
UP,0815ES004,2015-08-06,7:30 AM,Obstruction,0,PENDLETON,OR,60,2,Day,Clear,Main,Spec. MoW Equip.,0,9693,0,23545,H212,45.696997,-118.399321,72,67.2,68.8
FEC,X47082824,2024-08-28,12:10 PM,Hwy-rail crossing,0,DANIA BEACH,FL,90,2,Day,Clear,Main,,0,0,402,20929,M308,26.054039,-80.145812,86.2,84.8,80.9
BLF,20245270,2024-08-28,12:10 PM,Hwy-rail crossing,0,DANIA BEACH,FL,90,2,Day,Clear,Main,Passenger Train - Pulling,60,20527,0,20929,M308,26.054039,-80.145812,86.2,84.8,80.9
NS,136097,2019-11-06,9:00 AM,Other impacts,0,WAVERLY,AL,52,2,Day,Clear,Yard,Cut of cars,0,34479,0,34773,H318,32.757799,-85.601338,61.1,61.8,62.1
NS,138695,2020-07-30,9:45 PM,Derailment,0,RICHVALLEY,IN,69,4,Dark,Clear,Main,Freight Train,7,68083,25533,93616,H303,40.789603,-85.902089,76.1,72.8,72.2
UP,0315SL008,2015-03-20,1:10 PM,Other (describe in narrative),0,BROWNSTOWN,IL,45,2,Day,Cloudy,Main,,0,0,0,51000,E39L,39.00797,-88.848063,45.1,45.2,51.9
NS,144801,2022-03-25,4:30 PM,Hwy-rail crossing,0,YORK,AL,75,3,Dusk,Clear,Main,,0,0,12000,33976,M303,32.493335,-88.287165,55.6,56,56.8
CSX,000150659,2015-08-14,10:55 PM,Derailment,0,LOYALL,KY,75,4,Dark,Clear,Yard,Freight Train,6,30765,14936,45701,E40C,36.855335,-83.34749,69.6,70.7,73.8
NS,136097,2019-11-06,9:00 AM,Other impacts,0,WAVERLY,AL,52,2,Day,Clear,Yard,Yard/switching,4,294,0,34773,H318,32.757799,-85.601338,61.1,61.8,62.1
NS,124868,2017-04-29,2:15 PM,Derailment,0,CHICAGO,IL,45,2,Day,Clear,Yard,Light loco(s),3,60,18568,18628,H303,41.722583,-87.547189,50,44.1,44.9
ALS,0123AS024,2023-01-21,9:57 AM,Derailment,0,ST LOUIS,IL,40,2,Day,Clear,Yard,Freight Train,4,90100,0,193360,H503,38.650754,-90.162255,34.6,32.8,36.4
UP,0517SL008,2017-05-15,10:06 PM,Derailment,0,ELKHART,IL,68,4,Dark,Clear,Main,Freight Train,48,1554781,846613,2401394,H994,40.020056,-89.484219,73.1,74.4,76.4
FEC,D52090616,2016-09-06,5:25 PM,Derailment,0,DANIA BEACH,FL,86,2,Day,Clear,Industry,Freight Train,10,25275,10850,36125,H522,26.083503,-80.129257,81.3,78.7,81.5
CFRC,23284,2023-10-11,11:47 AM,Fire/violent rupture,0,DEBARY,FL,80,2,Day,Clear,Main,Spec. MoW Equip.,3,0,15250,20500,M406,28.859821,-81.324054,73.1,76.4,80.9
BNSF,SW0918116,2018-09-13,3:20 PM,Obstruction,0,PETRIFIED FOREST NATIONAL PARK,AZ,80,2,Day,Clear,Main,Spec. MoW Equip.,0,140000,0,160000,H997,35.052511,-109.677168,61.5,62.9,62.9
CFRC,23284,2023-10-11,11:47 AM,Fire/violent rupture,0,DEBARY,FL,80,2,Day,Clear,Main,Spec. MoW Equip.,3,0,5250,20500,M406,28.859821,-81.324054,73.1,76.4,80.9
BNSF,SW0918116,2018-09-13,3:20 PM,Obstruction,0,PETRIFIED FOREST NATIONAL PARK,AZ,80,2,Day,Clear,Main,Spec. MoW Equip.,12,20000,0,160000,H997,35.052511,-109.677168,61.5,62.9,62.9
NS,154837,2023-11-20,3:15 PM,Derailment,0,JACKSONVILLE,FL,68,2,Day,Clear,Siding,Freight Train,16,65300,150,65450,H702,30.549005,-82.352524,67.2,68.4,72.9
NS,154086,2023-08-30,9:50 PM,Obstruction,0,JONESBOROUGH,TN,80,4,Dark,Clear,Main,Freight Train,38,16432,0,16432,M404,36.276273,-82.499459,74.3,73.1,67.9
CSX,000177464,2018-07-06,3:40 AM,Raking collision,0,LOGANSVILLE,OH,71,4,Dark,Clear,Main,Freight Train,50,15460,0,15660,E29C,40.342357,-83.875531,77.8,70.7,65.4
NS,154011,2023-08-23,9:20 AM,Derailment,0,VALLSCREEK,WV,80,2,Day,Clear,Industry,Freight Train,13,160407,0,160407,H020,37.208728,-81.64843,73.1,72.9,73
NS,137242,2020-02-20,1:05 PM,Derailment,0,MOUNTAIN VIEW,WV,30,2,Day,Cloudy,Main,Freight Train,5,12895,1097,13992,M204,37.535892,-82.050069,36.5,29.2,24.4
ATK,174433,2023-04-18,4:10 PM,Hwy-rail crossing,0,MOODY,TX,74,2,Day,Clear,Main,Passenger Train - Pulling,71,37369,0,37369,M302,31.388065,-97.381804,62.7,67.7,73
NS,156911,2024-05-31,6:40 AM,Obstruction,0,SUFFOLK,VA,67,1,Dawn,Clear,Main,,0,0,0,53277,M404,36.73995,-76.503388,67.7,65,66.3
CSX,000177464,2018-07-06,3:40 AM,Raking collision,0,LOGANSVILLE,OH,71,4,Dark,Clear,Main,Freight Train,50,200,0,15660,E29C,40.342357,-83.875531,77.8,70.7,65.4
NS,121731,2016-08-18,4:00 PM,Hwy-rail crossing,0,LONDONDERRY,OH,84,3,Dusk,Cloudy,Main,Freight Train,34,22200,0,22200,M302,39.285493,-82.938994,72.8,74.8,73.4