reportingrailroadcode,accidentnumber,date,time,accidenttype,hazmatreleasedcars,station,stateabbr,temperature,visibility_code,visibility,weathercondition,tracktype,equipmenttype,trainspeed,equipmentdamagecost,trackdamagecost,totaldamagecost,primaryaccidentcausecode,latitude,longitude,prior_temp,actual_temp,following_temp
BNSF,CA1216100,2016-12-04,9:15 AM,Derailment,0,FRESNO,CA,65,2,Day,Clear,Yard,Freight Train,2,15459,138000,153459,H503,36.712412,-119.771294,44.9,46.3,45.1
BNSF,SW0421201,2021-04-04,2:48 PM,Hwy-rail crossing,0,KINGMAN,AZ,90,2,Day,Clear,Main,Freight Train,63,7608,10000,17608,M302,35.040361,-114.121819,70,72.3,73.1
BNSF,CA0218104,2018-02-10,11:20 PM,Derailment,0,HUGHSON,CA,54,4,Dark,Clear,Main,Freight Train,45,1828827,1199000,3027827,M202,37.60925,-120.885138,57.6,57.1,51.7
BNSF,CA1017117,2017-10-26,2:00 AM,Derailment,0,STOCKTON,CA,59,4,Dark,Clear,Yard,,0,0,2700,342700,H702,37.908433,-121.179146,68.1,68.3,67.8
ATK,138850,2015-08-20,2:45 PM,Hwy-rail crossing,0,KNIGHTSEN,CA,81,2,Day,Clear,Main,Passenger Train - Pulling,70,28105,0,28105,M302,37.939992,-121.609769,70.6,70,70.3
ATK,159634,2019-06-19,6:40 PM,Obstruction,0,GOLETA,CA,68,2,Day,Cloudy,Main,Passenger Train - Pushing,68,12025,0,12388,M404,34.439024,-119.762278,63,62.7,63
NCTC,11032015,2015-11-03,4:48 AM,Other (describe in narrative),0,SAN DIEGO,CA,63,4,Dark,Cloudy,Main,Spec. MoW Equip.,6,0,31037,31037,H702,32.915654,-117.237068,67.7,63.9,62.4
PCMZ,20150115C,2015-01-15,5:55 PM,Obstruction,0,BURLINGAME,CA,65,4,Dark,Clear,Main,Commuter Train - Pulling,60,100000,250,100250,M402,37.587737,-122.363118,52.1,52.4,53.5
BNSF,CA0818102,2018-08-08,4:30 AM,Derailment,0,VICTORVILLE,CA,78,1,Dawn,Clear,Yard,Freight Train,4,10000,17025,27025,H307,34.538587,-117.294387,81.7,79,78
BNSF,CA0415100,2015-04-05,6:00 AM,Derailment,0,FRESNO,CA,55,4,Dark,Clear,Yard,Yard/switching,7,2000,212241,214241,H307,36.695911,-119.75067,62.7,57.7,56.5
UP,0316RS033,2016-03-24,7:30 PM,Hwy-rail crossing,0,KING CITY,CA,57,4,Dark,Clear,Main,,0,0,0,26238,M302,36.070457,-120.935252,53.9,55.2,57.1
PHL,2018062901,2018-06-29,8:15 PM,Derailment,0,LONG BEACH,CA,68,3,Dusk,Clear,Main,Freight Train,8,200000,200000,400000,H505,33.783914,-118.228657,67.4,67.5,67.9
UP,0619NC064,2019-06-30,10:50 AM,Other (describe in narrative),0,FRENCH CAMP,CA,90,2,Day,Clear,Main,,0,0,24856,24856,H702,37.849795,-121.264168,73.7,75.4,73.2
UP,0818RS054,2018-08-28,4:30 PM,Fire/violent rupture,0,MADERA,CA,90,2,Day,Clear,Main,Freight Train,50,15509,150,15659,E73L,37.020182,-120.129423,74.6,74.3,74.7
BNSF,CA0619117,2019-06-25,12:40 PM,Derailment,0,BARSTOW,CA,90,2,Day,Clear,Yard,Light loco(s),3,15000,3400,18400,H307,34.891616,-117.080145,85.3,83.5,82.9
BNSF,SW0421105,2021-04-23,5:03 PM,Derailment,0,TOPOCK,AZ,93,3,Dusk,Clear,Main,Freight Train,31,110966,50000,160966,M204,34.71819,-114.482793,73.5,78,80.5
BNSF,CA0818103,2018-08-09,7:28 AM,Derailment,0,BARSTOW,CA,75,1,Dawn,Clear,Yard,Yard/switching,7,61411,2000,63411,H523,34.90401,-117.027365,91.8,90.6,89.5
UP,1117RS003,2017-11-02,8:19 PM,Derailment,0,FREMONT,CA,63,4,Dark,Clear,Yard,Yard/switching,7,102054,3630,105684,H511,37.486864,-121.931843,57.7,57.8,60.2
BNSF,CA0619102,2019-06-05,10:44 PM,Derailment,0,SAN BERNARDINO,CA,65,4,Dark,Clear,Main,,0,0,1000,30168,M405,34.327738,-117.486272,66.9,70.2,70.6
BNSF,CA1016204,2016-10-31,6:01 AM,Hwy-rail crossing,0,LATON,CA,75,1,Dawn,Fog,Main,,0,0,100000,128569,M302,36.547288,-119.735764,63.8,56,58.3
UP,0715LA004,2015-07-05,8:33 PM,Other (describe in narrative),0,LOS ANGELES,CA,60,4,Dark,Clear,Yard,Freight Train,6,0,71252,71252,E59L,34.062919,-118.219428,68.4,67.9,67.3
BNSF,CA0716104,2016-07-18,12:25 PM,Other impacts,0,HESPERIA,CA,101,2,Day,Clear,Main,Maint./inspect Car,0,250,0,100250,H104,34.408868,-117.038113,72.5,72,74.1
BNSF,CA0318202,2018-03-09,8:45 AM,Hwy-rail crossing,0,MERCED,CA,60,1,Dawn,Clear,Main,,0,0,500,10980,M308,37.31174,-120.488373,59.5,60,56.1
SMRT,191113,2019-11-13,4:29 PM,Hwy-rail crossing,0,SANTA ROSA,CA,55,2,Day,Cloudy,Main,DMU,35,50000,0,50000,M303,38.456007,-122.737217,57.2,53.2,54.5
BNSF,CA0719101,2019-07-01,2:00 AM,Derailment,0,NATIONAL CITY,CA,64,4,Dark,Clear,Yard,Yard/switching,3,88000,43000,131000,H511,32.6584,-117.117631,70.6,67.4,66.2
UP,1017RS001,2017-10-02,11:57 AM,Derailment,0,FREMONT,CA,70,2,Day,Clear,Yard,Light loco(s),5,1995,17500,19495,H702,37.500549,-121.939077,64.2,64,59.7
BNSF,CA0416201,2016-04-16,9:59 PM,Hwy-rail crossing,0,EMPIRE,CA,65,4,Dark,Clear,Main,,0,0,0,18000,M302,37.638275,-120.903555,61,63.8,68.2
UP,0318RS016,2018-03-09,10:00 PM,Other (describe in narrative),0,ROSEVILLE,CA,55,4,Dark,Clear,Yard,Yard/switching,1,0,48950,48950,H702,38.721444,-121.31603,55.8,55.4,52.4
UP,0315LA010,2015-03-14,7:35 PM,Other impacts,0,LOS ANGELES,CA,65,4,Dark,Clear,Yard,Freight Train,9,139,700,45820,H306,34.062919,-118.219428,74.7,77.1,78.1
UP,0419NC053,2019-04-24,2:10 PM,Derailment,0,MANTECA,CA,75,2,Day,Clear,Siding,,0,0,16550,16550,H993,37.854149,-121.264326,69.8,75.4,74.5
ATK,142466,2016-05-19,2:46 AM,Obstruction,0,ANDERSON,CA,73,4,Dark,Clear,Main,Passenger Train - Pulling,70,10885,0,10885,M402,40.450397,-122.300804,81.3,73.4,56.3
BNSF,CA0815110,2015-08-19,6:12 PM,Derailment,0,CALIENTE,CA,95,3,Dusk,Clear,Main,Freight Train,3,35955,0,39201,E79L,35.267986,-118.607423,81.6,79.1,77.7
BNSF,CA1019105,2019-10-07,3:15 PM,Derailment,0,KEENE,CA,73,2,Day,Clear,Main,Freight Train,15,555778,0,1019651,E61C,35.20716,-118.535685,63,65.1,63.1
BNSF,SW0221105,2021-02-25,1:47 PM,Derailment,0,KINGMAN,AZ,40,2,Day,Clear,Industry,Cut of cars,12,388,20000,20388,M501,35.142816,-114.09468,52.7,43,45.9
UP,0316RS001,2016-03-04,4:05 AM,Derailment,0,ROSEVILLE,CA,58,4,Dark,Cloudy,Yard,Freight Train,5,19512,12598,32110,H522,38.729246,-121.311968,59,59.1,59.1
BNSF,CA1114115,2014-11-28,8:38 PM,Derailment,0,RICHMOND,CA,56,3,Dusk,Rain,Yard,Yard/switching,10,194435,138041,332476,E68C,37.946955,-122.363499,52.5,53,59.2
UP,0116RS016,2016-01-20,6:54 AM,Derailment,0,MARTINEZ,CA,47,1,Dawn,Clear,Industry,Cut of cars,10,6501,8000,14501,H022,38.026128,-122.113117,57.1,52.2,54.8
ATK,141666,2016-03-24,7:30 PM,Hwy-rail crossing,0,KING CITY,CA,65,2,Day,Clear,Main,Passenger Train - Pulling,60,26238,0,26238,M302,36.070457,-120.935252,53.9,55.2,57.1
BNSF,CA0416200,2016-04-11,7:05 AM,Hwy-rail crossing,0,MADERA,CA,62,1,Dawn,Clear,Main,,0,0,0,17661,M302,36.974426,-120.019075,60.9,62.2,61.9
UP,0419NC064,2019-04-21,2:48 PM,Other (describe in narrative),0,FREMONT,CA,70,2,Day,Clear,Main,,0,0,0,13137,E79L,37.558379,-122.007803,56.2,56.9,62
BNSF,CA0616206,2016-06-24,4:50 PM,Hwy-rail crossing,0,WINTON,CA,101,2,Day,Clear,Main,,0,0,0,26277,M308,37.385524,-120.613509,78.6,75.7,79.6
UP,1214RS021,2014-12-21,3:42 AM,Derailment,0,ROSEVILLE,CA,50,4,Dark,Clear,Yard,Light loco(s),4,42151,155,42306,H702,38.718769,-121.317945,53.6,56.7,50.8
BNSF,CA1215110,2015-12-16,6:35 AM,Derailment,0,BARSTOW,CA,21,4,Dark,Clear,Yard,Yard/switching,11,33545,500,34045,S016,34.897759,-117.049971,36.9,37,38.5
TSWS,1912151930,2019-12-15,7:30 PM,Derailment,0,LATHROP,CA,44,3,Dusk,Clear,Yard,Light loco(s),7,0,0,36544,H303,37.836795,-121.262098,53.6,47.9,44.6
BNSF,CA0816105,2016-08-13,1:00 AM,Derailment,0,BARSTOW,CA,70,4,Dark,Clear,Yard,Yard/switching,9,153790,802500,956290,S016,34.897517,-117.049826,87.8,91.6,93.1
ATK,152751,2018-04-15,11:59 PM,Hwy-rail crossing,0,MADERA,CA,57,4,Dark,Clear,Main,Passenger Train - Pulling,81,80429,0,80429,M302,37.00688,-120.056215,61.2,64.4,49.8
BNSF,CA0415101,2015-04-10,11:15 AM,Derailment,0,ORO GRANDE,CA,70,2,Day,Clear,Main,Freight Train,33,60000,330000,390000,E53C,34.57786,-117.328657,49.2,52.7,55.7
BNSF,CA0915107,2015-09-14,7:00 PM,Derailment,0,NEEDLES,CA,83,2,Day,Rain,Main,Freight Train,0,230000,20000,250000,M105,34.932934,-114.882904,95.2,92.8,86
UP,0716LA005,2016-07-07,8:56 AM,Derailment,0,BLOOMINGTON,CA,86,2,Day,Clear,Yard,Light loco(s),8,38351,150,38501,S011,34.067759,-117.391637,71.6,73.1,75
UP,0216ST002,2016-02-07,10:22 AM,Derailment,0,YUMA,AZ,70,2,Day,Clear,Main,Freight Train,25,39700,100,39800,E33C,32.741418,-114.425029,61.6,65.9,71.4
BNSF,CA0719102,2019-07-04,3:32 AM,Derailment,0,LUDLOW,CA,76,4,Dark,Clear,Main,Freight Train,14,4000,61630,65630,M405,34.693435,-116.044182,85.1,85.1,85.8
BNSF,CA1016122,2016-10-22,7:10 AM,Obstruction,0,FRESNO,CA,64,1,Dawn,Clear,Main,Freight Train,50,1000,15000,16000,M402,36.852416,-119.909556,66.4,67.2,70
UP,0716LA026,2016-07-29,3:04 AM,Other (describe in narrative),0,POMONA,CA,73,4,Dark,Clear,Main,Freight Train,21,0,174674,174674,H702,34.059052,-117.740519,83.3,83.5,80.9
UP,0316LA020,2016-03-30,10:47 PM,Derailment,0,CITY OF INDUSTRY,CA,60,4,Dark,Clear,Yard,Light loco(s),9,1957,15012,16969,H702,34.009952,-117.932444,56.4,57.5,59.9
SCRT,08182016,2016-08-18,8:32 PM,Hwy-rail crossing,0,RANCHO CORDOVA,CA,80,4,Dark,Clear,Main,EMU,50,36136,0,36136,M301,38.575731,-121.329383,76.5,76.2,74.7
ATK,152567,2018-04-03,6:29 PM,Hwy-rail crossing,0,CHUALAR,CA,61,2,Day,Clear,Main,Passenger Train - Pulling,68,43033,0,43483,M399,36.595741,-121.546234,56.6,54.9,55.5
ATK,162804,2020-01-17,6:25 AM,Derailment,0,GOLETA,CA,40,4,Dark,Clear,Yard,Yard/switching,3,620984,0,621398,H303,34.435829,-119.827639,49.8,47.8,48.3
ATK,139967,2015-11-10,12:41 PM,Hwy-rail crossing,0,KING CITY,CA,64,2,Day,Clear,Main,Passenger Train - Pulling,55,14718,0,108487,M302,36.2067,-121.11668,51.5,49.9,49.6
UP,0619LA039,2019-06-19,6:40 PM,Obstruction,0,SANTA BARBARA,CA,68,3,Dusk,Cloudy,Main,,0,0,363,12388,M404,34.439024,-119.762278,63.2,62.9,63
SCAX,010316,2016-01-03,3:36 PM,Obstruction,0,NEWHALL,CA,65,2,Day,Clear,Siding,Spec. MoW Equip.,30,1600,0,17600,H022,34.320112,-118.496412,52.9,51.3,58.1
UP,1015LA021,2015-10-26,9:51 AM,Derailment,0,BLOOMINGTON,CA,80,2,Day,Clear,Yard,Freight Train,5,26523,143967,170490,S012,34.067185,-117.339816,71.8,71.8,70.7
BNSF,CA1016124,2016-10-31,3:20 PM,Derailment,0,PERRIS,CA,80,2,Day,Clear,Yard,Yard/switching,9,18763,0,28763,H307,33.818136,-117.240888,63.4,60.3,56.7
UP,0919LA018,2019-09-17,1:09 AM,Derailment,0,LOS ANGELES,CA,70,4,Dark,Clear,Yard,Yard/switching,4,57230,34149,102045,H306,34.013626,-118.200354,72.6,73.4,73.1
UP,0419ST064,2019-04-29,12:47 AM,Derailment,0,BLOOMINGTON,CA,61,4,Dark,Clear,Yard,Freight Train,3,38331,5210,80414,H702,34.067588,-117.363647,64.7,60,60.2
BNSF,CA0615103,2015-06-10,1:11 PM,Side collision,0,BARSTOW,CA,90,2,Day,Clear,Yard,Yard/switching,4,1000,0,22815,H307,34.903588,-117.035981,83.2,80.5,80.2
BNSF,CA0318109,2018-03-18,7:30 AM,Derailment,0,BARSTOW,CA,40,1,Dawn,Clear,Yard,Freight Train,5,248530,210591,459121,H607,34.902362,-117.013745,49.2,48.3,52.3
UP,0222LA016,2022-02-10,3:14 AM,Derailment,0,YUMA,AZ,70,4,Dark,Clear,Main,Freight Train,5,24563,52496,77059,H702,32.687234,-114.59455,67.2,71.7,68.7
BNSF,CA0316111,2016-03-20,6:00 PM,Derailment,0,BAKERSFIELD,CA,70,3,Dusk,Clear,Yard,Yard/switching,5,6500,37679,44179,E61C,35.370758,-119.028786,66,65.5,62.3
ATK,139494,2015-10-05,8:10 PM,Hwy-rail crossing,0,SALINAS,CA,62,4,Dark,Cloudy,Main,Passenger Train - Pulling,70,9081,0,102850,M302,36.612584,-121.567414,62.6,62.3,64.2
SCAX,041216,2016-04-12,5:08 AM,Derailment,0,MOORPARK,CA,65,1,Dawn,Clear,Yard,Commuter Train - Pushing,2,28290,5071,33361,H999,34.284892,-118.878119,62.3,60.3,60.3
BNSF,CA1117103,2017-11-02,12:12 PM,Head on collision,0,LOS ANGELES,CA,68,2,Day,Cloudy,Yard,Yard/switching,0,51788,3500,55288,H306,34.003403,-118.181054,65.8,63.8,64.5
ATK,141918,2016-04-11,7:05 AM,Hwy-rail crossing,0,MADERA,CA,57,1,Dawn,Cloudy,Main,Passenger Train - Pulling,79,17661,0,17661,M302,36.974426,-120.019075,60.9,62.2,61.9
BNSF,CA0716100,2016-07-02,8:25 PM,Derailment,0,HANFORD,CA,98,2,Day,Clear,Industry,Freight Train,10,16138,2000,18138,H307,36.217548,-119.644328,87.1,85.6,83.3
UP,0316LA006,2016-03-10,9:00 PM,Fire/violent rupture,0,PALM SPRINGS,CA,77,4,Dark,Clear,Main,Freight Train,35,15098,0,15098,E79L,33.896158,-116.54546,70.3,76.3,68.4
SJVR,SJV205819R,2019-10-12,9:05 AM,Derailment,0,TAFT,CA,70,2,Day,Clear,Industry,Light loco(s),5,40000,7500,47500,H704,35.1353,-119.2471,63,63.7,66.5
NSWS,051915JOB2,2015-05-19,3:03 AM,Derailment,0,MIRA LOMA,CA,68,4,Dark,Clear,Yard,Yard/switching,5,10667,0,10667,H505,34.014222,-117.51818,62.1,62.9,63.3
UP,0117PD017,2017-01-12,11:14 PM,Fire/violent rupture,0,DUNSMUIR,CA,28,4,Dark,Clear,Main,Freight Train,15,225418,0,225418,E72L,41.20018,-122.273992,34.7,31.4,29.7
UP,0915LA022,2015-09-25,4:30 AM,Derailment,0,BLOOMINGTON,CA,75,4,Dark,Clear,Yard,Cut of cars,0,14600,0,14600,M411,34.067759,-117.391637,81.5,82.5,82.5
UP,1018LA005,2018-10-04,5:38 AM,Derailment,0,LONG BEACH,CA,70,1,Dawn,Clear,Yard,Yard/switching,5,19081,58977,78058,H702,33.831547,-118.226577,70.7,70,69.3
GOOS,20201,2020-01-09,1:30 PM,Derailment,0,ALTURAS,CA,30,2,Day,Cloudy,Main,Freight Train,0,90000,60000,150000,T220,41.94845,-120.33062,33.3,28.7,24.3
UP,0122NC064,2022-01-22,1:50 PM,Derailment,0,STOCKTON,CA,54,2,Day,Clear,Yard,Yard/switching,4,19127,4570,23697,H702,37.916392,-121.273336,51.4,48.3,45.3
UP,0219ST024,2019-02-15,6:55 PM,Derailment,0,BLOOMINGTON,CA,53,3,Dusk,Rain,Yard,Yard/switching,7,2207,30570,32777,M105,34.06567,-117.3831,54.3,51.8,50
ATK,153622,2018-06-06,5:58 PM,Hwy-rail crossing,0,LODI,CA,80,2,Day,Clear,Main,Passenger Train - Pushing,70,676,0,176055,M308,38.160328,-121.272471,68.8,65.3,67.3
UP,0219ST037,2019-02-13,2:34 PM,Obstruction,0,GOLETA,CA,55,2,Day,Cloudy,Main,,0,0,0,43311,M404,34.431734,-119.895643,49.9,56.2,57
UP,0623NC044,2023-06-22,12:00 PM,Fire/violent rupture,0,BAKERSFIELD,CA,74,2,Day,Clear,Yard,Cut of cars,0,210790,0,210790,M501,35.375554,-118.98447,70.6,71,68
BNSF,CA0523101,2023-05-02,2:10 AM,Derailment,0,FRESNO,CA,55,4,Dark,Cloudy,Yard,Yard/switching,5,21467,26248,47715,H307,36.695504,-119.750713,58.4,58.3,58.2
BNSF,CA0823119,2023-08-16,9:21 AM,Derailment,0,BARSTOW,CA,100,2,Day,Clear,Yard,Light loco(s),10,144000,5142,149142,H307,34.892592,-117.075725,90.6,89.8,89.8
BNSF,CA0520102,2020-05-04,11:45 AM,Derailment,0,SAN BERNARDINO,CA,90,2,Day,Clear,Yard,Light loco(s),5,5000,7000,12000,H307,34.100582,-117.32695,66.4,70,75.8
BNSF,CA0724109,2024-07-17,10:20 PM,Derailment,0,BARSTOW,CA,80,4,Dark,Clear,Yard,Yard/switching,5,81998,892792,974790,M411,34.902171,-117.037836,92.3,94,92
BNSF,CA0817102,2017-08-04,1:40 PM,Derailment,0,SAN BERNARDINO,CA,98,2,Day,Clear,Yard,Yard/switching,10,25000,10999,38084,H704,34.104858,-117.321842,85.5,82.1,77.5
ATK,159295,2019-06-02,11:02 AM,Obstruction,0,OAKLAND,CA,75,2,Day,Clear,Main,Passenger Train - Pushing,62,10701,0,11001,M509,37.74147,-122.185738,59.9,61.2,60.1
BNSF,CA0318118,2018-03-19,1:03 AM,Obstruction,0,BARSTOW,CA,50,4,Dark,Clear,Yard,Yard/switching,2,25512,0,25512,M402,34.900284,-117.044691,48.3,52.3,55.9
UP,1116LA017,2016-11-22,1:01 AM,Fire/violent rupture,0,HESPERIA,CA,39,4,Dark,Cloudy,Main,Freight Train,45,52324,0,52324,E71L,34.368035,-117.340505,47.1,46.3,47.5
UP,0917LA026,2017-09-14,12:00 AM,Derailment,0,BLOOMINGTON,CA,64,4,Dark,Clear,Yard,Light loco(s),2,55861,1083,56944,H303,34.064808,-117.376271,70.9,67.2,68.5
BNSF,CA0417108,2017-04-16,5:52 PM,Other impacts,0,BARSTOW,CA,50,3,Dusk,Clear,Yard,Yard/switching,10,14865,0,14865,S016,34.897256,-117.050785,62.6,70,68.6
UP,0324NC002,2024-03-03,12:46 AM,Other (describe in narrative),0,FLORISTON,CA,19,4,Dark,Snow,Main,Freight Train,30,159339,5862,165201,E32C,39.387166,-120.023051,27.4,28.6,31.5
UP,0619LA022,2019-06-16,10:20 AM,Other impacts,0,SANTA FE SPRINGS,CA,70,2,Day,Cloudy,Yard,Single Car,0,40797,0,83463,H302,33.96052,-118.075599,67.4,67.6,66.1
UP,0223NC051,2023-02-06,12:00 AM,Obstruction,0,UNION CITY,CA,43,4,Dark,Clear,Main,,0,0,0,0,M404,37.603668,-122.082209,51,47.3,48.6
UP,0621NC004,2021-06-05,12:15 AM,Derailment,0,ANTELOPE,CA,71,4,Dark,Clear,Yard,Freight Train,15,266119,117240,383359,T221,38.716357,-121.32104,77.2,73.2,73.1
UP,0718RS038,2018-07-20,3:54 AM,Hwy-rail crossing,0,COTTONWOOD,CA,65,4,Dark,Clear,Main,,0,0,150,19625,M308,40.381644,-122.279624,91.1,88.1,85.3
BNSF,CA0819202,2019-08-17,1:00 PM,Hwy-rail crossing,0,RIVERBANK,CA,95,2,Day,Clear,Yard,,0,0,11980,11980,M302,37.733219,-120.938318,87.5,79,73.5
PHL,202008211,2020-08-21,5:00 AM,Derailment,0,LONG BEACH,CA,65,1,Dawn,Clear,Main,Yard/switching,0,0,191420,197905,H506,33.775824,-118.24081,78.5,77.8,80.3
BNSF,CA0923128,2023-09-28,10:00 PM,Derailment,0,BARSTOW,CA,60,4,Dark,Clear,Yard,Yard/switching,4,1878,153745,155623,M411,34.900261,-117.044524,71.2,74.4,72.8
BNSF,CA0923116,2023-09-15,2:20 AM,Derailment,0,FONTANA,CA,69,4,Dark,Clear,Yard,Yard/switching,4,41160,3064,44224,H018,34.094074,-117.486233,68.8,68.1,67.4
UP,0424NC058,2024-04-24,6:11 PM,Hwy-rail crossing,0,SALINAS,CA,61,3,Dusk,Cloudy,Main,,0,0,0,350000,M302,36.616976,-121.573436,58.3,57.7,56.7
UP,0819NC062,2019-08-27,11:53 AM,Fire/violent rupture,0,QUINCY,CA,76,2,Day,Clear,Main,Freight Train,0,20882,0,20882,E74L,39.95,-121.2997,81.1,82.4,79.3
UP,1019NC011,2019-10-08,6:11 AM,Derailment,0,STOCKTON,CA,59,1,Dawn,Clear,Yard,Freight Train,2,14192,3102,17294,H704,37.915097,-121.273856,70.7,70.7,66.4
UP,1119NC066,2019-11-30,3:45 AM,Derailment,0,TRAVER,CA,37,4,Dark,Rain,Industry,Freight Train,8,7175,95989,103164,E86C,36.452411,-119.487633,45.1,44,49.8
BNSF,CA0321122,2021-03-31,1:51 AM,Other impacts,0,LONG BEACH,CA,64,4,Dark,Clear,Yard,Freight Train,8,46340,0,205424,H017,33.758063,-118.245051,60,69.3,71.9
PHL,2015051901,2019-05-19,10:34 PM,Derailment,0,LOS ANGELES,CA,60,4,Dark,Cloudy,Main,Freight Train,1,47000,43000,90000,E64C,33.762876,-118.2398,61.8,57.5,60.7
BNSF,CA0118201,2018-01-03,2:50 AM,Hwy-rail crossing,0,RICHMOND,CA,58,4,Dark,Clear,Yard,Yard/switching,10,12598,0,12598,M302,37.923562,-122.377481,51.6,52.3,56.2
UP,1217RS004,2017-12-06,11:58 PM,Other impacts,0,SACRAMENTO,CA,39,4,Dark,Cloudy,Yard,Yard/switching,4,37050,750,130901,H702,38.700783,-121.33755,48.6,44.4,45.5
SERA,SERA202222,2022-12-08,10:40 AM,Derailment,0,SONORA,CA,45,2,Day,Clear,Main,Freight Train,8,12500,200000,212500,T221,37.959153,-120.389318,40,41.6,46.9
UP,0717RS045,2017-07-23,11:15 PM,Other impacts,0,ROSEVILLE,CA,83,4,Dark,Clear,Yard,Light loco(s),7,181,0,32378,H307,38.732399,-121.3055,80.7,84.8,79.8
BNSF,CA0323203,2023-03-15,8:24 PM,Hwy-rail crossing,0,LE GRAND,CA,50,3,Dusk,Rain,Main,Freight Train,38,500,20000,20500,M308,37.234396,-120.252745,58.9,51.8,53.9
UP,0618RS059,2018-06-29,1:00 AM,Obstruction,0,TRUCKEE,CA,65,4,Dark,Clear,Main,Spec. MoW Equip.,10,22505,0,23005,H995,39.317777,-120.205793,61.1,61.1,64
UP,1023NC032,2023-10-25,6:59 AM,Derailment,0,STOCKTON,CA,55,1,Dawn,Cloudy,Siding,Yard/switching,2,12829,104434,117263,H514,37.947484,-121.276271,63.3,60.7,56.4
UP,1221NC012,2021-12-09,7:20 AM,Hwy-rail crossing,0,OAKLAND,CA,51,2,Day,Cloudy,Main,,0,0,33,14033,M308,37.765359,-122.213481,53.4,53,47.6
LAJ,4596,2019-10-08,8:10 PM,Derailment,0,COMMERCE,CA,76,3,Dusk,Clear,Industry,Yard/switching,10,8200,7000,15200,M101,33.987767,-118.149246,70.5,68.6,67.4
UP,0620LA023,2020-06-15,5:10 PM,Derailment,0,GLAMIS,CA,93,2,Day,Clear,Main,Freight Train,46,36792,104566,141358,E4TC,33.011059,-115.091384,83.8,86.5,87.8
UP,0122LA043,2022-01-17,7:40 PM,Derailment,0,BELL GARDENS,CA,62,3,Dusk,Cloudy,Industry,Yard/switching,18,65060,0,65060,H601,33.955585,-118.185341,64.9,60.9,59.5
BNSF,CA0321104,2021-03-06,9:00 PM,Derailment,0,CALIENTE,CA,50,4,Dark,Clear,Main,Freight Train,12,22550,0,466950,M204,35.272504,-118.626061,52.2,52.5,51
UP,0818LA013,2018-08-12,3:45 AM,Derailment,0,CALIENTE,CA,71,4,Dark,Clear,Main,Freight Train,17,205779,28810,234589,E10L,35.266963,-118.62303,79,79.1,77.9
BNSF,CA0324119,2024-03-30,6:31 PM,Obstruction,0,STOCKTON,CA,61,3,Dusk,Clear,Main,,0,0,0,15462,M404,37.947078,-121.274138,50.7,54.5,55.1
BNSF,CA0523109,2023-05-18,9:27 AM,Derailment,0,TORRANCE,CA,62,2,Day,Clear,Main,Yard/switching,13,80000,1500,161500,H607,33.837572,-118.325302,61.7,63.8,63.4
UP,0219NC060,2019-02-27,8:40 AM,Derailment,0,SODA SPRINGS,CA,31,2,Day,Cloudy,Main,Work train,10,250,39162,39412,M101,39.322467,-120.380621,34.9,38.9,36.8
ATK,161729,2019-10-28,12:06 AM,Hwy-rail crossing,0,RICHMOND,CA,59,4,Dark,Clear,Main,Passenger Train - Pulling,70,28342,0,28591,M308,37.958639,-122.359704,61.8,58.4,55.5
BNSF,CA1223110,2023-12-15,3:56 PM,Derailment,0,FRESNO,CA,55,2,Day,Clear,Yard,Yard/switching,9,61335,0,107278,H020,36.707918,-119.766296,49.7,50.1,50.5
BNSF,CA1221106,2021-12-14,9:10 AM,Derailment,0,VICTORVILLE,CA,45,2,Day,Cloudy,Yard,Freight Train,6,30000,7500,37500,H704,34.549311,-117.302159,42,39.5,34.4
UP,0420LA005,2020-04-04,5:00 PM,Derailment,0,CALIENTE,CA,58,3,Dusk,Clear,Main,,0,0,584,217812,H506,35.275468,-118.639489,46.5,49,46.9
ATK,174071,2023-03-16,6:34 PM,Obstruction,0,RICHMOND,CA,55,3,Dusk,Clear,Main,Passenger Train - Pulling,37,15622,0,15772,M502,37.933459,-122.349847,50.5,50.7,52.9
BNSF,CA0920201,2020-09-15,12:20 PM,Hwy-rail crossing,0,ANTIOCH,CA,78,2,Day,Clear,Main,Freight Train,36,15000,0,15000,M302,38.011074,-121.773825,66.9,69.5,72