reportingrailroadcode,accidentnumber,date,time,accidenttype,hazmatreleasedcars,station,stateabbr,temperature,visibility_code,visibility,weathercondition,tracktype,equipmenttype,trainspeed,equipmentdamagecost,trackdamagecost,totaldamagecost,primaryaccidentcausecode,latitude,longitude,prior_temp,actual_temp,following_temp
BNSF,CA0422102,2022-04-09,2:10 PM,Derailment,0,CARSON,CA,72,2,Day,Clear,Yard,Freight Train,9,12000,1500,13500,H525,33.799164,-118.253612,81.3,68.1,63.8
UP,0823NC012,2023-08-13,6:15 PM,Other impacts,0,STOCKTON,CA,99,3,Dusk,Cloudy,Yard,Yard/switching,3,12389,0,15702,H309,37.923147,-121.273114,79.8,83.4,84.6
BNSF,CA1219107,2019-12-18,1:10 AM,Derailment,0,SAN DIEGO,CA,55,4,Dark,Clear,Yard,Yard/switching,10,62163,25000,87163,H703,32.702278,-117.154176,54.5,53.5,53.9
BNSF,CA0123112,2023-01-24,9:07 AM,Derailment,0,LENWOOD,CA,45,2,Day,Clear,Yard,Yard/switching,2,17712,0,38695,M408,34.899268,-117.043425,45.5,44.4,46.6
UP,0920RM020,2020-09-19,7:00 AM,Derailment,0,NIPTON,CA,64,1,Dawn,Clear,Main,Freight Train,15,367483,44624,412107,H503,35.200946,-115.506136,88.8,88.2,85.2
BNSF,CA0823109,2023-08-06,4:00 AM,Other impacts,0,BARSTOW,CA,70,1,Dawn,Clear,Yard,Yard/switching,1,22000,0,228997,H607,34.903496,-117.034388,86.9,87.9,88
BNSF,CA0817110,2017-08-17,5:58 PM,Derailment,0,STOCKTON,CA,85,2,Day,Clear,Yard,Yard/switching,2,2663,60000,62663,H702,37.950573,-121.255997,72.6,76.5,77.7
ATK,176746,2023-10-12,5:39 PM,Derailment,0,SHAFTER,CA,76,2,Day,Clear,Main,Passenger Train - Pulling,7,83157,0,161109,H705,35.447293,-119.205648,65.2,65.3,68.7
UP,1019NC039,2019-10-21,7:20 PM,Hwy-rail crossing,0,STOCKTON,CA,86,3,Dusk,Clear,Yard,Freight Train,10,0,51062,51062,M302,37.906964,-121.273507,65.2,66.8,65.8
BNSF,CA0823116,2023-08-13,10:45 PM,Other (describe in narrative),0,CONEJO,CA,81,4,Dark,Clear,Siding,Yard/switching,8,0,17000,17000,H607,36.525547,-119.72635,83.8,86.6,90.5
ATK,165782,2020-11-08,8:58 PM,Hwy-rail crossing,0,OXNARD,CA,51,4,Dark,Clear,Main,Passenger Train - Pulling,53,4427,0,98295,M302,34.219071,-119.17681,55.5,53.7,49.2
BNSF,CA0422111,2022-04-23,3:21 PM,Derailment,0,BAKERSFIELD,CA,78,2,Day,Clear,Yard,Light loco(s),6,13886,4500,18386,H306,35.371319,-119.024911,56.5,59.8,67.2
UP,0219NC024,2019-02-13,11:05 PM,Hwy-rail crossing,0,EMERYVILLE,CA,51,4,Dark,Rain,Main,,0,0,250,11096,M302,37.846232,-122.294202,47.7,54.9,55.7
BNSF,CA1117119,2017-11-24,1:46 AM,Other impacts,0,BARSTOW,CA,50,4,Dark,Clear,Yard,Yard/switching,12,20864,0,20864,H317,34.898178,-117.048927,61.4,64.4,60.7
UP,0817UT007,2017-08-03,12:15 PM,Derailment,0,LUDLOW,CA,100,2,Day,Cloudy,Main,Freight Train,24,937405,95620,1033025,M101,35.036162,-116.323618,91.9,79.8,87.4
UP,0423LA026,2023-04-21,9:37 AM,Derailment,0,SANTA FE SPRINGS,CA,59,2,Day,Clear,Yard,Freight Train,5,48870,7594,56464,H702,33.949545,-118.076847,66.2,71.6,69.5
BNSF,CA0117120,2017-01-24,12:01 PM,Derailment,0,FRESNO,CA,55,2,Day,Clear,Yard,Yard/switching,10,12200,109000,121200,T215,36.703814,-119.761554,45.4,43.4,42.1
BNSF,CA0419108,2019-04-27,5:15 PM,Derailment,0,STOCKTON,CA,70,3,Dusk,Clear,Yard,Freight Train,18,12534,0,12534,H307,37.900428,-121.166733,70.9,68.7,64.5
BNSF,CA0823127,2023-08-23,5:45 AM,Derailment,0,STOCKTON,CA,67,1,Dawn,Clear,Yard,,0,0,50000,50477,E60C,37.946521,-121.276789,77.2,81.4,81.6
UP,0519LA007,2019-05-25,3:25 PM,Fire/violent rupture,0,DAGGETT,CA,79,2,Day,Clear,Main,Freight Train,10,281641,0,281641,E73L,34.90282,-116.823555,63.9,69.8,61.1
BNSF,CA0122115,2022-01-26,5:00 AM,Derailment,0,LONG BEACH,CA,50,1,Dawn,Fog,Yard,Cut of cars,0,17000,0,17000,H607,33.755857,-118.248268,54.4,55.9,57.1
UP,0719LA001,2019-07-04,1:30 AM,Derailment,0,BLOOMINGTON,CA,67,4,Dark,Clear,Yard,Yard/switching,5,6138,16397,22535,M405,34.065976,-117.377432,72.3,72,72.3
BNSF,CA0517200,2017-05-10,12:06 AM,Hwy-rail crossing,0,FRESNO,CA,78,4,Dark,Clear,Main,Maint./inspect Car,5,60000,0,60000,M302,36.758635,-119.787205,73.7,71.3,67.9
PHL,2017040501,2017-04-05,3:36 AM,Other impacts,0,LOS ANGELES,CA,57,4,Dark,Clear,Yard,Yard/switching,5,24510,3442,55904,H607,33.750866,-118.247054,63.3,66.8,63.6
UP,0223LA052,2023-02-06,7:10 AM,Obstruction,0,CARPINTERIA,CA,53,2,Day,Clear,Main,,0,0,500,500,M404,34.415974,-119.570398,57.2,53.4,53.6
BNSF,NW1222201,2022-12-06,3:44 PM,Hwy-rail crossing,0,WESTWOOD,CA,30,2,Day,Clear,Main,Freight Train,40,12000,0,12000,M302,40.525902,-121.031913,30.3,24.7,24.7
UP,0920LA026,2020-09-27,10:54 AM,Derailment,0,CALIENTE,CA,66,2,Day,Clear,Main,Freight Train,14,8883,47244,56127,H503,35.286532,-118.655909,66,71.9,75.4
BNSF,CA0717113,2017-07-30,11:20 AM,Derailment,0,SAN BERNARDINO,CA,80,2,Day,Clear,Yard,Freight Train,3,19719,3300,23019,H514,34.103797,-117.326279,76.2,75.9,78.5
BNSF,CA0819110,2019-08-14,3:05 PM,Derailment,0,LODI,CA,101,2,Day,Clear,Industry,,0,0,5250,5250,H318,38.127468,-121.243025,81.2,84.4,86.7
UP,1218ST053,2018-12-30,4:51 AM,Derailment,0,ROWLAND HEIGHTS,CA,45,1,Dawn,Clear,Yard,Yard/switching,5,30799,9272,40071,M405,34.009559,-117.93091,49.8,51.1,54.1
BNSF,CA0120115,2020-01-25,1:00 AM,Derailment,0,CITY OF COMMERCE,CA,50,4,Dark,Fog,Yard,Yard/switching,5,17785,7000,24785,H307,33.991404,-118.145708,60,57.9,58.1
UP,0420LA033,2020-04-25,1:25 AM,Hwy-rail crossing,0,PALMDALE,CA,63,4,Dark,Clear,Main,Freight Train,55,397,12375,12772,M308,34.546498,-118.049507,69.7,72,71.8
BNSF,CA0521201,2021-05-04,9:13 AM,Hwy-rail crossing,0,KNIGHTSEN,CA,75,2,Day,Clear,Main,,0,0,0,74158,M302,37.940006,-121.608507,70.2,72.6,70.7
BNSF,CA0219102,2019-02-03,11:21 PM,Derailment,0,STOCKTON,CA,55,4,Dark,Rain,Yard,Yard/switching,9,7808,3000,14726,H307,37.949538,-121.260719,56,53.2,48.5
UP,1020LA039,2020-10-29,6:06 PM,Derailment,0,BLOOMINGTON,CA,86,3,Dusk,Clear,Yard,Freight Train,6,173742,44066,217808,M405,34.06704,-117.374403,62.5,67,68.3
UP,0324NC004,2024-03-06,2:05 PM,Derailment,0,OAKLAND,CA,57,2,Day,Cloudy,Yard,Cut of cars,0,1624,0,26443,T221,37.802708,-122.303387,54.8,55,53.7
BNSF,CA0121108,2021-01-17,10:30 PM,Derailment,0,STOCKTON,CA,42,4,Dark,Clear,Yard,Light loco(s),8,21575,2500,24075,H702,37.950479,-121.25092,56.8,54.9,60.4
BNSF,CA0618202,2018-06-18,3:45 PM,Hwy-rail crossing,0,MERCED,CA,85,2,Day,Clear,Main,,0,0,0,28066,M302,37.34004,-120.54051,65.3,72,77.4
UP,1117RS016,2017-11-15,4:24 AM,Other impacts,0,ROSEVILLE,CA,56,4,Dark,Cloudy,Yard,Single Car,5,6071,594,13004,H018,38.736166,-121.300581,54.4,53.1,54.9
BNSF,CA0423113,2023-04-27,2:30 AM,Obstruction,0,NEEDLES,CA,50,4,Dark,Clear,Main,Work train,0,150000,0,156000,M404,34.899355,-114.76632,77.9,80.6,84.4
UP,0823LA002,2023-08-01,1:00 PM,Derailment,0,LONG BEACH,CA,73,2,Day,Clear,Yard,Freight Train,4,38289,1740,40029,H303,33.840102,-118.223517,76.2,77.4,75.3
NCTC,FY2321842,2023-03-28,1:18 AM,Derailment,0,ESCONDIDO,CA,48,4,Dark,Clear,Yard,,0,0,13529,17529,H702,33.117113,-117.090246,54.4,55.2,49.5
SCAX,071120,2020-07-11,6:40 PM,Hwy-rail crossing,0,COVINA,CA,95,2,Day,Clear,Main,Commuter Train - Pushing,60,11528,3500,15028,M301,34.092094,-117.872544,80,85.1,84.2
BNSF,CA0123101,2023-01-01,10:30 PM,Derailment,0,BARSTOW,CA,40,4,Dark,Clear,Yard,Light loco(s),8,31337,7600,38937,H307,34.894005,-117.073404,54.4,48.8,44.7
UP,1217RS004,2017-12-06,11:58 PM,Other impacts,0,SACRAMENTO,CA,39,4,Dark,Cloudy,Yard,Yard/switching,0,93101,0,130901,H702,38.700783,-121.33755,48.6,44.4,45.5
TSWS,1906301050,2019-06-30,10:50 AM,Other (describe in narrative),0,FRENCH CAMP,CA,90,2,Day,Cloudy,Main,Yard/switching,15,0,0,24856,H702,37.849795,-121.264168,73.7,75.4,73.2
UP,0717RS045,2017-07-23,11:15 PM,Other impacts,0,ROSEVILLE,CA,83,4,Dark,Clear,Yard,Yard/switching,0,32197,0,32378,H307,38.732399,-121.3055,80.7,84.8,79.8
PHL,PHL00058F,2022-06-27,1:51 AM,Other impacts,0,LONG BEACH,CA,63,4,Dark,Cloudy,Industry,Yard/switching,9,28801,200,29001,H307,33.754913,-118.248106,69.9,72.3,72.7
UP,1122LA037,2022-11-21,8:15 AM,Derailment,0,INDUSTRY,CA,51,2,Day,Clear,Yard,Yard/switching,10,22133,424,22557,H307,34.00873,-117.934473,62.9,61.4,58.8
ATK,173579,2023-01-30,6:14 AM,Hwy-rail crossing,0,OAKLAND,CA,42,4,Dark,Clear,Main,Passenger Train - Pulling,75,23236,0,23336,M308,37.769197,-122.219045,48.6,46.3,46
ATK,154349,2018-07-19,3:56 AM,Hwy-rail crossing,0,COTTONWOOD,CA,70,4,Dark,Clear,Main,Passenger Train - Pulling,71,17161,0,17311,M308,40.38732,-122.270528,91.1,91.1,88.1
UP,0617RS033,2017-06-19,1:47 PM,Obstruction,0,KING CITY,CA,90,2,Day,Clear,Main,,0,0,0,20832,M402,36.30567,-121.164186,70.5,69.1,63.5
UP,0920NC054,2020-09-28,11:22 PM,Obstruction,0,MARTINEZ,CA,80,4,Dark,Clear,Main,Yard/switching,7,850,29448,30298,M409,38.020065,-122.14622,78.7,82.7,72.9
UP,0717RS021,2017-07-10,1:38 PM,Obstruction,0,TRUCKEE,CA,95,2,Day,Clear,Main,Freight Train,23,18620,0,18620,M404,39.352135,-120.121907,69.8,67.3,65.5
UP,0618RS059,2018-06-29,1:00 AM,Obstruction,0,TRUCKEE,CA,65,4,Dark,Clear,Main,Spec. MoW Equip.,0,500,0,23005,H995,39.317777,-120.205793,61.1,61.1,64
ARZC,ARZ423823O,2023-05-23,6:00 PM,Derailment,0,CADIZ,CA,96,3,Dusk,Clear,Yard,,0,0,80000,84998,H503,34.520721,-115.51289,64.6,66.6,68
BNSF,CA0822116,2022-08-29,7:20 AM,Derailment,0,FONTANA,CA,85,1,Dawn,Clear,Yard,Freight Train,4,21000,0,21000,H008,34.093944,-117.487077,74,76.1,82.5
TSWS,1912151930,2019-12-15,7:30 PM,Derailment,0,LATHROP,CA,0,3,Dusk,Clear,Yard,,0,0,9920,36544,H303,37.852176,-121.263585,53.6,47.9,44.6
UP,0819LA005,2019-08-03,4:31 PM,Derailment,0,KEENE,CA,87,2,Day,Clear,Main,Freight Train,7,43614,72532,116146,E34C,35.19974,-118.537421,72.9,73.5,76.3
ATK,157901,2019-03-05,12:30 PM,Hwy-rail crossing,0,OAKLAND,CA,54,2,Day,Rain,Main,Passenger Train - Pushing,58,19399,0,19498,M302,37.777389,-122.230958,53,54.5,56.2
UP,0423NC029,2023-04-21,4:28 PM,Other impacts,0,ROSEVILLE,CA,82,2,Day,Clear,Yard,Single Car,3,100,0,26192,M411,38.730404,-121.307769,55.2,63.2,66.2
BNSF,CA1120121,2020-11-24,8:48 PM,Derailment,0,DAGGETT,CA,54,4,Dark,Clear,Main,,0,0,984703,1031142,E44C,34.862489,-116.879805,56.7,50.7,51
UP,0119ST026,2019-01-09,9:40 AM,Derailment,0,BLOOMINGTON,CA,43,2,Day,Clear,Yard,,0,0,2206,24206,H307,34.067717,-117.367898,58.2,55,52.9
BNSF,CA0822113,2022-08-27,3:00 AM,Derailment,0,BARSTOW,CA,70,4,Dark,Clear,Yard,Yard/switching,5,3000,50000,53000,M411,34.89897,-117.046363,89.2,88.8,86.2
BNSF,CA1122102,2022-11-01,8:24 PM,Obstruction,0,ESCALON,CA,51,3,Dusk,Clear,Main,,0,0,2000,16849,M402,37.798581,-120.999078,56.1,53.4,49.8
BNSF,CA0617106,2017-06-10,2:07 AM,Derailment,0,TWAIN,CA,42,4,Dark,Clear,Siding,Freight Train,8,58681,0,258681,H503,40.022862,-121.113384,62.7,60.7,56.9
UP,0317LA033,2017-03-19,10:00 PM,Derailment,0,CARSON,CA,58,4,Dark,Cloudy,Yard,Yard/switching,4,3165,18777,21942,H704,33.819483,-118.231297,60.6,60.5,61.1
UP,1121LA051,2021-11-27,11:55 AM,Derailment,0,BLOOMINGTON,CA,60,2,Day,Clear,Yard,Freight Train,10,281630,499,282129,H525,34.066634,-117.390112,60.2,60.3,62.7
BNSF,CA1121105,2021-11-22,8:00 PM,Derailment,0,ONTARIO,CA,60,3,Dusk,Clear,Yard,Freight Train,7,10808,0,124088,H703,34.092486,-117.536368,72.2,68.7,64.3
BNSF,CA0919202,2019-09-07,12:50 AM,Hwy-rail crossing,0,RIVERSIDE,CA,68,4,Dark,Clear,Main,Freight Train,40,5000,20000,25000,M302,34.00479,-117.34256,82.8,80.3,71.5
UP,0323NC031,2023-03-21,2:52 PM,Obstruction,0,PORT COSTA,CA,54,2,Day,Rain,Main,,0,0,3584,32364,M404,38.040144,-122.176356,51.8,48.8,51.5
ATK,174019,2023-03-10,8:05 PM,Hwy-rail crossing,0,LE GRAND,CA,55,4,Dark,Rain,Main,Passenger Train - Pulling,71,22120,0,22120,M302,37.234396,-120.252745,48,55.9,58
BNSF,CA1214102,2014-12-07,4:10 PM,Derailment,0,CALIENTE,CA,70,2,Day,Clear,Main,Freight Train,23,3000,0,12444,E09L,35.244558,-118.580706,49.4,49.9,49.2
BNSF,NW0724119,2024-07-26,1:35 AM,Derailment,0,WESTWOOD,CA,59,4,Dark,Clear,Main,Freight Train,22,118006,161169,279175,E34C,40.803198,-121.289323,71.5,68.1,62.1
ATK,161347,2019-10-01,7:52 PM,Hwy-rail crossing,0,SAN JOSE,CA,62,4,Dark,Clear,Main,Passenger Train - Pulling,79,18838,0,21778,M302,37.25998,-121.81036,58.4,58,60.8
BNSF,CA0421204,2021-04-22,12:20 PM,Hwy-rail crossing,0,LENWOOD,CA,70,2,Day,Clear,Main,Freight Train,64,73000,18400,91400,M302,34.833938,-117.18581,64.3,65.8,69.6
UP,0319NC005,2019-03-05,12:30 PM,Hwy-rail crossing,0,OAKLAND,CA,54,2,Day,Cloudy,Main,,0,0,99,19498,M302,37.777441,-122.230955,53,54.5,56.2
PHL,202010101,2020-10-10,8:28 PM,Other impacts,0,LOS ANGELES,CA,73,4,Dark,Clear,Industry,Freight Train,7,20000,10000,30000,M501,33.759312,-118.243546,68.7,69.5,69
BNSF,CA1119115,2019-11-15,3:00 PM,Derailment,0,STOCKTON,CA,70,2,Day,Clear,Yard,Yard/switching,6,10430,2000,12430,H318,37.950532,-121.255801,60,57.9,56.9
BNSF,CA1218111,2018-12-17,1:29 PM,Other (describe in narrative),0,FONTANA,CA,68,2,Day,Clear,Yard,Freight Train,6,24000,0,24000,H509,34.09359,-117.500341,56.6,56.8,57.3
UP,0520LA022,2020-05-22,7:00 PM,Derailment,0,LOS ANGELES,CA,68,3,Dusk,Clear,Main,Freight Train,4,30938,0,40938,E05C,33.786039,-118.228581,69.3,67.6,66.7
UP,1219NC062,2019-12-20,9:30 AM,Derailment,0,OAKLAND,CA,48,2,Day,Fog,Yard,Yard/switching,10,7596,11379,18975,H704,37.802976,-122.303905,55.7,52,53.7
UP,1017LA014,2017-10-13,2:48 AM,Derailment,0,LOS ANGELES,CA,68,4,Dark,Clear,Main,Freight Train,10,18692,55764,74456,E59C,34.062658,-118.222405,67.1,66.8,70.4
BNSF,CA1117200,2017-11-01,4:35 PM,Hwy-rail crossing,0,BORON,CA,65,2,Day,Clear,Main,Freight Train,18,500,15000,15500,M302,34.99279,-117.54174,61.7,56.8,56.4
UP,0618LA025,2018-06-27,9:02 PM,Derailment,0,LOS ANGELES,CA,65,4,Dark,Clear,Main,Freight Train,30,0,52674,52674,E59C,33.962345,-118.243368,68.9,69.4,68.7
UP,1018LA025,2018-10-23,6:20 PM,Other impacts,0,BLOOMINGTON,CA,70,3,Dusk,Clear,Yard,Yard/switching,5,12592,348,13440,E39C,34.06567,-117.3831,65.1,67.3,68.1
SJVR,SJV183522R,2022-09-08,10:07 AM,Derailment,0,VISALIA,CA,92,2,Day,Clear,Siding,Freight Train,2,7000,0,34449,H704,36.350697,-119.420707,91.5,86.9,88.3
BNSF,CA1117103,2017-11-02,12:12 PM,Head on collision,0,LOS ANGELES,CA,68,2,Day,Cloudy,Yard,Freight Train,13,0,0,55288,H306,34.003403,-118.181054,65.8,63.8,64.5
BNSF,CA0120110,2020-01-14,6:55 PM,Other impacts,0,CONEJO,CA,55,3,Dusk,Clear,Yard,Yard/switching,5,14831,0,14831,H318,36.697212,-119.751883,41.9,43.7,43.5
BNSF,CA1223121,2023-12-27,4:00 AM,Derailment,0,KEENE,CA,52,1,Dawn,Clear,Siding,Freight Train,1,102296,1000,104643,H505,35.241596,-118.577981,47.6,46.2,44.9
UP,1118RS028,2018-11-15,6:42 AM,Hwy-rail crossing,0,BAKERSFIELD,CA,50,1,Dawn,Clear,Main,Freight Train,58,5977,9405,15382,M302,35.430537,-119.073385,54.5,55,53.9
ATK,163796,2020-04-02,4:50 PM,Hwy-rail crossing,0,OCEANSIDE,CA,0,2,Day,Clear,Main,Passenger Train - Pushing,61,23878,0,38112,M308,33.173988,-117.364327,58.6,61.2,56.9
BNSF,CA0519107,2019-05-04,4:00 PM,Derailment,0,DANBY,CA,75,2,Day,Clear,Main,Freight Train,27,54753,4782,59535,H503,34.634029,-115.346597,81.1,84,83.6
BNSF,CA0517111,2017-05-13,1:20 AM,Derailment,0,BARSTOW,CA,70,4,Dark,Clear,Yard,Yard/switching,7,3484,25000,28484,H607,34.90283,-117.024353,71.5,64.1,64.1
UP,1117RS016,2017-11-15,4:24 AM,Other impacts,0,ROSEVILLE,CA,56,4,Dark,Cloudy,Yard,Freight Train,0,6339,0,13004,H018,38.736166,-121.300581,54.4,53.1,54.9
UP,0921LA022,2021-09-14,10:00 PM,Derailment,0,LONG BEACH,CA,63,4,Dark,Cloudy,Yard,Yard/switching,10,14489,28650,43139,H703,33.829556,-118.227206,67.7,66.8,67.1
ATK,158666,2019-04-21,2:48 PM,Other (describe in narrative),0,FREMONT,CA,70,2,Day,Clear,Main,Passenger Train - Pulling,0,13137,0,13137,E79L,37.56036,-122.004013,56.2,56.9,62
UP,1019LA013,2019-10-07,3:15 PM,Derailment,0,KEENE,CA,82,2,Day,Clear,Main,,0,0,463873,1019651,E61C,35.20716,-118.353685,63,65.1,63.1
SJVR,SJV147122D,2022-07-28,2:10 AM,Derailment,0,FRESNO,CA,80,4,Dark,Clear,Siding,Freight Train,4,600,12500,13100,M405,36.720986,-119.767442,85.3,87.7,89
PCMZ,OP1191118,2019-11-18,1:20 AM,Other (describe in narrative),0,SAN JOSE,CA,50,4,Dark,Clear,Main,Spec. MoW Equip.,0,110000,0,110000,M599,37.321401,-121.900847,60.2,60.2,57.6
BNSF,CA0120117,2020-01-29,2:40 PM,Derailment,0,SAN BERNARDINO,CA,60,2,Day,Clear,Yard,Freight Train,8,16400,0,16400,H307,34.105529,-117.320122,56.8,56.9,59.8
UP,1019LA031,2019-10-21,2:34 PM,Fire/violent rupture,0,HESPERIA,CA,74,2,Day,Clear,Main,Freight Train,10,22442,0,22442,M406,34.430717,-117.299755,60.2,64.6,72.8
UP,0920NC029,2020-09-17,8:45 PM,Obstruction,0,CHICO,CA,90,4,Dark,Cloudy,Main,Freight Train,35,200,25614,25814,M402,39.712209,-121.833808,74.7,75.4,75
BNSF,CA1019120,2019-10-22,2:37 PM,Derailment,0,VERNON,CA,82,2,Day,Clear,Main,Freight Train,5,30000,0,33197,H605,34.012403,-118.204855,40.6,48.6,44.6
BNSF,CA0517103,2017-05-05,5:25 AM,Obstruction,0,POND,CA,70,1,Dawn,Clear,Main,,0,0,5000,74819,M402,35.695954,-119.330787,83.6,74.9,60.3
UP,0323NC058,2023-03-16,6:34 PM,Obstruction,0,RICHMOND,CA,55,3,Dusk,Clear,Main,,0,0,150,15772,M502,37.933459,-122.349847,50.5,50.7,52.9
UP,0922NC016,2022-09-15,8:37 PM,Hwy-rail crossing,0,LATHROP,CA,72,4,Dark,Clear,Main,,0,0,150,150,M303,37.85559,-121.274747,68.9,68.1,69.2
UP,0819NC054,2019-08-21,4:30 PM,Hwy-rail crossing,0,KINGSBURG,CA,92,2,Day,Clear,Main,Freight Train,58,111,93969,94080,M303,36.517949,-119.558619,78.2,79.2,81.7
UP,0819LA032,2019-08-28,8:00 AM,Other impacts,0,BLOOMINGTON,CA,65,2,Day,Clear,Yard,Yard/switching,4,5276,25698,38244,M411,34.064802,-117.383099,80.5,76.9,80
ATK,155883,2018-04-08,1:10 AM,Fire/violent rupture,0,NEEDLES,CA,79,4,Dark,Cloudy,Main,Passenger Train - Pulling,0,15398,0,15398,E79L,34.840727,-114.605189,86.5,82.2,80.1
ATK,166652,2021-03-18,8:55 AM,Hwy-rail crossing,0,OAKLAND,CA,64,2,Day,Cloudy,Main,Passenger Train - Pulling,70,140597,0,141125,M303,37.774857,-122.227219,50.5,55,54.8
UP,1019NC054,2019-10-28,12:06 AM,Hwy-rail crossing,0,RICHMOND,CA,55,4,Dark,Clear,Main,,0,0,249,28591,M308,37.958653,-122.359747,61.8,58.4,55.5
BNSF,CA0417102,2017-04-04,6:50 PM,Derailment,0,LOS ANGELES,CA,68,3,Dusk,Clear,Yard,Light loco(s),18,8000,102485,110485,H602,33.789717,-118.253121,60.4,63.3,66.8
UP,0323ES041,2023-03-09,1:00 AM,Derailment,0,ALTA,CA,27,4,Dark,Snow,Main,Maint./inspect Car,2,16271,0,16271,M101,39.257187,-120.711107,26.4,32.4,37.1
TSWS,20201228,2020-12-28,3:00 PM,Derailment,0,LATHROP,CA,54,2,Day,Clear,Yard,Yard/switching,5,0,19755,19755,H702,37.848536,-121.26515,48.7,49.4,45.5
BNSF,CA0222109,2022-02-12,3:30 AM,Derailment,0,LONG BEACH,CA,50,4,Dark,Clear,Main,Yard/switching,4,28600,0,372789,H524,33.784578,-118.228911,65.4,67.6,68.1
UP,1023NC016,2023-10-14,3:00 AM,Fire/violent rupture,0,MCFARLAND,CA,57,4,Dark,Clear,Main,Freight Train,50,63357,0,63357,M501,35.664154,-119.223464,67.5,68.3,68.7
UP,1017LA022,2017-10-21,3:31 AM,Hwy-rail crossing,0,GLAMIS,CA,70,4,Dark,Clear,Main,,0,0,0,21455,M308,32.997596,-115.070901,75.7,72.3,73.8
TSWS,1912252045,2019-12-25,8:45 PM,Other (describe in narrative),0,FRENCH CAMP,CA,43,4,Dark,Cloudy,Main,Light loco(s),10,0,0,23594,H702,37.830985,-121.263116,45.1,49,48.1
ATK,165731,2020-10-31,9:15 AM,Hwy-rail crossing,0,OAKLAND,CA,80,2,Day,Clear,Main,Passenger Train - Pushing,74,14522,0,14672,M308,37.77208,-122.223247,57.9,60.4,61.5
PHL,201810011,2018-10-01,5:15 PM,Derailment,0,LONG BEACH,CA,87,2,Day,Clear,Industry,Freight Train,4,13624,0,13624,E64C,33.746502,-118.189924,70.6,76.5,72.7
UP,0218RS026,2018-02-21,8:00 AM,Other impacts,0,STOCKTON,CA,56,2,Day,Clear,Yard,Yard/switching,7,56879,0,111998,H702,37.918975,-121.273878,42.4,44.1,44.2
UP,0422NC037,2022-04-26,3:40 PM,Broken train collision,0,ROSEVILLE,CA,73,2,Day,Clear,Yard,Yard/switching,4,159,0,25789,E30C,38.745122,-121.29164,63.7,63.1,59.8
UP,0620LA048,2020-06-24,2:06 PM,Derailment,0,COLTON,CA,88,2,Day,Clear,Main,Freight Train,2,108135,756201,864336,E99L,34.067998,-117.344088,73.4,72.9,71.5
BNSF,CA1020110,2020-10-25,11:30 PM,Derailment,0,BARSTOW,CA,48,4,Dark,Clear,Yard,Light loco(s),5,30000,0,30000,M409,34.903715,-117.032474,67.8,62,51.9
ATK,154386,2018-07-20,3:58 AM,Hwy-rail crossing,0,COTTONWOOD,CA,65,4,Dark,Clear,Main,Passenger Train - Pulling,66,19475,0,19625,M308,40.381644,-122.279624,91.1,88.1,85.3
UP,0823NC027,2023-08-23,5:56 AM,Derailment,0,STOCKTON,CA,67,1,Dawn,Clear,Yard,Freight Train,10,477,0,50477,E60C,37.946521,-121.276789,77.2,81.4,81.6
UP,1020LA038,2020-10-26,5:00 AM,Other impacts,0,BLOOMINGTON,CA,60,1,Dawn,Cloudy,Yard,Yard/switching,11,353,0,27937,M411,34.066891,-117.384638,62.6,61,67.3
ATK,157078,2019-01-07,9:10 AM,Obstruction,0,ISLA VISTA,CA,56,2,Day,Clear,Main,Passenger Train - Pushing,75,19238,0,19238,M404,34.449512,-119.980792,51.8,56.3,55.1
BNSF,CA0319114,2019-03-28,6:30 AM,Derailment,0,BELL,CA,70,1,Dawn,Clear,Yard,Freight Train,9,14000,8100,22100,H607,34.005432,-118.185747,61.2,61.4,61
UP,0919NC025,2019-09-16,12:24 PM,Hwy-rail crossing,0,DAVIS,CA,75,2,Day,Cloudy,Main,,0,0,1080,20262,M308,38.557779,-121.675577,70.1,68.8,66.3
BNSF,CA0723119,2023-07-28,1:50 PM,Derailment,0,BARSTOW,CA,100,2,Day,Clear,Yard,Freight Train,10,157992,302975,460967,T216,34.891311,-117.076368,94.8,94.1,94.3