reportingrailroadcode,accidentnumber,date,time,accidenttype,hazmatreleasedcars,station,stateabbr,temperature,visibility_code,visibility,weathercondition,tracktype,equipmenttype,trainspeed,equipmentdamagecost,trackdamagecost,totaldamagecost,primaryaccidentcausecode,latitude,longitude,prior_temp,actual_temp,following_temp
UP,0321LA022,2021-03-16,11:40 PM,Derailment,0,CALIENTE,CA,35,4,Dark,Clear,Main,,0,0,3590,802459,H506,35.274336,-118.630379,37.2,40.8,44.6
BNSF,CA0719114,2019-07-20,9:00 AM,Derailment,0,BARSTOW,CA,98,2,Day,Clear,Yard,Freight Train,7,8469,2500,10969,H503,34.896143,-117.067679,84.2,84.4,87.6
UP,0417RS051,2017-04-25,10:50 AM,Derailment,0,CASTELLA,CA,57,2,Day,Clear,Main,Freight Train,24,21040,1034260,1055300,E67C,41.079703,-122.351456,47.8,46.3,50.2
UP,1019LA026,2019-10-22,2:37 PM,Derailment,0,VERNON,CA,82,2,Day,Clear,Main,,0,0,3197,33197,H605,34.00848,-118.204752,40.6,48.6,44.6
UP,0919LA012,2019-09-12,4:30 AM,Derailment,0,BLOOMINGTON,CA,65,1,Dawn,Clear,Yard,Yard/switching,10,566,19144,19710,M101,34.065976,-117.377432,71.7,77.9,82.6
PCMZ,20190424A,2019-04-24,2:00 PM,Obstruction,0,SAN JOSE,CA,88,2,Day,Clear,Main,Commuter Train - Pulling,33,5733,12500,18233,H499,37.316178,-121.887536,71.8,72.6,64.6
UP,1223NC037,2023-12-29,2:50 PM,Derailment,0,ANTELOPE,CA,64,2,Day,Cloudy,Yard,Yard/switching,7,12080,0,12080,E39C,38.722864,-121.316606,55,55.7,53.7
BNSF,CA1019116,2019-10-17,1:15 AM,Derailment,0,NATIONAL CITY,CA,65,4,Dark,Clear,Industry,Cut of cars,0,34662,0,226421,H306,32.653065,-117.117197,67.8,67.6,66.8
ATK,157639,2019-02-14,8:20 PM,Obstruction,0,RIVERBANK,CA,51,4,Dark,Cloudy,Main,Passenger Train - Pushing,75,60158,0,60158,M402,37.745716,-120.943451,56.4,57.7,48.9
UP,0119ST015,2019-01-07,6:17 AM,Derailment,0,LOS ANGELES,CA,51,1,Dawn,Rain,Yard,Light loco(s),2,18870,2272,21142,H307,34.017416,-118.229781,53.5,54.4,58.6
UP,0117RS043,2017-01-18,4:08 AM,Obstruction,0,REDDING,CA,35,4,Dark,Cloudy,Main,,0,0,0,38138,M402,40.630651,-122.397354,43.3,45.1,48
UP,1220LA023,2020-12-18,2:45 PM,Other impacts,0,BLOOMINGTON,CA,66,2,Day,Clear,Yard,Yard/switching,1,29544,150,29794,M411,34.066281,-117.38857,53.5,55.9,56.6
UP,0123NC076,2023-01-20,6:47 PM,Fire/violent rupture,0,CITRUS HEIGHTS,CA,53,3,Dusk,Clear,Main,,0,0,0,0,E73L,38.694885,-121.344404,46.2,44,42.2
UP,1119NC021,2019-11-13,6:50 PM,Hwy-rail crossing,0,CASTROVILLE,CA,49,4,Dark,Rain,Main,,0,0,150,20772,M302,36.7144,-121.717589,55.8,54,57.6
UP,1116LA007,2016-11-09,11:15 AM,Fire/violent rupture,0,LOS ANGELES,CA,93,2,Day,Clear,Main,Yard/switching,0,60014,0,60014,E73L,33.781762,-118.237117,70.9,77.9,75.8
ATK,172320,2022-10-10,3:33 AM,Derailment,0,LOS ANGELES,CA,65,4,Dark,Cloudy,Yard,Light loco(s),5,15024,550,15574,H017,34.02806,-118.22698,68.7,67.5,69
SCAX,091120,2020-09-11,8:35 PM,Derailment,0,COLTON,CA,72,4,Dark,Clear,Yard,Commuter Train - Pushing,4,11874,6000,17874,H799,34.090391,-117.318917,73.1,74.5,74.3
BNSF,CA0320113,2020-03-28,2:25 AM,Derailment,0,STOCKTON,CA,50,4,Dark,Clear,Yard,Yard/switching,3,27937,1400,29337,H508,37.948488,-121.26567,51.7,52,56.4
BNSF,CA0417114,2017-04-15,10:58 PM,Side collision,0,CITY OF COMMERCE,CA,70,4,Dark,Clear,Yard,Yard/switching,6,1000,0,22487,H607,34.007681,-118.191025,60.7,63.1,63.2
UP,0719LA014,2019-07-23,7:30 PM,Derailment,0,BLOOMINGTON,CA,98,3,Dusk,Cloudy,Yard,Yard/switching,4,26377,25072,51449,M404,34.067727,-117.377972,79.8,87.7,87.8
UP,1223NC001,2023-12-01,9:14 PM,Hwy-rail crossing,0,MERCED,CA,50,4,Dark,Clear,Main,Freight Train,50,0,97984,97984,M303,37.280471,-120.448306,50.5,50.3,50.7
PHL,PHL00086F,2023-06-14,10:22 AM,Other impacts,0,LONG BEACH,CA,63,2,Day,Cloudy,Yard,Cut of cars,0,42738,0,74349,H607,33.755798,-118.205106,65.1,63.6,64.8
UP,1119LA012,2019-11-08,9:53 PM,Derailment,0,LOS ANGELES,CA,72,4,Dark,Clear,Yard,Light loco(s),1,34319,1400,35719,E64L,34.012636,-118.194078,65.5,69.4,72.4
UP,0420LA008,2020-04-05,12:33 PM,Derailment,0,BLOOMINGTON,CA,59,2,Day,Cloudy,Main,Yard/switching,4,11477,6692,18169,H221,34.067912,-117.383958,58.1,56.2,53.4
UP,0123NC046,2023-01-24,6:44 PM,Other impacts,0,ROSEVILLE,CA,59,3,Dusk,Clear,Yard,Light loco(s),8,10350,3750,17144,H306,38.734631,-121.303033,48.2,42.7,48.3
BNSF,CA0917109,2017-09-20,6:00 AM,Raking collision,0,LOS ANGELES,CA,68,1,Dawn,Clear,Yard,Freight Train,8,30634,1500,50171,H018,33.796015,-118.254094,70.6,70.3,68.4
UP,1218ST025,2018-12-14,12:30 PM,Derailment,0,KEENE,CA,54,2,Day,Cloudy,Siding,,0,0,5660,145207,H522,35.267153,-118.598364,43.9,45.3,44.5
BNSF,CA1118105,2018-11-07,10:08 PM,Derailment,0,CHINO HILLS,CA,65,4,Dark,Clear,Main,Freight Train,6,47875,800,48675,H601,33.873881,-117.67606,64.7,62.9,66.9
UP,0723NC018,2023-07-02,4:39 PM,Fire/violent rupture,0,BAKERSFIELD,CA,105,2,Day,Clear,Yard,Single Car,0,26252,150,26402,E99C,35.373594,-118.976283,92.5,94,91.9
UP,0823NC025,2023-08-19,5:00 AM,Fire/violent rupture,0,BAKERSFIELD,CA,74,1,Dawn,Clear,Yard,Cut of cars,0,16730,0,16730,M501,35.373197,-118.974171,88.2,83.4,72.2
UP,1221LA024,2021-12-17,10:30 PM,Derailment,0,YERMO,CA,42,4,Dark,Clear,Yard,Freight Train,5,12606,3750,16356,H702,34.897088,-116.841609,43,42.8,40.5
PCJX,PCJX00041F,2024-01-03,5:59 AM,Obstruction,0,BURLINGAME,CA,48,4,Dark,Rain,Main,Passenger Train - Pulling,76,0,0,0,M402,37.588182,-122.364089,53.5,53,53.5
BNSF,CA0121111,2021-01-20,10:10 PM,Derailment,0,SUMMIT,CA,45,4,Dark,Cloudy,Main,,0,0,1800000,1809747,M201,34.325644,-117.428264,48.7,48.7,49.2
UP,0619NC002,2019-06-02,11:02 AM,Obstruction,0,OAKLAND,CA,61,2,Day,Cloudy,Main,,0,0,300,11001,M509,37.74581,-122.190807,59.9,61.2,60.1
BNSF,CA1221114,2021-12-28,2:35 PM,Derailment,0,COMMERCE,CA,60,2,Day,Clear,Main,Freight Train,8,15000,15000,30000,S099,34.010889,-118.202839,49.9,50.1,50
BNSF,CA0823134,2023-08-30,11:58 PM,Derailment,0,NEEDLES,CA,107,4,Dark,Clear,Main,Freight Train,15,20000,0,20000,E34C,34.954605,-114.802366,101.5,101.8,101.3
BNSF,CA0822110,2022-08-23,7:58 PM,Other (describe in narrative),0,BARSTOW,CA,95,3,Dusk,Clear,Yard,Light loco(s),8,32416,9285,41701,M409,34.895542,-117.058239,92.3,89.6,84.4
UP,0921NC046,2021-09-24,5:18 AM,Derailment,0,GOLD RUN,CA,75,1,Dawn,Clear,Main,Freight Train,14,99885,1232,101117,E79L,39.174706,-120.866146,74.5,76.1,72.8
BNSF,CA0123113,2023-01-25,8:30 AM,Derailment,0,BAKERSFIELD,CA,42,1,Dawn,Clear,Yard,Light loco(s),7,42000,32000,74000,H607,35.371404,-119.050536,44.8,47.4,49.2
BNSF,CA0523201,2023-05-09,8:40 PM,Hwy-rail crossing,0,FRESNO,CA,68,3,Dusk,Clear,Main,Freight Train,29,1250,10600,11850,M302,36.765065,-119.79135,63.8,62.7,63.4
ARZC,ARZ676321O,2021-01-26,4:45 PM,Derailment,0,CADIZ,CA,48,2,Day,Clear,Yard,,0,0,44786,104786,H524,34.519323,-115.50787,78,79.3,75.8
BNSF,CA0417113,2017-04-24,8:30 PM,Derailment,0,TORRANCE,CA,68,3,Dusk,Clear,Yard,Light loco(s),4,3500,13000,16500,H307,33.858698,-118.352976,64.7,62.8,66.4
SJVR,SJV626323A,2023-12-02,11:30 PM,Fire/violent rupture,0,BAKERSFIELD,CA,45,4,Dark,Clear,Yard,Cut of cars,0,124521,0,124521,M502,35.37403,-118.977,50.9,50.3,50.9
BNSF,CA0222110,2022-02-14,8:00 PM,Derailment,0,LOS ANGELES,CA,60,3,Dusk,Clear,Yard,Light loco(s),4,30000,1000,31000,H017,33.796506,-118.254029,68.6,60.8,55.6
ATK,180389,2024-05-26,4:03 PM,Hwy-rail crossing,0,SANTA ANA,CA,70,2,Day,Clear,Main,Passenger Train - Pulling,55,15193,0,15193,M308,33.735141,-117.84493,62.6,63.7,62.5
BNSF,CA0921111,2021-09-27,10:36 PM,Derailment,0,FRESNO,CA,66,4,Dark,Clear,Yard,Yard/switching,5,51174,5000,56174,E36C,36.71215,-119.77112,74.6,72.3,68.3
UP,0921NC054,2021-09-08,10:54 PM,Hwy-rail crossing,0,ALVISO,CA,74,4,Dark,Cloudy,Main,,0,0,200,11607,M302,37.428307,-121.977549,73.2,72.9,69.4
UP,0718RS029,2018-07-18,3:25 PM,Derailment,0,SHAFTER,CA,105,2,Day,Clear,Industry,Yard/switching,2,1500,11050,12550,H702,35.496151,-119.162104,90.6,90.4,93.1
PCMZ,20190513A,2019-05-13,9:05 AM,Derailment,0,SAN JOSE,CA,66,2,Day,Clear,Main,Commuter Train - Pulling,15,50979,45804,96783,M505,37.332613,-121.903347,61.5,60,60.3
UP,1019LA020,2019-10-18,6:00 AM,Derailment,0,CARSON,CA,63,1,Dawn,Clear,Yard,Light loco(s),0,2314,0,37958,T217,33.843387,-118.22207,67.6,67.9,66.9
BNSF,CA0421107,2021-04-08,4:30 PM,Derailment,0,SAN BERNARDINO,CA,72,2,Day,Clear,Main,Freight Train,15,5200,1134000,1139200,E53C,34.272399,-117.453714,65.2,63.8,64.3
UP,0917LA034,2017-09-19,9:20 PM,Other impacts,0,VAN NUYS,CA,67,4,Dark,Clear,Yard,Yard/switching,13,42842,0,42975,H309,34.210616,-118.441862,67.9,68,67.9
UP,1220LA023,2020-12-18,2:45 PM,Other impacts,0,BLOOMINGTON,CA,66,2,Day,Clear,Yard,Single Car,2,100,0,29794,M411,34.066281,-117.38857,53.5,55.9,56.6
BNSF,CA0321115,2021-03-18,8:32 PM,Hwy-rail crossing,0,LIVINGSTON,CA,53,4,Dark,Rain,Main,,0,0,25000,42548,M302,37.419237,-120.66772,49.3,56.7,54.9
BNSF,CA0817107,2017-08-12,10:29 PM,Derailment,0,BARSTOW,CA,65,4,Dark,Clear,Yard,Yard/switching,4,13846,1000,14846,S016,34.898948,-117.045804,89.4,90.5,87.5
ATK,173950,2023-03-03,10:37 AM,Hwy-rail crossing,0,GOLETA,CA,57,2,Day,Cloudy,Main,Passenger Train - Pulling,75,231091,0,231091,M302,34.460253,-120.003483,50.7,50,51.4
UP,0919LA017,2019-09-15,9:00 AM,Derailment,0,SANTA FE SPRINGS,CA,69,2,Day,Cloudy,Industry,Yard/switching,2,36249,1278,37527,H522,33.960641,-118.061529,79,74.5,73
UP,0122NC079,2022-01-24,1:13 PM,Other (describe in narrative),0,ROSEVILLE,CA,56,2,Day,Clear,Yard,Single Car,0,13110,0,13110,M201,38.754465,-121.278445,45,44.7,46.1
UP,0718RS035,2018-07-19,3:53 AM,Hwy-rail crossing,0,COTTONWOOD,CA,70,4,Dark,Clear,Main,,0,0,150,17311,M308,40.38732,-122.270528,91.1,91.1,88.1
UP,0321NC029,2021-03-18,10:58 AM,Hwy-rail crossing,0,OAKLAND,CA,54,2,Day,Cloudy,Main,,0,0,528,141125,M303,37.773608,-122.225471,50.5,55,54.8
UP,1219NC071,2019-12-25,8:45 PM,Other (describe in narrative),0,FRENCH CAMP,CA,43,4,Dark,Cloudy,Main,,0,0,23594,23594,H702,37.830985,-121.263116,45.1,49,48.1
UP,0519NC019,2019-05-09,1:50 AM,Derailment,0,QUINCY,CA,58,4,Dark,Clear,Main,,0,0,682376,688376,E51C,40.03498,-120.973636,64.5,65.4,66.9
UP,0821LA055,2021-08-31,9:20 AM,Derailment,0,CARSON,CA,65,2,Day,Cloudy,Yard,Yard/switching,5,55351,167910,223261,H702,33.831612,-118.226377,68.9,68.2,69.9
BNSF,CA1223110,2023-12-15,3:56 PM,Derailment,0,FRESNO,CA,55,2,Day,Clear,Yard,Cut of cars,3,45943,0,107278,H020,36.707918,-119.766296,49.7,50.1,50.5
UP,0620NC021,2020-06-10,4:08 AM,Fire/violent rupture,0,CHICO,CA,72,1,Dawn,Clear,Main,Freight Train,30,44796,33,44829,E79L,39.796771,-121.969495,75.2,81.4,82
BNSF,CA0523109,2023-05-18,9:27 AM,Derailment,0,TORRANCE,CA,62,2,Day,Clear,Main,Light loco(s),17,80000,0,161500,H607,33.837572,-118.325302,61.7,63.8,63.4
CCT,DRCV081419,2019-08-14,3:05 PM,Derailment,0,LODI,CA,101,2,Day,Clear,Industry,Yard/switching,7,400000,5250,405250,H318,38.127468,-121.243025,81.2,84.4,86.7
UP,0422NC037,2022-04-26,3:40 PM,Broken train collision,0,ROSEVILLE,CA,73,2,Day,Clear,Yard,Cut of cars,4,25381,249,25789,E30C,38.745122,-121.29164,63.7,63.1,59.8
ATK,161116,2019-09-16,12:24 PM,Hwy-rail crossing,0,DAVIS,CA,77,2,Day,Clear,Main,Passenger Train - Pulling,79,19182,0,20262,M309,38.557806,-121.675572,70.1,68.8,66.3
PCMZ,20180212A,2018-02-12,7:22 PM,Hwy-rail crossing,0,PALO ALTO,CA,52,3,Dusk,Clear,Main,Commuter Train - Pulling,75,40027,0,40027,M303,37.41462,-122.118651,52.2,51.4,53.5
BNSF,CA0420106,2020-04-07,9:23 PM,Obstruction,0,MADERA,CA,55,4,Dark,Clear,Main,,0,0,0,10745,M402,37.0085,-120.051405,49.8,52.5,55.9
BNSF,CA0517108,2017-05-18,4:25 AM,Derailment,0,STOCKTON,CA,60,4,Dark,Clear,Main,Freight Train,3,6361,9600,15961,H525,37.94985,-121.24921,64,68.4,72.8
UP,1023NC002,2023-10-04,11:45 AM,Hwy-rail crossing,0,REDDING,CA,76,2,Day,Clear,Main,Freight Train,35,21759,107123,128882,M302,40.550508,-122.386976,73.1,81,81.6
ATK,164355,2020-05-03,11:34 AM,Derailment,0,BAKERSFIELD,CA,71,2,Day,Clear,Yard,Yard/switching,10,122178,6282,128460,H702,35.372004,-119.006768,69.5,67.9,68.5
ATK,158088,2019-03-13,1:05 PM,Obstruction,0,CARPINTERIA,CA,53,2,Day,Clear,Main,Passenger Train - Pulling,50,30742,0,30742,M404,34.399167,-119.516389,58.8,55.6,57
UP,0319ST038,2019-03-17,2:54 AM,Derailment,0,BLOOMINGTON,CA,59,4,Dark,Clear,Yard,Yard/switching,2,134729,393770,528499,S102,34.067013,-117.382578,65.8,66,65.8
UP,0219NC002,2019-02-05,3:35 AM,Derailment,0,STOCKTON,CA,41,4,Dark,Cloudy,Yard,Yard/switching,9,68051,59264,127315,H704,37.930337,-121.27373,48.5,42.8,42
ATK,177807,2024-01-02,10:36 AM,Hwy-rail crossing,0,CAMARILLO,CA,53,2,Day,Clear,Main,Passenger Train - Pulling,70,2289,0,174369,M308,34.242555,-119.009981,57.3,53.6,56.9
SERA,SERA202412,2024-07-15,8:20 AM,Derailment,0,CONCORD,CA,65,2,Day,Clear,Yard,Yard/switching,5,20000,50000,70000,H704,38.05559,-122.012851,70.2,66.9,66.2
BNSF,CA0921113,2021-09-30,12:45 AM,Derailment,0,CALIENTE,CA,65,4,Dark,Clear,Main,Freight Train,13,42485,0,99785,H506,35.287634,-118.626022,59.3,61.6,63.8
BNSF,CA0318105,2018-03-13,6:30 AM,Derailment,0,BARSTOW,CA,60,1,Dawn,Clear,Yard,Yard/switching,2,22649,500,23149,M411,34.899763,-117.043414,60,64.1,57.3
UP,1019NC001,2019-10-01,7:52 PM,Hwy-rail crossing,0,SAN JOSE,CA,48,2,Day,Clear,Main,,0,0,2940,21778,M302,37.260886,-121.811796,58.4,58,60.8
BNSF,CA1119205,2019-11-22,5:39 AM,Hwy-rail crossing,0,SANTA FE SPRINGS,CA,59,1,Dawn,Clear,Main,,0,0,0,500000,M308,33.902629,-118.03818,58.2,60.4,63.3
PHL,202010211,2020-10-21,2:29 AM,Other impacts,0,LOS ANGELES,CA,68,4,Dark,Clear,Yard,Freight Train,5,15802,440,16242,H018,33.77803,-118.246323,68.5,68,68.4
ATK,160303,2019-07-29,8:48 PM,Obstruction,0,MADERA,CA,79,2,Day,Clear,Main,Passenger Train - Pulling,75,29883,0,29883,M402,36.933858,-119.983144,86.2,83.8,77.2
BNSF,CA0224117,2024-02-20,3:00 AM,Derailment,0,BARSTOW,CA,50,4,Dark,Rain,Yard,Light loco(s),2,25130,2825,27955,H303,34.90262,-117.037252,56.6,52.5,52.3
ATK,156919,2018-12-28,10:49 PM,Hwy-rail crossing,0,EMPIRE,CA,36,4,Dark,Clear,Main,Passenger Train - Pulling,58,16227,0,16727,M308,37.638252,-120.903613,46.9,45.3,41.6
LAJ,4621,2023-07-26,8:24 AM,Derailment,0,VERNON,CA,68,1,Dawn,Clear,Yard,,0,0,10947,77049,H306,34.004567,-118.200278,61.7,64.8,67.7
UP,0619LA043,2019-06-30,12:50 PM,Derailment,0,BLOOMINGTON,CA,83,2,Day,Clear,Yard,Yard/switching,4,27559,4400,31959,S006,34.066861,-117.39165,75.5,78.8,77.5
UP,0221LA005,2021-02-02,6:45 AM,Other impacts,0,BLOOMINGTON,CA,54,1,Dawn,Cloudy,Yard,Yard/switching,4,3857,0,119146,M411,34.066458,-117.384306,60.1,61.2,56.2
BNSF,CA0122115,2022-01-26,5:00 AM,Derailment,0,LONG BEACH,CA,50,1,Dawn,Fog,Yard,Freight Train,0,800,0,800,H607,33.755857,-118.248268,54.4,55.9,57.1
BNSF,CA0421101,2021-04-30,8:30 PM,Derailment,0,PERRIS,CA,65,3,Dusk,Clear,Industry,Light loco(s),8,0,12394,12394,H704,33.751727,-117.185536,70.7,74.3,66.8
UP,0119ST049,2019-01-21,9:15 AM,Derailment,0,EL CENTRO,CA,60,2,Day,Clear,Yard,Yard/switching,4,13109,10930,24039,H306,32.812958,-115.559162,56.6,60.1,52.7
BNSF,CA1223109,2023-12-13,9:23 AM,Derailment,0,BAKERSFIELD,CA,68,2,Day,Clear,Yard,Freight Train,9,18290,864000,882290,M502,35.371383,-119.024275,49.3,48.9,51.7
UP,1221NC036,2021-12-19,6:21 PM,Hwy-rail crossing,0,OAKLAND,CA,48,4,Dark,Clear,Main,Passenger Train - Pulling,0,0,33,16533,M302,37.765359,-122.213481,45.2,44,47.9
BNSF,CA0917104,2017-09-08,9:10 AM,Derailment,0,ANAHEIM,CA,78,2,Day,Clear,Siding,Freight Train,12,1000,13500,14500,H605,33.862441,-117.788226,75.1,72.1,73.7
BNSF,CA0817201,2017-08-22,3:55 PM,Hwy-rail crossing,0,CORCORAN,CA,90,2,Day,Clear,Main,Freight Train,51,4500,21800,26300,M302,36.196699,-119.628863,79.6,80.9,82.1
ATK,173397,2023-01-12,8:22 PM,Obstruction,0,BENICIA,CA,55,4,Dark,Cloudy,Main,Passenger Train - Pushing,59,11481,0,13181,M404,38.10932,-122.10078,52.1,54.7,54.1
UP,0323LA058,2023-03-27,7:00 AM,Derailment,0,LA PUENTE,CA,44,2,Day,Cloudy,Yard,Freight Train,7,159,50650,50809,M201,34.014367,-117.947151,56.2,60.1,61.4
BNSF,CA0224118,2024-02-19,9:40 PM,Other (describe in narrative),0,CARSON,CA,59,4,Dark,Rain,Main,Freight Train,0,30000,0,37840,H220,33.841127,-118.223259,59.8,58.6,58.2
UP,0423NC045,2023-04-22,10:34 AM,Obstruction,0,HOTLUM,CA,45,2,Day,Clear,Main,,0,0,0,0,M404,41.501726,-122.293427,54.4,56,58.4
BNSF,CA0122110,2022-01-13,2:21 AM,Derailment,0,TEHACHAPI,CA,45,4,Dark,Clear,Main,Freight Train,22,412393,0,1024218,H518,35.143884,-118.47529,53.1,51,48.4
BNSF,CA0719122,2019-07-29,8:48 PM,Obstruction,0,MADERA,CA,80,3,Dusk,Clear,Main,,0,0,0,29883,M402,36.937346,-119.986243,86.2,83.8,77.2
BNSF,CA1122110,2022-11-17,10:40 PM,Derailment,0,CORONA,CA,54,4,Dark,Clear,Yard,Freight Train,3,19200,35000,54200,M101,33.848372,-117.511272,64.9,61.9,54.3
PHL,20191113,2019-11-13,3:30 AM,Derailment,0,LOS ANGELES,CA,60,4,Dark,Cloudy,Yard,,0,0,3250,19580,H504,33.77843,-118.210487,64.9,63.5,63.4
BNSF,CA0417114,2017-04-15,10:58 PM,Side collision,0,CITY OF COMMERCE,CA,70,4,Dark,Clear,Yard,Freight Train,0,21487,0,22487,H607,34.007681,-118.191025,60.7,63.1,63.2
UP,0618LA027,2018-06-28,1:50 AM,Hwy-rail crossing,0,ONTARIO,CA,70,4,Dark,Clear,Main,Freight Train,37,71013,208909,279922,M302,34.060087,-117.641225,74.5,71.3,68.6
UP,0122NC034,2022-01-01,5:55 AM,Other impacts,0,STOCKTON,CA,37,1,Dawn,Clear,Yard,Yard/switching,4,34669,9598,64722,H318,37.926017,-121.272896,44,40.7,38.4
BNSF,CA0823123,2023-08-18,12:55 AM,Derailment,0,FRESNO,CA,78,4,Dark,Clear,Yard,Yard/switching,4,24000,25000,49000,H607,36.705065,-119.763211,91.4,86.8,81.7
BNSF,CA0823131,2023-08-28,10:25 PM,Derailment,0,STOCKTON,CA,94,4,Dark,Clear,Yard,Light loco(s),8,60000,154,60154,H607,37.950722,-121.251659,76,78.2,77.2
BNSF,CA0523113,2023-05-23,6:00 PM,Derailment,0,CADIZ,CA,70,3,Dusk,Clear,Yard,Freight Train,5,4998,0,84998,H503,34.520721,-115.512289,64.6,66.6,68
BNSF,CA0318123,2018-03-30,7:05 PM,Derailment,0,BARSTOW,CA,65,3,Dusk,Clear,Yard,Yard/switching,8,143829,40800,184629,S006,34.902543,-117.037172,66.1,69,71.2
UP,0918LA039,2018-09-28,7:15 PM,Derailment,0,CITY OF INDUSTRY,CA,85,3,Dusk,Clear,Industry,Freight Train,4,16605,12112,28717,M504,34.01636,-117.950038,72.3,69.5,69.6
UP,0423LA016,2023-04-16,6:55 PM,Derailment,0,BLOOMINGTON,CA,71,3,Dusk,Clear,Yard,Yard/switching,4,91949,128450,220399,M404,34.06448,-117.381386,59.2,59.2,55.7
NCTC,FY2115717,2021-03-24,1:38 AM,Derailment,0,ESCONDIDO,CA,39,4,Dark,Clear,Yard,,0,0,39639,42639,H307,33.116569,-117.089304,55.2,52.2,50.3
BNSF,CA0917109,2017-09-20,6:00 AM,Raking collision,0,LOS ANGELES,CA,68,1,Dawn,Clear,Yard,Cut of cars,4,18037,0,50171,H018,33.796015,-118.254094,70.6,70.3,68.4
UP,1022NC048,2022-10-11,7:16 PM,Obstruction,0,SUISUN CITY,CA,84,3,Dusk,Clear,Main,,0,0,0,0,M404,38.249501,-122.033489,67.2,65.2,64.5
BNSF,CA0817102,2017-08-04,1:40 PM,Derailment,0,SAN BERNARDINO,CA,98,2,Day,Clear,Yard,Freight Train,0,2085,0,38084,H704,34.104858,-117.321842,85.5,82.1,77.5
BNSF,CA1122115,2022-11-23,1:04 AM,Derailment,0,BARSTOW,CA,50,4,Dark,Clear,Yard,Yard/switching,8,6141,14000,20141,M407,34.900113,-117.042024,45.2,48.8,51.1
BNSF,CA0823109,2023-08-06,4:00 AM,Other impacts,0,BARSTOW,CA,70,1,Dawn,Clear,Yard,Yard/switching,3,206997,0,228997,H607,34.903496,-117.034388,86.9,87.9,88
UP,1120LA008,2020-11-08,10:58 PM,Hwy-rail crossing,0,OXNARD,CA,52,4,Dark,Cloudy,Main,,0,0,93868,98295,M302,34.21913,-119.176828,55.5,53.7,49.2
UP,1216RS011,2016-12-13,2:17 AM,Fire/violent rupture,0,TRACY,CA,42,4,Dark,Cloudy,Main,Freight Train,45,111026,0,111026,E74L,37.746984,-121.337448,48,50.8,54.6
BNSF,CA0418119,2018-04-08,1:10 AM,Fire/violent rupture,0,NEEDLES,CA,79,4,Dark,Cloudy,Main,,0,0,0,15398,E79L,34.840727,-114.605189,86.5,82.2,80.1
UP,0323LA015,2023-03-09,4:30 PM,Derailment,0,LONG BEACH,CA,59,2,Day,Clear,Yard,Light loco(s),5,17124,4850,21974,E99L,33.843361,-118.221978,54.1,58.3,57.4
BNSF,CA0717103,2017-07-07,5:40 AM,Derailment,0,FONTANA,CA,69,1,Dawn,Clear,Yard,Freight Train,5,5970,5000,10970,T213,34.094201,-117.481894,82.7,88.2,89.1
BNSF,CA1222113,2022-12-20,8:00 AM,Derailment,0,VICTORVILLE,CA,36,2,Day,Clear,Main,,0,0,1057000,1938283,E53C,34.532643,-117.286978,39.3,42.2,44.6
ATK,178356,2024-02-11,9:05 PM,Obstruction,0,OAKLAND,CA,51,4,Dark,Clear,Main,Passenger Train - Pulling,68,32145,0,32145,M402,37.772614,-122.22393,51.8,51.5,50.1
UP,0917LA016,2017-09-09,10:55 AM,Derailment,1,COLTON,CA,91,2,Day,Clear,Yard,Yard/switching,1,478675,109396,588071,E32C,34.066017,-117.348014,76.3,75.4,81.7
UP,1217LA021,2017-12-22,7:14 PM,Fire/violent rupture,0,GOLETA,CA,48,4,Dark,Clear,Main,,0,0,0,13577,E74L,34.439285,-119.828257,46.9,45.6,48.3
UP,0122LA038,2022-01-14,2:30 PM,Obstruction,0,BLOOMINGTON,CA,59,2,Day,Clear,Yard,Yard/switching,1,6073,152326,158399,M404,34.066634,-117.390112,59.6,63.9,63.5
BNSF,CA1221203,2021-12-30,6:04 PM,Hwy-rail crossing,0,WINTON,CA,41,3,Dusk,Cloudy,Main,,0,0,52000,53073,M302,37.403996,-120.643197,44.8,46.1,44.4
UP,1019LA003,2019-10-03,12:51 PM,Derailment,0,LOS ANGELES,CA,71,2,Day,Clear,Yard,Light loco(s),4,37241,3237,40478,H303,34.014248,-118.204945,68.7,67.9,67.9
ATK,172225,2022-10-02,1:58 PM,Hwy-rail crossing,0,FAIRFIELD,CA,77,2,Day,Clear,Main,Passenger Train - Pulling,78,20338,0,21288,M302,38.152206,-122.089754,65.2,66.2,67.2