reportingrailroadcode,accidentnumber,date,time,accidenttype,hazmatreleasedcars,station,stateabbr,temperature,visibility_code,visibility,weathercondition,tracktype,equipmenttype,trainspeed,equipmentdamagecost,trackdamagecost,totaldamagecost,primaryaccidentcausecode,latitude,longitude,prior_temp,actual_temp,following_temp
BNSF,CA0321111,2021-03-16,11:40 PM,Derailment,0,CALIENTE,CA,50,4,Dark,Clear,Main,Freight Train,8,798869,0,802459,H506,35.274336,-118.630379,37.2,40.8,44.6
UP,1020LA038,2020-10-26,5:00 AM,Other impacts,0,BLOOMINGTON,CA,60,1,Dawn,Cloudy,Yard,Single Car,0,159,27425,27937,M411,34.066891,-117.384638,62.6,61,67.3
PCMZ,20200311A,2020-03-11,5:10 PM,Hwy-rail crossing,0,BURLINGAME,CA,65,2,Day,Clear,Main,Commuter Train - Pushing,79,27000,1000,28000,M303,37.582565,-122.35072,60,59.3,55.4
BNSF,CA0520201,2020-05-07,3:13 PM,Hwy-rail crossing,0,ANTIOCH,CA,88,2,Day,Clear,Main,Freight Train,57,15000,0,15000,M302,38.011074,-121.773825,67.1,71.9,74.1
UP,0320LA012,2020-03-06,6:30 AM,Derailment,0,BLOOMINGTON,CA,55,1,Dawn,Clear,Yard,Yard/switching,2,88,11064,11152,S007,34.06653,-117.388233,64.1,61.6,57.2
BNSF,CA0520103,2020-05-07,9:50 PM,Derailment,0,KEENE,CA,60,4,Dark,Clear,Siding,Freight Train,5,250000,0,350810,H523,35.266975,-118.598149,59.2,63.6,66.9
UP,1123NC015,2023-11-08,5:26 PM,Hwy-rail crossing,0,KING CITY,CA,70,2,Day,Clear,Main,,0,0,0,0,M302,36.280042,-121.149253,57.3,52.9,51.3
UP,0320NC060,2020-03-25,3:30 AM,Hwy-rail crossing,0,MALAGA,CA,51,4,Dark,Cloudy,Main,Freight Train,29,6359,94169,100528,M302,36.671653,-119.726969,54.3,50.9,49.8
UP,1219LA018,2019-12-23,10:40 AM,Derailment,0,BLOOMINGTON,CA,50,2,Day,Rain,Yard,Yard/switching,7,4641,12304,16945,M409,34.066511,-117.351291,56.9,50.8,49.1
UP,0720LA015,2020-07-02,11:50 PM,Derailment,0,KEENE,CA,76,4,Dark,Clear,Main,Freight Train,18,4000,31420,35420,E24C,35.251332,-118.583665,71.6,70.2,70.3
UP,1021NC036,2021-10-21,8:25 AM,Hwy-rail crossing,0,ALAMEDA,CA,64,2,Day,Rain,Main,,0,0,150810,180070,M308,37.771807,-122.22285,61.8,65.8,61.6
SJVR,SJV805421L,2021-06-17,4:20 AM,Head on collision,0,BAKERSFIELD,CA,73,4,Dark,Clear,Siding,Freight Train,0,100000,0,400200,H702,35.316951,-119.026274,82.8,88.9,95.8
UP,0520LA007,2020-05-07,9:50 PM,Derailment,0,CALIENTE,CA,74,4,Dark,Clear,Siding,,0,0,100810,350810,H523,35.267647,-118.602526,60.7,65.4,68.9
BNSF,CA0420103,2020-04-03,10:50 AM,Derailment,0,IBIS,CA,70,2,Day,Clear,Main,Freight Train,32,8000,1333547,1341547,M208,34.891435,-114.759143,71,68.3,69.9
UP,0919NC057,2019-09-05,11:00 AM,Other (describe in narrative),0,OAKLAND,CA,67,2,Day,Cloudy,Yard,Single Car,0,39593,0,39593,M204,37.810192,-122.307406,65,64.7,64.5
BNSF,SW0323104,2023-03-15,9:50 PM,Derailment,0,TOPOCK,AZ,45,4,Dark,Rain,Main,Freight Train,10,252091,2012459,2264550,M103,34.737346,-114.395318,63.8,59.8,57.6
UP,0122LA031,2022-01-13,2:21 AM,Derailment,0,TEHACHAPI,CA,50,4,Dark,Cloudy,Main,,0,0,611825,1024218,H518,35.152226,-118.472514,53.1,51,48.4
BNSF,CA1120204,2020-11-21,4:44 PM,Hwy-rail crossing,0,CORCORAN,CA,68,2,Day,Clear,Main,Freight Train,50,20000,1000,21000,M302,36.094436,-119.554,48.4,48,47.5
ATK,165947,2020-12-01,5:39 PM,Hwy-rail crossing,0,FRESNO,CA,52,4,Dark,Clear,Main,Passenger Train - Pushing,78,16087,0,16087,M302,36.779455,-119.802479,49.3,49.5,50.1
UP,0723LA038,2023-07-25,7:00 AM,Other impacts,0,YUMA,AZ,86,2,Day,Clear,Yard,Yard/switching,5,43912,0,59317,H302,32.703298,-114.613503,100.3,102.2,99.7
UP,0720LA027,2020-07-23,3:12 PM,Derailment,0,COLTON,CA,76,2,Day,Clear,Yard,Yard/switching,5,6066,6800,12866,S013,34.06601,-117.388078,71.4,68.2,69.9
UP,0420LA038,2020-04-29,2:47 PM,Hwy-rail crossing,0,GUADALUPE,CA,58,2,Day,Cloudy,Main,,0,0,99,25683,M302,34.982659,-120.565866,62,57.8,59.6
UP,0122NC073,2022-01-27,4:30 AM,Other (describe in narrative),0,DORRIS,CA,20,1,Dawn,Clear,Main,Freight Train,40,161446,50498,211944,M299,41.948427,-121.927218,29.8,30.9,31.2
BNSF,CA0321123,2021-03-24,1:38 AM,Derailment,0,ESCONDIDO,CA,39,4,Dark,Clear,Yard,Freight Train,5,3000,0,42639,H307,33.116569,-117.089304,55.2,52.2,50.3
UP,0820LA013,2020-08-09,12:02 PM,Hwy-rail crossing,0,MECCA,CA,97,2,Day,Clear,Main,Freight Train,42,9399,14250,23649,M303,33.545201,-116.040307,94.8,95.8,96.7
BNSF,CA0621110,2021-06-13,4:57 AM,Obstruction,0,CORCORAN,CA,64,1,Dawn,Clear,Main,Freight Train,53,1500,16000,17500,M402,36.1663,-119.606615,74,80.3,78.1
UP,0521LA020,2021-05-12,5:00 PM,Other impacts,0,BLOOMINGTON,CA,84,2,Day,Clear,Yard,Single Car,0,5151,1120,19016,M411,34.066524,-117.383109,64.5,67.1,65.5
UP,0521LA025,2021-05-13,5:25 AM,Derailment,0,COLTON,CA,58,1,Dawn,Clear,Yard,Freight Train,2,134644,1960,136604,E39C,34.06687,-117.352432,67,65.3,63.4
ATK,175303,2023-06-28,11:24 AM,Hwy-rail crossing,0,MOORPARK,CA,75,2,Day,Clear,Main,Passenger Train - Pulling,66,1213000,0,2374922,M302,34.28145,-118.910583,62.3,62,62
UP,0321NC020,2021-03-11,6:05 PM,Hwy-rail crossing,0,CANNON,CA,61,3,Dusk,Clear,Main,,0,0,132,50025,M303,38.303217,-121.948298,46.3,48.4,53
BNSF,CA0321121,2021-03-24,1:58 AM,Derailment,0,ESCONDIDO,CA,54,4,Dark,Clear,Industry,Freight Train,4,1000,39639,40639,H607,33.116166,-117.088737,55.2,52.2,50.3
UP,0218RS030,2018-02-18,9:10 AM,Fire/violent rupture,0,HERCULES,CA,38,2,Day,Clear,Main,Light loco(s),40,58549,0,58549,E74L,38.014995,-122.293012,53.2,50.7,44.2
MET,8M2020,2020-05-27,2:50 AM,Derailment,0,MODESTO,CA,74,4,Dark,Clear,Yard,Cut of cars,0,39776,6476,150471,H706,37.372547,-120.551593,85.3,87.8,86.3
PHL,2020052201,2020-05-22,7:00 PM,Derailment,0,LOS ANGELES,CA,70,3,Dusk,Clear,Main,,0,0,10000,40938,E05C,33.786039,-118.228581,69.3,67.6,66.7
UP,0919NC040,2019-09-25,1:00 PM,Hwy-rail crossing,0,SALINAS,CA,83,2,Day,Clear,Main,Yard/switching,50,56422,1300,57722,M302,36.693524,-121.694986,70.6,73.3,67.2
BNSF,CA0820103,2020-08-07,4:30 AM,Derailment,0,BARSTOW,CA,105,1,Dawn,Clear,Yard,Yard/switching,4,9159,11500,20659,M411,34.901483,-117.039218,82.4,81.8,84.1
PCMZ,20220122A,2022-01-22,5:00 PM,Derailment,0,SAN JOSE,CA,60,2,Day,Clear,Yard,Commuter Train - Pushing,7,45838,0,45838,H303,37.338456,-121.909254,55.6,57.6,51.2
UP,0521LA002,2021-05-01,7:31 PM,Derailment,0,COLTON,CA,79,3,Dusk,Clear,Main,Freight Train,4,98486,1068,99554,H503,34.067998,-117.344088,76.9,68.1,60.7
UP,0921LA004,2021-09-05,1:45 AM,Derailment,0,CALIENTE,CA,71,4,Dark,Clear,Main,,0,0,454556,1104556,E99L,35.263575,-118.595218,71.1,75.1,78.9
UP,0121LA018,2021-01-20,10:10 PM,Derailment,0,SAN BERNARDINO,CA,45,4,Dark,Cloudy,Main,Freight Train,18,9747,0,1809747,M201,34.325644,-117.428264,55.7,63.1,58.9
UP,0322LA002,2022-03-03,7:56 PM,Derailment,0,KEENE,CA,61,3,Dusk,Clear,Main,Freight Train,0,71928,404375,703631,E02C,35.267128,-118.606156,49.9,48.9,41.9
BNSF,CA0618204,2018-06-18,11:45 PM,Hwy-rail crossing,0,SAN BERNARDINO,CA,56,4,Dark,Clear,Main,,0,0,0,269854,M308,34.27096,-117.455215,63.9,66.6,69.1
UP,1221LA046,2021-12-31,5:30 AM,Other impacts,0,BLOOMINGTON,CA,45,1,Dawn,Clear,Yard,Single Car,1,75005,0,76704,M411,34.066961,-117.388219,51.8,50.4,51
ATK,164314,2020-04-29,5:35 AM,Derailment,0,OAKLAND,CA,52,1,Dawn,Cloudy,Yard,Yard/switching,5,14642,0,14642,H702,37.79923,-122.28818,63.7,59.1,60.3
UP,1220LA027,2020-12-22,2:40 AM,Derailment,0,LOS ANGELES,CA,54,4,Dark,Clear,Yard,Freight Train,4,477,158185,158662,H501,34.062449,-118.224006,66,58.7,58.8
UP,0120ES075,2020-01-29,3:17 PM,Derailment,0,NIPTON,CA,50,2,Day,Clear,Main,Spec. MoW Equip.,11,19771,5011,24782,E59L,35.176141,-115.508542,51.7,51.7,51.2
UP,0222NC007,2022-02-06,4:30 AM,Derailment,0,CASTELLA,CA,47,1,Dawn,Clear,Main,Freight Train,25,148370,2128,150498,E00C,41.05499,-122.375721,40.9,40.2,42.4
BNSF,CA0720111,2020-07-21,9:15 AM,Derailment,0,SAN BERNARDINO,CA,78,2,Day,Clear,Yard,Yard/switching,12,0,125032,125032,H307,34.104902,-117.307446,75.7,75,71.4
PCMZ,20210219A,2021-02-19,7:24 PM,Hwy-rail crossing,0,REDWOOD CITY,CA,55,4,Dark,Clear,Main,Commuter Train - Pushing,65,97239,0,97239,M303,37.48043,-122.222877,51.7,54.4,52.5
UP,0821NC041,2021-08-27,3:07 PM,Derailment,0,MOUNT SHASTA,CA,79,2,Day,Clear,Main,Freight Train,8,881039,67580,948619,H506,41.268681,-122.303445,67.5,70,69.5
UP,0821LA027,2021-08-10,9:00 PM,Derailment,0,BEAUMONT,CA,88,4,Dark,Clear,Main,Light loco(s),10,500,73600,74100,H705,33.92661,-116.98118,74.3,73.8,77.5
PCMZ,20201120A,2020-11-20,4:37 PM,Hwy-rail crossing,0,BURLINGAME,CA,52,2,Day,Clear,Main,Commuter Train - Pushing,60,22840,22364,45204,M303,37.587834,-122.36325,53.5,53.8,53.1
ATK,166107,2020-12-24,12:40 PM,Obstruction,0,FREMONT,CA,55,2,Day,Clear,Main,Passenger Train - Pushing,80,1867575,0,1867608,M402,37.503674,-121.997817,49.7,47.9,53.7
UP,0221LA010,2021-02-05,5:55 AM,Other impacts,0,BLOOMINGTON,CA,46,1,Dawn,Clear,Yard,Yard/switching,4,100,0,64147,M411,34.066038,-117.379511,54,55.2,58.6
UP,0820NC032,2020-08-14,8:11 PM,Derailment,0,FREMONT,CA,94,4,Dark,Clear,Main,,0,0,14953,55478,E44C,37.566697,-121.982944,77.6,85.3,84.4
UP,1121LA046,2021-11-24,12:21 PM,Derailment,0,LOS ANGELES,CA,70,2,Day,Clear,Yard,Freight Train,10,3919,221229,225148,H303,34.009064,-118.165387,64.2,62,61.4
CCT,DRPS062821,2021-06-28,8:20 AM,Derailment,0,STOCKTON,CA,84,2,Day,Clear,Yard,Yard/switching,6,35000,0,35000,H702,37.940677,-121.330546,75.9,75.1,78.2
UP,1221NC038,2021-12-24,12:15 AM,Derailment,0,STOCKTON,CA,52,4,Dark,Cloudy,Yard,Yard/switching,4,13040,50,13090,E29C,37.917974,-121.273075,53.2,52.5,48.6
UP,0520LA010,2020-05-10,12:54 PM,Fire/violent rupture,0,NILAND,CA,91,2,Day,Clear,Main,Freight Train,50,27833,0,27833,M406,33.309267,-115.597674,85.1,87,83.5
UP,0723LA038,2023-07-25,7:00 AM,Other impacts,0,YUMA,AZ,86,2,Day,Clear,Yard,Single Car,0,15405,0,59317,H302,32.703298,-114.613503,100.3,102.2,99.7
BNSF,CA1020107,2020-10-15,9:55 PM,Derailment,0,CUCAMONGA,CA,68,4,Dark,Clear,Industry,Light loco(s),2,43578,0,43578,H607,34.093185,-117.503081,81.2,81.6,83.1
UP,1219LA020,2019-12-27,4:40 AM,Other impacts,0,BLOOMINGTON,CA,44,1,Dawn,Cloudy,Yard,Freight Train,0,15722,0,47493,H307,34.067858,-117.366013,45.4,49.2,46.8
UP,1021NC012,2021-10-04,7:48 AM,Fire/violent rupture,0,BAKERSFIELD,CA,65,1,Dawn,Clear,Yard,Single Car,0,83875,33,83908,M502,35.375012,-118.982224,76.7,75.1,78
UP,0520NC013,2020-05-10,11:54 PM,Derailment,0,ROSEVILLE,CA,62,4,Dark,Clear,Yard,Yard/switching,10,7610,27032,34642,H702,38.723619,-121.312096,74.4,67,61.6
SCAX,112219C,2019-11-22,11:00 AM,Derailment,0,LOS ANGELES,CA,68,2,Day,Clear,Yard,Yard/switching,6,57000,3491202,3548202,H104,34.090398,-118.228044,60.2,62.3,64.4
BNSF,CA0721101,2021-07-04,9:54 AM,Derailment,0,RICHMOND,CA,75,2,Day,Clear,Yard,Yard/switching,8,8000,8500,16500,H503,37.925389,-122.380699,65.3,65.7,64.4
UP,0621RM014,2021-06-14,2:04 PM,Derailment,0,NEWBERRY SPRINGS,CA,94,2,Day,Clear,Siding,Freight Train,18,164684,462635,627319,E49C,34.981612,-116.595276,85.8,85.3,91.2
ITSL,ITSL213,2021-08-21,8:00 AM,Derailment,0,STOCKTON,CA,80,2,Day,Clear,Yard,Yard/switching,10,50000,12000,62000,H702,37.905695,-121.173271,69.8,66.2,67.3
UP,0222NC015,2022-02-15,10:55 AM,Derailment,0,ROSEVILLE,CA,45,2,Day,Clear,Yard,Yard/switching,4,6180,5280,11460,E85C,38.732965,-121.304435,53.3,50.1,52.3
UP,1219LA022,2019-12-26,11:21 PM,Derailment,0,CALIENTE,CA,36,4,Dark,Sleet,Main,Freight Train,21,5912,310795,316707,E68C,35.285183,-118.656114,39,35.2,35
PHL,PHL000023,2021-08-14,12:49 PM,Derailment,0,LOS ANGELES,CA,75,2,Day,Clear,Main,,0,0,58000,70141,H524,33.783973,-118.2286,76.1,74.3,75.2
UP,0320LA021,2020-03-12,12:30 PM,Other impacts,0,BLOOMINGTON,CA,61,2,Day,Rain,Yard,Freight Train,0,924,0,62699,E30C,34.0666,-117.376082,61.4,54.3,53.3
SJVR,SJV825418S,2018-10-18,5:54 AM,Side collision,0,BAKERSFIELD,CA,73,1,Dawn,Clear,Main,Freight Train,4,189795,7396,197191,H018,35.421159,-118.998169,69.2,69,68.4
UP,1021LA055,2021-10-30,3:14 PM,Derailment,0,BLOOMINGTON,CA,77,2,Day,Clear,Yard,Yard/switching,7,170652,24560,195212,S006,34.068015,-117.370275,73.5,65.6,61.6
CCT,DR062320,2020-06-23,1:35 PM,Derailment,0,STOCKTON,CA,93,2,Day,Clear,Main,Freight Train,11,50000,0,50000,E07C,37.970246,-121.269792,80.8,80.5,80.4
SJVR,SJV805421L,2021-06-17,4:20 AM,Head on collision,0,BAKERSFIELD,CA,73,4,Dark,Clear,Siding,Freight Train,19,300000,200,400200,H702,35.316951,-119.026274,82.8,88.9,95.8
BNSF,CA0721117,2021-07-26,7:19 PM,Derailment,0,SHAFTER,CA,80,3,Dusk,Clear,Yard,Freight Train,7,30854,18000,48854,H511,35.487185,-119.254343,88.8,83.6,87.3
UP,0221LA011,2021-02-05,9:17 PM,Derailment,0,TEHACHAPI,CA,41,4,Dark,Clear,Main,Freight Train,14,459937,1800,924641,E02C,35.184558,-118.5083,44.4,48.3,51.3
SCAX,042623,2023-04-26,5:01 PM,Derailment,0,LOS ANGELES,CA,73,2,Day,Clear,Yard,Single Car,3,12000,0,12000,H702,34.050028,-118.133693,63.3,62.2,61
UP,0921LA020,2021-09-14,3:38 PM,Derailment,0,KEENE,CA,92,2,Day,Clear,Main,,0,0,4200,40200,H520,35.263348,-118.594721,73.9,72.4,70.2
UP,0821LA020,2021-08-11,5:30 AM,Obstruction,0,NILAND,CA,82,1,Dawn,Clear,Main,Freight Train,69,2983,97933,100916,M402,33.36697,-115.768391,94.3,87.4,93.5
UP,1220NC019,2020-12-21,11:16 PM,Obstruction,0,BAKERSFIELD,CA,44,4,Dark,Fog,Main,,0,0,0,22000,M402,35.352953,-118.890927,44.7,45.4,42.8
UP,0220LA007,2020-02-02,3:22 AM,Fire/violent rupture,0,MOJAVE,CA,44,4,Dark,Clear,Main,Freight Train,20,39110,0,39110,E73L,35.068694,-118.179529,47.6,43.4,34.9
UP,0820LA043,2020-08-26,3:02 AM,Derailment,0,LOS ANGELES,CA,73,4,Dark,Cloudy,Yard,Yard/switching,7,77039,10900,87939,H519,34.009743,-118.157146,75.4,74.6,75.4
UP,1019LA021,2019-10-18,8:46 PM,Derailment,0,BLOOMINGTON,CA,76,4,Dark,Clear,Yard,Single Car,8,14036,1720,15756,S007,34.068291,-117.367358,67.3,66.1,65.6
UP,0820LA052,2020-08-31,9:44 AM,Derailment,0,LOS ANGELES,CA,65,2,Day,Cloudy,Yard,Yard/switching,2,161002,17515,192745,H514,34.010086,-118.162969,68.9,69,69.7
UP,0721NC024,2021-07-16,1:23 PM,Derailment,0,BENICIA,CA,58,2,Day,Clear,Industry,Freight Train,5,159,16016,16175,M204,38.067534,-122.139804,63.6,66.8,71.7
UP,0122NC037,2022-01-01,6:28 AM,Fire/violent rupture,0,BAKERSFIELD,CA,40,1,Dawn,Clear,Yard,Single Car,0,11856,99,11955,M502,35.375012,-118.982224,46.7,45.1,44.8
ATK,164739,2020-06-26,3:18 AM,Derailment,0,OAKLAND,CA,61,4,Dark,Clear,Yard,Yard/switching,5,31055,8000,39055,H702,37.799,-122.288,63.4,64.1,63.3
BNSF,CA0620104,2020-06-10,8:47 PM,Derailment,0,CORONA,CA,75,3,Dusk,Clear,Yard,Freight Train,9,49014,9000,58014,H702,33.878388,-117.545619,80,77.5,75.5
UP,0121NC029,2021-01-22,5:40 AM,Obstruction,0,OAKLAND,CA,51,1,Dawn,Cloudy,Main,Freight Train,30,0,48981,48981,M402,37.737932,-122.181783,49.7,51.7,51
BNSF,CA0820109,2020-08-21,5:00 AM,Derailment,0,LONG BEACH,CA,65,1,Dawn,Clear,Main,Yard/switching,9,6485,0,197905,H506,33.776014,-118.240881,78.5,77.8,80.3
BNSF,CA0221115,2021-02-16,9:20 PM,Side collision,0,BARSTOW,CA,40,4,Dark,Clear,Yard,Light loco(s),9,5000,0,15000,H607,34.903171,-117.035835,53.5,54.2,46.7
BNSF,CA1220101,2020-12-01,4:40 PM,Derailment,0,POMONA,CA,70,2,Day,Clear,Industry,Freight Train,3,2800,10000,12800,H503,34.094134,-117.749474,62,61.1,63.8
BNSF,CA0921107,2021-09-16,5:45 PM,Derailment,0,BARSTOW,CA,90,3,Dusk,Clear,Yard,Freight Train,5,35979,75000,110979,H525,34.890429,-117.081105,82.1,81.5,79.1
UP,0120NC018,2020-01-05,12:30 AM,Fire/violent rupture,0,STOCKTON,CA,45,4,Dark,Fog,Industry,Single Car,0,10868,99,10967,M501,37.97696,-121.27884,49,48.2,45.6
BNSF,CA0719117,2019-07-22,10:50 PM,Derailment,0,BAKERSFIELD,CA,92,4,Dark,Clear,Yard,Light loco(s),2,11000,0,11000,H303,35.370343,-119.028001,84.3,88.3,87.5
BNSF,CA0520110,2020-05-22,1:35 AM,Derailment,0,SHAFTER,CA,60,4,Dark,Clear,Industry,Yard/switching,10,17560,0,17560,H307,35.464324,-119.226391,70.8,72.8,70
BNSF,CA0821110,2021-08-21,8:00 AM,Derailment,0,STOCKTON,CA,72,3,Dusk,Clear,Yard,Yard/switching,5,0,0,32000,H307,37.907616,-121.175951,69.8,66.2,67.3
UP,0619ES003,2019-06-01,4:24 AM,Obstruction,0,WINTERHAVEN,CA,70,1,Dawn,Clear,Main,Spec. MoW Equip.,0,22976,0,65000,H997,32.842274,-114.87135,81.7,81.2,80.2
UP,0221LA003,2021-02-01,10:57 PM,Derailment,0,EL CENTRO,CA,61,4,Dark,Cloudy,Main,Freight Train,2,2206966,185738,2392704,H525,32.799954,-115.555787,54.5,60.9,64.9
BNSF,CA0920107,2020-09-14,10:20 PM,Derailment,0,BARSTOW,CA,81,4,Dark,Clear,Yard,Yard/switching,4,20859,36574,57433,S006,34.897592,-117.050893,79.8,82.1,82.2
UP,0619ES003,2019-06-01,4:24 AM,Obstruction,0,WINTERHAVEN,CA,70,1,Dawn,Clear,Main,Spec. MoW Equip.,25,42024,0,65000,H997,32.842274,-114.87135,81.7,81.2,80.2
UP,0819LA010,2019-08-12,1:00 AM,Derailment,0,YUMA,AZ,87,4,Dark,Clear,Main,Freight Train,10,28903,85855,114758,H702,32.701362,-114.612665,92,92,93.5
BNSF,CA0221115,2021-02-16,9:20 PM,Side collision,0,BARSTOW,CA,40,4,Dark,Clear,Yard,Yard/switching,5,10000,0,15000,H607,34.903171,-117.035835,53.5,54.2,46.7
UP,0421LA049,2021-04-22,12:49 AM,Derailment,0,NORTH PALM SPRINGS,CA,67,4,Dark,Clear,Main,,0,0,0,23101,M101,33.896171,-116.545413,70.4,69.5,71.5
ATK,165044,2020-08-04,12:40 AM,Other (describe in narrative),0,TOPOCK,AZ,91,4,Dark,Clear,Main,Passenger Train - Pulling,73,10876,0,10876,E49L,34.739543,-114.413057,99.6,99.2,97.1
UP,1021NC013,2021-10-10,4:15 AM,Other impacts,0,BAKERSFIELD,CA,55,1,Dawn,Clear,Yard,Light loco(s),4,7123,4400,20076,H306,35.377068,-118.990222,59.1,63.7,61
UP,0221LA010,2021-02-05,5:55 AM,Other impacts,0,BLOOMINGTON,CA,46,1,Dawn,Clear,Yard,Single Car,1,2667,61380,64147,M411,34.066038,-117.379511,54,55.2,58.6
UP,0120LA040,2020-01-30,5:53 PM,Other (describe in narrative),0,CARSON,CA,62,4,Dark,Clear,Yard,Light loco(s),3,0,0,14288,H306,33.843378,-118.222026,62.9,60.2,63
UP,0421NC015,2021-04-10,1:40 PM,Fire/violent rupture,0,STOCKTON,CA,60,2,Day,Clear,Yard,Light loco(s),0,14043,33,14076,E73L,37.908795,-121.273639,57,58.1,60.6
BNSF,CA0320109,2020-03-20,1:00 AM,Derailment,0,BARSTOW,CA,41,4,Dark,Clear,Yard,Light loco(s),3,15000,6000,21000,M599,34.893795,-117.07317,50.3,50.7,55.4
UP,0320LA021,2020-03-12,12:30 PM,Other impacts,0,BLOOMINGTON,CA,61,2,Day,Rain,Yard,Yard/switching,6,55154,6621,62699,E30C,34.0666,-117.376082,61.4,54.3,53.3
UP,1121LA042,2021-11-22,10:45 PM,Derailment,0,COLTON,CA,70,4,Dark,Clear,Yard,Freight Train,3,160049,300,160349,H525,34.067349,-117.345806,69.8,68,63.4
PHL,PHL000016,2021-03-31,1:51 AM,Other impacts,0,LONG BEACH,CA,64,4,Dark,Clear,Yard,Light loco(s),1,100116,58968,205424,H017,33.758063,-118.245051,60,69.3,71.9
UP,0121NC003,2021-01-04,7:00 AM,Obstruction,0,SACRAMENTO,CA,51,1,Dawn,Cloudy,Main,Freight Train,10,500,270914,271414,M404,38.58595,-121.505268,49.8,52.3,45.1
UP,0321LA005,2021-03-01,5:55 AM,Derailment,0,BLOOMINGTON,CA,41,1,Dawn,Clear,Main,Freight Train,12,67673,16533,84206,E05L,34.068342,-117.363422,58.2,58.2,58.9
UP,1219NC048,2019-12-15,7:30 PM,Derailment,0,LATHROP,CA,44,3,Dusk,Clear,Yard,,0,0,26624,36544,H303,37.836795,-121.262098,53.6,47.9,44.6
MET,8M2020,2020-05-27,2:50 AM,Derailment,0,MODESTO,CA,74,4,Dark,Clear,Yard,Yard/switching,10,45927,58292,150471,H706,37.372557,-120.550513,85.3,87.8,86.3
BNSF,CA0821104,2021-08-14,12:49 PM,Derailment,0,LONG BEACH,CA,75,2,Day,Clear,Main,Freight Train,8,12141,0,70141,H524,33.783973,-118.2286,73.1,73.2,74.5
UP,1021NC013,2021-10-10,4:15 AM,Other impacts,0,BAKERSFIELD,CA,55,1,Dawn,Clear,Yard,Light loco(s),5,8553,0,20076,H306,35.377068,-118.990222,59.1,63.7,61
ATK,166939,2021-04-22,12:49 AM,Derailment,0,PALM SPRINGS,CA,55,4,Dark,Clear,Siding,Passenger Train - Pushing,4,23101,0,23101,M101,33.8962,-116.5456,71.2,70.3,72.1
UP,0221LA006,2021-02-04,6:34 AM,Other impacts,0,BLOOMINGTON,CA,45,1,Dawn,Fog,Yard,Single Car,1,100,61300,61500,M411,34.066248,-117.381905,56.2,54,55.2
UP,0519NC026,2019-05-15,3:30 AM,Fire/violent rupture,0,STOCKTON,CA,62,4,Dark,Cloudy,Main,Freight Train,60,51102,0,51102,M501,37.955733,-121.278285,63.9,63.2,57.7
BNSF,CA0320115,2020-03-12,7:50 AM,Derailment,0,BARSTOW,CA,35,1,Dawn,Clear,Yard,Yard/switching,4,750,36881,37631,M411,34.898573,-117.049363,57.9,54.1,52.6
ATK,161972,2019-11-13,6:50 PM,Hwy-rail crossing,0,CASTROVILLE,CA,55,4,Dark,Cloudy,Main,Passenger Train - Pulling,69,20622,0,20772,M302,36.714316,-121.717503,55.8,54,57.6
UP,1020LA007,2020-10-04,1:30 PM,Derailment,0,MIRA LOMA,CA,87,2,Day,Clear,Yard,Yard/switching,13,20813,0,20813,H303,34.008074,-117.515113,81.3,80.1,80.2
ACEX,A11242021,2021-11-24,5:35 PM,Hwy-rail crossing,0,STOCKTON,CA,50,4,Dark,Clear,Main,Commuter Train - Pushing,79,283450,0,283750,M308,37.957701,-121.290779,49.4,49.5,49.2
SCAX,112219,2019-11-22,5:39 AM,Hwy-rail crossing,0,SANTA FE SPRINGS,CA,59,4,Dark,Clear,Main,Commuter Train - Pushing,78,500000,0,500000,M308,33.902629,-118.03818,58.2,60.4,63.3
PHL,202106131,2021-06-13,4:38 PM,Obstruction,0,LOS ANGELES,CA,76,2,Day,Clear,Yard,Freight Train,3,120357,200,120557,H306,33.780313,-118.224113,70.9,70.1,73.1
BNSF,CA1220103,2020-12-03,7:17 AM,Derailment,0,FRESNO,CA,40,1,Dawn,Clear,Main,Freight Train,8,115454,18000,133454,H525,36.669735,-119.750151,50.1,53.8,50.4