reportingrailroadcode,accidentnumber,date,time,accidenttype,hazmatreleasedcars,station,stateabbr,temperature,visibility_code,visibility,weathercondition,tracktype,equipmenttype,trainspeed,equipmentdamagecost,trackdamagecost,totaldamagecost,primaryaccidentcausecode,latitude,longitude,prior_temp,actual_temp,following_temp
UP,0120NC036,2020-01-12,2:58 AM,Derailment,0,TURLOCK,CA,42,4,Dark,Clear,Industry,Freight Train,3,180818,83772,264590,H702,37.489087,-120.887363,47.7,43.7,46.5
ATK,166659,2021-03-18,8:32 PM,Obstruction,0,LIVINGSTON,CA,53,4,Dark,Rain,Main,Passenger Train - Pushing,68,17548,0,42548,M402,37.419237,-120.66772,49.3,56.7,54.9
UP,0420LA036,2020-04-28,10:52 AM,Derailment,0,BLOOMINGTON,CA,68,2,Day,Clear,Yard,Yard/switching,10,41641,14840,56481,H503,34.06516,-117.382254,72.1,73.1,69.7
SCAX,111020,2020-11-10,6:35 PM,Hwy-rail crossing,0,GRAND TERRACE,CA,63,4,Dark,Clear,Main,Commuter Train - Pulling,50,15059,0,15059,M308,34.010966,-117.200091,48.5,50.6,52.2
UP,0819NC037,2019-08-17,1:02 PM,Hwy-rail crossing,0,RIVERBANK,CA,97,2,Day,Clear,Yard,Freight Train,9,0,0,11980,M308,37.724734,-120.935428,87.5,79,73.5
BNSF,CA0820115,2020-08-24,11:08 PM,Obstruction,0,RIVERBANK,CA,77,4,Dark,Clear,Main,Freight Train,15,0,69412,69412,M501,37.703607,-120.926632,82.4,82.9,81
UP,0621NC007,2021-06-05,3:45 PM,Hwy-rail crossing,0,RED BLUFF,CA,93,2,Day,Clear,Main,Freight Train,60,0,20568,20568,M303,40.085796,-122.173326,87.7,84.6,81.2
ATK,168130,2021-08-20,2:24 PM,Hwy-rail crossing,0,KNIGHTSEN,CA,0,2,Day,Clear,Main,Passenger Train - Pushing,60,22410,0,22410,M302,37.940007,-121.609876,68.5,67.4,65
BNSF,CA1120201,2020-11-10,6:32 PM,Hwy-rail crossing,0,GRAND TERRACE,CA,50,3,Dusk,Clear,Main,,0,0,0,15059,M308,34.01933,-117.33356,48.5,50.6,52.2
BNSF,CA0122115,2022-01-26,5:00 AM,Derailment,0,LONG BEACH,CA,50,1,Dawn,Fog,Yard,Freight Train,6,0,0,800,H607,33.755857,-118.248268,54.4,55.9,57.1
SCAX,040423,2023-04-04,8:25 PM,Other (describe in narrative),0,REDLANDS,CA,50,4,Dark,Clear,Main,DMU,49,103720,0,103720,M308,34.063496,-117.208777,48.3,44,48.8
UP,1219LA020,2019-12-27,4:40 AM,Other impacts,0,BLOOMINGTON,CA,44,1,Dawn,Cloudy,Yard,Freight Train,8,31738,33,47493,H307,34.067858,-117.366013,45.4,49.2,46.8
BNSF,CA1220110,2020-12-21,11:16 PM,Obstruction,0,BAKERSFIELD,CA,44,4,Dark,Clear,Main,Freight Train,57,22000,0,22000,M402,35.352953,-118.890927,44.7,45.4,42.8
UP,0521LA020,2021-05-12,5:00 PM,Other impacts,0,BLOOMINGTON,CA,84,2,Day,Clear,Yard,Yard/switching,3,12745,0,19016,M411,34.066524,-117.383109,64.5,67.1,65.5
UP,1219NC003,2019-12-02,5:00 AM,Derailment,0,ROSEVILLE,CA,54,1,Dawn,Rain,Yard,Yard/switching,5,1341,12256,13597,H702,38.719336,-121.317005,47.9,50.9,51.8
UP,0720LA041,2020-07-31,2:15 AM,Hwy-rail crossing,0,ROSAMOND,CA,78,4,Dark,Clear,Main,Freight Train,40,0,18700,18700,M308,34.864448,-118.162619,84.8,86.9,87.5
UP,0421LA032,2021-04-16,3:40 AM,Derailment,0,LONG BEACH,CA,56,4,Dark,Clear,Yard,Freight Train,10,21655,6687,28342,H704,33.828731,-118.227504,57.4,59.8,62
UP,0820NC014,2020-08-09,7:04 PM,Hwy-rail crossing,0,MILPITAS,CA,88,3,Dusk,Clear,Main,Freight Train,10,528,94068,94596,M303,37.404137,-121.900612,70.4,72.1,70.4
UP,1120LA024,2020-11-24,8:48 PM,Derailment,0,DAGGETT,CA,54,4,Dark,Clear,Main,Freight Train,10,7949,38490,1031142,E44C,34.862489,-116.879805,56.7,50.7,51
UP,1221NC020,2021-12-14,8:20 PM,Hwy-rail crossing,0,REDDING,CA,41,4,Dark,Clear,Main,Freight Train,40,0,40150,40150,M308,40.580134,-122.392205,46.7,40.9,41.8
ATK,164328,2020-04-29,2:47 PM,Hwy-rail crossing,0,GUADALUPE,CA,73,2,Day,Clear,Main,Passenger Train - Pulling,37,25584,0,25683,M302,34.982621,-120.565876,62,57.8,59.6
UP,0221LA006,2021-02-04,6:34 AM,Other impacts,0,BLOOMINGTON,CA,45,1,Dawn,Fog,Yard,Yard/switching,4,100,0,61500,M411,34.066248,-117.381905,56.2,54,55.2
PCMZ,20201103B,2020-11-03,6:11 PM,Derailment,0,SAN JOSE,CA,60,4,Dark,Clear,Yard,Yard/switching,4,34453,18595,53048,H210,37.339282,-121.909813,62.9,58.9,60
PHL,2020062301,2020-06-23,2:45 PM,Derailment,0,LOS ANGELES,CA,76,2,Day,Clear,Yard,Freight Train,8,5000,38000,43000,H995,33.752424,-118.257813,69,68.6,67.5
BNSF,SW0323201,2023-03-08,4:10 PM,Hwy-rail crossing,0,TOPOCK,AZ,55,2,Day,Clear,Main,Freight Train,45,20653,450,21103,M302,34.745147,-114.249384,58,58.3,60.5
UP,0820LA045,2020-08-27,3:51 PM,Derailment,0,CARSON,CA,79,2,Day,Clear,Yard,Freight Train,5,31879,39655,71534,H702,33.833282,-118.225775,72.9,74.2,69.8
UP,1020NC043,2020-10-31,9:15 AM,Hwy-rail crossing,0,OAKLAND,CA,56,2,Day,Clear,Yard,,0,0,150,14672,M308,37.772186,-122.223402,57.9,60.4,61.5
ATK,168291,2021-09-08,10:54 PM,Hwy-rail crossing,0,SAN JOSE,CA,66,4,Dark,Clear,Main,Passenger Train - Pulling,66,11407,0,11607,M302,37.427196,-121.977542,73.7,73.4,69.9
ATK,166977,2021-05-04,9:13 AM,Hwy-rail crossing,0,KNIGHTSEN,CA,75,2,Day,Clear,Main,Passenger Train - Pulling,56,74158,0,74158,M302,37.940007,-121.609876,70.2,72.6,70.7
BNSF,CA0521104,2021-05-05,10:28 PM,Derailment,0,VICTORVILLE,CA,65,4,Dark,Clear,Industry,Freight Train,5,28931,15000,43931,H601,34.56011,-117.30899,61.8,63.3,59.1
UP,1120NC014,2020-11-16,12:20 PM,Derailment,0,ANTELOPE,CA,59,2,Day,Clear,Yard,Freight Train,4,22707,26175,48882,H702,38.716357,-121.32104,51.3,50.6,54.6
BNSF,CA0821110,2021-08-21,8:00 AM,Derailment,0,STOCKTON,CA,72,1,Dawn,Clear,Yard,Light loco(s),0,10000,22000,32000,H307,37.907616,-121.175951,69.8,66.2,67.3
UP,0921LA046,2021-09-30,12:45 AM,Derailment,0,CALIENTE,CA,57,4,Dark,Clear,Main,,0,0,57300,99785,H501,35.287634,-118.626022,59.3,61.6,63.8
BNSF,CA0818112,2018-08-29,1:00 PM,Derailment,0,PITTSBURG,CA,76,2,Day,Clear,Yard,Freight Train,4,51442,1500,52942,H312,38.025134,-121.875174,64.8,66.5,67.5
UP,1220NC024,2020-12-24,12:40 PM,Obstruction,0,FREMONT,CA,51,2,Day,Cloudy,Main,,0,0,33,1867608,M402,37.503882,-121.998026,49.7,47.9,53.7
UP,1220LA008,2020-12-05,9:00 AM,Derailment,0,CITY OF INDUSTRY,CA,49,2,Day,Clear,Yard,Freight Train,8,64584,250,64834,H501,34.013552,-117.945747,57.2,56.1,56.3
ATK,168735,2021-10-21,8:25 AM,Hwy-rail crossing,0,OAKLAND,CA,64,2,Day,Rain,Main,Passenger Train - Pulling,77,29260,0,180070,M308,37.77208,-122.223247,61.7,65.7,61.4
ATK,165629,2020-10-17,4:40 PM,Derailment,0,OAKLAND,CA,88,2,Day,Clear,Yard,Yard/switching,5,12567,3000,15567,H019,37.800105,-122.293089,80.1,73.3,69.4
UP,0820NC047,2020-08-21,2:45 PM,Derailment,0,SOUTH SAN FRANCISCO,CA,72,2,Day,Clear,Yard,Freight Train,10,19201,0,19201,H703,37.65832,-122.402599,64,67,65.8
UP,0321LA008,2021-03-06,9:00 PM,Derailment,0,CALIENTE,CA,59,4,Dark,Clear,Main,,0,0,444400,466950,M204,35.272504,-118.626061,52.2,52.5,51
VCRR,VCR549320A,2020-09-20,4:40 AM,Fire/violent rupture,0,OXNARD,CA,60,1,Dawn,Clear,Yard,Single Car,0,103682,0,103682,M406,34.195486,-119.173869,64.9,61.4,62.5
UP,0122NC040,2022-01-10,6:50 AM,Obstruction,0,STOCKTON,CA,39,1,Dawn,Fog,Siding,Yard/switching,6,2997,30012,33009,M409,37.927741,-121.272855,46.3,46.6,48.2
BNSF,CA1220109,2020-12-18,8:30 PM,Derailment,0,SAN DIEGO,CA,50,3,Dusk,Clear,Yard,Freight Train,6,114000,493000,607000,H525,32.704139,-117.155778,55.7,57.7,56.6
SCAX,073018,2018-07-30,8:48 AM,Hwy-rail crossing,0,LOS ANGELES,CA,90,2,Day,Clear,Main,,0,0,28396,36821,M304,34.239449,-118.393545,77.4,76.6,77.7
CCT,093021DR,2021-09-30,1:30 AM,Derailment,0,STOCKTON,CA,65,4,Dark,Clear,Yard,,0,0,5500,73835,E67C,37.948196,-121.331182,65.2,66,68.2
BNSF,CA0820112,2020-08-28,8:53 PM,Derailment,0,BARSTOW,CA,71,3,Dusk,Clear,Yard,Yard/switching,9,14000,25000,39000,H307,34.900769,-117.04133,89.4,87.8,86.2
UP,0921ME014,2021-09-19,2:30 PM,Derailment,0,STOCKTON,CA,88,2,Day,Clear,Yard,Light loco(s),2,12843,33,12876,E66L,37.937202,-121.272343,64.1,69,70.2
UP,0420NC057,2020-04-06,3:30 AM,Derailment,0,STOCKTON,CA,42,4,Dark,Cloudy,Yard,,0,0,0,14123,H303,37.94653,-121.276694,53.6,50.4,53.4
UP,0122LA040,2022-01-15,1:40 PM,Derailment,0,LOS ANGELES,CA,59,2,Day,Cloudy,Yard,Freight Train,7,65999,213954,279953,M503,34.063826,-118.212711,61.1,60.4,65.5
BNSF,CA0121110,2021-01-16,1:30 PM,Other impacts,0,BARSTOW,CA,65,2,Day,Clear,Yard,Yard/switching,8,20873,0,20873,M407,34.897077,-117.049858,54.1,55.1,53.1
SCAX,060321,2021-06-03,5:08 AM,Other (describe in narrative),0,CUCAMONGA,CA,72,1,Dawn,Clear,Main,Commuter Train - Pushing,76,20000,0,20000,M402,34.094768,-117.451307,73.7,72.7,72.5
BNSF,CA0721108,2021-07-14,7:31 PM,Derailment,0,ESSEX,CA,105,3,Dusk,Clear,Main,Freight Train,2,20000,25000,45000,H702,34.768185,-115.212888,72.8,74.4,76.7
BNSF,CA1220201,2020-12-01,5:39 PM,Hwy-rail crossing,0,FRESNO,CA,52,3,Dusk,Clear,Main,,0,0,0,16087,M302,36.779455,-119.802479,49.3,49.5,50.1
UP,1020LA033,2020-10-20,6:00 PM,Derailment,0,COLTON,CA,85,3,Dusk,Clear,Main,Freight Train,3,359173,1656,360829,H525,34.06658,-117.351109,69.3,68.3,65.4
BNSF,CA0420104,2020-04-04,6:00 PM,Derailment,0,CALIENTE,CA,58,3,Dusk,Clear,Main,Freight Train,4,217228,0,217812,H506,35.275468,-118.639489,46.5,49,46.9
ATK,165142,2020-08-14,8:11 PM,Derailment,0,FREMONT,CA,91,3,Dusk,Clear,Main,Passenger Train - Pulling,15,40525,0,55478,E53C,37.572058,-121.97017,77.6,85.3,84.4
PCMZ,20210817A,2021-08-17,4:35 PM,Hwy-rail crossing,0,BURLINGAME,CA,70,2,Day,Clear,Main,Commuter Train - Pushing,74,48719,33000,81719,M303,37.587834,-122.36325,64.1,65,64.3
UP,0620NC026,2020-06-16,8:40 PM,Other (describe in narrative),0,CROCKETT,CA,69,4,Dark,Clear,Industry,Cut of cars,0,21689,250,21939,M501,38.056001,-122.224886,68.4,66.5,72.9
UP,0820LA052,2020-08-31,9:44 AM,Derailment,0,LOS ANGELES,CA,65,2,Day,Cloudy,Yard,Single Car,0,14228,0,192745,H514,34.010086,-118.162969,68.9,69,69.7
UP,0122NC034,2022-01-01,5:55 AM,Other impacts,0,STOCKTON,CA,37,1,Dawn,Clear,Yard,Single Car,2,20455,0,64722,H318,37.926017,-121.272896,44,40.7,38.4
ATK,163942,2020-04-07,9:23 PM,Obstruction,0,MADERA,CA,55,4,Dark,Clear,Main,Passenger Train - Pushing,60,10745,0,10745,M402,37.0085,-120.0583,49.8,52.5,55.9
SCAX,010922,2022-01-09,2:25 PM,Hwy-rail crossing,0,LOS ANGELES,CA,60,2,Day,Clear,Main,Commuter Train - Pushing,72,9524,16885,26409,M399,34.254334,-118.409301,55.5,57.7,60.7
ATK,166601,2021-03-11,4:02 PM,Hwy-rail crossing,0,FAIRFIELD,CA,55,2,Day,Clear,Main,Passenger Train - Pulling,50,49893,0,50025,M302,38.301935,-121.949039,46.3,48.3,52.7
UP,1220NC012,2020-12-17,9:08 PM,Derailment,0,OAKLAND,CA,48,4,Dark,Clear,Yard,Freight Train,8,1000,17572,18572,E49C,37.800552,-122.294109,52.5,55.6,50.7
ATK,167128,2021-05-16,1:15 PM,Other (describe in narrative),0,WHITTIER,CA,80,2,Day,Clear,Main,Passenger Train - Pulling,50,11743,0,11743,E29C,33.966377,-118.08756,64.3,61.7,63.1
UP,1221LA004,2021-12-04,2:15 PM,Derailment,0,COLTON,CA,53,2,Day,Clear,Main,Freight Train,8,19141,7350,26491,M409,34.066315,-117.349623,53.7,51.3,52.5
UP,1221LA046,2021-12-31,5:30 AM,Other impacts,0,BLOOMINGTON,CA,45,1,Dawn,Clear,Yard,Yard/switching,1,0,1699,76704,M411,34.066961,-117.388219,51.8,50.4,51
UP,1221LA012,2021-12-10,5:48 PM,Other impacts,0,BLOOMINGTON,CA,64,2,Day,Clear,Yard,Yard/switching,5,88486,0,191117,H702,34.067661,-117.36705,53.1,49.9,51.8
BNSF,CA0115118,2015-01-20,3:58 PM,Obstruction,0,SANTA FE SPRINGS,CA,64,2,Day,Cloudy,Main,,0,0,0,15224,M404,33.96581,-118.085728,57.3,57.7,61.6
UP,1221LA012,2021-12-10,5:48 PM,Other impacts,0,BLOOMINGTON,CA,64,2,Day,Clear,Yard,Yard/switching,4,19951,82680,191117,H702,34.067661,-117.36705,53.1,49.9,51.8
ATK,136589,2015-03-09,2:00 PM,Hwy-rail crossing,0,MADERA,CA,77,2,Day,Clear,Main,Passenger Train - Pushing,71,32211,0,32211,M302,36.923265,-119.973759,59.4,59.8,64.2
BNSF,CA0323112,2023-03-19,9:00 AM,Obstruction,0,BELDEN,CA,34,2,Day,Rain,Main,Freight Train,0,0,0,16271,H607,40.007145,-121.239872,51.9,50.6,51.3
ATK,137063,2015-04-14,4:30 PM,Derailment,0,OAKLAND,CA,70,2,Day,Clear,Yard,Light loco(s),5,39063,6089,45152,H704,37.789913,-122.254851,55.8,56.1,59
UP,1221LA044,2021-12-29,5:30 PM,Derailment,0,LOS ANGELES,CA,51,2,Day,Rain,Yard,Light loco(s),5,1000,0,106424,H704,34.010096,-118.161645,49.1,49.7,53
MET,292014,2014-12-29,6:00 AM,Raking collision,0,MODESTO,CA,32,4,Dark,Clear,Yard,Yard/switching,3,27606,0,27606,H301,37.635469,-120.94982,44.7,43.1,46.2
UP,1221LA044,2021-12-29,5:30 PM,Derailment,0,LOS ANGELES,CA,51,2,Day,Rain,Yard,Freight Train,10,12315,93109,106424,H704,34.010096,-118.161645,49.1,49.7,53
UP,0222LA007,2022-02-05,2:05 AM,Other impacts,0,LONG BEACH,CA,50,4,Dark,Clear,Yard,Yard/switching,5,32250,1408,33658,H306,33.819865,-118.23075,56.3,57,58.1
UP,1215RS014,2015-12-16,6:08 PM,Hwy-rail crossing,0,SAN PABLO,CA,46,4,Dark,Clear,Main,,0,0,0,17467,M302,37.965478,-122.359066,45.6,43.3,46.9
UP,0516RS025,2016-05-24,1:20 PM,Hwy-rail crossing,0,SAN LEANDRO,CA,50,2,Day,Cloudy,Main,,0,0,0,21686,M302,37.704417,-122.143412,60,59.7,59.7
UP,0115RS028,2015-01-22,10:33 PM,Obstruction,0,SAN PABLO,CA,45,4,Dark,Cloudy,Main,,0,0,0,43993,M404,38.002329,-122.345307,48,48,48.4
UP,0422NC026,2022-04-17,7:30 PM,Other impacts,0,MILPITAS,CA,60,3,Dusk,Cloudy,Yard,Yard/switching,7,17629,21874,123828,M501,37.423886,-121.904072,57.4,52.4,57.1
ATK,144369,2016-09-20,8:35 PM,Derailment,0,OAKLAND,CA,62,4,Dark,Cloudy,Yard,Light loco(s),10,36178,0,36178,H303,37.78945,-122.252267,71.8,64.1,61.8
UP,0615RS003,2015-06-04,9:10 PM,Hwy-rail crossing,0,MORGAN HILL,CA,60,4,Dark,Cloudy,Main,Freight Train,45,2500,40975,43475,M303,37.056208,-121.593427,59.5,58.2,59
UP,0422NC026,2022-04-17,7:30 PM,Other impacts,0,MILPITAS,CA,60,3,Dusk,Cloudy,Yard,Single Car,3,84325,0,123828,M501,37.423886,-121.904072,57.4,52.4,57.1
UP,0615LA012,2015-06-18,9:48 AM,Derailment,0,BLOOMINGTON,CA,80,2,Day,Clear,Yard,Yard/switching,10,62588,71283,133943,S011,34.06786,-117.37267,76.3,78.9,81.6
ATK,169237,2021-12-09,7:20 AM,Hwy-rail crossing,0,OAKLAND,CA,45,2,Day,Clear,Main,Passenger Train - Pushing,70,14000,0,14033,M308,37.769197,-122.219045,53.4,53,47.6
UP,1121NC029,2021-11-22,9:45 PM,Hwy-rail crossing,0,RICHMOND,CA,56,4,Dark,Clear,Main,,0,0,33,500208,M302,37.958654,-122.359695,54.5,52.1,51.2
PCMZ,20160328A,2016-03-28,8:25 AM,Hwy-rail crossing,0,BURLINGAME,CA,60,2,Day,Clear,Main,Commuter Train - Pushing,35,23810,0,23810,M303,37.587863,-122.363254,55.9,53.1,54.5
ATK,169346,2021-12-30,5:52 PM,Hwy-rail crossing,0,WINTON,CA,52,3,Dusk,Cloudy,Main,Passenger Train - Pulling,76,1073,0,53073,M302,37.403996,-120.643197,44.8,46.1,44.4
UP,1114LA019,2014-11-28,5:48 PM,Derailment,0,COLTON,CA,53,4,Dark,Clear,Yard,Yard/switching,6,18071,0,22071,S013,34.068286,-117.327602,66.2,62.5,58.8
SCAX,112221,2021-11-22,8:00 PM,Derailment,0,CUCAMONGA,CA,63,4,Dark,Clear,Main,,0,0,113280,124088,H703,34.092561,-117.536719,72.5,68.7,64.3
ACEX,A03182022,2022-03-18,6:23 PM,Hwy-rail crossing,0,LATHROP,CA,67,2,Day,Clear,Main,Commuter Train - Pushing,73,75000,0,75000,M399,37.764301,-121.318315,57.7,58.2,56
UP,0615LA012,2015-06-18,9:48 AM,Derailment,0,BLOOMINGTON,CA,80,2,Day,Clear,Yard,Light loco(s),0,72,0,133943,S011,34.06786,-117.37267,76.3,78.9,81.6
UP,0422NC027,2022-04-17,8:30 PM,Derailment,0,FRESNO,CA,76,4,Dark,Clear,Yard,Yard/switching,4,477,42200,42677,S104,36.77512,-119.840493,63.2,63.5,64
UP,0422LA005,2022-04-07,4:00 AM,Derailment,0,COLTON,CA,67,1,Dawn,Clear,Main,Freight Train,30,458503,150182,608685,M405,34.066311,-117.345029,76,80.1,81
BNSF,CA0623118,2023-06-14,10:22 AM,Other impacts,0,LONG BEACH,CA,63,2,Day,Cloudy,Yard,Yard/switching,7,0,0,74349,H607,33.755798,-118.205106,65.1,63.6,64.8
UP,1121NC016,2021-11-17,4:40 PM,Derailment,0,FRESNO,CA,62,2,Day,Clear,Yard,Yard/switching,8,476027,155893,631920,H306,36.77845,-119.840902,55.9,57.5,55
UP,0615LA011,2015-06-18,7:00 PM,Derailment,0,BLOOMINGTON,CA,85,2,Day,Clear,Yard,Yard/switching,4,14400,93215,107615,E76L,34.067344,-117.35751,76.3,78.9,81.6
BNSF,CA0815200,2015-08-20,2:45 PM,Hwy-rail crossing,0,KNIGHTSEN,CA,81,2,Day,Clear,Main,,0,0,0,28105,M302,37.939992,-121.609769,70.6,70,70.3
UP,0615LA002,2015-06-01,4:32 PM,Derailment,0,ANAHEIM,CA,80,2,Day,Clear,Industry,Freight Train,6,15701,3218,18919,M201,33.81101,-117.901694,63.5,67.7,66.6
UP,0422NC031,2022-04-21,12:30 AM,Derailment,0,FRESNO,CA,63,4,Dark,Cloudy,Industry,,0,0,17699,32699,E64C,36.740863,-119.803061,62.9,57.3,57.6
UP,1121NC035,2021-11-24,5:35 PM,Hwy-rail crossing,0,STOCKTON,CA,63,2,Day,Cloudy,Main,,0,0,300,283750,M308,37.907904,-121.274317,49.4,49.5,49.2
SJVR,SJV129522D,2022-07-07,12:50 PM,Derailment,0,FRESNO,CA,90,2,Day,Clear,Main,Freight Train,5,600,13507,14107,M506,36.76475,-119.71027,77.8,78.7,83.9
UP,1022NC022,2022-10-15,3:20 PM,Hwy-rail crossing,0,KING CITY,CA,67,2,Day,Clear,Main,,0,0,150,38555,M303,36.080401,-120.944577,58,59.3,62
UP,1214LA011,2014-12-07,4:10 PM,Derailment,0,CALIENTE,CA,45,2,Day,Clear,Main,,0,0,9444,12444,E09L,35.236811,-118.574427,49.4,49.9,49.2
ATK,169289,2021-12-19,6:21 PM,Hwy-rail crossing,0,OAKLAND,CA,47,4,Dark,Clear,Main,Passenger Train - Pushing,45,16500,0,16533,M302,37.765274,-122.213362,45.2,44,47.9
ATK,144137,2016-09-06,6:34 PM,Hwy-rail crossing,0,UNION CITY,CA,75,2,Day,Clear,Main,Passenger Train - Pushing,79,13002,0,13002,M302,37.605986,-122.031027,62.8,67,72.3
UP,1121NC042,2021-11-29,8:15 AM,Hwy-rail crossing,0,TULARE,CA,35,2,Day,Clear,Main,Freight Train,63,16049,53165,69214,M303,36.153002,-119.336004,50.6,50.7,52.2
BNSF,CA1114118,2014-11-28,5:48 PM,Derailment,0,COLTON,CA,60,3,Dusk,Clear,Yard,,0,0,4000,22071,S013,34.068286,-117.327602,66.2,62.5,58.8
SERA,SERA201505,2015-05-08,4:50 PM,Derailment,0,OAKDALE,CA,70,2,Day,Clear,Main,Freight Train,19,61313,35000,96313,H606,37.742911,-120.716863,58.7,59.8,64.9
UP,0315RS017,2015-03-15,10:15 AM,Rear end collision,0,ROSEVILLE,CA,78,2,Day,Clear,Yard,Yard/switching,10,16371,0,16587,H702,38.717265,-121.322409,65.3,64.1,57.4
ATK,164804,2020-07-09,8:05 AM,Hwy-rail crossing,0,FAIRFIELD,CA,75,2,Day,Clear,Main,Passenger Train - Pulling,70,11502,0,11502,M303,38.301935,-121.949039,74.9,75.2,77.7
BNSF,CA0515104,2015-05-09,3:48 AM,Derailment,0,FRESNO,CA,55,4,Dark,Clear,Yard,Freight Train,7,80000,17000,97000,H607,36.69285,-119.750251,57.4,67.1,71.7
UP,0315RS017,2015-03-15,10:15 AM,Rear end collision,0,ROSEVILLE,CA,78,2,Day,Clear,Yard,Light loco(s),0,216,0,16587,H702,38.717265,-121.322409,65.3,64.1,57.4
CFNR,CFN704415D,2015-03-06,12:45 PM,Derailment,0,LOS BANOS,CA,70,2,Day,Clear,Main,Freight Train,8,7919,3000,10919,H303,37.086814,-120.901422,53.5,53.9,56.6
UP,0415RS021,2015-04-16,2:05 PM,Side collision,0,PIXLEY,CA,82,2,Day,Clear,Industry,Yard/switching,4,17281,0,24129,H307,35.981377,-119.29694,56.6,63.1,66.2
PHL,2017040501,2017-04-05,3:36 AM,Other impacts,0,LOS ANGELES,CA,57,4,Dark,Clear,Yard,Yard/switching,5,24510,3442,55904,H607,33.753699,-118.247979,63.3,66.8,63.6
UP,1214LA015,2014-12-15,7:10 PM,Derailment,0,LONG BEACH,CA,55,4,Dark,Clear,Industry,Light loco(s),5,15443,1000,16443,M501,33.804144,-118.236811,55.7,56,57.6
UP,0115RS019,2015-01-22,4:10 PM,Derailment,0,ROSEVILLE,CA,58,2,Day,Clear,Yard,Freight Train,6,12403,8999,21402,T221,38.728727,-121.304777,45.4,43.9,43.5
ATK,172384,2022-10-15,1:16 PM,Hwy-rail crossing,0,SAN LUCAS,CA,61,2,Day,Clear,Main,Passenger Train - Pulling,70,38405,0,38555,M302,36.080384,-120.94456,52.9,57,58.5
UP,0418RS015,2018-04-07,6:36 PM,Fire/violent rupture,0,ALTA,CA,40,2,Day,Clear,Main,Freight Train,25,12739,150,12889,E73L,39.248591,-120.708932,45.1,46.6,45
BNSF,CA0715105,2015-07-21,8:56 PM,Derailment,0,HINKLEY,CA,83,3,Dusk,Clear,Main,Freight Train,21,2400,80863,83263,M410,34.935905,-117.202593,75.6,82.1,81.2
ATK,135418,2014-12-03,9:56 PM,Hwy-rail crossing,0,DIXON,CA,54,4,Dark,Rain,Main,Passenger Train - Pushing,78,17279,0,17279,M302,38.416818,-121.85061,55.3,58.9,59.4
UP,0519ST028,2019-05-10,5:40 PM,Derailment,0,FONTANA,CA,66,2,Day,Cloudy,Industry,Yard/switching,4,39464,150,39614,H018,34.065524,-117.48533,60.8,60.6,65.8
PHL,0920151,2015-09-20,4:40 AM,Derailment,0,LOS ANGELES,CA,75,1,Dawn,Clear,Yard,Yard/switching,6,23573,9000,32573,H510,33.757108,-118.246137,77.3,82,77.8
UP,0415RS014,2015-04-12,2:00 PM,Derailment,0,ROSEVILLE,CA,74,2,Day,Clear,Yard,Light loco(s),5,74388,2850,77238,T222,38.745526,-121.29374,59.1,60.7,62.4
UP,0115LA016,2015-01-23,7:00 PM,Derailment,0,LOS ANGELES,CA,46,4,Dark,Clear,Industry,Freight Train,4,111582,0,111582,M501,34.53615,-117.878023,60.6,61.6,64.3
UP,0917LA044,2017-09-29,9:50 PM,Derailment,0,LOS ANGELES,CA,68,4,Dark,Clear,Yard,Freight Train,4,58433,1463,59896,H303,34.014747,-118.206345,72.8,73.9,70.2
UP,0617RS024,2017-06-10,2:07 AM,Derailment,0,TWAIN,CA,46,4,Dark,Cloudy,Main,,0,0,200000,258681,H503,40.014896,-121.093554,62.7,60.7,56.9
BNSF,CA0922117,2022-09-24,12:54 PM,Derailment,0,RICHMOND,CA,71,2,Day,Clear,Yard,Freight Train,4,76090,250000,326090,H524,37.938728,-122.371782,70.2,70.8,65.5
BNSF,CA0715103,2015-07-11,1:20 AM,Derailment,0,LOS ANGELES,CA,62,4,Dark,Clear,Yard,Yard/switching,8,200,11500,11700,H307,33.728272,-118.239176,68.3,69.4,71.4
UP,0115LA007,2015-01-12,3:43 PM,Derailment,0,MOJAVE,CA,52,2,Day,Clear,Industry,Freight Train,1,278,15000,15278,M501,35.028365,-118.3133,47.6,43,43.1
UP,0322LA006,2022-03-08,9:30 AM,Other impacts,0,LA MIRADA,CA,60,2,Day,Clear,Industry,Light loco(s),2,6516,0,17600,H310,33.877119,-118.019036,57,58.3,57.2