reportingrailroadcode,accidentnumber,date,time,accidenttype,hazmatreleasedcars,station,stateabbr,temperature,visibility_code,visibility,weathercondition,tracktype,equipmenttype,trainspeed,equipmentdamagecost,trackdamagecost,totaldamagecost,primaryaccidentcausecode,latitude,longitude,prior_temp,actual_temp,following_temp
UP,1214LA017,2014-12-16,3:01 AM,Derailment,0,CALIENTE,CA,50,4,Dark,Cloudy,Main,Freight Train,4,283012,26459,309471,M405,35.250339,-118.582436,43.1,45,42.8
PCMZ,20150925D,2015-09-25,5:28 PM,Hwy-rail crossing,0,BURLINGAME,CA,80,2,Day,Clear,Main,Commuter Train - Pushing,67,35215,0,35215,M302,37.351613,-122.214764,67.7,64.7,62.8
BNSF,CA1216201,2016-12-07,6:10 AM,Hwy-rail crossing,0,CORONA,CA,66,2,Day,Clear,Siding,,0,0,0,16422,M302,33.889379,-117.592718,54,53.2,52
ATK,156747,2018-12-14,7:05 AM,Other impacts,0,OAKLAND,CA,48,2,Day,Cloudy,Yard,Yard/switching,5,7558,0,75572,H999,37.793852,-122.27163,51.8,54.9,56
BNSF,CA0521120,2021-05-16,1:15 PM,Other (describe in narrative),0,PICO RIVERA,CA,80,2,Day,Clear,Main,,0,0,0,11743,E29C,33.966695,-118.088589,64.2,61.6,63.1
ATK,136019,2015-01-22,10:33 PM,Obstruction,0,SAN PABLO,CA,45,4,Dark,Cloudy,Main,Passenger Train - Pulling,70,14112,0,43993,M404,38.002329,-122.345307,48,48,48.4
BNSF,CA0215113,2015-02-26,2:30 AM,Other impacts,0,IRVINE,CA,55,4,Dark,Clear,Industry,Yard/switching,10,14231,0,14231,H307,33.742775,-117.853828,62.1,60.8,62.5
UP,0622LA018,2022-06-13,10:00 AM,Other impacts,0,BLOOMINGTON,CA,65,2,Day,Clear,Yard,Single Car,1,100,10560,12245,M411,34.064823,-117.382412,75.6,69.3,72.4
BNSF,CA0418117,2018-04-23,11:33 AM,Rear end collision,0,HESPERIA,CA,75,2,Day,Clear,Yard,Spec. MoW Equip.,0,0,0,15000,H997,34.4263,-117.300253,64.1,62.5,61.4
BNSF,CA0615201,2015-06-10,10:05 AM,Hwy-rail crossing,0,LATON,CA,84,2,Day,Clear,Main,,0,0,0,28809,M308,36.518267,-119.723245,80,81,80.1
UP,0815RS026,2015-08-08,7:46 AM,Fire/violent rupture,0,EMIGRANT GAP,CA,62,2,Day,Clear,Main,Freight Train,35,56406,0,56406,E74L,39.241902,-120.730275,65.6,66.7,69.3
UP,1216RS007,2016-12-12,8:44 AM,Derailment,0,DUTCH FLAT,CA,48,2,Day,Clear,Main,Freight Train,18,12200,1392,13592,E67C,39.189201,-120.840808,39.6,41.5,40.2
UP,1216RS002,2016-12-03,2:30 AM,Side collision,0,ROSEVILLE,CA,39,4,Dark,Clear,Yard,Light loco(s),10,16794,0,20708,H607,38.733479,-121.304063,47.4,43.8,43.4
PCMZ,20150922D,2015-09-22,6:16 PM,Hwy-rail crossing,0,SAN MATEO,CA,60,3,Dusk,Cloudy,Main,Commuter Train - Pushing,53,11184,0,11184,M302,37.335509,-122.19147,71.1,60.8,62.6
SCAX,012054,2015-01-20,3:58 PM,Obstruction,0,NORWALK,CA,64,2,Day,Cloudy,Main,Commuter Train - Pulling,50,15224,0,15224,M404,33.96581,-118.095728,57.1,57.6,61.4
UP,0915LA016,2015-09-21,12:30 AM,Derailment,0,LOS ANGELES,CA,73,4,Dark,Clear,Yard,Light loco(s),1,37533,0,37533,E08L,34.062919,-118.219428,82,77.8,74.7
UP,0815RS024,2015-08-15,6:51 PM,Hwy-rail crossing,0,SOLEDAD,CA,70,4,Dark,Clear,Main,,0,0,0,32144,M302,36.446984,-121.361559,68,72.9,71
UP,0617RS012,2017-06-06,9:15 PM,Derailment,0,WATSONVILLE,CA,68,4,Dark,Clear,Yard,Freight Train,9,9379,27200,36579,M101,36.910278,-121.625494,56.6,56.5,54.7
PCMZ,20141230C,2014-12-30,5:29 PM,Obstruction,0,BURLINGAME,CA,52,3,Dusk,Cloudy,Main,Commuter Train - Pushing,75,85000,1500,86500,M404,37.580852,-122.346707,51.3,50.4,49.8
PCJX,20221201B,2022-12-01,1:38 PM,Other impacts,0,BURLINGAME,CA,54,2,Day,Rain,Main,Commuter Train - Pulling,65,16700,200,29600,M599,37.5875,-122.3625,49.1,50.2,45.6
BNSF,CA0215111,2015-02-21,8:00 PM,Derailment,0,CITY OF COMMERCE,CA,57,4,Dark,Cloudy,Yard,Light loco(s),5,8400,10317,18717,H702,33.989811,-118.140616,61.4,61.7,58.6
UP,0815LA018,2015-08-20,5:25 AM,Derailment,0,BLOOMINGTON,CA,80,4,Dark,Clear,Yard,Yard/switching,4,389,145424,146005,E76L,34.068162,-117.374539,74.6,73.7,73.9
UP,0623LA015,2023-06-10,12:50 AM,Derailment,0,LA PUENTE,CA,61,4,Dark,Clear,Yard,Yard/switching,10,125897,14580,140477,H008,34.012853,-117.944253,63.9,63.8,63.7
UP,1022NC010,2022-10-08,4:19 AM,Other impacts,0,STOCKTON,CA,71,1,Dawn,Clear,Industry,Cut of cars,0,74601,0,74751,H307,37.948258,-121.329296,75.5,75,72
BNSF,CA0815117,2015-08-28,12:14 PM,Derailment,0,RIVERBANK,CA,90,2,Day,Clear,Yard,Freight Train,5,7398,50000,57398,H318,37.722942,-120.933698,85.6,85.8,78.5
ATK,147997,2017-06-19,1:50 PM,Obstruction,0,GREENFIELD,CA,57,2,Day,Clear,Main,Passenger Train - Pulling,54,20832,0,20832,M402,36.30567,-121.164186,67.3,65,60.5
UP,1022LA056,2022-10-29,9:15 AM,Other impacts,0,BLOOMINGTON,CA,50,2,Day,Clear,Yard,Single Car,3,1823,12480,53838,S007,34.066331,-117.376262,64.8,64.7,66.8
BNSF,CA1214109,2014-12-19,1:40 AM,Derailment,0,TORRANCE,CA,55,4,Dark,Clear,Industry,Yard/switching,5,22842,1000,23842,H307,33.800022,-118.254205,56.3,57.8,57.7
BNSF,CA0822118,2022-08-17,8:17 AM,Side collision,0,VICTORVILLE,CA,78,1,Dawn,Clear,Industry,Freight Train,0,80000,5000,85000,M501,34.559956,-117.308851,75.3,75.6,74.6
BNSF,CA0922119,2022-09-26,1:12 AM,Derailment,0,FONTANA,CA,70,4,Dark,Clear,Yard,Freight Train,10,142691,2000,144691,H306,34.094295,-117.484313,81,82.2,83.7
UP,0617RS020,2017-06-10,4:55 AM,Derailment,0,ROSEVILLE,CA,51,1,Dawn,Cloudy,Yard,Yard/switching,10,22396,250,22646,H601,38.738902,-121.298251,66.4,63.1,57.2
UP,1114RS028,2014-11-30,3:30 PM,Other impacts,0,ROSEVILLE,CA,49,2,Day,Cloudy,Yard,Single Car,0,11622,0,11749,M411,38.713912,-121.325783,53.5,52.9,54.6
UP,0322LA006,2022-03-08,9:30 AM,Other impacts,0,LA MIRADA,CA,60,2,Day,Clear,Industry,Yard/switching,2,159,10925,17600,H310,33.877119,-118.019036,57,58.3,57.2
ATK,171321,2022-07-15,11:01 AM,Hwy-rail crossing,0,OAKLAND,CA,68,2,Day,Clear,Main,Passenger Train - Pulling,64,307267,0,307599,M303,37.765398,-122.213453,62.2,60.6,62.6
NCTC,FY1708081,2016-11-05,12:00 AM,Other (describe in narrative),0,OCEANSIDE,CA,58,4,Dark,Clear,Yard,,0,0,29623,29623,H799,33.182828,-117.371767,62.7,61.1,60.8
PHL,0115151,2015-01-15,1:00 PM,Other impacts,0,LONG BEACH,CA,75,2,Day,Clear,Industry,Freight Train,7,42000,12340,287322,H307,33.836957,-118.325064,58.5,60.4,59.3
UP,0322LA015,2022-03-21,7:10 AM,Derailment,0,COLTON,CA,50,1,Dawn,Clear,Yard,Yard/switching,5,765449,0,939084,H307,34.066866,-117.338006,59.1,62.6,71.6
BNSF,CA0815102,2015-08-05,4:45 AM,Other impacts,0,BARSTOW,CA,68,4,Dark,Clear,Yard,Yard/switching,4,23650,0,23650,H310,34.897807,-117.051202,88.8,89.3,85.3
BNSF,CA1214103,2014-12-08,5:45 AM,Derailment,0,BARSTOW,CA,55,1,Dawn,Clear,Yard,Yard/switching,10,32357,1000,33357,H316,34.901201,-117.046626,52.9,53.4,53.5
UP,1022NC010,2022-10-08,4:19 AM,Other impacts,0,STOCKTON,CA,71,1,Dawn,Clear,Industry,Yard/switching,5,0,150,74751,H307,37.948258,-121.329296,75.5,75,72
PHL,201602131,2016-02-13,10:30 AM,Derailment,0,LONG BEACH,CA,66,2,Day,Clear,Main,,0,0,135000,192849,H220,33.78404,-118.235556,63.6,57.5,60.4
UP,0415LA003,2015-04-08,1:14 AM,Derailment,0,BLOOMINGTON,CA,52,4,Dark,Cloudy,Yard,Yard/switching,9,23067,115597,138664,H702,34.06673,-117.336215,55,57.1,61.5
ATK,138973,2015-08-28,9:30 AM,Hwy-rail crossing,0,SAN DIEGO,CA,72,2,Day,Clear,Main,Passenger Train - Pushing,60,26441,0,31101,M302,32.71121,-117.183918,78.2,79.7,78.5
SJVR,SJV713915G,2015-03-23,11:34 PM,Hwy-rail crossing,0,BAKERSFIELD,CA,54,4,Dark,Clear,Main,Freight Train,9,0,87000,87000,M302,35.419408,-119.012398,64.9,61.3,59.3
BNSF,CA0615200,2015-06-02,8:20 AM,Hwy-rail crossing,0,CORCORAN,CA,86,1,Dawn,Clear,Main,,0,0,200,38119,M302,36.19665,-119.628811,71.5,72.9,74.3
NCTC,08282015,2015-08-28,9:30 AM,Hwy-rail crossing,0,SAN DIEGO,CA,72,2,Day,Clear,Main,,0,0,4660,31101,M302,32.71121,-117.183918,78.2,79.7,78.5
UP,1022NC001,2022-10-02,4:03 PM,Hwy-rail crossing,0,BENICIA,CA,71,2,Day,Clear,Main,,0,0,950,21288,M303,38.149903,-122.090986,63.7,66.3,65.7
PCMZ,20150913A,2015-09-13,9:25 PM,Hwy-rail crossing,0,PALO ALTO,CA,60,4,Dark,Cloudy,Main,Commuter Train - Pushing,60,53825,0,53825,M302,37.250326,-122.072389,64.4,66,64.4
UP,1115LA021,2015-11-21,10:42 AM,Hwy-rail crossing,0,OXNARD,CA,79,2,Day,Clear,Main,,0,0,1125,13132,M302,34.196556,-119.069728,69.4,77.3,69.1
BNSF,CA0315201,2015-03-09,2:00 PM,Hwy-rail crossing,0,MADERA,CA,77,2,Day,Clear,Main,,0,0,0,32211,M302,36.923265,-119.973759,59.4,59.8,64.2
UP,0515LA025,2015-05-28,1:20 AM,Derailment,0,LOS ANGELES,CA,58,4,Dark,Clear,Yard,Yard/switching,6,34224,3790,38014,H514,34.012337,-118.186435,63.4,63.5,65.2
UP,0417LA036,2017-04-30,12:05 AM,Fire/violent rupture,0,VICTORVILLE,CA,61,4,Dark,Clear,Main,Freight Train,30,18419,0,18419,E73L,34.545533,-117.300443,56.9,61.2,62.5
UP,0515LA015,2015-05-19,3:03 AM,Derailment,0,MIRA LOMA,CA,55,4,Dark,Cloudy,Siding,,0,0,0,10667,H505,34.014222,-117.51818,62.1,62.9,63.3
BNSF,CA0522115,2022-05-26,9:45 PM,Derailment,0,PITTSBURG,CA,57,4,Dark,Clear,Yard,Yard/switching,10,15165,4500,19665,H018,38.024197,-121.870949,80.2,61.9,62
PHL,0825151,2015-08-25,3:30 AM,Side collision,0,LOS ANGELES,CA,71,4,Dark,Clear,Yard,Yard/switching,9,46410,19810,79320,H307,33.760309,-118.228333,74,76.5,79.5
BNSF,CA1022111,2022-10-18,5:52 AM,Derailment,0,CARSON,CA,60,1,Dawn,Clear,Yard,Yard/switching,4,12150,3500,15650,H318,33.791802,-118.253546,68.4,73.2,79.2
UP,0622LA027,2022-06-16,3:30 PM,Derailment,0,BLOOMINGTON,CA,89,2,Day,Clear,Yard,Yard/switching,7,19799,80370,100169,M409,34.067616,-117.365008,74.7,73.5,69.9
UP,0215LA023,2015-02-24,5:45 AM,Obstruction,0,OXNARD,CA,46,4,Dark,Clear,Main,,0,0,154754,14154754,M402,34.207832,-119.129833,56.3,56.4,57.6
BNSF,CA0922105,2022-09-06,2:30 PM,Derailment,0,POMONA,CA,100,2,Day,Clear,Industry,Freight Train,4,3800,75000,78800,H307,34.09409,-117.753621,90.2,88.4,89.7
PCMZ,20810823B,2018-08-23,5:15 PM,Hwy-rail crossing,0,COYOTE,CA,78,2,Day,Clear,Main,Commuter Train - Pulling,77,63000,0,63750,M303,37.211347,-121.734418,65.5,64.9,64.4
SCAX,072318A,2018-07-23,7:15 AM,Hwy-rail crossing,0,ONTARIO,CA,100,1,Dawn,Clear,Main,Commuter Train - Pushing,40,0,0,0,M302,0,0,81.2,86,87.7
BNSF,CA0522120,2022-05-08,1:00 PM,Obstruction,0,SAN BERNARDINO,CA,82,2,Day,Clear,Main,Spec. MoW Equip.,8,12000,0,12000,H997,34.275056,-117.453798,66.6,61.6,59.5
BNSF,CA0815114,2015-08-25,3:30 AM,Side collision,0,LOS ANGELES,CA,71,4,Dark,Clear,Yard,Light loco(s),10,13100,0,79320,H307,33.760309,-118.228333,74,76.5,79.5
UP,0622LA018,2022-06-13,10:00 AM,Other impacts,0,BLOOMINGTON,CA,65,2,Day,Clear,Yard,Yard/switching,4,1585,0,12245,M411,34.064823,-117.382412,75.6,69.3,72.4
ATK,139245,2015-09-16,6:05 AM,Hwy-rail crossing,0,SAN DIEGO,CA,70,1,Dawn,Clear,Main,Passenger Train - Pushing,40,20794,0,20794,M303,32.732854,-117.174378,74.4,72,72.6
UP,0815LA018,2015-08-20,5:25 AM,Derailment,0,BLOOMINGTON,CA,80,4,Dark,Clear,Yard,Light loco(s),0,192,0,146005,E76L,34.068162,-117.374539,74.6,73.7,73.9
ATK,169889,2022-02-24,10:29 PM,Derailment,0,OAKLAND,CA,44,4,Dark,Clear,Yard,Light loco(s),5,396440,5000,401440,H704,37.480002,-122.170045,45.8,45,46.4
UP,0215LA005,2015-02-11,7:53 PM,Derailment,0,LOS ANGELES,CA,55,4,Dark,Clear,Yard,Freight Train,6,3747,7082,10829,H702,34.059699,-118.217374,63.9,70.4,70.6
UP,0315RS011,2015-03-10,4:40 AM,Hwy-rail crossing,0,DAVIS,CA,50,4,Dark,Clear,Main,,0,0,0,15523,M309,38.558079,-121.674421,58.3,58.4,59.1
UP,1022LA062,2022-10-31,12:00 AM,Other impacts,0,BLOOMINGTON,CA,70,4,Dark,Clear,Yard,Yard/switching,5,128644,7190,136236,M411,34.067912,-117.372668,66.8,66.8,63.7
ATK,137744,2015-06-10,10:05 AM,Hwy-rail crossing,0,LATON,CA,85,2,Day,Clear,Main,Passenger Train - Pushing,79,28809,0,28809,M308,36.518267,-119.723245,80,81,80.1
UP,1214RS005,2014-12-03,9:56 PM,Hwy-rail crossing,0,DIXON,CA,54,4,Dark,Cloudy,Main,,0,0,0,17279,M302,38.416818,-121.85061,55.3,58.9,59.4
PHL,1130141,2014-11-30,12:06 AM,Derailment,0,LOS ANGELES,CA,60,4,Dark,Rain,Yard,Freight Train,9,2974,32000,34974,M206,33.453534,-118.170809,62,62.2,63.3
UP,0915LA002,2015-09-06,12:30 AM,Derailment,0,BLOOMINGTON,CA,62,4,Dark,Clear,Yard,Yard/switching,8,417,22465,22882,M404,34.067848,-117.388218,71.8,78.1,83.5
BNSF,CA0915109,2015-09-11,3:45 PM,Derailment,0,ESSEX,CA,100,2,Day,Clear,Main,Maint./inspect Car,7,70000,0,70000,H402,34.72405,-115.255202,65,62.2,57.9
UP,1216RS002,2016-12-03,2:30 AM,Side collision,0,ROSEVILLE,CA,39,4,Dark,Clear,Yard,Light loco(s),0,3414,500,20708,H607,38.733479,-121.304063,47.4,43.8,43.4
ATK,141002,2016-02-06,11:40 AM,Obstruction,0,STOCKTON,CA,65,2,Day,Clear,Main,Passenger Train - Pushing,79,120000,0,120500,M402,37.934145,-121.367109,48.4,50,52.1
UP,1022NC010,2022-10-08,4:19 AM,Other impacts,0,STOCKTON,CA,71,1,Dawn,Clear,Industry,Light loco(s),0,0,0,74751,H307,37.948258,-121.329296,75.5,75,72
PHL,0901151,2015-09-01,11:44 PM,Other impacts,0,LOS ANGELES,CA,73,4,Dark,Clear,Yard,Yard/switching,7,22370,460,22830,H702,33.741017,-118.234654,74.3,73.5,72.3
UP,1214LA024,2014-12-20,3:15 AM,Obstruction,0,GROVER BEACH,CA,55,4,Dark,Cloudy,Main,Freight Train,33,11537,1065,12602,M404,35.11932,-120.628186,55.4,57.6,61.4
UP,0418RS007,2018-04-03,6:29 PM,Hwy-rail crossing,0,SALINAS,CA,61,2,Day,Clear,Main,,0,0,450,43483,M303,36.609275,-121.562893,56.8,55,55.5
UP,0622NC008,2022-06-07,7:30 AM,Hwy-rail crossing,0,TURLOCK,CA,58,1,Dawn,Clear,Main,Freight Train,40,6958,25165,32123,M303,37.471179,-120.820489,73.5,75.6,75.6
UP,1022LA056,2022-10-29,9:15 AM,Other impacts,0,BLOOMINGTON,CA,50,2,Day,Clear,Yard,Yard/switching,2,39535,0,53838,S007,34.066331,-117.376262,64.8,64.7,66.8
BNSF,CA0222118,2022-02-25,7:45 AM,Derailment,0,FRESNO,CA,40,1,Dawn,Clear,Industry,Freight Train,6,80006,8000,88006,H303,36.699957,-119.754356,45.1,47.5,50.1
UP,0615LA010,2015-06-13,10:00 AM,Derailment,0,BLOOMINGTON,CA,70,2,Day,Clear,Yard,Light loco(s),5,53674,2000,55674,H303,34.06499,-117.375228,69.2,68.6,71.8
BNSF,CA0418117,2018-04-23,11:33 AM,Rear end collision,0,HESPERIA,CA,75,2,Day,Clear,Yard,Spec. MoW Equip.,5,15000,0,15000,H997,34.4263,-117.300253,64.1,62.5,61.4
ATK,136019,2015-01-22,10:33 PM,Obstruction,0,SAN PABLO,CA,45,4,Dark,Cloudy,Main,Passenger Train - Pushing,69,29881,0,43993,M404,38.002329,-122.345307,48,48,48.4
PCMZ,20141216A,2014-12-16,7:28 PM,Obstruction,0,ATHERTON,CA,49,4,Dark,Rain,Main,Commuter Train - Pulling,46,100000,500,100500,M402,37.463133,-122.195579,53.4,54.7,53.2
BNSF,CA1022106,2022-10-07,4:40 PM,Derailment,0,VICTORVILLE,CA,70,2,Day,Clear,Main,Freight Train,32,14500,3000,17500,E33C,34.540531,-117.296995,67.1,66,64.1
ATK,146450,2017-02-22,5:15 PM,Obstruction,0,STOCKTON,CA,48,2,Day,Clear,Main,Passenger Train - Pushing,0,19783,0,19783,M404,38.192034,-121.284169,55.1,48.4,44
UP,0915LA001,2015-09-01,3:04 PM,Hwy-rail crossing,0,CITY OF INDUSTRY,CA,84,2,Day,Clear,Main,Freight Train,40,7385,14036,21421,M302,33.998407,-117.870916,74,73.7,73.5
NCTC,09162015,2015-09-16,6:05 AM,Hwy-rail crossing,0,SAN DIEGO,CA,70,1,Dawn,Clear,Main,,0,0,0,20794,M303,32.732854,-117.174378,74.4,72,72.6
UP,0815LA002,2015-08-03,4:00 PM,Derailment,0,BLOOMINGTON,CA,92,2,Day,Clear,Yard,Yard/switching,3,7291,10660,17951,H702,34.068162,-117.374539,77.5,77.7,80.5
UP,0917LA034,2017-09-19,9:20 PM,Other impacts,0,VAN NUYS,CA,67,4,Dark,Clear,Yard,Cut of cars,0,133,0,42975,H309,34.210616,-118.441862,67.9,68,67.9
UP,0322NC011,2022-03-06,10:00 PM,Derailment,0,REDDING,CA,56,4,Dark,Clear,Yard,Freight Train,1,1000,30360,31360,H513,40.558143,-122.388307,49.5,51.4,55.7
UP,1214LA014,2014-12-14,3:58 PM,Derailment,0,MIRA LOMA,CA,72,2,Day,Cloudy,Yard,,0,0,11460,14472,H503,34.015361,-117.522918,52.7,51.7,53.2
BNSF,CA0215105,2015-02-14,12:20 AM,Other (describe in narrative),0,CALIENTE,CA,50,4,Dark,Clear,Main,Freight Train,21,44355,0,44355,E23C,35.251062,-118.583041,57.2,54.1,54.4
BNSF,CA0522201,2022-05-13,2:06 PM,Hwy-rail crossing,0,SHAFTER,CA,77,2,Day,Clear,Main,,0,0,150,169602,M308,35.477849,-119.243052,63.4,65.9,74
ATK,146725,2017-03-16,8:36 PM,Derailment,0,OAKLAND,CA,60,4,Dark,Clear,Yard,Yard/switching,2,46629,0,46629,H702,37.799934,-122.291282,57.8,59.9,59.5
BNSF,CA0215114,2015-02-27,8:40 AM,Derailment,0,OAKLAND,CA,65,1,Dawn,Clear,Yard,Yard/switching,10,36000,0,36000,H307,37.812562,-122.30447,56.1,56.5,53.2
UP,0515RS002,2015-05-03,1:01 PM,Derailment,0,FRESNO,CA,87,2,Day,Clear,Yard,Yard/switching,8,13212,30950,44162,H702,36.773729,-119.83913,77.2,72.8,68.5
BNSF,CA0115112,2015-01-15,1:00 PM,Other impacts,0,TORRANCE,CA,68,2,Day,Clear,Yard,Yard/switching,6,232982,0,287322,H307,33.836957,-118.325064,59.5,62.1,61.1
ATK,154777,2017-12-22,7:14 PM,Fire/violent rupture,0,GOLETA,CA,48,3,Dusk,Cloudy,Main,Passenger Train - Pushing,36,13577,0,13577,E74L,34.439285,-119.828257,46.9,45.6,48.3
UP,0815LA022,2015-08-21,12:45 PM,Hwy-rail crossing,0,INDUSTRY,CA,83,2,Day,Clear,Main,Freight Train,38,4519,40975,45494,M308,33.998407,-117.870916,74.1,73.4,74.6
BNSF,CA1115108,2015-11-06,10:40 PM,Derailment,0,SAN BERNARDINO,CA,65,4,Dark,Clear,Industry,Yard/switching,8,13426,0,13426,H306,34.101868,-117.337555,54.6,59.7,62.2
UP,0322NC037,2022-03-18,6:23 PM,Obstruction,0,TRACY,CA,73,3,Dusk,Clear,Main,,0,0,150,150,M404,37.767965,-121.314909,56.9,57.7,55.1
SJVR,SJV925521R,2021-11-05,2:20 AM,Derailment,0,BAKERSFIELD,CA,56,4,Dark,Clear,Yard,Freight Train,5,5000,0,14798,H704,35.377507,-118.992765,63.4,62,59.2
UP,0817RS021,2017-08-12,3:49 AM,Other impacts,0,ROSEVILLE,CA,73,4,Dark,Clear,Yard,Yard/switching,5,270,11068,11838,S007,38.713666,-121.325521,78.3,80,75.6
UP,0917RS036,2017-09-19,5:45 AM,Derailment,0,ANTELOPE,CA,68,4,Dark,Clear,Yard,Yard/switching,3,88458,75296,163754,T220,38.703056,-121.335271,69.4,64.4,66.4
BNSF,CA0220109,2020-02-15,2:55 AM,Derailment,0,BARSTOW,CA,25,4,Dark,Clear,Yard,Light loco(s),10,9900,36800,46700,H306,34.903543,-117.027505,48.9,53.4,58.5
UP,0217LA025,2017-02-24,12:27 AM,Derailment,0,TEHACHAPI,CA,35,4,Dark,Clear,Main,,0,0,7573,487054,H505,35.19745,-118.537637,30.9,33,33.9
UP,1016RS014,2016-10-11,12:03 PM,Hwy-rail crossing,0,ATWATER,CA,82,2,Day,Clear,Main,Freight Train,67,20645,98381,119026,M303,37.346585,-120.612024,69.1,64.2,65.2
UP,1216LA014,2016-12-08,3:45 PM,Hwy-rail crossing,0,CAMARILLO,CA,60,2,Day,Clear,Main,,0,0,150,26400,M302,34.196612,-119.076701,52.7,55.6,59.7
UP,0123NC015,2023-01-10,4:02 AM,Other impacts,0,ROSEVILLE,CA,55,1,Dawn,Cloudy,Yard,Cut of cars,6,30583,0,52062,M105,38.731745,-121.305543,53.4,50.5,51.4
UP,0922NC005,2022-09-05,11:12 PM,Derailment,0,EMIGRANT GAP,CA,83,4,Dark,Cloudy,Main,Freight Train,14,0,50805,50805,E33C,39.198577,-120.772514,82.2,85.4,86.3
UP,0817RS021,2017-08-12,3:49 AM,Other impacts,0,ROSEVILLE,CA,73,4,Dark,Clear,Yard,Single Car,0,500,0,11838,S007,38.713666,-121.325521,78.3,80,75.6
BNSF,CA1017103,2017-10-04,3:00 AM,Derailment,0,FRESNO,CA,53,4,Dark,Clear,Yard,Yard/switching,3,4000,8700,12700,H307,36.699664,-119.748713,63.2,64.1,65.6
BNSF,CA0624126,2024-06-30,1:12 PM,Derailment,0,KEENE,CA,98,2,Day,Clear,Main,Freight Train,0,1000,0,140011,E71L,35.22171,-118.556299,75.7,76.2,75.4
UP,0621NC011,2021-06-09,7:08 AM,Hwy-rail crossing,0,TRACY,CA,68,2,Day,Clear,Main,,0,0,66,66,M303,37.696238,-121.419635,60.3,59.5,60.7
BNSF,CA0623114,2023-06-17,10:00 PM,Derailment,0,BARSTOW,CA,80,4,Dark,Clear,Yard,Freight Train,2,60000,60000,120000,H525,34.895588,-117.069667,79,83.9,83.3
UP,0922NC010,2022-09-10,5:20 AM,Derailment,0,FRESNO,CA,88,1,Dawn,Cloudy,Yard,Freight Train,5,20927,211388,232315,H524,36.793012,-119.86022,92.7,88,84.3
BNSF,CA0618103,2018-06-05,5:15 AM,Derailment,0,STOCKTON,CA,68,1,Dawn,Clear,Main,Freight Train,20,0,520000,520000,H503,37.941699,-121.231997,76.3,69.8,66.1
UP,1122LA032,2022-11-25,4:15 AM,Derailment,0,INDUSTRY,CA,50,1,Dawn,Clear,Yard,Freight Train,5,128328,4220,132548,H702,34.012894,-117.948876,62.1,61.6,57.5
UP,1016LA015,2016-10-17,6:33 PM,Fire/violent rupture,0,CABAZON,CA,70,4,Dark,Clear,Main,Freight Train,20,15846,0,15846,E73L,33.925612,-116.814592,68.4,66.3,65.7
UP,0624LA047,2024-06-25,9:35 AM,Other impacts,0,LA PUENTE,CA,73,2,Day,Clear,Industry,Yard/switching,5,2972,78424,93109,H021,34.024464,-117.97626,79.2,76.4,72.3
UP,0617LA023,2017-06-15,3:04 AM,Derailment,0,COLTON,CA,65,4,Dark,Clear,Yard,Yard/switching,2,374924,99496,474420,M507,34.065921,-117.345218,74.8,77.4,79.5
BNSF,CA0416103,2016-04-12,10:00 PM,Derailment,0,COMMERCE,CA,63,4,Dark,Clear,Yard,Freight Train,9,300,40000,40300,M503,33.997391,-118.162938,63.7,63.1,62.2
UP,0323NC032,2023-03-22,12:35 AM,Derailment,0,OAKLAND,CA,47,4,Dark,Rain,Yard,Yard/switching,10,15068,41207,56275,H607,37.802453,-122.30286,49,51.9,52.8
UP,0916LA014,2016-09-19,12:19 PM,Derailment,0,CALIENTE,CA,91,2,Day,Clear,Main,Work train,0,18278,0,18278,M201,35.267152,-118.598347,71.9,75.7,74
SJVR,SJV305123D,2023-01-22,4:10 PM,Derailment,0,BAKERSFIELD,CA,59,2,Day,Clear,Yard,Freight Train,2,0,12000,12000,H704,35.37306,-118.97331,45.1,43.7,44.3
SCAX,020722,2022-02-07,4:48 AM,Obstruction,0,RIVERSIDE,CA,50,4,Dark,Clear,Main,Commuter Train - Pushing,59,13128,0,13377,M402,33.96972,-117.461611,63.7,62.6,64.3
UP,1222LA010,2022-12-08,8:45 PM,Other impacts,0,LOS ANGELES,CA,55,4,Dark,Cloudy,Yard,Cut of cars,0,7179,0,72549,H306,34.043941,-118.228297,53.8,53.1,53