reportingrailroadcode,accidentnumber,date,time,accidenttype,hazmatreleasedcars,station,stateabbr,temperature,visibility_code,visibility,weathercondition,tracktype,equipmenttype,trainspeed,equipmentdamagecost,trackdamagecost,totaldamagecost,primaryaccidentcausecode,latitude,longitude,prior_temp,actual_temp,following_temp
BNSF,CA1215118,2015-12-05,1:12 PM,Derailment,0,SAN BERNARDINO,CA,71,2,Day,Clear,Yard,Yard/switching,4,125222,1848,127070,H505,34.105405,-117.305785,50.7,57.5,59.5
ATK,140119,2015-11-21,10:42 AM,Hwy-rail crossing,0,CAMARILLO,CA,82,2,Day,Clear,Main,Passenger Train - Pushing,69,12007,0,13132,M302,34.196556,-119.069728,69.8,80.5,74.2
UP,0616LA002,2016-06-02,9:40 PM,Fire/violent rupture,0,MIRA LOMA,CA,70,4,Dark,Clear,Main,Freight Train,0,16024,0,16024,M406,34.014222,-117.51818,68.9,76.8,81.1
UP,0318LA025,2018-03-21,4:25 AM,Derailment,0,FONTANA,CA,55,4,Dark,Cloudy,Yard,Freight Train,6,80703,23564,104267,H702,34.064728,-117.522187,62.4,61.8,59.9
ATK,172590,2022-11-01,8:24 PM,Obstruction,0,ESCALON,CA,51,4,Dark,Clear,Main,Passenger Train - Pulling,70,14849,0,16849,M402,37.798581,-120.999078,56.1,53.4,49.8
LAJ,4576,2016-08-22,4:50 AM,Derailment,0,LOS ANGELES,CA,63,1,Dawn,Clear,Yard,,0,0,24200,30739,E09C,33.990951,-118.158823,70.5,71,71.7
UP,1121NC011,2021-11-10,9:42 PM,Derailment,0,GOLD RUN,CA,52,4,Dark,Clear,Main,Freight Train,10,15516,1992,17508,E7AL,39.178849,-120.858921,45.7,51.1,58.2
BNSF,CA0824111,2024-08-18,9:30 AM,Derailment,0,RICHMOND,CA,64,2,Day,Clear,Yard,Light loco(s),5,1000,18960,19960,H307,37.938821,-122.371786,68,68.6,67.6
UP,0522LA034,2022-05-21,1:00 AM,Other impacts,0,BLOOMINGTON,CA,61,4,Dark,Cloudy,Yard,Single Car,5,311,0,124909,M411,34.067432,-117.381385,60.5,63.5,66
LAJ,4572,2016-03-08,5:15 PM,Derailment,0,VERNON,CA,71,2,Day,Clear,Yard,,0,0,50500,145381,H503,33.999581,-118.191529,38.9,41.6,39.8
UP,0116LA006,2016-01-06,6:51 AM,Fire/violent rupture,0,HESPERIA,CA,35,1,Dawn,Cloudy,Main,Freight Train,55,48925,0,48925,M406,34.326221,-117.424918,44.4,40.2,39.3
UP,0322LA019,2022-03-23,8:30 AM,Other impacts,0,SANTA FE SPRINGS,CA,75,2,Day,Clear,Yard,Single Car,2,23336,0,89883,H021,33.9577,-118.058512,67,70.9,69.1
UP,0316RS035,2016-03-25,3:58 PM,Other (describe in narrative),0,REDDING,CA,74,2,Day,Clear,Main,Freight Train,35,10675,2411501,2422176,E69L,40.45378,-122.305748,57.7,60.8,62.6
UP,0916RS009,2016-09-07,6:58 PM,Fire/violent rupture,0,ROSEVILLE,CA,84,3,Dusk,Clear,Main,Freight Train,35,17970,0,17970,E74L,38.756841,-121.274228,70.8,74.1,76.2
UP,1220LA023,2020-12-18,2:45 PM,Other impacts,0,BLOOMINGTON,CA,66,2,Day,Clear,Yard,Single Car,0,0,0,29794,M411,34.066281,-117.38857,53.5,55.9,56.6
BNSF,CA0618203,2018-06-20,11:15 AM,Hwy-rail crossing,0,HANFORD,CA,87,2,Day,Clear,Siding,Maint./inspect Car,0,11000,0,11000,M302,36.40116,-119.66399,80.1,83,80.9
ATK,171541,2022-08-03,12:24 PM,Hwy-rail crossing,0,ELMIRA,CA,98,2,Day,Clear,Main,Passenger Train - Pulling,52,15054,0,15087,M308,38.364779,-121.896834,81.8,82.7,80.2
ATK,180608,2024-06-09,11:35 PM,Obstruction,0,BELL GARDENS,CA,0,4,Dark,Clear,Main,Passenger Train - Pushing,50,24610,0,24610,M404,33.987277,-118.133114,66.3,66.2,66.1
ATK,154425,2018-07-24,8:35 AM,Derailment,0,LOS ANGELES,CA,80,2,Day,Clear,Yard,Light loco(s),5,21000,500,21500,H599,34.052234,-118.243685,78.8,79.6,78.1
UP,1222NC002,2022-12-02,11:30 AM,Derailment,0,TURLOCK,CA,39,2,Day,Clear,Industry,Freight Train,6,3538,26436,29974,H307,37.489003,-120.887749,46,40.7,49.6
ATK,173870,2023-02-24,9:05 PM,Obstruction,0,OCEANO,CA,38,4,Dark,Rain,Main,Passenger Train - Pulling,62,11577,0,11577,M404,35.105701,-120.62159,44.4,46.7,43.1
UP,0917RS045,2017-09-23,3:50 PM,Derailment,0,BENICIA,CA,81,2,Day,Clear,Yard,Yard/switching,10,38520,71192,109712,M103,38.076176,-122.133524,61.7,65.2,67
ATK,144503,2016-10-03,8:20 PM,Derailment,0,VERNON,CA,70,4,Dark,Clear,Yard,Yard/switching,4,17608,9000,26608,E39C,34.029941,-118.226744,50.3,48.5,49.3
UP,0416RS040,2016-04-29,4:15 AM,Derailment,0,ROSEVILLE,CA,50,4,Dark,Clear,Yard,Light loco(s),3,12327,297,12624,T221,38.749202,-121.287618,62.1,62.6,66.9
PCMZ,20160102A,2016-01-02,1:57 PM,Head on collision,0,SAN JOSE,CA,46,2,Day,Clear,Yard,Passenger Train - Pushing,10,13120,11779,46724,H307,37.338671,-121.9091,42.2,46.3,49.4
UP,0123NC023,2023-01-14,9:45 PM,Derailment,0,BELDEN,CA,35,4,Dark,Cloudy,Main,Freight Train,22,398977,268007,666984,M204,40.005062,-121.247,51.4,50.4,45.7
UP,0824LA040,2024-08-28,7:55 AM,Derailment,0,COLTON,CA,64,2,Day,Clear,Yard,Yard/switching,15,260523,0,260523,M407,34.066868,-117.337652,77.5,74.1,72.5
ATK,144662,2016-10-16,3:09 PM,Obstruction,0,SODA SPRINGS,CA,43,2,Day,Rain,Main,Passenger Train - Pulling,31,10656,0,10656,M404,39.325512,-120.593445,46.8,43.7,39.3
ATK,174112,2023-03-21,2:52 PM,Obstruction,0,PORT COSTA,CA,54,2,Day,Rain,Main,Passenger Train - Pushing,44,28780,0,32364,M404,38.040144,-122.176356,51.8,48.8,51.5
UP,0516LA005,2016-05-05,7:40 AM,Side collision,0,LOS ANGELES,CA,61,2,Day,Clear,Yard,Light loco(s),5,2553,0,25237,H210,34.012337,-118.186435,61,62.6,61
BNSF,CA1116120,2016-11-20,4:05 AM,Derailment,0,RICHMOND,CA,58,1,Dawn,Rain,Yard,Yard/switching,3,12893,3000,15893,H503,37.939293,-122.371458,58.2,56,53.4
UP,1122NC026,2022-11-16,9:15 PM,Derailment,0,FRESNO,CA,51,4,Dark,Clear,Industry,Yard/switching,10,11463,17750,29213,T211,36.686001,-119.729732,49.8,51.2,51.6
UP,0123NC070,2023-01-30,6:18 AM,Hwy-rail crossing,0,OAKLAND,CA,43,1,Dawn,Clear,Main,,0,0,100,23336,M303,37.769249,-122.219128,48.6,46.3,46
BNSF,CA0617101,2017-06-05,9:00 AM,Rear end collision,0,AMBOY,CA,85,2,Day,Clear,Main,Maint./inspect Car,15,12000,0,18000,H402,34.566757,-115.795592,88.3,88.3,88
ATK,145911,2017-01-13,6:15 PM,Hwy-rail crossing,0,RICHMOND,CA,51,4,Dark,Clear,Main,Passenger Train - Pushing,47,12421,0,12421,M302,37.925187,-122.338595,47.6,46.2,45.9
UP,0622NC026,2022-06-25,9:20 PM,Obstruction,0,DIXON,CA,74,4,Dark,Clear,Main,,0,0,150,18721,M402,38.416817,-121.85061,80.6,77.8,77.3
ATK,147735,2017-06-01,7:59 PM,Obstruction,0,SOLEDAD,CA,70,4,Dark,Clear,Main,Passenger Train - Pulling,25,11087,0,11087,M402,36.45228,-121.369594,60.8,61.2,60.3
UP,0724LA041,2024-07-22,4:09 PM,Other impacts,0,BLOOMINGTON,CA,100,2,Day,Clear,Yard,Single Car,0,5000,0,30120,M411,34.0666,-117.383097,82.8,82.5,82.8
UP,0123NC015,2023-01-10,4:02 AM,Other impacts,0,ROSEVILLE,CA,55,1,Dawn,Cloudy,Yard,Yard/switching,4,21074,405,52062,M105,38.731745,-121.305543,53.4,50.5,51.4
BNSF,CA0923129,2023-09-29,4:30 AM,Derailment,0,BARSTOW,CA,60,1,Dawn,Clear,Yard,Yard/switching,4,17959,21374,39333,M411,34.900533,-117.041886,74.4,72.8,64.7
UP,0223LA015,2023-02-09,9:50 PM,Derailment,0,LOS ANGELES,CA,67,4,Dark,Cloudy,Yard,Freight Train,4,66016,3912,147825,H306,34.042169,-118.228281,59.2,63.3,63.4
UP,1016RS024,2016-10-16,3:09 PM,Obstruction,0,SODA SPRINGS,CA,43,2,Day,Rain,Main,,0,0,0,10656,M404,39.325512,-120.593445,46.8,43.7,39.3
MET,28M2016,2016-09-13,7:16 AM,Derailment,0,MODESTO,CA,60,1,Dawn,Clear,Yard,Yard/switching,4,46614,0,46614,H503,37.381595,-120.570067,67.8,63.5,69.5
PCMZ,20170804B,2017-08-04,8:49 AM,Hwy-rail crossing,0,BURLINGAME,CA,61,2,Day,Clear,Main,Commuter Train - Pushing,73,100000,0,100000,M303,37.587834,-122.36325,69.9,68.5,64.3
ATK,142375,2016-05-13,12:32 PM,Hwy-rail crossing,0,MADERA,CA,85,2,Day,Clear,Main,Passenger Train - Pulling,79,83708,0,84008,M302,36.887627,-119.94226,75.8,72.9,67.4
PCMZ,20160919B,2016-09-19,6:04 PM,Hwy-rail crossing,0,PALO ALTO,CA,79,2,Day,Clear,Main,Commuter Train - Pushing,75,44371,0,44371,M303,37.41758,-122.12332,70.9,74.1,66.7
UP,0323ES032,2023-03-19,9:00 AM,Obstruction,0,BELDEN,CA,34,2,Day,Rain,Main,Spec. MoW Equip.,10,16271,0,16271,H607,40.007145,-121.239872,51.9,50.6,51.3
UP,0117PD046,2017-01-18,12:22 PM,Obstruction,0,MOUNT SHASTA,CA,33,2,Day,Snow,Main,,0,0,150,44956,M404,41.247432,-122.27088,36.1,34,34.1
UP,1122LA006,2022-11-05,12:28 PM,Derailment,0,BLOOMINGTON,CA,58,2,Day,Clear,Yard,Yard/switching,2,26044,3750,30061,M404,34.067809,-117.369426,55.6,57.9,58.4
UP,1016LA019,2016-10-28,12:15 AM,Derailment,0,FONTANA,CA,70,4,Dark,Cloudy,Yard,Yard/switching,3,2836,0,21662,H702,34.064952,-117.509061,69.8,70.2,72
UP,0422LA044,2022-04-30,3:00 PM,Derailment,0,LA PUENTE,CA,78,2,Day,Clear,Yard,Cut of cars,0,83942,0,104687,E37C,34.009965,-117.936626,63,66.2,63.6
UP,0220ES030,2020-02-12,3:30 AM,Obstruction,0,CROCKETT,CA,47,4,Dark,Clear,Main,Spec. MoW Equip.,8,0,68650,68650,H997,38.056096,-122.212378,61.7,52.7,49.6
UP,0317RS068,2017-03-31,12:10 PM,Derailment,0,STOCKTON,CA,73,2,Day,Clear,Industry,Yard/switching,7,31756,2256,34012,E34C,37.916096,-121.273887,60.8,61.1,59.8
UP,1122NC021,2022-11-15,2:38 PM,Derailment,0,MOUNT SHASTA,CA,44,2,Day,Clear,Main,Freight Train,3,24836,18460,43296,E99L,41.268855,-122.300184,33.1,32.8,33.7
BNSF,CA0815118,2015-08-31,8:50 PM,Obstruction,0,ANTIOCH,CA,62,3,Dusk,Clear,Main,,0,0,0,12974,M402,38.020812,-121.856575,72.2,74.3,71.3
UP,0624NC002,2024-06-02,11:45 PM,Obstruction,0,VISALIA,CA,79,4,Dark,Cloudy,Main,Freight Train,65,13271,950,14221,M402,36.36587,-119.43056,78.8,73.6,75.4
ATK,172965,2022-12-05,12:10 PM,Hwy-rail crossing,0,OAKLAND,CA,57,2,Day,Clear,Main,Passenger Train - Pushing,70,12490,0,12640,M308,37.769197,-122.219045,52.2,52.4,50.7
UP,1016RS011,2016-10-08,6:00 AM,Derailment,0,BENICIA,CA,55,1,Dawn,Clear,Yard,Yard/switching,4,21861,6306,28167,H702,38.069741,-122.119831,66.1,69,68.3
UP,0323RM051,2023-03-27,8:30 AM,Derailment,0,BAKER,CA,42,2,Day,Clear,Main,Freight Train,60,3409237,241981,3651218,H021,34.984547,-115.719489,48.1,48,53
BNSF,CA1015119,2015-10-01,3:39 PM,Fire/violent rupture,0,HESPERIA,CA,81,2,Day,Cloudy,Main,,0,0,0,12794,E74L,34.329189,-117.433735,69.8,66.1,64.4
UP,0922NC001,2022-09-02,11:38 AM,Derailment,0,ROSEVILLE,CA,81,2,Day,Clear,Yard,Light loco(s),8,1641,52316,53957,H707,38.732307,-121.305662,81.3,84.8,82.3
UP,1015RS022,2015-10-23,8:30 AM,Hwy-rail crossing,0,PLEASANT GROVE,CA,70,2,Day,Clear,Main,,0,0,0,23052,M303,38.794727,-121.500822,66.5,62.6,63.7
UP,0916RS010,2016-09-06,6:34 PM,Hwy-rail crossing,0,UNION CITY,CA,75,2,Day,Clear,Main,,0,0,0,13002,M302,37.605986,-122.031027,62.8,67,72.3
UP,0217RS021,2017-02-10,12:45 PM,Derailment,0,WILTON,CA,60,2,Day,Clear,Main,Freight Train,58,408583,166554,575137,M103,38.350508,-121.342786,59.3,56.2,53.8
UP,0523NC047,2023-05-28,1:00 AM,Derailment,0,ROSEVILLE,CA,59,4,Dark,Clear,Yard,Yard/switching,8,88325,14124,102449,M409,38.731298,-121.307971,64.4,64.8,64.2
SERA,SERA202203,2022-02-28,3:15 PM,Other (describe in narrative),0,JAMESTOWN,CA,74,2,Day,Clear,Main,Maint./inspect Car,5,40000,0,40000,H993,37.806072,-120.491305,51.4,51.9,54
BNSF,CA1215123,2015-12-19,5:30 AM,Derailment,0,FRESNO,CA,52,1,Dawn,Clear,Yard,Freight Train,9,9000,44000,53000,H702,36.70258,-119.758954,44,44.2,44.7
UP,0817RS027,2017-08-15,5:55 PM,Derailment,0,ROSEVILLE,CA,88,2,Day,Clear,Yard,Yard/switching,10,48189,10008,58197,H602,38.724111,-121.311382,71,69.1,72.4
ATK,141394,2016-03-02,5:20 PM,Obstruction,0,ELK GROVE,CA,60,3,Dusk,Clear,Main,Passenger Train - Pushing,79,18012,0,18012,M404,38.410766,-121.365133,59.7,58.9,60.2
BNSF,CA0123112,2023-01-24,9:07 AM,Derailment,0,LENWOOD,CA,45,2,Day,Clear,Yard,Yard/switching,2,16983,4000,38695,M408,34.899268,-117.043425,45.5,44.4,46.6
SCAX,052624,2024-05-26,4:03 PM,Hwy-rail crossing,0,SANTA ANA,CA,70,2,Day,Clear,Main,,0,0,0,15193,M308,33.735141,-117.84493,62.6,63.7,62.5
BNSF,CA1016114,2016-10-22,5:30 PM,Derailment,0,TORRANCE,CA,78,3,Dusk,Clear,Yard,Yard/switching,7,13114,500,13614,H307,33.848293,-118.339245,75.5,68.4,67.3
UP,0318RS024,2018-03-16,11:55 AM,Obstruction,0,ATWATER,CA,55,2,Day,Cloudy,Main,Freight Train,61,0,99469,99469,M402,37.340846,-120.596358,49.3,50.1,47
SCAX,11052016,2016-11-05,12:00 AM,Other (describe in narrative),0,OCEANSIDE,CA,58,4,Dark,Clear,Yard,Yard/switching,4,0,0,29623,H799,33.182828,-117.371767,62.7,61.1,60.8
UP,0722LA019,2022-07-16,8:30 AM,Derailment,0,INDUSTRY,CA,68,2,Day,Clear,Yard,Yard/switching,10,88754,4400,93154,H601,34.009291,-117.934383,70.8,70.8,71.1
UP,0422NC024,2022-04-16,3:00 PM,Other impacts,0,STOCKTON,CA,68,2,Day,Cloudy,Yard,Yard/switching,5,31276,150,36543,H318,37.930329,-121.273005,61,60.1,57.8
UP,0822NC011,2022-08-03,2:26 PM,Hwy-rail crossing,0,VACAVILLE,CA,92,2,Day,Clear,Main,,0,0,33,15087,M303,38.364706,-121.896923,82.4,83.7,81.2
ATK,145956,2017-01-18,12:22 PM,Obstruction,0,DUNSMUIR,CA,33,2,Day,Snow,Main,Passenger Train - Pulling,24,44806,0,44956,M404,41.23641,-122.276987,35.9,34.4,34.4
UP,1222LA010,2022-12-08,8:45 PM,Other impacts,0,LOS ANGELES,CA,55,4,Dark,Cloudy,Yard,Freight Train,2,65370,0,72549,H306,34.043941,-118.228297,53.8,53.1,53
UP,0724LA012,2024-07-07,1:01 PM,Other impacts,0,LONG BEACH,CA,78,2,Day,Clear,Yard,Cut of cars,0,437,0,133840,H513,33.823054,-118.22957,71.3,72,70.4
LAJ,4574,2016-05-14,1:45 PM,Derailment,0,LOS ANGELES,CA,75,2,Day,Clear,Yard,,0,0,81000,218656,H506,34.011771,-118.204681,65.3,64.6,65
UP,0623LA050,2023-06-28,11:24 AM,Hwy-rail crossing,0,MOORPARK,CA,58,2,Day,Cloudy,Main,,0,0,1161922,2374922,M302,34.280363,-118.915889,62.3,62,62
UP,0522NC007,2022-05-03,3:59 PM,Hwy-rail crossing,0,KEYES,CA,74,2,Day,Clear,Main,Freight Train,62,0,185088,185088,M308,37.536725,-120.895029,61.5,65.1,69.5
BNSF,CA0723111,2023-07-17,3:30 PM,Derailment,0,HANFORD,CA,105,2,Day,Clear,Yard,Freight Train,6,82387,0,82387,E40C,36.268748,-119.645938,89.9,91.9,89.3
UP,0717LA002,2017-07-03,1:40 PM,Other impacts,0,BLOOMINGTON,CA,94,2,Day,Clear,Yard,Single Car,0,2501,0,48436,M407,34.067782,-117.375904,72.9,76.9,80.1
ATK,144902,2016-10-31,6:01 AM,Hwy-rail crossing,0,LATON,CA,49,4,Dark,Fog,Main,Passenger Train - Pulling,79,28569,0,128569,M302,36.547288,-119.735764,63.8,56,58.3
UP,0316RS021,2016-03-21,6:20 PM,Other impacts,0,MODESTO,CA,45,4,Dark,Cloudy,Industry,Yard/switching,2,16392,0,16392,H311,37.592894,-120.984386,63.2,59.8,56.2
UP,0523LA021,2023-05-10,11:05 AM,Other (describe in narrative),0,REDLANDS,CA,54,2,Day,Clear,Main,Freight Train,13,53364,0,202578,E37C,33.98608,-117.143279,56.5,55.4,57.7
BNSF,CA0516121,2016-05-14,1:45 PM,Derailment,0,LOS ANGELES,CA,75,2,Day,Clear,Yard,Freight Train,4,137656,0,218656,H506,34.011771,-118.204681,65.3,64.6,65
UP,0223NC002,2023-02-02,2:30 AM,Derailment,0,EMERYVILLE,CA,48,4,Dark,Cloudy,Yard,Freight Train,5,24934,7920,32854,T212,37.827568,-122.291322,46.3,48.7,52.2
UP,0624LA049,2024-06-30,1:12 PM,Derailment,0,KEENE,CA,84,2,Day,Clear,Siding,Freight Train,7,130081,8930,140011,E71L,35.22171,-118.556299,75.7,76.2,75.4
PCMZ,20220310B,2022-03-10,10:33 AM,Other impacts,0,SAN BRUNO,CA,60,2,Day,Clear,Main,Commuter Train - Pulling,63,2000000,168955,2168955,H499,37.622279,-122.406897,53.3,54.7,54
CCT,DRPS100917,2017-10-09,9:05 AM,Derailment,0,STOCKTON,CA,71,2,Day,Cloudy,Industry,Yard/switching,5,15000,1000,16000,E4BC,37.947858,-121.334175,67.2,66.1,65.4
UP,0722ES027,2022-07-15,11:01 AM,Obstruction,0,OAKLAND,CA,68,2,Day,Clear,Main,,0,0,332,307599,M303,37.765398,-122.213453,62.2,60.6,62.6
UP,0822NC024,2022-08-18,6:57 PM,Hwy-rail crossing,0,KINGSBURG,CA,99,3,Dusk,Clear,Main,Freight Train,52,16270,20500,36770,M308,36.517949,-119.558619,89.7,86.5,87.4
UP,0318RS019,2018-03-13,8:08 AM,Hwy-rail crossing,0,VACAVILLE,CA,57,2,Day,Rain,Main,,0,0,297,12631,M308,38.358966,-121.90207,58.7,57.5,50.4
UP,0522LA034,2022-05-21,1:00 AM,Other impacts,0,BLOOMINGTON,CA,61,4,Dark,Cloudy,Yard,Yard/switching,10,122998,1600,124909,M411,34.067432,-117.381385,60.5,63.5,66
BNSF,CA0316203,2016-03-28,1:31 PM,Hwy-rail crossing,0,WINTON,CA,67,2,Day,Clear,Main,,0,0,0,25257,M302,37.385524,-120.613509,60.4,53,50.6
BNSF,CA0723102,2023-07-03,9:00 AM,Derailment,0,BARSTOW,CA,80,2,Day,Clear,Yard,Yard/switching,7,32741,13301,46042,H504,34.901994,-117.038457,94.9,93.4,87.6
BNSF,CA0418202,2018-04-15,11:59 PM,Hwy-rail crossing,0,MADERA,CA,57,4,Dark,Clear,Main,,0,0,0,80429,M308,37.006901,-120.056263,61.2,64.4,49.8
PCMZ,20161016B,2016-10-16,9:27 PM,Hwy-rail crossing,0,PALO ALTO,CA,64,4,Dark,Cloudy,Main,Commuter Train - Pushing,50,28286,0,28286,M399,37.41758,-122.12332,64.8,64,62.8
UP,0724LA041,2024-07-22,4:09 PM,Other impacts,0,BLOOMINGTON,CA,100,2,Day,Clear,Yard,Yard/switching,4,5000,20120,30120,M411,34.0666,-117.383097,82.8,82.5,82.8
UP,0323LA010,2023-03-03,10:37 AM,Hwy-rail crossing,0,GOLETA,CA,50,2,Day,Clear,Main,,0,0,0,231091,M302,34.460271,-120.003555,50.7,50,51.4
UP,0217RS033,2017-02-20,11:07 PM,Derailment,0,MANTECA,CA,56,4,Dark,Cloudy,Siding,,0,0,7864,70932,H702,37.844126,-121.263777,50.3,55.8,55.2
MET,22M2017,2017-07-27,7:10 PM,Derailment,0,MODESTO,CA,100,3,Dusk,Clear,Industry,Yard/switching,6,5052,26416,31468,M405,37.3726,-120.550046,79.7,84.9,86.1
ATK,142548,2016-05-24,1:20 PM,Hwy-rail crossing,0,SAN LEANDRO,CA,61,2,Day,Clear,Main,Passenger Train - Pushing,79,21686,0,21686,M302,37.704417,-122.143412,60,59.7,59.7
UP,0120LA043,2020-01-17,6:25 AM,Derailment,0,GAVIOTA,CA,39,1,Dawn,Clear,Industry,,0,0,414,621398,H303,34.43789,-119.841793,48.4,49.7,56.6
PCJX,PCJX00057F,2024-02-28,8:45 PM,Hwy-rail crossing,0,SAN BRUNO,CA,55,4,Dark,Clear,Main,Passenger Train - Pulling,60,25000,0,25000,M399,37.637369,-122.413078,53.7,52.7,53.6
SERA,SERA202305,2023-02-20,3:45 AM,Derailment,0,RIVERBANK,CA,37,4,Dark,Clear,Main,,0,0,100199,100599,T218,37.732872,-120.920048,48.7,50.7,49.4
ATK,147363,2017-05-05,5:25 AM,Obstruction,0,POND,CA,67,1,Dawn,Clear,Main,Passenger Train - Pulling,80,69819,0,74819,M402,35.695954,-119.330787,83.6,74.9,60.3
BNSF,CA1215120,2015-12-29,11:38 AM,Derailment,0,SAN BERNARDINO,CA,54,2,Day,Clear,Yard,Freight Train,1,15000,1500,16500,H514,34.105369,-117.305917,41.6,46.1,45.3
ATK,174280,2023-04-04,9:20 AM,Hwy-rail crossing,0,DIXON,CA,45,2,Day,Clear,Main,Passenger Train - Pulling,79,54000,0,54132,M308,38.495908,-121.780188,49.1,48.2,50.2
UP,0724LA001,2024-07-02,1:45 AM,Derailment,0,EL CENTRO,CA,90,4,Dark,Clear,Yard,Freight Train,1,45525,1928,47453,E39C,32.801,-115.554877,95.6,95.4,97.3
UP,1016RS033,2016-10-26,6:52 AM,Fire/violent rupture,0,EMIGRANT GAP,CA,45,4,Dark,Clear,Main,Freight Train,20,15474,0,15474,E73L,39.306467,-120.475392,46,51.8,49.9
UP,0623NC033,2023-06-26,4:31 AM,Derailment,0,ROSEVILLE,CA,56,1,Dawn,Clear,Yard,Yard/switching,10,102218,16568,118786,M405,38.732965,-121.304435,66.1,68,69.8
UP,1222LA028,2022-12-20,8:00 AM,Derailment,0,VICTORVILLE,CA,36,2,Day,Clear,Main,Freight Train,32,881283,0,1938283,E53C,34.532643,-117.286978,39.3,42.2,44.6
UP,0724LA059,2024-07-25,7:00 AM,Other impacts,0,BLOOMINGTON,CA,75,2,Day,Clear,Yard,Single Car,0,22522,0,22522,M411,34.067344,-117.387546,84.3,85.7,83.8
PCMZ,20160102A,2016-01-02,1:57 PM,Head on collision,0,SAN JOSE,CA,46,2,Day,Clear,Yard,Commuter Train - Pulling,0,21825,0,46724,H307,37.338671,-121.9091,42.2,46.3,49.4
UP,0523LA063,2023-05-27,9:00 AM,Derailment,0,BLOOMINGTON,CA,58,2,Day,Clear,Yard,Yard/switching,7,13942,1710,15652,E35C,34.067847,-117.371473,60.5,63,61
BNSF,CA0816202,2016-08-15,1:02 PM,Hwy-rail crossing,0,STOCKTON,CA,100,2,Day,Clear,Main,,0,0,27600,69286,M302,37.934512,-121.430778,81.8,76,76.1
SJVR,SJV064222R,2022-04-21,12:20 AM,Derailment,0,FRESNO,CA,60,4,Dark,Clear,Yard,Freight Train,8,15000,0,32699,E60C,36.74868,-119.81169,62.9,57.3,57.6
UP,0223NC027,2023-02-20,3:30 AM,Derailment,0,RIVERBANK,CA,45,4,Dark,Cloudy,Main,Freight Train,10,400,0,100599,T218,37.732861,-120.923858,48.7,50.7,49.4
BNSF,CA1116124,2016-11-29,5:47 PM,Derailment,0,CITY OF COMMERCE,CA,61,3,Dusk,Clear,Yard,Yard/switching,9,4000,15000,19000,H607,33.997198,-118.188098,55.1,57.2,56.3
ATK,150057,2017-10-21,3:00 AM,Hwy-rail crossing,0,GLAMIS,CA,63,4,Dark,Clear,Main,Passenger Train - Pulling,78,21455,0,21455,M308,32.997639,-115.070996,75.7,72.3,73.8
UP,0815LA021,2015-08-19,6:12 PM,Derailment,0,CALIENTE,CA,86,2,Day,Clear,Main,,0,0,3246,39201,H522,35.267986,-118.607423,81.6,79.1,77.7
UP,1017LA002,2017-10-03,10:15 AM,Derailment,0,LONG BEACH,CA,72,2,Day,Clear,Yard,Freight Train,10,3490,10939,14429,H704,33.846161,-118.221043,68.1,67,67.3
UP,1017LA013,2017-10-12,8:00 PM,Derailment,0,OXNARD,CA,75,4,Dark,Clear,Yard,Freight Train,8,266,0,32443,H307,34.188289,-119.168447,60.8,61.1,62.1
UP,0516LA020,2016-05-26,4:57 PM,Derailment,0,CITY OF INDUSTRY,CA,72,2,Day,Clear,Yard,Freight Train,4,278,12646,12924,M405,34.009952,-117.932444,64.4,64.7,65.3
UP,0217RS083,2017-02-22,5:15 PM,Obstruction,0,ACAMPO,CA,63,2,Day,Clear,Main,,0,0,0,19783,M404,38.192034,-121.284169,54.5,47.8,43.6
PCJX,20221201B,2022-12-01,1:38 PM,Other impacts,0,BURLINGAME,CA,54,2,Day,Rain,Main,Commuter Train - Pushing,65,12500,200,29600,M599,37.5875,-122.3625,49.1,50.2,45.6
UP,0322LA019,2022-03-23,8:30 AM,Other impacts,0,SANTA FE SPRINGS,CA,75,2,Day,Clear,Yard,Freight Train,2,66514,33,89883,H021,33.9577,-118.058512,67,70.9,69.1
BNSF,CA1116112,2016-11-13,5:04 AM,Derailment,0,RICHMOND,CA,58,1,Dawn,Clear,Yard,Freight Train,6,2000,9000,11000,H607,37.941168,-122.369212,63.3,60.3,58.5