reportingrailroadcode,accidentnumber,date,time,accidenttype,hazmatreleasedcars,station,stateabbr,temperature,visibility_code,visibility,weathercondition,tracktype,equipmenttype,trainspeed,equipmentdamagecost,trackdamagecost,totaldamagecost,primaryaccidentcausecode,latitude,longitude,prior_temp,actual_temp,following_temp
UP,0623NC012,2023-06-10,5:14 AM,Derailment,0,BAKERSFIELD,CA,69,1,Dawn,Clear,Main,Freight Train,10,34275,20506,54781,M501,35.375878,-118.986271,74.7,73.1,72.9
UP,0921LA051,2021-09-30,2:20 PM,Other impacts,0,BLOOMINGTON,CA,89,2,Day,Clear,Yard,Single Car,1,14898,249,15347,M411,34.066965,-117.386527,68.3,74.9,75.5
UP,0624NC011,2024-06-04,5:48 PM,Hwy-rail crossing,0,GONZALES,CA,83,2,Day,Clear,Main,,0,0,0,24542,M302,36.497125,-121.434321,60.5,64.2,63.4
UP,0522LA048,2022-05-27,3:45 AM,Derailment,0,BLOOMINGTON,CA,60,4,Dark,Clear,Yard,Yard/switching,7,250,1200,74327,H307,34.066257,-117.377955,68.1,64.6,61.2
BNSF,CA0323201,2023-03-10,8:05 PM,Hwy-rail crossing,0,LE GRAND,CA,55,3,Dusk,Rain,Main,,0,0,0,22120,M302,37.234396,-120.252745,48,55.9,58
PHL,PHL00086F,2023-06-14,10:22 AM,Other impacts,0,LONG BEACH,CA,63,2,Day,Cloudy,Yard,Yard/switching,8,30511,1100,74349,H607,33.755798,-118.205106,65.1,63.6,64.8
PHL,2017120301,2017-12-03,12:07 PM,Derailment,0,LOS ANGELES,CA,70,2,Day,Clear,Yard,Yard/switching,5,279887,200,280087,H702,33.73467,-118.196217,61.3,59.3,61.2
BNSF,CA1215115,2015-12-19,8:10 PM,Obstruction,0,SANTA FE SPRINGS,CA,53,3,Dusk,Cloudy,Main,,0,0,0,11855,M402,33.957112,-118.070281,55.6,54.1,52.8
UP,0522LA031,2022-05-22,2:25 AM,Derailment,0,LONG BEACH,CA,61,4,Dark,Clear,Yard,Yard/switching,2,8404,27520,35924,H702,33.809812,-118.234569,64,64,60.8
BNSF,CA0317103,2017-03-14,8:30 PM,Derailment,0,CITY OF COMMERCE,CA,70,3,Dusk,Clear,Yard,Work train,10,5800,130317,136117,H995,33.989811,-118.140616,62.4,64.1,65.1
BNSF,CA0117123,2017-01-29,12:01 AM,Other (describe in narrative),0,BARSTOW,CA,39,4,Dark,Clear,Yard,Yard/switching,8,20600,0,20600,S016,34.897477,-117.050073,41.6,45.7,47.1
UP,0624LA037,2024-06-23,12:50 AM,Derailment,0,LA PUENTE,CA,77,4,Dark,Clear,Yard,Freight Train,4,13028,11685,24713,H526,34.009343,-117.931883,76.3,79.8,79.2
UP,0122NC036,2022-01-05,11:39 AM,Other impacts,0,ROSEVILLE,CA,51,2,Day,Clear,Yard,Light loco(s),10,17980,534,19282,H306,38.733439,-121.304033,52.3,50.3,48.9
UP,0123LA032,2023-01-21,1:46 AM,Derailment,0,TEHACHAPI,CA,32,4,Dark,Clear,Main,Freight Train,15,536424,640881,2354610,E79L,35.181172,-118.497985,34.9,34.7,32.6
UP,0522LA048,2022-05-27,3:45 AM,Derailment,0,BLOOMINGTON,CA,60,4,Dark,Clear,Yard,Yard/switching,0,72877,0,74327,H307,34.066257,-117.377955,68.1,64.6,61.2
PHL,2019102201,2019-10-22,11:00 PM,Derailment,0,LOS ANGELES,CA,71,4,Dark,Clear,Yard,Freight Train,8,4500,8503,13003,H307,33.742881,-118.255925,77.8,77.6,75.9
UP,1122LA006,2022-11-05,12:28 PM,Derailment,0,BLOOMINGTON,CA,58,2,Day,Clear,Yard,Single Car,5,267,0,30061,M404,34.067809,-117.369426,55.6,57.9,58.4
PCMZ,20171212A,2017-12-12,3:08 PM,Derailment,0,SAN JOSE,CA,52,2,Day,Clear,Yard,Commuter Train - Pulling,4,65978,0,65978,H303,37.337875,-121.908443,52.3,51.1,49.2
BNSF,CA0417122,2017-04-30,12:05 AM,Fire/violent rupture,0,VICTORVILLE,CA,75,4,Dark,Clear,Main,,0,0,0,18419,E73L,34.545406,-117.300371,56.9,61.2,62.5
UP,0123LA043,2023-01-28,7:20 PM,Other impacts,0,COLTON,CA,59,3,Dusk,Cloudy,Yard,Freight Train,0,10488,0,402739,H314,34.066945,-117.353113,50.7,48.8,49.4
ATK,151286,2018-01-03,4:41 PM,Obstruction,0,CARLSBAD,CA,66,4,Dark,Clear,Main,Passenger Train - Pushing,90,34772,0,34772,M402,33.161898,-117.348427,57.8,57.3,58.6
NCTC,FY1807628,2018-01-03,4:41 PM,Obstruction,0,CARLSBAD,CA,66,4,Dark,Clear,Main,,0,0,0,34772,M402,33.161898,-117.348427,57.8,57.3,58.6
ATK,174524,2023-04-26,8:37 AM,Hwy-rail crossing,0,FAIRFIELD,CA,70,2,Day,Clear,Main,Passenger Train - Pushing,34,11771,0,11870,M302,38.265042,-122.005238,65.2,67,69.9
PCJX,OP1221128,2022-11-28,6:06 AM,Derailment,0,SAN JOSE,CA,37,4,Dark,Clear,Main,Yard/switching,2,90000,0,90000,H702,37.33701,-121.90749,52.7,51.2,48.8
UP,0123NC004,2023-01-03,6:41 PM,Obstruction,0,ROSEVILLE,CA,46,3,Dusk,Cloudy,Yard,Yard/switching,4,9949,4047,13996,M404,38.744706,-121.292172,41.6,43.7,51.3
BNSF,CA1217107,2017-12-24,12:45 PM,Derailment,0,VERNON,CA,65,2,Day,Clear,Yard,Yard/switching,5,19130,27500,46630,H514,34.010654,-118.2041,14,4.2,10
UP,0217RS076,2017-02-28,2:25 AM,Derailment,0,FRENCH CAMP,CA,50,4,Dark,Clear,Yard,Cut of cars,0,12345,0,14475,M507,37.884456,-121.274266,48,47.7,48.6
PCJX,20220619A,2022-06-19,11:19 PM,Hwy-rail crossing,0,SAN BRUNO,CA,54,4,Dark,Clear,Main,Commuter Train - Pulling,59,0,13453,13453,M303,37.63718,-122.41303,59.6,61.3,64.5
UP,0116RS015,2016-01-16,12:03 PM,Fire/violent rupture,0,TRUCKEE,CA,43,2,Day,Cloudy,Main,Freight Train,25,27645,0,27645,E73L,39.30703,-120.241999,31,36.8,36.6
UP,0724LA012,2024-07-07,1:01 PM,Other impacts,1,LONG BEACH,CA,78,2,Day,Clear,Yard,Yard/switching,6,123147,10256,133840,H513,33.823054,-118.22957,71.3,72,70.4
BNSF,CA0322103,2022-03-03,7:56 PM,Derailment,0,KEENE,CA,61,3,Dusk,Clear,Main,Freight Train,14,227328,0,703631,T222,35.267128,-118.606156,49.9,48.9,41.9
BNSF,CA1016107,2016-10-12,5:50 AM,Side collision,0,BARSTOW,CA,60,1,Dawn,Clear,Yard,Yard/switching,6,32000,0,180094,H307,34.902205,-117.037889,73.3,69.2,69.1
BNSF,CA0618110,2018-06-17,11:30 PM,Derailment,0,VICTORVILLE,CA,56,4,Dark,Clear,Yard,Freight Train,10,30000,0,30000,H307,34.540705,-117.297433,64,60.4,62.4
UP,0223LA015,2023-02-09,9:50 PM,Derailment,0,LOS ANGELES,CA,67,4,Dark,Cloudy,Yard,Cut of cars,0,77897,0,147825,H306,34.042169,-118.228281,59.2,63.3,63.4
UP,0624NC023,2024-06-23,1:20 AM,Derailment,0,ROSEVILLE,CA,82,4,Dark,Clear,Yard,Yard/switching,4,4431,1750,6181,H307,38.738154,-121.299925,81.8,86,83.5
UP,0516LA008,2016-05-06,11:40 PM,Derailment,0,LOS ANGELES,CA,60,4,Dark,Cloudy,Yard,Light loco(s),5,17767,1728,19495,H702,34.007932,-118.174035,62.6,61,61.8
BNSF,CA1116127,2016-11-22,1:01 AM,Fire/violent rupture,0,HESPERIA,CA,70,4,Dark,Clear,Main,,0,0,0,52324,E71L,34.368035,-117.340505,47.1,46.3,47.5
UP,1017RS024,2017-10-21,1:28 AM,Derailment,0,OAKLAND,CA,51,4,Dark,Clear,Yard,Freight Train,10,18906,11373,30279,H704,37.798018,-122.300212,57,56.3,59.3
UP,0217RS061,2017-02-24,10:04 AM,Derailment,0,SAN LEANDRO,CA,49,2,Day,Cloudy,Industry,Freight Train,6,12866,1000,13866,T221,37.708521,-122.179017,48.3,47,49.2
PHL,PHL00039F,2022-02-12,3:30 AM,Derailment,0,LONG BEACH,CA,50,4,Dark,Clear,Main,,0,0,344189,372789,H524,33.784576,-118.228911,65.4,67.6,68.1
ATK,166375,2021-02-09,10:10 PM,Obstruction,0,ANAHEIM,CA,52,4,Dark,Clear,Main,Commuter Train - Pushing,68,21368,0,21368,M402,33.817822,-117.899983,54.8,56.2,56.8
UP,0123LA032,2023-01-21,1:46 AM,Derailment,0,TEHACHAPI,CA,32,4,Dark,Clear,Main,Freight Train,15,536424,640881,2354610,E79L,35.181172,-118.497985,34.9,34.7,32.6
UP,0722NC011,2022-07-10,5:47 AM,Derailment,0,BAKERSFIELD,CA,75,1,Dawn,Clear,Yard,,0,0,67584,182679,M409,35.375107,-118.982193,84.2,84.3,89.3
UP,0724LA034,2024-07-16,3:07 PM,Derailment,0,LOS ANGELES,CA,85,2,Day,Clear,Yard,Light loco(s),11,14025,4201,18226,H303,34.063151,-118.217587,70.1,71.4,71.7
UP,0522NC009,2022-05-04,3:40 PM,Derailment,0,MERCED,CA,87,2,Day,Clear,Industry,Freight Train,5,159,12560,12719,E07C,37.317902,-120.518918,65.2,71,70.2
UP,0922LA016,2022-09-08,2:41 AM,Head on collision,0,NILAND,CA,92,4,Dark,Cloudy,Siding,Freight Train,27,6612,0,1424129,S005,33.384047,-115.789062,93.6,92.1,80.2
UP,0215LA034,2015-02-14,12:20 AM,Other (describe in narrative),0,KEENE,CA,50,4,Dark,Clear,Main,,0,0,0,44355,E23C,35.251329,-118.583649,56.5,52.5,52.9
UP,0816RS029,2016-08-28,4:50 AM,Derailment,0,OAKLAND,CA,52,4,Dark,Clear,Yard,Light loco(s),3,250,15181,15431,H702,37.805426,-122.304548,65.4,64.9,63.8
ITSL,ITSL163,2016-06-16,3:00 PM,Derailment,0,STOCKTON,CA,89,2,Day,Clear,Yard,Yard/switching,17,30000,0,30000,H210,37.907693,-121.175899,62.6,65.1,69.6
BNSF,CA0618102,2018-06-04,4:36 PM,Derailment,0,BARSTOW,CA,95,2,Day,Clear,Yard,Yard/switching,4,7000,7000,14000,H601,34.896893,-117.049058,87.4,87.9,85.5
SCAX,091316,2016-09-13,4:37 PM,Derailment,0,LOS ANGELES,CA,78,3,Dusk,Clear,Yard,Yard/switching,0,25000,14000,39000,E30L,34.085533,-118.226831,67.2,65.8,65.5
UP,0116LA033,2016-01-30,10:59 PM,Fire/violent rupture,0,MONTCLAIR,CA,57,4,Dark,Cloudy,Main,Freight Train,25,38360,0,38360,M406,34.060016,-117.689654,57.7,55,52.7
UP,0922LA016,2022-09-08,2:41 AM,Head on collision,0,NILAND,CA,92,4,Dark,Cloudy,Siding,Freight Train,27,1050000,192908,1424129,S005,33.384047,-115.789062,93.6,92.1,80.2
PHL,202001301,2020-01-30,5:54 PM,Other (describe in narrative),0,CARSON,CA,61,4,Dark,Clear,Yard,Freight Train,0,14288,0,14288,H307,33.851323,-118.219019,62.9,60.2,63
UP,0316RS011,2016-03-07,7:20 PM,Obstruction,0,SUNOL,CA,46,4,Dark,Rain,Main,,0,0,41959,2650471,M101,37.596406,-121.920091,55.1,50.2,49.6
ATK,141417,2016-03-03,6:08 PM,Hwy-rail crossing,0,BERKELEY,CA,60,3,Dusk,Clear,Main,Passenger Train - Pushing,79,34667,0,34667,M308,37.862908,-122.299505,59.5,61.2,62
BNSF,CA1215117,2015-12-21,6:30 PM,Obstruction,0,RIVERBANK,CA,50,3,Dusk,Rain,Main,Freight Train,52,500,50000,50500,M402,37.710885,-120.929647,45.9,50.2,56.9
UP,0222LA011,2022-02-07,4:48 AM,Obstruction,0,RIVERSIDE,CA,55,4,Dark,Clear,Main,,0,0,249,13377,M402,33.972722,-117.444321,63.7,62.6,64.3
LAJ,4580,2017-04-06,2:05 PM,Other impacts,0,VERNON,CA,68,2,Day,Cloudy,Yard,Freight Train,2,62500,0,62500,H310,34.003488,-118.199285,44,43.7,44.4
UP,0217RS013,2017-02-09,5:15 AM,Derailment,0,BENICIA,CA,62,4,Dark,Rain,Yard,Freight Train,10,46449,810,47259,M101,38.058379,-122.127248,61.4,60.9,57.5
ITSL,ITSL178,2017-10-26,2:00 AM,Derailment,0,STOCKTON,CA,60,4,Dark,Clear,Yard,Yard/switching,17,340000,0,342700,H306,37.908433,-121.179146,68.1,68.3,67.8
UP,0624LA047,2024-06-25,9:35 AM,Other impacts,0,LA PUENTE,CA,73,2,Day,Clear,Industry,Single Car,5,11713,0,93109,H021,34.024464,-117.97626,79.2,76.4,72.3
ATK,171093,2022-06-25,9:20 PM,Obstruction,0,DIXON,CA,77,4,Dark,Clear,Main,Passenger Train - Pulling,79,18571,0,18721,M402,38.416817,-121.85061,80.6,77.8,77.3
UP,0822NC009,2022-08-07,8:40 PM,Other (describe in narrative),0,FRESNO,CA,97,4,Dark,Clear,Yard,Yard/switching,3,0,28300,28300,H702,36.78096,-119.845504,81.3,82.6,82.5
UP,0816RS009,2016-08-09,11:16 AM,Derailment,0,MCFARLAND,CA,98,2,Day,Clear,Yard,Yard/switching,4,15973,1050,17023,H704,35.596194,-119.207494,81.7,81.6,81.5
UP,0724LA004,2024-07-03,6:46 PM,Derailment,0,LA PUENTE,CA,90,3,Dusk,Clear,Industry,Freight Train,6,17577,103641,121218,M405,34.009084,-117.927364,72.7,74.3,73.3
ATK,140430,2015-12-16,6:08 PM,Hwy-rail crossing,0,SAN PABLO,CA,46,4,Dark,Clear,Main,Passenger Train - Pulling,79,17467,0,17467,M302,38.019145,-122.141567,45.6,43.3,46.9
UP,0824LA012,2024-08-12,2:14 AM,Derailment,0,LA PUENTE,CA,74,4,Dark,Cloudy,Yard,Freight Train,1,24700,49374,74074,H505,34.010086,-117.93298,77,77.4,75.9
UP,0522NC037,2022-05-24,2:20 PM,Derailment,0,LATHROP,CA,87,2,Day,Clear,Siding,Yard/switching,4,7338,5280,12618,H307,37.809695,-121.275201,75.9,80,82.4
SCAX,120716,2016-12-07,6:10 AM,Hwy-rail crossing,0,CORONA,CA,43,1,Dawn,Clear,Main,Commuter Train - Pushing,30,16422,0,16422,M302,33.889379,-117.592718,54,53.2,52
BNSF,CA0416110,2016-04-22,2:50 AM,Other impacts,0,SAN DIEGO,CA,57,4,Dark,Clear,Yard,Yard/switching,3,28650,0,31350,H309,32.702687,-117.154366,67.6,66.1,65.3
UP,1222NC007,2022-12-05,2:10 PM,Hwy-rail crossing,0,MELROSE,CA,57,2,Day,Cloudy,Main,,0,0,150,12640,M303,37.769249,-122.219128,52,52.2,50.6
UP,1216LA012,2016-12-08,2:30 PM,Fire/violent rupture,0,HESPERIA,CA,75,2,Day,Clear,Main,Freight Train,15,48920,0,48920,E73L,34.390362,-117.30931,48.5,49.2,49.5
UP,0818RS055,2018-08-29,8:30 PM,Derailment,0,MCFARLAND,CA,85,4,Dark,Clear,Industry,Freight Train,8,334196,266,334462,M501,35.592623,-119.20667,75.7,75.6,73.1
BNSF,CA0322112,2022-03-21,7:10 AM,Derailment,0,COLTON,CA,70,1,Dawn,Clear,Yard,,0,0,173635,939084,H307,34.065684,-117.32927,59.1,62.6,71.6
UP,1016LA019,2016-10-28,12:15 AM,Derailment,0,FONTANA,CA,70,4,Dark,Cloudy,Yard,Cut of cars,0,18676,150,21662,H702,34.064952,-117.509061,69.8,70.2,72
BNSF,CA0724109,2024-07-17,10:20 PM,Derailment,0,BARSTOW,CA,80,4,Dark,Clear,Yard,Yard/switching,4,0,0,974790,M411,34.902171,-117.037836,92.3,94,92
BNSF,NW0323104,2023-03-07,1:12 PM,Derailment,0,WESTWOOD,CA,20,2,Day,Snow,Yard,Work train,3,500,60000,60500,M101,40.308177,-120.998933,28.2,29,31.4
VCRR,VCR460217O,2017-10-12,8:00 PM,Derailment,0,OXNARD,CA,75,4,Dark,Clear,Yard,,0,0,32177,32443,H307,34.188289,-119.168447,60.8,61.1,62.1
PCMZ,20180110A,2018-01-10,8:46 AM,Hwy-rail crossing,0,BURLINGAME,CA,53,2,Day,Cloudy,Main,Commuter Train - Pushing,57,19213,0,19213,M303,37.587832,-122.363189,55.4,54.2,54.6
BNSF,CA1222112,2022-12-18,1:45 PM,Derailment,0,FONTANA,CA,65,2,Day,Clear,Yard,Light loco(s),0,0,0,77449,H702,34.09429,-117.475403,50.4,49.7,50
UP,0117RS048,2017-01-19,11:00 PM,Derailment,0,ALTA,CA,29,4,Dark,Snow,Main,Freight Train,20,65124,46123,111247,E67C,39.28995,-120.676087,37.6,33.5,31.9
BNSF,CA1222112,2022-12-18,1:45 PM,Derailment,0,FONTANA,CA,65,2,Day,Clear,Yard,Freight Train,10,75449,2000,77449,H702,34.09429,-117.475403,50.4,49.7,50
UP,0921LA051,2021-09-30,2:20 PM,Other impacts,0,BLOOMINGTON,CA,89,2,Day,Clear,Yard,Single Car,0,100,0,15347,M411,34.066965,-117.386527,68.3,74.9,75.5
UP,0717LA002,2017-07-03,1:40 PM,Other impacts,0,BLOOMINGTON,CA,94,2,Day,Clear,Yard,Yard/switching,8,5836,40099,48436,M407,34.067782,-117.375904,72.9,76.9,80.1
ACEX,A06082016,2016-06-08,6:26 PM,Obstruction,0,LATHROP,CA,80,3,Dusk,Clear,Main,Passenger Train - Pushing,66,20000,0,20000,M402,37.787222,-121.277798,73.3,69.6,69.9
UP,1215RS033,2015-12-30,8:00 AM,Derailment,0,OAKLAND,CA,40,2,Day,Cloudy,Yard,Light loco(s),5,18620,1254,19874,T221,37.805392,-122.304601,42.4,44.2,45.1
UP,0816RS028,2016-08-25,10:49 PM,Fire/violent rupture,0,EDISON,CA,84,4,Dark,Clear,Main,Freight Train,40,13681,0,13681,E74L,35.329945,-118.795395,82.4,82,79.1
UP,0523LA047,2023-05-21,3:02 PM,Derailment,0,MECCA,CA,98,2,Day,Clear,Main,Freight Train,46,4341,705750,710091,E99C,33.484841,-115.894428,84,86.4,85.4
UP,0123NC040,2023-01-18,9:20 AM,Obstruction,0,ALVISO,CA,44,2,Day,Cloudy,Main,,0,0,200,200,M404,37.443675,-121.975995,46.9,48.3,47.7
ATK,144802,2016-10-23,2:30 AM,Derailment,0,OAKLAND,CA,55,4,Dark,Clear,Yard,Light loco(s),5,12219,4535,16754,H399,37.79992,-122.2927,60.7,60.3,64.4
UP,0422LA044,2022-04-30,3:00 PM,Derailment,0,LA PUENTE,CA,78,2,Day,Clear,Yard,Yard/switching,7,18755,1990,104687,E37C,34.009965,-117.936626,63,66.2,63.6
UP,0516LA005,2016-05-05,7:40 AM,Side collision,0,LOS ANGELES,CA,61,2,Day,Clear,Yard,Freight Train,5,22684,0,25237,H210,34.012337,-118.186435,61,62.6,61
UP,0822NC031,2022-08-21,12:00 PM,Fire/violent rupture,0,BAKERSFIELD,CA,96,2,Day,Clear,Yard,Single Car,0,13750,150,13900,M502,35.375406,-118.982119,91.5,92,86.8
UP,0921LA051,2021-09-30,2:20 PM,Other impacts,0,BLOOMINGTON,CA,89,2,Day,Clear,Yard,Yard/switching,1,100,0,15347,M411,34.066965,-117.386527,68.3,74.9,75.5
SCAX,103116,2016-10-31,3:20 PM,Derailment,0,PERRIS,CA,80,2,Day,Clear,Yard,,0,0,10000,28763,H307,33.818136,-117.240888,63.4,60.3,56.7
SCAX,010316,2016-01-03,3:36 PM,Obstruction,0,NEWHALL,CA,65,2,Day,Clear,Siding,Spec. MoW Equip.,0,14000,2000,17600,H022,34.320112,-118.496412,52.9,51.3,58.1
ATK,153871,2018-06-18,3:45 PM,Hwy-rail crossing,0,MERCED,CA,85,2,Day,Clear,Main,Passenger Train - Pushing,70,28066,0,28066,M302,37.34004,-120.54051,65.3,72,77.4
PCMZ,OP2220510,2022-05-10,8:40 AM,Other impacts,0,SAN JOSE,CA,63,2,Day,Clear,Yard,Yard/switching,2,30000,0,30000,E31C,37.339432,-121.909035,53.5,52.7,55.4
PCJX,OP2220510,2022-05-10,8:40 AM,Other impacts,0,SAN JOSE,CA,63,2,Day,Clear,Yard,EMU,2,30000,0,30000,E31C,37.339432,-121.909035,53.5,52.7,55.4
UP,0117RS042,2017-01-19,3:53 AM,Derailment,0,CITRUS HEIGHTS,CA,43,4,Dark,Rain,Yard,Yard/switching,7,12430,101578,114008,H523,38.720273,-121.317244,45.4,49.8,48.2
BNSF,CA0618109,2018-06-17,7:18 PM,Derailment,0,CITY OF COMMERCE,CA,75,3,Dusk,Clear,Yard,Freight Train,15,9900,7600,17500,H607,34.005269,-118.183753,65.9,64.5,65.6
UP,1015LA001,2015-10-01,10:54 AM,Derailment,0,CALIENTE,CA,70,2,Day,Clear,Main,Freight Train,14,187553,1122,188675,E7AL,35.219008,-118.557248,66.4,62.4,62.3
UP,1215LA007,2015-12-05,8:00 AM,Derailment,0,BLOOMINGTON,CA,70,2,Day,Clear,Yard,Light loco(s),4,41510,150,41660,E60L,34.064178,-117.377298,52.2,58.7,60.1
BNSF,CA0623119,2023-06-23,4:19 PM,Derailment,0,CORONA,CA,68,2,Day,Clear,Yard,Freight Train,10,42954,6000,48954,H306,33.879512,-117.519191,64.2,65.7,66
UP,1017RS030,2017-10-28,7:07 AM,Derailment,0,ANTELOPE,CA,52,1,Dawn,Clear,Yard,Yard/switching,4,1286,20600,21886,M411,38.703175,-121.335389,65.1,65,62.2
UP,0517RS019,2017-05-09,10:28 AM,Hwy-rail crossing,0,RICHMOND,CA,73,2,Day,Clear,Main,,0,0,0,24242,M308,37.925187,-122.338518,63,64.7,59.1
UP,0616LA004,2016-06-01,10:25 PM,Derailment,0,CALIENTE,CA,60,4,Dark,Clear,Main,Freight Train,22,57202,3553,60755,E09C,35.201978,-118.541435,76,78.2,78.3
ATK,150499,2017-11-16,10:25 AM,Other impacts,0,LOS ANGELES,CA,75,2,Day,Clear,Yard,Yard/switching,10,83968,5958,89926,H702,34.052234,-118.243684,65.8,67.6,65.7
UP,0422NC024,2022-04-16,3:00 PM,Other impacts,0,STOCKTON,CA,68,2,Day,Cloudy,Yard,Single Car,0,5117,0,36543,H318,37.930329,-121.273005,61,60.1,57.8
UP,1022LA062,2022-10-31,12:00 AM,Other impacts,0,BLOOMINGTON,CA,70,4,Dark,Clear,Yard,Single Car,5,402,0,136236,M411,34.067912,-117.372668,66.8,66.8,63.7
UP,0617RS006,2017-06-01,7:59 PM,Obstruction,0,SOLEDAD,CA,70,4,Dark,Clear,Main,,0,0,0,11087,M402,36.45228,-121.369594,60.8,61.2,60.3
BNSF,CA1016108,2016-10-03,3:45 AM,Derailment,0,RICHMOND,CA,58,4,Dark,Clear,Yard,Yard/switching,6,26487,60000,86487,H307,37.946644,-122.363868,60.8,58.3,63
UP,0822LA034,2022-08-23,2:29 PM,Derailment,0,LOS ANGELES,CA,80,2,Day,Clear,Main,Passenger Train - Pulling,7,641936,70023,711959,S011,34.06265,-118.222934,69,70.8,74.5
SERA,SERA202307,2023-03-16,5:00 PM,Derailment,0,JAMESTOWN,CA,60,3,Dusk,Cloudy,Main,Freight Train,10,7500,10000,17500,E46C,37.960135,-120.388395,47.1,48.4,49.7
ATK,169074,2021-11-22,8:02 PM,Hwy-rail crossing,0,RICHMOND,CA,55,4,Dark,Clear,Main,Passenger Train - Pulling,79,500175,0,500208,M303,37.958639,-122.359704,54.5,52.1,51.2
PHL,PHL00058F,2022-06-27,1:51 AM,Other impacts,0,LONG BEACH,CA,63,4,Dark,Cloudy,Industry,Cut of cars,0,0,0,29001,H307,33.754913,-118.248106,69.9,72.3,72.7
ATK,180488,2024-06-04,5:48 PM,Hwy-rail crossing,0,GONZALES,CA,0,2,Day,Clear,Main,Passenger Train - Pulling,46,24542,0,24542,M302,36.49913,-121.436743,60.5,64.2,63.4
BNSF,CA0116121,2016-01-06,6:51 AM,Fire/violent rupture,0,HESPERIA,CA,54,1,Dawn,Clear,Main,,0,0,0,48925,M406,34.326221,-117.424918,44.4,40.2,39.3
BNSF,CA1216119,2016-12-08,2:30 PM,Fire/violent rupture,0,HESPERIA,CA,75,2,Day,Clear,Main,,0,0,0,48920,E73L,34.390362,-117.30931,48.5,49.2,49.5
UP,0922LA016,2022-09-08,2:41 AM,Head on collision,0,NILAND,CA,92,4,Dark,Cloudy,Siding,Cut of cars,0,174609,0,1424129,S005,33.384047,-115.789062,93.6,92.1,80.2
UP,0116LA024,2016-01-25,7:00 AM,Derailment,0,CITY OF INDUSTRY,CA,60,2,Day,Clear,Siding,Freight Train,4,9609,5526,15135,H704,34.017333,-117.951258,55.4,57.9,59.2
UP,0922NC008,2022-09-08,10:30 AM,Derailment,0,VISALIA,CA,73,2,Day,Clear,Siding,,0,0,27449,34449,H702,36.350985,-119.420851,91.5,86.9,88.3
UP,0724LA031,2024-07-13,8:15 PM,Other impacts,0,BLOOMINGTON,CA,89,4,Dark,Clear,Yard,Yard/switching,8,100,25392,25492,M411,34.066939,-117.378293,77,78.2,79.2
ATK,145957,2017-01-18,4:08 AM,Obstruction,0,REDDING,CA,45,4,Dark,Rain,Main,Passenger Train - Pulling,65,38138,0,38138,M402,40.630651,-122.397354,43.3,45.1,48
BNSF,CA1115105,2015-11-01,9:15 PM,Other impacts,0,CITY OF COMMERCE,CA,60,4,Dark,Clear,Yard,Freight Train,0,85909,0,87909,H307,33.991432,-118.144485,72.4,69.8,66.8
UP,0122NC036,2022-01-05,11:39 AM,Other impacts,0,ROSEVILLE,CA,51,2,Day,Clear,Yard,Yard/switching,0,768,0,19282,H306,38.733439,-121.304033,52.3,50.3,48.9
UP,0724LA031,2024-07-13,8:15 PM,Other impacts,0,BLOOMINGTON,CA,89,4,Dark,Clear,Yard,Single Car,0,0,0,25492,M411,34.066939,-117.378293,77,78.2,79.2
ATK,170579,2022-05-13,2:06 PM,Hwy-rail crossing,0,SHAFTER,CA,77,2,Day,Clear,Main,Passenger Train - Pushing,78,169452,0,169602,M308,35.477849,-119.243052,63.4,65.9,74
BNSF,CA0617101,2017-06-05,9:00 AM,Rear end collision,0,AMBOY,CA,85,2,Day,Clear,Main,Maint./inspect Car,0,6000,0,18000,H402,34.566757,-115.795592,88.3,88.3,88
UP,0123LA043,2023-01-28,7:20 PM,Other impacts,0,COLTON,CA,59,3,Dusk,Cloudy,Yard,Cut of cars,4,379501,12750,402739,H314,34.066945,-117.353113,50.7,48.8,49.4
UP,0217RS076,2017-02-28,2:25 AM,Derailment,0,FRENCH CAMP,CA,50,4,Dark,Clear,Yard,Yard/switching,4,531,1599,14475,M507,37.884456,-121.274266,48,47.7,48.6
SJVR,SJV017522D,2022-02-27,1:50 AM,Derailment,0,BAKERSFIELD,CA,64,4,Dark,Clear,Yard,Freight Train,1,30377,5000,35377,M204,35.37419,-118.97587,50.1,54.3,57.2