reportingrailroadcode,accidentnumber,date,time,accidenttype,hazmatreleasedcars,station,stateabbr,temperature,visibility_code,visibility,weathercondition,tracktype,equipmenttype,trainspeed,equipmentdamagecost,trackdamagecost,totaldamagecost,primaryaccidentcausecode,latitude,longitude,prior_temp,actual_temp,following_temp
ATK,173683,2023-02-06,7:10 AM,Obstruction,0,CARPINTERIA,CA,47,2,Day,Clear,Main,Passenger Train - Pulling,33,44166,0,44166,M404,34.415974,-119.570398,57.2,53.4,53.6
ARZC,ARZ352323D,2023-03-11,4:15 PM,Derailment,0,VIDAL,CA,75,2,Day,Clear,Main,Freight Train,6,9500,6000,15500,H524,34.174734,-114.994419,67.4,70.6,70
UP,0123NC021,2023-01-12,8:37 PM,Obstruction,0,BENICIA,CA,55,4,Dark,Cloudy,Main,,0,0,1700,13181,M101,38.09618,-122.103235,52.1,54.7,54.1
BNSF,CA0323114,2023-03-01,1:49 PM,Derailment,0,SUMMIT,CA,42,2,Day,Clear,Main,Freight Train,40,30000,0,30000,E37C,34.351652,-117.38229,34.5,28.7,30.6
UP,1023LA011,2023-10-10,5:55 AM,Derailment,0,LOS ANGELES,CA,62,1,Dawn,Clear,Yard,Yard/switching,4,70053,184302,330388,H306,34.037277,-118.226855,66.9,66.9,68.5
UP,0423NC029,2023-04-21,4:28 PM,Other impacts,0,ROSEVILLE,CA,82,2,Day,Clear,Yard,Yard/switching,3,6366,19726,26192,M411,38.730404,-121.307769,55.2,63.2,66.2
BNSF,CA0217104,2017-02-07,1:01 PM,Derailment,0,CADIZ,CA,70,2,Day,Clear,Main,Light loco(s),5,2000,22615,24615,E71L,34.522798,-115.545848,66,66.7,67.1
UP,0823LA049,2023-08-29,10:18 PM,Derailment,0,LOS ANGELES,CA,80,4,Dark,Cloudy,Yard,Freight Train,2,43962,61128,111826,H702,34.012542,-118.193516,79.2,79.3,78.9
UP,0117RS033,2017-01-13,6:15 PM,Hwy-rail crossing,0,RICHMOND,CA,52,4,Dark,Cloudy,Main,,0,0,0,12421,M302,37.925187,-122.338518,47.6,46.2,45.9
UP,0923LA054,2023-09-28,8:05 PM,Derailment,0,INDUSTRY,CA,72,4,Dark,Clear,Yard,Freight Train,5,12843,0,12843,H303,34.011296,-117.947664,69.3,68.5,67.7
ACEX,A12092014,2014-12-09,6:52 AM,Hwy-rail crossing,0,STOCKTON,CA,50,1,Dawn,Fog,Main,Commuter Train - Pulling,74,20000,0,20000,M306,37.908128,-121.274388,54.1,53.6,53.2
PHL,PHL00093F,2023-09-18,10:24 PM,Raking collision,0,LOS ANGELES,CA,70,4,Dark,Clear,Yard,Single Car,0,5000,0,10000,E40C,33.772776,-118.252244,69,69.6,68.9
UP,0523LA021,2023-05-10,11:05 AM,Other (describe in narrative),0,REDLANDS,CA,54,2,Day,Clear,Main,Freight Train,13,53364,0,202578,E37C,33.98608,-117.143279,56.5,55.4,57.7
UP,1023LA011,2023-10-10,5:55 AM,Derailment,0,LOS ANGELES,CA,62,1,Dawn,Clear,Yard,Cut of cars,3,76033,0,330388,H306,34.037277,-118.226855,66.9,66.9,68.5
UP,0523ES034,2023-05-17,3:10 AM,Obstruction,0,ANTELOPE,CA,66,4,Dark,Clear,Main,Spec. MoW Equip.,3,0,28050,28050,H993,38.707212,-121.331165,72.8,73.1,69.9
UP,0623LA041,2023-06-22,11:15 AM,Derailment,0,ONTARIO,CA,63,2,Day,Clear,Yard,Yard/switching,4,37251,58630,95881,M501,34.060565,-117.672343,69.4,64.6,64.5
UP,0622LA036,2022-06-25,11:00 PM,Other impacts,0,BLOOMINGTON,CA,83,4,Dark,Clear,Yard,Yard/switching,7,128564,1736,130300,M411,34.067459,-117.387379,82.1,80.3,81.2
PHL,PHL00093F,2023-09-18,10:24 PM,Derailment,0,LOS ANGELES,CA,70,4,Dark,Clear,Yard,Yard/switching,8,5000,0,10000,E40C,33.772776,-118.252244,69,69.6,68.9
UP,0622LA036,2022-06-25,11:00 PM,Other impacts,0,BLOOMINGTON,CA,83,4,Dark,Clear,Yard,Single Car,5,0,0,130300,M411,34.067459,-117.387379,82.1,80.3,81.2
BNSF,CA0723110,2023-07-10,4:13 PM,Derailment,0,CARSON,CA,75,2,Day,Clear,Yard,Freight Train,5,25000,3069,28069,H525,33.800847,-118.238474,68.2,69.6,70.8
UP,0423NC041,2023-04-26,8:37 AM,Hwy-rail crossing,0,FAIRFIELD,CA,0,2,Day,Clear,Main,,0,0,99,11870,M302,38.265044,-122.00527,65.2,67,69.9
UP,0223LA053,2023-02-24,9:05 PM,Obstruction,0,OCEANO,CA,43,4,Dark,Rain,Main,,0,0,0,11577,M404,35.108425,-120.623209,44.4,46.7,43.1
UP,0423NC038,2023-04-26,5:42 PM,Fire/violent rupture,0,BAKERSFIELD,CA,60,2,Day,Clear,Yard,Single Car,0,18360,0,18360,M406,35.373197,-118.974171,69.2,73.3,77.2
TSWS,84020171,2017-02-20,11:15 PM,Derailment,0,FRENCH CAMP,CA,56,4,Dark,Cloudy,Siding,Yard/switching,7,63068,0,70932,H702,37.844126,-121.263777,50.2,55.6,55.1
BNSF,CA0723118,2023-07-26,8:24 AM,Derailment,0,VERNON,CA,71,1,Dawn,Clear,Yard,Freight Train,4,51441,14661,77049,H306,34.004576,-118.200319,61.7,64.8,67.7
GOOS,033024,2024-03-30,10:00 AM,Derailment,0,ALTURAS,CA,45,2,Day,Clear,Main,Freight Train,10,7665,239592,247257,T220,41.563777,-120.44245,35.9,41.6,36.7
BNSF,CA1123104,2023-11-06,12:31 AM,Derailment,0,VERNON,CA,65,4,Dark,Clear,Yard,Freight Train,10,32800,9000,41800,H307,34.008779,-118.191218,42.3,41.8,40.4
NCTC,FY2407834,2023-09-24,7:45 PM,Obstruction,0,CARLSBAD,CA,70,4,Dark,Clear,Main,Commuter Train - Pushing,80,11500,0,11500,M404,33.131106,-117.330338,67.1,67.6,67.7
UP,1122NC033,2022-11-21,8:40 AM,Derailment,0,SACRAMENTO,CA,32,2,Day,Clear,Industry,Freight Train,4,3107,9808,12915,H702,38.529256,-121.406617,45.7,44.8,45.8
UP,0122NC053,2022-01-17,10:00 PM,Other impacts,0,FRESNO,CA,53,4,Dark,Cloudy,Yard,Single Car,1,255,0,11552,H318,36.787118,-119.853151,51.5,52.2,54.5
BNSF,CA0217117,2017-02-24,12:27 AM,Derailment,0,TEHACHAPI,CA,30,4,Dark,Cloudy,Main,Freight Train,4,479481,0,487054,H505,35.19745,-118.537637,30.9,33,33.9
UP,0923NC024,2023-09-24,11:24 AM,Obstruction,0,UNION CITY,CA,57,2,Day,Clear,Main,,0,0,0,0,M402,37.59977,-122.02396,62.2,62.8,65.6
CCT,CAPS00523,2023-10-05,9:10 AM,Derailment,0,STOCKTON,CA,72,2,Day,Clear,Yard,Freight Train,10,50000,20000,70000,M304,37.94475,-121.32592,71.3,75,75.8
UP,0823LA049,2023-08-29,10:18 PM,Derailment,0,LOS ANGELES,CA,80,4,Dark,Cloudy,Yard,Light loco(s),0,6736,0,111826,H702,34.012542,-118.193516,79.2,79.3,78.9
UP,0122NC053,2022-01-17,10:00 PM,Other impacts,0,FRESNO,CA,53,4,Dark,Cloudy,Yard,Yard/switching,4,11297,0,11552,H318,36.787118,-119.853151,51.5,52.2,54.5
BNSF,CA0217116,2017-02-17,11:30 PM,Derailment,0,BARSTOW,CA,46,4,Dark,Cloudy,Yard,Yard/switching,8,11455,9500,20955,H307,34.898032,-117.049351,56.5,56.6,48.9
BNSF,CA1023112,2023-10-27,11:28 PM,Derailment,0,STOCKTON,CA,42,4,Dark,Clear,Yard,Freight Train,10,15000,0,15000,H607,37.892991,-121.152193,56.4,54,53.8
BNSF,CA1023105,2023-10-12,5:39 PM,Derailment,0,SHAFTER,CA,75,3,Dusk,Clear,Main,,0,0,77952,161109,H705,35.450204,-119.209213,65.2,65.3,68.7
BNSF,CA0423113,2023-04-27,2:30 AM,Obstruction,0,NEEDLES,CA,50,4,Dark,Clear,Main,Freight Train,18,6000,0,156000,M404,34.899355,-114.76632,77.9,80.6,84.4
BNSF,CA1023108,2023-10-19,1:44 AM,Derailment,0,BARSTOW,CA,60,4,Dark,Clear,Yard,Yard/switching,4,8200,6500,14700,M411,34.900001,-117.044074,71.8,73.6,75.7
UP,1117RS041,2017-11-28,11:23 PM,Fire/violent rupture,0,SPARKS,NV,55,4,Dark,Cloudy,Main,Freight Train,0,12216,0,12216,E74L,39.532378,-119.760641,42.3,39.7,39.2
BNSF,CA0524110,2024-05-15,10:00 AM,Other impacts,0,BARSTOW,CA,78,2,Day,Clear,Yard,Yard/switching,10,59166,0,59166,S016,34.899702,-117.043704,76.4,77.9,80.1
BNSF,CA0524112,2024-05-19,3:24 AM,Derailment,0,LONG BEACH,CA,61,4,Dark,Cloudy,Main,Freight Train,10,46076,0,861837,H503,33.783942,-118.228574,63.9,64.1,63.1
CFNR,CFN607223A,2023-11-16,8:30 AM,Other (describe in narrative),0,WOODLAND,CA,60,2,Day,Cloudy,Siding,Single Car,0,35000,0,35000,M406,38.693393,-121.757428,55.3,58.8,60.2
ATK,176507,2023-09-21,12:28 PM,Obstruction,0,CRESSEY,CA,73,2,Day,Clear,Main,Passenger Train - Pushing,70,20676,0,20676,M402,37.418686,-120.666824,71.5,67.1,67.2
BNSF,CA1123108,2023-11-11,12:35 AM,Derailment,0,SAN BERNARDINO,CA,69,4,Dark,Clear,Yard,Freight Train,5,111000,62224,173224,H307,34.159708,-117.337464,58.2,60.7,63.9
UP,0216RS019,2016-02-19,5:00 AM,Derailment,0,ROSEVILLE,CA,55,1,Dawn,Cloudy,Yard,Light loco(s),5,18741,1000,19741,H703,38.746799,-121.291222,51.1,50.8,48.4
UP,0524NC002,2024-05-02,4:20 AM,Obstruction,0,OAKLAND,CA,54,1,Dawn,Clear,Main,Freight Train,50,9631,36990,46621,M402,37.74986,-122.195491,59.4,59.2,58.1
UP,0818RS044,2018-08-26,4:56 AM,Derailment,0,SPARKS,NV,60,1,Dawn,Cloudy,Yard,Yard/switching,7,80448,44844,125292,M405,39.532292,-119.76288,70.1,69.6,71.6
UP,1123LA032,2023-11-12,8:00 PM,Derailment,0,LYNWOOD,CA,69,4,Dark,Clear,Main,Freight Train,30,61236,0,61236,E37C,33.924322,-118.224592,63.6,67.6,63.7
ATK,177100,2023-11-08,5:29 PM,Hwy-rail crossing,0,KING CITY,CA,68,3,Dusk,Clear,Main,Passenger Train - Pulling,68,37312,0,37312,M302,36.279971,-121.149219,57.3,52.9,51.3
UP,0424RM021,2024-04-12,12:05 AM,Derailment,0,BAKER,CA,72,4,Dark,Clear,Main,Freight Train,33,1930561,798595,2729156,T211,35.043638,-116.045653,68.8,67.9,59.1
BNSF,CA1123107,2023-11-08,1:39 PM,Derailment,0,CARSON,CA,79,2,Day,Clear,Yard,Freight Train,5,58000,72870,130870,H525,33.799694,-118.252983,66.2,65.6,65.2
UP,0118RS040,2018-01-19,10:30 AM,Derailment,0,OAKLAND,CA,55,2,Day,Cloudy,Yard,Light loco(s),3,53012,1164,54176,H702,37.801678,-122.302488,53.2,50.5,47.5
BNSF,CA1123206,2023-11-25,10:51 PM,Hwy-rail crossing,0,LE GRAND,CA,40,4,Dark,Clear,Main,,0,0,50000,50000,M302,37.174034,-120.179778,48.1,46.3,44.1
UP,0524LA008,2024-05-07,4:28 PM,Derailment,0,BLOOMINGTON,CA,75,2,Day,Clear,Main,Freight Train,10,10877,61648,72525,M405,34.067186,-117.339832,60.4,62.8,62.9
BNSF,CA1123109,2023-11-12,5:49 AM,Derailment,0,BAKERSFIELD,CA,55,1,Dawn,Clear,Main,Freight Train,20,1131,0,1131,T221,35.17988,-118.49506,56,60.9,66.1
UP,1123LA037,2023-11-17,9:05 AM,Other (describe in narrative),0,MIRA LOMA,CA,53,2,Day,Clear,Yard,Freight Train,9,29709,0,29709,E37C,34.024542,-117.540077,60.3,62.6,62.5
BNSF,CA0816104,2016-08-12,12:01 AM,Other impacts,0,BARSTOW,CA,85,4,Dark,Clear,Yard,Yard/switching,4,12609,0,12609,M407,34.897828,-117.05093,83.5,87.8,91.6
UP,0818UT030,2018-08-18,6:05 AM,Fire/violent rupture,0,WELLS,NV,60,1,Dawn,Clear,Main,Freight Train,35,34569,0,34569,E73L,40.760382,-114.138892,75,69.7,70.5
BNSF,CA1123105,2023-11-07,5:59 AM,Derailment,0,BARSTOW,CA,60,1,Dawn,Clear,Yard,Light loco(s),2,15000,0,15000,H303,34.902588,-117.037262,66.9,59.8,54.8
UP,0424LA032,2024-04-21,6:30 PM,Derailment,0,BLOOMINGTON,CA,84,3,Dusk,Clear,Main,Freight Train,12,4176,128810,132986,M405,34.067578,-117.396713,60.7,65.5,61.5
BNSF,CA1123121,2023-11-26,9:51 PM,Derailment,0,BAKERSFIELD,CA,47,4,Dark,Clear,Yard,Yard/switching,9,15000,0,15000,H607,35.371227,-119.050834,48.2,48.7,50.7
UP,0917RS026,2017-09-13,1:26 PM,Other impacts,0,FREMONT,CA,77,2,Day,Clear,Yard,Freight Train,3,20812,100,21303,H301,37.488763,-121.932835,73.7,69.2,66.9
UP,0518RS001,2018-05-01,2:30 AM,Derailment,0,MARTINEZ,CA,51,4,Dark,Clear,Industry,Yard/switching,4,10233,8632,18865,H702,38.025425,-122.117749,58.6,60.1,61.3
UP,0119NC001,2019-01-02,12:29 AM,Derailment,0,STOCKTON,CA,38,4,Dark,Cloudy,Main,Freight Train,13,177922,249993,427915,H525,37.987279,-121.282093,40.5,41.5,41.1
UP,0518RS009,2018-05-06,2:03 PM,Derailment,0,SPARKS,NV,75,2,Day,Cloudy,Yard,Yard/switching,6,11744,6523,18267,H702,39.531286,-119.751431,64.9,65.1,66.5
UP,0619LA022,2019-06-16,10:20 AM,Other impacts,0,SANTA FE SPRINGS,CA,70,2,Day,Cloudy,Yard,Yard/switching,7,38880,3786,83463,H302,33.96052,-118.075599,67.4,67.6,66.1
UP,0324LA018,2024-03-12,9:50 AM,Derailment,0,COLTON,CA,52,2,Day,Clear,Main,Freight Train,7,105986,900,106886,H510,34.066058,-117.345175,53.1,53.3,56.9
UP,0415RS035,2015-04-30,11:15 AM,Derailment,0,WINNEMUCCA,NV,75,2,Day,Clear,Industry,Freight Train,2,19647,7500,27147,H306,40.919713,-117.892476,60.8,56.5,59.1
UP,0817UT020,2017-08-19,2:34 AM,Fire/violent rupture,0,WELLS,NV,60,4,Dark,Clear,Main,Freight Train,35,81647,33,81680,E73L,40.7147,-114.145392,71.3,72,74.4
UP,0619NC052,2019-06-21,7:43 PM,Fire/violent rupture,0,ELKO,NV,59,3,Dusk,Cloudy,Yard,Freight Train,0,17742,0,17742,E71L,40.864074,-115.724218,60.5,52.6,55.5
UP,0119NC031,2019-01-18,9:28 PM,Derailment,0,MARTINEZ,CA,58,4,Dark,Cloudy,Siding,Freight Train,10,13127,1973,15100,H511,38.02679,-122.163549,56.7,56.4,58.4
ATK,179573,2024-04-26,6:11 PM,Hwy-rail crossing,0,SALINAS,CA,58,2,Day,Clear,Main,Passenger Train - Pulling,14,350000,0,350000,M302,36.61682,-121.573216,56.7,57.2,55.8
UP,0717RS015,2017-07-10,1:10 PM,Derailment,0,MODESTO,CA,98,2,Day,Clear,Main,Freight Train,50,6783,26970,33753,E68C,37.725734,-121.105029,89.1,87.3,84.3
UP,1218RM004,2018-12-04,5:40 PM,Derailment,0,LAS VEGAS,NV,47,2,Day,Cloudy,Yard,Light loco(s),12,53383,6741,60124,H702,36.277984,-115.067196,43.9,45.3,45.1
UP,0424LA041,2024-04-30,6:55 AM,Derailment,0,COLTON,CA,58,1,Dawn,Clear,Yard,Yard/switching,7,19116,5720,24836,H307,34.065941,-117.33139,65.6,64.5,63.2
UP,1217LA002,2017-12-05,8:00 PM,Derailment,0,FONTANA,CA,55,4,Dark,Clear,Yard,Light loco(s),7,250,73880,74130,H303,34.066821,-117.425855,57.3,59.3,66.2
UP,0318UT020,2018-03-20,2:45 AM,Other impacts,0,ELKO,NV,20,4,Dark,Clear,Yard,Yard/switching,6,18760,500,20251,H306,40.87509,-115.715629,33.5,44.8,54.2
UP,1018LA025,2018-10-23,6:20 PM,Other impacts,0,BLOOMINGTON,CA,70,3,Dusk,Clear,Yard,Cut of cars,0,500,0,13440,E39C,34.06567,-117.3831,65.1,67.3,68.1
UP,0624LA027,2024-06-13,11:03 AM,Other impacts,0,BLOOMINGTON,CA,64,2,Day,Clear,Yard,Yard/switching,3,159,18073,18232,M411,34.067496,-117.399243,71.3,69.3,72
UP,0324NC004,2024-03-06,2:05 PM,Derailment,0,OAKLAND,CA,57,2,Day,Cloudy,Yard,Freight Train,7,15616,9203,26443,T221,37.802708,-122.303387,54.8,55,53.7
UP,0917RS026,2017-09-13,1:26 PM,Other impacts,0,FREMONT,CA,77,2,Day,Clear,Yard,Freight Train,0,391,0,21303,H301,37.488763,-121.932835,73.7,69.2,66.9
UP,0819RM029,2019-08-25,8:56 PM,Derailment,0,NORTH LAS VEGAS,NV,105,4,Dark,Clear,Yard,Single Car,0,64482,0,348735,H702,36.269472,-115.076076,92.1,93.7,94.3
PHL,PHL00110F,2024-03-14,3:41 AM,Derailment,0,LONG BEACH,CA,55,4,Dark,Clear,Main,,0,0,250,81923,H503,33.761081,-118.240543,62.3,62.7,60.9
UP,0219RM034,2019-02-28,5:05 PM,Derailment,0,LAS VEGAS,NV,73,2,Day,Clear,Yard,Freight Train,3,159,36458,36617,H524,36.275805,-115.06954,58.6,64.4,63.1
UP,0318LA029,2018-03-24,8:45 PM,Derailment,0,LOS ANGELES,CA,53,4,Dark,Cloudy,Yard,Yard/switching,6,266,14310,14576,H702,34.058873,-118.218278,60.5,57.8,56.2
PHL,PHL00120F,2024-05-19,3:24 AM,Derailment,0,LONG BEACH,CA,65,1,Dawn,Clear,Main,,0,0,815761,861837,H503,33.783942,-118.228573,63.9,64.1,63.1
UP,0619NC050,2019-06-19,9:48 AM,Derailment,0,WELLS,NV,46,2,Day,Clear,Main,Freight Train,38,918075,322974,1241049,H504,41.107035,-114.903165,68.6,68.2,60.5
UP,0323LA013,2023-03-03,8:15 PM,Hwy-rail crossing,0,SANTA BARBARA,CA,55,4,Dark,Cloudy,Main,,0,0,150,150,M302,34.419641,-119.670836,50.6,50,51.3
UP,0123LA030,2023-01-19,11:00 AM,Derailment,0,BLOOMINGTON,CA,60,2,Day,Clear,Yard,Yard/switching,14,13824,714,14538,M407,34.066516,-117.388403,46.9,47.1,49.5
UP,0719RM012,2019-07-10,5:22 AM,Derailment,0,ELGIN,NV,74,1,Dawn,Clear,Main,Freight Train,35,2748072,203764,2951836,H504,37.300659,-114.467364,78.9,83,87
UP,1115UT015,2015-11-26,6:00 AM,Other (describe in narrative),0,WENDOVER,NV,25,4,Dark,Snow,Main,Freight Train,12,214,3600000,3600214,E61C,40.84572,-114.24989,29.8,28.6,25.2
UP,0324NC027,2024-03-31,6:17 PM,Derailment,0,ROSEVILLE,CA,65,3,Dusk,Clear,Yard,Yard/switching,8,111541,241480,353021,E41C,38.733439,-121.304033,50.2,53.9,56
UP,0819RM029,2019-08-25,8:56 PM,Derailment,0,NORTH LAS VEGAS,NV,105,4,Dark,Clear,Yard,Freight Train,7,159439,124814,348735,H702,36.269472,-115.076076,92.1,93.7,94.3
UP,0723LA053,2023-07-30,7:50 PM,Derailment,0,BLOOMINGTON,CA,96,3,Dusk,Clear,Yard,Yard/switching,4,17954,0,17954,H702,34.066701,-117.377961,82.3,83.1,82.5
UP,0224LA030,2024-02-19,9:52 PM,Rear end collision,0,CARSON,CA,56,4,Dark,Rain,Main,Freight Train,10,7840,0,37840,H401,33.831815,-118.226738,59.8,58.6,58.2
BNSF,CA0424204,2024-04-28,11:44 PM,Hwy-rail crossing,0,WINTON,CA,64,4,Dark,Clear,Main,Freight Train,55,500,15000,15500,M302,37.403996,-120.643197,61,63.5,64.2
UP,0816UT010,2016-08-23,12:45 AM,Derailment,0,LAS VEGAS,NV,85,4,Dark,Rain,Yard,Freight Train,8,157940,56658,214598,M103,36.273195,-115.07182,84.5,80,88
UP,1214UT003,2014-12-11,6:06 PM,Derailment,0,LAS VEGAS,NV,56,4,Dark,Cloudy,Main,Freight Train,3,5370,7500,12870,H702,36.516937,-114.425729,55.3,56.2,51.4
UP,0224NC027,2024-02-11,8:59 PM,Obstruction,0,OAKLAND,CA,54,4,Dark,Cloudy,Main,,0,0,0,32145,M402,37.769818,-122.219955,51.8,51.5,50.1
UP,0719RM031,2019-07-26,11:00 AM,Other impacts,0,LAS VEGAS,NV,100,2,Day,Clear,Industry,Freight Train,8,190330,1869,232398,H302,36.35395,-114.907593,92,95.4,96.3
UP,0515RS025,2015-05-24,4:07 AM,Derailment,0,GERLACH,NV,46,4,Dark,Cloudy,Main,Freight Train,26,1049218,2066829,3116047,E54C,40.171089,-119.884778,56,62.1,62.3
UP,0719NC033,2019-07-20,9:45 AM,Derailment,0,SPARKS,NV,66,2,Day,Clear,Yard,Light loco(s),5,18620,1900,20520,H303,39.532647,-119.762667,76.9,78.5,80.7
UP,0624LA027,2024-06-13,11:03 AM,Other impacts,0,BLOOMINGTON,CA,64,2,Day,Clear,Yard,Single Car,0,0,0,18232,M411,34.067496,-117.399243,71.3,69.3,72
UP,0518RS048,2018-05-28,10:24 PM,Derailment,0,COTTONWOOD,CA,87,4,Dark,Clear,Main,Freight Train,45,4025,113248,117273,E33C,40.400316,-122.247901,74.9,82.4,82.9
UP,1118RS037,2018-11-21,5:41 AM,Derailment,0,CRESCENT VALLEY,NV,11,1,Dawn,Clear,Yard,Work train,9,50036,6450,56486,H303,40.594623,-116.479165,26.7,30.4,43.1
UP,0115UT002,2015-01-03,4:50 PM,Derailment,0,ELKO,NV,31,2,Day,Clear,Yard,Yard/switching,6,130067,24833,154900,H307,40.874836,-115.715049,13.1,22.5,26.8
UP,0923NC041,2023-09-27,12:00 PM,Fire/violent rupture,0,BAKERSFIELD,CA,71,2,Day,Clear,Yard,Single Car,0,71145,0,71145,M501,35.375251,-118.983013,69.9,71.6,72
UP,1216UT011,2016-12-14,11:08 AM,Fire/violent rupture,0,ELKO,NV,35,2,Day,Cloudy,Main,Freight Train,50,38208,0,38208,E79L,40.927913,-115.654044,28.8,33.4,35.6
UP,0319NC003,2019-03-02,6:16 AM,Hwy-rail crossing,0,BEOWAWE,NV,36,1,Dawn,Snow,Main,Freight Train,40,71334,6070,77404,M302,40.590839,-116.474301,38.6,33.9,35.1
UP,0219RM009,2019-02-10,7:00 PM,Derailment,0,LAS VEGAS,NV,51,3,Dusk,Rain,Yard,Yard/switching,5,95337,904,96241,H307,36.275864,-115.06855,44.8,47.9,41.5
UP,0315RS028,2015-03-25,3:33 PM,Derailment,0,HAZEN,NV,50,2,Day,Clear,Main,Freight Train,66,1880592,904474,2785066,E71L,39.806947,-118.774316,49.5,48.1,54.1
UP,0424NC044,2024-04-22,10:15 PM,Other impacts,0,ANTELOPE,CA,65,4,Dark,Clear,Yard,Yard/switching,10,38018,75121,113139,E76L,38.72299,-121.316799,67.6,67.5,60.3
ATK,156915,2018-12-28,1:11 PM,Obstruction,0,HAYWARD,CA,57,2,Day,Clear,Main,Passenger Train - Pushing,79,23469,0,23502,M402,37.623882,-122.051422,52.5,52.6,48.6
UP,0719RM031,2019-07-26,11:00 AM,Other impacts,0,LAS VEGAS,NV,100,2,Day,Clear,Industry,Yard/switching,0,40199,0,232398,H302,36.35395,-114.907593,92,95.4,96.3
UP,0817RS065,2017-08-28,5:49 AM,Fire/violent rupture,0,IMLAY,NV,62,4,Dark,Clear,Main,Freight Train,50,137414,0,137414,E72L,40.723518,-119.225715,83.2,82,76.5
UP,0315UT019,2015-03-25,8:30 PM,Derailment,0,ELKO,NV,52,3,Dusk,Clear,Yard,Freight Train,2,4699,13770,18469,H307,40.874836,-115.715049,41.4,41.8,47.7
UP,0617RS059,2017-06-28,5:11 PM,Derailment,0,CRESCENT VALLEY,NV,87,2,Day,Clear,Main,Freight Train,35,14503,89978,104481,E53C,40.580987,-116.272949,75.5,74.3,70.1
ATK,179046,2024-03-30,6:31 PM,Obstruction,0,STOCKTON,CA,61,3,Dusk,Clear,Main,Passenger Train - Pulling,11,15462,0,15462,M404,37.948889,-121.26565,50.7,54.5,55.1
BNSF,CA0519118,2019-05-22,8:00 PM,Other (describe in narrative),0,SAN BERNARDINO,CA,72,3,Dusk,Clear,Yard,Freight Train,7,180000,0,180000,H510,34.104275,-117.327424,58.6,55.1,55.6
UP,0224NC021,2024-02-11,6:20 AM,Derailment,0,SLOAT,CA,21,1,Dawn,Clear,Main,Freight Train,27,1188835,90270,1279105,T220,39.840582,-120.680505,33.8,36.8,38.8
BNSF,CA0519113,2019-05-09,1:50 AM,Derailment,0,QUINCY,CA,75,4,Dark,Clear,Main,Freight Train,25,6000,0,688376,E68C,40.03498,-120.973636,64.5,65.4,66.9
PCJX,PCJX00047F,2024-02-01,7:15 PM,Derailment,0,SAN JOSE,CA,54,4,Dark,Rain,Yard,Yard/switching,5,2500000,0,2500000,H099,37.340614,-121.911496,58.9,54.6,52.6
TSWS,84020191,2019-01-19,12:10 AM,Derailment,0,FRENCH CAMP,CA,50,4,Dark,Rain,Yard,Freight Train,10,26000,8000,34000,H307,37.851851,-121.262971,56,58.3,54.7
ATK,156747,2018-12-14,7:05 AM,Other impacts,0,OAKLAND,CA,48,2,Day,Cloudy,Yard,Yard/switching,0,68014,0,75572,H999,37.793852,-122.27163,51.8,54.9,56
UP,0224NC016,2024-02-11,1:46 PM,Other impacts,0,ROSEVILLE,CA,60,2,Day,Clear,Yard,Light loco(s),7,35547,200,54025,H307,38.733439,-121.304033,47.8,46.5,45.8
ATK,156742,2018-12-14,9:48 PM,Hwy-rail crossing,0,DIXON,CA,54,4,Dark,Cloudy,Main,Passenger Train - Pulling,75,20099,0,20299,M302,38.416752,-121.850644,45.4,50.2,51
UP,0224NC016,2024-02-11,1:46 PM,Other impacts,0,ROSEVILLE,CA,60,2,Day,Clear,Yard,Yard/switching,4,18278,0,54025,H307,38.733439,-121.304033,47.8,46.5,45.8
ATK,156697,2018-12-10,9:21 PM,Derailment,0,LOS ANGELES,CA,52,4,Dark,Clear,Yard,Yard/switching,5,22327,390,22717,H399,34.029388,-118.22789,60.5,60.7,59.1
UP,1123NC023,2023-11-14,3:41 PM,Derailment,0,SPARKS,NV,61,2,Day,Clear,Industry,Yard/switching,10,5685,9130,14815,H607,39.51739,-119.731762,47.7,45.7,45