reportingrailroadcode,accidentnumber,date,time,accidenttype,hazmatreleasedcars,station,stateabbr,temperature,visibility_code,visibility,weathercondition,tracktype,equipmenttype,trainspeed,equipmentdamagecost,trackdamagecost,totaldamagecost,primaryaccidentcausecode,latitude,longitude,prior_temp,actual_temp,following_temp
BNSF,CA0324108,2024-03-14,3:41 AM,Derailment,0,LONG BEACH,CA,55,4,Dark,Clear,Main,Freight Train,5,81673,0,81923,H503,33.761081,-118.240543,62.3,62.7,60.9
UP,1218NC047,2018-12-28,1:11 PM,Obstruction,0,HAYWARD,CA,56,2,Day,Clear,Main,,0,0,33,23502,M402,37.624787,-122.052466,52.5,52.6,48.6
BNSF,CA1218201,2018-12-10,4:52 PM,Hwy-rail crossing,0,FRESNO,CA,48,2,Day,Cloudy,Main,Freight Train,33,16000,0,16000,M302,36.764003,-119.790555,50.5,48.8,49.8
UP,0218RS026,2018-02-21,8:00 AM,Other impacts,0,STOCKTON,CA,56,2,Day,Clear,Yard,Single Car,0,55119,0,111998,H702,37.918975,-121.273878,42.4,44.1,44.2
UP,0421ES004,2021-04-06,8:25 AM,Obstruction,0,WINNEMUCCA,NV,23,2,Day,Clear,Main,Spec. MoW Equip.,2,3698,28000,31698,E51C,40.913641,-118.396438,48.3,39.6,48.6
ATK,160915,2019-09-03,8:50 PM,Hwy-rail crossing,0,SIMI VALLEY,CA,80,4,Dark,Clear,Main,Passenger Train - Pushing,60,20265,0,20265,M304,34.263829,-118.670488,80.1,82.6,83.1
UP,0921NC022,2021-09-13,2:41 AM,Derailment,0,ELKO,NV,62,4,Dark,Clear,Yard,Freight Train,4,7000,123007,130007,H703,40.867303,-115.719833,69.4,67.1,63.5
UP,0523LA021,2023-05-10,11:05 AM,Other (describe in narrative),0,REDLANDS,CA,54,2,Day,Clear,Main,Freight Train,13,95850,0,202578,E37C,33.98608,-117.143279,56.5,55.4,57.7
UP,0523NC010,2023-05-07,12:00 PM,Other impacts,0,SPARKS,NV,50,2,Day,Cloudy,Yard,Light loco(s),0,10532,165,12992,H305,39.530619,-119.746804,47.5,48.5,50.6
BNSF,CA0324113,2024-03-15,4:00 PM,Derailment,0,FONTANA,CA,60,2,Day,Clear,Yard,Freight Train,1,2000,45911,47911,H504,34.094068,-117.482568,58.6,56.8,54.9
UP,0923LA034,2023-09-13,4:02 AM,Fire/violent rupture,0,ANAHEIM,CA,67,1,Dawn,Cloudy,Yard,Single Car,0,14690,0,14690,M406,33.814931,-117.903074,72.2,70.8,70.3
UP,1022NC012,2022-10-10,4:50 AM,Obstruction,0,SPARKS,NV,58,1,Dawn,Cloudy,Main,Freight Train,35,0,28000,28000,M402,39.548622,-119.573364,63.6,66,63.9
MET,7M2024,2024-05-18,5:40 AM,Derailment,0,MODESTO,CA,60,1,Dawn,Clear,Industry,Single Car,0,15521,2931,22401,H702,37.634191,-120.949922,66.8,68.4,66.5
PHL,PHL00115F,2024-04-10,9:45 PM,Derailment,0,LOS ANGELES,CA,60,4,Dark,Clear,Main,Freight Train,4,7553,27573,35126,H504,33.776037,-118.240761,67.7,66.9,62.2
ATK,177319,2023-11-23,9:16 AM,Obstruction,0,RENO,NV,42,2,Day,Clear,Main,Passenger Train - Pulling,70,14190,0,14190,M402,39.590912,-119.411934,39.6,40,33.5
UP,0120RM011,2020-01-06,2:30 PM,Derailment,0,LAS VEGAS,NV,56,2,Day,Clear,Industry,Freight Train,8,37491,1390,38881,H607,36.221362,-115.122421,47.3,49.3,47.5
UP,0218RS037,2018-02-22,1:27 PM,Derailment,0,COLFAX,CA,45,2,Day,Clear,Main,Freight Train,22,16848,78391,95239,E67C,39.100264,-120.952836,34.6,32.3,32.3
UP,0718LA002,2018-07-01,4:30 PM,Derailment,0,YERMO,CA,105,2,Day,Clear,Yard,Yard/switching,9,1463,60584,62047,M405,34.901868,-116.826896,86.2,89.3,90
BNSF,CA0918106,2018-09-09,10:28 PM,Derailment,0,CADIZ,CA,92,4,Dark,Clear,Siding,Freight Train,7,832,203207,204039,E46C,34.520397,-115.514056,56.4,55.9,55
BNSF,CA0324109,2024-03-14,9:30 PM,Derailment,0,BARSTOW,CA,40,4,Dark,Clear,Yard,Yard/switching,10,74533,278500,353033,M411,34.898947,-117.04472,56.7,51.3,49.1
UP,0523NC010,2023-05-07,12:00 PM,Other impacts,0,SPARKS,NV,50,2,Day,Cloudy,Yard,Yard/switching,10,2295,0,12992,H305,39.530619,-119.746804,47.5,48.5,50.6
UP,0423NC005,2023-04-06,1:33 PM,Derailment,0,WINNEMUCCA,NV,60,2,Day,Clear,Main,Freight Train,49,68268,257000,325268,E53C,41.001227,-117.707093,32.8,41.9,47.4
BNSF,CA1218203,2018-12-28,10:49 PM,Hwy-rail crossing,0,EMPIRE,CA,35,4,Dark,Clear,Main,,0,0,500,16727,M308,37.638255,-120.903572,46.9,45.3,41.6
UP,0124NC016,2024-01-15,5:45 PM,Derailment,0,BATTLE MOUNTAIN,NV,30,2,Day,Clear,Industry,Freight Train,5,10419,2760,13179,H306,40.647977,-116.940937,40.1,33.7,31.8
UP,1223LA040,2023-12-27,4:03 AM,Derailment,0,CALIENTE,CA,40,1,Dawn,Cloudy,Main,Freight Train,2,927,420,104643,H503,35.236804,-118.574503,48.3,47.3,46.7
UP,0718LA035,2018-07-30,8:48 AM,Hwy-rail crossing,0,LOS ANGELES,CA,90,2,Day,Clear,Main,Freight Train,36,8425,0,36821,M303,34.239449,-118.393545,77.4,76.6,77.7
BNSF,CA0119103,2019-01-09,9:40 AM,Derailment,0,COLTON,CA,43,2,Day,Clear,Yard,Light loco(s),7,22000,0,24206,H307,34.067755,-117.368379,58,54.3,52
UP,1020NC036,2020-10-29,9:30 AM,Other impacts,0,FERNLEY,NV,32,2,Day,Clear,Industry,Cut of cars,0,100,0,37351,H702,39.602253,-119.204801,43.9,45.4,48.3
UP,1123NC036,2023-11-23,9:13 AM,Obstruction,0,RENO,NV,37,2,Day,Clear,Siding,,0,0,0,14190,M402,39.590965,-119.413909,39.6,40,33.5
UP,0620NC009,2020-06-05,4:58 PM,Fire/violent rupture,0,SPARKS,NV,50,2,Day,Cloudy,Industry,Yard/switching,0,326281,0,326281,E79L,39.56447,-119.48055,74.8,72.6,60.2
UP,0718LA012,2018-07-08,4:05 AM,Other impacts,0,BLOOMINGTON,CA,90,1,Dawn,Clear,Yard,Freight Train,1,5027,0,317311,S007,34.06681,-117.387553,94.9,88.5,85.8
UP,1122LA028,2022-11-21,7:01 PM,Derailment,0,NILAND,CA,64,3,Dusk,Clear,Yard,Freight Train,10,41081,4466,45547,H306,33.246036,-115.519202,56.9,55.3,55.4
UP,0422NC018,2022-04-14,9:22 AM,Derailment,0,SPARKS,NV,39,2,Day,Clear,Yard,Cut of cars,0,117121,0,303907,E34C,39.530329,-119.741581,41.1,46.3,50.9
UP,0823LA055,2023-08-20,10:11 PM,Other (describe in narrative),0,CATHEDRAL CITY,CA,60,4,Dark,Rain,Siding,Cut of cars,0,1036778,405151,1441929,M103,33.867018,-116.492333,87,74.6,79.2
UP,0621NC020,2021-06-18,4:48 AM,Other impacts,0,SPARKS,NV,70,1,Dawn,Clear,Yard,Yard/switching,2,31556,480,46941,H702,39.531037,-119.751464,81,81.9,82.6
ATK,177969,2024-01-13,9:05 PM,Hwy-rail crossing,0,OAKLAND,CA,52,4,Dark,Rain,Main,Passenger Train - Pushing,40,18483,0,18483,M302,37.734024,-122.177304,46.9,50.9,53.5
PCJX,PCJX00062F,2024-03-29,8:31 PM,Other impacts,0,ATHERTON,CA,50,4,Dark,Rain,Main,Passenger Train - Pulling,65,0,61565,61565,M505,37.464861,-122.198228,55.8,52.4,55.3
UP,1218NC036,2018-12-19,12:21 PM,Hwy-rail crossing,0,MODESTO,CA,50,2,Day,Cloudy,Main,Freight Train,36,22849,0,22849,M303,37.635373,-120.997575,49.9,48.8,51.2
UP,0124NC030,2024-01-22,1:45 AM,Other (describe in narrative),0,BELDEN,CA,39,4,Dark,Rain,Main,Freight Train,25,190292,99525,289817,M101,39.921268,-121.317626,52.2,51.5,51.2
UP,1023NC006,2023-10-06,6:20 PM,Derailment,0,ELKO,NV,78,3,Dusk,Clear,Yard,Freight Train,2,28755,2402,31157,H504,40.875246,-115.716014,54.3,56.2,57.1
UP,0123NC039,2023-01-21,6:43 AM,Derailment,0,WINNEMUCCA,NV,3,1,Dawn,Cloudy,Main,Freight Train,15,10651,1532,12183,H503,40.943413,-117.751191,13.8,15.3,24.3
UP,0519NC048,2019-05-29,4:00 AM,Other impacts,0,SPARKS,NV,56,1,Dawn,Clear,Yard,Cut of cars,6,88113,0,110623,E30C,39.529363,-119.732892,59.8,60.6,55.7
UP,0718LA023,2018-07-21,11:12 PM,Derailment,0,VAN NUYS,CA,80,4,Dark,Clear,Yard,Freight Train,8,9780,6376,16156,M501,34.208567,-118.432803,77.7,77.3,80.9
UP,0220RM030,2020-02-25,11:15 PM,Derailment,0,NORTH LAS VEGAS,NV,49,4,Dark,Clear,Yard,Yard/switching,4,74747,46243,120990,H702,36.278014,-115.067228,57.9,53.8,51.4
UP,1018LA040,2018-10-01,12:00 PM,Other impacts,0,MOJAVE,CA,73,2,Day,Clear,Yard,Single Car,4,33116,0,33116,H022,35.031481,-118.304894,66.1,70.6,72
UP,1218NC025,2018-12-14,9:48 PM,Hwy-rail crossing,0,DIXON,CA,54,4,Dark,Cloudy,Main,,0,0,200,20299,M302,38.416793,-121.850573,45.4,50.2,51
UP,0718LA012,2018-07-08,4:05 AM,Other impacts,0,BLOOMINGTON,CA,90,1,Dawn,Clear,Yard,Yard/switching,4,143574,0,317311,S007,34.06681,-117.387553,94.9,88.5,85.8
UP,0323NC013,2023-03-13,1:21 PM,Derailment,0,YERINGTON,NV,49,2,Day,Cloudy,Main,Freight Train,25,103213,266607,369820,M103,39.278331,-119.279492,45.8,47.2,48.8
ATK,177820,2024-01-03,5:40 PM,Hwy-rail crossing,0,TURLOCK,CA,49,4,Dark,Clear,Main,Passenger Train - Pulling,80,13816,0,13816,M308,37.492286,-120.76245,46.4,47.6,47.9
UP,0523NC025,2023-05-16,7:20 AM,Derailment,0,ELKO,NV,44,2,Day,Clear,Yard,Freight Train,10,250,12433,12683,H307,40.885654,-115.709709,59.6,63.9,65
BNSF,CA0920117,2020-09-28,1:00 AM,Derailment,0,LOS ANGELES,CA,65,4,Dark,Clear,Yard,Freight Train,10,93664,0,93664,E08C,34.004482,-118.200748,72,72.9,75.1
UP,0124LA009,2024-01-02,10:36 AM,Hwy-rail crossing,0,CAMARILLO,CA,46,2,Day,Clear,Main,,0,0,172080,174369,M308,34.242428,-119.01007,57.3,53.6,56.9
UP,0718LA012,2018-07-08,4:05 AM,Other impacts,0,BLOOMINGTON,CA,90,1,Dawn,Clear,Yard,Yard/switching,2,11035,157490,317311,S007,34.06681,-117.387553,94.9,88.5,85.8
UP,0823RM007,2023-08-08,11:37 AM,Derailment,0,LAS VEGAS,NV,88,2,Day,Clear,Yard,Freight Train,3,1380715,2301,1383016,H508,36.277984,-115.067196,94.2,93,93.5
UP,0220NC049,2020-02-20,10:06 AM,Hwy-rail crossing,0,SPARKS,NV,40,2,Day,Clear,Main,,0,0,0,114186,M302,39.589303,-119.450571,37.4,40.3,42.9
UP,0522NC019,2022-05-11,6:48 AM,Derailment,0,ELKO,NV,36,1,Dawn,Cloudy,Yard,Freight Train,6,35105,2197,37302,H525,40.866979,-115.720203,38.6,42.1,43.2
UP,0720RM017,2020-07-18,7:49 PM,Derailment,0,CALIENTE,NV,98,3,Dusk,Clear,Main,Freight Train,18,12842,112377,125219,E24C,37.600335,-114.394249,82.6,84.2,85.9
UP,0320NC035,2020-03-14,6:00 PM,Derailment,0,ELKO,NV,48,3,Dusk,Rain,Yard,Freight Train,8,636,68921,69557,H303,40.888973,-115.707937,37.8,45.6,42.8
UP,0621NC020,2021-06-18,4:48 AM,Other impacts,0,SPARKS,NV,70,1,Dawn,Clear,Yard,Freight Train,0,14905,0,46941,H702,39.531037,-119.751464,81,81.9,82.6
UP,1218ST030,2018-12-18,5:40 PM,Obstruction,0,ONTARIO,CA,67,2,Day,Cloudy,Main,Freight Train,45,524,51300,51824,M402,34.06013,-117.641574,57.2,57.6,60.3
BNSF,CA0119109,2019-01-21,8:15 PM,Derailment,0,COMMERCE,CA,60,3,Dusk,Clear,Yard,Yard/switching,7,12000,3450,15450,H607,33.988589,-118.136871,61.2,58.3,57.1
UP,1223NC039,2023-12-30,5:41 PM,Other impacts,0,ROSEVILLE,CA,53,2,Day,Cloudy,Yard,Yard/switching,7,6090,8769,14859,M411,38.730219,-121.306539,55,52.3,51.4
BNSF,CA0224128,2024-02-24,3:15 PM,Fire/violent rupture,0,BAKERSFIELD,CA,59,2,Day,Clear,Yard,Freight Train,10,73981,0,73981,M502,35.371418,-119.047687,53.9,56.5,57.9
UP,0122NC055,2022-01-17,10:03 PM,Derailment,0,ELKO,NV,30,4,Dark,Clear,Yard,Freight Train,8,44039,1000,45039,H503,40.866979,-115.720203,26.2,28.4,31.5
ATK,163186,2020-02-20,10:06 AM,Hwy-rail crossing,0,SPARKS,NV,44,2,Day,Cloudy,Main,Passenger Train - Pulling,68,114186,0,114186,M302,39.589303,-119.450571,37.4,40.3,42.9
UP,0422NC018,2022-04-14,9:22 AM,Derailment,0,SPARKS,NV,39,2,Day,Clear,Yard,Freight Train,2,153700,33086,303907,E34C,39.530329,-119.741581,41.1,46.3,50.9
UP,1218ST037,2018-12-20,4:00 PM,Derailment,0,DOMINGUEZ,CA,68,2,Day,Clear,Industry,,0,0,49294,175256,H505,33.839726,-118.223859,59.5,59.2,59.4
UP,1218NC005,2018-12-05,9:25 AM,Other impacts,0,STOCKTON,CA,47,2,Day,Cloudy,Yard,Yard/switching,10,7349,3777,19831,H312,37.915974,-121.27317,49.3,52.5,52.3
UP,0122RM037,2022-01-23,4:33 PM,Derailment,1,LAS VEGAS,NV,62,2,Day,Clear,Yard,Yard/switching,3,9134,99,9233,H307,36.274448,-115.070874,54.4,53.9,53.1
UP,1220NC021,2020-12-21,7:04 PM,Derailment,0,WINNEMUCCA,NV,48,3,Dusk,Clear,Main,Freight Train,13,7012,7081,14093,E20C,40.891425,-118.520506,38,37.2,35.1
UP,1121RM022,2021-11-30,2:25 PM,Derailment,0,OVERTON,NV,76,2,Day,Clear,Yard,Freight Train,5,29058,2564,31622,H307,36.516677,-114.429601,56.6,60.7,60.9
UP,1020NC036,2020-10-29,9:30 AM,Other impacts,0,FERNLEY,NV,32,2,Day,Clear,Industry,Yard/switching,3,35727,1524,37351,H702,39.602253,-119.204801,43.9,45.4,48.3
MET,7M2024,2024-05-18,5:40 AM,Derailment,0,MODESTO,CA,60,1,Dawn,Clear,Industry,Yard/switching,5,1018,2931,22401,H702,37.634191,-120.949922,66.8,68.4,66.5
UP,0718LA012,2018-07-08,4:05 AM,Other impacts,0,BLOOMINGTON,CA,90,1,Dawn,Clear,Yard,Cut of cars,0,185,0,317311,S007,34.06681,-117.387553,94.9,88.5,85.8
UP,0218LA025,2018-02-27,7:05 PM,Derailment,0,CITY OF INDUSTRY,CA,50,4,Dark,Cloudy,Yard,Freight Train,5,6128,7533,13661,M501,34.009645,-117.93146,54.4,50.1,50.9
BNSF,CA1218115,2018-12-20,4:00 PM,Derailment,0,LOS ANGELES,CA,70,2,Day,Clear,Yard,Freight Train,3,103962,22000,175256,H505,33.800884,-118.238845,59.9,60.2,60.2
UP,0821RM006,2021-08-08,11:35 AM,Fire/violent rupture,0,LAS VEGAS,NV,110,2,Day,Clear,Main,Freight Train,0,58646,99,58745,M502,36.158935,-115.156323,93.2,94.3,96.4
UP,1223NC039,2023-12-30,5:41 PM,Other impacts,0,ROSEVILLE,CA,53,2,Day,Cloudy,Yard,Single Car,0,0,0,14859,M411,38.730219,-121.306539,55,52.3,51.4
UP,0421ES049,2021-04-23,3:30 PM,Obstruction,0,WINNEMUCCA,NV,62,2,Day,Clear,Main,Spec. MoW Equip.,0,11174,28000,39174,H993,40.965315,-117.767533,49.4,53.7,56.4
UP,0718LA026,2018-07-25,3:25 PM,Derailment,0,FONTANA,CA,105,2,Day,Clear,Industry,Freight Train,7,210744,150,210894,M202,34.064826,-117.514302,87.9,86.2,82.6
UP,1218NC005,2018-12-05,9:25 AM,Other impacts,0,STOCKTON,CA,47,2,Day,Cloudy,Yard,Cut of cars,10,8705,0,19831,H312,37.915974,-121.27317,49.3,52.5,52.3
UP,0818UT023,2018-08-12,3:09 AM,Fire/violent rupture,0,WELLS,NV,60,4,Dark,Clear,Main,Freight Train,45,53679,0,53679,E73L,41.111215,-114.97624,80.6,80.6,76.5
UP,0219ST025,2019-02-20,9:56 AM,Other impacts,0,MOJAVE,CA,33,2,Day,Cloudy,Yard,Yard/switching,0,27080,0,97464,E08C,35.052043,-118.174444,34,36.5,33.6
ATK,157613,2019-02-13,11:05 PM,Hwy-rail crossing,0,EMERYVILLE,CA,59,4,Dark,Rain,Main,Passenger Train - Pulling,49,10846,0,11096,M303,37.846232,-122.294202,47.7,54.9,55.7
ATK,157619,2019-02-13,2:34 PM,Obstruction,0,GOLETA,CA,59,2,Day,Rain,Main,Passenger Train - Pulling,68,43311,0,43311,M404,34.431734,-119.895643,49.9,56.2,57
UP,0219ST025,2019-02-20,9:56 AM,Other impacts,0,MOJAVE,CA,33,2,Day,Cloudy,Yard,Light loco(s),0,70384,0,97464,E08C,35.052043,-118.174444,34,36.5,33.6
UP,0717LA023,2017-07-20,10:52 PM,Side collision,0,FONTANA,CA,70,4,Dark,Clear,Yard,Freight Train,10,36023,0,54904,M502,34.066588,-117.434183,79.8,79.1,77.5
UP,0518LA003,2018-05-01,1:52 AM,Derailment,0,TEHACHAPI,CA,51,4,Dark,Clear,Main,Freight Train,10,171617,6800,178417,M405,35.196046,-118.530056,46.3,45.5,50.5
PHL,PHL00038F,2022-02-05,2:05 AM,Other impacts,0,LONG BEACH,CA,50,4,Dark,Clear,Yard,Yard/switching,3,0,0,33658,H306,33.819865,-118.23075,56.3,57,58.1
BNSF,CA0718116,2018-07-13,4:35 PM,Derailment,0,NEEDLES,CA,98,2,Day,Rain,Main,Freight Train,18,488065,281235,769300,M105,34.938485,-114.846864,88.5,93,97.8
UP,0818LA022,2018-08-20,5:40 PM,Derailment,0,BLOOMINGTON,CA,87,2,Day,Clear,Yard,Light loco(s),4,1682,10161,11843,M101,34.067556,-117.367737,79.3,77.7,76.9
UP,0817LA007,2017-08-07,4:56 AM,Derailment,0,LONG BEACH,CA,70,4,Dark,Clear,Yard,Freight Train,5,79979,0,79979,M501,33.822638,-118.229725,73.8,72.3,73.5
UP,0718RS006,2018-07-06,7:50 PM,Hwy-rail crossing,0,SALINAS,CA,80,2,Day,Clear,Main,Freight Train,51,60712,600,61312,M302,36.696808,-121.700014,60.7,69.3,65.3
BNSF,CA1118205,2018-11-20,12:30 AM,Hwy-rail crossing,0,MAYWOOD,CA,56,4,Dark,Clear,Yard,Freight Train,8,25000,0,25000,M302,34.005758,-118.184034,62,61.4,62.1
BNSF,CA1018203,2018-10-11,10:15 AM,Hwy-rail crossing,0,LE GRAND,CA,80,2,Day,Clear,Main,Freight Train,47,12000,0,12000,M302,37.174034,-120.179778,64.6,62.9,66
BNSF,CA1018112,2018-10-19,10:31 AM,Derailment,0,CORONA,CA,75,2,Day,Clear,Siding,Cut of cars,4,12702,1000,13702,M502,33.886035,-117.612323,65,72.2,69.7
ATK,155175,2018-09-06,9:20 AM,Derailment,0,EAST LOS ANGELES,CA,69,2,Day,Cloudy,Yard,Light loco(s),5,16745,0,16745,H605,34.055235,-118.234328,69.7,69,70.4
UP,0917LA036,2017-09-21,2:10 PM,Derailment,0,BLOOMINGTON,CA,85,2,Day,Clear,Yard,Freight Train,3,12753,2000,14753,H702,34.066188,-117.38114,68.6,66.5,62.9
UP,0717LA023,2017-07-20,10:52 PM,Side collision,0,FONTANA,CA,70,4,Dark,Clear,Yard,Cut of cars,1,18581,300,54904,M502,34.066588,-117.434183,79.8,79.1,77.5
UP,0818LA026,2018-08-18,10:39 PM,Fire/violent rupture,0,WHITE WATER,CA,82,4,Dark,Cloudy,Main,Freight Train,35,269754,0,269754,E73L,33.918581,-116.683051,93.5,97.5,97.9
BNSF,CA0219102,2019-02-03,11:21 PM,Derailment,0,STOCKTON,CA,55,4,Dark,Rain,Yard,Cut of cars,0,3918,0,14726,H307,37.949538,-121.260719,56,53.2,48.5
BNSF,CA0219108,2019-02-14,9:15 AM,Derailment,0,CORONA,CA,65,2,Day,Clear,Yard,Light loco(s),9,10500,15000,25500,H307,33.8795,-117.551616,51,54.3,52
UP,0618LA013,2018-06-18,11:43 PM,Hwy-rail crossing,0,SAN BERNARDINO,CA,53,4,Dark,Clear,Main,Freight Train,24,269854,0,269854,M308,34.271112,-117.455127,63.9,66.6,69.1
BNSF,CA0818108,2018-08-21,9:25 AM,Derailment,2,SAN BERNARDINO,CA,86,2,Day,Clear,Main,Freight Train,23,1389767,2645180,4034947,E68L,34.197644,-117.373628,77.6,76.9,77.2
NCTC,FY1909586,2019-02-24,2:41 PM,Derailment,0,OCEANSIDE,CA,53,2,Day,Clear,Yard,,0,0,5166,15166,H303,33.250237,-117.419764,47.2,48.9,50.7
UP,0618LA021,2018-06-24,11:30 PM,Derailment,0,CALIENTE,CA,75,4,Dark,Clear,Main,Freight Train,23,127917,928,128845,E05C,35.287241,-118.654471,79.7,82,78.9
ATK,177534,2023-12-12,6:20 PM,Hwy-rail crossing,0,SOMIS,CA,53,4,Dark,Clear,Main,Passenger Train - Pushing,64,25000,0,230334,M302,34.265327,-118.977112,56,52.6,52.7
MET,2M2019,2019-01-15,4:40 AM,Other impacts,0,MODESTO,CA,42,4,Dark,Rain,Industry,Yard/switching,5,10983,0,10983,H021,37.373787,-120.545677,48.1,50.1,56.6
BNSF,CA1218110,2018-12-14,12:30 PM,Derailment,0,CALIENTE,CA,54,2,Day,Clear,Siding,Freight Train,4,139547,0,145207,H522,35.267153,-118.598364,44.9,46.5,45.7
BNSF,CA0219109,2019-02-14,8:20 PM,Obstruction,0,RIVERBANK,CA,43,3,Dusk,Clear,Main,,0,0,0,60158,M402,37.745716,-120.943451,56.4,57.7,48.9
UP,1118LA019,2018-11-17,7:10 AM,Derailment,0,KEENE,CA,40,2,Day,Clear,Siding,Freight Train,20,449791,18557,468348,E00C,35.267589,-118.603667,56.1,56.3,55.3
UP,0618PD029,2018-06-27,10:43 AM,Derailment,0,DUNSMUIR,CA,78,2,Day,Clear,Main,Freight Train,20,7808,511663,519471,H518,41.265448,-122.294767,69.1,67.9,65.6
UP,0917LA015,2017-09-09,1:30 PM,Other impacts,0,BLOOMINGTON,CA,92,2,Day,Clear,Yard,Freight Train,0,7911,0,24552,S007,34.065615,-117.37858,76.6,75.6,81.8
UP,1118LA024,2018-11-22,3:33 PM,Derailment,0,ROWLAND HEIGHTS,CA,64,2,Day,Clear,Yard,Yard/switching,1,20528,150,20678,H514,34.009558,-117.930817,60.9,61.3,60.6
UP,0918RS027,2018-09-18,4:15 AM,Derailment,0,FRESNO,CA,60,1,Dawn,Clear,Yard,Freight Train,6,68214,87825,156039,M501,36.781609,-119.845785,72.9,72.1,73
UP,0819LA032,2019-08-28,8:00 AM,Other impacts,0,BLOOMINGTON,CA,65,2,Day,Clear,Yard,Single Car,4,7270,0,38244,M411,34.064802,-117.383099,80.5,76.9,80
UP,0818RS046,2018-08-23,5:15 PM,Hwy-rail crossing,0,COYOTE,CA,78,2,Day,Clear,Main,,0,0,750,63750,M303,37.211306,-121.734371,65.5,64.9,64.4
UP,1118LA007,2018-11-11,4:40 PM,Derailment,0,BLOOMINGTON,CA,77,2,Day,Clear,Yard,Yard/switching,2,4327,6893,11220,S006,34.067438,-117.398068,59.5,60.2,63.1
UP,0918RS022,2018-09-16,6:55 PM,Derailment,0,ANTELOPE,CA,75,3,Dusk,Clear,Yard,Yard/switching,4,87,34224,34311,M404,38.720162,-121.317375,65.6,63.6,64.6
UP,0318PD001,2018-03-02,6:03 AM,Derailment,0,DUNSMUIR,CA,16,4,Dark,Snow,Main,Freight Train,7,9469,7952,17421,E67C,41.211188,-122.270376,33.5,27.8,30.2
SCAX,022419,2019-02-24,2:41 PM,Derailment,0,OCEANSIDE,CA,53,2,Day,Clear,Yard,Yard/switching,5,10000,0,15166,H303,33.250237,-117.419764,47.2,48.9,50.7
UP,0119ST079,2019-01-07,9:10 AM,Obstruction,0,GOLETA,CA,56,2,Day,Clear,Main,,0,0,0,19238,M404,34.449512,-119.980792,51.8,56.3,55.1
BNSF,CA0918202,2018-09-19,3:20 PM,Hwy-rail crossing,0,ANTIOCH,CA,85,2,Day,Clear,Siding,Freight Train,8,2000,10000,12000,M302,38.013138,-121.791644,65,68.1,72.6
ATK,156757,2018-12-15,6:48 PM,Hwy-rail crossing,0,GONZALES,CA,58,4,Dark,Cloudy,Main,Passenger Train - Pulling,70,10203,0,10878,M302,36.523585,-121.466289,55.4,52,53.3
UP,0918RS032,2018-09-18,5:45 PM,Derailment,0,ROSEVILLE,CA,75,2,Day,Clear,Yard,Yard/switching,7,2072,18079,20151,H703,38.735349,-121.302436,64.3,64.8,66.6
UP,0917LA015,2017-09-09,1:30 PM,Other impacts,0,BLOOMINGTON,CA,92,2,Day,Clear,Yard,Yard/switching,3,14661,1980,24552,S007,34.065615,-117.37858,76.6,75.6,81.8
BNSF,CA0618115,2018-06-26,11:47 PM,Derailment,0,LA MIRADA,CA,75,4,Dark,Clear,Yard,Freight Train,8,134557,50000,184557,H702,33.89222,-118.020245,70.3,71.2,71.1
BNSF,CA0416110,2016-04-22,2:50 AM,Other impacts,0,SAN DIEGO,CA,57,4,Dark,Clear,Yard,Freight Train,0,2700,0,31350,H309,32.702687,-117.154366,67.6,66.1,65.3
UP,0316RS042,2016-03-02,5:20 PM,Obstruction,0,ELK GROVE,CA,60,3,Dusk,Clear,Main,,0,0,0,18012,M404,38.408846,-121.364344,59.7,58.9,60.2
UP,0519ST008,2019-05-03,4:25 AM,Derailment,0,TEHACHAPI,CA,46,1,Dawn,Clear,Main,Freight Train,6,104921,988,105909,H521,35.180079,-118.494333,54.4,57.2,59.2
UP,0419NC001,2019-04-02,5:30 AM,Obstruction,0,OAKLAND,CA,57,1,Dawn,Cloudy,Main,Freight Train,45,29505,250,29755,M402,37.769344,-122.219266,57.8,57.8,57.3
BNSF,CA0216103,2016-02-06,11:40 AM,Obstruction,0,STOCKTON,CA,65,2,Day,Clear,Main,,0,0,500,120500,M402,37.934145,-121.367109,48.4,50,52.1
BNSF,CA0915120,2015-09-27,1:00 PM,Obstruction,0,KNIGHTSEN,CA,90,2,Day,Clear,Main,Maint./inspect Car,10,60000,0,60000,M403,37.940005,-121.610738,76.3,73.9,70