reportingrailroadcode,accidentnumber,date,time,accidenttype,hazmatreleasedcars,station,stateabbr,temperature,visibility_code,visibility,weathercondition,tracktype,equipmenttype,trainspeed,equipmentdamagecost,trackdamagecost,totaldamagecost,primaryaccidentcausecode,latitude,longitude,prior_temp,actual_temp,following_temp
BNSF,SW0922102,2022-09-04,4:51 PM,Derailment,0,YUCCA,AZ,72,2,Day,Rain,Main,Freight Train,0,3276546,0,3276546,M105,34.851448,-114.159069,94.9,93.4,94.5
UP,0316RS007,2016-03-08,8:20 PM,Side collision,0,OAKLAND,CA,50,4,Dark,Cloudy,Yard,Yard/switching,10,9198,1056,12393,H307,37.809757,-122.306974,53.2,52,58.2
BNSF,CA0516201,2016-05-13,12:32 PM,Hwy-rail crossing,0,MADERA,CA,85,2,Day,Clear,Main,,0,0,300,84008,M302,36.887627,-119.94226,75.8,72.9,67.4
ATK,139023,2015-08-31,8:50 PM,Obstruction,0,PITTSBURG,CA,73,4,Dark,Clear,Main,Passenger Train - Pulling,75,12974,0,12974,M402,38.020812,-121.856575,72.3,74.4,71.4
BNSF,CA0419201,2019-04-08,4:47 PM,Hwy-rail crossing,0,CORONA,CA,82,2,Day,Clear,Yard,Freight Train,10,39528,0,39528,M302,33.854817,-117.521355,65.3,69.7,65.1
BNSF,CA1015205,2015-10-28,10:15 PM,Hwy-rail crossing,0,BORON,CA,62,4,Dark,Clear,Main,Freight Train,63,19244,0,19244,M302,34.995321,-117.587415,60.1,66.3,63
UP,0416RS027,2016-04-21,6:15 PM,Hwy-rail crossing,0,LATHROP,CA,74,2,Day,Clear,Main,Freight Train,47,3809,10935,14744,M302,37.855588,-121.274731,66.6,64.9,58.9
ATK,143810,2016-08-15,1:02 PM,Hwy-rail crossing,0,STOCKTON,CA,100,2,Day,Clear,Main,Passenger Train - Pulling,70,41686,0,69286,M302,37.934512,-121.430778,81.8,76,76.1
SCAX,081716,2016-08-17,12:56 PM,Hwy-rail crossing,0,CORONA,CA,95,2,Day,Clear,Main,Commuter Train - Pushing,60,27953,0,27953,M308,33.878087,-117.542641,78.5,76.9,76.9
BNSF,CA1219109,2019-12-18,3:25 AM,Other impacts,0,BARSTOW,CA,30,4,Dark,Clear,Yard,Yard/switching,4,102963,0,102963,H316,34.896865,-117.049356,39.3,39,40.4
ATK,152267,2018-03-09,8:45 AM,Hwy-rail crossing,0,MERCED,CA,52,2,Day,Cloudy,Main,Passenger Train - Pushing,58,10480,0,10980,M308,37.31174,-120.488373,59.5,60,56.1
SCRT,02022018,2018-02-02,12:53 PM,Hwy-rail crossing,0,RANCHO CORDOVA,CA,73,2,Day,Clear,Main,EMU,30,23885,0,23885,M303,38.575779,-121.329377,54.6,54.6,54.4
BNSF,CA1214116,2014-12-31,6:10 AM,Other impacts,0,BARSTOW,CA,30,1,Dawn,Clear,Yard,Yard/switching,8,12367,0,12367,M105,34.898807,-117.057269,42.6,37.3,34.4
UP,0816LA017,2016-08-25,1:10 PM,Derailment,0,MIRA LOMA,CA,81,2,Day,Clear,Yard,Freight Train,3,91576,81148,172724,H503,34.016116,-117.52332,77.5,74,69.6
PCMZ,20150223A,2015-02-23,4:44 PM,Hwy-rail crossing,0,MENLO PARK,CA,60,2,Day,Clear,Main,Commuter Train - Pulling,75,85000,65000,150000,M302,37.453746,-122.180709,57.8,57,54
UP,0317RS025,2017-03-11,8:30 AM,Obstruction,0,FLORISTON,CA,55,2,Day,Clear,Main,Freight Train,28,11185,0,11185,M404,39.376354,-120.023868,44.1,43.5,44.6
UP,0516RS013,2016-05-19,2:46 AM,Obstruction,0,ANDERSON,CA,73,4,Dark,Clear,Main,,0,0,0,10885,M402,40.450397,-122.300804,81.3,73.4,56.3
BNSF,SW0617103,2017-06-03,2:54 PM,Fire/violent rupture,0,TOPOCK,AZ,108,2,Day,Clear,Main,Freight Train,40,15000,0,15000,E04C,34.736329,-114.461306,90.4,95.5,98.4
ATK,138823,2015-08-15,6:51 PM,Hwy-rail crossing,0,SOLEDAD,CA,75,2,Day,Clear,Main,Passenger Train - Pulling,25,32144,0,32144,M302,36.446984,-121.361559,68,72.9,71
UP,0419ST064,2019-04-29,12:47 AM,Derailment,0,BLOOMINGTON,CA,61,4,Dark,Clear,Yard,Freight Train,0,36873,0,80414,H702,34.067588,-117.363647,64.7,60,60.2
SCRT,06172016,2016-06-17,7:44 AM,Hwy-rail crossing,0,RANCHO CORDOVA,CA,70,1,Dawn,Clear,Main,EMU,50,32023,0,32023,M303,38.572144,-121.33656,63.7,67.6,70.1
BNSF,CA0116108,2016-01-12,7:28 AM,Derailment,0,VERNON,CA,54,2,Day,Clear,Yard,Cut of cars,0,7504,0,14365,M404,34.010381,-118.196026,29.5,29,32.2
UP,1015RS001,2015-10-03,3:40 AM,Other (describe in narrative),0,OROVILLE,CA,55,4,Dark,Clear,Main,Freight Train,25,3493,919140,922633,E53C,39.724398,-121.469447,71.1,70.9,71.8
TSWS,8402019002,2019-04-24,2:10 PM,Derailment,0,LATHROP,CA,60,2,Day,Clear,Siding,Light loco(s),10,0,0,16550,H993,37.854149,-121.264326,69.8,75.3,74.3
ATK,159878,2019-07-01,5:20 PM,Obstruction,0,OAKLAND,CA,60,2,Day,Clear,Yard,Light loco(s),5,30672,0,30672,H021,37.8,-122.29,61.7,62.2,61.9
UP,0319ST075,2019-03-13,1:05 PM,Obstruction,0,CARPINTERIA,CA,60,2,Day,Clear,Main,,0,0,0,30742,M404,34.415807,-119.582505,58.8,55.6,57
BNSF,CA0116108,2016-01-12,7:28 AM,Derailment,0,VERNON,CA,54,2,Day,Clear,Yard,Yard/switching,10,6861,0,14365,M404,34.010381,-118.196026,29.5,29,32.2
UP,0815RS036,2015-08-25,10:26 AM,Fire/violent rupture,0,LOS MOLINOS,CA,84,2,Day,Clear,Main,Freight Train,45,16456,0,16456,E74L,40.028417,-122.120944,79.8,80.1,81.1
UP,0715RS010,2015-07-13,2:13 PM,Fire/violent rupture,0,ANTELOPE,CA,86,2,Day,Clear,Main,Freight Train,45,11647,0,11647,E74L,38.637558,-121.406524,73.5,75.1,74.2
BNSF,CA0615103,2015-06-10,1:11 PM,Side collision,0,BARSTOW,CA,90,2,Day,Clear,Yard,Single Car,0,21815,0,22815,H307,34.903588,-117.035981,83.2,80.5,80.2
UP,0515LA008,2015-05-12,12:05 PM,Derailment,0,GLAMIS,CA,90,2,Day,Clear,Main,Freight Train,47,11862,0,11862,E29C,33.09189,-115.215452,80.8,79.4,76.2
UP,0415RS021,2015-04-16,2:05 PM,Side collision,0,PIXLEY,CA,82,2,Day,Clear,Industry,Freight Train,50,6848,0,24129,H307,35.981377,-119.29694,56.6,63.1,66.2
BNSF,CA0415106,2015-04-07,6:00 PM,Derailment,0,ATWOOD,CA,62,3,Dusk,Cloudy,Main,Freight Train,48,187578,2883772,3071350,E62C,33.874172,-117.764055,59.8,57.4,58.9
UP,0316RS003,2016-03-03,6:08 PM,Hwy-rail crossing,0,BERKELEY,CA,62,3,Dusk,Cloudy,Main,,0,0,0,34667,M308,37.862908,-122.299505,59.5,61.2,62
BNSF,CA1216107,2016-12-14,5:35 PM,Other impacts,0,NEWBERRY SPRINGS,CA,60,2,Day,Clear,Yard,Freight Train,10,25868,1000,26868,H018,34.832263,-116.683041,59.5,56.2,57.5
ACEX,A03072016,2016-03-07,7:20 PM,Obstruction,0,SUNOL,CA,46,4,Dark,Rain,Main,Commuter Train - Pushing,40,2608512,0,2650471,M101,37.596406,-121.920091,55.1,50.2,49.6
BNSF,CA0616106,2016-06-16,3:00 PM,Derailment,0,STOCKTON,CA,89,2,Day,Clear,Yard,,0,0,0,30000,H210,37.907693,-121.175899,62.6,65.1,69.6
UP,0717RS019,2017-07-13,10:59 AM,Derailment,0,KINGSBURG,CA,85,2,Day,Clear,Industry,Freight Train,5,10013,1000,11013,H303,36.520999,-119.561242,83.7,84.4,84.9
SCAX,090319,2019-09-03,8:50 PM,Hwy-rail crossing,0,SIMI VALLEY,CA,80,4,Dark,Clear,Main,,0,0,0,20265,M304,34.233829,-118.670488,80.1,82.6,83.1
UP,1018LA003,2018-10-02,4:00 AM,Derailment,0,LONG BEACH,CA,72,1,Dawn,Cloudy,Yard,Light loco(s),7,18620,658,19278,S011,33.833282,-118.225775,76.5,72.7,70.7
BNSF,CA0218102,2018-02-05,2:00 PM,Other impacts,0,BARSTOW,CA,70,2,Day,Clear,Yard,Yard/switching,20,50695,0,50695,S016,34.901022,-117.046605,59.6,60.5,58.2
BNSF,CA0216105,2016-02-13,10:30 AM,Derailment,0,LONG BEACH,CA,66,2,Day,Clear,Main,Yard/switching,6,57849,0,192849,H403,33.78404,-118.235556,63.6,57.5,60.4
BNSF,CA0716104,2016-07-18,12:25 PM,Other impacts,0,HESPERIA,CA,101,2,Day,Clear,Main,Maint./inspect Car,9,100000,0,100250,H104,34.408868,-117.038113,72.5,72,74.1
ATK,141710,2016-03-28,1:31 PM,Hwy-rail crossing,0,WINTON,CA,63,2,Day,Clear,Main,Passenger Train - Pulling,69,25257,0,25257,M302,37.385524,-120.613509,60.4,53,50.6
BNSF,CA1017111,2017-10-17,2:00 PM,Other impacts,0,BARSTOW,CA,60,2,Day,Clear,Yard,Yard/switching,6,21139,0,21139,M411,34.898616,-117.046421,64.4,68.4,74
BNSF,CA1219114,2019-12-27,11:07 PM,Derailment,0,CARSON,CA,55,4,Dark,Cloudy,Yard,Freight Train,5,33750,11000,44750,H704,33.789223,-118.253504,50.4,52,52.7
BNSF,CA0319203,2019-03-13,9:00 AM,Hwy-rail crossing,0,POND,CA,49,2,Day,Clear,Main,Freight Train,50,10000,43795,53795,M302,35.717691,-119.330732,54.1,49.6,52.2
ATK,145419,2016-12-08,3:45 PM,Hwy-rail crossing,0,VENTURA,CA,60,2,Day,Clear,Main,Passenger Train - Pushing,79,26250,0,26400,M302,34.196557,-119.069767,54.6,57,59.9
UP,0917UT030,2017-09-25,4:20 PM,Derailment,0,BAKER,CA,70,2,Day,Clear,Main,Freight Train,68,379457,71876,451333,E34C,35.028037,-115.97045,64.3,65.6,68.3
UP,0115RS002,2015-01-05,5:55 PM,Derailment,0,SACRAMENTO,CA,46,4,Dark,Clear,Yard,Freight Train,9,81280,20064,101344,T221,38.710587,-121.331026,42.7,43.7,47.3
UP,0519ST005,2019-05-02,5:00 PM,Derailment,0,LOS ANGELES,CA,73,2,Day,Clear,Siding,Yard/switching,5,5000,13664,18664,H303,33.992682,-118.216636,60.7,61.1,62.7
PCMZ,E3094020,2018-04-20,5:52 AM,Fire/violent rupture,0,SAN JOSE,CA,55,1,Dawn,Clear,Main,Commuter Train - Pushing,0,12248,0,12248,E99C,37.311737,-121.88395,56.3,59.8,62.9
ACEX,A03122018,2018-03-12,6:06 AM,Obstruction,0,NEWARK,CA,50,4,Dark,Clear,Main,Commuter Train - Pulling,72,20617,0,20650,M402,37.499128,-121.993004,56.7,60.2,58.5
BNSF,CA0816120,2016-08-22,4:50 AM,Derailment,0,CITY OF COMMERCE,CA,63,1,Dawn,Clear,Yard,Freight Train,10,6539,0,30739,E09C,33.990951,-118.158823,70.7,71.2,71.7
BNSF,CA0316104,2016-03-08,5:15 PM,Derailment,0,VERNON,CA,71,2,Day,Clear,Yard,Freight Train,3,94881,0,145381,H503,33.999581,-118.191529,38.9,41.6,39.8
ATK,141994,2016-04-16,9:59 PM,Hwy-rail crossing,0,EMPIRE,CA,61,4,Dark,Clear,Main,Passenger Train - Pulling,70,18000,0,18000,M302,37.638275,-120.903555,61,63.8,68.2
UP,0315LA010,2015-03-14,7:35 PM,Other impacts,0,LOS ANGELES,CA,65,4,Dark,Clear,Yard,Light loco(s),0,44981,0,45820,H306,34.062919,-118.219428,74.7,77.1,78.1
BNSF,CA0716106,2016-07-13,6:00 PM,Derailment,0,FRESNO,CA,100,3,Dusk,Clear,Yard,Freight Train,4,18316,5000,23316,H503,36.708171,-119.76656,81.2,82.2,87.2
UP,0515LA006,2015-05-10,8:21 AM,Derailment,0,CALIENTE,CA,55,2,Day,Clear,Main,Freight Train,15,60165,7403,67568,H503,35.288989,-118.639987,55.3,62.6,63.3
BNSF,CA0915114,2015-09-24,4:40 AM,Derailment,0,BARSTOW,CA,70,4,Dark,Clear,Yard,Freight Train,5,18545,10000,28545,H704,34.902325,-117.017523,81.8,84.6,86.6
BNSF,CA1016107,2016-10-12,5:50 AM,Side collision,0,BARSTOW,CA,60,1,Dawn,Clear,Yard,Freight Train,7,123094,25000,180094,H307,34.902205,-117.037889,73.3,69.2,69.1
UP,1114RS028,2014-11-30,3:30 PM,Other impacts,0,ROSEVILLE,CA,49,2,Day,Cloudy,Yard,Single Car,0,127,0,11749,M411,38.713912,-121.325783,53.5,52.9,54.6
BNSF,CA1018104,2018-10-05,2:35 AM,Derailment,0,LOS ANGELES,CA,70,4,Dark,Clear,Siding,Yard/switching,4,13000,11360,24360,H607,34.001883,-118.17367,69.7,69.1,69
UP,0919LA018,2019-09-17,1:09 AM,Derailment,0,LOS ANGELES,CA,70,4,Dark,Clear,Yard,Cut of cars,0,10666,0,102045,H306,34.013626,-118.200354,72.6,73.4,73.1
ATK,139765,2015-10-23,8:30 AM,Hwy-rail crossing,0,PLEASANT GROVE,CA,70,2,Day,Clear,Main,Passenger Train - Pulling,70,23052,0,23052,M303,38.794727,-121.500822,66.5,62.6,63.7
PHL,201604051,2016-04-05,1:00 PM,Side collision,0,LOS ANGELES,CA,78,2,Day,Clear,Yard,Yard/switching,8,68380,6906,75286,H702,33.741672,-118.235617,65.5,67.7,66.2
UP,0616RS003,2016-06-05,7:01 AM,Fire/violent rupture,0,ROSEVILLE,CA,66,1,Dawn,Clear,Yard,Light loco(s),0,82780,0,82780,E73L,38.748823,-121.288932,80.6,79.6,77.8
BNSF,CA0816204,2016-08-17,12:56 PM,Hwy-rail crossing,0,CORONA,CA,93,2,Day,Clear,Main,,0,0,0,27953,M308,33.878087,-117.542641,78.5,76.9,76.9
UP,0619LA005,2019-06-05,10:44 PM,Derailment,0,SAN BERNARDINO,CA,78,4,Dark,Clear,Main,Freight Train,0,29168,0,30168,M405,34.327738,-117.486272,66.9,70.2,70.6
UP,0116ST014,2016-01-20,4:05 PM,Fire/violent rupture,0,WELLTON,AZ,71,4,Dark,Clear,Main,Freight Train,10,93774,0,93774,M406,32.684581,-114.022193,59.9,62.2,62.8
UP,0816LA001,2016-08-01,5:57 AM,Hwy-rail crossing,0,HESPERIA,CA,71,1,Dawn,Clear,Main,Freight Train,5,0,61885,61885,M303,34.426578,-117.465886,74.9,72.8,72.2
ATK,136607,2015-03-10,4:40 AM,Hwy-rail crossing,0,DAVIS,CA,50,4,Dark,Clear,Main,Passenger Train - Pulling,79,15523,0,15523,M309,38.558079,-121.674421,58.3,58.4,59.1
ATK,140470,2015-12-19,8:10 PM,Obstruction,0,SANTA FE SPRINGS,CA,68,4,Dark,Clear,Main,Passenger Train - Pushing,43,11855,0,11855,M402,33.957112,-118.070281,55.6,54.1,52.8
UP,0218LA001,2018-02-01,12:21 AM,Derailment,0,BLOOMINGTON,CA,60,4,Dark,Clear,Yard,Freight Train,5,31565,50,31615,H522,34.067794,-117.35565,62.3,64.1,65.9
UP,1017RS015,2017-10-12,1:00 PM,Derailment,0,GALT,CA,75,2,Day,Clear,Main,Freight Train,53,223220,36588,259808,E44C,38.253882,-121.307051,61.8,60.4,58.7
BNSF,CA1019116,2019-10-17,1:15 AM,Derailment,0,NATIONAL CITY,CA,65,4,Dark,Clear,Industry,Yard/switching,9,191759,0,226421,H306,32.653065,-117.117197,67.8,67.6,66.8
PHL,20200331,2020-03-31,12:35 PM,Obstruction,0,LOS ANGELES,CA,75,2,Day,Clear,Industry,Freight Train,49,350000,9142,359142,H607,33.750186,-118.280764,62.2,65.5,65.1
UP,1115RS012,2015-11-10,12:50 PM,Hwy-rail crossing,0,KING CITY,CA,65,2,Day,Cloudy,Main,,0,0,93769,108487,M302,36.221673,-121.127838,51.5,49.9,49.6
BNSF,CA0815107,2015-08-14,9:52 AM,Derailment,0,CITY OF COMMERCE,CA,77,2,Day,Clear,Yard,Yard/switching,2,19504,500,20004,H307,33.996555,-118.18907,77.3,78.2,79.1
UP,0318RS023,2018-03-12,6:06 AM,Obstruction,0,FREMONT,CA,50,1,Dawn,Clear,Main,,0,0,33,20650,M402,37.499128,-121.993004,56.6,60.1,58.4
UP,0315LA003,2015-03-05,9:00 PM,Derailment,0,BLOOMINGTON,CA,65,4,Dark,Clear,Yard,Light loco(s),2,33363,660,34023,H303,34.064979,-117.38522,57.6,59.6,65
UP,1015RS002,2015-10-05,8:10 PM,Hwy-rail crossing,0,SALINAS,CA,65,4,Dark,Clear,Main,,0,0,93769,102850,M302,36.612584,-121.567414,62.6,62.3,64.2
UP,0124NC045,2024-01-13,9:05 PM,Hwy-rail crossing,0,OAKLAND,CA,55,4,Dark,Rain,Main,,0,0,0,18483,M302,37.734332,-122.177652,46.9,50.9,53.5
UP,1217LA028,2017-12-27,2:30 PM,Other (describe in narrative),0,CABAZON,CA,61,2,Day,Clear,Industry,Freight Train,1,28837,0,28837,M501,33.920211,-116.808108,49.6,52.4,53.7
UP,0618RS010,2018-06-06,5:58 PM,Hwy-rail crossing,0,ACAMPO,CA,80,2,Day,Clear,Main,,0,0,175379,176055,M303,38.160328,-121.272471,68.4,65,67
UP,1117LA017,2017-11-28,1:40 AM,Derailment,0,BLOOMINGTON,CA,55,4,Dark,Clear,Yard,Yard/switching,10,318,62152,62470,H303,34.065021,-117.383118,57.9,61.2,61.4
BNSF,CA0124120,2024-01-28,1:12 PM,Other (describe in narrative),0,COMMERCE,CA,65,2,Day,Clear,Main,Freight Train,6,0,29917,29917,H702,33.995389,-118.157099,64.5,65.9,65.6
UP,0124RM025,2024-01-29,11:17 AM,Derailment,0,NORTH LAS VEGAS,NV,63,2,Day,Clear,Siding,Yard/switching,5,17578,9352,26930,H307,36.331611,-114.925247,57.4,59.8,59
UP,1218NC029,2018-12-15,6:48 PM,Hwy-rail crossing,0,GONZALES,CA,58,4,Dark,Cloudy,Main,,0,0,675,10878,M302,36.523585,-121.466289,55.4,52,53.3
BNSF,CA0718110,2018-07-11,6:05 AM,Derailment,0,BAKERSFIELD,CA,85,1,Dawn,Clear,Yard,Yard/switching,4,4422,10000,14422,H607,35.371376,-119.024248,88.8,88.9,90.1
SMRT,053118,2018-05-31,3:20 PM,Hwy-rail crossing,0,SANTA ROSA,CA,74,2,Day,Clear,Main,DMU,77,500000,16000,516000,M302,38.38717,-122.72087,59.5,60.6,63
BNSF,CA0219110,2019-02-15,11:45 PM,Derailment,0,LOS ANGELES,CA,55,4,Dark,Clear,Yard,Yard/switching,11,40000,8000,48000,H607,34.011208,-118.203554,57,54.3,53.5
UP,0819LA022,2019-08-21,2:15 AM,Other (describe in narrative),0,GLAMIS,CA,89,4,Dark,Clear,Main,Freight Train,50,4025,22227,26252,E62C,32.998088,-115.07154,95.8,97.3,94.5
ATK,152308,2018-03-13,8:08 AM,Hwy-rail crossing,0,VACAVILLE,CA,57,2,Day,Rain,Main,Passenger Train - Pulling,73,12334,0,12631,M308,38.358896,-121.902001,58.7,57.5,50.4
BNSF,CA1016111,2016-10-16,5:00 AM,Other impacts,0,BARSTOW,CA,58,1,Dawn,Clear,Yard,Cut of cars,2,137902,0,137902,H316,34.897534,-117.049907,71.7,69.3,66.2
ATK,137643,2015-06-02,8:20 AM,Hwy-rail crossing,0,CORCORAN,CA,86,1,Dawn,Clear,Main,Passenger Train - Pulling,40,37919,0,38119,M302,36.19665,-119.628811,71.5,72.9,74.3
NSWS,121414JOB1,2014-12-14,3:58 PM,Derailment,0,MIRA LOMA,CA,72,2,Day,Cloudy,Yard,Yard/switching,5,3012,0,14472,H505,34.015361,-117.522918,52.7,51.7,53.2
UP,1019LA034,2019-10-26,2:15 AM,Derailment,0,LONG BEACH,CA,68,4,Dark,Clear,Yard,Yard/switching,3,12015,600,12615,H601,33.781218,-118.23467,80.3,71.4,66
UP,0416PD015,2016-04-29,4:49 PM,Derailment,0,DUNSMUIR,CA,50,2,Day,Cloudy,Main,Freight Train,8,346816,33,346849,H519,41.234597,-122.277806,51.5,50.8,51.8
UP,0119NC049,2019-01-27,4:10 AM,Obstruction,0,DIXON,CA,43,1,Dawn,Cloudy,Main,Freight Train,56,35498,1132,36630,M402,38.385899,-121.87803,47.7,53.5,52.8
UP,0716LA007,2016-07-10,3:50 AM,Fire/violent rupture,0,INDIO,CA,88,4,Dark,Clear,Main,Freight Train,46,18379,0,18379,E71L,33.799499,-116.378462,95.5,96.9,91.2
UP,0716LA011,2016-07-14,6:08 PM,Hwy-rail crossing,0,LOS ANGELES,CA,76,2,Day,Clear,Main,Freight Train,25,10000,40975,50975,M302,33.966941,-118.243387,71.5,70.8,69.9
BNSF,CA0515101,2015-05-04,1:35 AM,Derailment,0,BAKERSFIELD,CA,75,4,Dark,Clear,Yard,Freight Train,5,5000,15737,20737,H607,35.371438,-119.028694,75.9,70.7,69.6
UP,0519ST012,2019-05-05,2:30 AM,Derailment,0,FONTANA,CA,61,4,Dark,Cloudy,Yard,Yard/switching,3,38048,66445,104493,H702,34.065,-117.511321,64.7,62.6,61.2
BNSF,CA0616103,2016-06-13,9:15 PM,Derailment,0,COMMERCE,CA,65,4,Dark,Clear,Yard,Freight Train,10,11000,6000,17000,H607,34.000044,-118.170744,65.5,64.1,63.8
UP,0517LA006,2017-05-03,6:00 PM,Fire/violent rupture,0,RIVERSIDE,CA,82,2,Day,Clear,Yard,Light loco(s),0,51130,0,51130,E74L,34.066744,-117.3916,73.1,73.1,72.4
UP,0715RS002,2015-07-01,11:41 AM,Derailment,0,BENICIA,CA,89,2,Day,Clear,Yard,Yard/switching,7,21870,122471,144341,H503,38.069124,-122.132236,79,78.5,74.1
BNSF,CA0215106,2015-02-16,3:00 AM,Other impacts,0,BARSTOW,CA,44,4,Dark,Clear,Yard,Yard/switching,10,17940,0,17940,M411,34.903588,-117.035981,62.7,63.7,59.2
SCAX,022415,2015-02-24,5:45 AM,Obstruction,0,OXNARD,CA,46,4,Dark,Clear,Main,Commuter Train - Pushing,56,14000000,0,14154754,M402,34.207832,-119.129833,56.3,56.4,57.6
UP,1015LA002,2015-10-01,3:39 PM,Fire/violent rupture,0,VICTORVILLE,CA,81,2,Day,Cloudy,Main,Freight Train,20,12794,0,12794,E74L,34.329189,-117.433735,70.1,66.2,64.3
PHL,2019101501,2019-10-15,11:10 PM,Derailment,0,LOS ANGELES,CA,64,4,Dark,Clear,Yard,Freight Train,9,13910,6293,20203,H307,33.743204,-118.256174,67.3,69.3,73.5
BNSF,CA1022116,2022-10-25,10:30 AM,Derailment,0,BARSTOW,CA,70,2,Day,Clear,Yard,Yard/switching,5,32239,255336,287575,M411,34.900671,-117.042955,55.5,56.9,63.2
BNSF,CA0321112,2021-03-17,4:30 AM,Derailment,0,FULLERTON,CA,63,1,Dawn,Clear,Yard,Freight Train,7,15000,2500,17500,H704,33.868611,-117.928979,51.7,55,57.8
BNSF,CA0322106,2022-03-08,3:28 AM,Other impacts,0,CARSON,CA,60,4,Dark,Clear,Yard,Yard/switching,4,14565,0,14565,H318,33.789736,-118.253117,56.7,59.1,56.9
BNSF,CA0420105,2020-04-06,3:30 AM,Derailment,0,STOCKTON,CA,42,4,Dark,Cloudy,Yard,Yard/switching,3,14123,0,14123,H303,37.946526,-121.276721,53.6,50.4,53.4
UP,0919LA016,2019-09-13,10:00 PM,Derailment,0,LOS ANGELES,CA,81,4,Dark,Clear,Yard,Freight Train,4,636,46111,46747,H702,34.012608,-118.193895,74.2,77.9,79.9
UP,0719LA020,2019-07-28,1:02 AM,Derailment,0,LONG BEACH,CA,71,4,Dark,Clear,Yard,Freight Train,4,124743,4588,129331,M501,33.835631,-118.224894,77.9,73.1,71.9
NCTC,FY2013470,2020-04-02,4:55 PM,Hwy-rail crossing,0,OCEANSIDE,CA,65,2,Day,Clear,Main,,0,0,14234,38112,M307,33.173876,-117.364384,58.6,61.2,56.9
BNSF,CA0321102,2021-03-03,12:20 PM,Derailment,1,LUDLOW,CA,78,2,Day,Clear,Main,Freight Train,52,3574766,502871,4077637,H504,34.72398,-116.139336,51.1,49.3,51.5
SJVR,SJV509220D,2020-08-02,2:20 PM,Derailment,0,FRESNO,CA,100,2,Day,Clear,Siding,Freight Train,5,147399,17500,164899,E46C,36.722182,-119.782328,84,85.4,85.8
UP,0518LA022,2018-05-16,3:16 AM,Fire/violent rupture,0,SAN LUIS OBISPO,CA,51,4,Dark,Cloudy,Siding,Cut of cars,0,65280,0,65280,M501,35.262471,-120.645451,58.7,58.1,58.9
ATK,147404,2017-05-09,10:28 AM,Hwy-rail crossing,0,RICHMOND,CA,73,2,Day,Clear,Main,Passenger Train - Pulling,79,24242,0,24242,M308,37.925187,-122.338595,63,64.7,59.1
UP,0421LA034,2021-04-14,4:58 PM,Derailment,0,BEAUMONT,CA,59,2,Day,Clear,Main,Freight Train,2,2883,287420,290303,H702,33.935277,-116.997036,53.8,52.1,51.7
UP,1223LA024,2023-12-12,6:20 PM,Hwy-rail crossing,0,SOMIS,CA,50,3,Dusk,Clear,Main,,0,0,205334,230334,M308,34.265796,-118.974219,56,52.6,52.7
PCMZ,20170905A,2017-09-05,1:21 AM,Obstruction,0,REDWOOD CITY,CA,70,4,Dark,Clear,Main,Commuter Train - Pushing,76,92719,0,92719,M402,37.473183,-122.211378,74.8,74.3,69.5
BNSF,CA0921102,2021-09-05,1:45 AM,Derailment,0,CALIENTE,CA,70,4,Dark,Clear,Main,Freight Train,13,650000,0,1104556,E99L,35.263575,-118.595218,71.1,75.1,78.9
UP,0921NC034,2021-09-21,3:45 PM,Derailment,0,OAKLAND,CA,92,2,Day,Clear,Yard,Freight Train,4,15435,4033,19468,H518,37.813846,-122.302532,68.4,72.4,65.6
BNSF,CA0821201,2021-08-20,2:24 PM,Hwy-rail crossing,0,KNIGHTSEN,CA,80,2,Day,Clear,Main,,0,0,0,22410,M302,37.940007,-121.609876,68.5,67.4,65
UP,1121NC002,2021-11-05,2:20 AM,Derailment,0,BAKERSFIELD,CA,57,4,Dark,Clear,Yard,,0,0,9798,14798,H702,35.377507,-118.992765,63.4,62,59.2
UP,0822NC034,2022-08-28,4:08 AM,Obstruction,0,ROSEVILLE,CA,65,1,Dawn,Clear,Yard,Yard/switching,4,159,28150,28309,M404,38.739321,-121.298874,76.1,73.7,76
UP,0423NC001,2023-04-04,11:38 AM,Hwy-rail crossing,0,DIXON,CA,46,2,Day,Clear,Main,,0,0,132,54132,M302,38.495849,-121.780269,49.1,48.2,50.2